tile_id,seed_index,tile_path_id,h3_res,level,center_lat,center_lon,tile_size_m,geometry,children,checked,fetch_success,current,result_count
88194ad305fffff,0,0,8,0,51.51478336057267,-0.0900785103840407,531.415,"POLYGON ((-0.0888516893393572 51.519256348128906, -0.0955598473124525 51.51806520210215, -0.096786188182265 51.5135919619082, -0.0913051522289163 51.51031013513138, -0.0845980616945608 51.511501322590696, -0.0833709397865044 51.51597429537912, -0.0888516893393572 51.519256348128906))",7,True,True,True,232
88194ad32bfffff,1,1,8,0,51.50911848384184,-0.098012349914826,531.415,"POLYGON ((-0.096786188182265 51.5135919619082, -0.1034939729998741 51.51240009934899, -0.1047196545710628 51.50792636868545, -0.0992383325482904 51.50464476794492, -0.0925316149121113 51.50583667184678, -0.0913051522289163 51.51031013513138, -0.096786188182265 51.5135919619082))",7,True,True,True,102
88194ad329fffff,2,2,8,0,51.51687359215286,-0.1022681123540328,531.415,"POLYGON ((-0.1010420725954044 51.52134684705529, -0.1077509248597647 51.52015502574154, -0.1089764842827582 51.51568151824434, -0.1034939729998741 51.51240009934899, -0.096786188182265 51.5135919619082, -0.0955598473124525 51.51806520210215, -0.1010420725954044 51.52134684705529))",7,True,True,True,159
88194ad363fffff,3,3,8,0,51.52253820438197,-0.094333327267266,531.415,"POLYGON ((-0.0931066280085635 51.52701096870593, -0.0998158536858658 51.525819864014544, -0.1010420725954044 51.52134684705529, -0.0955598473124525 51.51806520210215, -0.0888516893393572 51.519256348128906, -0.0876246890567497 51.52372909775828, -0.0931066280085635 51.52701096870593))",7,True,True,True,95
88194ad307fffff,4,4,8,0,51.50702811194624,-0.0858250043784361,531.415,"POLYGON ((-0.0845980616945608 51.511501322590696, -0.0913051522289163 51.51031013513138, -0.0925316149121113 51.50583667184678, -0.0870517678762369 51.502554663487544, -0.0803457445152228 51.50374589247654, -0.0791185011283994 51.50821908827997, -0.0845980616945608 51.511501322590696))",7,True,True,True,227
88194ad30dfffff,5,5,8,0,51.52044703026977,-0.0821436386160947,531.415,"POLYGON ((-0.080916158145192 51.52491952722091, -0.0876246890567497 51.52372909775828, -0.0888516893393572 51.519256348128906, -0.0833709397865044 51.51597429537912, -0.0766634765709619 51.51716476636419, -0.0754356953239905 51.521637248561476, -0.080916158145192 51.52491952722091))",7,True,True,True,320
88194ad321fffff,7,7,8,0,51.51120777285839,-0.110201864655568,531.415,"POLYGON ((-0.1089764842827582 51.51568151824434, -0.1156849629172356 51.514488980339976, -0.1169098629679935 51.51001498239984, -0.111427066016315 51.50673378962552, -0.1047196545710628 51.50792636868545, -0.1034939729998741 51.51240009934899, -0.1089764842827582 51.51568151824434))",7,True,True,True,91
88194ad367fffff,9,9,8,0,51.524628295308254,-0.1065251863484836,531.415,"POLYGON ((-0.105299268710771 51.52910132690273, -0.112009188687221 51.52790954673722, -0.1132346258149748 51.52343626255041, -0.1077509248597647 51.52015502574154, -0.1010420725954044 51.52134684705529, -0.0998158536858658 51.525819864014544, -0.105299268710771 51.52910132690273))",7,True,True,True,135
88194ad36bfffff,11,11,8,0,51.52820160941911,-0.0863975094980112,531.415,"POLYGON ((-0.0851701506250179 51.53267388306964, -0.0918797494981939 51.53148349503227, -0.0931066280085635 51.52701096870593, -0.0876246890567497 51.52372909775828, -0.080916158145192 51.52491952722091, -0.0796884983356162 51.52939178619079, -0.0851701506250179 51.53267388306964))",7,True,True,True,161
88194ad32dfffff,12,12,8,0,51.518962740404085,-0.1144598838789397,531.415,"POLYGON ((-0.1132346258149748 51.52343626255041, -0.1199441719038596 51.52224376570438, -0.1211689494714793 51.51776999100632, -0.1156849629172356 51.514488980339976, -0.1089764842827582 51.51568151824434, -0.1077509248597647 51.52015502574154, -0.1132346258149748 51.52343626255041))",7,True,True,True,201
88194ad361fffff,16,16,8,0,51.53029264298886,-0.0985894555872544,531.415,"POLYGON ((-0.0973628782614289 51.53476518393656, -0.1040731719084791 51.53357412048326, -0.105299268710771 51.52910132690273, -0.0998158536858658 51.525819864014544, -0.0931066280085635 51.52701096870593, -0.0918797494981939 51.53148349503227, -0.0973628782614289 51.53476518393656))",7,True,True,True,41
88195da4dbfffff,22,22,8,0,51.52671730245562,-0.1187192153351205,531.415,"POLYGON ((-0.117494079727152 51.53119060121826, -0.1242046935356741 51.52999814533331, -0.1254293484729426 51.52552459402137, -0.1199441719038596 51.52224376570438, -0.1132346258149748 51.52343626255041, -0.112009188687221 51.52790954673722, -0.117494079727152 51.53119060121826))",7,True,True,True,107
88194ad365fffff,26,26,8,0,51.53238259292271,-0.1107835724575545,531.415,"POLYGON ((-0.1095577770878223 51.536855401065246, -0.1162687650417892 51.5356636619506, -0.117494079727152 51.53119060121826, -0.112009188687221 51.52790954673722, -0.105299268710771 51.52910132690273, -0.1040731719084791 51.53357412048326, -0.1095577770878223 51.536855401065246))",7,True,True,True,80
88194ad36dfffff,34,34,8,0,51.5380466760081,-0.1028468959034459,531.415,"POLYGON ((-0.1016204406575158 51.54251899343557, -0.1083318025398466 51.54132797112306, -0.1095577770878223 51.536855401065246, -0.1040731719084791 51.53357412048326, -0.0973628782614289 51.53476518393656, -0.096136121670239 51.539237486815885, -0.1016204406575158 51.54251899343557))",7,True,True,True,111
88195da4d9fffff,43,43,8,0,51.53447145862759,-0.1229798595837196,531.415,"POLYGON ((-0.1217548465789755 51.53894453386253, -0.1284665283724533 51.53775211884124, -0.1296910605320407 51.53327879105953, -0.1242046935356741 51.52999814533331, -0.117494079727152 51.53119060121826, -0.1162687650417892 51.5356636619506, -0.1217548465789755 51.53894453386253))",7,True,True,True,131
88195da4d1fffff,45,45,8,0,51.52880522523117,-0.1309154137015774,531.415,"POLYGON ((-0.1296910605320407 51.53327879105953, -0.1364023677051265 51.53208565920987, -0.1376262400432606 51.52761184087534, -0.1321395879191482 51.524331421397896, -0.1254293484729426 51.52552459402137, -0.1242046935356741 51.52999814533331, -0.1296910605320407 51.53327879105953))",7,True,True,True,107
88195da6b3fffff,52,52,8,0,51.540136484610926,-0.1150432712408887,531.415,"POLYGON ((-0.113817598286339 51.544609069157524, -0.1205296544832724 51.543417370996444, -0.1217548465789755 51.53894453386253, -0.1162687650417892 51.5356636619506, -0.1095577770878223 51.536855401065246, -0.1083318025398466 51.54132797112306, -0.113817598286339 51.544609069157524))",7,True,True,True,51
88195da4ddfffff,70,70,8,0,51.53655923951044,-0.135178316439656,531.415,"POLYGON ((-0.1339540862087436 51.54103258173532, -0.1406664613738423 51.53983949056208, -0.1418902105989005 51.535365895833536, -0.1364023677051265 51.53208565920987, -0.1296910605320407 51.53327879105953, -0.1284665283724533 51.53775211884124, -0.1339540862087436 51.54103258173532))",7,True,True,True,64
88195da6b7fffff,73,73,8,0,51.542225208534575,-0.1272418171846339,531.415,"POLYGON ((-0.1260169269304747 51.54669806009786, -0.1327296769742539 51.54550568584282, -0.1339540862087436 51.54103258173532, -0.1284665283724533 51.53775211884124, -0.1217548465789755 51.53894453386253, -0.1205296544832724 51.543417370996444, -0.1260169269304747 51.54669806009786))",0,True,True,True,16
88195da4d5fffff,75,75,8,0,51.53089206304201,-0.1431137809212822,531.415,"POLYGON ((-0.1418902105989005 51.535365895833536, -0.1486022106684861 51.534172087773996, -0.149825299998878 51.52969800251943, -0.14433717237912 51.52641799222921, -0.1376262400432606 51.52761184087534, -0.1364023677051265 51.53208565920987, -0.1418902105989005 51.535365895833536))",0,True,True,True,17
88195da48bfffff,87,87,8,0,51.5252236792563,-0.1510482105275247,531.415,"POLYGON ((-0.149825299998878 51.52969800251943, -0.1565369247562613 51.5285034776056, -0.1577593543068416 51.5240289019201, -0.1522709422925054 51.520749118026366, -0.1455603850105172 51.52194368343691, -0.14433717237912 51.52641799222921, -0.149825299998878 51.52969800251943))",7,True,True,True,22
88195da483fffff,102,102,8,0,51.51955408828049,-0.1589816051565317,531.415,"POLYGON ((-0.1577593543068416 51.5240289019201, -0.1644706035353745 51.52283366018414, -0.1656923734210318 51.51835859416285, -0.1602036773434338 51.51507903672859, -0.1534934953318697 51.516274318871396, -0.1522709422925054 51.520749118026366, -0.1577593543068416 51.5240289019201))",7,True,True,True,156
88195da4cbfffff,104,104,8,0,51.54431284718591,-0.1394425332080013,531.415,"POLYGON ((-0.138218426063232 51.548785965663335, -0.144931869485621 51.54759291506906, -0.1461554954499671 51.54311954409054, -0.1406664613738423 51.53983949056208, -0.1339540862087436 51.54103258173532, -0.1327296769742539 51.54550568584282, -0.138218426063232 51.548785965663335))",7,True,True,True,104
88195da4c3fffff,105,105,8,0,51.53864593497829,-0.14737894249822,531.415,"POLYGON ((-0.1461554954499671 51.54311954409054, -0.1528685635183636 51.541925776520124, -0.1540915294001036 51.537451914947354, -0.1486022106684861 51.534172087773996, -0.1418902105989005 51.535365895833536, -0.1406664613738423 51.53983949056208, -0.1461554954499671 51.54311954409054))",7,True,True,True,236
88195da489fffff,110,110,8,0,51.53297781529529,-0.1553143164666999,531.415,"POLYGON ((-0.1540915294001036 51.537451914947354, -0.1608042218977334 51.53625743043282, -0.1620265278117914 51.53178307836091, -0.1565369247562613 51.5285034776056, -0.149825299998878 51.52969800251943, -0.1486022106684861 51.534172087773996, -0.1540915294001036 51.537451914947354))",0,True,True,True,3
88195da481fffff,124,124,8,0,51.52730848826409,-0.1632486550116652,531.415,"POLYGON ((-0.1620265278117914 51.53178307836091, -0.1687388445220491 51.53058787693439, -0.1699604905834132 51.526113034458405, -0.1644706035353745 51.52283366018414, -0.1577593543068416 51.5240289019201, -0.1565369247562613 51.5285034776056, -0.1620265278117914 51.53178307836091))",0,True,True,True,16
88195da4b9fffff,127,127,8,0,51.51388329024197,-0.1669139647066641,531.415,"POLYGON ((-0.1656923734210318 51.51835859416285, -0.1724032469043167 51.51716263563697, -0.1736243572399628 51.51268707937511, -0.1681353774303506 51.50940774846331, -0.1614255709055847 51.51060374730617, -0.1602036773434338 51.51507903672859, -0.1656923734210318 51.51835859416285))",7,True,True,True,107
88195da4c7fffff,145,145,8,0,51.54073154443815,-0.1595817372313451,531.415,"POLYGON ((-0.1583590737745634 51.54520542033511, -0.1650728342774046 51.544010976122365, -0.1662950164071202 51.53953684780812, -0.1608042218977334 51.53625743043282, -0.1540915294001036 51.537451914947354, -0.1528685635183636 51.541925776520124, -0.1583590737745634 51.54520542033511))",0,True,True,True,7
88195da487fffff,146,146,8,0,51.521637954012,-0.1711819580314814,531.415,"POLYGON ((-0.1699604905834132 51.526113034458405, -0.1766724312897499 51.52491711615212, -0.1778934176134472 51.520441783367275, -0.1724032469043167 51.51716263563697, -0.1656923734210318 51.51835859416285, -0.1644706035353745 51.52283366018414, -0.1699604905834132 51.526113034458405))",7,True,True,True,121
88195da48dfffff,156,156,8,0,51.53506248139819,-0.1675170198093066,531.415,"POLYGON ((-0.1662950164071202 51.53953684780812, -0.173008400863829 51.538341686593554, -0.174229922953024 51.53386706780702, -0.1687388445220491 51.53058787693439, -0.1620265278117914 51.53178307836091, -0.1608042218977334 51.53625743043282, -0.1662950164071202 51.53953684780812))",7,True,True,True,22
88195da4b1fffff,159,159,8,0,51.50821128526821,-0.1748452890764441,531.415,"POLYGON ((-0.1736243572399628 51.51268707937511, -0.1803348547616844 51.511490404091674, -0.1815553056623055 51.50701435768453, -0.1760660424518169 51.503735253358116, -0.1693566116301104 51.504931968868675, -0.1681353774303506 51.50940774846331, -0.1736243572399628 51.51268707937511))",0,True,True,True,8
88195da485fffff,170,170,8,0,51.52939221097928,-0.1754512664156316,531.415,"POLYGON ((-0.174229922953024 51.53386706780702, -0.1809429311470381 51.532671189622874, -0.1821637933108035 51.52819608045923, -0.1766724312897499 51.52491711615212, -0.1699604905834132 51.526113034458405, -0.1687388445220491 51.53058787693439, -0.174229922953024 51.53386706780702))",0,True,True,True,17
88195da4bdfffff,173,173,8,0,51.515966212666505,-0.1791142254247419,531.415,"POLYGON ((-0.1778934176134472 51.520441783367275, -0.1846049820995649 51.51924514821354, -0.1858253088006302 51.51476932521506, -0.1803348547616844 51.511490404091674, -0.1736243572399628 51.51268707937511, -0.1724032469043167 51.51716263563697, -0.1778934176134472 51.520441783367275))",7,True,True,True,114
88195da4abfffff,193,193,8,0,51.52372073330888,-0.1833844769489541,531.415,"POLYGON ((-0.1821637933108035 51.52819608045923, -0.1888764250257401 51.52699948533778, -0.1900966273792566 51.522523885892255, -0.1846049820995649 51.51924514821354, -0.1778934176134472 51.520441783367275, -0.1766724312897499 51.52491711615212, -0.1821637933108035 51.52819608045923))",7,True,True,True,29
89194ad3043ffff,0,0-0,9,1,51.51478336057267,-0.09007851038400494,200.821,"POLYGON ((-0.0905110144038384 51.516530228430085, -0.0926027731057166 51.51555086960223, -0.0921702047470167 51.51380398033399, -0.0896460344278425 51.513036470491755, -0.0875543703038792 51.51401580879784, -0.0879867819215945 51.515762677466505, -0.0905110144038384 51.516530228430085))",7,True,True,,33
89194ad3047ffff,0,0-1,9,1,51.512268917908386,-0.08712198674341333,200.821,"POLYGON ((-0.0875543703038792 51.51401580879784, -0.0896460344278425 51.513036470491755, -0.0892135865325642 51.51128955819048, -0.0866896312374461 51.51052200480118, -0.0845980616945608 51.511501322590696, -0.0850303528661254 51.513248214284644, -0.0875543703038792 51.51401580879784))",7,True,True,,31
89194ad304bffff,0,0-2,9,1,51.51457144742812,-0.0946944977000979,200.821,"POLYGON ((-0.0951271584680785 51.516318335879575, -0.0972189132862157 51.51533887176723, -0.0967861881822599 51.51359196190818, -0.0942618650058352 51.512824536750884, -0.0921702047470167 51.51380398033399, -0.0926027731057166 51.51555086960223, -0.0951271584680785 51.516318335879575))",7,True,True,,47
89194ad304fffff,0,0-3,9,1,51.512057068842665,-0.09173766445566368,200.821,"POLYGON ((-0.0921702047470167 51.51380398033399, -0.0942618650058352 51.512824536750884, -0.0938292603825897 51.511077603851014, -0.0913051522289112 51.51031013513138, -0.0892135865325642 51.51128955819048, -0.0896460344278425 51.513036470491755, -0.0921702047470167 51.51380398033399))",7,True,True,,55
89194ad3053ffff,0,0-4,9,1,51.51750952391123,-0.08841922159917179,200.821,"POLYGON ((-0.0888516893393572 51.519256348128906, -0.0909435464899103 51.51827707406086, -0.0905110144038384 51.516530228430085, -0.0879867819215945 51.515762677466505, -0.0858950193644176 51.51674193101502, -0.0863273946965081 51.518488756045215, -0.0888516893393572 51.519256348128906))",7,True,True,,30
89194ad3057ffff,0,0-5,9,1,51.514995083760475,-0.08546267208853855,200.821,"POLYGON ((-0.0858950193644176 51.51674193101502, -0.0879867819215945 51.515762677466505, -0.0875543703038792 51.51401580879784, -0.0850303528661254 51.513248214284644, -0.0829386849055016 51.51422744731882, -0.0833709397865044 51.51597429537912, -0.0858950193644176 51.51674193101502))",7,True,True,,37
89194ad305bffff,0,0-6,9,1,51.51729773664426,-0.09303536953439723,200.821,"POLYGON ((-0.0934679940357799 51.51904458145701, -0.0955598473124525 51.51806520210215, -0.0951271584680785 51.516318335879575, -0.0926027731057166 51.51555086960223, -0.0905110144038384 51.516530228430085, -0.0909435464899103 51.51827707406086, -0.0934679940357799 51.51904458145701))",0,True,True,,4
89194ad32a3ffff,1,1-0,9,1,51.50911848384186,-0.09801234991483124,200.821,"POLYGON ((-0.0984450831919035 51.510865459553294, -0.1005366411096826 51.509885825939755, -0.1001038435106619 51.5081388288253, -0.097579644713492 51.50737148591179, -0.095488181324113 51.50835109899158, -0.0959208222038991 51.510098075517234, -0.0984450831919035 51.510865459553294))",0,True,True,,5
89194ad32a7ffff,1,1-1,9,1,51.50660410024996,-0.09505556851369483,200.821,"POLYGON ((-0.095488181324113 51.50835109899158, -0.097579644713492 51.50737148591179, -0.097146967585231 51.505624465766175, -0.0946229837699648 51.50485707929551, -0.0925316149121113 51.50583667184678, -0.0929641353384099 51.50758367139583, -0.095488181324113 51.50835109899158))",0,True,True,,17
89194ad32abffff,1,1-2,9,1,51.50890612898362,-0.1026281649042961,200.821,"POLYGON ((-0.1030610549078349 51.51065312527831, -0.1051526088936022 51.50967338637986, -0.1047196545710628 51.50792636868545, -0.1021953029866582 51.507159110468045, -0.1001038435106619 51.5081388288253, -0.1005366411096826 51.509885825939755, -0.1030610549078349 51.51065312527831))",0,True,True,,0
89194ad32afffff,1,1-3,9,1,51.50639180949266,-0.09967107399109476,200.821,"POLYGON ((-0.1001038435106619 51.5081388288253, -0.1021953029866582 51.507159110468045, -0.1017624691521584 51.50541206973466, -0.0992383325482904 51.50464476794492, -0.097146967585231 51.505624465766175, -0.097579644713492 51.50737148591179, -0.1001038435106619 51.5081388288253))",7,True,True,,21
89194ad32b3ffff,1,1-4,9,1,51.51184502982381,-0.09635349115569745,200.821,"POLYGON ((-0.0967861881822599 51.51359196190818, -0.0988778445474148 51.51261241304295, -0.0984450831919035 51.510865459553294, -0.0959208222038991 51.510098075517234, -0.0938292603825897 51.511077603851014, -0.0942618650058352 51.512824536750884, -0.0967861881822599 51.51359196190818))",7,True,True,,22
89194ad32b7ffff,1,1-5,9,1,51.509330648731606,-0.0933966838276813,200.821,"POLYGON ((-0.0938292603825897 51.511077603851014, -0.0959208222038991 51.510098075517234, -0.095488181324113 51.50835109899158, -0.0929641353384099 51.50758367139583, -0.0908726680641104 51.508563179203286, -0.0913051522289112 51.51031013513138, -0.0938292603825897 51.511077603851014))",0,True,True,,3
89194ad32bbffff,1,1-6,9,1,51.51163280083285,-0.10096946679086319,200.821,"POLYGON ((-0.1014023205568438 51.51337975350149, -0.1034939729998639 51.512400099348994, -0.1030610549078349 51.51065312527831, -0.1005366411096826 51.509885825939755, -0.0984450831919035 51.510865459553294, -0.0988778445474148 51.51261241304295, -0.1014023205568438 51.51337975350149))",0,True,True,,11
89194ad3283ffff,2,2-0,9,1,51.51687359215286,-0.10226811235404815,200.821,"POLYGON ((-0.102701050390584 51.51862047812936, -0.1047928958340051 51.51764088818553, -0.1043598934602671 51.51589398080572, -0.1018352024103518 51.51512668394252, -0.0997434515044833 51.51610625334443, -0.1001762971113976 51.51785314015003, -0.102701050390584 51.51862047812936))",0,True,True,,7
89194ad3287ffff,2,2-1,9,1,51.51435934430769,-0.09931063398404093,200.821,"POLYGON ((-0.0997434515044833 51.51610625334443, -0.1018352024103518 51.51512668394252, -0.1014023205568438 51.51337975350149, -0.0988778445474148 51.51261241304295, -0.0967861881822599 51.51359196190818, -0.0972189132862157 51.51533887176723, -0.0997434515044833 51.51610625334443))",7,True,True,,37
89194ad328bffff,2,2-2,9,1,51.5166612348904,-0.10688470713298817,200.821,"POLYGON ((-0.1073178019435295 51.51840814143557, -0.1094096434275666 51.517428446189584, -0.108976484282753 51.515681518244335, -0.1064516404253913 51.51491430610909, -0.1043598934602671 51.51589398080572, -0.1047928958340051 51.51764088818553, -0.1073178019435295 51.51840814143557))",0,True,True,,18
89194ad328fffff,2,2-3,9,1,51.51414705119249,-0.1039269191831362,200.821,"POLYGON ((-0.1043598934602671 51.51589398080572, -0.1064516404253913 51.51491430610909, -0.1060186018180871 51.51316735509481, -0.1034939729998639 51.512400099348994, -0.1014023205568438 51.51337975350149, -0.1018352024103518 51.51512668394252, -0.1043598934602671 51.51589398080572))",7,True,True,,30
89194ad3293ffff,2,2-4,9,1,51.51960000472135,-0.10060917080745523,200.821,"POLYGON ((-0.1010420725954044 51.52134684705529, -0.1031340165227233 51.520367341868884, -0.102701050390584 51.51862047812936, -0.1001762971113976 51.51785314015003, -0.0980844477370925 51.51883262479683, -0.098517257089386 51.52057946796111, -0.1010420725954044 51.52134684705529))",7,True,True,,34
89194ad3297ffff,2,2-5,9,1,51.5170857593978,-0.09765166647025092,200.821,"POLYGON ((-0.0980844477370925 51.51883262479683, -0.1001762971113976 51.51785314015003, -0.0997434515044833 51.51610625334443, -0.0972189132862157 51.51533887176723, -0.0951271584680785 51.516318335879575, -0.0955598473124525 51.51806520210215, -0.0980844477370925 51.51883262479683))",0,True,True,,5
89194ad329bffff,2,2-6,9,1,51.51938777332881,-0.10522592630702225,200.821,"POLYGON ((-0.1056589848819552 51.52113463623247, -0.1077509248597647 51.52015502574154, -0.1073178019435295 51.51840814143557, -0.1047928958340051 51.51764088818553, -0.102701050390584 51.51862047812936, -0.1031340165227233 51.520367341868884, -0.1056589848819552 51.52113463623247))",7,True,True,,21
89194ad3623ffff,3,3-0,9,1,51.52253820438197,-0.0943333272672558,200.821,"POLYGON ((-0.0947660360027722 51.52428498248799, -0.0968580823306975 51.52330566736531, -0.0964253092410578 51.52155886784814, -0.0939006466124888 51.520791404037276, -0.0918086948716784 51.521770698630036, -0.0922413111727201 51.52351747756218, -0.0947660360027722 51.52428498248799))",7,True,True,,20
89194ad3627ffff,3,3-1,9,1,51.5200238974619,-0.09137610664497202,200.821,"POLYGON ((-0.0918086948716784 51.521770698630036, -0.0939006466124888 51.520791404037276, -0.0934679940357799 51.51904458145701, -0.0909435464899103 51.51827707406086, -0.0888516893393572 51.519256348128906, -0.0892841851447998 51.52100315011635, -0.0918086948716784 51.521770698630036))",0,True,True,,9
89194ad362bffff,3,3-2,9,1,51.52232628888759,-0.09895009452982315,200.821,"POLYGON ((-0.0993829600610805 51.52407308757311, -0.101475002477881 51.52309366714869, -0.1010420725954044 51.52134684705529, -0.098517257089386 51.52057946796111, -0.0964253092410578 51.52155886784814, -0.0968580823306975 51.52330566736531, -0.0993829600610805 51.52407308757311))",0,True,True,,16
89194ad362fffff,3,3-3,9,1,51.51981204609273,-0.09599256423588534,200.821,"POLYGON ((-0.0964253092410578 51.52155886784814, -0.098517257089386 51.52057946796111, -0.0980844477370925 51.51883262479683, -0.0955598473124525 51.51806520210215, -0.0934679940357799 51.51904458145701, -0.0939006466124888 51.520791404037276, -0.0964253092410578 51.52155886784814))",0,True,True,,4
89194ad3633ffff,3,3-4,9,1,51.52526423425518,-0.09267395555081367,200.821,"POLYGON ((-0.0931066280085686 51.52701096870593, -0.0951987728216784 51.526031738352174, -0.0947660360027722 51.52428498248799, -0.0922413111727201 51.52351747756218, -0.0901492609621921 51.524496687388236, -0.0905818409795127 51.526243422666404, -0.0931066280085686 51.52701096870593))",7,True,True,,21
89194ad3637ffff,3,3-5,9,1,51.52274992987053,-0.08971670901817445,200.821,"POLYGON ((-0.0901492609621921 51.524496687388236, -0.0922413111727201 51.52351747756218, -0.0918086948716784 51.521770698630036, -0.0892841851447998 51.52100315011635, -0.0871922295399894 51.521982339419964, -0.0876246890567497 51.52372909775828, -0.0901492609621921 51.524496687388236))",0,True,True,,7
89194ad363bffff,3,3-6,9,1,51.525052444641105,-0.09729088350746022,200.821,"POLYGON ((-0.0977237127739817 51.526799199672354, -0.0998158536858556 51.52581986401453, -0.0993829600610805 51.52407308757311, -0.0968580823306975 51.52330566736531, -0.0947660360027722 51.52428498248799, -0.0951987728216784 51.526031738352174, -0.0977237127739817 51.526799199672354))",0,True,True,,11
89194ad3063ffff,4,4-0,9,1,51.507028111946234,-0.08582500437843614,200.821,"POLYGON ((-0.08625730378335 51.508775069479455, -0.0883487749140659 51.50779566693921, -0.0879164111854882 51.506048687995495, -0.0853927330199856 51.50528113220473, -0.0833013564580059 51.506260514231315, -0.083733563493192 51.508007472560905, -0.08625730378335 51.508775069479455))",0,True,True,,10
89194ad3067ffff,4,4-1,9,1,51.50451353369613,-0.0828691774629507,200.821,"POLYGON ((-0.0833013564580059 51.506260514231315, -0.0853927330199856 51.50528113220473, -0.0849604897053662 51.50353413025803, -0.082437026505308 51.5027665309584, -0.0803457445152023 51.50374589247656, -0.0807778311536964 51.50549287380136, -0.0833013564580059 51.506260514231315))",7,True,True,,40
89194ad306bffff,4,4-2,9,1,51.5068162010615,-0.09044021195858207,200.821,"POLYGON ((-0.0908726680641104 51.508563179203286, -0.0929641353384099 51.50758367139583, -0.0925316149121113 51.50583667184678, -0.0900077839096318 51.50506920070912, -0.0879164111854882 51.506048687995495, -0.0883487749140659 51.50779566693921, -0.0908726680641104 51.508563179203286))",7,True,True,,82
89194ad306fffff,4,4-3,9,1,51.5043016868439,-0.08748407550711483,200.821,"POLYGON ((-0.0879164111854882 51.506048687995495, -0.0900077839096318 51.50506920070912, -0.0895753839145963 51.503322178149304, -0.0870517678762267 51.50255466348756, -0.0849604897053662 51.50353413025803, -0.0853927330199856 51.50528113220473, -0.0879164111854882 51.506048687995495))",7,True,True,,36
89194ad3073ffff,4,4-4,9,1,51.50975440868176,-0.08416579857115102,200.821,"POLYGON ((-0.0845980616945608 51.511501322590696, -0.0866896312374461 51.51052200480118, -0.08625730378335 51.508775069479455, -0.083733563493192 51.508007472560905, -0.0816420885345089 51.508986769839034, -0.082074259282187 51.510733684545635, -0.0845980616945608 51.511501322590696))",7,True,True,,32
89194ad3077ffff,4,4-5,9,1,51.50723983292322,-0.08120994582589768,200.821,"POLYGON ((-0.0816420885345089 51.508986769839034, -0.083733563493192 51.508007472560905, -0.0833013564580059 51.506260514231315, -0.0807778311536964 51.50549287380136, -0.0786864507823566 51.5064721505733, -0.0791185011283994 51.50821908827997, -0.0816420885345089 51.508986769839034))",0,True,True,,3
89194ad307bffff,4,4-6,9,1,51.50954262367188,-0.0887811666955265,200.821,"POLYGON ((-0.0892135865325642 51.51128955819048, -0.0913051522289112 51.51031013513138, -0.0908726680641104 51.508563179203286, -0.0883487749140659 51.50779566693921, -0.08625730378335 51.508775069479455, -0.0866896312374461 51.51052200480118, -0.0892135865325642 51.51128955819048))",0,True,True,,4
89194ad30c3ffff,5,5-0,9,1,51.52044703026975,-0.08214363861608454,200.821,"POLYGON ((-0.0825759132987009 51.52219379023698, -0.0846678727390022 51.52121470621742, -0.0842355337005682 51.519467924831524, -0.0817113919849541 51.518700248074204, -0.0796195271721068 51.51967931158396, -0.0800517094478369 51.521426072359446, -0.0825759132987009 51.52219379023698))",7,True,True,,33
89194ad30c7ffff,5,5-1,9,1,51.51793252858279,-0.07918737294147103,200.821,"POLYGON ((-0.0796195271721068 51.51967931158396, -0.0817113919849541 51.518700248074204, -0.0812791734025591 51.516953443653385, -0.0787552467531745 51.51618572335905, -0.0766634765709466 51.51716476636419, -0.0770955384079174 51.51891155016686, -0.0796195271721068 51.51967931158396))",7,True,True,,70
89194ad30cbffff,5,5-2,9,1,51.52023555884791,-0.08675979808748924,200.821,"POLYGON ((-0.0871922295399894 51.521982339419964, -0.0892841851447998 51.52100315011635, -0.0888516893393572 51.519256348128906, -0.0863273946965081 51.518488756045215, -0.0842355337005682 51.519467924831524, -0.0846678727390022 51.52121470621742, -0.0871922295399894 51.521982339419964))",7,True,True,,20
89194ad30cfffff,5,5-3,9,1,51.517721121217754,-0.0838032227173072,200.821,"POLYGON ((-0.0842355337005682 51.519467924831524, -0.0863273946965081 51.518488756045215, -0.0858950193644176 51.51674193101502, -0.0833709397865044 51.51597429537912, -0.0812791734025591 51.516953443653385, -0.0817113919849541 51.518700248074204, -0.0842355337005682 51.519467924831524))",7,True,True,,48
89194ad30d3ffff,5,5-4,9,1,51.52317281090613,-0.0804839197712836,200.821,"POLYGON ((-0.080916158145192 51.52491952722091, -0.0830082160354461 51.52394052797269, -0.0825759132987009 51.52219379023698, -0.0800517094478369 51.521426072359446, -0.0779597462005397 51.52240505110009, -0.0783918921615473 51.524151768224435, -0.080916158145192 51.52491952722091))",7,True,True,,36
89194ad30d7ffff,5,5-5,9,1,51.520658311746544,-0.07752762828356094,200.821,"POLYGON ((-0.0779597462005397 51.52240505110009, -0.0800517094478369 51.521426072359446, -0.0796195271721068 51.51967931158396, -0.0770955384079174 51.51891155016686, -0.0750036698066895 51.51989050840515, -0.0754356953239905 51.521637248561476, -0.0779597462005397 51.52240505110009))",7,True,True,,63
89194ad30dbffff,5,5-6,9,1,51.52296146537223,-0.08510023983526806,200.821,"POLYGON ((-0.0855326349920759 51.52470820229288, -0.0876246890567497 51.52372909775828, -0.0871922295399894 51.521982339419964, -0.0846678727390022 51.52121470621742, -0.0825759132987009 51.52219379023698, -0.0830082160354461 51.52394052797269, -0.0855326349920759 51.52470820229288))",7,True,True,,36
89194ad3203ffff,7,7-0,9,1,51.51120777285842,-0.11020186465557319,200.821,"POLYGON ((-0.1106350319132334 51.512954766669225, -0.112726676426493 51.511974901926905, -0.1122934448486052 51.5102278867206, -0.1097687255029238 51.50946075681862, -0.1076771754776382 51.5104406010071, -0.1081102503104767 51.512187595649955, -0.1106350319132334 51.512954766669225))",0,True,True,,2
89194ad3207ffff,7,7-1,9,1,51.50869358413795,-0.10724412874344359,200.821,"POLYGON ((-0.1076771754776382 51.5104406010071, -0.1097687255029238 51.50946075681862, -0.1093356144525824 51.50771371855299, -0.1068111101051595 51.506946545045615, -0.1047196545710628 51.50792636868545, -0.1051526088936022 51.50967338637986, -0.1076771754776382 51.5104406010071))",0,True,True,,12
89194ad320bffff,7,7-2,9,1,51.51099497383694,-0.11481828677964907,200.821,"POLYGON ((-0.1152516107895486 51.512741988205654, -0.1173432512951748 51.51176201816077, -0.1169098629679986 51.51001498239986, -0.114384990884874 51.509247937237014, -0.1122934448486052 51.5102278867206, -0.112726676426493 51.511974901926905, -0.1152516107895486 51.512741988205654))",0,True,True,,9
89194ad320fffff,7,7-3,9,1,51.50848084928575,-0.11186024137943329,200.821,"POLYGON ((-0.1122934448486052 51.5102278867206, -0.114384990884874 51.509247937237014, -0.1139517231025095 51.50750087840897, -0.111427066016315 51.50673378962552, -0.1093356144525824 51.50771371855299, -0.1097687255029238 51.50946075681862, -0.1122934448486052 51.5102278867206))",0,True,True,,12
89194ad3213ffff,7,7-4,9,1,51.51393456806341,-0.108543353244631,200.821,"POLYGON ((-0.108976484282753 51.515681518244335, -0.1110682272785925 51.51470173824791, -0.1106350319132334 51.512954766669225, -0.1081102503104767 51.512187595649955, -0.1060186018180871 51.51316735509481, -0.1064516404253913 51.51491430610909, -0.108976484282753 51.515681518244335))",7,True,True,,25
89194ad3217ffff,7,7-5,9,1,51.511420381850684,-0.10558559130837791,200.821,"POLYGON ((-0.1060186018180871 51.51316735509481, -0.1081102503104767 51.512187595649955, -0.1076771754776382 51.5104406010071, -0.1051526088936022 51.50967338637986, -0.1030610549078349 51.51065312527831, -0.1034939729998639 51.512400099348994, -0.1060186018180871 51.51316735509481))",0,True,True,,4
89194ad321bffff,7,7-6,9,1,51.513721894901536,-0.11315993611576956,200.821,"POLYGON ((-0.1135932239191488 51.51546886564135, -0.1156849629172356 51.514488980339976, -0.1152516107895486 51.512741988205654, -0.112726676426493 51.511974901926905, -0.1106350319132334 51.512954766669225, -0.1110682272785925 51.51470173824791, -0.1135932239191488 51.51546886564135))",0,True,True,,14
89194ad3663ffff,9,9-0,9,1,51.524628295308275,-0.10652518634848876,200.821,"POLYGON ((-0.106958329245425 51.52637509147418, -0.1090504622692807 51.525395545192886, -0.1086172550199416 51.52364872762334, -0.106092071561553 51.522881476893296, -0.1040000330843931 51.52386100262456, -0.1044330835193093 51.52560779963444, -0.106958329245425 51.52637509147418))",0,True,True,,5
89194ad3667ffff,9,9-1,9,1,51.5221141833683,-0.10356701075308174,200.821,"POLYGON ((-0.1040000330843931 51.52386100262456, -0.106092071561553 51.522881476893296, -0.1056589848819552 51.52113463623247, -0.1031340165227233 51.520367341868884, -0.1010420725954044 51.52134684705529, -0.101475002477881 51.52309366714869, -0.1040000330843931 51.52386100262456))",7,True,True,,22
89194ad366bffff,9,9-2,9,1,51.52441593555147,-0.1111425611273538,200.821,"POLYGON ((-0.1115758608458856 51.526162752271546, -0.1136679898829615 51.52518310067085, -0.1132346258149748 51.52343626255041, -0.110709289528962 51.522669096580145, -0.1086172550199416 51.52364872762334, -0.1090504622692807 51.525395545192886, -0.1115758608458856 51.526162752271546))",7,True,True,,28
89194ad366fffff,9,9-3,9,1,51.52190188780518,-0.10818407588433586,200.821,"POLYGON ((-0.1086172550199416 51.52364872762334, -0.110709289528962 51.522669096580145, -0.1102760460479902 51.52092223536061, -0.1077509248597647 51.52015502574154, -0.1056589848819552 51.52113463623247, -0.106092071561553 51.522881476893296, -0.1086172550199416 51.52364872762334))",7,True,True,,41
89194ad3673ffff,9,9-4,9,1,51.527354574394884,-0.10486616206054943,200.821,"POLYGON ((-0.105299268710771 51.52910132690273, -0.1073915002550506 51.52812186538795, -0.106958329245425 51.52637509147418, -0.1044330835193093 51.52560779963444, -0.1023409465371872 51.526587240601444, -0.1027739607194025 51.52833399395453, -0.105299268710771 51.52910132690273))",0,True,True,,3
89194ad3677ffff,9,9-5,9,1,51.52484046499845,-0.10190796045759305,200.821,"POLYGON ((-0.1023409465371872 51.526587240601444, -0.1044330835193093 51.52560779963444, -0.1040000330843931 51.52386100262456, -0.101475002477881 51.52309366714869, -0.0993829600610805 51.52407308757311, -0.0998158536858556 51.52581986401453, -0.1023409465371872 51.526587240601444))",0,True,True,,8
89194ad367bffff,9,9-6,9,1,51.527142340510736,-0.10948369763499623,200.821,"POLYGON ((-0.1099169611198438 51.52888911357374, -0.1120091886872159 51.52790954673722, -0.1115758608458856 51.526162752271546, -0.1090504622692807 51.525395545192886, -0.106958329245425 51.52637509147418, -0.1073915002550506 51.52812186538795, -0.1099169611198438 51.52888911357374))",7,True,True,,26
89194ad36a3ffff,11,11-0,9,1,51.52820160941914,-0.08639750949801132,200.821,"POLYGON ((-0.0868299888524786 51.529948279618466, -0.0889222360192191 51.52896923933953, -0.0884896922936791 51.5272225477212, -0.0859650582121004 51.52645491697621, -0.0838729056820461 51.52743393673717, -0.0843052925972651 51.529180607759706, -0.0868299888524786 51.529948279618466))",7,True,True,,20
89194ad36a7ffff,11,11-1,9,1,51.5256872434738,-0.08344054682898432,200.821,"POLYGON ((-0.0838729056820461 51.52743393673717, -0.0859650582121004 51.52645491697621, -0.0855326349920759 51.52470820229288, -0.0830082160354461 51.52394052797269, -0.080916158145192 51.52491952722091, -0.0813484245721798 51.52666622130065, -0.0838729056820461 51.52743393673717))",7,True,True,,61
89194ad36abffff,11,11-2,9,1,51.527990135701884,-0.09101444907284278,200.821,"POLYGON ((-0.0914470852448172 51.52973682649155, -0.0935393285487224 51.528757680911305, -0.0931066280085686 51.52701096870593, -0.0905818409795127 51.526243422666404, -0.0884896922936791 51.5272225477212, -0.0889222360192191 51.52896923933953, -0.0914470852448172 51.52973682649155))",7,True,True,,23
89194ad36afffff,11,11-3,9,1,51.52547583385973,-0.08805717664038887,200.821,"POLYGON ((-0.0884896922936791 51.5272225477212, -0.0905818409795127 51.526243422666404, -0.0901492609621921 51.524496687388236, -0.0876246890567497 51.52372909775828, -0.0855326349920759 51.52470820229288, -0.0859650582121004 51.52645491697621, -0.0884896922936791 51.5272225477212))",7,True,True,,33
89194ad36b3ffff,11,11-4,9,1,51.530927256538206,-0.08473770757734184,200.821,"POLYGON ((-0.0851701506250077 51.53267388306965, -0.0872624962782289 51.53169492757116, -0.0868299888524786 51.529948279618466, -0.0843052925972651 51.529180607759706, -0.0822130415962028 51.530159542742474, -0.0826453921986126 51.53190617009833, -0.0851701506250077 51.53267388306965))",0,True,True,,4
89194ad36b7ffff,11,11-5,9,1,51.5284128931422,-0.08178071905495693,200.821,"POLYGON ((-0.0822130415962028 51.530159542742474, -0.0843052925972651 51.529180607759706, -0.0838729056820461 51.52743393673717, -0.0813484245721798 51.52666622130065, -0.0792562682264041 51.52764513577292, -0.0796884983356162 51.52939178619079, -0.0822130415962028 51.530159542742474))",7,True,True,,31
89194ad36bbffff,11,11-6,9,1,51.53071590871162,-0.0893548078197357,200.821,"POLYGON ((-0.089787407697915 51.532462555834385, -0.0918797494981837 51.531483495032276, -0.0914470852448172 51.52973682649155, -0.0889222360192191 51.52896923933953, -0.0868299888524786 51.529948279618466, -0.0872624962782289 51.53169492757116, -0.089787407697915 51.532462555834385))",0,True,True,,13
89194ad32c3ffff,12,12-0,9,1,51.518962740404106,-0.11445988387895005,200.821,"POLYGON ((-0.1148932560407092 51.52070964442079, -0.1169851880339484 51.51972982330556, -0.1165517515367386 51.51798289789307, -0.1140265398393041 51.51721581414324, -0.1119347023431753 51.518195614696474, -0.1123679820477608 51.51994251956011, -0.1148932560407092 51.52070964442079))",7,True,True,,24
89194ad32c7ffff,12,12-1,9,1,51.5164486875914,-0.11150145075437434,200.821,"POLYGON ((-0.1119347023431753 51.518195614696474, -0.1140265398393041 51.51721581414324, -0.1135932239191488 51.51546886564135, -0.1110682272785925 51.51470173824791, -0.108976484282753 51.515681518244335, -0.1094096434275666 51.517428446189584, -0.1119347023431753 51.518195614696474))",7,True,True,,25
89194ad32cbffff,12,12-2,9,1,51.51874993883389,-0.11907708584576485,200.821,"POLYGON ((-0.1195106148073494 51.52049686339393, -0.1216025427655304 51.519516936958915, -0.1211689494714793 51.51776999100632, -0.118643585016467 51.51700299202748, -0.1165517515367386 51.51798289789307, -0.1169851880339484 51.51972982330556, -0.1195106148073494 51.52049686339393))",7,True,True,,49
89194ad32cfffff,12,12-3,9,1,51.51623595023684,-0.11611834316542476,200.821,"POLYGON ((-0.1165517515367386 51.51798289789307, -0.118643585016467 51.51700299202748, -0.1182101123167248 51.51525602297771, -0.1156849629172356 51.514488980339976, -0.1135932239191488 51.51546886564135, -0.1140265398393041 51.51721581414324, -0.1165517515367386 51.51798289789307))",0,True,True,,10
89194ad32d3ffff,12,12-4,9,1,51.52168940217912,-0.1128012898707788,200.821,"POLYGON ((-0.1132346258149748 51.52343626255041, -0.1153266563273221 51.52245652619016, -0.1148932560407092 51.52070964442079, -0.1123679820477608 51.51994251956011, -0.1102760460479902 51.52092223536061, -0.110709289528962 51.522669096580145, -0.1132346258149748 51.52343626255041))",7,True,True,,33
89194ad32d7ffff,12,12-5,9,1,51.51917535189607,-0.10984283068176484,200.821,"POLYGON ((-0.1102760460479902 51.52092223536061, -0.1123679820477608 51.51994251956011, -0.1119347023431753 51.518195614696474, -0.1094096434275666 51.517428446189584, -0.1073178019435295 51.51840814143557, -0.1077509248597647 51.52015502574154, -0.1102760460479902 51.52092223536061))",7,True,True,,35
89194ad32dbffff,12,12-6,9,1,51.52147672647119,-0.11741865265970812,200.821,"POLYGON ((-0.1178521454166872 51.523223607386804, -0.1199441719038596 51.52224376570438, -0.1195106148073494 51.52049686339393, -0.1169851880339484 51.51972982330556, -0.1148932560407092 51.52070964442079, -0.1153266563273221 51.52245652619016, -0.1178521454166872 51.523223607386804))",7,True,True,,24
89194ad3603ffff,16,16-0,9,1,51.530292642988876,-0.09858945558726465,200.821,"POLYGON ((-0.0990223691393551 51.532039331267875, -0.1011147031481722 51.53106005984316, -0.1006817252267239 51.52931335015268, -0.0981565701330361 51.528545932456, -0.0960643307204886 51.52952518334262, -0.0964971518057513 51.53127187246261, -0.0990223691393551 51.532039331267875))",0,True,True,,2
89194ad3607ffff,16,16-1,9,1,51.52777847197143,-0.09563153772669165,200.821,"POLYGON ((-0.0960643307204886 51.52952518334262, -0.0981565701330361 51.528545932456, -0.0977237127739817 51.526799199672354, -0.0951987728216784 51.526031738352174, -0.0931066280085686 51.52701096870593, -0.0935393285487224 51.528757680911305, -0.0960643307204886 51.52952518334262))",0,True,True,,9
89194ad360bffff,16,16-2,9,1,51.53008072505462,-0.10320700300686574,200.821,"POLYGON ((-0.1036400734023523 51.53182743389857, -0.1057324034726628 51.530848057154884, -0.105299268710771 51.52910132690273, -0.1027739607194025 51.52833399395453, -0.1006817252267239 51.52931335015268, -0.1011147031481722 51.53106005984316, -0.1036400734023523 51.53182743389857))",0,True,True,,10
89194ad360fffff,16,16-3,9,1,51.52756661820877,-0.10024877540683061,200.821,"POLYGON ((-0.1006817252267239 51.52931335015268, -0.1027739607194025 51.52833399395453, -0.1023409465371872 51.526587240601444, -0.0998158536858556 51.52581986401453, -0.0977237127739817 51.526799199672354, -0.0981565701330361 51.528545932456, -0.1006817252267239 51.52931335015268))",0,True,True,,7
89194ad3613ffff,16,16-4,9,1,51.533018539328296,-0.09693000098516205,200.821,"POLYGON ((-0.0973628782614289 51.53476518393656, -0.0994553107919953 51.53378599728986, -0.0990223691393551 51.532039331267875, -0.0964971518057513 51.53127187246261, -0.0944048138869528 51.53225103857346, -0.094837598690383 51.533997684024, -0.0973628782614289 51.53476518393656))",0,True,True,,2
89194ad3617ffff,16,16-5,9,1,51.53050437086822,-0.09397205717397193,200.821,"POLYGON ((-0.0944048138869528 51.53225103857346, -0.0964971518057513 51.53127187246261, -0.0960643307204886 51.52952518334262, -0.0935393285487224 51.528757680911305, -0.0914470852448172 51.52973682649155, -0.0918797494981837 51.531483495032276, -0.0944048138869528 51.53225103857346))",0,True,True,,7
89194ad361bffff,16,16-6,9,1,51.53280674727707,-0.10154770917387909,200.821,"POLYGON ((-0.1019807433065328 51.534553412451245, -0.1040731719084638 51.533574120483266, -0.1036400734023523 51.53182743389857, -0.1011147031481722 51.53106005984316, -0.0990223691393551 51.532039331267875, -0.0994553107919953 51.53378599728986, -0.1019807433065328 51.534553412451245))",0,True,True,,1
89195da4da3ffff,22,22-0,9,1,51.52671730245562,-0.11871921533511538,200.821,"POLYGON ((-0.1191527925019508 51.52846411660254, -0.1212450120299111 51.52748433910721, -0.1208113705124497 51.52573750356417, -0.1182856663075911 51.52497046604935, -0.1161935412858326 51.52595022297454, -0.1166270259631102 51.527697037983295, -0.1191527925019508 51.52846411660254))",0,True,True,,1
89195da4da7ffff,22,22-1,9,1,51.52420338570915,-0.11576008474148365,200.821,"POLYGON ((-0.1161935412858326 51.52595022297454, -0.1182856663075911 51.52497046604935, -0.1178521454166872 51.523223607386804, -0.1153266563273221 51.52245652619016, -0.1132346258149748 51.52343626255041, -0.1136679898829615 51.52518310067085, -0.1161935412858326 51.52595022297454))",0,True,True,,10
89195da4dabffff,22,22-2,9,1,51.52650449824668,-0.12333719735517461,200.821,"POLYGON ((-0.1237709313693601 51.52825133292235, -0.125863146834844 51.52727145008993, -0.1254293484729426 51.52552459402137, -0.12290349149038 51.52475764130935, -0.1208113705124497 51.52573750356417, -0.1212450120299111 51.52748433910721, -0.1237709313693601 51.52825133292235))",7,True,True,,21
89195da4dafffff,22,22-3,9,1,51.52399064576218,-0.12037775713801152,200.821,"POLYGON ((-0.1208113705124497 51.52573750356417, -0.12290349149038 51.52475764130935, -0.1224698137723154 51.523010762113515, -0.1199441719038596 51.52224376570438, -0.1178521454166872 51.523223607386804, -0.1182856663075911 51.52497046604935, -0.1208113705124497 51.52573750356417))",0,True,True,,5
89195da4db3ffff,22,22-4,9,1,51.529443830732276,-0.11706053877600184,200.821,"POLYGON ((-0.1174940797271367 51.53119060121828, -0.119586397810778 51.530210908486985, -0.1191527925019508 51.52846411660254, -0.1166270259631102 51.527697037983295, -0.1145348024011629 51.5286767101467, -0.1149682508567731 51.530423481495816, -0.1174940797271367 51.53119060121828))",0,True,True,,13
89195da4db7ffff,22,22-5,9,1,51.52692991653733,-0.11410138207746943,200.821,"POLYGON ((-0.1145348024011629 51.5286767101467, -0.1166270259631102 51.527697037983295, -0.1161935412858326 51.52595022297454, -0.1136679898829615 51.52518310067085, -0.1115758608458856 51.526162752271546, -0.1120091886872159 51.52790954673722, -0.1145348024011629 51.5286767101467))",0,True,True,,1
89195da4dbbffff,22,22-6,9,1,51.52923115238818,-0.12167868169308689,200.821,"POLYGON ((-0.1221123795046635 51.53097794340399, -0.1242046935356741 51.52999814533331, -0.1237709313693601 51.52825133292235, -0.1212450120299111 51.52748433910721, -0.1191527925019508 51.52846411660254, -0.119586397810778 51.530210908486985, -0.1221123795046635 51.53097794340399))",7,True,True,,28
89194ad3643ffff,26,26-0,9,1,51.53238259292273,-0.11078357245757507,200.821,"POLYGON ((-0.1112169203158077 51.53412929920245, -0.113309340974917 51.53314979657646, -0.1128759287490365 51.5314030688928, -0.1103502527264615 51.53063586437878, -0.1082579266231868 51.53161534644654, -0.1086911819870505 51.53336205358514, -0.1112169203158077 51.53412929920245))",7,True,True,,22
89194ad3647ffff,26,26-1,9,1,51.52986861704644,-0.1078246993800646,200.821,"POLYGON ((-0.1082579266231868 51.53161534644654, -0.1103502527264615 51.53063586437878, -0.1099169611198438 51.52888911357374, -0.1073915002550506 51.52812186538795, -0.105299268710771 51.52910132690273, -0.1057324034726628 51.530848057154884, -0.1082579266231868 51.53161534644654))",0,True,True,,5
89194ad364bffff,26,26-2,9,1,51.5321702305816,-0.11540172744694946,200.821,"POLYGON ((-0.1158352321743775 51.533916957400905, -0.1179276488192621 51.53293734943828, -0.1174940797271367 51.53119060121828, -0.1149682508567731 51.530423481495816, -0.1128759287490365 51.5314030688928, -0.113309340974917 51.53314979657646, -0.1158352321743775 51.533916957400905))",0,True,True,,4
89194ad364fffff,26,26-3,9,1,51.529656318945335,-0.1124425446540294,200.821,"POLYGON ((-0.1128759287490365 51.5314030688928, -0.1149682508567731 51.530423481495816, -0.1145348024011629 51.5286767101467, -0.1120091886872159 51.52790954673722, -0.1099169611198438 51.52888911357374, -0.1103502527264615 51.53063586437878, -0.1128759287490365 51.5314030688928))",0,True,True,,1
89194ad3653ffff,26,26-4,9,1,51.53510873845906,-0.10912446547436569,200.821,"POLYGON ((-0.1095577770878121 51.53685540106524, -0.111650296303911 51.53587598321486, -0.1112169203158077 51.53412929920245, -0.1086911819870505 51.53336205358514, -0.1065987573422536 51.53434145087956, -0.107031976455326 51.536088114345844, -0.1095577770878121 51.53685540106524))",7,True,True,,23
89194ad3657ffff,26,26-5,9,1,51.532594765148204,-0.10616556634892893,200.821,"POLYGON ((-0.1065987573422536 51.53434145087956, -0.1086911819870505 51.53336205358514, -0.1082579266231868 51.53161534644654, -0.1057324034726628 51.530848057154884, -0.1036400734023523 51.53182743389857, -0.1040731719084638 51.533574120483266, -0.1065987573422536 51.53434145087956))",7,True,True,,24
89194ad365bffff,26,26-6,9,1,51.534896501993266,-0.11374278133434604,200.821,"POLYGON ((-0.1141762498300296 51.536643185139994, -0.1162687650417739 51.53566366195063, -0.1158352321743775 51.533916957400905, -0.113309340974917 51.53314979657646, -0.1112169203158077 51.53412929920245, -0.111650296303911 51.53587598321486, -0.1141762498300296 51.536643185139994))",0,True,True,,3
89194ad36c3ffff,34,34-0,9,1,51.5380466760081,-0.10284689590343059,200.821,"POLYGON ((-0.1032800143730681 51.539793274384486, -0.105372636117648 51.538814046650515, -0.1049394532634249 51.53706742686235, -0.1024138055488271 51.53630005536265, -0.1003212784096624 51.53727926255037, -0.100754304380092 51.53902586178265, -0.1032800143730681 51.539793274384486))",7,True,True,,38
89194ad36c7ffff,34,34-1,9,1,51.535532641051724,-0.09988828054787337,200.821,"POLYGON ((-0.1003212784096624 51.53727926255037, -0.1024138055488271 51.53630005536265, -0.1019807433065328 51.534553412451245, -0.0994553107919953 51.53378599728986, -0.0973628782614289 51.53476518393656, -0.0977957836372244 51.53651180628427, -0.1003212784096624 51.53727926255037))",0,True,True,,4
89194ad36cbffff,34,34-2,9,1,51.53783475554393,-0.10746522369079506,200.821,"POLYGON ((-0.1078984990514274 51.53958137447072, -0.1099911168301003 51.53860204140051, -0.1095577770878121 51.53685540106524, -0.107031976455326 51.536088114345844, -0.1049394532634249 51.53706742686235, -0.105372636117648 51.538814046650515, -0.1078984990514274 51.53958137447072))",0,True,True,,4
89194ad36cfffff,34,34-3,9,1,51.535320784805556,-0.10450629852793514,200.821,"POLYGON ((-0.1049394532634249 51.53706742686235, -0.107031976455326 51.536088114345844, -0.1065987573422536 51.53434145087956, -0.1040731719084638 51.533574120483266, -0.1019807433065328 51.534553412451245, -0.1024138055488271 51.53630005536265, -0.1049394532634249 51.53706742686235))",7,True,True,,46
89194ad36d3ffff,34,34-4,9,1,51.540772438745435,-0.10118735846181509,200.821,"POLYGON ((-0.1016204406575005 51.54251899343557, -0.1037131609603933 51.54153985048872, -0.1032800143730681 51.539793274384486, -0.100754304380092 51.53902586178265, -0.0986616786981284 51.54000498418551, -0.0990946683886038 51.541751539732815, -0.1016204406575005 51.54251899343557))",7,True,True,,21
89194ad36d7ffff,34,34-5,9,1,51.5382584063683,-0.0982287171152315,200.821,"POLYGON ((-0.0986616786981284 51.54000498418551, -0.100754304380092 51.53902586178265, -0.1003212784096624 51.53727926255037, -0.0977957836372244 51.53651180628427, -0.0957032525793358 51.53749090814832, -0.0961361216702186 51.53923748681591, -0.0986616786981284 51.54000498418551))",0,True,True,,6
89194ad36dbffff,34,34-6,9,1,51.540560644166966,-0.10580584709328905,200.821,"POLYGON ((-0.1062390861930122 51.54230721940847, -0.1083318025398466 51.54132797112306, -0.1078984990514274 51.53958137447072, -0.105372636117648 51.538814046650515, -0.1032800143730681 51.539793274384486, -0.1037131609603933 51.54153985048872, -0.1062390861930122 51.54230721940847))",0,True,True,,6
89195da4d83ffff,43,43-0,9,1,51.53447145862761,-0.12297985958372482,200.821,"POLYGON ((-0.1234136418566139 51.53621818282912, -0.125506148974083 51.53523844894641, -0.125072302335333 51.533491703348446, -0.1225461054672969 51.532724712151506, -0.1204536928651574 51.53370442545591, -0.120887382616108 51.535451150534136, -0.1234136418566139 51.53621818282912))",0,True,True,,18
89195da4d87ffff,43,43-1,9,1,51.531957678105805,-0.12002003126428305,200.821,"POLYGON ((-0.1204536928651574 51.53370442545591, -0.1225461054672969 51.532724712151506, -0.1221123795046635 51.53097794340399, -0.119586397810778 51.530210908486985, -0.1174940797271367 51.53119060121828, -0.1179276488192621 51.53293734943828, -0.1204536928651574 51.53370442545591))",7,True,True,,42
89195da4d8bffff,43,43-2,9,1,51.53425865168973,-0.12759862186746318,200.821,"POLYGON ((-0.128032561035324 51.53600539640544, -0.1301250640628293 51.535025557168424, -0.1296910605320407 51.53327879105953, -0.1271647108661878 51.53251188469717, -0.125072302335333 51.533491703348446, -0.125506148974083 51.53523844894641, -0.128032561035324 51.53600539640544))",0,True,True,,12
89195da4d8fffff,43,43-3,9,1,51.531744935476375,-0.12463848385676256,200.821,"POLYGON ((-0.125072302335333 51.533491703348446, -0.1271647108661878 51.53251188469717, -0.1267308280287692 51.53076509543098, -0.1242046935356741 51.52999814533331, -0.1221123795046635 51.53097794340399, -0.1225461054672969 51.532724712151506, -0.125072302335333 51.533491703348446))",7,True,True,,30
89195da4d93ffff,43,43-4,9,1,51.53719785333739,-0.1213211005198269,200.821,"POLYGON ((-0.1217548465789755 51.53894453386253, -0.1238474522886516 51.537964884752974, -0.1234136418566139 51.53621818282912, -0.120887382616108 51.535451150534136, -0.1187948714372289 51.53643077906763, -0.1192285249684329 51.53817746047076, -0.1217548465789755 51.53894453386253))",0,True,True,,9
89195da4d97ffff,43,43-5,9,1,51.5346840753891,-0.11836124605505384,200.821,"POLYGON ((-0.1187948714372289 51.53643077906763, -0.120887382616108 51.535451150534136, -0.1204536928651574 51.53370442545591, -0.1179276488192621 51.53293734943828, -0.1158352321743775 51.533916957400905, -0.1162687650417739 51.53566366195063, -0.1187948714372289 51.53643077906763))",0,True,True,,3
89195da4d9bffff,43,43-6,9,1,51.536985172267116,-0.12594002377567462,200.821,"POLYGON ((-0.126373926742857 51.53873187330748, -0.1284665283724482 51.537752118841254, -0.128032561035324 51.53600539640544, -0.125506148974083 51.53523844894641, -0.1234136418566139 51.53621818282912, -0.1238474522886516 51.537964884752974, -0.126373926742857 51.53873187330748))",7,True,True,,26
89195da4d03ffff,45,45-0,9,1,51.528805225231174,-0.13091541370156717,200.821,"POLYGON ((-0.1313494252466585 51.53055205728015, -0.1334417310868315 51.52957204851532, -0.1330076551928709 51.52782519507772, -0.1304814303250697 51.52705837091249, -0.1283892189506165 51.5280383590871, -0.1288231379786402 51.52978519201574, -0.1313494252466585 51.53055205728015))",7,True,True,,26
89195da4d07ffff,45,45-1,9,1,51.526291503891386,-0.12795532808479693,200.821,"POLYGON ((-0.1283892189506165 51.5280383590871, -0.1304814303250697 51.52705837091249, -0.1300474751144833 51.52531149432724, -0.1275214653784995 51.524544626431855, -0.1254293484729426 51.52552459402137, -0.125863146834844 51.52727145008993, -0.1283892189506165 51.5280383590871))",0,True,True,,19
89195da4d0bffff,45,45-2,9,1,51.52859197638022,-0.13553400268728874,200.821,"POLYGON ((-0.1359681711054871 51.53033882893259, -0.1380604728074151 51.52935871481302, -0.1376262400432606 51.52761184087534, -0.1350998624477607 51.52684510155589, -0.1330076551928709 51.52782519507772, -0.1334417310868315 51.52957204851532, -0.1359681711054871 51.53033882893259))",0,True,True,,12
89195da4d0fffff,45,45-3,9,1,51.52607831937088,-0.13257360747119046,200.821,"POLYGON ((-0.1330076551928709 51.52782519507772, -0.1350998624477607 51.52684510155589, -0.1346657503842604 51.52509820446271, -0.1321395879191482 51.524331421397896, -0.1300474751144833 51.52531149432724, -0.1304814303250697 51.52705837091249, -0.1330076551928709 51.52782519507772))",0,True,True,,8
89195da4d13ffff,45,45-4,9,1,51.531532002674275,-0.12925708517155576,200.821,"POLYGON ((-0.1296910605320407 51.53327879105953, -0.1317834649630727 51.5322988670563, -0.1313494252466585 51.53055205728015, -0.1288231379786402 51.52978519201574, -0.1267308280287692 51.53076509543098, -0.1271647108661878 51.53251188469717, -0.1296910605320407 51.53327879105953))",0,True,True,,7
89195da4d17ffff,45,45-5,9,1,51.52901828389416,-0.1262969733525657,200.821,"POLYGON ((-0.1267308280287692 51.53076509543098, -0.1288231379786402 51.52978519201574, -0.1283892189506165 51.5280383590871, -0.125863146834844 51.52727145008993, -0.1237709313693601 51.52825133292235, -0.1242046935356741 51.52999814533331, -0.1267308280287692 51.53076509543098))",7,True,True,,24
89195da4d1bffff,45,45-6,9,1,51.531318879680484,-0.13387583515578622,200.821,"POLYGON ((-0.1343099674024698 51.53306568857016, -0.1364023677051264 51.53208565920986, -0.1359681711054871 51.53033882893259, -0.1334417310868315 51.52957204851532, -0.1313494252466585 51.53055205728015, -0.1317834649630727 51.5322988670563, -0.1343099674024698 51.53306568857016))",0,True,True,,3
89195da6b23ffff,52,52-0,9,1,51.54013648461094,-0.11504327124090413,200.821,"POLYGON ((-0.1154768241614621 51.54188310092885, -0.1175695325106342 51.54090364195094, -0.1171359152072106 51.53915700422875, -0.1146097464646434 51.53838984601359, -0.1125171326804354 51.53936928442514, -0.1129505930742227 51.54111590161679, -0.1154768241614621 51.54188310092885))",7,True,True,,20
89195da6b27ffff,52,52-1,9,1,51.53762264495678,-0.11208370042453453,200.821,"POLYGON ((-0.1125171326804354 51.53936928442514, -0.1146097464646434 51.53838984601359, -0.1141762498300296 51.536643185139994, -0.111650296303911 51.53587598321486, -0.1095577770878121 51.53685540106524, -0.1099911168301003 51.53860204140051, -0.1125171326804354 51.53936928442514))",0,True,True,,1
89195da6b2bffff,52,52-2,9,1,51.539924119595334,-0.11966220665138343,200.821,"POLYGON ((-0.1200959164887573 51.54167075643828, -0.1221886207962667 51.54069119210644, -0.1217548465789755 51.53894453386253, -0.1192285249684329 51.53817746047076, -0.1171359152072106 51.53915700422875, -0.1175695325106342 51.54090364195094, -0.1200959164887573 51.54167075643828))",0,True,True,,7
89195da6b2fffff,52,52-3,9,1,51.53741034422761,-0.1167023260518194,200.821,"POLYGON ((-0.1171359152072106 51.53915700422875, -0.1192285249684329 51.53817746047076, -0.1187948714372289 51.53643077906763, -0.1162687650417739 51.53566366195063, -0.1141762498300296 51.536643185139994, -0.1146097464646434 51.53838984601359, -0.1171359152072106 51.53915700422875))",0,True,True,,8
89195da6b33ffff,52,52-4,9,1,51.54286249652862,-0.11338408160861305,200.821,"POLYGON ((-0.113817598286339 51.54460906915752, -0.1159104052290603 51.54362969496426, -0.1154768241614621 51.54188310092885, -0.1129505930742227 51.54111590161679, -0.1108578807119385 51.54209525524593, -0.1112913048568649 51.543841828749805, -0.113817598286339 51.54460906915752))",0,True,True,,12
89195da6b37ffff,52,52-5,9,1,51.54034865946178,-0.11042448470391561,200.821,"POLYGON ((-0.1108578807119385 51.54209525524593, -0.1129505930742227 51.54111590161679, -0.1125171326804354 51.53936928442514, -0.1099911168301003 51.53860204140051, -0.1078984990514274 51.53958137447072, -0.1083318025398466 51.54132797112306, -0.1108578807119385 51.54209525524593))",0,True,True,,2
89195da6b3bffff,52,52-6,9,1,51.542650257391045,-0.1180031779647819,200.821,"POLYGON ((-0.1184368515723409 51.54439685054594, -0.1205296544832724 51.54341737099645, -0.1200959164887573 51.54167075643828, -0.1175695325106342 51.54090364195094, -0.1154768241614621 51.54188310092885, -0.1159104052290603 51.54362969496426, -0.1184368515723409 51.54439685054594))",0,True,True,,14
89195da4dc3ffff,70,70-0,9,1,51.53655923951045,-0.1351783164396663,200.821,"POLYGON ((-0.1356125332355525 51.53830598155481, -0.1377051266193219 51.537326016359934, -0.1372708454593416 51.53557925292667, -0.1347441278295045 51.534812475181184, -0.1326516289205156 51.53579241977762, -0.1330857531669576 51.537539162716556, -0.1356125332355525 51.53830598155481))",0,True,True,,2
89195da4dc7ffff,70,70-1,9,1,51.534045654556515,-0.1322175328534724,200.821,"POLYGON ((-0.1326516289205156 51.53579241977762, -0.1347441278295045 51.534812475181184, -0.1343099674024698 51.53306568857016, -0.1317834649630727 51.5322988670563, -0.1296910605320407 51.53327879105953, -0.1301250640628293 51.535025557168424, -0.1326516289205156 51.53579241977762))",0,True,True,,1
89195da4dcbffff,70,70-2,9,1,51.53634598778603,-0.13979768574202833,200.821,"POLYGON ((-0.1402320594586444 51.53809275031919, -0.1423246486766591 51.537112679752354, -0.1418902105988852 51.535365895833536, -0.1393633402212782 51.53459920296569, -0.1372708454593416 51.53557925292667, -0.1377051266193219 51.537326016359934, -0.1402320594586444 51.53809275031919))",7,True,True,,46
89195da4dcfffff,70,70-3,9,1,51.53383246720894,-0.13683659248883454,200.821,"POLYGON ((-0.1372708454593416 51.53557925292667, -0.1393633402212782 51.53459920296569, -0.1389290228937293 51.53285239586133, -0.1364023677051264 51.53208565920986, -0.1343099674024698 51.53306568857016, -0.1347441278295045 51.534812475181184, -0.1372708454593416 51.53557925292667))",0,True,True,,9
89195da4dd3ffff,70,70-4,9,1,51.539285883370155,-0.1335199055954671,200.821,"POLYGON ((-0.1339540862087436 51.54103258173532, -0.1360467782199346 51.54005270131115, -0.1356125332355525 51.53830598155481, -0.1330857531669576 51.537539162716556, -0.1309931556460041 51.53851902254457, -0.1314272437037832 51.540265721805575, -0.1339540862087436 51.54103258173532))",0,True,True,,2
89195da4dd7ffff,70,70-5,9,1,51.536772300997804,-0.13055909576657393,200.821,"POLYGON ((-0.1309931556460041 51.53851902254457, -0.1330857531669576 51.537539162716556, -0.1326516289205156 51.53579241977762, -0.1301250640628293 51.535025557168424, -0.128032561035324 51.53600539640544, -0.1284665283724482 51.537752118841254, -0.1309931556460041 51.53851902254457))",0,True,True,,1
89195da4ddbffff,70,70-6,9,1,51.539072757505586,-0.13813943597147035,200.821,"POLYGON ((-0.1385737735185233 51.5408194763606, -0.1406664613738423 51.53983949056208, -0.1402320594586444 51.53809275031919, -0.1377051266193219 51.537326016359934, -0.1356125332355525 51.53830598155481, -0.1360467782199346 51.54005270131115, -0.1385737735185233 51.5408194763606))",0,True,True,,5
89195da48a3ffff,87,87-0,9,1,51.52522367925628,-0.1510482105275144,200.821,"POLYGON ((-0.1514828857148136 51.52697063691989, -0.1535750762060563 51.525990121958046, -0.1531403366887107 51.52424314292121, -0.1506135635502646 51.5234766993175, -0.1485214674344998 51.52445719365706, -0.148956050082086 51.52620415222118, -0.1514828857148136 51.52697063691989))",0,True,True,,0
89195da48a7ffff,87,87-1,9,1,51.522710212820435,-0.14808691299056154,200.821,"POLYGON ((-0.1485214674344998 51.52445719365706, -0.1506135635502646 51.5234766993175, -0.1501789447803374 51.52172969710666, -0.1476523867475501 51.52096320971445, -0.1455603850105172 51.52194368343691, -0.1459948469279082 51.52369066516725, -0.1485214674344998 51.52445719365706))",0,True,True,,1
89195da48abffff,87,87-2,9,1,51.52500954362463,-0.15566723240496194,200.821,"POLYGON ((-0.1561020644692078 51.52675652175542, -0.1581942506981713 51.525775901420864, -0.1577593543068365 51.5240289019201, -0.1552324285608881 51.5232625432164, -0.1531403366887107 51.52424314292121, -0.1535750762060563 51.525990121958046, -0.1561020644692078 51.52675652175542))",0,True,True,,0
89195da48afffff,87,87-3,9,1,51.52249614160959,-0.15270562538507368,200.821,"POLYGON ((-0.1531403366887107 51.52424314292121, -0.1552324285608881 51.5232625432164, -0.1547976529342229 51.52151552053383, -0.152270942292485 51.520749118026366, -0.1501789447803374 51.52172969710666, -0.1506135635502646 51.5234766993175, -0.1531403366887107 51.52424314292121))",0,True,True,,9
89195da48b3ffff,87,87-4,9,1,51.5279510885097,-0.14939066093598527,200.821,"POLYGON ((-0.1498252999988729 51.52969800251943, -0.1519175891148174 51.52871757230516, -0.1514828857148136 51.52697063691989, -0.148956050082086 51.52620415222118, -0.1468638553571109 51.5271845618154, -0.1472984018742929 51.528931476726925, -0.1498252999988729 51.52969800251943))",0,True,True,,0
89195da48b7ffff,87,87-5,9,1,51.52543762462778,-0.14642933704256647,200.821,"POLYGON ((-0.1468638553571109 51.5271845618154, -0.148956050082086 51.52620415222118, -0.1485214674344998 51.52445719365706, -0.1459948469279082 51.52369066516725, -0.1439027465971139 51.524671054146616, -0.14433717237912 51.52641799222921, -0.1468638553571109 51.5271845618154))",0,True,True,,2
89195da48bbffff,87,87-6,9,1,51.52773707871699,-0.15400984393981734,200.821,"POLYGON ((-0.1544446398927469 51.52948401319493, -0.156536924756251 51.5285034776056, -0.1561020644692078 51.52675652175542, -0.1535750762060563 51.525990121958046, -0.1514828857148136 51.52697063691989, -0.1519175891148174 51.52871757230516, -0.1544446398927469 51.52948401319493))",0,True,True,,1
89195da4823ffff,102,102-0,9,1,51.51955408828051,-0.1589816051565266,200.821,"POLYGON ((-0.1594165094192864 51.52130115369944, -0.1615084983960427 51.52032036388825, -0.161073529820238 51.51857327710392, -0.1585467291159189 51.517807000591226, -0.156454834465026 51.51878776976817, -0.156889646192953 51.520534836090626, -0.1594165094192864 51.52130115369944))",0,True,True,,15
89195da4827ffff,102,102-1,9,1,51.51704068117809,-0.15602005095282964,200.821,"POLYGON ((-0.156454834465026 51.51878776976817, -0.1585467291159189 51.517807000591226, -0.1581118812947357 51.51605989063471, -0.1555852956536728 51.515293570323465, -0.1534934953318697 51.516274318871396, -0.1539281863223997 51.51802140835821, -0.156454834465026 51.51878776976817))",0,True,True,,14
89195da482bffff,102,102-2,9,1,51.519339510709244,-0.16360045306487103,200.821,"POLYGON ((-0.1640355141826629 51.52108659658455, -0.1661274988489055 51.52010570140031, -0.1656923734210164 51.51835859416284, -0.1631654201793265 51.51759240256131, -0.161073529820238 51.51857327710392, -0.1615084983960427 51.52032036388825, -0.1640355141826629 51.52108659658455))",0,True,True,,11
89195da482fffff,102,102-3,9,1,51.516826168049626,-0.16063858947027415,200.821,"POLYGON ((-0.161073529820238 51.51857327710392, -0.1631654201793265 51.51759240256131, -0.1627304155233371 51.51584527214391, -0.1602036773434287 51.51507903672861, -0.1581118812947357 51.51605989063471, -0.1585467291159189 51.517807000591226, -0.161073529820238 51.51857327710392))",0,True,True,,5
89195da4833ffff,102,102-4,9,1,51.522281880142316,-0.15732448613931233,200.821,"POLYGON ((-0.1577593543068365 51.5240289019201, -0.1598514419068749 51.523048196844925, -0.1594165094192864 51.52130115369944, -0.156889646192953 51.520534836090626, -0.1547976529342229 51.52151552053383, -0.1552324285608881 51.5232625432164, -0.1577593543068365 51.5240289019201))",7,True,True,,39
89195da4837ffff,102,102-5,9,1,51.51976847558006,-0.15436290552230075,200.821,"POLYGON ((-0.1547976529342229 51.52151552053383, -0.156889646192953 51.520534836090626, -0.156454834465026 51.51878776976817, -0.1539281863223997 51.51802140835821, -0.1518362874082281 51.51900207217463, -0.152270942292485 51.520749118026366, -0.1547976529342229 51.52151552053383))",7,True,True,,52
89195da483bffff,102,102-6,9,1,51.52206742839959,-0.16194349520040088,200.821,"POLYGON ((-0.1623785202359947 51.523814470634754, -0.1644706035353745 51.52283366018414, -0.1640355141826629 51.52108659658455, -0.1615084983960427 51.52032036388825, -0.1594165094192864 51.52130115369944, -0.1598514419068749 51.523048196844925, -0.1623785202359947 51.523814470634754))",0,True,True,,14
89195da4ca3ffff,104,104-0,9,1,51.54431284718592,-0.1394425332080167,200.821,"POLYGON ((-0.1398769553558336 51.54605949915004, -0.1419698363379004 51.54507957751787, -0.1415353498107869 51.543332904164544, -0.1390081392631248 51.54256617292172, -0.1369153527648949 51.54354607394729, -0.1373496823308587 51.54529272682086, -0.1398769553558336 51.54605949915004))",0,True,True,,11
89195da4ca7ffff,104,104-1,9,1,51.541799398776334,-0.13648105139547168,200.821,"POLYGON ((-0.1369153527648949 51.54354607394729, -0.1390081392631248 51.54256617292172, -0.1385737735185233 51.5408194763606, -0.1360467782199346 51.54005270131115, -0.1339540862087436 51.54103258173532, -0.1343882950094614 51.54277925780892, -0.1369153527648949 51.54354607394729))",7,True,True,,26
89195da4cabffff,104,104-2,9,1,51.54409959249786,-0.144062683037541,200.821,"POLYGON ((-0.1444972621536745 51.5458462649362, -0.1465901389424685 51.5448662379148, -0.1461554954499671 51.54311954409054, -0.1436281321344417 51.54235289775718, -0.1415353498107869 51.543332904164544, -0.1419698363379004 51.54507957751787, -0.1444972621536745 51.5458462649362))",0,True,True,,18
89195da4cafffff,104,104-3,9,1,51.54158620851158,-0.14110089149032784,200.821,"POLYGON ((-0.1415353498107869 51.543332904164544, -0.1436281321344417 51.54235289775718, -0.1431936094417361 51.54060618071729, -0.1406664613738423 51.53983949056208, -0.1385737735185233 51.5408194763606, -0.1390081392631248 51.54256617292172, -0.1415353498107869 51.543332904164544))",0,True,True,,15
89195da4cb3ffff,104,104-4,9,1,51.547039357393906,-0.1377840400960536,200.821,"POLYGON ((-0.138218426063232 51.548785965663335, -0.1403114057093229 51.54780612881093, -0.1398769553558336 51.54605949915004, -0.1373496823308587 51.54529272682086, -0.1352567971840725 51.54627254306891, -0.1356910905633564 51.54801915224906, -0.138218426063232 51.548785965663335))",0,True,True,,0
89195da4cb7ffff,104,104-5,9,1,51.54452591158784,-0.13482253200037173,200.821,"POLYGON ((-0.1352567971840725 51.54627254306891, -0.1373496823308587 51.54529272682086, -0.1369153527648949 51.54354607394729, -0.1343882950094614 51.54277925780892, -0.1322955043652161 51.54375905345782, -0.1327296769742539 51.54550568584282, -0.1352567971840725 51.54627254306891))",0,True,True,,0
89195da4cbbffff,104,104-6,9,1,51.5468262285684,-0.14240435107437485,200.821,"POLYGON ((-0.1428388940229481 51.54857285731306, -0.1449318694856108 51.54759291506908, -0.1444972621536745 51.5458462649362, -0.1419698363379004 51.54507957751787, -0.1398769553558336 51.54605949915004, -0.1403114057093229 51.54780612881093, -0.1428388940229481 51.54857285731306))",0,True,True,,15
89195da4c23ffff,105,105-0,9,1,51.5386459349783,-0.14737894249823538,200.821,"POLYGON ((-0.1478135939254542 51.54039269478647, -0.1499062733833166 51.53941249822403, -0.1494715575938066 51.53766571703446, -0.1469443192860735 51.53689915287483, -0.1448517342623625 51.537879328818754, -0.1452862931126135 51.53962608953937, -0.1478135939254542 51.54039269478647))",0,True,True,,5
89195da4c27ffff,105,105-1,9,1,51.536132545805565,-0.1444172036208,200.821,"POLYGON ((-0.1448517342623625 51.537879328818754, -0.1469443192860735 51.53689915287483, -0.1465097242863232 51.53515234847928, -0.1439827011852246 51.53438574050295, -0.1418902105988852 51.535365895833536, -0.1423246486766591 51.537112679752354, -0.1448517342623625 51.537879328818754))",0,True,True,,8
89195da4c2bffff,105,105-2,9,1,51.53843223827749,-0.15199891854312392,200.821,"POLYGON ((-0.1524337269168024 51.540179018549125, -0.154526402133093 51.5391987165971, -0.1540915294000934 51.537451914947354, -0.1515641383946664 51.5366854357084, -0.1494715575938066 51.53766571703446, -0.1499062733833166 51.53941249822403, -0.1524337269168024 51.540179018549125))",0,True,True,,4
89195da4c2fffff,105,105-3,9,1,51.53591891355008,-0.1490368700231125,200.821,"POLYGON ((-0.1494715575938066 51.53766571703446, -0.1515641383946664 51.5366854357084, -0.1511293864687014 51.53493861084491, -0.1486022106684861 51.534172087773996, -0.1465097242863232 51.53515234847928, -0.1469443192860735 51.53689915287483, -0.1494715575938066 51.53766571703446))",0,True,True,,0
89195da4c33ffff,105,105-4,9,1,51.54137282796433,-0.14572088017425452,200.821,"POLYGON ((-0.1461554954499671 51.54311954409054, -0.1482482735704834 51.54213943229631, -0.1478135939254542 51.54039269478647, -0.1452862931126135 51.53962608953937, -0.1431936094417361 51.54060618071729, -0.1436281321344417 51.54235289775718, -0.1461554954499671 51.54311954409054))",7,True,True,,125
89195da4c37ffff,105,105-5,9,1,51.53885944138131,-0.1427591149567022,200.821,"POLYGON ((-0.1431936094417361 51.54060618071729, -0.1452862931126135 51.53962608953937, -0.1448517342623625 51.537879328818754, -0.1423246486766591 51.537112679752354, -0.1402320594586444 51.53809275031919, -0.1406664613738423 51.53983949056208, -0.1431936094417361 51.54060618071729))",7,True,True,,73
89195da4c3bffff,105,105-6,9,1,51.541159257115694,-0.1503410173943448,200.821,"POLYGON ((-0.1507757896295478 51.542905993706285, -0.1528685635183636 51.541925776520124, -0.1524337269168024 51.540179018549125, -0.1499062733833166 51.53941249822403, -0.1478135939254542 51.54039269478647, -0.1482482735704834 51.54213943229631, -0.1507757896295478 51.542905993706285))",0,True,True,,7
89195da4b83ffff,127,127-0,9,1,51.51388329024197,-0.16691396470665384,200.821,"POLYGON ((-0.1673490979647366 51.51563046338006, -0.169440885381594 51.51464939874234, -0.1690056878274806 51.51290220424668, -0.1664788596828253 51.51213609483838, -0.1643871665422056 51.513117138829955, -0.1648222072703794 51.514864312874536, -0.1673490979647366 51.51563046338006))",0,True,True,,9
89195da4b87ffff,127,127-1,9,1,51.51136994252258,-0.16395215404189567,200.821,"POLYGON ((-0.1643871665422056 51.513117138829955, -0.1664788596828253 51.51213609483838, -0.1660437828905228 51.510388877172446, -0.163517169766717 51.509622723955545, -0.1614255709055847 51.51060374730617, -0.1618604908891427 51.51235094451323, -0.1643871665422056 51.513117138829955))",0,True,True,,0
89195da4b8bffff,127,127-2,9,1,51.51366827074055,-0.17153263847491595,200.821,"POLYGON ((-0.1719679285660956 51.5154154643242, -0.17405971162422 51.51443429431307, -0.1736243572399475 51.51268707937513, -0.1710973766280636 51.511921054889136, -0.1690056878274806 51.51290220424668, -0.169440885381594 51.51464939874234, -0.1719679285660956 51.5154154643242))",0,True,True,,2
89195da4b8fffff,127,127-3,9,1,51.51115498748596,-0.16857051851128846,200.821,"POLYGON ((-0.1690056878274806 51.51290220424668, -0.1710973766280636 51.511921054889136, -0.1706621430228711 51.51017381677312, -0.1681353774303455 51.50940774846331, -0.1660437828905228 51.510388877172446, -0.1664788596828253 51.51213609483838, -0.1690056878274806 51.51290220424668))",0,True,True,,0
89195da4b93ffff,127,127-4,9,1,51.516611464653224,-0.16525727622909414,200.821,"POLYGON ((-0.1656923734210164 51.51835859416284, -0.1677842594597713 51.517377614249554, -0.1673490979647366 51.51563046338006, -0.1648222072703794 51.514864312874536, -0.1627304155233371 51.51584527214391, -0.1631654201793265 51.51759240256131, -0.1656923734210164 51.51835859416284))",7,True,True,,43
89195da4b97ffff,127,127-5,9,1,51.51409811946019,-0.1622954390941595,200.821,"POLYGON ((-0.1627304155233371 51.51584527214391, -0.1648222072703794 51.514864312874536, -0.1643871665422056 51.513117138829955, -0.1618604908891427 51.51235094451323, -0.1597687934370457 51.513331883143906, -0.1602036773434287 51.51507903672861, -0.1627304155233371 51.51584527214391))",7,True,True,,30
89195da4b9bffff,127,127-6,9,1,51.516396570969846,-0.1698761111763474,200.821,"POLYGON ((-0.1703113652144593 51.51814372092604, -0.1724032469043167 51.51716263563697, -0.1719679285660956 51.5154154643242, -0.169440885381594 51.51464939874234, -0.1673490979647366 51.51563046338006, -0.1677842594597713 51.517377614249554, -0.1703113652144593 51.51814372092604))",0,True,True,,18
89195da4863ffff,146,146-0,9,1,51.52163795401197,-0.17118195803146605,200.821,"POLYGON ((-0.1716172968157793 51.523385037135526, -0.1737093714281606 51.52240401591882, -0.1732739683326475 51.52065691143742, -0.1707466474985976 51.51989084860781, -0.1686546671714021 51.5208718491702, -0.1690899133934409 51.52261893321509, -0.1716172968157793 51.523385037135526))",7,True,True,,37
89195da4867ffff,146,146-1,9,1,51.51912474284732,-0.16821944919441517,200.821,"POLYGON ((-0.1686546671714021 51.5208718491702, -0.1707466474985976 51.51989084860781, -0.1703113652144593 51.51814372092604, -0.1677842594597713 51.517377614249554, -0.1656923734210164 51.51835859416284, -0.1661274988489055 51.52010570140031, -0.1686546671714021 51.5208718491702))",7,True,True,,36
89195da486bffff,146,146-2,9,1,51.521422931329234,-0.1758014116956319,200.821,"POLYGON ((-0.176236907360593 51.52317003488373, -0.1783289775866318 51.522188908276355, -0.1778934176134472 51.520441783367275, -0.1753659442922332 51.51967580549182, -0.1732739683326475 51.52065691143742, -0.1737093714281606 51.52240401591882, -0.176236907360593 51.52317003488373))",0,True,True,,8
89195da486fffff,146,146-3,9,1,51.51890978467576,-0.17283859349226258,200.821,"POLYGON ((-0.1732739683326475 51.52065691143742, -0.1753659442922332 51.51967580549182, -0.1749305051476561 51.51792865737456, -0.1724032469043167 51.51716263563697, -0.1703113652144593 51.51814372092604, -0.1707466474985976 51.51989084860781, -0.1732739683326475 51.52065691143742))",0,True,True,,13
89195da4873ffff,146,146-4,9,1,51.52436599497888,-0.1695251878631997,200.821,"POLYGON ((-0.169960490583403 51.526113034458405, -0.1720526638542313 51.525132097975224, -0.1716172968157793 51.523385037135526, -0.1690899133934409 51.52261893321509, -0.1669978344232891 51.5235998490462, -0.1674330445751601 51.52534688944839, -0.169960490583403 51.526113034458405))",0,True,True,,13
89195da4877ffff,146,146-5,9,1,51.52185278636248,-0.16656265251544905,200.821,"POLYGON ((-0.1669978344232891 51.5235998490462, -0.1690899133934409 51.52261893321509, -0.1686546671714021 51.5208718491702, -0.1661274988489055 51.52010570140031, -0.1640355141826629 51.52108659658455, -0.1644706035353745 51.52283366018414, -0.1669978344232891 51.5235998490462))",0,True,True,,6
89195da487bffff,146,146-6,9,1,51.52415109811684,-0.17414480278153194,200.821,"POLYGON ((-0.1745802623954155 51.52589815802834, -0.1766724312897499 51.52491711615212, -0.176236907360593 51.52317003488373, -0.1737093714281606 51.52240401591882, -0.1716172968157793 51.523385037135526, -0.1720526638542313 51.525132097975224, -0.1745802623954155 51.52589815802834))",7,True,True,,25
89195da48c3ffff,156,156-0,9,1,51.53506248139819,-0.16751701980929126,200.821,"POLYGON ((-0.1679523351386781 51.53680936667941, -0.1700448987624169 51.535828663773856, -0.1696095190896167 51.534081757126636, -0.167081732736451 51.533315573816274, -0.1649892634565573 51.53429625607125, -0.1654244861863366 51.53604314228575, -0.1679523351386781 51.53680936667941))",0,True,True,,3
89195da48c7ffff,156,156-1,9,1,51.53254934755872,-0.1645540689768726,200.821,"POLYGON ((-0.1649892634565573 51.53429625607125, -0.167081732736451 51.533315573816274, -0.1666464739174575 51.531568643936716, -0.1641189027446446 51.530802416751264, -0.1620265278117966 51.53178307836091, -0.1624616297050587 51.533529987799945, -0.1649892634565573 51.53429625607125))",0,True,True,,1
89195da48cbffff,156,156-2,9,1,51.53484789748291,-0.17213742803544826,200.821,"POLYGON ((-0.172572900314951 51.536594803191285, -0.174665459572987 51.535613994878176, -0.1742299229530086 51.53386706780702, -0.1717019840225589 51.533100969471505, -0.1696095190896167 51.534081757126636, -0.1700448987624169 51.535828663773856, -0.172572900314951 51.536594803191285))",0,True,True,,8
89195da48cfffff,156,156-3,9,1,51.53233482817911,-0.16917416767706936,200.821,"POLYGON ((-0.1696095190896167 51.534081757126636, -0.1717019840225589 51.533100969471505, -0.1712665682736077 51.53135401916023, -0.1687388445220338 51.5305878769344, -0.1666464739174575 51.531568643936716, -0.167081732736451 51.533315573816274, -0.1696095190896167 51.534081757126636))",0,True,True,,13
89195da48d3ffff,156,156-4,9,1,51.53779000619908,-0.1658597371689559,200.821,"POLYGON ((-0.1662950164071202 51.53953684780812, -0.168387678727286 51.538556229656734, -0.1679523351386781 51.53680936667941, -0.1654244861863366 51.53604314228575, -0.1633319182254669 51.537023739788815, -0.163767104858006 51.538770582332425, -0.1662950164071202 51.53953684780812))",0,True,True,,0
89195da48d7ffff,156,156-5,9,1,51.53527687494362,-0.16289675984207136,200.821,"POLYGON ((-0.1633319182254669 51.537023739788815, -0.1654244861863366 51.53604314228575, -0.1649892634565573 51.53429625607125, -0.1624616297050587 51.533529987799945, -0.1603691561067505 51.53451056465987, -0.1608042218977232 51.53625743043284, -0.1633319182254669 51.537023739788815))",0,True,True,,0
89195da48dbffff,156,156-6,9,1,51.53757554811762,-0.17048030669813427,200.821,"POLYGON ((-0.1709157428995156 51.53932241015488, -0.1730084008638188 51.538341686593554, -0.172572900314951 51.536594803191285, -0.1700448987624169 51.535828663773856, -0.1679523351386781 51.53680936667941, -0.168387678727286 51.538556229656734, -0.1709157428995156 51.53932241015488))",0,True,True,,0
89195da4bc3ffff,173,173-0,9,1,51.51596621266651,-0.17911422542473684,200.821,"POLYGON ((-0.1795497931676876 51.51771340348941, -0.1816416660741048 51.5167321074336, -0.1812060340369533 51.514984895260646, -0.1786786859453195 51.514218999567795, -0.1765869072744752 51.515200274957365, -0.1770223824600637 51.51694746670465, -0.1795497931676876 51.51771340348941))",0,True,True,,11
89195da4bc7ffff,173,173-1,9,1,51.51345306093694,-0.1761514603460022,200.821,"POLYGON ((-0.1765869072744752 51.515200274957365, -0.1786786859453195 51.514218999567795, -0.1782431747267409 51.512471764196334, -0.1757160416719764 51.51170582464656, -0.1736243572399475 51.51268707937513, -0.17405971162422 51.51443429431307, -0.1765869072744752 51.515200274957365))",7,True,True,,24
89195da4bcbffff,173,173-2,9,1,51.51575074800865,-0.1837335046199668,200.821,"POLYGON ((-0.1841692292216061 51.517497959251735, -0.1862610976934781 51.516516557804906, -0.18582530880062 51.51476932521509, -0.1832978082919924 51.51400351448751, -0.1812060340369533 51.514984895260646, -0.1816416660741048 51.5167321074336, -0.1841692292216061 51.517497959251735))",0,True,True,,0
89195da4bcfffff,173,173-3,9,1,51.5132376608123,-0.18077043026705847,200.821,"POLYGON ((-0.1812060340369533 51.514984895260646, -0.1832978082919924 51.51400351448751, -0.182862140234936 51.51225625869139, -0.1803348547616844 51.511490404091674, -0.1782431747267409 51.512471764196334, -0.1786786859453195 51.514218999567795, -0.1812060340369533 51.514984895260646))",0,True,True,,10
89195da4bd3ffff,173,173-4,9,1,51.51869463617564,-0.17745788590547237,200.821,"POLYGON ((-0.1778934176134472 51.520441783367275, -0.1799853891768616 51.51946057203336, -0.1795497931676876 51.51771340348941, -0.1770223824600637 51.51694746670465, -0.1749305051476561 51.51792865737456, -0.1753659442922332 51.51967580549182, -0.1778934176134472 51.520441783367275))",0,True,True,,16
89195da4bd7ffff,173,173-5,9,1,51.516181486980585,-0.17449509425922655,200.821,"POLYGON ((-0.1749305051476561 51.51792865737456, -0.1770223824600637 51.51694746670465, -0.1765869072744752 51.515200274957365, -0.17405971162422 51.51443429431307, -0.1719679285660956 51.5154154643242, -0.1724032469043167 51.51716263563697, -0.1749305051476561 51.51792865737456))",7,True,True,,53
89195da4bdbffff,173,173-6,9,1,51.51847929732803,-0.1820773263811723,200.821,"POLYGON ((-0.1825130149608512 51.5202264649408, -0.1846049820995445 51.519245148213564, -0.1841692292216061 51.517497959251735, -0.1816416660741048 51.5167321074336, -0.1795497931676876 51.51771340348941, -0.1799853891768616 51.51946057203336, -0.1825130149608512 51.5202264649408))",0,True,True,,14
89195da4aa3ffff,193,193-0,9,1,51.52372073330884,-0.18338447694894894,200.821,"POLYGON ((-0.1838202503627701 51.525467834057885, -0.1859124104184161 51.52448658138043, -0.1854765726952659 51.52273945928103, -0.1829487318158935 51.521973610268795, -0.1808566660047268 51.52295484227187, -0.181292346828809 51.52470194396018, -0.1838202503627701 51.525467834057885))",0,True,True,,5
89195da4aa7ffff,193,193-1,9,1,51.52120771829523,-0.1804210134549745,200.821,"POLYGON ((-0.1808566660047268 51.52295484227187, -0.1829487318158935 51.521973610268795, -0.1825130149608512 51.5202264649408, -0.1799853891768616 51.51946057203336, -0.1778934176134472 51.520441783367275, -0.1783289775866318 51.522188908276355, -0.1808566660047268 51.52295484227187))",0,True,True,,6
89195da4aabffff,193,193-2,9,1,51.523505265325035,-0.18800453609215734,200.821,"POLYGON ((-0.1884404664121729 51.525252386479636, -0.190532622005637 51.52427102839394, -0.1900966273792566 51.522523885892255, -0.1875686340629963 51.52175812187714, -0.1854765726952659 51.52273945928103, -0.1859124104184161 51.52448658138043, -0.1884404664121729 51.525252386479636))",0,True,True,,4
89195da4aafffff,193,193-3,9,1,51.520992314891004,-0.18504076325652377,200.821,"POLYGON ((-0.1854765726952659 51.52273945928103, -0.1875686340629963 51.52175812187714, -0.187132760321952 51.52001095613908, -0.1846049820995445 51.519245148213564, -0.1825130149608512 51.5202264649408, -0.1829487318158935 51.521973610268795, -0.1854765726952659 51.52273945928103))",0,True,True,,3
89195da4ab3ffff,193,193-4,9,1,51.52644902335702,-0.1817280559299376,200.821,"POLYGON ((-0.1821637933108035 51.52819608045923, -0.1842560520600329 51.52721491251276, -0.1838202503627701 51.525467834057885, -0.181292346828809 51.52470194396018, -0.1792001823395391 51.52568309123448, -0.1796358271246376 51.527430149277244, -0.1821637933108035 51.52819608045923))",0,True,True,,1
89195da4ab7ffff,193,193-5,9,1,51.52393601089982,-0.17876456582776737,200.821,"POLYGON ((-0.1792001823395391 51.52568309123448, -0.181292346828809 51.52470194396018, -0.1808566660047268 51.52295484227187, -0.1783289775866318 51.522188908276355, -0.176236907360593 51.52317003488373, -0.1766724312897499 51.52491711615212, -0.1792001823395391 51.52568309123448))",0,True,True,,7
89195da4abbffff,193,193-6,9,1,51.52623368118607,-0.186348276428717,200.821,"POLYGON ((-0.1867841707288861 51.527980758694866, -0.1888764250257401 51.52699948533778, -0.1884404664121729 51.525252386479636, -0.1859124104184161 51.52448658138043, -0.1838202503627701 51.525467834057885, -0.1842560520600329 51.52721491251276, -0.1867841707288861 51.527980758694866))",0,True,True,,0
8a194ad30407fff,0,0-0-0,10,2,51.51478336057269,-0.09007851038403053,75.864,"POLYGON ((-0.0899032612070979 51.51542237336038, -0.0908615041319908 51.51525220710747, -0.0910367435104173 51.5146131891638, -0.0902537559038212 51.514144342930194, -0.0892955347633994 51.51431451002865, -0.0891202794454348 51.51495352251508, -0.0899032612070979 51.51542237336038))",0,True,True,,5
8a194ad3040ffff,0,0-0-1,10,2,51.51367549268749,-0.08947078642416721,75.864,"POLYGON ((-0.0892955347633994 51.51431451002865, -0.0902537559038212 51.514144342930194, -0.0904289977665895 51.513505320433055, -0.0896460344278425 51.513036470491755, -0.0886878350711057 51.51320663843605, -0.0885125772697427 51.51384565547573, -0.0892955347633994 51.51431451002865))",0,True,True,,10
8a194ad30417fff,0,0-0-2,10,2,51.515082031387934,-0.09181974924425913,75.864,"POLYGON ((-0.0916445160076144 51.51572104963268, -0.0926027731057166 51.51555086960223, -0.0927779965433958 51.51491184620157, -0.0919949788240269 51.51444300828831, -0.0910367435104173 51.5146131891638, -0.0908615041319908 51.51525220710747, -0.0916445160076144 51.51572104963268))",0,True,True,,3
8a194ad3041ffff,0,0-0-3,10,2,51.51397416636536,-0.09121197923188143,75.864,"POLYGON ((-0.0910367435104173 51.5146131891638, -0.0919949788240269 51.51444300828831, -0.0921702047470167 51.51380398033399, -0.0913872112965026 51.51333513871227, -0.0904289977665895 51.513505320433055, -0.0902537559038212 51.514144342930194, -0.0910367435104173 51.5146131891638))",0,True,True,,7
8a194ad30427fff,0,0-0-4,10,2,51.51559253014669,-0.08894502047011303,75.864,"POLYGON ((-0.0887697578373912 51.51623153292331, -0.0897280083729241 51.51606138129312, -0.0899032612070979 51.51542237336038, -0.0891202794454348 51.51495352251508, -0.0881620506951219 51.515123674991074, -0.0879867819215945 51.515762677466505, -0.0887697578373912 51.51623153292331))",0,True,True,,1
8a194ad3042ffff,0,0-0-5,10,2,51.514484667660774,-0.0883373158111332,75.864,"POLYGON ((-0.0881620506951219 51.515123674991074, -0.0891202794454348 51.51495352251508, -0.0892955347633994 51.51431451002865, -0.0885125772697427 51.51384565547573, -0.0875543703038792 51.51401580879784, -0.0873790990475348 51.51465481582674, -0.0881620506951219 51.515123674991074))",0,True,True,,1
8a194ad30437fff,0,0-0-6,10,2,51.5158912201963,-0.09068626109650263,75.864,"POLYGON ((-0.0905110144038384 51.516530228430085, -0.0914692791139527 51.51636006302248, -0.0916445160076144 51.51572104963268, -0.0908615041319908 51.51525220710747, -0.0899032612070979 51.51542237336038, -0.0897280083729241 51.51606138129312, -0.0905110144038384 51.516530228430085))",0,True,True,,9
8a194ad30447fff,0,0-1-0,10,2,51.51226891790836,-0.08712198674340306,75.864,"POLYGON ((-0.0869467166620821 51.51290793434474, -0.0879049018442975 51.51273778017621, -0.0880801621285849 51.5120987585837, -0.0872972531674058 51.51162989661767, -0.086339089768078 51.511800051632854, -0.0861638135473841 51.51243906776735, -0.0869467166620821 51.51290793434474))",0,True,True,,2
8a194ad3044ffff,0,0-1-1,10,2,51.51116103064408,-0.08651436233140412,75.864,"POLYGON ((-0.086339089768078 51.511800051632854, -0.0872972531674058 51.51162989661767, -0.0874725159341946 51.51099087047275, -0.0866896312374461 51.51052200480118, -0.0857314896202608 51.510692160663325, -0.0855562109180239 51.51133118135002, -0.086339089768078 51.511800051632854))",0,True,True,,7
8a194ad30457fff,0,0-1-2,10,2,51.51256761654186,-0.08886308921528056,75.864,"POLYGON ((-0.0886878350711057 51.51320663843605, -0.0896460344278425 51.513036470491755, -0.0898212787745141 51.51239744344156, -0.0890383397023969 51.51192858979331, -0.0880801621285849 51.5120987585837, -0.0879049018442975 51.51273778017621, -0.0886878350711057 51.51320663843605))",0,True,True,,3
8a194ad3045ffff,0,0-1-3,10,2,51.51145973213691,-0.08825541875574881,75.864,"POLYGON ((-0.0880801621285849 51.5120987585837, -0.0890383397023969 51.51192858979331, -0.0892135865325642 51.51128955819048, -0.0884306717258781 51.510820700835914, -0.0874725159341946 51.51099087047275, -0.0872972531674058 51.51162989661767, -0.0880801621285849 51.5120987585837))",0,True,True,,5
8a194ad30467fff,0,0-1-4,10,2,51.5130780790475,-0.08598853366918223,75.864,"POLYGON ((-0.0858132501333887 51.51371708547313, -0.086771442923354 51.51354694592663, -0.0869467166620821 51.51290793434474, -0.0861638135473841 51.51243906776735, -0.0852056425410604 51.51260920816081, -0.0850303528661254 51.513248214284644, -0.0858132501333887 51.51371708547313))",0,True,True,,4
8a194ad3046ffff,0,0-1-5,10,2,51.51197019718256,-0.08538092855831834,75.864,"POLYGON ((-0.0852056425410604 51.51260920816081, -0.0861638135473841 51.51243906776735, -0.086339089768078 51.511800051632854, -0.0855562109180239 51.51133118135002, -0.0845980616945608 51.511501322590696, -0.0844227695386235 51.512140333266906, -0.0852056425410604 51.51260920816081))",0,True,True,,2
8a194ad30477fff,0,0-1-6,10,2,51.51337679691431,-0.08772963790276708,75.864,"POLYGON ((-0.0875543703038792 51.51401580879784, -0.0885125772697427 51.51384565547573, -0.0886878350711057 51.51320663843605, -0.0879049018442975 51.51273778017621, -0.0869467166620821 51.51290793434474, -0.086771442923354 51.51354694592663, -0.0875543703038792 51.51401580879784))",0,True,True,,8
8a194ad30487fff,0,0-2-0,10,2,51.514571447428104,-0.094694497700103,75.864,"POLYGON ((-0.094519293860823 51.51521048114027, -0.0954775575167517 51.51504027270856, -0.095652751556644 51.514401233840765, -0.09486969788306 51.51393240886122, -0.0939114560108756 51.51410261813712, -0.0937362460288632 51.51474165154834, -0.094519293860823 51.51521048114027))",0,True,True,,3
8a194ad3048ffff,0,0-2-1,10,2,51.513463579871264,-0.09408666233652035,75.864,"POLYGON ((-0.0939114560108756 51.51410261813712, -0.09486969788306 51.51393240886122, -0.0950448944097827 51.5132933654397, -0.0942618650058352 51.512824536750884, -0.0933036449166452 51.51299474687128, -0.093128432448761 51.51363378483599, -0.0939114560108756 51.51410261813712))",7,True,True,,22
8a194ad30497fff,0,0-2-2,10,2,51.514870054809556,-0.09643582335758116,75.864,"POLYGON ((-0.0962606354611762 51.51550909397812, -0.0972189132862157 51.51533887176723, -0.097394091382743 51.51469982744317, -0.0966110075978974 51.5142310107862, -0.095652751556644 51.514401233840765, -0.0954775575167517 51.51504027270856, -0.0962606354611762 51.51550909397812))",0,True,True,,11
8a194ad3049ffff,0,0-2-3,10,2,51.51376219011826,-0.09582794194036212,75.864,"POLYGON ((-0.095652751556644 51.514401233840765, -0.0966110075978974 51.5142310107862, -0.0967861881822599 51.51359196190818, -0.0960031286680358 51.51312314154119, -0.0950448944097827 51.5132933654397, -0.09486969788306 51.51393240886122, -0.095652751556644 51.514401233840765))",0,True,True,,8
8a194ad304a7fff,0,0-2-4,10,2,51.51538068010479,-0.093561032390297,75.864,"POLYGON ((-0.0933858150951188 51.516019703806336, -0.0943440863650952 51.51584950999758, -0.094519293860823 51.51521048114027, -0.0937362460288632 51.51474165154834, -0.0927779965433958 51.51491184620157, -0.0926027731057166 51.51555086960223, -0.0933858150951188 51.516019703806336))",0,True,True,,1
8a194ad304affff,0,0-2-5,10,2,51.51427281794613,-0.0929532163243725,75.864,"POLYGON ((-0.0927779965433958 51.51491184620157, -0.0937362460288632 51.51474165154834, -0.0939114560108756 51.51410261813712, -0.093128432448761 51.51363378483599, -0.0921702047470167 51.51380398033399, -0.0919949788240269 51.51444300828831, -0.0927779965433958 51.51491184620157))",0,True,True,,5
8a194ad304b7fff,0,0-2-6,10,2,51.51567930672152,-0.09530235982061153,75.864,"POLYGON ((-0.0951271584680785 51.516318335879575, -0.0960854439085529 51.51614812829178, -0.0962606354611762 51.51550909397812, -0.0954775575167517 51.51504027270856, -0.094519293860823 51.51521048114027, -0.0943440863650952 51.51584950999758, -0.0951271584680785 51.516318335879575))",0,True,True,,1
8a194ad304c7fff,0,0-3-0,10,2,51.512057068842665,-0.09173766445564323,75.864,"POLYGON ((-0.0915624397044004 51.51269610620464, -0.092520645623136 51.51252590986163, -0.092695860576484 51.51188686734384, -0.0919128855504018 51.51141802662638, -0.0909547014138584 51.51158822381473, -0.0907794705214809 51.51222726087519, -0.0915624397044004 51.51269610620464))",0,True,True,,11
8a194ad304cffff,0,0-3-1,10,2,51.51094918190011,-0.09112992864959968,75.864,"POLYGON ((-0.0909547014138584 51.51158822381473, -0.0919128855504018 51.51141802662638, -0.0920881029887548 51.51077897955595, -0.0913051522289112 51.51031013513138, -0.0903469898737587 51.51048033316535, -0.0901717564973756 51.51111937477821, -0.0909547014138584 51.51158822381473))",0,True,True,,1
8a194ad304d7fff,0,0-3-2,10,2,51.51235570405215,-0.09347885372818032,75.864,"POLYGON ((-0.0933036449166452 51.51299474687128, -0.0942618650058352 51.512824536750884, -0.0944370640189805 51.51218548877608, -0.0936540588834604 51.51171665637867, -0.092695860576484 51.51188686734384, -0.092520645623136 51.51252590986163, -0.0933036449166452 51.51299474687128))",7,True,True,,20
8a194ad304dffff,0,0-3-3,10,2,51.51124781997185,-0.09287107187351187,75.864,"POLYGON ((-0.092695860576484 51.51188686734384, -0.0936540588834604 51.51171665637867, -0.0938292603825897 51.511077603851014, -0.0930462795142983 51.51060876774572, -0.0920881029887548 51.51077897955595, -0.0919128855504018 51.51141802662638, -0.092695860576484 51.51188686734384))",0,True,True,,4
8a194ad304e7fff,0,0-3-4,10,2,51.512866293081345,-0.09060423597245496,75.864,"POLYGON ((-0.0904289977665895 51.513505320433055, -0.0913872112965026 51.51333513871227, -0.0915624397044004 51.51269610620464, -0.0907794705214809 51.51222726087519, -0.0898212787745141 51.51239744344156, -0.0896460344278425 51.513036470491755, -0.0904289977665895 51.513505320433055))",0,True,True,,0
8a194ad304effff,0,0-3-5,10,2,51.511758411537016,-0.08999651946432206,75.864,"POLYGON ((-0.0898212787745141 51.51239744344156, -0.0907794705214809 51.51222726087519, -0.0909547014138584 51.51158822381473, -0.0901717564973756 51.51111937477821, -0.0892135865325642 51.51128955819048, -0.0890383397023969 51.51192858979331, -0.0898212787745141 51.51239744344156))",0,True,True,,6
8a194ad304f7fff,0,0-3-6,10,2,51.51316494752505,-0.09234542701335852,75.864,"POLYGON ((-0.0921702047470167 51.51380398033399, -0.093128432448761 51.51363378483599, -0.0933036449166452 51.51299474687128, -0.092520645623136 51.51252590986163, -0.0915624397044004 51.51269610620464, -0.0913872112965026 51.51333513871227, -0.0921702047470167 51.51380398033399))",0,True,True,,11
8a194ad30507fff,0,0-4-0,10,2,51.517509523911244,-0.08841922159917184,75.864,"POLYGON ((-0.0882439479934812 51.51814851212227, -0.0892022279257559 51.517978375960695, -0.0893774917323446 51.51733938259341, -0.0885944915471138 51.51687053084487, -0.0876362334015842 51.517040667852264, -0.0874609536548777 51.517679655762365, -0.0882439479934812 51.51814851212227))",0,True,True,,12
8a194ad3050ffff,0,0-4-1,10,2,51.51640167508696,-0.08781150949045681,75.864,"POLYGON ((-0.0876362334015842 51.517040667852264, -0.0885944915471138 51.51687053084487, -0.0887697578373912 51.51623153292331, -0.0879867819215945 51.515762677466505, -0.0870285455620033 51.51593281532001, -0.0868532633326077 51.51657180778414, -0.0876362334015842 51.517040667852264))",0,True,True,,8
8a194ad30517fff,0,0-4-2,10,2,51.51780823033221,-0.09016051004649865,75.864,"POLYGON ((-0.089985252381635 51.51844722400025, -0.0909435464899103 51.51827707406086, -0.0911187943552176 51.51763807523671, -0.0903357640538633 51.51716923180876, -0.0893774917323446 51.51733938259341, -0.0892022279257559 51.517978375960695, -0.089985252381635 51.51844722400025))",0,True,True,,1
8a194ad3051ffff,0,0-4-3,10,2,51.51670038437085,-0.08955275188136935,75.864,"POLYGON ((-0.0893774917323446 51.51733938259341, -0.0903357640538633 51.51716923180876, -0.0905110144038384 51.516530228430085, -0.0897280083729241 51.51606138129312, -0.0887697578373912 51.51623153292331, -0.0885944915471138 51.51687053084487, -0.0893774917323446 51.51733938259341))",0,True,True,,4
8a194ad30527fff,0,0-4-4,10,2,51.518318638817085,-0.08728567025021763,75.864,"POLYGON ((-0.0871103831875151 51.518957617016326, -0.088068670729897 51.51878749547788, -0.0882439479934812 51.51814851212227, -0.0874609536548777 51.517679655762365, -0.0865026878999644 51.517849778146896, -0.0863273946965081 51.518488756045215, -0.0871103831875151 51.518957617016326))",0,True,True,,2
8a194ad3052ffff,0,0-4-5,10,2,51.51721079539316,-0.08667797744531833,75.864,"POLYGON ((-0.0865026878999644 51.517849778146896, -0.0874609536548777 51.517679655762365, -0.0876362334015842 51.517040667852264, -0.0868532633326077 51.51657180778414, -0.0858950193644176 51.51674193101502, -0.0857197236788079 51.517380913467626, -0.0865026878999644 51.517849778146896))",0,True,True,,6
8a194ad30537fff,0,0-4-6,10,2,51.51861736447255,-0.0890269604614479,75.864,"POLYGON ((-0.0888516893393572 51.519256348128906, -0.0898099910591426 51.519086212812816, -0.089985252381635 51.51844722400025, -0.0892022279257559 51.517978375960695, -0.0882439479934812 51.51814851212227, -0.088068670729897 51.51878749547788, -0.0888516893393572 51.519256348128906))",0,True,True,,2
8a194ad30547fff,0,0-5-0,10,2,51.51499508376044,-0.08546267208852319,75.864,"POLYGON ((-0.0852873775792273 51.515634075621875, -0.0862455997614753 51.51546395154437, -0.0864208844731625 51.514824954526574, -0.085637962939879 51.51435608704417, -0.084679762542787 51.514526211968565, -0.0845044618941496 51.51516520352844, -0.0852873775792273 51.515634075621875))",0,True,True,,7
8a194ad3054ffff,0,0-5-1,10,2,51.51388721555393,-0.08485505953340408,75.864,"POLYGON ((-0.084679762542787 51.514526211968565, -0.085637962939879 51.51435608704417, -0.0858132501333887 51.51371708547313, -0.0850303528661254 51.513248214284644, -0.084072174253434 51.51341834005625, -0.0838968711239376 51.51405733616914, -0.084679762542787 51.514526211968565))",0,True,True,,5
8a194ad30557fff,0,0-5-2,10,2,51.51529381800082,-0.08720382413361435,75.864,"POLYGON ((-0.0870285455620033 51.51593281532001, -0.0879867819215945 51.515762677466505, -0.0881620506951219 51.515123674991074, -0.0873790990475348 51.51465481582674, -0.0864208844731625 51.514824954526574, -0.0862455997614753 51.51546395154437, -0.0870285455620033 51.51593281532001))",0,True,True,,7
8a194ad3055ffff,0,0-5-3,10,2,51.51418595265396,-0.08659616552707365,75.864,"POLYGON ((-0.0864208844731625 51.514824954526574, -0.0873790990475348 51.51465481582674, -0.0875543703038792 51.51401580879784, -0.086771442923354 51.51354694592663, -0.0858132501333887 51.51371708547313, -0.085637962939879 51.51435608704417, -0.0864208844731625 51.514824954526574))",0,True,True,,8
8a194ad30567fff,0,0-5-4,10,2,51.51580419023342,-0.0843291575873979,75.864,"POLYGON ((-0.0841538496224072 51.51644317208337, -0.0851120794118974 51.516273062628315, -0.0852873775792273 51.515634075621875, -0.0845044618941496 51.51516520352844, -0.0835462538905847 51.51533531383069, -0.0833709397865044 51.51597429537912, -0.0841538496224072 51.51644317208337))",0,True,True,,1
8a194ad3056ffff,0,0-5-5,10,2,51.51469632742731,-0.08372156433635589,75.864,"POLYGON ((-0.0835462538905847 51.51533531383069, -0.0845044618941496 51.51516520352844, -0.084679762542787 51.514526211968565, -0.0838968711239376 51.51405733616914, -0.0829386849055016 51.51422744731882, -0.0827633683211029 51.51486643342045, -0.0835462538905847 51.51533531383069))",0,True,True,,10
8a194ad30577fff,0,0-5-6,10,2,51.51610294370725,-0.08607031139193358,75.864,"POLYGON ((-0.0858950193644176 51.51674193101502, -0.0868532633326077 51.51657180778414, -0.0870285455620033 51.51593281532001, -0.0862455997614753 51.51546395154437, -0.0852873775792273 51.515634075621875, -0.0851120794118974 51.516273062628315, -0.0858950193644176 51.51674193101502))",0,True,True,,0
8a194ad32ac7fff,1,1-3-0,10,2,51.50639180949265,-0.09967107399108453,75.864,"POLYGON ((-0.0994959434126123 51.507030916918936, -0.1004540960355977 51.506860618222724, -0.1006292168164255 51.50622150564151, -0.099846200915115 51.50575269721321, -0.0988880700690673 51.505922996752886, -0.0987129333477244 51.50656210387732, -0.0994959434126123 51.507030916918936))",0,True,True,,5
8a194ad32acffff,1,1-3-1,10,2,51.505283884775366,-0.09906320313587767,75.864,"POLYGON ((-0.0988880700690673 51.505922996752886, -0.099846200915115 51.50575269721321, -0.1000213241847822 51.50511358008076, -0.0992383325482904 51.50464476794492, -0.0982802234784053 51.50481506832835, -0.0981050842691917 51.50545418000382, -0.0988880700690673 51.505922996752886))",0,True,True,,6
8a194ad32ad7fff,1,1-3-2,10,2,51.50669031005991,-0.10141225084016876,75.864,"POLYGON ((-0.1012371362029152 51.50732942294279, -0.1021953029866582 51.507159110468045, -0.1023704078257727 51.50651999243034, -0.1015873618231844 51.50605119232385, -0.1006292168164255 51.50622150564151, -0.1004540960355977 51.506860618222724, -0.1012371362029152 51.50732942294279))",0,True,True,,7
8a194ad32adffff,1,1-3-3,10,2,51.50558238820717,-0.10080433394299108,75.864,"POLYGON ((-0.1006292168164255 51.50622150564151, -0.1015873618231844 51.50605119232385, -0.1017624691521584 51.50541206973466, -0.100979447415368 51.50494326591985, -0.1000213241847822 51.50511358008076, -0.099846200915115 51.50575269721321, -0.1006292168164255 51.50622150564151))",0,True,True,,3
8a194ad32ae7fff,1,1-3-4,10,2,51.50720120614857,-0.09853779297172441,75.864,"POLYGON ((-0.0983626489409937 51.50784030356647, -0.0993208091795582 51.50767001949189, -0.0994959434126123 51.507030916918936, -0.0987129333477244 51.50656210387732, -0.0977547948868469 51.50673238879564, -0.097579644713492 51.50737148591179, -0.0983626489409937 51.50784030356647))",0,True,True,,1
8a194ad32aeffff,1,1-3-5,10,2,51.5060932868263,-0.09792994140536512,75.864,"POLYGON ((-0.0977547948868469 51.50673238879564, -0.0987129333477244 51.50656210387732, -0.0988880700690673 51.505922996752886, -0.0981050842691917 51.50545418000382, -0.097146967585231 51.505624465766175, -0.096971814924556 51.50626356743352, -0.0977547948868469 51.50673238879564))",0,True,True,,0
8a194ad32af7fff,1,1-3-6,10,2,51.507499725950694,-0.10027897160037788,75.864,"POLYGON ((-0.1001038435106619 51.5081388288253, -0.1010620179113654 51.507968530972335, -0.1012371362029152 51.50732942294279, -0.1004540960355977 51.506860618222724, -0.0994959434126123 51.507030916918936, -0.0993208091795582 51.50767001949189, -0.1001038435106619 51.5081388288253))",0,True,True,,0
8a194ad32b07fff,1,1-4-0,10,2,51.511845029823824,-0.09635349115571284,75.864,"POLYGON ((-0.0961783117397796 51.51248408810969, -0.0971365383834893 51.51231384958868, -0.0973117080005801 51.51167478614743, -0.0965286669159246 51.51120596668377, -0.0955704620537055 51.51137620604874, -0.0953952764949936 51.512015264033344, -0.0961783117397796 51.51248408810969))",0,True,True,,1
8a194ad32b0ffff,1,1-4-1,10,2,51.51073714320999,-0.095745643956641,75.864,"POLYGON ((-0.0955704620537055 51.51137620604874, -0.0965286669159246 51.51120596668377, -0.0967038390205343 51.510566898689596, -0.0959208222038991 51.510098075517234, -0.0949626391223902 51.51026831572646, -0.0947874510771486 51.510907378263745, -0.0955704620537055 51.51137620604874))",0,True,True,,2
8a194ad32b17fff,1,1-4-2,10,2,51.51214360160059,-0.09809476721097742,75.864,"POLYGON ((-0.0979196037373946 51.512782665342925, -0.0988778445474148 51.51261241304295, -0.0990529982217113 51.51197334414533, -0.0982699270291191 51.51150453300401, -0.0973117080005801 51.51167478614743, -0.0971365383834893 51.51231384958868, -0.0979196037373946 51.512782665342925))",0,True,True,,3
8a194ad32b1ffff,1,1-4-3,10,2,51.511035717851975,-0.09748687396216463,75.864,"POLYGON ((-0.0973117080005801 51.51167478614743, -0.0982699270291191 51.51150453300401, -0.0984450831919035 51.510865459553294, -0.0976620362683318 51.510396644702496, -0.0967038390205343 51.510566898689596, -0.0965286669159246 51.51120596668377, -0.0973117080005801 51.51167478614743))",0,True,True,,0
8a194ad32b27fff,1,1-4-4,10,2,51.5126543171637,-0.09522008728039591,75.864,"POLYGON ((-0.0950448944097827 51.5132933654397, -0.0960031286680358 51.51312314154119, -0.0961783117397796 51.51248408810969, -0.0953952764949936 51.512015264033344, -0.0944370640189805 51.51218548877608, -0.0942618650058352 51.512824536750884, -0.0950448944097827 51.5132933654397))",0,True,True,,3
8a194ad32b2ffff,1,1-4-5,10,2,51.511546435947,-0.09461225937603995,75.864,"POLYGON ((-0.0944370640189805 51.51218548877608, -0.0953952764949936 51.512015264033344, -0.0955704620537055 51.51137620604874, -0.0947874510771486 51.510907378263745, -0.0938292603825897 51.511077603851014, -0.0936540588834604 51.51171665637867, -0.0944370640189805 51.51218548877608))",0,True,True,,4
8a194ad32b37fff,1,1-4-6,10,2,51.51295290817564,-0.0969613651107575,75.864,"POLYGON ((-0.0967861881822599 51.51359196190818, -0.0977444366082257 51.51342172423088, -0.0979196037373946 51.512782665342925, -0.0971365383834893 51.51231384958868, -0.0961783117397796 51.51248408810969, -0.0960031286680358 51.51312314154119, -0.0967861881822599 51.51359196190818))",0,True,True,,1
8a194ad32847fff,2,2-1-0,10,2,51.51435934430772,-0.09931063398403588,75.864,"POLYGON ((-0.0991354754876857 51.51499839894257, -0.1000937598630766 51.51482814832858, -0.1002689085591119 51.51418908853847, -0.0994857888248463 51.513720284818184, -0.0985275262325439 51.51389053627503, -0.0983523615917405 51.51452959060924, -0.0991354754876857 51.51499839894257))",0,True,True,,3
8a194ad3284ffff,2,2-1-1,10,2,51.51325147708622,-0.09870268721773222,75.864,"POLYGON ((-0.0985275262325439 51.51389053627503, -0.0994857888248463 51.513720284818184, -0.099660940010252 51.5130812204741, -0.0988778445474148 51.51261241304295, -0.0979196037373946 51.512782665342925, -0.0977444366082257 51.51342172423088, -0.0985275262325439 51.51389053627503))",0,True,True,,2
8a194ad32857fff,2,2-1-2,10,2,51.5146578882467,-0.10105204642082713,75.864,"POLYGON ((-0.1008769038699643 51.51529694833728, -0.1018352024103518 51.51512668394252, -0.1020103351604253 51.51448761869678, -0.1012271853164257 51.51401882330138, -0.1002689085591119 51.51418908853847, -0.1000937598630766 51.51482814832858, -0.1008769038699643 51.51529694833728))",0,True,True,,1
8a194ad3285ffff,2,2-1-3,10,2,51.51355002389371,-0.1004440535998126,75.864,"POLYGON ((-0.1002689085591119 51.51418908853847, -0.1012271853164257 51.51401882330138, -0.1014023205568438 51.51337975350149, -0.1006191949852473 51.51291095439442, -0.099660940010252 51.5130812204741, -0.0994857888248463 51.513720284818184, -0.1002689085591119 51.51418908853847))",0,True,True,,12
8a194ad32867fff,2,2-1-4,10,2,51.51516864008875,-0.0981771932952434,75.864,"POLYGON ((-0.0980020213429023 51.51580768471343, -0.0989603133356968 51.51563744872266, -0.0991354754876857 51.51499839894257, -0.0983523615917405 51.51452959060924, -0.097394091382743 51.51469982744317, -0.0972189132862157 51.51533887176723, -0.0980020213429023 51.51580768471343))",0,True,True,,10
8a194ad3286ffff,2,2-1-5,10,2,51.51406077826433,-0.0975692658233817,75.864,"POLYGON ((-0.097394091382743 51.51469982744317, -0.0983523615917405 51.51452959060924, -0.0985275262325439 51.51389053627503, -0.0977444366082257 51.51342172423088, -0.0967861881822599 51.51359196190818, -0.0966110075978974 51.5142310107862, -0.097394091382743 51.51469982744317))",0,True,True,,2
8a194ad32877fff,2,2-1-6,10,2,51.51546720326396,-0.09991860751156678,75.864,"POLYGON ((-0.0997434515044833 51.51610625334443, -0.1007017576636768 51.51593600357304, -0.1008769038699643 51.51529694833728, -0.1000937598630766 51.51482814832858, -0.0991354754876857 51.51499839894257, -0.0989603133356968 51.51563744872266, -0.0997434515044833 51.51610625334443))",0,True,True,,2
8a194ad328c7fff,2,2-3-0,10,2,51.514147051192495,-0.10392691918312086,75.864,"POLYGON ((-0.1037518060350067 51.51478612674827, -0.1047101111182091 51.514615833948554, -0.1048852144651327 51.51397675323789, -0.1041020286765148 51.5135079707821, -0.1031437453756572 51.513678264423305, -0.1029686260813895 51.51431733967874, -0.1037518060350067 51.51478612674827))",0,True,True,,9
8a194ad328cffff,2,2-3-1,10,2,51.51303918431334,-0.10331886101510365,75.864,"POLYGON ((-0.1031437453756572 51.513678264423305, -0.1041020286765148 51.5135079707821, -0.1042771345152673 51.51286888551722, -0.1034939729998639 51.512400099348994, -0.1025357114805858 51.512570393831965, -0.1023605896954636 51.51320947364138, -0.1031437453756572 51.513678264423305))",0,True,True,,2
8a194ad328d7fff,2,2-3-2,10,2,51.51444553168034,-0.10566841838131187,75.864,"POLYGON ((-0.1054933211812609 51.515084612691176, -0.1064516404253913 51.51491430610909, -0.1066267278237621 51.51427521994348, -0.1058435119268773 51.51380644581483, -0.1048852144651327 51.51397675323789, -0.1047101111182091 51.514615833948554, -0.1054933211812609 51.515084612691176))",0,True,True,,6
8a194ad328dffff,2,2-3-3,10,2,51.51333766767265,-0.10506031415749038,75.864,"POLYGON ((-0.1048852144651327 51.51397675323789, -0.1058435119268773 51.51380644581483, -0.1060186018180871 51.51316735509481, -0.1052354101954373 51.51269857725295, -0.1042771345152673 51.51286888551722, -0.1041020286765148 51.5135079707821, -0.1048852144651327 51.51397675323789))",0,True,True,,4
8a194ad328e7fff,2,2-3-4,10,2,51.51495641007954,-0.10279350313220664,75.864,"POLYGON ((-0.1026183765279891 51.51559547562558, -0.1035766892320426 51.515425197449304, -0.1037518060350067 51.51478612674827, -0.1029686260813895 51.51431733967874, -0.1020103351604253 51.51448761869678, -0.1018352024103518 51.51512668394252, -0.1026183765279891 51.51559547562558))",0,True,True,,4
8a194ad328effff,2,2-3-5,10,2,51.51384854859637,-0.10218546425544994,75.864,"POLYGON ((-0.1020103351604253 51.51448761869678, -0.1029686260813895 51.51431733967874, -0.1031437453756572 51.513678264423305, -0.1023605896954636 51.51320947364138, -0.1014023205568438 51.51337975350149, -0.1012271853164257 51.51401882330138, -0.1020103351604253 51.51448761869678))",0,True,True,,9
8a194ad328f7fff,2,2-3-6,10,2,51.51525490980455,-0.10453500411662532,75.864,"POLYGON ((-0.1043598934602671 51.51589398080572, -0.1053182203266152 51.51572368884722, -0.1054933211812609 51.515084612691176, -0.1047101111182091 51.514615833948554, -0.1037518060350067 51.51478612674827, -0.1035766892320426 51.515425197449304, -0.1043598934602671 51.51589398080572))",0,True,True,,3
8a194ad32907fff,2,2-4-0,10,2,51.51960000472137,-0.1006091708074706,75.864,"POLYGON ((-0.1004340088125537 51.520239031125264, -0.1013923879483387 51.52006879850411, -0.1015675401408612 51.519429766944846, -0.1007843291464076 51.51896097346181, -0.0998259717975172 51.51913120692496, -0.0996508036565437 51.51977023302911, -0.1004340088125537 51.520239031125264))",0,True,True,,9
8a194ad3290ffff,2,2-4-1,10,2,51.518492175965214,-0.10000113628242524,75.864,"POLYGON ((-0.0998259717975172 51.51913120692496, -0.1007843291464076 51.51896097346181, -0.1009594838294383 51.51832193734673, -0.1001762971113976 51.51785314015003, -0.0992179615486465 51.51802337445544, -0.0990427909181341 51.51866240511522, -0.0998259717975172 51.51913120692496))",0,True,True,,8
8a194ad32917fff,2,2-4-2,10,2,51.51989855641399,-0.10235076926619696,75.864,"POLYGON ((-0.1021756232204556 51.52053758827284, -0.1031340165227233 51.520367341868884, -0.1033091527656163 51.51972830485483, -0.1025259116562084 51.51925951969947, -0.1015675401408612 51.519429766944846, -0.1013923879483387 51.52006879850411, -0.1021756232204556 51.52053758827284))",0,True,True,,12
8a194ad3291ffff,2,2-4-3,10,2,51.51879073052998,-0.10174268867759384,75.864,"POLYGON ((-0.1015675401408612 51.519429766944846, -0.1025259116562084 51.51925951969947, -0.102701050390584 51.51862047812936, -0.1019178335586253 51.5181516892596, -0.1009594838294383 51.51832193734673, -0.1007843291464076 51.51896097346181, -0.1015675401408612 51.519429766944846))",0,True,True,,3
8a194ad32927fff,2,2-4-4,10,2,51.520409254277574,-0.09947563185940043,75.864,"POLYGON ((-0.0993004564059679 51.52104827067023, -0.1002588431615579 51.520878052673396, -0.1004340088125537 51.520239031125264, -0.0996508036565437 51.51977023302911, -0.098692438688603 51.51994045186818, -0.098517257089386 51.52057946796111, -0.0993004564059679 51.52104827067023))",0,True,True,,1
8a194ad3292ffff,2,2-4-5,10,2,51.5193014309195,-0.09886761663150133,75.864,"POLYGON ((-0.098692438688603 51.51994045186818, -0.0996508036565437 51.51977023302911, -0.0998259717975172 51.51913120692496, -0.0990427909181341 51.51866240511522, -0.0980844477370925 51.51883262479683, -0.0979092636488723 51.51947164544558, -0.098692438688603 51.51994045186818))",0,True,True,,6
8a194ad32937fff,2,2-4-6,10,2,51.52070782520763,-0.10121723209989122,75.864,"POLYGON ((-0.1010420725954044 51.52134684705529, -0.1020004735188443 51.52117661527584, -0.1021756232204556 51.52053758827284, -0.1013923879483387 51.52006879850411, -0.1004340088125537 51.520239031125264, -0.1002588431615579 51.520878052673396, -0.1010420725954044 51.52134684705529))",0,True,True,,4
8a194ad32987fff,2,2-6-0,10,2,51.51938777332881,-0.10522592630701715,75.864,"POLYGON ((-0.1050508096702429 51.52002682065311, -0.106009209514424 51.519856545841066, -0.1061843163479231 51.5192174933618, -0.1054010392886006 51.518748721148945, -0.1044426612306006 51.51891899680161, -0.1042675384460843 51.51955804382647, -0.1050508096702429 51.52002682065311))",0,True,True,,1
8a194ad3298ffff,2,2-6-1,10,2,51.518279944921275,-0.10461778035986087,75.864,"POLYGON ((-0.1044426612306006 51.51891899680161, -0.1054010392886006 51.518748721148945, -0.1055761486150975 51.51810966411361, -0.1047928958340051 51.51764088818553, -0.1038345395614465 51.51781116467912, -0.1036594142848608 51.51845021625981, -0.1044426612306006 51.51891899680161))",0,True,True,,1
8a194ad32997fff,2,2-6-2,10,2,51.51968626155945,-0.10696761153818785,75.864,"POLYGON ((-0.1067925108531912 51.520325314337974, -0.1077509248597647 51.52015502574154, -0.1079260157410423 51.51951596780814, -0.1071427085682846 51.51904720392527, -0.1061843163479231 51.5192174933618, -0.106009209514424 51.519856545841066, -0.1067925108531912 51.520325314337974))",0,True,True,,2
8a194ad3299ffff,2,2-6-3,10,2,51.518578436026964,-0.10635941952641603,75.864,"POLYGON ((-0.1061843163479231 51.5192174933618, -0.1071427085682846 51.51904720392527, -0.1073178019435295 51.51840814143557, -0.1065345190500123 51.517939373836704, -0.1055761486150975 51.51810966411361, -0.1054010392886006 51.518748721148945, -0.1061843163479231 51.5192174933618))",0,True,True,,1
8a194ad329a7fff,2,2-6-4,10,2,51.520197085995676,-0.10409241200615647,75.864,"POLYGON ((-0.1039172819107692 51.52083612330914, -0.1048756893781632 51.52066586312168, -0.1050508096702429 51.52002682065311, -0.1042675384460843 51.51955804382647, -0.1033091527656163 51.51972830485483, -0.1031340165227233 51.520367341868884, -0.1039172819107692 51.52083612330914))",0,True,True,,9
8a194ad329affff,2,2-6-5,10,2,51.51908926298508,-0.10348428535295898,75.864,"POLYGON ((-0.1033091527656163 51.51972830485483, -0.1042675384460843 51.51955804382647, -0.1044426612306006 51.51891899680161, -0.1036594142848608 51.51845021625981, -0.102701050390584 51.51862047812936, -0.1025259116562084 51.51925951969947, -0.1033091527656163 51.51972830485483))",0,True,True,,1
8a194ad329b7fff,2,2-6-6,10,2,51.52049559346465,-0.10583409902580965,75.864,"POLYGON ((-0.1056589848819552 51.52113463623247, -0.1066174065131188 51.52096436226075, -0.1067925108531912 51.520325314337974, -0.106009209514424 51.519856545841066, -0.1050508096702429 51.52002682065311, -0.1048756893781632 51.52066586312168, -0.1056589848819552 51.52113463623247))",0,True,True,,2
8a194ad36207fff,3,3-0-0,10,2,51.52253820438197,-0.09433332726726602,75.864,"POLYGON ((-0.094158095489166 51.523177185283686, -0.0951164909269782 51.52300702494181, -0.0952917129030202 51.52236803888415, -0.0945085553879397 51.52189921862406, -0.0935501817400093 51.5220693798095, -0.0933749438175896 51.52270836041145, -0.094158095489166 51.523177185283686))",0,True,True,,0
8a194ad3620ffff,3,3-0-1,10,2,51.52143039435142,-0.09372541600494268,75.864,"POLYGON ((-0.0935501817400093 51.5220693798095, -0.0945085553879397 51.52189921862406, -0.0946837798513167 51.52126022800999, -0.0939006466124888 51.520791404037276, -0.0929422947536795 51.52096156606659, -0.0927670543448941 51.521600551224715, -0.0935501817400093 51.5220693798095))",0,True,True,,1
8a194ad36217fff,3,3-0-2,10,2,51.52283685513137,-0.09607488855047262,75.864,"POLYGON ((-0.0958996727194902 51.52347584148858, -0.0968580823306975 51.52330566736531, -0.0970332883591267 51.52266667585224, -0.0962501007242938 51.52219786391783, -0.0952917129030202 51.52236803888415, -0.0951164909269782 51.52300702494181, -0.0958996727194902 51.52347584148858))",0,True,True,,0
8a194ad3621ffff,3,3-0-3,10,2,51.52172904797031,-0.09546693122180526,75.864,"POLYGON ((-0.0952917129030202 51.52236803888415, -0.0962501007242938 51.52219786391783, -0.0964253092410578 51.52155886784814, -0.0956421458834784 51.52109005220036, -0.0946837798513167 51.52126022800999, -0.0945085553879397 51.52189921862406, -0.0952917129030202 51.52236803888415))",0,True,True,,0
8a194ad36227fff,3,3-0-4,10,2,51.5233473361571,-0.09319970223757408,75.864,"POLYGON ((-0.0930244569998331 51.52398630704634, -0.0939828600535506 51.523816161329, -0.094158095489166 51.523177185283686, -0.0933749438175896 51.52270836041145, -0.092416562554539 51.522878506972596, -0.0922413111727201 51.52351747756218, -0.0930244569998331 51.52398630704634))",0,True,True,,15
8a194ad3622ffff,3,3-0-5,10,2,51.522239531526765,-0.09259181027853676,75.864,"POLYGON ((-0.092416562554539 51.522878506972596, -0.0933749438175896 51.52270836041145, -0.0935501817400093 51.5220693798095, -0.0927670543448941 51.521600551224715, -0.0918086948716784 51.521770698630036, -0.09163344100406 51.522409673775954, -0.092416562554539 51.522878506972596))",0,True,True,,8
8a194ad36237fff,3,3-0-6,10,2,51.523646006143125,-0.09494126529360541,75.864,"POLYGON ((-0.0947660360027722 51.52428498248799, -0.0957244532312371 51.52411482298942, -0.0958996727194902 51.52347584148858, -0.0951164909269782 51.52300702494181, -0.094158095489166 51.523177185283686, -0.0939828600535506 51.523816161329, -0.0947660360027722 51.52428498248799))",0,True,True,,0
8a194ad36307fff,3,3-4-0,10,2,51.52526423425518,-0.09267395555079322,75.864,"POLYGON ((-0.0924986993392501 51.525903190574496, -0.0934571318003707 51.52573306032558, -0.0936323782092495 51.525094098850076, -0.0928492081042878 51.524625273079096, -0.0918907974353291 51.52479540417181, -0.0917155350795128 51.52543436019167, -0.0924986993392501 51.525903190574496))",0,True,True,,3
8a194ad3630ffff,3,3-4-1,10,2,51.52415644329528,-0.09206605613303179,75.864,"POLYGON ((-0.0918907974353291 51.52479540417181, -0.0928492081042878 51.524625273079096, -0.0930244569998331 51.52398630704634, -0.0922413111727201 51.52351747756218, -0.0912829222951624 51.52368760949901, -0.0911076574536439 51.52432657007586, -0.0918907974353291 51.52479540417181))",0,True,True,,0
8a194ad36317fff,3,3-4-2,10,2,51.52556292060789,-0.0944155664482768,75.864,"POLYGON ((-0.0942403261844009 51.5262018823827, -0.0951987728216784 51.526031738352174, -0.0953740032824406 51.525392771421316, -0.094590803054359 51.524923953976305, -0.0936323782092495 51.525094098850076, -0.0934571318003707 51.52573306032558, -0.0942403261844009 51.5262018823827))",0,True,True,,0
8a194ad3631ffff,3,3-4-3,10,2,51.52445513251785,-0.09380762096027988,75.864,"POLYGON ((-0.0936323782092495 51.525094098850076, -0.094590803054359 51.524923953976305, -0.0947660360027722 51.52428498248799, -0.0939828600535506 51.523816161329, -0.0930244569998331 51.52398630704634, -0.0928492081042878 51.524625273079096, -0.0936323782092495 51.525094098850076))",0,True,True,,12
8a194ad36327fff,3,3-4-4,10,2,51.52607331135472,-0.09154026906545308,75.864,"POLYGON ((-0.0913649993930662 51.526712257660854, -0.0923234394695644 51.52654214203693, -0.0924986993392501 51.525903190574496, -0.0917155350795128 51.52543436019167, -0.0907571167959259 51.52560447665969, -0.0905818409795127 51.526243422666404, -0.0913649993930662 51.526712257660854))",0,True,True,,0
8a194ad3632ffff,3,3-4-5,10,2,51.524965525796134,-0.09093238895393652,75.864,"POLYGON ((-0.0907571167959259 51.52560447665969, -0.0917155350795128 51.52543436019167, -0.0918907974353291 51.52479540417181, -0.0911076574536439 51.52432657007586, -0.0901492609621921 51.524496687388236, -0.0899739826606227 51.52513563795214, -0.0907571167959259 51.52560447665969))",0,True,True,,1
8a194ad36337fff,3,3-4-6,10,2,51.52637201694425,-0.09328188173350839,75.864,"POLYGON ((-0.0931066280085686 51.52701096870593, -0.0940650822626068 51.52684083930057, -0.0942403261844009 51.5262018823827, -0.0934571318003707 51.52573306032558, -0.0924986993392501 51.525903190574496, -0.0923234394695644 51.52654214203693, -0.0931066280085686 51.52701096870593))",0,True,True,,0
8a194ad30647fff,4,4-1-0,10,2,51.504513533696105,-0.08286917746294045,75.864,"POLYGON ((-0.0826938900165917 51.505152581990465, -0.0836519227347968 51.504982421889295, -0.0838272003876825 51.50434336843875, -0.0830444612522865 51.50387448054887, -0.0820864503115444 51.5040446414987, -0.0819111567290621 51.504683689489696, -0.0826938900165917 51.505152581990465))",0,True,True,,15
8a194ad3064ffff,4,4-1-1,10,2,51.5034055886549,-0.08226174023691817,75.864,"POLYGON ((-0.0820864503115444 51.5040446414987, -0.0830444612522865 51.50387448054887, -0.0832197413846983 51.50323542254885, -0.082437026505308 51.5027665309584, -0.0814790373412788 51.50293669275716, -0.0813037412802591 51.50357574529743, -0.0820864503115444 51.5040446414987))",0,True,True,,1
8a194ad30657fff,4,4-1-2,10,2,51.50481225232417,-0.08460995764347586,75.864,"POLYGON ((-0.0844346861274221 51.50545130607786, -0.0853927330199856 51.50528113220473, -0.0855679947421117 51.50464207329495, -0.0847852255027558 51.50417319371749, -0.0838272003876825 51.50434336843875, -0.0836519227347968 51.504982421889295, -0.0844346861274221 51.50545130607786))",0,True,True,,6
8a194ad3065ffff,4,4-1-3,10,2,51.50370431013535,-0.08400247438372936,75.864,"POLYGON ((-0.0838272003876825 51.50434336843875, -0.0847852255027558 51.50417319371749, -0.0849604897053662 51.50353413025803, -0.0841777447230316 51.503065246979226, -0.0832197413846983 51.50323542254885, -0.0830444612522865 51.50387448054887, -0.0838272003876825 51.50434336843875))",0,True,True,,3
8a194ad30667fff,4,4-1-4,10,2,51.50532273262778,-0.08173585948936715,75.864,"POLYGON ((-0.0815605585923553 51.505961770912805, -0.0825185989130696 51.5057916254318, -0.0826938900165917 51.505152581990465, -0.0819111567290621 51.504683689489696, -0.0809531381865644 51.504853835819624, -0.0807778311536964 51.50549287380136, -0.0815605585923553 51.505961770912805))",0,True,True,,6
8a194ad3066ffff,4,4-1-5,10,2,51.50421479298495,-0.08112844156205055,75.864,"POLYGON ((-0.0809531381865644 51.504853835819624, -0.0819111567290621 51.504683689489696, -0.0820864503115444 51.5040446414987, -0.0813037412802591 51.50357574529743, -0.0803457445152023 51.50374589247656, -0.0801704350043322 51.504384935007714, -0.0809531381865644 51.504853835819624))",0,True,True,,5
8a194ad30677fff,4,4-1-6,10,2,51.50562147048686,-0.08347664142493258,75.864,"POLYGON ((-0.0833013564580059 51.506260514231315, -0.0842594109544752 51.506090354978525, -0.0844346861274221 51.50545130607786, -0.0836519227347968 51.504982421889295, -0.0826938900165917 51.505152581990465, -0.0825185989130696 51.5057916254318, -0.0833013564580059 51.506260514231315))",0,True,True,,4
8a194ad30687fff,4,4-2-0,10,2,51.50681620106149,-0.09044021195857697,75.864,"POLYGON ((-0.0902649907239314 51.50745526664075, -0.0912231019097736 51.50728505229363, -0.0913983133485872 51.506645981558684, -0.0906154295371683 51.50617713062893, -0.0896573401296723 51.50634734582226, -0.0894821127555504 51.50698641109909, -0.0902649907239314 51.50745526664075))",0,True,True,,5
8a194ad3068ffff,4,4-2-1,10,2,51.50570827569223,-0.08983256384764934,75.864,"POLYGON ((-0.0896573401296723 51.50634734582226, -0.0906154295371683 51.50617713062893, -0.0907906434598097 51.50553805534322, -0.0900077839096318 51.50506920070912, -0.0890497162797165 51.505239416748914, -0.08887448642271 51.50587848657628, -0.0896573401296723 51.50634734582226))",7,True,True,,29
8a194ad30697fff,4,4-2-2,10,2,51.5071148284811,-0.09218121528219922,75.864,"POLYGON ((-0.0920060099836064 51.50775389951832, -0.0929641353384099 51.50758367139583, -0.0931393308406965 51.50694459520304, -0.0923564169250131 51.506475752590546, -0.0913983133485872 51.506645981558684, -0.0912231019097736 51.50728505229363, -0.0920060099836064 51.50775389951832))",0,True,True,,8
8a194ad3069ffff,4,4-2-3,10,2,51.506006905970494,-0.09157352113151089,75.864,"POLYGON ((-0.0913983133485872 51.506645981558684, -0.0923564169250131 51.506475752590546, -0.0925316149121113 51.50583667184678, -0.091748725258664 51.50536782552914, -0.0907906434598097 51.50553805534322, -0.0906154295371683 51.50617713062893, -0.0913983133485872 51.506645981558684))",7,True,True,,36
8a194ad306a7fff,4,4-2-4,10,2,51.50762547152259,-0.08930688172518987,75.864,"POLYGON ((-0.0891316470384608 51.508264527092614, -0.0900897658331122 51.50809432736662, -0.0902649907239314 51.50745526664075, -0.0894821127555504 51.50698641109909, -0.0885240157400042 51.50715661167155, -0.0883487749140659 51.50779566693921, -0.0891316470384608 51.508264527092614))",0,True,True,,0
8a194ad306affff,4,4-2-5,10,2,51.50651755155053,-0.08869925290950893,75.864,"POLYGON ((-0.0885240157400042 51.50715661167155, -0.0894821127555504 51.50698641109909, -0.0896573401296723 51.50634734582226, -0.08887448642271 51.50587848657628, -0.0879164111854882 51.506048687995495, -0.0877411678772209 51.50668774781389, -0.0885240157400042 51.50715661167155))",0,True,True,,3
8a194ad306b7fff,4,4-2-6,10,2,51.507924118175204,-0.09104788681499118,75.864,"POLYGON ((-0.0908726680641104 51.508563179203286, -0.0918308010290996 51.508392965702065, -0.0920060099836064 51.50775389951832, -0.0912231019097736 51.50728505229363, -0.0902649907239314 51.50745526664075, -0.0900897658331122 51.50809432736662, -0.0908726680641104 51.508563179203286))",0,True,True,,0
8a194ad306c7fff,4,4-3-0,10,2,51.5043016868439,-0.08748407550708927,75.864,"POLYGON ((-0.0873088333732966 51.50494075606557, -0.0882668868329592 51.50477055379935, -0.0884421191724021 51.504131479421844, -0.087659313984677 51.50366261276939, -0.0867012823017725 51.503832815882916, -0.086526034030162 51.50447188480158, -0.0873088333732966 51.50494075606557))",0,True,True,,5
8a194ad306cffff,4,4-3-1,10,2,51.50319374211154,-0.08687652691709781,75.864,"POLYGON ((-0.0867012823017725 51.503832815882916, -0.087659313984677 51.50366261276939, -0.0878345488061333 51.503023533842196, -0.0870517678762267 51.50255466348756, -0.0860937579693254 51.50272486744868, -0.0859185072166647 51.503363940916806, -0.0867012823017725 51.503832815882916))",0,True,True,,1
8a194ad306d7fff,4,4-3-2,10,2,51.50460034206855,-0.08922494248060733,75.864,"POLYGON ((-0.0890497162797165 51.505239416748914, -0.0900077839096318 51.50506920070912, -0.0901830003157036 51.50443012087305, -0.0894001650255376 51.5039612625353, -0.0884421191724021 51.504131479421844, -0.0882668868329592 51.50477055379935, -0.0890497162797165 51.505239416748914))",0,True,True,,8
8a194ad306dffff,4,4-3-3,10,2,51.50349240019157,-0.08861734785578373,75.864,"POLYGON ((-0.0884421191724021 51.504131479421844, -0.0894001650255376 51.5039612625353, -0.0895753839145963 51.503322178149304, -0.0887925728832389 51.5028533161086, -0.0878345488061333 51.503023533842196, -0.087659313984677 51.50366261276939, -0.0884421191724021 51.504131479421844))",0,True,True,,0
8a194ad306e7fff,4,4-3-4,10,2,51.50511094886735,-0.08635078210211608,75.864,"POLYGON ((-0.0861755265175612 51.50575000808011, -0.0871335875831438 51.5055798204343, -0.0873088333732966 51.50494075606557, -0.086526034030162 51.50447188480158, -0.0855679947421117 51.50464207329495, -0.0853927330199856 51.50528113220473, -0.0861755265175612 51.50575000808011))",0,True,True,,3
8a194ad306effff,4,4-3-5,10,2,51.50400300953227,-0.08574325280763843,75.864,"POLYGON ((-0.0855679947421117 51.50464207329495, -0.086526034030162 51.50447188480158, -0.0867012823017725 51.503832815882916, -0.0859185072166647 51.503363940916806, -0.0849604897053662 51.50353413025803, -0.0847852255027558 51.50417319371749, -0.0855679947421117 51.50464207329495))",0,True,True,,7
8a194ad306f7fff,4,4-3-6,10,2,51.505409623323935,-0.08809165083735598,75.864,"POLYGON ((-0.0879164111854882 51.506048687995495, -0.08887448642271 51.50587848657628, -0.0890497162797165 51.505239416748914, -0.0882668868329592 51.50477055379935, -0.0873088333732966 51.50494075606557, -0.0871335875831438 51.5055798204343, -0.0879164111854882 51.506048687995495))",0,True,True,,11
8a194ad30707fff,4,4-4-0,10,2,51.509754408681744,-0.08416579857114077,75.864,"POLYGON ((-0.0839905075922532 51.51039342876394, -0.0849486350336058 51.510223286675746, -0.0851239162169474 51.50958426143728, -0.0843410858925442 51.509115383745666, -0.0833829802324956 51.50928552668162, -0.0832076831158937 51.509924546461356, -0.0839905075922532 51.51039342876394))",0,True,True,,5
8a194ad3070ffff,4,4-4-1,10,2,51.5086465020481,-0.08355827369156366,75.864,"POLYGON ((-0.0833829802324956 51.50928552668162, -0.0843410858925442 51.509115383745666, -0.0845163695565881 51.50847635395585, -0.083733563493192 51.508007472560905, -0.082775479613687 51.50817761634493, -0.0826001800173666 51.508816640675796, -0.0833829802324956 51.50928552668162))",0,True,True,,0
8a194ad30717fff,4,4-4-2,10,2,51.510053135122575,-0.08590676466513326,75.864,"POLYGON ((-0.0857314896202608 51.510692160663325, -0.0866896312374461 51.51052200480118, -0.0868648964863286 51.50988297410429, -0.0860820360528119 51.509414104727895, -0.0851239162169474 51.50958426143728, -0.0849486350336058 51.510223286675746, -0.0857314896202608 51.510692160663325))",0,True,True,,5
8a194ad3071ffff,4,4-4-3,10,2,51.508945231344974,-0.08529919374299454,75.864,"POLYGON ((-0.0851239162169474 51.50958426143728, -0.0860820360528119 51.509414104727895, -0.08625730378335 51.508775069479455, -0.0854744676118462 51.50830619639896, -0.0845163695565881 51.50847635395585, -0.0843410858925442 51.509115383745666, -0.0851239162169474 51.50958426143728))",0,True,True,,0
8a194ad30727fff,4,4-4-4,10,2,51.51056356138719,-0.08303238234161298,75.864,"POLYGON ((-0.0828570779095237 51.51120257145897, -0.0838152129557569 51.5110324439921, -0.0839905075922532 51.51039342876394, -0.0832076831158937 51.509924546461356, -0.0822495698517336 51.51009467477627, -0.082074259282187 51.510733684545635, -0.0828570779095237 51.51120257145897))",0,True,True,,9
8a194ad3072ffff,4,4-4-5,10,2,51.50945566015294,-0.08242487676342707,75.864,"POLYGON ((-0.0822495698517336 51.51009467477627, -0.0832076831158937 51.509924546461356, -0.0833829802324956 51.50928552668162, -0.0826001800173666 51.508816640675796, -0.0816420885345089 51.508986769839034, -0.0814667754858099 51.509625784159745, -0.0822495698517336 51.51009467477627))",0,True,True,,1
8a194ad30737fff,4,4-4-6,10,2,51.510862307060265,-0.08477335019285014,75.864,"POLYGON ((-0.0845980616945608 51.511501322590696, -0.0855562109180239 51.51133118135002, -0.0857314896202608 51.510692160663325, -0.0849486350336058 51.510223286675746, -0.0839905075922532 51.51039342876394, -0.0838152129557569 51.5110324439921, -0.0845980616945608 51.511501322590696))",0,True,True,,15
8a194ad30c07fff,5,5-0-0,10,2,51.52044703026977,-0.08214363861609479,75.864,"POLYGON ((-0.0819682952415755 51.52108597297435, -0.0829265914276473 51.52091590908228, -0.0831019250033723 51.52027696122085, -0.08231897833141 51.51980808270929, -0.0813607039350723 51.519978147448775, -0.0811853544212952 51.52061708985236, -0.0819682952415755 51.52108597297435))",0,True,True,,2
8a194ad30c0ffff,5,5-0-1,10,2,51.51933920018932,-0.0815360497895905,75.864,"POLYGON ((-0.0813607039350723 51.519978147448775, -0.08231897833141 51.51980808270929, -0.0824943143876559 51.519169130293, -0.0817113919849541 51.518700248074204, -0.0807531393775334 51.51887031366135, -0.0805777873842196 51.5195092606196, -0.0813607039350723 51.519978147448775))",0,True,True,,1
8a194ad30c17fff,5,5-0-2,10,2,51.52074583572367,-0.08388488980578648,75.864,"POLYGON ((-0.0837095623700591 51.52138478388588, -0.0846678727390022 51.52121470621742, -0.0848431903754908 51.520575752898495, -0.0840602135825898 51.52010688270554, -0.0831019250033723 51.52027696122085, -0.0829265914276473 51.52091590908228, -0.0837095623700591 51.52138478388588))",0,True,True,,4
8a194ad30c1ffff,5,5-0-3,10,2,51.51963800850358,-0.0832772549200777,75.864,"POLYGON ((-0.0831019250033723 51.52027696122085, -0.0840602135825898 51.52010688270554, -0.0842355337005682 51.519467924831524, -0.0834525811779187 51.518999050930546, -0.0824943143876559 51.519169130293, -0.08231897833141 51.51980808270929, -0.0831019250033723 51.52027696122085))",0,True,True,,2
8a194ad30c27fff,5,5-0-4,10,2,51.52125602740003,-0.08101000124813454,75.864,"POLYGON ((-0.0808346444155015 51.52189496009163, -0.0817929482077682 51.52172491082288, -0.0819682952415755 51.52108597297435, -0.0811853544212952 51.52061708985236, -0.0802270724194858 51.52078713996878, -0.0800517094478369 51.521426072359446, -0.0808346444155015 51.52189496009163))",0,True,True,,0
8a194ad30c2ffff,5,5-0-5,10,2,51.520148202722126,-0.08040243173157188,75.864,"POLYGON ((-0.0802270724194858 51.52078713996878, -0.0811853544212952 51.52061708985236, -0.0813607039350723 51.519978147448775, -0.0805777873842196 51.5195092606196, -0.0796195271721068 51.51967931158396, -0.0794441617214825 51.52031824852945, -0.0802270724194858 51.52078713996878))",0,True,True,,0
8a194ad30c37fff,5,5-0-6,10,2,51.52155485208769,-0.08275125419279325,75.864,"POLYGON ((-0.0825759132987009 51.52219379023698, -0.0835342312752421 51.522023727192, -0.0837095623700591 51.52138478388588, -0.0829265914276473 51.52091590908228, -0.0819682952415755 51.52108597297435, -0.0817929482077682 51.52172491082288, -0.0825759132987009 51.52219379023698))",0,True,True,,18
8a194ad30c47fff,5,5-1-0,10,2,51.51793252858278,-0.07918737294145056,75.864,"POLYGON ((-0.0790120086717323 51.51857147493828, -0.079970247094935 51.5184014231257, -0.0801456015673474 51.517762471613224, -0.0793627335517888 51.51729357737183, -0.0784045169167404 51.517463630032886, -0.0782291465094285 51.51810257608683, -0.0790120086717323 51.51857147493828))",0,True,True,,16
8a194ad30c4ffff,5,5-1-1,10,2,51.516824679123594,-0.07857988366461759,75.864,"POLYGON ((-0.0784045169167404 51.517463630032886, -0.0793627335517888 51.51729357737183, -0.0795380905028768 51.51665462130554, -0.0787552467531745 51.51618572335905, -0.0777970519054788 51.51635577686892, -0.0776216790204548 51.51699472747646, -0.0784045169167404 51.517463630032886))",0,True,True,,4
8a194ad30c57fff,5,5-1-2,10,2,51.51823136184749,-0.08092848771161751,75.864,"POLYGON ((-0.0807531393775334 51.51887031366135, -0.0817113919849541 51.518700248074204, -0.0818867305212775 51.51806129110348, -0.0811038323865913 51.517592405178114, -0.0801456015673474 51.517762471613224, -0.079970247094935 51.5184014231257, -0.0807531393775334 51.51887031366135))",0,True,True,,2
8a194ad30c5ffff,5,5-1-3,10,2,51.517123515245345,-0.08032095238057435,75.864,"POLYGON ((-0.0801456015673474 51.517762471613224, -0.0811038323865913 51.517592405178114, -0.0812791734025591 51.516953443653385, -0.0804962995347406 51.51648455402216, -0.0795380905028768 51.51665462130554, -0.0793627335517888 51.51729357737183, -0.0801456015673474 51.517762471613224))",0,True,True,,16
8a194ad30c67fff,5,5-1-4,10,2,51.51874151728531,-0.07805377244255735,75.864,"POLYGON ((-0.0778783947160328 51.51938045362814, -0.0788366407425502 51.51921041643823, -0.0790120086717323 51.51857147493828, -0.0782291465094285 51.51810257608683, -0.0772709222717885 51.51827261412553, -0.0770955384079174 51.51891155016686, -0.0778783947160328 51.51938045362814))",0,True,True,,15
8a194ad30c6ffff,5,5-1-5,10,2,51.517633673228694,-0.07744630247593118,75.864,"POLYGON ((-0.0772709222717885 51.51827261412553, -0.0782291465094285 51.51810257608683, -0.0784045169167404 51.517463630032886, -0.0776216790204548 51.51699472747646, -0.0766634765709466 51.51716476636419, -0.0764880902299092 51.5178037069593, -0.0772709222717885 51.51827261412553))",0,True,True,,19
8a194ad30c77fff,5,5-1-6,10,2,51.51904036978264,-0.07979488896324338,75.864,"POLYGON ((-0.0796195271721068 51.51967931158396, -0.0805777873842196 51.5195092606196, -0.0807531393775334 51.51887031366135, -0.079970247094935 51.5184014231257, -0.0790120086717323 51.51857147493828, -0.0788366407425502 51.51921041643823, -0.0796195271721068 51.51967931158396))",0,True,True,,6
8a194ad30c87fff,5,5-2-0,10,2,51.52023555884789,-0.08675979808746363,75.864,"POLYGON ((-0.0865845000499266 51.52087452247997, -0.0875428169908014 51.520704416410794, -0.0877181052286767 51.52006544762227, -0.0869350924666404 51.51959659035998, -0.0859767973147592 51.5197666972752, -0.0858014931362224 51.520405660606606, -0.0865845000499266 51.52087452247997))",0,True,True,,4
8a194ad30c8ffff,5,5-2-1,10,2,51.51912772908803,-0.08615209783480947,75.864,"POLYGON ((-0.0859767973147592 51.5197666972752, -0.0869350924666404 51.51959659035998, -0.0871103831875151 51.518957617016326, -0.0863273946965081 51.518488756045215, -0.08536912133287 51.51865886380676, -0.0851938146723179 51.51929783169306, -0.0859767973147592 51.5197666972752))",0,True,True,,5
8a194ad30c97fff,5,5-2-2,10,2,51.520534300874516,-0.08850113612129352,75.864,"POLYGON ((-0.0883258540251069 51.52117326996353, -0.0892841851447998 51.52100315011635, -0.0894594574408293 51.520364175871, -0.0886764145593337 51.519895326929586, -0.0877181052286767 51.52006544762227, -0.0875428169908014 51.520704416410794, -0.0883258540251069 51.52117326996353))",0,True,True,,3
8a194ad30c9ffff,5,5-2-3,10,2,51.51942647397791,-0.08789338980835576,75.864,"POLYGON ((-0.0877181052286767 51.52006544762227, -0.0886764145593337 51.519895326929586, -0.0888516893393572 51.519256348128906, -0.088068670729897 51.51878749547788, -0.0871103831875151 51.518957617016326, -0.0869350924666404 51.51959659035998, -0.0877181052286767 51.52006544762227))",0,True,True,,3
8a194ad30ca7fff,5,5-2-4,10,2,51.521044619082154,-0.0856261852991357,75.864,"POLYGON ((-0.0854508738033591 51.521683572701676, -0.0864091983538536 51.52151348125609, -0.0865845000499266 51.52087452247997, -0.0858014931362224 51.520405660606606, -0.0848431903754908 51.520575752898495, -0.0846678727390022 51.52121470621742, -0.0854508738033591 51.521683572701676))",0,True,True,,0
8a194ad30caffff,5,5-2-5,10,2,51.519936794723684,-0.08501850435322458,75.864,"POLYGON ((-0.0848431903754908 51.520575752898495, -0.0858014931362224 51.520405660606606, -0.0859767973147592 51.5197666972752, -0.0851938146723179 51.51929783169306, -0.0842355337005682 51.519467924831524, -0.0840602135825898 51.52010688270554, -0.0848431903754908 51.520575752898495))",0,True,True,,6
8a194ad30cb7fff,5,5-2-6,10,2,51.5213433803434,-0.08736752509462069,75.864,"POLYGON ((-0.0871922295399894 51.521982339419964, -0.0881505682706593 51.52181223419655, -0.0883258540251069 51.52117326996353, -0.0875428169908014 51.520704416410794, -0.0865845000499266 51.52087452247997, -0.0864091983538536 51.52151348125609, -0.0871922295399894 51.521982339419964))",0,True,True,,4
8a194ad30cc7fff,5,5-3-0,10,2,51.51772112121774,-0.08380322271729183,75.864,"POLYGON ((-0.0836279037769485 51.518360088501886, -0.084586162960467 51.518189994516554, -0.0847614721026266 51.51755102207578, -0.0839785379990886 51.5170821490782, -0.0830203006029844 51.517252243910704, -0.0828449755233312 51.51789121089359, -0.0836279037769485 51.518360088501886))",0,True,True,,10
8a194ad30ccffff,5,5-3-1,10,2,51.51661327207248,-0.08319562202401592,75.864,"POLYGON ((-0.0830203006029844 51.517252243910704, -0.0839785379990886 51.5170821490782, -0.0841538496224072 51.51644317208337, -0.0833709397865044 51.51597429537912, -0.0824127241770794 51.51614439105906, -0.0822373966172206 51.5167833625958, -0.0830203006029844 51.517252243910704))",0,True,True,,11
8a194ad30cd7fff,5,5-3-2,10,2,51.518019891064895,-0.08554442433500023,75.864,"POLYGON ((-0.08536912133287 51.51865886380676, -0.0863273946965081 51.518488756045215, -0.0865026878999644 51.517849778146896, -0.0857197236788079 51.517380913467626, -0.0847614721026266 51.51755102207578, -0.084586162960467 51.518189994516554, -0.08536912133287 51.51865886380676))",0,True,True,,1
8a194ad30cdffff,5,5-3-3,10,2,51.51691204477968,-0.08493677758639859,75.864,"POLYGON ((-0.0847614721026266 51.51755102207578, -0.0857197236788079 51.517380913467626, -0.0858950193644176 51.51674193101502, -0.0851120794118974 51.516273062628315, -0.0841538496224072 51.51644317208337, -0.0839785379990886 51.5170821490782, -0.0847614721026266 51.51755102207578))",0,True,True,,2
8a194ad30ce7fff,5,5-3-4,10,2,51.51853017302108,-0.08266964678491118,75.864,"POLYGON ((-0.0824943143876559 51.519169130293, -0.0834525811779187 51.518999050930546, -0.0836279037769485 51.518360088501886, -0.0828449755233312 51.51789121089359, -0.0818867305212775 51.51806129110348, -0.0817113919849541 51.518700248074204, -0.0824943143876559 51.519169130293))",0,True,True,,11
8a194ad30ceffff,5,5-3-5,10,2,51.517422329277295,-0.08206206539864451,75.864,"POLYGON ((-0.0818867305212775 51.51806129110348, -0.0828449755233312 51.51789121089359, -0.0830203006029844 51.517252243910704, -0.0822373966172206 51.5167833625958, -0.0812791734025591 51.516953443653385, -0.0811038323865913 51.517592405178114, -0.0818867305212775 51.51806129110348))",0,True,True,,19
8a194ad30cf7fff,5,5-3-6,10,2,51.51882896210184,-0.08441085015981561,75.864,"POLYGON ((-0.0842355337005682 51.519467924831524, -0.0851938146723179 51.51929783169306, -0.08536912133287 51.51865886380676, -0.084586162960467 51.518189994516554, -0.0836279037769485 51.518360088501886, -0.0834525811779187 51.518999050930546, -0.0842355337005682 51.519467924831524))",0,True,True,,11
8a194ad30d07fff,5,5-4-0,10,2,51.52317281090615,-0.08048391977129896,75.864,"POLYGON ((-0.0803085519595261 51.52381172902879, -0.0812668851493515 51.52364169523113, -0.0814422431617604 51.52300277195139, -0.0806592839232611 51.52253388792704, -0.0797009725254131 51.52270392257235, -0.0795255985744246 51.523342840394335, -0.0803085519595261 51.52381172902879))",0,True,True,,2
8a194ad30d0ffff,5,5-4-1,10,2,51.522064999894006,-0.0798763428165107,75.864,"POLYGON ((-0.0797009725254131 51.52270392257235, -0.0806592839232611 51.52253388792704, -0.0808346444155015 51.52189496009163, -0.0800517094478369 51.521426072359446, -0.0790934198412053 51.52159610785267, -0.0789180434113441 51.522235030230135, -0.0797009725254131 51.52270392257235))",0,True,True,,2
8a194ad30d17fff,5,5-4-2,10,2,51.52347165196674,-0.08222522053237384,75.864,"POLYGON ((-0.0820498686599205 51.524110575546956, -0.0830082160354461 51.52394052797269, -0.0831835581080654 51.52330159923554, -0.082400568745271 51.52283272353004, -0.0814422431617604 51.52300277195139, -0.0812668851493515 51.52364169523113, -0.0820498686599205 51.524110575546956))",0,True,True,,2
8a194ad30d1ffff,5,5-4-3,10,2,51.5223638438153,-0.08161759751451764,75.864,"POLYGON ((-0.0814422431617604 51.52300277195139, -0.082400568745271 51.52283272353004, -0.0825759132987009 51.52219379023698, -0.0817929482077682 51.52172491082288, -0.0808346444155015 51.52189496009163, -0.0806592839232611 51.52253388792704, -0.0814422431617604 51.52300277195139))",0,True,True,,3
8a194ad30d27fff,5,5-4-4,10,2,51.52398175335986,-0.07935022096341543,75.864,"POLYGON ((-0.0791748396923068 51.5246206614688, -0.0801331804878179 51.52445064229491, -0.0803085519595261 51.52381172902879, -0.0795255985744246 51.523342840394335, -0.0785672795716295 51.52351286041614, -0.0783918921615473 51.524151768224435, -0.0791748396923068 51.5246206614688))",0,True,True,,4
8a194ad30d2ffff,5,5-4-5,10,2,51.522873947751314,-0.07874266332152191,75.864,"POLYGON ((-0.0785672795716295 51.52351286041614, -0.0795255985744246 51.523342840394335, -0.0797009725254131 51.52270392257235, -0.0789180434113441 51.522235030230135, -0.0779597462005397 51.52240505110009, -0.0777843563121358 51.52304396346405, -0.0785672795716295 51.52351286041614))",0,True,True,,5
8a194ad30d37fff,5,5-4-6,10,2,51.524280613654334,-0.08109152347719673,75.864,"POLYGON ((-0.080916158145192 51.52491952722091, -0.0818745131277966 51.52474949427059, -0.0820498686599205 51.524110575546956, -0.0812668851493515 51.52364169523113, -0.0803085519595261 51.52381172902879, -0.0801331804878179 51.52445064229491, -0.080916158145192 51.52491952722091))",0,True,True,,14
8a194ad30d47fff,5,5-5-0,10,2,51.52065831174653,-0.07752762828353024,75.864,"POLYGON ((-0.0773522395773744 51.521297233521835, -0.0783105149969951 51.52112721180339, -0.0784858939052808 51.5204882848709, -0.0777030133297354 51.52001938511525, -0.0767447597005118 51.52018940768245, -0.076569364856774 51.52082832915647, -0.0773522395773744 51.521297233521835))",0,True,True,,6
8a194ad30d4ffff,5,5-5-1,10,2,51.519550481352525,-0.07692015088418305,75.864,"POLYGON ((-0.0767447597005118 51.52018940768245, -0.0777030133297354 51.52001938511525, -0.0778783947160328 51.51938045362814, -0.0770955384079174 51.51891155016686, -0.0761373065683403 51.519081573583065, -0.0759619092475543 51.519720499611495, -0.0767447597005118 51.52018940768245))",0,True,True,,8
8a194ad30d57fff,5,5-5-2,10,2,51.52095718061907,-0.07926879261122015,75.864,"POLYGON ((-0.0790934198412053 51.52159610785267, -0.0800517094478369 51.521426072359446, -0.0802270724194858 51.52078713996878, -0.0794441617214825 51.52031824852945, -0.0784858939052808 51.5204882848709, -0.0783105149969951 51.52112721180339, -0.0790934198412053 51.52159610785267))",0,True,True,,3
8a194ad30d5ffff,5,5-5-3,10,2,51.51984935308245,-0.07866126915376948,75.864,"POLYGON ((-0.0784858939052808 51.5204882848709, -0.0794441617214825 51.52031824852945, -0.0796195271721068 51.51967931158396, -0.0788366407425502 51.51921041643823, -0.0778783947160328 51.51938045362814, -0.0777030133297354 51.52001938511525, -0.0784858939052808 51.5204882848709))",0,True,True,,3
8a194ad30d67fff,5,5-5-4,10,2,51.52146724577448,-0.07639396635284487,75.864,"POLYGON ((-0.0762185641886356 51.52210615753637, -0.0771768472111024 51.521936150441014, -0.0773522395773744 51.521297233521835, -0.076569364856774 51.52082832915647, -0.0756111036254989 51.52099833710082, -0.0754356953239905 51.521637248561476, -0.0762185641886356 51.52210615753637))",0,True,True,,5
8a194ad30d6ffff,5,5-5-5,10,2,51.52035942078414,-0.0757865082666521,75.864,"POLYGON ((-0.0756111036254989 51.52099833710082, -0.076569364856774 51.52082832915647, -0.0767447597005118 51.52018940768245, -0.0759619092475543 51.519720499611495, -0.0750036698066895 51.51989050840515, -0.0748282590286737 51.520529424420396, -0.0756111036254989 51.52099833710082))",7,True,True,,25
8a194ad30d77fff,5,5-5-6,10,2,51.52176613387984,-0.07813513242878797,75.864,"POLYGON ((-0.0779597462005397 51.52240505110009, -0.0789180434113441 51.522235030230135, -0.0790934198412053 51.52159610785267, -0.0783105149969951 51.52112721180339, -0.0773522395773744 51.521297233521835, -0.0771768472111024 51.521936150441014, -0.0779597462005397 51.52240505110009))",0,True,True,,7
8a194ad30d87fff,5,5-6-0,10,2,51.52296146537224,-0.0851002398352783,75.864,"POLYGON ((-0.0849249173627708 51.52360040442301, -0.0858832713135294 51.52343032844739, -0.0860585839857797 51.52279138423992, -0.085275558648773 51.52232252146508, -0.0843172264893025 51.52249259828698, -0.0841418978758676 51.5231315370374, -0.0849249173627708 51.52360040442301))",0,True,True,,1
8a194ad30d8ffff,5,5-6-1,10,2,51.521853654680285,-0.08449255144364426,75.864,"POLYGON ((-0.0843172264893025 51.52249259828698, -0.085275558648773 51.52232252146508, -0.0854508738033591 51.521683572701676, -0.0846678727390022 51.52121470621742, -0.0837095623700591 51.52138478388588, -0.0835342312752421 51.522023727192, -0.0843172264893025 51.52249259828698))",0,True,True,,12
8a194ad30d97fff,5,5-6-2,10,2,51.52326024300443,-0.08684162745499381,75.864,"POLYGON ((-0.0866663209243853 51.52389918751212, -0.0876246890567497 51.52372909775828, -0.0877999857865901 51.52309014809405, -0.0870169303268237 51.52262129364034, -0.0860585839857797 51.52279138423992, -0.0858832713135294 51.52343032844739, -0.0866663209243853 51.52389918751212))",0,True,True,,3
8a194ad30d9ffff,5,5-6-3,10,2,51.522152435176096,-0.08623389299918637,75.864,"POLYGON ((-0.0860585839857797 51.52279138423992, -0.0870169303268237 51.52262129364034, -0.0871922295399894 51.521982339419964, -0.0864091983538536 51.52151348125609, -0.0854508738033591 51.521683572701676, -0.085275558648773 51.52232252146508, -0.0860585839857797 51.52279138423992))",0,True,True,,4
8a194ad30da7fff,5,5-6-4,10,2,51.52377047093141,-0.08396656560322519,75.864,"POLYGON ((-0.083791229671276 51.524409399968896, -0.0847495912311359 51.524239338617306, -0.0849249173627708 51.52360040442301, -0.0841418978758676 51.5231315370374, -0.0831835581080654 51.52330159923554, -0.0830082160354461 51.52394052797269, -0.083791229671276 51.524409399968896))",0,True,True,,2
8a194ad30daffff,5,5-6-5,10,2,51.52266266564194,-0.08335889652128746,75.864,"POLYGON ((-0.0831835581080654 51.52330159923554, -0.0841418978758676 51.5231315370374, -0.0843172264893025 51.52249259828698, -0.0835342312752421 51.522023727192, -0.0825759132987009 51.52219379023698, -0.082400568745271 51.52283272353004, -0.0831835581080654 51.52330159923554))",0,True,True,,3
8a194ad30db7fff,5,5-6-6,10,2,51.52406926779843,-0.08570795498234152,75.864,"POLYGON ((-0.0855326349920759 51.52470820229288, -0.0864910107349092 51.52453812716325, -0.0866663209243853 51.52389918751212, -0.0858832713135294 51.52343032844739, -0.0849249173627708 51.52360040442301, -0.0847495912311359 51.524239338617306, -0.0855326349920759 51.52470820229288))",0,True,True,,1
8a194ad32107fff,7,7-4-0,10,2,51.51393456806341,-0.10854335324461055,75.864,"POLYGON ((-0.1083682854500059 51.51457366453833, -0.1093266112294507 51.51440332954948, -0.1095016692219488 51.51376422792002, -0.108718417385274 51.513295466733965, -0.1077601133874907 51.51346580256298, -0.1075850394450324 51.514104898737855, -0.1083682854500059 51.51457366453833))",0,True,True,,11
8a194ad3210ffff,7,7-4-1,10,2,51.51282670153365,-0.10793518367592204,75.864,"POLYGON ((-0.1077601133874907 51.51346580256298, -0.108718417385274 51.513295466733965, -0.1088934778721259 51.5126563605501, -0.1081102503104767 51.512187595649955, -0.1071519680935489 51.512357932319425, -0.1069768916577316 51.51299703304851, -0.1077601133874907 51.51346580256298))",0,True,True,,0
8a194ad32117fff,7,7-4-2,10,2,51.51423298509145,-0.11028493918627529,75.864,"POLYGON ((-0.1101098873423501 51.51487208702075, -0.1110682272785925 51.51470173824791, -0.1112432693199677 51.51406263116419, -0.110459987376535 51.51359387830756, -0.1095016692219488 51.51376422792002, -0.1093266112294507 51.51440332954948, -0.1101098873423501 51.51487208702075))",0,True,True,,4
8a194ad3211ffff,7,7-4-3,10,2,51.51312512143606,-0.10967672356071094,75.864,"POLYGON ((-0.1095016692219488 51.51376422792002, -0.110459987376535 51.51359387830756, -0.1106350319132334 51.512954766669225, -0.109851774245821 51.51248601009773, -0.1088934778721259 51.5126563605501, -0.108718417385274 51.513295466733965, -0.1095016692219488 51.51376422792002))",0,True,True,,1
8a194ad32127fff,7,7-4-4,10,2,51.51474399005818,-0.10740996184847869,75.864,"POLYGON ((-0.1072348805976794 51.51538307652377, -0.1081932140013507 51.51521275615858, -0.1083682854500059 51.51457366453833, -0.1075850394450324 51.514104898737855, -0.1066267278237621 51.51427521994348, -0.1064516404253913 51.51491430610909, -0.1072348805976794 51.51538307652377))",0,True,True,,6
8a194ad3212ffff,7,7-4-5,10,2,51.51363612892324,-0.1068018115678323,75.864,"POLYGON ((-0.1066267278237621 51.51427521994348, -0.1075850394450324 51.514104898737855, -0.1077601133874907 51.51346580256298, -0.1069768916577316 51.51299703304851, -0.1060186018180871 51.51316735509481, -0.1058435119268773 51.51380644581483, -0.1066267278237621 51.51427521994348))",0,True,True,,1
8a194ad32137fff,7,7-4-6,10,2,51.51504242632427,-0.10915154958309194,75.864,"POLYGON ((-0.108976484282753 51.515681518244335, -0.1099348318446142 51.51551118409534, -0.1101098873423501 51.51487208702075, -0.1093266112294507 51.51440332954948, -0.1083682854500059 51.51457366453833, -0.1081932140013507 51.51521275615858, -0.108976484282753 51.515681518244335))",0,True,True,,3
8a194ad36647fff,9,9-1-0,10,2,51.52211418336833,-0.10356701075309199,75.864,"POLYGON ((-0.1033918696905884 51.52275320611381, -0.104350306569014 51.52258296139188, -0.1045254378276658 51.52194393349119, -0.1037421481597825 51.521475155766716, -0.1027837330698185 51.52164540132952, -0.102608585859588 51.522284423775865, -0.1033918696905884 51.52275320611381))",0,True,True,,1
8a194ad3664ffff,9,9-1-1,10,2,51.521006374027145,-0.10295887662415028,75.864,"POLYGON ((-0.1027837330698185 51.52164540132952, -0.1037421481597825 51.521475155766716, -0.1039172819107692 51.52083612330914, -0.1031340165227233 51.520367341868884, -0.1021756232204556 51.52053758827284, -0.1020004735188443 51.52117661527584, -0.1027837330698185 51.52164540132952))",0,True,True,,1
8a194ad36657fff,9,9-1-2,10,2,51.522412707200154,-0.10530874562814466,75.864,"POLYGON ((-0.1051336205179443 51.52305173539983, -0.106092071561553 51.522881476893296, -0.1062671868674168 51.52224244353855, -0.1054838670827819 51.52177367414432, -0.1045254378276658 51.52194393349119, -0.104350306569014 51.52258296139188, -0.1051336205179443 51.52305173539983))",0,True,True,,4
8a194ad3665ffff,9,9-1-3,10,2,51.5213049007344,-0.10470056543067399,75.864,"POLYGON ((-0.1045254378276658 51.52194393349119, -0.1054838670827819 51.52177367414432, -0.1056589848819552 51.52113463623247, -0.1048756893781632 51.52066586312168, -0.1039172819107692 51.52083612330914, -0.1037421481597825 51.521475155766716, -0.1045254378276658 51.52194393349119))",0,True,True,,1
8a194ad36667fff,9,9-1-4,10,2,51.522923441366046,-0.10243343499335447,75.864,"POLYGON ((-0.1022582804710239 51.52356245409996, -0.103216724972152 51.523392224003054, -0.1033918696905884 51.52275320611381, -0.102608585859588 51.522284423775865, -0.1016501631476868 51.52245465471388, -0.101475002477881 51.52309366714869, -0.1022582804710239 51.52356245409996))",0,True,True,,7
8a194ad3666ffff,9,9-1-5,10,2,51.521815637422904,-0.10182532016129452,75.864,"POLYGON ((-0.1016501631476868 51.52245465471388, -0.102608585859588 51.522284423775865, -0.1027837330698185 51.52164540132952, -0.1020004735188443 51.52117661527584, -0.1010420725954044 51.52134684705529, -0.1008669094347841 51.521985864046975, -0.1016501631476868 51.52245465471388))",0,True,True,,5
8a194ad36677fff,9,9-1-6,10,2,51.52322198443639,-0.10417517165463476,75.864,"POLYGON ((-0.1040000330843931 51.52386100262456, -0.1049584917520767 51.52369075874323, -0.1051336205179443 51.52305173539983, -0.104350306569014 51.52258296139188, -0.1033918696905884 51.52275320611381, -0.103216724972152 51.523392224003054, -0.1040000330843931 51.52386100262456))",0,True,True,,3
8a194ad36687fff,9,9-2-0,10,2,51.524415935551495,-0.11114256112736406,75.864,"POLYGON ((-0.1109674863774144 51.52505497555376, -0.1119260016977193 51.52488467652753, -0.1121010666414224 51.52424563137055, -0.1113176322224825 51.523776890692716, -0.1103591386915175 51.52394719055735, -0.1101840577904899 51.52458623026138, -0.1109674863774144 51.52505497555376))",0,True,True,,7
8a194ad3668ffff,9,9-2-1,10,2,51.523308145996886,-0.11053421593763842,75.864,"POLYGON ((-0.1103591386915175 51.52394719055735, -0.1113176322224825 51.523776890692716, -0.1114926996628638 51.52313784097755, -0.110709289528962 51.522669096580145, -0.1097508177865562 51.52283939728344, -0.1095757343898201 51.52347844154545, -0.1103591386915175 51.52394719055735))",0,True,True,,1
8a194ad36697fff,9,9-2-2,10,2,51.524714368030075,-0.1128845191947973,75.864,"POLYGON ((-0.1127094604028969 51.52535341348509, -0.1136679898829615 51.52518310067085, -0.113843038868146 51.52454405006124, -0.113059574332127 51.52407531771846, -0.1121010666414224 51.52424563137055, -0.1119260016977193 51.52488467652753, -0.1127094604028969 51.52535341348509))",0,True,True,,0
8a194ad3669ffff,9,9-2-3,10,2,51.52360658135711,-0.11227612793047415,75.864,"POLYGON ((-0.1121010666414224 51.52424563137055, -0.113059574332127 51.52407531771846, -0.1132346258149748 51.52343626255041, -0.1124511855649736 51.522967526487314, -0.1114926996628638 51.52313784097755, -0.1113176322224825 51.523776890692716, -0.1121010666414224 51.52424563137055))",0,True,True,,0
8a194ad366a7fff,9,9-2-4,10,2,51.52522526510884,-0.11000897323441026,75.864,"POLYGON ((-0.109833885023241 51.52586429509963, -0.1107924079725139 51.52569401069937, -0.1109674863774144 51.52505497555376, -0.1101840577904899 51.52458623026138, -0.1092255566312968 51.524756515500286, -0.1090504622692807 51.525395545192886, -0.109833885023241 51.52586429509963))",0,True,True,,18
8a194ad366affff,9,9-2-5,10,2,51.52411748095109,-0.1094006473380966,75.864,"POLYGON ((-0.1092255566312968 51.524756515500286, -0.1101840577904899 51.52458623026138, -0.1103591386915175 51.52394719055735, -0.1095757343898201 51.52347844154545, -0.1086172550199416 51.52364872762334, -0.108442158162768 51.52428776187409, -0.1092255566312968 51.524756515500286))",0,True,True,,4
8a194ad366b7fff,9,9-2-6,10,2,51.52552371682789,-0.1117509330992401,75.864,"POLYGON ((-0.1115758608458856 51.526162752271546, -0.1125343979563112 51.52599245408345, -0.1127094604028969 51.52535341348509, -0.1119260016977193 51.52488467652753, -0.1109674863774144 51.52505497555376, -0.1107924079725139 51.52569401069937, -0.1115758608458856 51.526162752271546))",0,True,True,,0
8a194ad366c7fff,9,9-3-0,10,2,51.52190188780517,-0.10818407588433074,75.864,"POLYGON ((-0.1080089801875722 51.52254093146987, -0.1089674377689119 51.52237064455275, -0.1091425236609019 51.52173159573321, -0.1083591679261012 51.52126283928442, -0.1074007321325247 51.52143312704104, -0.1072256302863282 51.52207217040692, -0.1080089801875722 51.52254093146987))",0,True,True,,3
8a194ad366cffff,9,9-3-1,10,2,51.52079407881922,-0.10757583032362694,75.864,"POLYGON ((-0.1074007321325247 51.52143312704104, -0.1083591679261012 51.52126283928442, -0.108534256312952 51.52062378590772, -0.1077509248597647 51.52015502574154, -0.1067925108531912 51.520325314337974, -0.1066174065131188 51.52096436226075, -0.1074007321325247 51.52143312704104))",0,True,True,,1
8a194ad366d7fff,9,9-3-2,10,2,51.52220034816523,-0.10992589752840913,75.864,"POLYGON ((-0.1097508177865562 51.52283939728344, -0.110709289528962 51.522669096580145, -0.1108843594656027 51.52203004230721, -0.1101009736155293 51.52156129419092, -0.1091425236609019 51.52173159573321, -0.1089674377689119 51.52237064455275, -0.1097508177865562 51.52283939728344))",0,True,True,,12
8a194ad366dffff,9,9-3-3,10,2,51.52109254205764,-0.10931760589808355,75.864,"POLYGON ((-0.1091425236609019 51.52173159573321, -0.1101009736155293 51.52156129419092, -0.1102760460479902 51.52092223536061, -0.1094926844805509 51.520453483526175, -0.108534256312952 51.52062378590772, -0.1083591679261012 51.52126283928442, -0.1091425236609019 51.52173159573321))",0,True,True,,18
8a194ad366e7fff,9,9-3-4,10,2,51.5227112089167,-0.10705052478494338,75.864,"POLYGON ((-0.1068754156282404 51.52335024257024, -0.1078338808356753 51.52317997027839, -0.1080089801875722 51.52254093146987, -0.1072256302863282 51.52207217040692, -0.1062671868674168 51.52224244353855, -0.106092071561553 51.522881476893296, -0.1068754156282404 51.52335024257024))",0,True,True,,3
8a194ad366effff,9,9-3-5,10,2,51.521603405327646,-0.10644229851790221,75.864,"POLYGON ((-0.1062671868674168 51.52224244353855, -0.1072256302863282 51.52207217040692, -0.1074007321325247 51.52143312704104, -0.1066174065131188 51.52096436226075, -0.1056589848819552 51.52113463623247, -0.1054838670827819 51.52177367414432, -0.1062671868674168 51.52224244353855))",0,True,True,,0
8a194ad366f7fff,9,9-3-6,10,2,51.523009688516176,-0.10879234822195816,75.864,"POLYGON ((-0.1086172550199416 51.52364872762334, -0.1095757343898201 51.52347844154545, -0.1097508177865562 51.52283939728344, -0.1089674377689119 51.52237064455275, -0.1080089801875722 51.52254093146987, -0.1078338808356753 51.52317997027839, -0.1086172550199416 51.52364872762334))",0,True,True,,0
8a194ad36787fff,9,9-6-0,10,2,51.527142340510736,-0.10948369763501159,75.864,"POLYGON ((-0.1093085984577481 51.5277813559308, -0.1102671508269778 51.52761108699523, -0.1104422401974076 51.526972066420235, -0.109658793156801 51.52650332023366, -0.1087002625791772 51.526673590007846, -0.1085251572508813 51.52731260512997, -0.1093085984577481 51.5277813559308))",0,True,True,,0
8a194ad3678ffff,9,9-6-1,10,2,51.526034570028784,-0.10887536425194909,75.864,"POLYGON ((-0.1087002625791772 51.526673590007846, -0.109658793156801 51.52650332023366, -0.109833885023241 51.52586429509963, -0.1090504622692807 51.525395545192886, -0.1080919534824872 51.52556581580602, -0.107916845659161 51.52620483548695, -0.1087002625791772 51.526673590007846))",0,True,True,,16
8a194ad36797fff,9,9-6-2,10,2,51.5274408085882,-0.11122570537409775,75.864,"POLYGON ((-0.1110506221554457 51.52807982946099, -0.1120091886872159 51.52790954673722, -0.112184262098575 51.52727052070963, -0.1114007849375412 51.526801782858364, -0.1104422401974076 51.526972066420235, -0.1102671508269778 51.52761108699523, -0.1110506221554457 51.52807982946099))",0,True,True,,0
8a194ad3679ffff,9,9-6-3,10,2,51.52633304098825,-0.11061732591253787,75.864,"POLYGON ((-0.1104422401974076 51.526972066420235, -0.1114007849375412 51.526801782858364, -0.1115758608458856 51.526162752271546, -0.1107924079725139 51.52569401069937, -0.109833885023241 51.52586429509963, -0.109658793156801 51.52650332023366, -0.1104422401974076 51.526972066420235))",0,True,True,,2
8a194ad367a7fff,9,9-6-4,10,2,51.527951615395004,-0.10835004826693145,75.864,"POLYGON ((-0.1081749356272183 51.528590620802845, -0.1091334956249164 51.528420366493684, -0.1093085984577481 51.5277813559308, -0.1085251572508813 51.52731260512997, -0.1075666190455496 51.527482860278006, -0.1073915002550506 51.52812186538795, -0.1081749356272183 51.528590620802845))",0,True,True,,0
8a194ad367affff,9,9-6-5,10,2,51.52684385031096,-0.10774173418020978,75.864,"POLYGON ((-0.1075666190455496 51.527482860278006, -0.1085251572508813 51.52731260512997, -0.1087002625791772 51.526673590007846, -0.107916845659161 51.52620483548695, -0.106958329245425 51.52637509147418, -0.1067832079604265 51.5270141011431, -0.1075666190455496 51.527482860278006))",0,True,True,,3
8a194ad367b7fff,9,9-6-6,10,2,51.5282501027131,-0.11009205780115967,75.864,"POLYGON ((-0.1099169611198438 51.52888911357374, -0.1108755352814603 51.528718845476526, -0.1110506221554457 51.52807982946099, -0.1102671508269778 51.52761108699523, -0.1093085984577481 51.5277813559308, -0.1091334956249164 51.528420366493684, -0.1099169611198438 51.52888911357374))",0,True,True,,0
8a194ad36a07fff,11,11-0-0,10,2,51.528201609419106,-0.08639750949799596,75.864,"POLYGON ((-0.0862221834954712 51.528840520227924, -0.0871806322312073 51.5286704622597, -0.087355948431411 51.52803154629409, -0.0865728318410773 51.52756269375295, -0.0856144049004633 51.52773275256659, -0.0854390727553832 51.52837166307595, -0.0862221834954712 51.528840520227924))",0,True,True,,0
8a194ad36a0ffff,11,11-0-1,10,2,51.52709383719996,-0.08578973338600433,75.864,"POLYGON ((-0.0856144049004633 51.52773275256659, -0.0865728318410773 51.52756269375295, -0.0867481505247735 51.526923773229534, -0.0859650582121004 51.52645491697621, -0.0850066530658576 51.52662497663556, -0.084831318438244 51.527263891702475, -0.0856144049004633 51.52773275256659))",0,True,True,,1
8a194ad36a17fff,11,11-0-2,10,2,51.52850039482309,-0.0881390831573502,75.864,"POLYGON ((-0.0879637731004114 51.52913931108799, -0.0889222360192191 51.52896923933953, -0.0890975362733515 51.52833031791797, -0.0883143895550594 51.52786147370077, -0.087355948431411 51.52803154629409, -0.0871806322312073 51.5286704622597, -0.0879637731004114 51.52913931108799))",0,True,True,,0
8a194ad36a1ffff,11,11-0-3,10,2,51.527392625471165,-0.08753126097232013,75.864,"POLYGON ((-0.087355948431411 51.52803154629409, -0.0883143895550594 51.52786147370077, -0.0884896922936791 51.5272225477212, -0.0877065698540491 51.52675369979105, -0.0867481505247735 51.526923773229534, -0.0865728318410773 51.52756269375295, -0.087355948431411 51.52803154629409))",0,True,True,,4
8a194ad36a27fff,11,11-0-4,10,2,51.52901056872789,-0.0852637369506444,75.864,"POLYGON ((-0.0850883974861326 51.52964946952235, -0.0860468538333375 51.52947942617929, -0.0862221834954712 51.528840520227924, -0.0854390727553832 51.52837166307595, -0.0844806382040648 51.52854170726467, -0.0843052925972651 51.529180607759706, -0.0850883974861326 51.52964946952235))",0,True,True,,0
8a194ad36a2ffff,11,11-0-5,10,2,51.52790280191225,-0.08465598015102134,75.864,"POLYGON ((-0.0844806382040648 51.52854170726467, -0.0854390727553832 51.52837166307595, -0.0856144049004633 51.52773275256659, -0.084831318438244 51.527263891702475, -0.0838729056820461 51.52743393673717, -0.0836975575932744 51.528072841789985, -0.0844806382040648 51.52854170726467))",0,True,True,,1
8a194ad36a37fff,11,11-0-6,10,2,51.529309373367866,-0.08700531237160473,75.864,"POLYGON ((-0.0868299888524786 51.529948279618466, -0.0877884593841438 51.52977822249537, -0.0879637731004114 51.52913931108799, -0.0871806322312073 51.5286704622597, -0.0862221834954712 51.528840520227924, -0.0860468538333375 51.52947942617929, -0.0868299888524786 51.529948279618466))",0,True,True,,3
8a194ad36a47fff,11,11-1-0,10,2,51.5256872434738,-0.08344054682900479,75.864,"POLYGON ((-0.0832651999184385 51.526326157940964, -0.0842235908802924 51.526156112060036, -0.0843989279900214 51.52551719243595, -0.0836158900799057 51.52504832414976, -0.0826575209116041 51.525218370877205, -0.0824821678601575 51.525857285044296, -0.0832651999184385 51.526326157940964))",0,True,True,,12
8a194ad36a4ffff,11,11-1-1,10,2,51.5245794518533,-0.0828328703033203,75.864,"POLYGON ((-0.0826575209116041 51.525218370877205, -0.0836158900799057 51.52504832414976, -0.083791229671276 51.524409399968896, -0.0830082160354461 51.52394052797269, -0.0820498686599205 51.524110575546956, -0.0818745131277966 51.52474949427059, -0.0826575209116041 51.525218370877205))",0,True,True,,11
8a194ad36a57fff,11,11-1-2,10,2,51.525986056711545,-0.08518198403395101,75.864,"POLYGON ((-0.0850066530658576 51.52662497663556, -0.0859650582121004 51.52645491697621, -0.0861403793788761 51.5258159918954, -0.0853573113426693 51.52534713193063, -0.0843989279900214 51.52551719243595, -0.0842235908802924 51.526156112060036, -0.0850066530658576 51.52662497663556))",0,True,True,,5
8a194ad36a5ffff,11,11-1-3,10,2,51.52487826795499,-0.08457426144024913,75.864,"POLYGON ((-0.0843989279900214 51.52551719243595, -0.0853573113426693 51.52534713193063, -0.0855326349920759 51.52470820229288, -0.0847495912311359 51.524239338617306, -0.083791229671276 51.524409399968896, -0.0836158900799057 51.52504832414976, -0.0843989279900214 51.52551719243595))",0,True,True,,9
8a194ad36a67fff,11,11-1-4,10,2,51.52649619435447,-0.0823068111488763,75.864,"POLYGON ((-0.0821314507776716 51.52713509880759, -0.0830898493481127 51.52696506755115, -0.0832651999184385 51.526326157940964, -0.0824821678601575 51.525857285044296, -0.0815237910840177 51.526027317147566, -0.0813484245721798 51.52666622130065, -0.0821314507776716 51.52713509880759))",0,True,True,,12
8a194ad36a6ffff,11,11-1-5,10,2,51.52538840813749,-0.08169915393585696,75.864,"POLYGON ((-0.0815237910840177 51.526027317147566, -0.0824821678601575 51.525857285044296, -0.0826575209116041 51.525218370877205, -0.0818745131277966 51.52474949427059, -0.080916158145192 51.52491952722091, -0.0807407891531973 51.52555843593071, -0.0815237910840177 51.526027317147566))",0,True,True,,11
8a194ad36a77fff,11,11-1-6,10,2,51.52679502682715,-0.08404825011102417,75.864,"POLYGON ((-0.0838729056820461 51.52743393673717, -0.084831318438244 51.527263891702475, -0.0850066530658576 51.52662497663556, -0.0842235908802924 51.526156112060036, -0.0832651999184385 51.526326157940964, -0.0830898493481127 51.52696506755115, -0.0838729056820461 51.52743393673717))",0,True,True,,5
8a194ad36a87fff,11,11-2-0,10,2,51.527990135701884,-0.09101444907283254,75.864,"POLYGON ((-0.0908391684247568 51.5286290674365, -0.0917976379104204 51.5284589672817, -0.0919729087552615 51.52782003039064, -0.0911897260622224 51.527351199109944, -0.0902312783709956 51.52752130010881, -0.0900559915786832 51.528160231544284, -0.0908391684247568 51.5286290674365))",0,True,True,,1
8a194ad36a8ffff,11,11-2-1,10,2,51.52688236381614,-0.09040656150457244,75.864,"POLYGON ((-0.0902312783709956 51.52752130010881, -0.0911897260622224 51.527351199109944, -0.0913649993930662 51.526712257660854, -0.0905818409795127 51.526243422666404, -0.0896234150819364 51.52641352450959, -0.0894481258045957 51.5270524605029, -0.0902312783709956 51.52752130010881))",0,True,True,,0
8a194ad36a97fff,11,11-2-2,10,2,51.5282888576579,-0.0927561095839629,75.864,"POLYGON ((-0.0925808448841089 51.528927794847924, -0.0935393285487224 51.528757680911305, -0.0937145834448819 51.52811873856499, -0.0929313706254216 51.527649915610525, -0.0919729087552615 51.52782003039064, -0.0917976379104204 51.5284589672817, -0.0925808448841089 51.528927794847924))",0,True,True,,0
8a194ad36a9ffff,11,11-2-3,10,2,51.527181088642344,-0.09214817594159613,75.864,"POLYGON ((-0.0919729087552615 51.52782003039064, -0.0929313706254216 51.527649915610525, -0.0931066280085686 51.52701096870593, -0.0923234394695644 51.52654214203693, -0.0913649993930662 51.526712257660854, -0.0911897260622224 51.527351199109944, -0.0919729087552615 51.52782003039064))",0,True,True,,0
8a194ad36aa7fff,11,11-2-4,10,2,51.52879915812242,-0.0898807011275103,75.864,"POLYGON ((-0.0897054070173626 51.529438079843096, -0.0906638841178857 51.52926799431371, -0.0908391684247568 51.5286290674365, -0.0900559915786832 51.528160231544284, -0.0890975362733515 51.52833031791797, -0.0889222360192191 51.52896923933953, -0.0897054070173626 51.529438079843096))",0,True,True,,1
8a194ad36aaffff,11,11-2-5,10,2,51.527691391639046,-0.0892728328684337,75.864,"POLYGON ((-0.0890975362733515 51.52833031791797, -0.0900559915786832 51.528160231544284, -0.0902312783709956 51.52752130010881, -0.0894481258045957 51.5270524605029, -0.0884896922936791 51.5272225477212, -0.0883143895550594 51.52786147370077, -0.0890975362733515 51.52833031791797))",7,True,True,,20
8a194ad36ab7fff,11,11-2-6,10,2,51.529097899315374,-0.09162236340697369,75.864,"POLYGON ((-0.0914470852448172 51.52973682649155, -0.0924055765256888 51.52956672718051, -0.0925808448841089 51.528927794847924, -0.0917976379104204 51.5284589672817, -0.0908391684247568 51.5286290674365, -0.0906638841178857 51.52926799431371, -0.0914470852448172 51.52973682649155))",0,True,True,,0
8a194ad36ac7fff,11,11-3-0,10,2,51.52547583385973,-0.08805717664039911,75.864,"POLYGON ((-0.0878818750767074 51.52611476925387, -0.0888402867940004 51.52594468119067, -0.089015578555936 51.52530574064, -0.0882324745452542 51.52483689360876, -0.0872740846208289 51.525006982517155, -0.0870987769145399 51.525645917611506, -0.0878818750767074 51.52611476925387))",0,True,True,,3
8a194ad36acffff,11,11-3-1,10,2,51.52436804256602,-0.08744938866818547,75.864,"POLYGON ((-0.0872740846208289 51.525006982517155, -0.0882324745452542 51.52483689360876, -0.0884077687913614 51.524197948501104, -0.0876246890567497 51.52372909775828, -0.0866663209243853 51.52389918751212, -0.0864910107349092 51.52453812716325, -0.0872740846208289 51.525006982517155))",0,True,True,,6
8a194ad36ad7fff,11,11-3-2,10,2,51.52577458365931,-0.08979870070058078,75.864,"POLYGON ((-0.0896234150819364 51.52641352450959, -0.0905818409795127 51.526243422666404, -0.0907571167959259 51.52560447665969, -0.0899739826606227 51.52513563795214, -0.089015578555936 51.52530574064, -0.0888402867940004 51.52594468119067, -0.0896234150819364 51.52641352450959))",0,True,True,,2
8a194ad36adffff,11,11-3-3,10,2,51.5246667952325,-0.08919086665921443,75.864,"POLYGON ((-0.089015578555936 51.52530574064, -0.0899739826606227 51.52513563795214, -0.0901492609621921 51.524496687388236, -0.0893661511039348 51.52402784496835, -0.0884077687913614 51.524197948501104, -0.0882324745452542 51.52483689360876, -0.089015578555936 51.52530574064))",0,True,True,,0
8a194ad36ae7fff,11,11-3-4,10,2,51.526284847849006,-0.0869234655492297,75.864,"POLYGON ((-0.0867481505247735 51.526923773229534, -0.0877065698540491 51.52675369979105, -0.0878818750767074 51.52611476925387, -0.0870987769145399 51.525645917611506, -0.0861403793788761 51.5258159918954, -0.0859650582121004 51.52645491697621, -0.0867481505247735 51.526923773229534))",0,True,True,,9
8a194ad36aeffff,11,11-3-5,10,2,51.52517706195772,-0.08631569688643584,75.864,"POLYGON ((-0.0861403793788761 51.5258159918954, -0.0870987769145399 51.525645917611506, -0.0872740846208289 51.525006982517155, -0.0864910107349092 51.52453812716325, -0.0855326349920759 51.52470820229288, -0.0853573113426693 51.52534713193063, -0.0861403793788761 51.5258159918954))",0,True,True,,1
8a194ad36af7fff,11,11-3-6,10,2,51.52658361688445,-0.08866499137326748,75.864,"POLYGON ((-0.0884896922936791 51.5272225477212, -0.0894481258045957 51.5270524605029, -0.0896234150819364 51.52641352450959, -0.0888402867940004 51.52594468119067, -0.0878818750767074 51.52611476925387, -0.0877065698540491 51.52675369979105, -0.0884896922936791 51.5272225477212))",0,True,True,,16
8a194ad36b47fff,11,11-5-0,10,2,51.5284128931422,-0.08178071905495181,75.864,"POLYGON ((-0.0816053477032488 51.52905178302343, -0.0825637756774696 51.52888176723831, -0.0827391372277351 51.52824287219994, -0.081956086746393 51.52777399840353, -0.0809976805680144 51.527944015035416, -0.0808223030754578 51.52858290461689, -0.0816053477032488 51.52905178302343))",0,True,True,,2
8a194ad36b4ffff,11,11-5-1,10,2,51.527305120596644,-0.08117305440021347,75.864,"POLYGON ((-0.0809976805680144 51.527944015035416, -0.081956086746393 51.52777399840353, -0.0821314507776716 51.52713509880759, -0.0813484245721798 51.52666622130065, -0.0803900401888616 51.526836238779566, -0.0802146602162918 51.52747513291836, -0.0809976805680144 51.527944015035416))",0,True,True,,14
8a194ad36b57fff,11,11-5-2,10,2,51.52871174198544,-0.08352220584457408,75.864,"POLYGON ((-0.0833468504358767 51.52935063732341, -0.0843052925972651 51.529180607759706, -0.0844806382040648 51.52854170726467, -0.0836975575932744 51.528072841789985, -0.0827391372277351 51.52824287219994, -0.0825637756774696 51.52888176723831, -0.0833468504358767 51.52935063732341))",0,True,True,,5
8a194ad36b5ffff,11,11-5-3,10,2,51.527603972304156,-0.08291449511790784,75.864,"POLYGON ((-0.0827391372277351 51.52824287219994, -0.0836975575932744 51.528072841789985, -0.0838729056820461 51.52743393673717, -0.0830898493481127 51.52696506755115, -0.0821314507776716 51.52713509880759, -0.081956086746393 51.52777399840353, -0.0827391372277351 51.52824287219994))",0,True,True,,2
8a194ad36b67fff,11,11-5-4,10,2,51.52922178934091,-0.08064692192244985,75.864,"POLYGON ((-0.0804715371088708 51.52986066920732, -0.081429972691149 51.52969066804714, -0.0816053477032488 51.52905178302343, -0.0808223030754578 51.52858290461689, -0.0798638892897708 51.52875290662411, -0.0796884983356162 51.52939178619079, -0.0804715371088708 51.52986066920732))",0,True,True,,2
8a194ad36b6ffff,11,11-5-5,10,2,51.52811402219992,-0.0800392765832895,75.864,"POLYGON ((-0.0798638892897708 51.52875290662411, -0.0808223030754578 51.52858290461689, -0.0809976805680144 51.527944015035416, -0.0802146602162918 51.52747513291836, -0.0792562682264041 51.52764513577292, -0.0790808747927619 51.52828401989714, -0.0798638892897708 51.52875290662411))",0,True,True,,2
8a194ad36b77fff,11,11-5-6,10,2,51.5295206574192,-0.08238841046700213,75.864,"POLYGON ((-0.0822130415962028 51.530159542742474, -0.0831714913670474 51.52998952780383, -0.0833468504358767 51.52935063732341, -0.0825637756774696 51.52888176723831, -0.0816053477032488 51.52905178302343, -0.081429972691149 51.52969066804714, -0.0822130415962028 51.530159542742474))",0,True,True,,0
8a194ad32c07fff,12,12-0-0,10,2,51.518962740404106,-0.11445988387892445,75.864,"POLYGON ((-0.1142848579742894 51.51960182956381, -0.1152432992004875 51.519431470359656, -0.1154183153000457 51.51879237604568, -0.1146349061299732 51.51832364638892, -0.113676486688568 51.518494006431, -0.1135014546327745 51.51913309529187, -0.1142848579742894 51.51960182956381))",0,True,True,,0
8a194ad32c0ffff,12,12-0-1,10,2,51.51785491271476,-0.11385151509070464,75.864,"POLYGON ((-0.113676486688568 51.518494006431, -0.1146349061299732 51.51832364638892, -0.1148099247275552 51.517684547518435, -0.1140265398393041 51.51721581414324, -0.1130681421819012 51.51738617502353, -0.112893107629074 51.51802526844075, -0.113676486688568 51.518494006431))",0,True,True,,8
8a194ad32c17fff,12,12-0-2,10,2,51.5192611016847,-0.11620174260126122,75.864,"POLYGON ((-0.1160267326535911 51.51990019629729, -0.1169851880339484 51.51972982330556, -0.1171601881760777 51.51909072353884, -0.1163767488956158 51.518622002216574, -0.1154183153000457 51.51879237604568, -0.1152432992004875 51.519431470359656, -0.1160267326535911 51.51990019629729))",0,True,True,,7
8a194ad32c1ffff,12,12-0-3,10,2,51.51815327687631,-0.11559332774621268,75.864,"POLYGON ((-0.1154183153000457 51.51879237604568, -0.1163767488956158 51.518622002216574, -0.1165517515367386 51.51798289789307, -0.1157683365390928 51.517514172851634, -0.1148099247275552 51.517684547518435, -0.1146349061299732 51.51832364638892, -0.1154183153000457 51.51879237604568))",0,True,True,,2
8a194ad32c27fff,12,12-0-4,10,2,51.519772179297256,-0.11332641892320464,75.864,"POLYGON ((-0.1131513795597797 51.520411258447, -0.1141098284159587 51.52024091386791, -0.1142848579742894 51.51960182956381, -0.1135014546327745 51.51913309529187, -0.1125430275621182 51.51930344070915, -0.1123679820477608 51.51994251956011, -0.1131513795597797 51.520411258447))",0,True,True,,0
8a194ad32c2ffff,12,12-0-5,10,2,51.518664357002656,-0.11271806942250932,75.864,"POLYGON ((-0.1125430275621182 51.51930344070915, -0.1135014546327745 51.51913309529187, -0.113676486688568 51.518494006431, -0.112893107629074 51.51802526844075, -0.1119347023431753 51.518195614696474, -0.1117596543323299 51.518834698103966, -0.1125430275621182 51.51930344070915))",0,True,True,,4
8a194ad32c37fff,12,12-0-6,10,2,51.52007055981804,-0.1150682794474084,75.864,"POLYGON ((-0.1148932560407092 51.52070964442079, -0.1158517190524449 51.52053928605427, -0.1160267326535911 51.51990019629729, -0.1152432992004875 51.519431470359656, -0.1142848579742894 51.51960182956381, -0.1141098284159587 51.52024091386791, -0.1148932560407092 51.52070964442079))",0,True,True,,0
8a194ad32c47fff,12,12-1-0,10,2,51.51644868759137,-0.11150145075434875,75.864,"POLYGON ((-0.1113264039013175 51.517087780410094, -0.112284787403234 51.51691743331561, -0.1124598244526813 51.516278335342484, -0.111676493953611 51.51580958991764, -0.1107181322349218 51.515979937851164, -0.1105430792323923 51.51661903037045, -0.1113264039013175 51.517087780410094))",0,True,True,,3
8a194ad32c4ffff,12,12-1-1,10,2,51.51534084047693,-0.11089318158361704,75.864,"POLYGON ((-0.1107181322349218 51.515979937851164, -0.111676493953611 51.51580958991764, -0.1118515334992342 51.515170487388986, -0.1110682272785925 51.51470173824791, -0.1101098873423501 51.51487208702075, -0.1099348318446142 51.51551118409534, -0.1107181322349218 51.515979937851164))",0,True,True,,5
8a194ad32c57fff,12,12-1-2,10,2,51.51674707675116,-0.11324317308112071,75.864,"POLYGON ((-0.1130681421819012 51.51738617502353, -0.1140265398393041 51.51721581414324, -0.1142015609344656 51.5165767107166, -0.1134182003268369 51.516107973623704, -0.1124598244526813 51.516278335342484, -0.112284787403234 51.51691743331561, -0.1130681421819012 51.51738617502353))",0,True,True,,3
8a194ad32c5ffff,12,12-1-3,10,2,51.515639232514395,-0.11263485784852921,75.864,"POLYGON ((-0.1124598244526813 51.516278335342484, -0.1134182003268369 51.516107973623704, -0.1135932239191488 51.51546886564135, -0.1128098875909433 51.515000124831445, -0.1118515334992342 51.515170487388986, -0.111676493953611 51.51580958991764, -0.1124598244526813 51.516278335342484))",0,True,True,,4
8a194ad32c67fff,12,12-1-4,10,2,51.517258118034725,-0.11036802257592429,75.864,"POLYGON ((-0.1101929622654084 51.51789720084383, -0.1111513533944232 51.517726868373714, -0.1113264039013175 51.517087780410094, -0.1105430792323923 51.51661903037045, -0.1095847098873344 51.51678936367987, -0.1094096434275666 51.517428446189584, -0.1101929622654084 51.51789720084383))",0,True,True,,2
8a194ad32c6ffff,12,12-1-5,10,2,51.5161502763151,-0.10975977269297363,75.864,"POLYGON ((-0.1095847098873344 51.51678936367987, -0.1105430792323923 51.51661903037045, -0.1107181322349218 51.515979937851164, -0.1099348318446142 51.51551118409534, -0.108976484282753 51.515681518244335, -0.1088014153283348 51.51632060530953, -0.1095847098873344 51.51678936367987))",0,True,True,,3
8a194ad32c77fff,12,12-1-6,10,2,51.517556526433644,-0.11210974670011367,75.864,"POLYGON ((-0.1119347023431753 51.518195614696474, -0.112893107629074 51.51802526844075, -0.1130681421819012 51.51738617502353, -0.112284787403234 51.51691743331561, -0.1113264039013175 51.517087780410094, -0.1111513533944232 51.517726868373714, -0.1119347023431753 51.518195614696474))",0,True,True,,3
8a194ad32c87fff,12,12-2-0,10,2,51.51874993883391,-0.11907708584578021,75.864,"POLYGON ((-0.1189021053151484 51.51938904890864, -0.1198605672149154 51.51921864750328, -0.1200355379395856 51.51857953227467, -0.1192520627236464 51.518110823903775, -0.1182936226079309 51.51828122614573, -0.1181186359244402 51.51892033592195, -0.1189021053151484 51.51938904890864))",0,True,True,,3
8a194ad32c8ffff,12,12-2-1,10,2,51.517642111514185,-0.1184686056385751,75.864,"POLYGON ((-0.1182936226079309 51.51828122614573, -0.1192520627236464 51.518110823903775, -0.1194270359488103 51.51747170411835, -0.118643585016467 51.51700299202748, -0.1176851666840737 51.51717339510627, -0.1175101775010335 51.51781250943905, -0.1182936226079309 51.51828122614573))",0,True,True,,10
8a194ad32c97fff,12,12-2-2,10,2,51.51904823662649,-0.1208190312867826,75.864,"POLYGON ((-0.1206440667157008 51.51968735215346, -0.1216025427655304 51.519516936958915, -0.1217774975301969 51.51887781627818, -0.1209939922053339 51.51840911624409, -0.1200355379395856 51.51857953227467, -0.1198605672149154 51.51921864750328, -0.1206440667157008 51.51968735215346))",0,True,True,,3
8a194ad32c9ffff,12,12-2-3,10,2,51.517940412190676,-0.12021050501166491,75.864,"POLYGON ((-0.1200355379395856 51.51857953227467, -0.1209939922053339 51.51840911624409, -0.1211689494714793 51.51776999100632, -0.1203854684312219 51.51730128725148, -0.1194270359488103 51.51747170411835, -0.1192520627236464 51.518110823903775, -0.1200355379395856 51.51857953227467))",0,True,True,,7
8a194ad32ca7fff,12,12-2-4,10,2,51.5195594408427,-0.11794364558798862,75.864,"POLYGON ((-0.1177686515984463 51.52019854090792, -0.1187271211316261 51.52002815412787, -0.1189021053151484 51.51938904890864, -0.1181186359244402 51.51892033592195, -0.1171601881760777 51.51909072353884, -0.1169851880339484 51.51972982330556, -0.1177686515984463 51.52019854090792))",0,True,True,,17
8a194ad32caffff,12,12-2-5,10,2,51.51845161891661,-0.11733518466509174,75.864,"POLYGON ((-0.1171601881760777 51.51909072353884, -0.1181186359244402 51.51892033592195, -0.1182936226079309 51.51828122614573, -0.1175101775010335 51.51781250943905, -0.1165517515367386 51.51798289789307, -0.1163767488956158 51.518622002216574, -0.1171601881760777 51.51909072353884))",0,True,True,,6
8a194ad32cb7fff,12,12-2-6,10,2,51.51985775787641,-0.11968559283755,75.864,"POLYGON ((-0.1195106148073494 51.52049686339393, -0.1204690984919688 51.520326462824855, -0.1206440667157008 51.51968735215346, -0.1198605672149154 51.51921864750328, -0.1189021053151484 51.51938904890864, -0.1187271211316261 51.52002815412787, -0.1195106148073494 51.52049686339393))",0,True,True,,1
8a194ad32d07fff,12,12-4-0,10,2,51.52168940217912,-0.11280128987080441,75.864,"POLYGON ((-0.1126262395450455 51.52232846676129, -0.113584717817678 51.522158137645526, -0.1137597583377573 51.52151906790891, -0.1129763365423341 51.52105033274099, -0.1120178800567602 51.521220662694915, -0.1118428235799035 51.52185972697851, -0.1126262395450455 51.52232846676129))",0,True,True,,4
8a194ad32d0ffff,12,12-4-1,10,2,51.52058159355539,-0.11219293287934799,75.864,"POLYGON ((-0.1120178800567602 51.521220662694915, -0.1129763365423341 51.52105033274099, -0.1131513795597797 51.520411258447, -0.1123679820477608 51.51994251956011, -0.1114095473484906 51.52011285035249, -0.1112344883752525 51.52075191919324, -0.1120178800567602 51.521220662694915))",0,True,True,,1
8a194ad32d17fff,12,12-4-2,10,2,51.521987799058735,-0.11454319826598723,75.864,"POLYGON ((-0.1143681638977355 51.52262686909373, -0.1153266563273221 51.52245652619016, -0.1155016808894556 51.521817451000835, -0.1147182289802651 51.521348724167716, -0.1137597583377573 51.52151906790891, -0.113584717817678 51.522158137645526, -0.1143681638977355 51.52262686909373))",0,True,True,,6
8a194ad32d1ffff,12,12-4-3,10,2,51.520879993316335,-0.11393479520381264,75.864,"POLYGON ((-0.1137597583377573 51.52151906790891, -0.1147182289802651 51.521348724167716, -0.1148932560407092 51.52070964442079, -0.1141098284159587 51.52024091386791, -0.1131513795597797 51.520411258447, -0.1129763365423341 51.52105033274099, -0.1137597583377573 51.52151906790891))",0,True,True,,2
8a194ad32d27fff,12,12-4-4,10,2,51.52249878640612,-0.11166776344863263,75.864,"POLYGON ((-0.1114926996628638 51.52313784097755, -0.1124511855649736 51.522967526487314, -0.1126262395450455 51.52232846676129, -0.1118428235799035 51.52185972697851, -0.1108843594656027 51.52203004230721, -0.110709289528962 51.522669096580145, -0.1114926996628638 51.52313784097755))",0,True,True,,4
8a194ad32d2ffff,12,12-4-5,10,2,51.52139098317817,-0.11105942574766475,75.864,"POLYGON ((-0.1108843594656027 51.52203004230721, -0.1118428235799035 51.52185972697851, -0.1120178800567602 51.521220662694915, -0.1112344883752525 51.52075191919324, -0.1102760460479902 51.52092223536061, -0.1101009736155293 51.52156129419092, -0.1108843594656027 51.52203004230721))",0,True,True,,12
8a194ad32d37fff,12,12-4-6,10,2,51.522797202526064,-0.11340967364344008,75.864,"POLYGON ((-0.1132346258149748 51.52343626255041, -0.1141931258754211 51.52326593427256, -0.1143681638977355 51.52262686909373, -0.113584717817678 51.522158137645526, -0.1126262395450455 51.52232846676129, -0.1124511855649736 51.522967526487314, -0.1132346258149748 51.52343626255041))",0,True,True,,9
8a194ad32d47fff,12,12-5-0,10,2,51.51917535189607,-0.1098428306817546,75.864,"POLYGON ((-0.1096677594084031 51.51981442013894, -0.1106261799493973 51.519644103132585, -0.1108012414185827 51.519005029735055, -0.1100178983007046 51.51853627879767, -0.1090594995452081 51.51870659664331, -0.1088844221223986 51.51934566458705, -0.1096677594084031 51.51981442013894))",0,True,True,,6
8a194ad32d4ffff,12,12-5-1,10,2,51.5180675238441,-0.10923457331355071,75.864,"POLYGON ((-0.1090594995452081 51.51870659664331, -0.1100178983007046 51.51853627879767, -0.1101929622654084 51.51789720084383, -0.1094096434275666 51.517428446189584, -0.108451266456777 51.51759876487482, -0.1082761865394238 51.518237837374656, -0.1090594995452081 51.51870659664331))",0,True,True,,5
8a194ad32d57fff,12,12-5-2,10,2,51.51947377665602,-0.11158460266747312,75.864,"POLYGON ((-0.1114095473484906 51.52011285035249, -0.1123679820477608 51.51994251956011, -0.1125430275621182 51.51930344070915, -0.1117596543323299 51.518834698103966, -0.1108012414185827 51.519005029735055, -0.1106261799493973 51.519644103132585, -0.1114095473484906 51.52011285035249))",0,True,True,,2
8a194ad32d5ffff,12,12-5-3,10,2,51.51836595148208,-0.11097629923354126,75.864,"POLYGON ((-0.1108012414185827 51.519005029735055, -0.1117596543323299 51.518834698103966, -0.1119347023431753 51.518195614696474, -0.1111513533944232 51.517726868373714, -0.1101929622654084 51.51789720084383, -0.1100178983007046 51.51853627879767, -0.1108012414185827 51.519005029735055))",0,True,True,,4
8a194ad32d67fff,12,12-5-4,10,2,51.51998472767524,-0.10870934104501294,75.864,"POLYGON ((-0.108534256312952 51.52062378590772, -0.1094926844805509 51.520453483526175, -0.1096677594084031 51.51981442013894, -0.1088844221223986 51.51934566458705, -0.1079260157410423 51.51951596780814, -0.1077509248597647 51.52015502574154, -0.108534256312952 51.52062378590772))",0,True,True,,19
8a194ad32d6ffff,12,12-5-5,10,2,51.51887690501915,-0.10810110296754356,75.864,"POLYGON ((-0.1079260157410423 51.51951596780814, -0.1088844221223986 51.51934566458705, -0.1090594995452081 51.51870659664331, -0.1082761865394238 51.518237837374656, -0.1073178019435295 51.51840814143557, -0.1071427085682846 51.51904720392527, -0.1079260157410423 51.51951596780814))",0,True,True,,4
8a194ad32d77fff,12,12-5-6,10,2,51.52028317167448,-0.110451114825891,75.864,"POLYGON ((-0.1102760460479902 51.52092223536061, -0.1112344883752525 51.52075191919324, -0.1114095473484906 51.52011285035249, -0.1106261799493973 51.519644103132585, -0.1096677594084031 51.51981442013894, -0.1094926844805509 51.520453483526175, -0.1102760460479902 51.52092223536061))",0,True,True,,7
8a194ad32d87fff,12,12-6-0,10,2,51.52147672647119,-0.11741865265969788,75.864,"POLYGON ((-0.1172436477102628 51.522115811969, -0.1182021466625566 51.52194544065114, -0.1183771418054421 51.52130634999925, -0.1175936539557192 51.52083763611746, -0.1166351767897736 51.52100800827211, -0.1164601656875197 51.52164709347167, -0.1172436477102628 51.522115811969))",0,True,True,,2
8a194ad32d8ffff,12,12-6-1,10,2,51.52036891821671,-0.11681018423854339,75.864,"POLYGON ((-0.1166351767897736 51.52100800827211, -0.1175936539557192 51.52083763611746, -0.1177686515984463 51.52019854090792, -0.1169851880339484 51.51972982330556, -0.1160267326535911 51.51990019629729, -0.1158517190524449 51.52053928605427, -0.1166351767897736 51.52100800827211))",0,True,True,,8
8a194ad32d97fff,12,12-6-2,10,2,51.521775059861675,-0.11916064778804092,75.864,"POLYGON ((-0.1189856587986989 51.52241415081164, -0.1199441719038596 51.52224376570438, -0.1201191510861627 51.521604669600435, -0.1193356331242298 51.521135964055716, -0.1183771418054421 51.52130634999925, -0.1182021466625566 51.52194544065114, -0.1189856587986989 51.52241415081164))",0,True,True,,5
8a194ad32d9ffff,12,12-6-3,10,2,51.52066725449144,-0.11855213329507845,75.864,"POLYGON ((-0.1183771418054421 51.52130634999925, -0.1193356331242298 51.521135964055716, -0.1195106148073494 51.52049686339393, -0.1187271211316261 51.52002815412787, -0.1177686515984463 51.52019854090792, -0.1175936539557192 51.52083763611746, -0.1183771418054421 51.52130634999925))",0,True,True,,3
8a194ad32da7fff,12,12-6-4,10,2,51.522286173815274,-0.11628515093167714,75.864,"POLYGON ((-0.1161101325221214 51.52292524930281, -0.1170686391073046 51.522754892610735, -0.1172436477102628 51.522115811969, -0.1164601656875197 51.52164709347167, -0.1155016808894556 51.521817451000835, -0.1153266563273221 51.52245652619016, -0.1161101325221214 51.52292524930281))",0,True,True,,0
8a194ad32daffff,12,12-6-5,10,2,51.521178370955475,-0.1156767017977746,75.864,"POLYGON ((-0.1155016808894556 51.521817451000835, -0.1164601656875197 51.52164709347167, -0.1166351767897736 51.52100800827211, -0.1158517190524449 51.52053928605427, -0.1148932560407092 51.52070964442079, -0.1147182289802651 51.521348724167716, -0.1155016808894556 51.521817451000835))",0,True,True,,1
8a194ad32db7fff,12,12-6-6,10,2,51.52258452644704,-0.11802714786633799,75.864,"POLYGON ((-0.1178521454166872 51.523223607386804, -0.1188106661561045 51.52305323690551, -0.1189856587986989 51.52241415081164, -0.1182021466625566 51.52194544065114, -0.1172436477102628 51.522115811969, -0.1170686391073046 51.522754892610735, -0.1178521454166872 51.523223607386804))",0,True,True,,1
8a195da4da87fff,22,22-2-0,10,2,51.52650449824666,-0.12333719735515926,75.864,"POLYGON ((-0.1231622343365918 51.52714357641208, -0.1241208487465404 51.52697318085476, -0.1242958019556024 51.5263340975355, -0.1235121567206994 51.5258654152244, -0.1225535641002194 51.52603581161628, -0.122378594925501 51.52667488948469, -0.1231622343365918 51.52714357641208))",0,True,True,,1
8a195da4da8ffff,22,22-2-1,10,2,51.525396728891145,-0.1227285296218093,75.864,"POLYGON ((-0.1225535641002194 51.52603581161628, -0.1235121567206994 51.5258654152244, -0.12368711243325 51.52522632734542, -0.12290349149038 51.52475764130935, -0.1219449206586188 51.52492803853611, -0.1217699489813666 51.525567120964006, -0.1225535641002194 51.52603581161628))",0,True,True,,0
8a195da4da97fff,22,22-2-2,10,2,51.52680277582416,-0.1250794653268574,75.864,"POLYGON ((-0.1249045182746864 51.52744185944026, -0.125863146834844 51.52727145008993, -0.1260380840770456 51.52663236132012, -0.1252544087262567 51.52616368735117, -0.1242958019556024 51.5263340975355, -0.1241208487465404 51.52697318085476, -0.1249045182746864 51.52744185944026))",0,True,True,,8
8a195da4da9ffff,22,22-2-3,10,2,51.52569500935947,-0.124470751511766,75.864,"POLYGON ((-0.1242958019556024 51.5263340975355, -0.1252544087262567 51.52616368735117, -0.1254293484729426 51.52552459402137, -0.1246456974151712 51.525055916326714, -0.12368711243325 51.52522632734542, -0.1235121567206994 51.5258654152244, -0.1242958019556024 51.5263340975355))",0,True,True,,4
8a195da4daa7fff,22,22-2-4,10,2,51.52731396249619,-0.12220362209753434,75.864,"POLYGON ((-0.1220286456162356 51.527953030650686, -0.1229872676648365 51.527782649720535, -0.1231622343365918 51.52714357641208, -0.122378594925501 51.52667488948469, -0.1214199946671196 51.526845271249705, -0.1212450120299111 51.52748433910721, -0.1220286456162356 51.527953030650686))",0,True,True,,0
8a195da4daaffff,22,22-2-5,10,2,51.52620619853525,-0.12159497365088968,75.864,"POLYGON ((-0.1214199946671196 51.526845271249705, -0.122378594925501 51.52667488948469, -0.1225535641002194 51.52603581161628, -0.1217699489813666 51.525567120964006, -0.1208113705124497 51.52573750356417, -0.1206363853732533 51.526376575981374, -0.1214199946671196 51.526845271249705))",0,True,True,,0
8a195da4dab7fff,22,22-2-6,10,2,51.52761225931708,-0.12394589188451652,75.864,"POLYGON ((-0.1237709313693601 51.52825133292235, -0.1247295675695783 51.52808093819936, -0.1249045182746864 51.52744185944026, -0.1241208487465404 51.52697318085476, -0.1231622343365918 51.52714357641208, -0.1229872676648365 51.527782649720535, -0.1237709313693601 51.52825133292235))",0,True,True,,3
8a195da4db87fff,22,22-6-0,10,2,51.5292311523882,-0.12167868169308696,75.864,"POLYGON ((-0.1215036942510488 51.52987020597095, -0.1224623457294824 51.52969984050285, -0.1226373233613913 51.52906078176604, -0.1218536654814393 51.52859209394806, -0.1208950357947975 51.52876246025098, -0.1207200421966583 51.52940151353701, -0.1215036942510488 51.52987020597095))",0,True,True,,1
8a195da4db8ffff,22,22-6-1,10,2,51.528123402107674,-0.12107002573919569,75.864,"POLYGON ((-0.1208950357947975 51.52876246025098, -0.1218536654814393 51.52859209394806, -0.1220286456162356 51.527953030650686, -0.1212450120299111 51.52748433910721, -0.1202864041342703 51.52765470624522, -0.1201114080342394 51.52829376409159, -0.1208950357947975 51.52876246025098))",0,True,True,,0
8a195da4db97fff,22,22-6-2,10,2,51.529529465561225,-0.1234209993793497,75.864,"POLYGON ((-0.1232460279042514 51.53016852459462, -0.1242046935356741 51.52999814533331, -0.1243796552001891 51.52935908114598, -0.1235959672010229 51.528890401670445, -0.1226373233613913 51.52906078176604, -0.1224623457294824 51.52969984050285, -0.1232460279042514 51.53016852459462))",0,True,True,,7
8a195da4db9ffff,22,22-6-3,10,2,51.52842171817189,-0.12281229733980448,75.864,"POLYGON ((-0.1226373233613913 51.52906078176604, -0.1235959672010229 51.528890401670445, -0.1237709313693601 51.52825133292235, -0.1229872676648365 51.527782649720535, -0.1220286456162356 51.527953030650686, -0.1218536654814393 51.52859209394806, -0.1226373233613913 51.52906078176604))",0,True,True,,0
8a195da4dba7fff,22,22-6-4,10,2,51.53004056196562,-0.12054504494464824,75.864,"POLYGON ((-0.1203700440386476 51.53067960553671, -0.1213287031552154 51.53050925469623, -0.1215036942510488 51.52987020597095, -0.1207200421966583 51.52940151353701, -0.1197614048726128 51.52957186521259, -0.119586397810778 51.530210908486985, -0.1203700440386476 51.53067960553671))",0,True,True,,5
8a195da4dbaffff,22,22-6-5,10,2,51.52893281708075,-0.11993640828040196,75.864,"POLYGON ((-0.1197614048726128 51.52957186521259, -0.1207200421966583 51.52940151353701, -0.1208950357947975 51.52876246025098, -0.1201114080342394 51.52829376409159, -0.1191527925019508 51.52846411660254, -0.1189777829387856 51.52910316443749, -0.1197614048726128 51.52957186521259))",0,True,True,,1
8a195da4dbb7fff,22,22-6-6,10,2,51.530338894382204,-0.12228736444392256,75.864,"POLYGON ((-0.1221123795046635 51.53097794340399, -0.1230710527756034 51.53080757877045, -0.1232460279042514 51.53016852459462, -0.1224623457294824 51.52969984050285, -0.1215036942510488 51.52987020597095, -0.1213287031552154 51.53050925469623, -0.1221123795046635 51.53097794340399))",0,True,True,,13
8a194ad36407fff,26,26-0-0,10,2,51.532382592922716,-0.11078357245754947,75.864,"POLYGON ((-0.1106084698019505 51.533021580089546, -0.1115671169768424 51.5328513291332, -0.1117422098235266 51.532212336811355, -0.1109586714572343 51.53174360089788, -0.1100000460778022 51.53191385269199, -0.1098249372695503 51.53255283956177, -0.1106084698019505 51.533021580089546))",0,True,True,,1
8a194ad3640ffff,26,26-0-1,10,2,51.531274860964295,-0.11017515123006946,75.864,"POLYGON ((-0.1100000460778022 51.53191385269199, -0.1109586714572343 51.53174360089788, -0.1111337668011041 51.53110460401514, -0.1103502527264615 51.53063586437878, -0.1093916491417081 51.53080611701096, -0.1092165378372561 51.53144510844141, -0.1100000460778022 51.53191385269199))",0,True,True,,1
8a194ad36417fff,26,26-0-2,10,2,51.532681068704335,-0.11252576632930601,75.864,"POLYGON ((-0.1123506796360099 51.53332006132305, -0.113309340974917 51.53314979657646, -0.113484417858839 51.53251079880284, -0.1127008493669638 51.532042071227536, -0.1117422098235266 51.532212336811355, -0.1115671169768424 51.5328513291332, -0.1123506796360099 51.53332006132305))",0,True,True,,0
8a194ad3641ffff,26,26-0-3,10,2,51.531573339631514,-0.11191729901448157,75.864,"POLYGON ((-0.1117422098235266 51.532212336811355, -0.1127008493669638 51.532042071227536, -0.1128759287490365 51.5314030688928, -0.1120923845498168 51.53093433759381, -0.1111337668011041 51.53110460401514, -0.1109586714572343 51.53174360089788, -0.1117422098235266 51.532212336811355))",0,True,True,,2
8a194ad36427fff,26,26-0-4,10,2,51.533191821573496,-0.10964982480517378,75.864,"POLYGON ((-0.1094747086845938 51.533830798727024, -0.1104333634903279 51.53366056239824, -0.1106084698019505 51.533021580089546, -0.1098249372695503 51.53255283956177, -0.1088663042600366 51.53272307672861, -0.1086911819870505 51.53336205358514, -0.1094747086845938 51.533830798727024))",0,True,True,,14
8a194ad3642ffff,26,26-0-5,10,2,51.53208409501398,-0.10904142287672855,75.864,"POLYGON ((-0.1088663042600366 51.53272307672861, -0.1098249372695503 51.53255283956177, -0.1100000460778022 51.53191385269199, -0.1092165378372561 51.53144510844141, -0.1082579266231868 51.53161534644654, -0.1080828018545261 51.53225432786394, -0.1088663042600366 51.53272307672861))",0,True,True,,0
8a194ad36437fff,26,26-0-6,10,2,51.533490316596925,-0.11139202047430417,75.864,"POLYGON ((-0.1112169203158077 51.53412929920245, -0.11217558928692 51.533959049083585, -0.1123506796360099 51.53332006132305, -0.1115671169768424 51.5328513291332, -0.1106084698019505 51.533021580089546, -0.1104333634903279 51.53366056239824, -0.1112169203158077 51.53412929920245))",0,True,True,,7
8a194ad36507fff,26,26-4-0,10,2,51.53510873845908,-0.1091244654743606,75.864,"POLYGON ((-0.108949338384468 51.53574770103733, -0.1099080226181326 51.53557748017418, -0.1100831398985232 51.53493851244067, -0.1092995889076858 51.534469771022245, -0.1083409264717783 51.534639992723406, -0.108165793229253 51.53527895500493, -0.108949338384468 51.53574770103733))",0,True,True,,0
8a194ad3650ffff,26,26-4-1,10,2,51.53400102558344,-0.10851605605766072,75.864,"POLYGON ((-0.1083409264717783 51.534639992723406, -0.1092995889076858 51.534469771022245, -0.1094747086845938 51.533830798727024, -0.1086911819870505 51.53336205358514, -0.1077325413480781 51.53353227612458, -0.1075574056100413 51.53417124296758, -0.1083409264717783 51.534639992723406))",0,True,True,,14
8a194ad36517fff,26,26-4-2,10,2,51.53540724983832,-0.1108667090304818,75.864,"POLYGON ((-0.1106915979034387 51.536046217868446, -0.111650296303911 51.53587598321486, -0.1118253976209927 51.535237010029604, -0.1110418165012333 51.53476827694964, -0.1100831398985232 51.53493851244067, -0.1099080226181326 51.53557748017418, -0.1106915979034387 51.536046217868446))",0,True,True,,0
8a194ad3651ffff,26,26-4-3,10,2,51.534299539848654,-0.11025825352255701,75.864,"POLYGON ((-0.1100831398985232 51.53493851244067, -0.1110418165012333 51.53476827694964, -0.1112169203158077 51.53412929920245, -0.1104333634903279 51.53366056239824, -0.1094747086845938 51.533830798727024, -0.1092995889076858 51.534469771022245, -0.1100831398985232 51.53493851244067))",0,True,True,,2
8a194ad36527fff,26,26-4-4,10,2,51.53591791242788,-0.10799065633001628,75.864,"POLYGON ((-0.1078155157739434 51.53655686499208, -0.1087742076379293 51.53638665875693, -0.108949338384468 51.53574770103733, -0.108165793229253 51.53527895500493, -0.1072071231637645 51.53544916207834, -0.107031976455326 51.536088114345844, -0.1078155157739434 51.53655686499208))",0,True,True,,0
8a194ad3652ffff,26,26-4-5,10,2,51.5348102049522,-0.10738226621529633,75.864,"POLYGON ((-0.1072071231637645 51.53544916207834, -0.108165793229253 51.53527895500493, -0.1083409264717783 51.534639992723406, -0.1075574056100413 51.53417124296758, -0.1065987573422536 51.53434145087956, -0.1064236081388293 51.53498040770876, -0.1072071231637645 51.53544916207834))",0,True,True,,1
8a194ad36537fff,26,26-4-6,10,2,51.5362164430491,-0.10973290168127042,75.864,"POLYGON ((-0.1095577770878121 51.53685540106524, -0.1105164831199843 51.53668518103983, -0.1106915979034387 51.536046217868446, -0.1099080226181326 51.53557748017418, -0.108949338384468 51.53574770103733, -0.1087742076379293 51.53638665875693, -0.1095577770878121 51.53685540106524))",0,True,True,,0
8a194ad36547fff,26,26-5-0,10,2,51.532594765148204,-0.10616556634893405,75.864,"POLYGON ((-0.1059904183077816 51.533233731396884, -0.1069490447786191 51.53306352264606, -0.1071241830117588 51.532424551241974, -0.1063407107333675 51.53195579404145, -0.1053821060586888 51.53212600363141, -0.1052069518665698 51.5327649695827, -0.1059904183077816 51.533233731396884))",0,True,True,,5
8a194ad3654ffff,26,26-5-1,10,2,51.531487032822085,-0.10555725659401832,75.864,"POLYGON ((-0.1053821060586888 51.53212600363141, -0.1063407107333675 51.53195579404145, -0.1065158514612066 51.53131681807673, -0.1057324034726628 51.530848057154884, -0.1047738205933821 51.531018267584244, -0.1045986639075695 51.531657238096, -0.1053821060586888 51.53212600363141))",0,True,True,,5
8a194ad36557fff,26,26-5-2,10,2,51.532893304423325,-0.10790767342953658,75.864,"POLYGON ((-0.1077325413480781 51.53353227612458, -0.1086911819870505 51.53336205358514, -0.1088663042600366 51.53272307672861, -0.1080828018545261 51.53225432786394, -0.1071241830117588 51.532424551241974, -0.1069490447786191 51.53306352264606, -0.1077325413480781 51.53353227612458))",0,True,True,,2
8a194ad3655ffff,26,26-5-3,10,2,51.53178557497987,-0.10729931758837963,75.864,"POLYGON ((-0.1071241830117588 51.532424551241974, -0.1080828018545261 51.53225432786394, -0.1082579266231868 51.53161534644654, -0.107474448508545 51.53114659385983, -0.1065158514612066 51.53131681807673, -0.1063407107333675 51.53195579404145, -0.1071241830117588 51.532424551241974))",0,True,True,,0
8a194ad36567fff,26,26-5-4,10,2,51.5334039306759,-0.10503179401755203,75.864,"POLYGON ((-0.1048566325115056 51.534042886910854, -0.105815266609775 51.53387269278735, -0.1059904183077816 51.533233731396884, -0.1052069518665698 51.5327649695827, -0.1042483395652197 51.532935164545606, -0.1040731719084638 51.533574120483266, -0.1048566325115056 51.534042886910854))",0,True,True,,2
8a194ad3656ffff,26,26-5-5,10,2,51.53229620374982,-0.10442350356487148,75.864,"POLYGON ((-0.1042483395652197 51.532935164545606, -0.1052069518665698 51.5327649695827, -0.1053821060586888 51.53212600363141, -0.1045986639075695 51.531657238096, -0.1036400734023523 51.53182743389857, -0.1034649032524539 51.53246639439683, -0.1042483395652197 51.532935164545606))",0,True,True,,0
8a194ad36577fff,26,26-5-6,10,2,51.53370248919195,-0.10677390288880513,75.864,"POLYGON ((-0.1065987573422536 51.53434145087956, -0.1075574056100413 51.53417124296758, -0.1077325413480781 51.53353227612458, -0.1069490447786191 51.53306352264606, -0.1059904183077816 51.533233731396884, -0.105815266609775 51.53387269278735, -0.1065987573422536 51.53434145087956))",0,True,True,,8
8a194ad36c07fff,34,34-0-0,10,2,51.53804667600812,-0.10284689590343574,75.864,"POLYGON ((-0.1026716989859902 51.53868559307612, -0.1036303995634335 51.53851544451455, -0.103805586671703 51.53787652229069, -0.1030220891629172 51.53740775408097, -0.1020634103861913 51.537577903482145, -0.1018882073178561 51.53821682025335, -0.1026716989859902 51.53868559307612))",0,True,True,,12
8a194ad36c0ffff,34,34-0-1,10,2,51.53693898185186,-0.10223860979646654,75.864,"POLYGON ((-0.1020634103861913 51.537577903482145, -0.1030220891629172 51.53740775408097, -0.1031972787645237 51.53676882729482, -0.1024138055488271 51.53630005536265, -0.1014551485720473 51.53647020560371, -0.1012799430113555 51.53710912693699, -0.1020634103861913 51.537577903482145))",0,True,True,,6
8a194ad36c17fff,34,34-0-2,10,2,51.538345286480684,-0.10458910232315317,75.864,"POLYGON ((-0.1044139213664934 51.538984209001136, -0.105372636117648 51.538814046650515, -0.1055478072646619 51.53817511897436, -0.1047642796221143 51.53770635910104, -0.103805586671703 51.53787652229069, -0.1036303995634335 51.53851544451455, -0.1044139213664934 51.538984209001136))",0,True,True,,2
8a194ad36c1ffff,34,34-0-3,10,2,51.537237595207756,-0.10398077012217292,75.864,"POLYGON ((-0.103805586671703 51.53787652229069, -0.1047642796221143 51.53770635910104, -0.1049394532634249 51.53706742686235, -0.1041559499149526 51.53659866326582, -0.1031972787645237 51.53676882729482, -0.1030220891629172 51.53740775408097, -0.103805586671703 51.53787652229069))",0,True,True,,13
8a194ad36c27fff,34,34-0-4,10,2,51.53885573216544,-0.10171300059136182,75.864,"POLYGON ((-0.101537790206599 51.53949463921822, -0.1024964984104406 51.539324505284846, -0.1026716989859902 51.53868559307612, -0.1018882073178561 51.53821682025335, -0.100929520915477 51.538386955026596, -0.100754304380092 51.53902586178265, -0.101537790206599 51.53949463921822))",0,True,True,,4
8a194ad36c2ffff,34,34-0-5,10,2,51.53774804341134,-0.10110473379253859,75.864,"POLYGON ((-0.100929520915477 51.538386955026596, -0.1018882073178561 51.53821682025335, -0.1020634103861913 51.537577903482145, -0.1012799430113555 51.53710912693699, -0.1003212784096624 51.53727926255037, -0.1001460593824568 51.5379181738687, -0.100929520915477 51.538386955026596))",0,True,True,,1
8a194ad36c37fff,34,34-0-6,10,2,51.539154361879184,-0.10345520879726004,75.864,"POLYGON ((-0.1032800143730681 51.539793274384486, -0.104238736752 51.53962312666227, -0.1044139213664934 51.538984209001136, -0.1036303995634335 51.53851544451455, -0.1026716989859902 51.53868559307612, -0.1024964984104406 51.539324505284846, -0.1032800143730681 51.539793274384486))",0,True,True,,5
8a194ad36cc7fff,34,34-3-0,10,2,51.535320784805556,-0.10450629852793517,75.864,"POLYGON ((-0.1043311260501719 51.53595972646507, -0.1052897895737008 51.53578954780831, -0.1054649522428492 51.53515060099318, -0.1046814673483416 51.53468183828747, -0.1037228256232634 51.53485201778357, -0.1035476469945899 51.53549095914601, -0.1043311260501719 51.53595972646507))",0,True,True,,15
8a194ad36ccffff,34,34-3-1,10,2,51.53421307156262,-0.10389800059451483,75.864,"POLYGON ((-0.1037228256232634 51.53485201778357, -0.1046814673483416 51.53468183828747, -0.1048566325115056 51.534042886910854, -0.1040731719084638 51.533574120483266, -0.1031145519810704 51.53374430081904, -0.1029393708593512 51.53438324674272, -0.1037228256232634 51.53485201778357))",0,True,True,,2
8a194ad36cd7fff,34,34-3-2,10,2,51.53561935967945,-0.10624845527839755,75.864,"POLYGON ((-0.1060732987608845 51.536258306791446, -0.107031976455326 51.536088114345844, -0.1072071231637645 51.53544916207834, -0.1064236081388293 51.53498040770876, -0.1054649522428492 51.53515060099318, -0.1052897895737008 51.53578954780831, -0.1060732987608845 51.536258306791446))",0,True,True,,1
8a194ad36cdffff,34,34-3-3,10,2,51.53451164931949,-0.10564011125484085,75.864,"POLYGON ((-0.1054649522428492 51.53515060099318, -0.1064236081388293 51.53498040770876, -0.1065987573422536 51.53434145087956, -0.105815266609775 51.53387269278735, -0.1048566325115056 51.534042886910854, -0.1046814673483416 51.53468183828747, -0.1054649522428492 51.53515060099318))",0,True,True,,11
8a194ad36ce7fff,34,34-3-4,10,2,51.5361298956498,-0.1033724647083798,75.864,"POLYGON ((-0.1031972787645237 51.53676882729482, -0.1041559499149526 51.53659866326582, -0.1043311260501719 51.53595972646507, -0.1035476469945899 51.53549095914601, -0.1025889976433467 51.535661124014645, -0.1024138055488271 51.53630005536265, -0.1031972787645237 51.53676882729482))",0,True,True,,17
8a194ad36ceffff,34,34-3-5,10,2,51.53502218780797,-0.10276418608015496,75.864,"POLYGON ((-0.1025889976433467 51.535661124014645, -0.1035476469945899 51.53549095914601, -0.1037228256232634 51.53485201778357, -0.1029393708593512 51.53438324674272, -0.1019807433065328 51.534553412451245, -0.1018055487195342 51.5351923483607, -0.1025889976433467 51.535661124014645))",0,True,True,,7
8a194ad36cf7fff,34,34-3-6,10,2,51.536428489764724,-0.10511462324726085,75.864,"POLYGON ((-0.1049394532634249 51.53706742686235, -0.1058981385861604 51.536897249044685, -0.1060732987608845 51.536258306791446, -0.1052897895737008 51.53578954780831, -0.1043311260501719 51.53595972646507, -0.1041559499149526 51.53659866326582, -0.1049394532634249 51.53706742686235))",0,True,True,,1
8a194ad36d07fff,34,34-4-0,10,2,51.54077243874543,-0.10118735846179974,75.864,"POLYGON ((-0.1010121371015494 51.54141133121961, -0.1019708747341648 51.54124121275437, -0.1021460862846526 51.54060231512411, -0.101362576163443 51.54013354141158, -0.1004038603338321 51.54030366071666, -0.1002286328227435 51.54094255289435, -0.1010121371015494 51.54141133121961))",0,True,True,,0
8a194ad36d0ffff,34,34-4-1,10,2,51.53966476367936,-0.10057908418623315,75.864,"POLYGON ((-0.1004038603338321 51.54030366071666, -0.101362576163443 51.54013354141158, -0.101537790206599 51.53949463921822, -0.100754304380092 51.53902586178265, -0.0997956103526936 51.53919598192783, -0.099620380349907 51.53983487866842, -0.1004038603338321 51.54030366071666))",0,True,True,,1
8a194ad36d17fff,34,34-4-2,10,2,51.541071084816615,-0.10292961455018099,75.864,"POLYGON ((-0.1027544091512772 51.541709982743164, -0.1037131609603933 51.54153985048872, -0.1038883565490542 51.540900947406186, -0.1031048162907381 51.54043218203035, -0.1021460862846526 51.54060231512411, -0.1019708747341648 51.54124121275437, -0.1027544091512772 51.541709982743164))",0,True,True,,7
8a194ad36d1ffff,34,34-4-3,10,2,51.539963412634236,-0.10232129417670807,75.864,"POLYGON ((-0.1021460862846526 51.54060231512411, -0.1031048162907381 51.54043218203035, -0.1032800143730681 51.539793274384486, -0.1024964984104406 51.539324505284846, -0.101537790206599 51.53949463921822, -0.101362576163443 51.54013354141158, -0.1021460862846526 51.54060231512411))",0,True,True,,11
8a194ad36d27fff,34,34-4-4,10,2,51.54158144021238,-0.10005340165285297,75.864,"POLYGON ((-0.0998781668240868 51.54222032267057, -0.1008369120825878 51.54205021883401, -0.1010121371015494 51.54141133121961, -0.1002286328227435 51.54094255289435, -0.0992699093679766 51.54111265757105, -0.0990946683886038 51.541751539732815, -0.0998781668240868 51.54222032267057))",0,True,True,,0
8a194ad36d2ffff,34,34-4-5,10,2,51.54047377054954,-0.09944514668838304,75.864,"POLYGON ((-0.0992699093679766 51.54111265757105, -0.1002286328227435 51.54094255289435, -0.1004038603338321 51.54030366071666, -0.099620380349907 51.53983487866842, -0.0986616786981284 51.54000498418551, -0.0984864352276039 51.54064387091036, -0.0992699093679766 51.54111265757105))",0,True,True,,0
8a194ad36d37fff,34,34-4-6,10,2,51.54188010552492,-0.10179565952515571,75.864,"POLYGON ((-0.1016204406575005 51.54251899343557, -0.102579200093907 51.542348875809914, -0.1027544091512772 51.541709982743164, -0.1019708747341648 51.54124121275437, -0.1010121371015494 51.54141133121961, -0.1008369120825878 51.54205021883401, -0.1016204406575005 51.54251899343557))",0,True,True,,0
8a195da4d847fff,43,43-1-0,10,2,51.531957678105805,-0.12002003126427796,75.864,"POLYGON ((-0.1198450193956901 51.53259670710358, -0.1208037079438036 51.532426371725855, -0.1209787100016945 51.531787337573775, -0.1201950394785674 51.531318644250156, -0.1192363727244722 51.53148898046296, -0.1190613546998181 51.53212800916429, -0.1198450193956901 51.53259670710358))",0,True,True,,12
8a195da4d84ffff,43,43-1-1,10,2,51.53084994690383,-0.1194113870947727,75.864,"POLYGON ((-0.1192363727244722 51.53148898046296, -0.1201950394785674 51.531318644250156, -0.1203700440386476 51.53067960553671, -0.119586397810778 51.530210908486985, -0.1186277528499661 51.53038124553516, -0.1184527323240777 51.53102027879762, -0.1192363727244722 51.53148898046296))",0,True,True,,10
8a195da4d857fff,43,43-1-2,10,2,51.53225602687436,-0.12176239866449814,75.864,"POLYGON ((-0.121587402763378 51.53289506132269, -0.1225461054672969 51.532724712151506, -0.1227210915572457 51.532085672549016, -0.1219373909115552 51.531616987568086, -0.1209787100016945 51.531787337573775, -0.1208037079438036 51.532426371725855, -0.121587402763378 51.53289506132269))",0,True,True,,1
8a195da4d85ffff,43,43-1-3,10,2,51.53114829856386,-0.1211537084054722,75.864,"POLYGON ((-0.1209787100016945 51.531787337573775, -0.1219373909115552 51.531616987568086, -0.1221123795046635 51.53097794340399, -0.1213287031552154 51.53050925469623, -0.1203700440386476 51.53067960553671, -0.1201950394785674 51.531318644250156, -0.1209787100016945 51.531787337573775))",0,True,True,,15
8a195da4d867fff,43,43-1-4,10,2,51.53276703300771,-0.11888633302065503,75.864,"POLYGON ((-0.118711307686889 51.53340605199305, -0.1196700038726332 51.53323573124336, -0.1198450193956901 51.53259670710358, -0.1190613546998181 51.53212800916429, -0.1181026803088582 51.53229833074933, -0.1179276488192621 51.53293734943828, -0.118711307686889 51.53340605199305))",0,True,True,,4
8a195da4d86ffff,43,43-1-5,10,2,51.5316593072024,-0.1182777081437347,75.864,"POLYGON ((-0.1181026803088582 51.53229833074933, -0.1190613546998181 51.53212800916429, -0.1192363727244722 51.53148898046296, -0.1184527323240777 51.53102027879762, -0.1174940797271367 51.53119060121828, -0.1173190457369036 51.531829624468585, -0.1181026803088582 51.53229833074933))",0,True,True,,2
8a195da4d877fff,43,43-1-6,10,2,51.53306540101992,-0.12062870223165423,75.864,"POLYGON ((-0.1204536928651574 51.53370442545591, -0.1214124032081006 51.53353409091295, -0.121587402763378 51.53289506132269, -0.1208037079438036 51.532426371725855, -0.1198450193956901 51.53259670710358, -0.1196700038726332 51.53323573124336, -0.1204536928651574 51.53370442545591))",0,True,True,,3
8a195da4d8c7fff,43,43-3-0,10,2,51.53174493547638,-0.12463848385675233,75.864,"POLYGON ((-0.1244635173895877 51.53238398538693, -0.1254222266069036 51.53221360779334, -0.1255971832624707 51.53157455272885, -0.1248134466704194 51.53110588070796, -0.1238547592464302 51.531276259135296, -0.1236797866214979 51.531915308749724, -0.1244635173895877 51.53238398538693))",0,True,True,,5
8a195da4d8cffff,43,43-3-1,10,2,51.53063720466311,-0.1240297282177994,75.864,"POLYGON ((-0.1238547592464302 51.531276259135296, -0.1248134466704194 51.53110588070796, -0.1249884058306676 51.53046682108188, -0.1242046935356741 51.52999814533331, -0.1232460279042514 51.53016852459462, -0.1230710527756034 51.53080757877045, -0.1238547592464302 51.531276259135296))",0,True,True,,5
8a195da4d8d7fff,43,43-3-2,10,2,51.53204322072538,-0.12638093799427713,75.864,"POLYGON ((-0.1262059874971975 51.53268227608583, -0.1271647108661878 51.53251188469717, -0.1273396515511854 51.53187282418295, -0.1265558848380945 51.53140416050705, -0.1255971832624707 51.53157455272885, -0.1254222266069036 51.53221360779334, -0.1262059874971975 51.53268227608583))",0,True,True,,5
8a195da4d8dffff,43,43-3-3,10,2,51.53093549280658,-0.12577213626471,75.864,"POLYGON ((-0.1255971832624707 51.53157455272885, -0.1265558848380945 51.53140416050705, -0.1267308280287692 51.53076509543098, -0.1259470856137412 51.53029642802661, -0.1249884058306676 51.53046682108188, -0.1248134466704194 51.53110588070796, -0.1255971832624707 51.53157455272885))",0,True,True,,4
8a195da4d8e7fff,43,43-3-4,10,2,51.5325543535063,-0.12350481034287783,75.864,"POLYGON ((-0.1233298304104502 51.53319339340487, -0.1242885472687956 51.53302303043957, -0.1244635173895877 51.53238398538693, -0.1236797866214979 51.531915308749724, -0.1227210915572457 51.532085672549016, -0.1225461054672969 51.532724712151506, -0.1233298304104502 51.53319339340487))",0,True,True,,0
8a195da4d8effff,43,43-3-5,10,2,51.531446628088624,-0.1228960739933063,75.864,"POLYGON ((-0.1227210915572457 51.532085672549016, -0.1236797866214979 51.531915308749724, -0.1238547592464302 51.531276259135296, -0.1230710527756034 51.53080757877045, -0.1221123795046635 51.53097794340399, -0.1219373909115552 51.531616987568086, -0.1227210915572457 51.532085672549016))",0,True,True,,5
8a195da4d8f7fff,43,43-3-6,10,2,51.53285265799992,-0.12524726629787883,75.864,"POLYGON ((-0.125072302335333 51.533491703348446, -0.1260310333467513 51.533321326588265, -0.1262059874971975 51.53268227608583, -0.1254222266069036 51.53221360779334, -0.1244635173895877 51.53238398538693, -0.1242885472687956 51.53302303043957, -0.125072302335333 51.533491703348446))",0,True,True,,6
8a195da4d987fff,43,43-6-0,10,2,51.536985172267116,-0.12594002377568486,75.864,"POLYGON ((-0.1257650538620696 51.53762419391427, -0.1267238579045087 51.537453834282, -0.1268988180044339 51.53681480748085, -0.126114990035322 51.536346145761165, -0.1251562077900942 51.536516506226256, -0.1249812317170942 51.53715552757818, -0.1257650538620696 51.53762419391427))",0,True,True,,5
8a195da4d98ffff,43,43-6-1,10,2,51.53587748001563,-0.12533118020903525,75.864,"POLYGON ((-0.1251562077900942 51.536516506226256, -0.126114990035322 51.536346145761165, -0.126289952641111 51.53570711439654, -0.125506148974083 51.53523844894641, -0.1245473885252295 51.53540881024465, -0.1243724099473619 51.53604783615982, -0.1251562077900942 51.536516506226256))",0,True,True,,8
8a195da4d997fff,43,43-6-2,10,2,51.53728346517432,-0.12768266411669454,75.864,"POLYGON ((-0.1275077101768588 51.53792249227055, -0.1284665283724482 51.537752118841254, -0.1286414724981297 51.53711308659115, -0.1278576144028029 51.536644433219266, -0.1268988180044339 51.53681480748085, -0.1267238579045087 51.537453834282, -0.1275077101768588 51.53792249227055))",0,True,True,,0
8a195da4d99ffff,43,43-6-3,10,2,51.53617577582095,-0.12707377445057128,75.864,"POLYGON ((-0.1268988180044339 51.53681480748085, -0.1278576144028029 51.536644433219266, -0.128032561035324 51.53600539640544, -0.1272487272430609 51.53553673930236, -0.126289952641111 51.53570711439654, -0.126114990035322 51.536346145761165, -0.1268988180044339 51.53681480748085))",0,True,True,,7
8a195da4d9a7fff,43,43-6-4,10,2,51.537794544071204,-0.12480625198995136,75.864,"POLYGON ((-0.1246312686085562 51.53843355570528, -0.1255900802943974 51.53826321070246, -0.1257650538620696 51.53762419391427, -0.1249812317170942 51.53715552757818, -0.1240224418291799 51.537325873414105, -0.1238474522886516 51.537964884752974, -0.1246312686085562 51.53843355570528))",0,True,True,,3
8a195da4d9affff,43,43-6-5,10,2,51.536686857216345,-0.12419742771538528,75.864,"POLYGON ((-0.1240224418291799 51.537325873414105, -0.1249812317170942 51.53715552757818, -0.1251562077900942 51.536516506226256, -0.1243724099473619 51.53604783615982, -0.1234136418566139 51.53621818282912, -0.1232386498117591 51.53685719873147, -0.1240224418291799 51.537325873414105))",0,True,True,,2
8a195da4d9b7fff,43,43-6-6,10,2,51.538092856224246,-0.12654889415068105,75.864,"POLYGON ((-0.126373926742857 51.53873187330748, -0.1273327525832372 51.53856151450777, -0.1275077101768588 51.53792249227055, -0.1267238579045087 51.537453834282, -0.1257650538620696 51.53762419391427, -0.1255900802943974 51.53826321070246, -0.126373926742857 51.53873187330748))",0,True,True,,0
8a195da4d007fff,45,45-0-0,10,2,51.52880522523117,-0.13091541370157228,75.864,"POLYGON ((-0.1307405170630562 51.52944432063651, -0.1316992098560318 51.529273870734976, -0.1318740966826287 51.528634770176325, -0.1310903066880147 51.528166124968614, -0.1301316356853854 51.528336575702255, -0.129956732887356 51.528975670811455, -0.1307405170630562 51.52944432063651))",0,True,True,,0
8a195da4d00ffff,45,45-0-1,10,2,51.5276974757359,-0.13030653483124502,75.864,"POLYGON ((-0.1301316356853854 51.528336575702255, -0.1310903066880147 51.528166124968614, -0.1312651960224572 51.527527019848925, -0.1304814303250697 51.52705837091249, -0.1295227811120114 51.52722882247856, -0.1293478758071273 51.52786792214857, -0.1301316356853854 51.528336575702255))",0,True,True,,4
8a195da4d017fff,45,45-0-2,10,2,51.52910341135868,-0.13265790481545636,75.864,"POLYGON ((-0.1324830241490824 51.52974251221328, -0.1334417310868315 51.52957204851532, -0.1336166019408225 51.52893294250754, -0.1328327818300229 51.52846430564679, -0.1318740966826287 51.528634770176325, -0.1316992098560318 51.529273870734976, -0.1324830241490824 51.52974251221328))",0,True,True,,8
8a195da4d01ffff,45,45-0-3,10,2,51.527995664760475,-0.13204897985735248,75.864,"POLYGON ((-0.1318740966826287 51.528634770176325, -0.1328327818300229 51.52846430564679, -0.1330076551928709 51.52782519507772, -0.1322238593802768 51.52735655448753, -0.1312651960224572 51.527527019848925, -0.1310903066880147 51.528166124968614, -0.1318740966826287 51.528634770176325))",0,True,True,,1
8a195da4d027fff,45,45-0-4,10,2,51.52961476106339,-0.1297818264370882,75.864,"POLYGON ((-0.1296069163344266 51.530253846457924, -0.1305656167723418 51.53008341118448, -0.1307405170630562 51.52944432063651, -0.129956732887356 51.528975670811455, -0.1289980542405383 51.529146106917295, -0.1288231379786402 51.52978519201574, -0.1296069163344266 51.530253846457924))",0,True,True,,4
8a195da4d02ffff,45,45-0-5,10,2,51.528507016961534,-0.12917296684999757,75.864,"POLYGON ((-0.1289980542405383 51.529146106917295, -0.129956732887356 51.528975670811455, -0.1301316356853854 51.528336575702255, -0.1293478758071273 51.52786792214857, -0.1283892189506165 51.5280383590871, -0.1282143001823738 51.528677448746535, -0.1289980542405383 51.529146106917295))",0,True,True,,4
8a195da4d037fff,45,45-0-6,10,2,51.529912966436285,-0.13152431937741157,75.864,"POLYGON ((-0.1313494252466585 51.53055205728015, -0.132308139830771 51.53038160821044, -0.1324830241490824 51.52974251221328, -0.1316992098560318 51.529273870734976, -0.1307405170630562 51.52944432063651, -0.1305656167723418 51.53008341118448, -0.1313494252466585 51.53055205728015))",0,True,True,,0
8a195da4d147fff,45,45-5-0,10,2,51.52901828389417,-0.12629697335256573,75.864,"POLYGON ((-0.1261220313096481 51.52965735838911, -0.1270807034511489 51.529486950706, -0.1272556356830675 51.52884787105739, -0.1264719117426136 51.52837920454193, -0.1255132613921671 51.52854961305848, -0.1253383131914423 51.52918868725699, -0.1261220313096481 51.52965735838911))",0,True,True,,1
8a195da4d14ffff,45,45-5-1,10,2,51.527910534002764,-0.125688205939921,75.864,"POLYGON ((-0.1255132613921671 51.52854961305848, -0.1264719117426136 51.52837920454193, -0.1266468464798758 51.527740120332496, -0.125863146834844 51.52727145008993, -0.1249045182746864 51.52744185944026, -0.1247295675695783 51.52808093819936, -0.1255132613921671 51.52854961305848))",0,True,True,,3
8a195da4d157fff,45,45-5-2,10,2,51.52931653354879,-0.1280393777616267,75.864,"POLYGON ((-0.1278644516882401 51.52995561349366, -0.1288231379786402 51.52978519201574, -0.1289980542405383 51.529146106917295, -0.1282143001823738 51.528677448746535, -0.1272556356830675 51.52884787105739, -0.1270807034511489 51.529486950706, -0.1278644516882401 51.52995561349366))",0,True,True,,0
8a195da4d15ffff,45,45-5-3,10,2,51.528208786551495,-0.12743056426226587,75.864,"POLYGON ((-0.1272556356830675 51.52884787105739, -0.1282143001823738 51.528677448746535, -0.1283892189506165 51.5280383590871, -0.1276054891888841 51.52756969718845, -0.1266468464798758 51.527740120332496, -0.1264719117426136 51.52837920454193, -0.1272556356830675 51.52884787105739))",0,True,True,,4
8a195da4d167fff,45,45-5-4,10,2,51.52982775659816,-0.12516336133764722,75.864,"POLYGON ((-0.1249884058306676 51.53046682108188, -0.1259470856137412 51.53029642802661, -0.1261220313096481 51.52965735838911, -0.1253383131914423 51.52918868725699, -0.1243796552001891 51.52935908114598, -0.1242046935356741 51.52999814533331, -0.1249884058306676 51.53046682108188))",0,True,True,,7
8a195da4d16ffff,45,45-5-5,10,2,51.52872001210129,-0.12455461321145919,75.864,"POLYGON ((-0.1243796552001891 51.52935908114598, -0.1253383131914423 51.52918868725699, -0.1255132613921671 51.52854961305848, -0.1247295675695783 51.52808093819936, -0.1237709313693601 51.52825133292235, -0.1235959672010229 51.528890401670445, -0.1243796552001891 51.52935908114598))",0,True,True,,3
8a195da4d177fff,45,45-5-6,10,2,51.53012602549724,-0.1269057675664209,75.864,"POLYGON ((-0.1267308280287692 51.53076509543098, -0.12768952196212 51.53059468858105, -0.1278644516882401 51.52995561349366, -0.1270807034511489 51.529486950706, -0.1261220313096481 51.52965735838911, -0.1259470856137412 51.53029642802661, -0.1267308280287692 51.53076509543098))",0,True,True,,2
8a195da6b207fff,52,52-0-0,10,2,51.540136484610926,-0.11504327124088873,75.864,"POLYGON ((-0.114868186074026 51.5407754398398, -0.1158269858387776 51.54060519473993, -0.1160020611932058 51.539966234356065, -0.11521835275159 51.53949752452259, -0.1142595747876896 51.539667770458244, -0.1140844834648505 51.54030672539158, -0.114868186074026 51.5407754398398))",0,True,True,,0
8a195da6b20ffff,52,52-0-1,10,2,51.539028810665556,-0.11443466245424562,75.864,"POLYGON ((-0.1142595747876896 51.539667770458244, -0.11521835275159 51.53949752452259, -0.115393430606178 51.538858559574905, -0.1146097464646434 51.53838984601359, -0.1136509903008537 51.53856009278533, -0.1134758964788203 51.53919905228226, -0.1142595747876896 51.539667770458244))",0,True,True,,0
8a195da6b217fff,52,52-0-2,10,2,51.54043494016563,-0.11678578777943732,75.864,"POLYGON ((-0.1166107185816903 51.54107390084487, -0.1175695325106342 51.54090364195094, -0.1177445918954514 51.54026467611684, -0.1169608533212376 51.539795974626884, -0.1160020611932058 51.539966234356065, -0.1158269858387776 51.54060519473993, -0.1166107185816903 51.54107390084487))",0,True,True,,8
8a195da6b21ffff,52,52-0-3,10,2,51.539327269112796,-0.11617713289159627,75.864,"POLYGON ((-0.1160020611932058 51.539966234356065, -0.1169608533212376 51.539795974626884, -0.1171359152072106 51.53915700422875, -0.1163522009341044 51.53868829901021, -0.115393430606178 51.538858559574905, -0.11521835275159 51.53949752452259, -0.1160020611932058 51.539966234356065))",0,True,True,,9
8a195da6b227fff,52,52-0-4,10,2,51.54094567546539,-0.11390938848563423,75.864,"POLYGON ((-0.1137342898499366 51.5415846206796, -0.114693097250831 51.5414143902091, -0.114868186074026 51.5407754398398, -0.1140844834648505 51.54030672539158, -0.1131256978656091 51.54047695669813, -0.1129505930742227 51.54111590161679, -0.1137342898499366 51.5415846206796))",0,True,True,,1
8a195da6b22ffff,52,52-0-5,10,2,51.539838006919894,-0.1133007990004334,75.864,"POLYGON ((-0.1131256978656091 51.54047695669813, -0.1140844834648505 51.54030672539158, -0.1142595747876896 51.539667770458244, -0.1134758964788203 51.53919905228226, -0.1125171326804354 51.53936928442514, -0.1123420253903702 51.54000823390763, -0.1131256978656091 51.54047695669813))",0,True,True,,0
8a195da6b237fff,52,52-0-6,10,2,51.54124415026422,-0.11565190682824303,75.864,"POLYGON ((-0.1154768241614621 51.54188310092885, -0.1164356457278972 51.541712856664475, -0.1166107185816903 51.54107390084487, -0.1158269858387776 51.54060519473993, -0.114868186074026 51.5407754398398, -0.114693097250831 51.5414143902091, -0.1154768241614621 51.54188310092885))",0,True,True,,0
8a195da4dc87fff,70,70-2-0,10,2,51.53634598778603,-0.13979768574202323,75.864,"POLYGON ((-0.1396228520942023 51.536985072159226, -0.1405817180760876 51.536814585843196, -0.1407565419075235 51.53617549631709, -0.1399725157382758 51.53570689855419, -0.1390136715514449 51.53587738569898, -0.1388388317391344 51.53651646977786, -0.1396228520942023 51.536985072159226))",0,True,True,,13
8a195da4dc8ffff,70,70-2-1,10,2,51.53523829676154,-0.13918850771211105,75.864,"POLYGON ((-0.1390136715514449 51.53587738569898, -0.1399725157382758 51.53570689855419, -0.1401473420830796 51.535067804463836, -0.1393633402212782 51.53459920296569, -0.1384045178287059 51.534769690939555, -0.1382296755040139 51.53540877958246, -0.1390136715514449 51.53587738569898))",0,True,True,,16
8a195da4dc97fff,70,70-2-2,10,2,51.53664409004995,-0.14154058622020846,75.864,"POLYGON ((-0.1413657685539769 51.53728317987019, -0.1423246486766591 51.537112679752354, -0.1424994565260622 51.53647358477932, -0.1417154002351533 51.536004995371016, -0.1407565419075235 51.53617549631709, -0.1405817180760876 51.536814585843196, -0.1413657685539769 51.53728317987019))",0,True,True,,8
8a195da4dc9ffff,70,70-2-3,10,2,51.5355364019324,-0.14093136208760196,75.864,"POLYGON ((-0.1407565419075235 51.53617549631709, -0.1417154002351533 51.536004995371016, -0.1418902105988852 51.535365895833536, -0.1411061786164221 51.53489730268924, -0.1401473420830796 51.535067804463836, -0.1399725157382758 51.53570689855419, -0.1407565419075235 51.53617549631709))",0,True,True,,4
8a195da4dca7fff,70,70-2-4,10,2,51.53715554899811,-0.13866398827511117,75.864,"POLYGON ((-0.1384891411592298 51.53779462335954, -0.1394480147947343 51.537624151673704, -0.1396228520942023 51.536985072159226, -0.1388388317391344 51.53651646977786, -0.1378799798994364 51.536686942292754, -0.1377051266193219 51.537326016359934, -0.1384891411592298 51.53779462335954))",0,True,True,,0
8a195da4dcaffff,70,70-2-5,10,2,51.53604786336688,-0.1380548295276323,75.864,"POLYGON ((-0.1378799798994364 51.536686942292754, -0.1388388317391344 51.53651646977786, -0.1390136715514449 51.53587738569898, -0.1382296755040139 51.53540877958246, -0.1372708454593416 51.53557925292667, -0.1370959896673762 51.53621833155804, -0.1378799798994364 51.536686942292754))",0,True,True,,6
8a195da4dcb7fff,70,70-2-6,10,2,51.53745367051062,-0.14040689059315423,75.864,"POLYGON ((-0.1402320594586444 51.53809275031919, -0.1411909472363289 51.53792226483167, -0.1413657685539769 51.53728317987019, -0.1405817180760876 51.536814585843196, -0.1396228520942023 51.536985072159226, -0.1394480147947343 51.537624151673704, -0.1402320594586444 51.53809275031919))",0,True,True,,9
8a195da48307fff,102,102-4-0,10,2,51.52228188014232,-0.15732448613932262,75.864,"POLYGON ((-0.1571498654134646 51.52292112922707, -0.1581085870684377 51.52275040801654, -0.158283197979086 51.52211115378079, -0.1574991032183794 51.52164262620166, -0.1565404033456367 51.52181334823706, -0.1563657764516867 51.52245259702666, -0.1571498654134646 51.52292112922707))",0,True,True,,18
8a195da4830ffff,102,102-4-1,10,2,51.52117409459168,-0.15671502659266853,75.864,"POLYGON ((-0.1565404033456367 51.52181334823706, -0.1574991032183794 51.52164262620166, -0.1576737166507191 51.52100336740526, -0.156889646192953 51.520534836090626, -0.1559309681016456 51.520705558951164, -0.1557563386869854 51.52134481230117, -0.1565404033456367 51.52181334823706))",0,True,True,,9
8a195da48317fff,102,102-4-2,10,2,51.52257967732864,-0.15906731087514178,75.864,"POLYGON ((-0.1588927061332897 51.523218931859425, -0.1598514419068749 51.523048196844925, -0.1600260368330698 51.522408937163256, -0.1592419119704393 51.521940417941956, -0.158283197979086 51.52211115378079, -0.1581085870684377 51.52275040801654, -0.1588927061332897 51.523218931859425))",0,True,True,,9
8a195da4831ffff,102,102-4-3,10,2,51.521471894689164,-0.1584578052431086,75.864,"POLYGON ((-0.158283197979086 51.52211115378079, -0.1592419119704393 51.521940417941956, -0.1594165094192864 51.52130115369944, -0.1586324088606047 51.52083263074182, -0.1576737166507191 51.52100336740526, -0.1574991032183794 51.52164262620166, -0.158283197979086 51.52211115378079))",0,True,True,,4
8a195da48327fff,102,102-4-4,10,2,51.52309184096033,-0.15619114591077055,75.864,"POLYGON ((-0.1560165117227583 51.52373108003795, -0.1569752410407064 51.523560373455844, -0.1571498654134646 51.52292112922707, -0.1563657764516867 51.52245259702666, -0.1554070689167161 51.52262330443389, -0.1552324285608881 51.5232625432164, -0.1560165117227583 51.52373108003795))",0,True,True,,5
8a195da4832ffff,102,102-4-5,10,2,51.52198406079544,-0.15558170562539234,75.864,"POLYGON ((-0.1554070689167161 51.52262330443389, -0.1563657764516867 51.52245259702666, -0.1565404033456367 51.52181334823706, -0.1557563386869854 51.52134481230117, -0.1547976529342229 51.52151552053383, -0.1546230100582048 51.52215476387694, -0.1554070689167161 51.52262330443389))",0,True,True,,0
8a195da48337fff,102,102-4-6,10,2,51.52338965739637,-0.1579339725110543,75.864,"POLYGON ((-0.1577593543068365 51.5240289019201, -0.1587180977447836 51.52385818153415, -0.1588927061332897 51.523218931859425, -0.1581085870684377 51.52275040801654, -0.1571498654134646 51.52292112922707, -0.1569752410407064 51.523560373455844, -0.1577593543068365 51.5240289019201))",0,True,True,,5
8a195da48347fff,102,102-5-0,10,2,51.51976847558006,-0.1543629055222956,75.864,"POLYGON ((-0.1541882637736283 51.52040772833886, -0.1551469277449726 51.520237019280515, -0.1553215596799177 51.519597761370534, -0.1545375436239821 51.51912921796582, -0.1535789014332919 51.519299927850156, -0.15340425351821 51.5199391803132, -0.1541882637736283 51.52040772833886))",0,True,True,,3
8a195da4834ffff,102,102-5-1,10,2,51.5186606705318,-0.153753545701317,75.864,"POLYGON ((-0.1535789014332919 51.519299927850156, -0.1545375436239821 51.51912921796582, -0.1547121780787922 51.51848995549629, -0.1539281863223997 51.51802140835821, -0.1529695659116044 51.51819211906883, -0.1527949154776386 51.518831376091185, -0.1535789014332919 51.519299927850156))",0,True,True,,6
8a195da48357fff,102,102-5-2,10,2,51.5200663007456,-0.156105593869467,75.864,"POLYGON ((-0.1559309681016456 51.520705558951164, -0.156889646192953 51.520534836090626, -0.157064262146569 51.519895572734036, -0.1562802159905437 51.519427037684565, -0.1553215596799177 51.519597761370534, -0.1551469277449726 51.520237019280515, -0.1559309681016456 51.520705558951164))",0,True,True,,16
8a195da4835ffff,102,102-5-3,10,2,51.51895849860518,-0.15549618796806758,75.864,"POLYGON ((-0.1553215596799177 51.519597761370534, -0.1562802159905437 51.519427037684565, -0.156454834465026 51.51878776976817, -0.1556708126095316 51.51831923098459, -0.1547121780787922 51.51848995549629, -0.1545375436239821 51.51912921796582, -0.1553215596799177 51.519597761370534))",0,True,True,,11
8a195da48367fff,102,102-5-4,10,2,51.52057842792078,-0.15322960195595148,75.864,"POLYGON ((-0.1530549467464275 51.521217670672804, -0.1540136183778554 51.521046976242154, -0.1541882637736283 51.52040772833886, -0.15340425351821 51.5199391803132, -0.152445603668178 51.520109875570085, -0.152270942292485 51.520749118026366, -0.1530549467464275 51.521217670672804))",0,True,True,,7
8a195da4836ffff,102,102-5-5,10,2,51.51947062825834,-0.1526202613965193,75.864,"POLYGON ((-0.152445603668178 51.520109875570085, -0.15340425351821 51.5199391803132, -0.1535789014332919 51.519299927850156, -0.1527949154776386 51.518831376091185, -0.1518362874082281 51.51900207217463, -0.1516616235142069 51.51964131919042, -0.152445603668178 51.520109875570085))",0,True,True,,6
8a195da48377fff,102,102-5-6,10,2,51.52087627233499,-0.15497229216310734,75.864,"POLYGON ((-0.1547976529342229 51.52151552053383, -0.1557563386869854 51.52134481230117, -0.1559309681016456 51.520705558951164, -0.1551469277449726 51.520237019280515, -0.1541882637736283 51.52040772833886, -0.1540136183778554 51.521046976242154, -0.1547976529342229 51.52151552053383))",0,True,True,,3
8a195da4ca47fff,104,104-1-0,10,2,51.54179939877636,-0.13648105139548197,75.864,"POLYGON ((-0.1363061688960218 51.54243843396956, -0.1372651090870394 51.54226800783356, -0.1374399817689664 51.54162896748699, -0.1366559302421376 51.54116035872348, -0.135697011850723 51.541330785688736, -0.1355221231868462 51.54196982058821, -0.1363061688960218 51.54243843396956))",0,True,True,,9
8a195da4ca4ffff,104,104-1-1,10,2,51.54069174592967,-0.13587189686170403,75.864,"POLYGON ((-0.135697011850723 51.541330785688736, -0.1366559302421376 51.54116035872348, -0.1368308054360982 51.54052131381104, -0.1360467782199346 51.54005270131115, -0.1350878816273523 51.54022312910594, -0.1349129904524132 51.540862168571074, -0.135697011850723 51.541330785688736))",0,True,True,,0
8a195da4ca57fff,104,104-1-2,10,2,51.54209757221987,-0.13822405144251415,75.864,"POLYGON ((-0.1380491849257289 51.542736612859976, -0.1390081392631248 51.54256617292172, -0.1391829959619077 51.541927127128375, -0.1383989143067356 51.541458526720014, -0.1374399817689664 51.54162896748699, -0.1372651090870394 51.54226800783356, -0.1380491849257289 51.542736612859976))",0,True,True,,13
8a195da4ca5ffff,104,104-1-3,10,2,51.5409899222808,-0.13761485079824887,75.864,"POLYGON ((-0.1374399817689664 51.54162896748699, -0.1383989143067356 51.541458526720014, -0.1385737735185233 51.5408194763606, -0.1377897161750215 51.54035087221507, -0.1368308054360982 51.54052131381104, -0.1366559302421376 51.54116035872348, -0.1374399817689664 51.54162896748699))",0,True,True,,2
8a195da4ca67fff,104,104-1-4,10,2,51.54260885062799,-0.13534723086998982,75.864,"POLYGON ((-0.1351723349000188 51.54324787580793, -0.1361312827436477 51.543077464302975, -0.1363061688960218 51.54243843396956, -0.1355221231868462 51.54196982058821, -0.1345631971435925 51.542140232922684, -0.1343882950094614 51.54277925780892, -0.1351723349000188 51.54324787580793))",0,True,True,,0
8a195da4ca6ffff,104,104-1-5,10,2,51.54150120317667,-0.1347380956245433,75.864,"POLYGON ((-0.1345631971435925 51.542140232922684, -0.1355221231868462 51.54196982058821, -0.135697011850723 51.541330785688736, -0.1349129904524132 51.540862168571074, -0.1339540862087436 51.54103258173532, -0.1337791815641066 51.54167161118742, -0.1345631971435925 51.542140232922684))",0,True,True,,1
8a195da4ca77fff,104,104-1-6,10,2,51.542907043320376,-0.13709023275237853,75.864,"POLYGON ((-0.1369153527648949 51.54354607394729, -0.1378743147562808 51.543375648640264, -0.1380491849257289 51.542736612859976, -0.1372651090870394 51.54226800783356, -0.1363061688960218 51.54243843396956, -0.1361312827436477 51.543077464302975, -0.1369153527648949 51.54354607394729))",0,True,True,,3
8a195da4c307fff,105,105-4-0,10,2,51.541372827964345,-0.14572088017423918,75.864,"POLYGON ((-0.145546088554371 51.54201190496851, -0.1465050700045515 51.54184139435599, -0.1466798518050874 51.541202312199225, -0.1458956681429329 51.540733746100635, -0.1449367084909296 51.540904257539694, -0.1447619107032359 51.541543334250754, -0.145546088554371 51.54201190496851))",7,True,True,,74
8a195da4c30ffff,105,105-4-1,10,2,51.54026517596921,-0.14511150262734723,75.864,"POLYGON ((-0.1449367084909296 51.540904257539694, -0.1458956681429329 51.540733746100635, -0.1460704524605257 51.54009465937754, -0.1452862931126135 51.53962608953937, -0.1443273552580069 51.539796601805264, -0.144152554954243 51.540435683082414, -0.1449367084909296 51.540904257539694))",0,True,True,,7
8a195da4c317fff,105,105-4-2,10,2,51.54167087426456,-0.14746405361414944,75.864,"POLYGON ((-0.147289277982154 51.54230995671429, -0.1482482735704834 51.54213943229631, -0.1484230393826929 51.54150034469411, -0.1476388255952369 51.54103178695526, -0.1466798518050874 51.541202312199225, -0.1465050700045515 51.54184139435599, -0.147289277982154 51.54230995671429))",0,True,True,,16
8a195da4c31ffff,105,105-4-3,10,2,51.54056322518295,-0.14685462995459844,75.864,"POLYGON ((-0.1466798518050874 51.541202312199225, -0.1476388255952369 51.54103178695526, -0.1478135939254542 51.54039269478647, -0.1470294044532451 51.53992413330726, -0.1460704524605257 51.54009465937754, -0.1458956681429329 51.540733746100635, -0.1466798518050874 51.541202312199225))",0,True,True,,16
8a195da4c327fff,105,105-4-4,10,2,51.54218240610219,-0.14458710926415144,75.864,"POLYGON ((-0.1444123041735873 51.54282147309395, -0.1453712932831777 51.54265097711299, -0.145546088554371 51.54201190496851, -0.1447619107032359 51.541543334250754, -0.1438029433925648 51.54171383105853, -0.1436281321344417 51.54235289775718, -0.1444123041735873 51.54282147309395))",7,True,True,,31
8a195da4c32ffff,105,105-4-5,10,2,51.54107475950023,-0.14397775099912188,75.864,"POLYGON ((-0.1438029433925648 51.54171383105853, -0.1447619107032359 51.541543334250754, -0.1449367084909296 51.540904257539694, -0.144152554954243 51.540435683082414, -0.1431936094417361 51.54060618071729, -0.1430187956680788 51.5412452519823, -0.1438029433925648 51.54171383105853))",0,True,True,,8
8a195da4c337fff,105,105-4-6,10,2,51.54248047165313,-0.14633028455287608,75.864,"POLYGON ((-0.1461554954499671 51.54311954409054, -0.1471144986991003 51.54294903430428, -0.147289277982154 51.54230995671429, -0.1465050700045515 51.54184139435599, -0.145546088554371 51.54201190496851, -0.1453712932831777 51.54265097711299, -0.1461554954499671 51.54311954409054))",0,True,True,,9
8a195da4c347fff,105,105-5-0,10,2,51.538859441381305,-0.14275911495669705,75.864,"POLYGON ((-0.1425843023194398 51.539498522071426, -0.143543226034563 51.53932802360918, -0.1437180288539821 51.538688937766295, -0.1429339239425854 51.5382203558321, -0.1419750220240704 51.538390855122024, -0.1418002032206507 51.53902993551841, -0.1425843023194398 51.539498522071426))",0,True,True,,12
8a195da4c34ffff,105,105-5-1,10,2,51.537751769866624,-0.14214983717602991,75.864,"POLYGON ((-0.1419750220240704 51.538390855122024, -0.1429339239425854 51.5382203558321, -0.143108729277209 51.537581265423945, -0.1423246486766591 51.537112679752354, -0.1413657685539769 51.53728317987019, -0.1411909472363289 51.53792226483167, -0.1419750220240704 51.538390855122024))",0,True,True,,6
8a195da4c357fff,105,105-5-2,10,2,51.53915751566885,-0.1445021519105384,75.864,"POLYGON ((-0.1443273552580069 51.539796601805264, -0.1452862931126135 51.53962608953937, -0.1454610799468328 51.53898699825033, -0.1446769449119572 51.5385184246733, -0.1437180288539821 51.538688937766295, -0.143543226034563 51.53932802360918, -0.1443273552580069 51.539796601805264))",0,True,True,,10
8a195da4c35ffff,105,105-5-3,10,2,51.538049847064386,-0.14389282802219724,75.864,"POLYGON ((-0.1437180288539821 51.538688937766295, -0.1446769449119572 51.5385184246733, -0.1448517342623625 51.537879328818754, -0.1440676235393229 51.53741075150354, -0.143108729277209 51.537581265423945, -0.1429339239425854 51.5382203558321, -0.1437180288539821 51.538688937766295))",0,True,True,,13
8a195da4c367fff,105,105-5-4,10,2,51.53966901105569,-0.1416253807656765,75.864,"POLYGON ((-0.1414505546590538 51.54030808173372, -0.1424094860306938 51.54013759790234, -0.1425843023194398 51.539498522071426, -0.1418002032206507 51.53902993551841, -0.1408412936463762 51.539200420177735, -0.1406664613738423 51.53983949056208, -0.1414505546590538 51.54030808173372))",0,True,True,,12
8a195da4c36ffff,105,105-5-5,10,2,51.538561344934216,-0.14101612226716514,75.864,"POLYGON ((-0.1408412936463762 51.539200420177735, -0.1418002032206507 51.53902993551841, -0.1419750220240704 51.538390855122024, -0.1411909472363289 51.53792226483167, -0.1402320594586444 51.53809275031919, -0.1400572246724232 51.53873182526882, -0.1408412936463762 51.539200420177735))",0,True,True,,1
8a195da4c377fff,105,105-5-6,10,2,51.539967104592876,-0.1433684195638712,75.864,"POLYGON ((-0.1431936094417361 51.54060618071729, -0.144152554954243 51.540435683082414, -0.1443273552580069 51.539796601805264, -0.143543226034563 51.53932802360918, -0.1425843023194398 51.539498522071426, -0.1424094860306938 51.54013759790234, -0.1431936094417361 51.54060618071729))",7,True,True,,32
8a195da4b907fff,127,127-4-0,10,2,51.516611464653224,-0.16525727622906347,75.864,"POLYGON ((-0.1650827497289942 51.517250783780106, -0.1660414177254628 51.517079960173376, -0.1662159344106038 51.51644063589632, -0.165431799084397 51.51597214067155, -0.1644731528648915 51.51614296510132, -0.1642986201949715 51.51678228393276, -0.1650827497289942 51.517250783780106))",0,True,True,,6
8a195da4b90ffff,127,127-4-1,10,2,51.515503641415215,-0.16464768188998422,75.864,"POLYGON ((-0.1644731528648915 51.51614296510132, -0.165431799084397 51.51597214067155, -0.1656063182950787 51.51533281183526, -0.1648222072703794 51.514864312874536, -0.1638635828270375 51.51503513812764, -0.1636890476325476 51.51567446151806, -0.1644731528648915 51.51614296510132))",0,True,True,,6
8a195da4b917fff,127,127-4-2,10,2,51.51690912708908,-0.16700008786894746,75.864,"POLYGON ((-0.1668255773543663 51.51754845166144, -0.1677842594597713 51.517377614249554, -0.1679587601589464 51.51673828452716, -0.1671745947390344 51.51626979766192, -0.1662159344106038 51.51644063589632, -0.1660414177254628 51.517079960173376, -0.1668255773543663 51.51754845166144))",0,True,True,,19
8a195da4b91ffff,127,127-4-3,10,2,51.5158013067645,-0.1663904474511946,75.864,"POLYGON ((-0.1662159344106038 51.51644063589632, -0.1671745947390344 51.51626979766192, -0.1673490979647366 51.51563046338006, -0.1665649568473296 51.515161972778095, -0.1656063182950787 51.51533281183526, -0.165431799084397 51.51597214067155, -0.1662159344106038 51.51644063589632))",0,True,True,,0
8a195da4b927fff,127,127-4-4,10,2,51.51742159790937,-0.16412408388013014,75.864,"POLYGON ((-0.1639495439202273 51.51806090703109, -0.1649082195840695 51.517890098052106, -0.1650827497289942 51.517250783780106, -0.1642986201949715 51.51678228393276, -0.1633399663088092 51.516953093735026, -0.1631654201793265 51.51759240256131, -0.1639495439202273 51.51806090703109))",0,True,True,,0
8a195da4b92ffff,127,127-4-5,10,2,51.51631378005391,-0.1635145087931798,75.864,"POLYGON ((-0.1633399663088092 51.516953093735026, -0.1642986201949715 51.51678228393276, -0.1644731528648915 51.51614296510132, -0.1636890476325476 51.51567446151806, -0.1627304155233371 51.51584527214391, -0.16255586686983 51.516484585529405, -0.1633399663088092 51.516953093735026))",0,True,True,,1
8a195da4b937fff,127,127-4-6,10,2,51.517719279595596,-0.16586689739563173,75.864,"POLYGON ((-0.1656923734210164 51.51835859416284, -0.1666510631951967 51.51818777137886, -0.1668255773543663 51.51754845166144, -0.1660414177254628 51.517079960173376, -0.1650827497289942 51.517250783780106, -0.1649082195840695 51.517890098052106, -0.1656923734210164 51.51835859416284))",0,True,True,,15
8a195da4b947fff,127,127-5-0,10,2,51.51409811946019,-0.16229543909415436,75.864,"POLYGON ((-0.1621208915621298 51.514737442258884, -0.1630795018952085 51.51456663080914, -0.163254039613807 51.513927302860125, -0.1624699829812784 51.513458791807174, -0.1615113944235828 51.51362960408106, -0.1613368407233592 51.51426892658368, -0.1621208915621298 51.514737442258884))",0,True,True,,5
8a195da4b94ffff,127,127-5-1,10,2,51.51299027672418,-0.16168594447880405,75.864,"POLYGON ((-0.1615113944235828 51.51362960408106, -0.1624699829812784 51.513458791807174, -0.1626445232235756 51.51281945929998, -0.1618604908891427 51.51235094451323, -0.1609019241060613 51.51252175761152, -0.1607273678831252 51.51316108467212, -0.1615113944235828 51.51362960408106))",0,True,True,,0
8a195da4b957fff,127,127-5-2,10,2,51.514395809882714,-0.1640381143767179,75.864,"POLYGON ((-0.1638635828270375 51.51503513812764, -0.1648222072703794 51.514864312874536, -0.1649967290061509 51.51422497947943, -0.1642126422817493 51.51375647678345, -0.163254039613807 51.513927302860125, -0.1630795018952085 51.51456663080914, -0.1638635828270375 51.51503513812764))",0,True,True,,0
8a195da4b95ffff,127,127-5-3,10,2,51.513287970056844,-0.1634285736876549,75.864,"POLYGON ((-0.163254039613807 51.513927302860125, -0.1642126422817493 51.51375647678345, -0.1643871665422056 51.513117138829955, -0.1636031041168921 51.5126486323994, -0.1626445232235756 51.51281945929998, -0.1624699829812784 51.513458791807174, -0.163254039613807 51.513927302860125))",0,True,True,,0
8a195da4b967fff,127,127-5-4,10,2,51.514908244232004,-0.16116228337802396,75.864,"POLYGON ((-0.1609877223874778 51.515547557025826, -0.1619463403850492 51.515376760203175, -0.1621208915621298 51.514737442258884, -0.1613368407233592 51.51426892658368, -0.1603782445019132 51.51443972423077, -0.1602036773434287 51.51507903672861, -0.1609877223874778 51.515547557025826))",0,True,True,,10
8a195da4b96ffff,127,127-5-5,10,2,51.51380040687859,-0.1605528080151055,75.864,"POLYGON ((-0.1603782445019132 51.51443972423077, -0.1613368407233592 51.51426892658368, -0.1615113944235828 51.51362960408106, -0.1607273678831252 51.51316108467212, -0.1597687934370457 51.513331883143906, -0.1595942237563889 51.513971200199855, -0.1603782445019132 51.51443972423077))",0,True,True,,4
8a195da4b977fff,127,127-5-6,10,2,51.515205953903795,-0.1629049605317346,75.864,"POLYGON ((-0.1627304155233371 51.51584527214391, -0.1636890476325476 51.51567446151806, -0.1638635828270375 51.51503513812764, -0.1630795018952085 51.51456663080914, -0.1621208915621298 51.514737442258884, -0.1619463403850492 51.515376760203175, -0.1627304155233371 51.51584527214391))",0,True,True,,12
8a195da48607fff,146,146-0-0,10,2,51.521637954012,-0.17118195803147632,75.864,"POLYGON ((-0.1710074736158259 51.52227726578668, -0.1719662569443979 51.522106417853855, -0.1721407315421712 51.521467100929264, -0.1713564388027468 51.52099863738166, -0.1703976772542258 51.52116948613529, -0.1702231866653896 51.52180879761572, -0.1710074736158259 51.52227726578668))",0,True,True,,8
8a195da4860ffff,146,146-0-1,10,2,51.520530169799294,-0.17057216419859028,75.864,"POLYGON ((-0.1703976772542258 51.52116948613529, -0.1713564388027468 51.52099863738166, -0.1715309159297312 51.52035931589574, -0.1707466474985976 51.51989084860781, -0.1697879077293842 51.52006169818253, -0.1696134146123235 51.52070101422407, -0.1703976772542258 51.52116948613529))",0,True,True,,15
8a195da48617fff,146,146-0-2,10,2,51.52193556044177,-0.17292504241720666,75.864,"POLYGON ((-0.1727505739933231 51.52257487766042, -0.1737093714281606 51.52240401591882, -0.1738838300337045 51.52176469355041, -0.1730995071969364 51.52129623836741, -0.1721407315421712 51.521467100929264, -0.1719662569443979 51.522106417853855, -0.1727505739933231 51.52257487766042))",0,True,True,,8
8a195da4861ffff,146,146-0-3,10,2,51.52082777914907,-0.1723152024957298,75.864,"POLYGON ((-0.1721407315421712 51.521467100929264, -0.1730995071969364 51.52129623836741, -0.1732739683326475 51.52065691143742, -0.1724896698051882 51.52018845251334, -0.1715309159297312 51.52035931589574, -0.1713564388027468 51.52099863738166, -0.1721407315421712 51.521467100929264))",0,True,True,,1
8a195da48627fff,146,146-0-4,10,2,51.52244810424038,-0.17004869243198753,75.864,"POLYGON ((-0.1698741945538948 51.52308740600923, -0.17083298555565 51.52291657270552, -0.1710074736158259 51.52227726578668, -0.1702231866653896 51.52180879761572, -0.1692644174444588 51.521979631740486, -0.1690899133934409 51.52261893321509, -0.1698741945538948 51.52308740600923))",0,True,True,,1
8a195da4862ffff,146,146-0-5,10,2,51.52134032541008,-0.16943891785069945,75.864,"POLYGON ((-0.1692644174444588 51.521979631740486, -0.1702231866653896 51.52180879761572, -0.1703976772542258 51.52116948613529, -0.1696134146123235 51.52070101422407, -0.1686546671714021 51.5208718491702, -0.1684801605927054 51.521511155206156, -0.1692644174444588 51.521979631740486))",0,True,True,,0
8a195da48637fff,146,146-0-6,10,2,51.52274572992262,-0.1717917787023054,75.864,"POLYGON ((-0.1716172968157793 51.523385037135526, -0.1725761019251969 51.5232141900232, -0.1727505739933231 51.52257487766042, -0.1719662569443979 51.522106417853855, -0.1710074736158259 51.52227726578668, -0.17083298555565 51.52291657270552, -0.1716172968157793 51.523385037135526))",0,True,True,,4
8a195da48647fff,146,146-1-0,10,2,51.51912474284732,-0.16821944919441006,75.864,"POLYGON ((-0.1680449437331402 51.51976405829953, -0.169003669394765 51.51959322253177, -0.1691781650396399 51.51895390192952, -0.1683939510111398 51.518485422539875, -0.1674352471280169 51.51865625912955, -0.1672607354952086 51.51929557428693, -0.1680449437331402 51.51976405829953))",0,True,True,,7
8a195da4864ffff,146,146-1-1,10,2,51.51801693911707,-0.16760975511615278,75.864,"POLYGON ((-0.1674352471280169 51.51865625912955, -0.1683939510111398 51.518485422539875, -0.1685684491833826 51.51784609737732, -0.1677842594597713 51.517377614249554, -0.1668255773543663 51.51754845166144, -0.1666510631951967 51.51818777137886, -0.1674352471280169 51.51865625912955))",7,True,True,,21
8a195da48657fff,146,146-1-2,10,2,51.5194223772856,-0.16996239720201142,75.864,"POLYGON ((-0.1697879077293842 51.52006169818253, -0.1707466474985976 51.51989084860781, -0.1709211271543724 51.519251522560964, -0.1701368830303452 51.5187830515334, -0.1691781650396399 51.51895390192952, -0.169003669394765 51.51959322253177, -0.1697879077293842 51.52006169818253))",0,True,True,,2
8a195da4865ffff,146,146-1-3,10,2,51.518314576472086,-0.16935265704010927,75.864,"POLYGON ((-0.1691781650396399 51.51895390192952, -0.1701368830303452 51.5187830515334, -0.1703113652144593 51.51814372092604, -0.1695271453963388 51.51767524615956, -0.1685684491833826 51.51784609737732, -0.1683939510111398 51.518485422539875, -0.1691781650396399 51.51895390192952))",0,True,True,,6
8a195da48667fff,146,146-1-4,10,2,51.51993488458899,-0.1670862202176898,75.864,"POLYGON ((-0.1669117012952693 51.52057419003572, -0.167870434627185 51.520403368896375, -0.1680449437331402 51.51976405829953, -0.1672607354952086 51.51929557428693, -0.1663020239425528 51.51946639624842, -0.1661274988489055 51.52010570140031, -0.1669117012952693 51.52057419003572))",0,True,True,,1
8a195da4866ffff,146,146-1-5,10,2,51.51882708624124,-0.16647654539129367,75.864,"POLYGON ((-0.1663020239425528 51.51946639624842, -0.1672607354952086 51.51929557428693, -0.1674352471280169 51.51865625912955, -0.1666510631951967 51.51818777137886, -0.1656923734210164 51.51835859416284, -0.1655178458015075 51.51899790387501, -0.1663020239425528 51.51946639624842))",0,True,True,,3
8a195da48677fff,146,146-1-6,10,2,51.520232538278705,-0.16882917010538556,75.864,"POLYGON ((-0.1686546671714021 51.5208718491702, -0.1696134146123235 51.52070101422407, -0.1697879077293842 51.52006169818253, -0.169003669394765 51.51959322253177, -0.1680449437331402 51.51976405829953, -0.167870434627185 51.520403368896375, -0.1686546671714021 51.5208718491702))",0,True,True,,0
8a195da48787fff,146,146-6-0,10,2,51.52415109811684,-0.17414480278153194,75.864,"POLYGON ((-0.1739703394183119 51.52479040621109, -0.1749291804156362 51.52461954610914, -0.1751036339594867 51.523980232865135, -0.1743192625005219 51.52351178516643, -0.1733604432848435 51.523682646088055, -0.1731859737467748 51.524321953888666, -0.1739703394183119 51.52479040621109))",0,True,True,,3
8a195da4878ffff,146,146-6-1,10,2,51.5230433334314,-0.17353490917859032,75.864,"POLYGON ((-0.1733604432848435 51.523682646088055, -0.1743192625005219 51.52351178516643, -0.1744937185754321 51.52287246736002, -0.1737093714281606 51.52240401591882, -0.1727505739933231 51.52257487766042, -0.1725761019251969 51.5232141900232, -0.1733604432848435 51.523682646088055))",0,True,True,,14
8a195da48797fff,146,146-6-2,10,2,51.52444867652714,-0.17588802355578165,75.864,"POLYGON ((-0.1757135761875044 51.525087990064634, -0.1766724312897499 51.52491711615212, -0.1768468688381901 51.52427779746501, -0.1760624672801012 51.52380935813346, -0.1751036339594867 51.523980232865135, -0.1749291804156362 51.52461954610914, -0.1757135761875044 51.525087990064634))",0,True,True,,3
8a195da4879ffff,146,146-6-3,10,2,51.52334091476503,-0.17527808385928778,75.864,"POLYGON ((-0.1751036339594867 51.523980232865135, -0.1760624672801012 51.52380935813346, -0.176236907360593 51.52317003488373, -0.1754525301151693 51.522701591808925, -0.1744937185754321 51.52287246736002, -0.1743192625005219 51.52351178516643, -0.1751036339594867 51.523980232865135))",0,True,True,,7
8a195da487a7fff,146,146-6-4,10,2,51.52496125683308,-0.17301150056433093,75.864,"POLYGON ((-0.1728370237373872 51.52560055492118, -0.1737958724107776 51.52542970944906, -0.1739703394183119 51.52479040621109, -0.1731859737467748 51.524321953888666, -0.1722271468557629 51.524492800180724, -0.1720526638542313 51.525132097975224, -0.1728370237373872 51.52560055492118))",0,True,True,,0
8a195da487affff,146,146-6-5,10,2,51.52385349753002,-0.17240162621270821,75.864,"POLYGON ((-0.1722271468557629 51.524492800180724, -0.1731859737467748 51.524321953888666, -0.1733604432848435 51.523682646088055, -0.1725761019251969 51.5232141900232, -0.1716172968157793 51.523385037135526, -0.1714428112847254 51.52402433949239, -0.1722271468557629 51.524492800180724))",0,True,True,,0
8a195da487b7fff,146,146-6-6,10,2,51.52525885449691,-0.17475472322766258,75.864,"POLYGON ((-0.1745802623954155 51.52589815802834, -0.1755391251751446 51.5257272987458, -0.1757135761875044 51.525087990064634, -0.1749291804156362 51.52461954610914, -0.1739703394183119 51.52479040621109, -0.1737958724107776 51.52542970944906, -0.1745802623954155 51.52589815802834))",0,True,True,,1
8a195da4bc47fff,173,173-1-0,10,2,51.51345306093696,-0.1761514603460074,75.864,"POLYGON ((-0.1759770491032496 51.514092446419916, -0.1769357210552035 51.513921508255734, -0.1771101224818557 51.513282117623554, -0.1763258679462711 51.51281367059988, -0.1753672177675236 51.51298460958418, -0.1751928003514706 51.513623994772004, -0.1759770491032496 51.514092446419916))",0,True,True,,1
8a195da4bc4ffff,173,173-1-1,10,2,51.51234521954231,-0.17554163154099073,75.864,"POLYGON ((-0.1753672177675236 51.51298460958418, -0.1763258679462711 51.51281367059988, -0.1765002719041244 51.5121742754088, -0.1757160416719764 51.51170582464656, -0.1747574132656923 51.511876764451216, -0.1745829933194296 51.512516154197726, -0.1753672177675236 51.51298460958418))",0,True,True,,4
8a195da4bc57fff,173,173-1-2,10,2,51.51375056061297,-0.17789439514810276,75.864,"POLYGON ((-0.1777199998954395 51.51438995154013, -0.1786786859453195 51.514218999567795, -0.1788530713813896 51.51357960349157, -0.1780687867584984 51.51311116483168, -0.1771101224818557 51.513282117623554, -0.1769357210552035 51.513921508255734, -0.1777199998954395 51.51438995154013))",0,True,True,,3
8a195da4bc5ffff,173,173-1-3,10,2,51.5126427221373,-0.17728452026619437,75.864,"POLYGON ((-0.1771101224818557 51.513282117623554, -0.1780687867584984 51.51311116483168, -0.1782431747267409 51.512471764196334, -0.1774589144082933 51.51200332179709, -0.1765002719041244 51.5121742754088, -0.1763258679462711 51.51281367059988, -0.1771101224818557 51.513282117623554))",0,True,True,,0
8a195da4bc67fff,173,173-1-4,10,2,51.51426337510567,-0.17501837929273756,75.864,"POLYGON ((-0.1748439545911896 51.51490275058508, -0.1758026342178474 51.51473182704868, -0.1759770491032496 51.514092446419916, -0.1751928003514706 51.513623994772004, -0.1742341424987926 51.513794919128784, -0.17405971162422 51.51443429431307, -0.1748439545911896 51.51490275058508))",0,True,True,,6
8a195da4bc6ffff,173,173-1-5,10,2,51.513155539090285,-0.17440856973049437,75.864,"POLYGON ((-0.1742341424987926 51.513794919128784, -0.1751928003514706 51.513623994772004, -0.1753672177675236 51.51298460958418, -0.1745829933194296 51.512516154197726, -0.1736243572399475 51.51268707937513, -0.1734499238357003 51.51332645911829, -0.1742341424987926 51.513794919128784))",0,True,True,,2
8a195da4bc77fff,173,173-1-6,10,2,51.51456089403372,-0.17676131598610806,75.864,"POLYGON ((-0.1765869072744752 51.515200274957365, -0.1775456010004347 51.515029337612965, -0.1777199998954395 51.51438995154013, -0.1769357210552035 51.513921508255734, -0.1759770491032496 51.514092446419916, -0.1758026342178474 51.51473182704868, -0.1765869072744752 51.515200274957365))",0,True,True,,6
8a195da4bd47fff,173,173-5-0,10,2,51.51618148698061,-0.17449509425922657,75.864,"POLYGON ((-0.1743206586285875 51.51682084789647, -0.1752793677048227 51.51664993980825, -0.1754537935187535 51.51601057374295, -0.1746695262467174 51.515542121210096, -0.1737108389459887 51.515713030118654, -0.1735363971421112 51.516352390739655, -0.1743206586285875 51.51682084789647))",0,True,True,,17
8a195da4bd4ffff,173,173-5-1,10,2,51.51507366464309,-0.1738852771066569,75.864,"POLYGON ((-0.1737108389459887 51.515713030118654, -0.1746695262467174 51.515542121210096, -0.1748439545911896 51.51490275058508, -0.17405971162422 51.51443429431307, -0.173101046098219 51.51460520404224, -0.1729266017647815 51.51524456922274, -0.1737108389459887 51.515713030118654))",0,True,True,,5
8a195da4bd57fff,173,173-5-2,10,2,51.51647902224125,-0.17623807892309823,75.864,"POLYGON ((-0.1760636592831353 51.517118388601226, -0.1770223824600637 51.51694746670465, -0.1771967922828512 51.51630809519535, -0.1764124949201649 51.51583965102658, -0.1754537935187535 51.51601057374295, -0.1752793677048227 51.51664993980825, -0.1760636592831353 51.517118388601226))",0,True,True,,15
8a195da4bd5ffff,173,173-5-3,10,2,51.51537120282304,-0.17562821568972187,75.864,"POLYGON ((-0.1754537935187535 51.51601057374295, -0.1764124949201649 51.51583965102658, -0.1765869072744752 51.515200274957365, -0.1758026342178474 51.51473182704868, -0.1748439545911896 51.51490275058508, -0.1746695262467174 51.515542121210096, -0.1754537935187535 51.51601057374295))",0,True,True,,12
8a195da4bd67fff,173,173-5-4,10,2,51.516991746506015,-0.17336195169489957,75.864,"POLYGON ((-0.173187502604275 51.51763109741756, -0.1741462193546958 51.51746020395757, -0.1743206586285875 51.51682084789647, -0.1735363971421112 51.516352390739655, -0.1725777021679398 51.51652328502025, -0.1724032469043167 51.51716263563697, -0.173187502604275 51.51763109741756))",0,True,True,,9
8a195da4bd6ffff,173,173-5-5,10,2,51.5158839295488,-0.17275215378805311,75.864,"POLYGON ((-0.1725777021679398 51.51652328502025, -0.1735363971421112 51.516352390739655, -0.1737108389459887 51.515713030118654, -0.1729266017647815 51.51524456922274, -0.1719679285660956 51.5154154643242, -0.1717934707734427 51.51605481950063, -0.1725777021679398 51.51652328502025))",0,True,True,,1
8a195da4bd77fff,173,173-5-6,10,2,51.51728930101882,-0.17510493824783513,75.864,"POLYGON ((-0.1749305051476561 51.51792865737456, -0.1758892360001614 51.51775775010637, -0.1760636592831353 51.517118388601226, -0.1752793677048227 51.51664993980825, -0.1743206586285875 51.51682084789647, -0.1741462193546958 51.51746020395757, -0.1749305051476561 51.51792865737456))",0,True,True,,1
8b194ad30488fff,0,0-2-1-0,11,3,51.51346357987125,-0.0940866623364897,28.827,"POLYGON ((-0.0941484651212755 51.51371313855612, -0.0944472755802397 51.51357321547673, -0.0943854714825529 51.513323656354984, -0.0940248601246268 51.513214020732875, -0.0937260515954104 51.51335394339331, -0.0937878524943501 51.51360350209482, -0.0941484651212755 51.51371313855612))",0,True,True,,1
8b194ad30489fff,0,0-2-1-1,11,3,51.5131043842383,-0.09366425126931067,28.827,"POLYGON ((-0.0937260515954104 51.51335394339331, -0.0940248601246268 51.513214020732875, -0.0939630584856347 51.512964461140946, -0.0936024515160858 51.51285482462976, -0.0933036449166452 51.51299474687128, -0.0933654433569504 51.51324430604293, -0.0937260515954104 51.51335394339331))",0,True,True,,8
8b194ad3048afff,0,0-2-1-2,11,3,51.51343329110458,-0.09474608534309939,28.827,"POLYGON ((-0.0948078913266146 51.513682850209676, -0.0951067017062309 51.513542924981685, -0.0950448944097827 51.5132933654397, -0.0946842799324676 51.51318373154594, -0.0943854714825529 51.513323656354984, -0.0944472755802397 51.51357321547673, -0.0948078913266146 51.513682850209676))",0,True,True,,3
8b194ad3048bfff,0,0-2-1-3,11,3,51.513074096779704,-0.09432366795775339,28.827,"POLYGON ((-0.0943854714825529 51.513323656354984, -0.0946842799324676 51.51318373154594, -0.0946224750947642 51.51293417153377, -0.0942618650058352 51.512824536750884, -0.0939630584856347 51.512964461140946, -0.0940248601246268 51.513214020732875, -0.0943854714825529 51.513323656354984))",0,True,True,,4
8b194ad3048cfff,0,0-2-1-4,11,3,51.51385306034274,-0.09384965396618176,28.827,"POLYGON ((-0.0939114560108808 51.51410261813712, -0.0942102684789238 51.5139626967874, -0.0941484651212755 51.51371313855612, -0.0937878524943501 51.51360350209482, -0.0934890419561191 51.51374342302561, -0.0935508421149844 51.51399298083662, -0.0939114560108808 51.51410261813712))",0,True,True,,1
8b194ad3048dfff,0,0-2-1-5,11,3,51.51349386476104,-0.09342724237014047,28.827,"POLYGON ((-0.0934890419561191 51.51374342302561, -0.0937878524943501 51.51360350209482, -0.0937260515954104 51.51335394339331, -0.0933654433569504 51.51324430604293, -0.0930666347485287 51.5133842265548, -0.0931284324487508 51.51363378483598, -0.0934890419561191 51.51374342302561))",0,True,True,,6
8b194ad3048efff,0,0-2-1-6,11,3,51.51382277414491,-0.09450908025081982,28.827,"POLYGON ((-0.0945708854943504 51.51407233235956, -0.09486969788306 51.51393240886122, -0.0948078913266146 51.513682850209676, -0.0944472755802397 51.51357321547673, -0.0941484651212755 51.51371313855612, -0.0942102684789238 51.5139626967874, -0.0945708854943504 51.51407233235956))",0,True,True,,2
8b194ad304d0fff,0,0-3-2-0,11,3,51.51235570405213,-0.09347885372815985,28.827,"POLYGON ((-0.0935406523357093 51.512605264567696, -0.0938394569262186 51.512465340596556, -0.0937776570057775 51.51221577964408, -0.0934170556934774 51.512106143083074, -0.0931182530327076 51.51224606663532, -0.0931800497545375 51.51249562716746, -0.0935406523357093 51.512605264567696))",0,True,True,,2
8b194ad304d1fff,0,0-3-2-1,11,3,51.51199650564965,-0.09305645688370792,28.827,"POLYGON ((-0.0931182530327076 51.51224606663532, -0.0934170556934774 51.512106143083074, -0.0933552582315999 51.51185658166052, -0.0929946613075068 51.511746944210536, -0.092695860576484 51.51188686734384, -0.0927576548398106 51.51213642834609, -0.0931182530327076 51.51224606663532))",0,True,True,,1
8b194ad304d2fff,0,0-3-2-2,11,3,51.512325415332654,-0.0941382608206135,28.827,"POLYGON ((-0.0942000626268025 51.51257497626854, -0.0944988671380164 51.512435050148845, -0.0944370640189805 51.51218548877608, -0.0940764595873288 51.51207585394333, -0.0937776570057775 51.51221577964408, -0.0938394569262186 51.512465340596556, -0.0942000626268025 51.51257497626854))",0,True,True,,1
8b194ad304d3fff,0,0-3-2-3,11,3,51.51196621823811,-0.09371585765819855,28.827,"POLYGON ((-0.0937776570057775 51.51221577964408, -0.0940764595873288 51.51207585394333, -0.0940146589268859 51.511826292100466, -0.0936540588834604 51.51171665637867, -0.0933552582315999 51.51185658166052, -0.0934170556934774 51.512106143083074, -0.0937776570057775 51.51221577964408))",0,True,True,,6
8b194ad304d4fff,0,0-3-2-4,11,3,51.51274518724613,-0.09324184704917282,28.827,"POLYGON ((-0.0933036449166452 51.51299474687128, -0.0936024515160858 51.51285482462976, -0.0935406523357093 51.512605264567696, -0.0931800497545375 51.51249562716746, -0.0928812450848495 51.51263554899009, -0.0929430410665891 51.51288510863183, -0.0933036449166452 51.51299474687128))",0,True,True,,4
8b194ad304d5fff,0,0-3-2-5,11,3,51.51238598889482,-0.0928194496759355,28.827,"POLYGON ((-0.0928812450848495 51.51263554899009, -0.0931800497545375 51.51249562716746, -0.0931182530327076 51.51224606663532, -0.0927576548398106 51.51213642834609, -0.0924588520999134 51.51227634974979, -0.0925206456231309 51.51252590986164, -0.0928812450848495 51.51263554899009))",0,True,True,,3
8b194ad304d6fff,0,0-3-2-6,11,3,51.512714901095535,-0.09390125741951263,28.827,"POLYGON ((-0.0939630584856347 51.512964461140946, -0.0942618650058352 51.512824536750884, -0.0942000626268025 51.51257497626854, -0.0938394569262186 51.512465340596556, -0.0935406523357093 51.512605264567696, -0.0936024515160858 51.51285482462976, -0.0939630584856347 51.512964461140946))",0,True,True,,5
8b194ad30688fff,4,4-2-1-0,11,3,51.505708275692236,-0.08983256384764934,28.827,"POLYGON ((-0.089894337398038 51.505957847187496, -0.090193106780993 51.50581791786532, -0.0901313319179987 51.50556834593314, -0.0897707908698184 51.505458703743734, -0.0894720234164102 51.505598632647136, -0.0895337950816388 51.50584820415875, -0.089894337398038 51.505957847187496))",0,True,True,,5
8b194ad30689fff,4,4-2-1-1,11,3,51.5053490606823,-0.0894102523237125,28.827,"POLYGON ((-0.0894720234164102 51.505598632647136, -0.0897707908698184 51.505458703743734, -0.0897090184644931 51.505209131342, -0.0893484818035193 51.50509948826425, -0.0890497162796961 51.505239416748914, -0.0891114854872752 51.50548898873008, -0.0894720234164102 51.505598632647136))",0,True,True,,4
8b194ad3068afff,4,4-2-1-2,11,3,51.50567798725056,-0.09049187546826401,28.827,"POLYGON ((-0.0905536522164362 51.505927559166366, -0.090852421520589 51.50578762769593, -0.0907906434598097 51.50553805534322, -0.090430099292661 51.505428414881486, -0.0901313319179987 51.50556834593314, -0.090193106780993 51.50581791786532, -0.0905536522164362 51.505927559166366))",0,True,True,,8
8b194ad3068bfff,4,4-2-1-3,11,3,51.50531877354776,-0.09006955762756234,28.827,"POLYGON ((-0.0901313319179987 51.50556834593314, -0.090430099292661 51.505428414881486, -0.0903683236896059 51.50517884205921, -0.0900077839096318 51.50506920070912, -0.0897090184644931 51.505209131342, -0.0897707908698184 51.505458703743734, -0.0901313319179987 51.50556834593314))",0,True,True,,10
8b194ad3068cfff,4,4-2-1-4,11,3,51.50609777521713,-0.08959556731938914,28.827,"POLYGON ((-0.089657340129662 51.50634734582227, -0.0899561115209647 51.50620741822954, -0.089894337398038 51.505957847187496, -0.0895337950816388 51.50584820415875, -0.0892350256199676 51.505988131332685, -0.0892967965450776 51.506237701954184, -0.089657340129662 51.50634734582227))",0,True,True,,0
8b194ad3068dfff,4,4-2-1-5,11,3,51.50573856025798,-0.08917325526737897,28.827,"POLYGON ((-0.0892350256199676 51.505988131332685, -0.0895337950816388 51.50584820415875, -0.0894720234164102 51.505598632647136, -0.0891114854872752 51.50548898873008, -0.0888127179552276 51.50562891548526, -0.08887448642271 51.50587848657628, -0.0892350256199676 51.505988131332685))",0,True,True,,2
8b194ad3068efff,4,4-2-1-6,11,3,51.50606748934423,-0.09025488221653065,28.827,"POLYGON ((-0.0903166582246434 51.50631706036991, -0.0906154295371683 51.50617713062893, -0.0905536522164362 51.505927559166366, -0.090193106780993 51.50581791786532, -0.089894337398038 51.505957847187496, -0.0899561115209647 51.50620741822954, -0.0903166582246434 51.50631706036991))",0,True,True,,5
8b194ad30698fff,4,4-2-3-0,11,3,51.5060069059705,-0.09157352113152112,28.827,"POLYGON ((-0.091635303535305 51.50625647783717, -0.0919340746900522 51.50611654379962, -0.0918722909736308 51.505866971496076, -0.0915117393002995 51.50575733365052, -0.0912129700750147 51.505897267269255, -0.0912747505935869 51.50614683915233, -0.091635303535305 51.50625647783717))",0,True,True,,2
8b194ad30699fff,4,4-2-3-1,11,3,51.50564769493288,-0.09115119012902416,28.827,"POLYGON ((-0.0912129700750147 51.505897267269255, -0.0915117393002995 51.50575733365052, -0.091449958041716 51.50550776087732, -0.09108941075564 51.50539812214332, -0.0907906434598097 51.50553805534322, -0.090852421520589 51.50578762769593, -0.0912129700750147 51.505897267269255))",0,True,True,,11
8b194ad3069afff,4,4-2-3-2,11,3,51.505976608469496,-0.09223284514899285,28.827,"POLYGON ((-0.0922946307506747 51.506226180756656, -0.0925934018264012 51.50608624457081, -0.0925316149121113 51.50583667184678, -0.0921710601199616 51.505727035729066, -0.0918722909736308 51.505866971496076, -0.0919340746900522 51.50611654379962, -0.0922946307506747 51.506226180756656))",0,True,True,,1
8b194ad3069bfff,4,4-2-3-3,11,3,51.50561739873926,-0.09181050782985894,28.827,"POLYGON ((-0.0918722909736308 51.505866971496076, -0.0921710601199616 51.505727035729066, -0.0921092756635545 51.50547746253537, -0.0917487252586436 51.50536782552916, -0.091449958041716 51.50550776087732, -0.0915117393002995 51.50575733365052, -0.0918722909736308 51.505866971496076))",0,True,True,,9
8b194ad3069cfff,4,4-2-3-4,11,3,51.506396410582155,-0.09133653168477746,28.827,"POLYGON ((-0.0913983133485668 51.506645981558684, -0.0916970865117443 51.50650604925061, -0.091635303535305 51.50625647783717, -0.0912747505935869 51.50614683915233, -0.0909759793599206 51.50628677104157, -0.0910377591384595 51.50653634203451, -0.0913983133485668 51.506645981558684))",0,True,True,,6
8b194ad3069dfff,4,4-2-3-5,11,3,51.5060371995954,-0.09091420015398449,28.827,"POLYGON ((-0.0909759793599206 51.50628677104157, -0.0912747505935869 51.50614683915233, -0.0912129700750147 51.505897267269255, -0.090852421520589 51.50578762769593, -0.0905536522164362 51.505927559166366, -0.0906154295371683 51.50617713062893, -0.0909759793599206 51.50628677104157))",0,True,True,,10
8b194ad3069efff,4,4-2-3-6,11,3,51.50636611564991,-0.09199585897910348,28.827,"POLYGON ((-0.0920576438408214 51.50661568704694, -0.0923564169250131 51.506475752590546, -0.0922946307506747 51.506226180756656, -0.0919340746900522 51.50611654379962, -0.091635303535305 51.50625647783717, -0.0916970865117443 51.50650604925061, -0.0920576438408214 51.50661568704694))",0,True,True,,2
8b194ad30d68fff,5,5-5-5-0,11,3,51.520359420784125,-0.07578650826664698,28.827,"POLYGON ((-0.0758482288245894 51.52060895596666, -0.0761470731451528 51.520469107831374, -0.0760853512737566 51.52021957221163, -0.0757247882808928 51.520109885148045, -0.0754259458920178 51.52024973286496, -0.0754876645643215 51.52049926806383, -0.0758482288245894 51.52060895596666))",0,True,True,,5
8b194ad30d69fff,5,5-5-5-1,11,3,51.52000019721256,-0.0753642277918399,28.827,"POLYGON ((-0.0754259458920178 51.52024973286496, -0.0757247882808928 51.520109885148045, -0.0756630688673056 51.51986034905842, -0.0753025102638687 51.51975066110659, -0.0750036698066895 51.51989050840515, -0.0750653860212292 51.5201400440739, -0.0754259458920178 51.52024973286496))",0,True,True,,12
8b194ad30d6afff,5,5-5-5-2,11,3,51.520329258403294,-0.07644591677044682,28.827,"POLYGON ((-0.0765076405275049 51.520578794006674, -0.0768064847709791 51.52043894372302, -0.0767447597005118 51.52018940768245, -0.0763841935856346 51.52007972234638, -0.0760853512737566 51.52021957221163, -0.0761470731451528 51.520469107831374, -0.0765076405275049 51.520578794006674))",0,True,True,,4
8b194ad30d6bfff,5,5-5-5-3,11,3,51.51997003613835,-0.0760236299745591,28.827,"POLYGON ((-0.0760853512737566 51.52021957221163, -0.0763841935856346 51.52007972234638, -0.0763224709730161 51.51983018583587, -0.0759619092475441 51.519720499611516, -0.0756630688673056 51.51986034905842, -0.0757247882808928 51.520109885148045, -0.0760853512737566 51.52021957221163))",0,True,True,,7
8b194ad30d6cfff,5,5-5-5-4,11,3,51.520748802809116,-0.07554938380883365,28.827,"POLYGON ((-0.0756111036254989 51.52099833710082, -0.0759099499547261 51.520858490695595, -0.0758482288245894 51.52060895596666, -0.0754876645643215 51.52049926806383, -0.075188820166801 51.52063911405071, -0.0752505380978298 51.5208886483588, -0.0756111036254989 51.52099833710082))",0,True,True,,1
8b194ad30d6dfff,5,5-5-5-5,11,3,51.52038957928905,-0.07512710280791901,28.827,"POLYGON ((-0.075188820166801 51.52063911405071, -0.0754876645643215 51.52049926806383, -0.0754259458920178 51.52024973286496, -0.0750653860212292 51.5201400440739, -0.0747665435554176 51.52027988964244, -0.0748282590286686 51.52052942442042, -0.075188820166801 51.52063911405071))",0,True,True,,0
8b194ad30d6efff,5,5-5-5-6,11,3,51.52071864299756,-0.07620879558874358,28.827,"POLYGON ((-0.0762705186045552 51.52096817771012, -0.0765693648567689 51.52082832915647, -0.0765076405275049 51.520578794006674, -0.0761470731451528 51.520469107831374, -0.0758482288245894 51.52060895596666, -0.0759099499547261 51.520858490695595, -0.0762705186045552 51.52096817771012))",0,True,True,,0
8b194ad36aa8fff,11,11-2-5-0,11,3,51.52769139163906,-0.08927283286845417,28.827,"POLYGON ((-0.0893346274565049 51.52794091988733, -0.0896335117908843 51.52780104792084, -0.0895717158891622 51.527551519235466, -0.0892110388532929 51.527441862936826, -0.0889121564500191 51.5275817344845, -0.0889739491515277 51.527831262749615, -0.0893346274565049 51.52794091988733))",0,True,True,,1
8b194ad36aa9fff,11,11-2-5-1,11,3,51.527332205765376,-0.08885036432147034,28.827,"POLYGON ((-0.0889121564500191 51.5275817344845, -0.0892110388532929 51.527441862936826, -0.0891492454111121 51.52719233378065, -0.0887885727658141 51.52708267659235, -0.0884896922936587 51.5272225477212, -0.088551482535676 51.527472076457144, -0.0889121564500191 51.5275817344845))",0,True,True,,10
8b194ad36aaafff,11,11-2-5-2,11,3,51.52766117466134,-0.08993239542906338,28.827,"POLYGON ((-0.0899941932173712 51.527910703329795, -0.0902930774729506 51.527770829214354, -0.0902312783709956 51.52752130010881, -0.0898705982137077 51.5274116455389, -0.0895717158891622 51.527551519235466, -0.0896335117908843 51.52780104792084, -0.0899941932173712 51.527910703329795))",0,True,True,,0
8b194ad36aabfff,11,11-2-5-3,11,3,51.52730199009614,-0.08950992056038085,28.827,"POLYGON ((-0.0895717158891622 51.527551519235466, -0.0898705982137077 51.5274116455389, -0.0898088015713134 51.52716211596249, -0.0894481258045957 51.5270524605029, -0.0891492454111121 51.52719233378065, -0.0892110388532929 51.527441862936826, -0.0895717158891622 51.527551519235466))",0,True,True,,1
8b194ad36aacfff,11,11-2-5-4,11,3,51.52808079056076,-0.08903574242595617,28.827,"POLYGON ((-0.0890975362733515 51.52833031791798, -0.0893964226175533 51.52819044768161, -0.0893346274565049 51.52794091988733, -0.0889739491515277 51.527831262749615, -0.0886750647384754 51.52797113256718, -0.0887368566992336 51.528220659941255, -0.0890975362733515 51.52833031791798))",0,True,True,,0
8b194ad36aadfff,11,11-2-5-5,11,3,51.527721604739135,-0.08861327335063171,28.827,"POLYGON ((-0.0886750647384754 51.52797113256718, -0.0889739491515277 51.527831262749615, -0.0889121564500191 51.5275817344845, -0.088551482535676 51.527472076457144, -0.0882526000537705 51.527611945855874, -0.0883143895550594 51.52786147370077, -0.0886750647384754 51.52797113256718))",0,True,True,,3
8b194ad36aaefff,11,11-2-5-6,11,3,51.52805057615223,-0.0896953082655737,28.827,"POLYGON ((-0.0897571053132311 51.528300103929595, -0.0900559915786832 51.528160231544284, -0.0899941932173712 51.527910703329795, -0.0896335117908843 51.52780104792084, -0.0893346274565049 51.52794091988733, -0.0893964226175533 51.52819044768161, -0.0897571053132311 51.528300103929595))",0,True,True,,3
8b195da4c300fff,105,105-4-0-0,11,3,51.54137282796434,-0.14572088017423915,28.827,"POLYGON ((-0.1457829663433126 51.541622360204826, -0.1460819288637186 51.541482345496526, -0.1460198413809564 51.54123281281966, -0.1456587945809587 51.5411232952688, -0.1453598339881307 51.54126330955635, -0.1454219182677512 51.541512841815496, -0.1457829663433126 51.541622360204826))",0,True,True,,5
8b195da4c301fff,105,105-4-0-1,11,3,51.54101377684215,-0.14529775028429687,28.827,"POLYGON ((-0.1453598339881307 51.54126330955635, -0.1456587945809587 51.5411232952688, -0.1455967095634753 51.54087376211819, -0.1452356671562078 51.54076424367289, -0.1449367084909296 51.540904257539694, -0.1449987903053417 51.54115379027254, -0.1453598339881307 51.54126330955635))",0,True,True,,1
8b195da4c302fff,105,105-4-0-2,11,3,51.541342329494675,-0.14638089068429502,28.827,"POLYGON ((-0.1464429800565026 51.54159186215288, -0.1467419424909391 51.54145184529384, -0.1466798518050771 51.54120231219921, -0.1463188018879175 51.54109279638136, -0.1460198413809564 51.54123281281966, -0.1460819288637186 51.541482345496526, -0.1464429800565026 51.54159186215288))",0,True,True,,27
8b195da4c303fff,105,105-4-0-3,11,3,51.54098327968771,-0.1459577544740537,28.827,"POLYGON ((-0.1460198413809564 51.54123281281966, -0.1463188018879175 51.54109279638136, -0.146256713667364 51.540843262813006, -0.1458956681429125 51.54073374610066, -0.1455967095634753 51.54087376211819, -0.1456587945809587 51.5411232952688, -0.1460198413809564 51.54123281281966))",0,True,True,,13
8b195da4c304fff,105,105-4-0-4,11,3,51.54176237361954,-0.1454840031231489,28.827,"POLYGON ((-0.145546088554371 51.54201190496851, -0.1458450530881952 51.54187189199022, -0.1457829663433126 51.541622360204826, -0.1454219182677512 51.541512841815496, -0.1451229556615027 51.541652854373034, -0.1451850392032279 51.541902385740656, -0.145546088554371 51.54201190496851))",0,True,True,,3
8b195da4c305fff,105,105-4-0-5,11,3,51.541403322550366,-0.14506087269555465,28.827,"POLYGON ((-0.1451229556615027 51.541652854373034, -0.1454219182677512 51.541512841815496, -0.1453598339881307 51.54126330955635, -0.1449987903053417 51.54115379027254, -0.1446998296267023 51.54129380240939, -0.1447619107032359 51.541543334250754, -0.1451229556615027 51.541652854373034))",0,True,True,,3
8b195da4c306fff,105,105-4-0-6,11,3,51.54173187771833,-0.14614401692224938,28.827,"POLYGON ((-0.1462061055566161 51.54198140948504, -0.1465050700045515 51.54184139435599, -0.1464429800565026 51.54159186215288, -0.1460819288637186 51.541482345496526, -0.1457829663433126 51.541622360204826, -0.1458450530881952 51.54187189199022, -0.1462061055566161 51.54198140948504))",0,True,True,,18
8b195da4c320fff,105,105-4-4-0,11,3,51.54218240610219,-0.14458710926416168,28.827,"POLYGON ((-0.1446491907542876 51.54243193614186, -0.1449481573873836 51.54229192704434, -0.1448860745835552 51.54204239656824, -0.1445250283497928 51.54193287560743, -0.144226063644368 51.54207288428427, -0.1442881432450173 51.54232241434261, -0.1446491907542876 51.54243193614186))",0,True,True,,0
8b195da4c321fff,105,105-4-4-1,11,3,51.541823353770866,-0.14416398461947472,28.827,"POLYGON ((-0.144226063644368 51.54207288428427, -0.1445250283497928 51.54193287560743, -0.1444629480111904 51.5416833446576, -0.1441019061702751 51.54157382280239, -0.1438029433925597 51.54171383105853, -0.1438650205280482 51.541963361590554, -0.144226063644368 51.54207288428427))",0,True,True,,11
8b195da4c322fff,105,105-4-4-2,11,3,51.5421519166532,-0.14524712332073628,28.827,"POLYGON ((-0.1453092080140594 51.54240144711065, -0.145608174561362 51.542261435862365, -0.145546088554371 51.54201190496851, -0.1451850392032279 51.541902385740656, -0.1448860745835552 51.54204239656824, -0.1449481573873836 51.54229192704434, -0.1453092080140594 51.54240144711065))",0,True,True,,2
8b195da4c323fff,105,105-4-4-3,11,3,51.54179286563703,-0.14482399235548915,28.827,"POLYGON ((-0.1448860745835552 51.54204239656824, -0.1451850392032279 51.541902385740656, -0.1451229556615027 51.541652854373034, -0.1447619107032359 51.541543334250754, -0.1444629480111904 51.5416833446576, -0.1445250283497928 51.54193287560743, -0.1448860745835552 51.54204239656824))",0,True,True,,13
8b195da4c324fff,105,105-4-4-4,11,3,51.54257194394583,-0.14435022342143872,28.827,"POLYGON ((-0.1444123041735771 51.542821473093966, -0.1447112728201563 51.542681465726446, -0.1446491907542876 51.54243193614186, -0.1442881432450173 51.54232241434261, -0.1439891765261732 51.5424624212894, -0.1440512553888524 51.54271195045618, -0.1444123041735771 51.542821473093966))",0,True,True,,0
8b195da4c325fff,105,105-4-4-5,11,3,51.542212891667496,-0.14392709823923538,28.827,"POLYGON ((-0.1439891765261732 51.5424624212894, -0.1442881432450173 51.54232241434261, -0.144226063644368 51.54207288428427, -0.1438650205280482 51.541963361590554, -0.1435660557369473 51.54210336811667, -0.1436281321344417 51.54235289775718, -0.1439891765261732 51.5424624212894))",0,True,True,,1
8b195da4c326fff,105,105-4-4-6,11,3,51.54254145706535,-0.1450102407670061,28.827,"POLYGON ((-0.1450723247223776 51.54279098663125, -0.1453712932831777 51.54265097711299, -0.1453092080140594 51.54240144711065, -0.1449481573873836 51.54229192704434, -0.1446491907542876 51.54243193614186, -0.1447112728201563 51.542681465726446, -0.1450723247223776 51.54279098663125))",0,True,True,,0
8b195da4c370fff,105,105-5-6-0,11,3,51.53996710459289,-0.14336841956386104,28.827,"POLYGON ((-0.1434304926694756 51.5402166383102, -0.1437294475652776 51.54007662743542, -0.1436673731460355 51.53982709328169, -0.1433063470338814 51.53971757042058, -0.1430073940657242 51.53985758087468, -0.1430694652820745 51.54010711461057, -0.1434304926694756 51.5402166383102))",0,True,True,,16
8b195da4c371fff,105,105-5-6-1,11,3,51.53960804668382,-0.14294532342501276,28.827,"POLYGON ((-0.1430073940657242 51.53985758087468, -0.1433063470338814 51.53971757042058, -0.1432442750795868 51.53946803579325, -0.1428832533599597 51.53935851203794, -0.1425843023194398 51.539498522071426, -0.1426463710708977 51.53974805628085, -0.1430073940657242 51.53985758087468))",0,True,True,,1
8b195da4c372fff,105,105-5-6-2,11,3,51.53993661526711,-0.14402840176148043,28.827,"POLYGON ((-0.1440904780699945 51.540186149402295, -0.1443894328801549 51.540046136376844, -0.1443273552580069 51.539796601805264, -0.1439663260286127 51.53968708067693, -0.1436673731460355 51.53982709328169, -0.1437294475652776 51.54007662743542, -0.1440904780699945 51.540186149402295))",0,True,True,,2
8b195da4c373fff,105,105-5-6-3,11,3,51.53957755867294,-0.14360529930248472,28.827,"POLYGON ((-0.1436673731460355 51.53982709328169, -0.1439663260286127 51.53968708067693, -0.143904250871452 51.53943754563176, -0.143543226034563 51.53932802360918, -0.1432442750795868 51.53946803579325, -0.1433063470338814 51.53971757042058, -0.1436673731460355 51.53982709328169))",0,True,True,,2
8b195da4c374fff,105,105-5-6-4,11,3,51.54035664789144,-0.14313153707408494,28.827,"POLYGON ((-0.1431936094417157 51.540606180717305, -0.1434925663507617 51.540466171572504, -0.1434304926694756 51.5402166383102, -0.1430694652820745 51.54010711461057, -0.1427705103007119 51.5402471233347, -0.1428325807790704 51.54049665617915, -0.1431936094417157 51.540606180717305))",0,True,True,,0
8b195da4c375fff,105,105-5-6-5,11,3,51.53999759003525,-0.14270844039797775,28.827,"POLYGON ((-0.1427705103007119 51.5402471233347, -0.1430694652820745 51.54010711461057, -0.1430073940657242 51.53985758087468, -0.1426463710708977 51.53974805628085, -0.1423474180172264 51.53988806458436, -0.1424094860306938 51.54013759790234, -0.1427705103007119 51.5402471233347))",0,True,True,,5
8b195da4c376fff,105,105-5-6-6,11,3,51.540326161134175,-0.14379152256020689,28.827,"POLYGON ((-0.1438535981308038 51.5405756943779, -0.1441525549542378 51.540435683082414, -0.1440904780699945 51.540186149402295, -0.1437294475652776 51.54007662743542, -0.1434304926694756 51.5402166383102, -0.1434925663507617 51.540466171572504, -0.1438535981308038 51.5405756943779))",0,True,True,,2
8b195da48648fff,146,146-1-1-0,11,3,51.51801693911707,-0.16760975511613743,28.827,"POLYGON ((-0.1676719231895403 51.51826652893541, -0.1679707658879698 51.518126386375926, -0.1679085965022355 51.517876796121676, -0.1675475876190746 51.517767348844195, -0.1672487468448695 51.517907490982275, -0.167310913029599 51.51815708081927, -0.1676719231895403 51.51826652893541))",0,True,True,,2
8b195da48649fff,146,146-1-1-1,11,3,51.517657900690736,-0.16718658123643784,28.827,"POLYGON ((-0.1672487468448695 51.517907490982275, -0.1675475876190746 51.517767348844195, -0.1674854206983151 51.517517758116774, -0.1671244162043239 51.517408309944734, -0.1668255773543663 51.51754845166144, -0.1668877410741505 51.517798041971574, -0.1672487468448695 51.517907490982275))",0,True,True,,7
8b195da4864afff,146,146-1-1-2,11,3,51.51798624252323,-0.16826960788590034,28.827,"POLYGON ((-0.1683317791603412 51.51823583275884, -0.1686306217701204 51.51809568804883, -0.1685684491833826 51.51784609737732, -0.168207437187852 51.5177366518331, -0.1679085965022355 51.517876796121676, -0.1679707658879698 51.518126386375926, -0.1683317791603412 51.51823583275884))",0,True,True,,0
8b195da4864bfff,146,146-1-1-3,11,3,51.51762720541287,-0.1678464276928158,28.827,"POLYGON ((-0.1679085965022355 51.517876796121676, -0.168207437187852 51.5177366518331, -0.1681452670661135 51.5174870606884, -0.1677842594597611 51.517377614249554, -0.1674854206983151 51.517517758116774, -0.1675475876190746 51.517767348844195, -0.1679085965022355 51.517876796121676))",0,True,True,,0
8b195da4864cfff,146,146-1-1-4,11,3,51.51840667020168,-0.16737307979063243,28.827,"POLYGON ((-0.1674352471279965 51.518656259129564, -0.1677340918392534 51.5185161182992, -0.1676719231895403 51.51826652893541, -0.167310913029599 51.51815708081927, -0.1670120702426154 51.51829722122824, -0.1670742356912877 51.518546810174755, -0.1674352471279965 51.518656259129564))",0,True,True,,2
8b195da4864dfff,146,146-1-1-5,11,3,51.51804763182717,-0.1669499053702315,28.827,"POLYGON ((-0.1670120702426154 51.51829722122824, -0.167310913029599 51.51815708081927, -0.1672487468448695 51.517907490982275, -0.1668877410741505 51.517798041971574, -0.166588900211453 51.517938181959195, -0.1666510631951916 51.51818777137886, -0.1670120702426154 51.51829722122824))",0,True,True,,3
8b195da4864efff,146,146-1-1-6,11,3,51.51837597617564,-0.1680329358500556,28.827,"POLYGON ((-0.1680951063884782 51.518625565520765, -0.1683939510111245 51.51848542253989, -0.1683317791603412 51.51823583275884, -0.1679707658879698 51.518126386375926, -0.1676719231895403 51.51826652893541, -0.1677340918392534 51.5185161182992, -0.1680951063884782 51.518625565520765))",0,True,True,,6
