tile_id,seed_index,tile_path_id,h3_res,level,center_lat,center_lon,tile_size_m,geometry,children,checked,fetch_success,current,result_count
88194ad33dfffff,8,8,8,0,51.501362970760624,-0.0937578984717953,531.415,"POLYGON ((-0.0925316149121113 51.50583667184678, -0.0992383325482904 51.50464476794492, -0.1004641361207624 51.500170814259164, -0.0949840029460471 51.49688903191476, -0.0882783522260914 51.4980809772564, -0.0870517678762369 51.502554663487544, -0.0925316149121113 51.50583667184678))",7,True,True,True,173
88194ad323fffff,10,10,8,0,51.503452400204,-0.1059451571057037,531.415,"POLYGON ((-0.1047196545710628 51.50792636868545, -0.111427066016315 51.50673378962552, -0.1126520884031156 51.50225956858746, -0.1071704806419031 51.49897819394648, -0.1004641361207624 51.500170814259164, -0.0992383325482904 51.50464476794492, -0.1047196545710628 51.50792636868545))",7,True,True,True,138
88194ad327fffff,19,19,8,0,51.50554074662547,-0.1181345840693048,531.415,"POLYGON ((-0.1169098629679935 51.51001498239984, -0.1236179677558104 51.50882172793671, -0.1248422085487067 51.50434723964876, -0.1193591262592725 51.50106627305865, -0.1126520884031156 51.50225956858746, -0.111427066016315 51.50673378962552, -0.1169098629679935 51.51001498239984))",7,True,True,True,118
88194ad335fffff,21,21,8,0,51.495696622826365,-0.1016897606703223,531.415,"POLYGON ((-0.1004641361207624 51.500170814259164, -0.1071704806419031 51.49897819394648, -0.1083956252177884 51.49450374995465, -0.1029152062350974 51.49122219368838, -0.0962099283729871 51.49241485535092, -0.0949840029460471 51.49688903191476, -0.1004641361207624 51.500170814259164))",7,True,True,True,111
88194ad331fffff,23,23,8,0,51.49360705329459,-0.0895047574661392,531.415,"POLYGON ((-0.0882783522260914 51.4980809772564, -0.0949840029460471 51.49688903191476, -0.0962099283729871 51.49241485535092, -0.0907309836344751 51.48913289164394, -0.0840263995655383 51.490324878522436, -0.0827996936956561 51.49479878755601, -0.0882783522260914 51.4980809772564))",7,True,True,True,35
88195da49bfffff,35,35,8,0,51.5076280094325,-0.1303261788376308,531.415,"POLYGON ((-0.129102239577905 51.512102512397384, -0.1358110372412646 51.51090858228601, -0.137034496032085 51.506433826850625, -0.1315499392731926 51.50315326865882, -0.1248422085487067 51.50434723964876, -0.1236179677558104 51.50882172793671, -0.129102239577905 51.512102512397384))",7,True,True,True,411
88194ad333fffff,49,49,8,0,51.48585073182917,-0.0852529263393332,531.415,"POLYGON ((-0.0840263995655383 51.490324878522436, -0.0907309836344751 51.48913289164394, -0.09195703076919 51.484658492346284, -0.086479274055162 51.48137634751797, -0.0797757563721386 51.482568376030336, -0.0785489291287639 51.487042507722066, -0.0840263995655383 51.490324878522436))",0,True,True,True,9
88195da491fffff,59,59,8,0,51.50971418803256,-0.1425199408847323,531.415,"POLYGON ((-0.1412967838748579 51.514188958085406, -0.1480062739463062 51.512994352080774, -0.1492289503268438 51.50851932960054, -0.1437429191577654 51.505239180154575, -0.137034496032085 51.506433826850625, -0.1358110372412646 51.51090858228601, -0.1412967838748579 51.514188958085406))",7,True,True,True,308
88194ad06dfffff,63,63,8,0,51.48375994101721,-0.073072346040254,531.415,"POLYGON ((-0.071845039318414 51.48823382006167, -0.0785489291287639 51.487042507722066, -0.0797757563721386 51.482568376030336, -0.0742994736173714 51.479285824371196, -0.0675966501844614 51.480477178531565, -0.066369043240439 51.48495104251523, -0.071845039318414 51.48823382006167))",0,True,True,True,10
88194ad065fffff,81,81,8,0,51.47809400674981,-0.0810024045331861,531.415,"POLYGON ((-0.0797757563721386 51.482568376030336, -0.086479274055162 51.48137634751797, -0.0877054427510653 51.476901725630704, -0.0822288736500027 51.47361939992232, -0.0755264220878305 51.47481147016551, -0.0742994736173714 51.479285824371196, -0.0797757563721386 51.482568376030336))",0,True,True,True,16
88195da497fffff,84,84,8,0,51.50404406930792,-0.1504514480332374,531.415,"POLYGON ((-0.1492289503268438 51.50851932960054, -0.1559380653860966 51.50732400695352, -0.1571600824770642 51.50284849427422, -0.151673767103535 51.499568571244744, -0.1449657187319727 51.50076393449329, -0.1437429191577654 51.505239180154575, -0.1492289503268438 51.50851932960054))",7,True,True,True,85
88195da495fffff,90,90,8,0,51.5117992818332,-0.1547158696837042,531.415,"POLYGON ((-0.1534934953318697 51.516274318871396, -0.1602036773434338 51.51507903672859, -0.1614255709055847 51.51060374730617, -0.1559380653860966 51.50732400695352, -0.1492289503268438 51.50851932960054, -0.1480062739463062 51.512994352080774, -0.1534934953318697 51.516274318871396))",7,True,True,True,183
88195da4bbfffff,117,117,8,0,51.50612822005502,-0.1626472858810225,531.415,"POLYGON ((-0.1614255709055847 51.51060374730617, -0.1681353774303506 51.50940774846331, -0.1693566116301104 51.504931968868675, -0.163868822307812 51.50165245501701, -0.1571600824770642 51.50284849427422, -0.1559380653860966 51.50732400695352, -0.1614255709055847 51.51060374730617))",0,True,True,True,12
88194ad067fffff,119,119,8,0,51.470336878442,-0.0767531914897322,531.415,"POLYGON ((-0.0755264220878305 51.47481147016551, -0.0822288736500027 51.47361939992232, -0.0834551637606299 51.469144555589764, -0.0779797818611638 51.46586204924253, -0.0712783961548439 51.46705416131344, -0.0700513266035816 51.47152873788882, -0.0755264220878305 51.47481147016551))",7,True,True,True,59
88194ad02dfffff,147,147,8,0,51.464669473794046,-0.0846812749031509,531.415,"POLYGON ((-0.0834551637606299 51.469144555589764, -0.0901572432354421 51.46795176929554, -0.0913828751000382 51.463476434931366, -0.0859072071156301 51.46019415457707, -0.0792061932401875 51.461386982609035, -0.0779797818611638 51.46586204924253, -0.0834551637606299 51.469144555589764))",0,True,True,True,5
88195da4b3fffff,151,151,8,0,51.50045595149993,-0.1705776673439741,531.415,"POLYGON ((-0.1693566116301104 51.504931968868675, -0.1760660424518169 51.503735253358116, -0.1772866174040774 51.499258983686616, -0.1717985446099629 51.49597969639887, -0.1650901802239579 51.49717645223391, -0.163868822307812 51.50165245501701, -0.1693566116301104 51.504931968868675))",7,True,True,True,45
88194ad029fffff,163,163,8,0,51.46257934729129,-0.072505286651339,531.415,"POLYGON ((-0.0712783961548439 51.46705416131344, -0.0779797818611638 51.46586204924253, -0.0792061932401875 51.461386982609035, -0.0737319981311343 51.458104295864196, -0.0670316780157011 51.45929644985964, -0.0658044875298357 51.46377124866034, -0.0712783961548439 51.46705416131344))",7,True,True,True,39
88194ada59fffff,190,190,8,0,51.494782476295626,-0.1785070139712433,531.415,"POLYGON ((-0.1772866174040774 51.499258983686616, -0.1839956723066012 51.49806155154078, -0.1852155881263028 51.49358479188784, -0.1797272321912926 51.490305731226954, -0.1730192434660841 51.49150320360738, -0.1717985446099629 51.49597969639887, -0.1772866174040774 51.499258983686616))",7,True,True,True,112
88195da4b7fffff,195,195,8,0,51.50253807348697,-0.1827755781646017,531.415,"POLYGON ((-0.1815553056623055 51.50701435768453, -0.1882654270063017 51.505816965675926, -0.1894852185869074 51.5013404292189, -0.1839956723066012 51.49806155154078, -0.1772866174040774 51.499258983686616, -0.1760660424518169 51.503735253358116, -0.1815553056623055 51.50701435768453))",7,True,True,True,33
88194ad021fffff,200,200,8,0,51.45691167858341,-0.0804324256648264,531.415,"POLYGON ((-0.0792061932401875 51.461386982609035, -0.0859072071156301 51.46019415457707, -0.0871329604360968 51.45571859798069, -0.0816584791731711 51.45243613720756, -0.074958530632293 51.45362900707412, -0.0737319981311343 51.458104295864196, -0.0792061932401875 51.461386982609035))",7,True,True,True,38
88194ad027fffff,234,234,8,0,51.45124280404693,-0.0883585349025768,531.415,"POLYGON ((-0.0871329604360968 51.45571859798069, -0.0938336022642215 51.45452505401953, -0.0950586976398822 51.450049007555684, -0.0895839305531122 51.4467667728177, -0.0828843538032109 51.44796035852346, -0.0816584791731711 51.45243613720756, -0.0871329604360968 51.45571859798069))",0,True,True,True,6
88194ada5dfffff,238,238,8,0,51.49686365502605,-0.1907048318700384,531.415,"POLYGON ((-0.1894852185869074 51.5013404292189, -0.1961949635371496 51.50014232051767, -0.1974140959128289 51.49566529410617, -0.1919242668936692 51.4923866431392, -0.1852155881263028 51.49358479188784, -0.1839956723066012 51.49806155154078, -0.1894852185869074 51.5013404292189))",7,True,True,True,80
88194ada51fffff,239,239,8,0,51.48910779456999,-0.1864353256616808,531.415,"POLYGON ((-0.1852155881263028 51.49358479188784, -0.1919242668936692 51.4923866431392, -0.1931435236957807 51.487909393600276, -0.1876548849507006 51.4846305596292, -0.1809472721022249 51.48582874852249, -0.1797272321912926 51.490305731226954, -0.1852155881263028 51.49358479188784))",7,True,True,True,44
88194ad1cdfffff,272,272,8,0,51.44557272380918,-0.0962836142619238,531.415,"POLYGON ((-0.0950586976398822 51.450049007555684, -0.10175896720437 51.448854747697254, -0.1029834047490142 51.44437821146135, -0.0975083521683761 51.44109620282196, -0.0908091474256851 51.44229050433497, -0.0895839305531122 51.4467667728177, -0.0950586976398822 51.450049007555684))",0,True,True,True,2
88194ada55fffff,278,278,8,0,51.491188030013504,-0.198633050091858,531.415,"POLYGON ((-0.1974140959128289 51.49566529410617, -0.2041234642534316 51.494466468744925, -0.2053419375392968 51.48998895247449, -0.199851826112148 51.486710528281534, -0.1931435236957807 51.487909393600276, -0.1919242668936692 51.4923866431392, -0.1974140959128289 51.49566529410617))",7,True,True,True,46
88194ada57fffff,284,284,8,0,51.48343190645116,-0.1943626023143448,531.415,"POLYGON ((-0.1931435236957807 51.487909393600276, -0.199851826112148 51.486710528281534, -0.2010704240117176 51.48223278895217, -0.1955815027872938 51.478954181733755, -0.1888742660313541 51.48015308710729, -0.1876548849507006 51.4846305596292, -0.1931435236957807 51.487909393600276))",7,True,True,True,74
88194ad1c9fffff,287,287,8,0,51.44348434257307,-0.0841100495929723,531.415,"POLYGON ((-0.0828843538032109 51.44796035852346, -0.0895839305531122 51.4467667728177, -0.0908091474256851 51.44229050433497, -0.0853355665804932 51.4390080893983, -0.0786370546442649 51.44020171694541, -0.0774110588508328 51.44467771757279, -0.0828843538032109 51.44796035852346))",0,True,True,True,1
88194ada19fffff,293,293,8,0,51.47567537704625,-0.190093468941553,531.415,"POLYGON ((-0.1888742660313541 51.48015308710729, -0.1955815027872938 51.478954181733755, -0.1968002251525713 51.47447621949, -0.1913124937192865 51.47119742948794, -0.1846063223600129 51.47239637501353, -0.1833868171486412 51.47687407037387, -0.1888742660313541 51.48015308710729))",7,True,True,True,34
88194ad1c5fffff,315,315,8,0,51.43990143799756,-0.1042076636404023,531.415,"POLYGON ((-0.1029834047490142 51.44437821146135, -0.1096833018336885 51.44318323573779, -0.1109070816611548 51.4387062098253, -0.1054317439165107 51.43542442734789, -0.0987329113971981 51.436619444636044, -0.0975083521683761 51.44109620282196, -0.1029834047490142 51.44437821146135))",0,True,True,True,17
88194ada1dfffff,330,330,8,0,51.47775481206735,-0.2022888438284601,531.415,"POLYGON ((-0.2010704240117176 51.48223278895217, -0.2077783498613771 51.48103320709604, -0.2089962889734612 51.47655497807185, -0.2035070856003355 51.47327659766896, -0.1968002251525713 51.47447621949, -0.1955815027872938 51.478954181733755, -0.2010704240117176 51.48223278895217))",7,True,True,True,62
88194ada11fffff,342,342,8,0,51.46999801976183,-0.1980187694481422,531.415,"POLYGON ((-0.1968002251525713 51.47447621949, -0.2035070856003355 51.47327659766896, -0.2047251493652596 51.46879814579902, -0.1992371357118915 51.46551958259122, -0.1925313404024583 51.466719244474376, -0.1913124937192865 51.47119742948794, -0.1968002251525713 51.47447621949))",7,True,True,True,28
88194ad1e1fffff,352,352,8,0,51.43631436329154,-0.1243062366261918,531.415,"POLYGON ((-0.123083415073046 51.44079189401762, -0.1297836308663093 51.4395955279482, -0.1310059732091257 51.43511774485723, -0.1255288797512076 51.43183659541807, -0.1188297282741416 51.43303300277531, -0.117606606049971 51.43751051826879, -0.123083415073046 51.44079189401762))",7,True,True,True,48
88194ad1ebfffff,355,355,8,0,51.43422894673977,-0.1121306829357028,531.415,"POLYGON ((-0.1109070816611548 51.4387062098253, -0.117606606049971 51.43751051826879, -0.1188297282741416 51.43303300277531, -0.1133541056953167 51.4297514465232, -0.1066556456153419 51.43094717955432, -0.1054317439165107 51.43542442734789, -0.1109070816611548 51.4387062098253))",0,True,True,True,1
88194ada13fffff,360,360,8,0,51.46224082204747,-0.1937500090289936,531.415,"POLYGON ((-0.1925313404024583 51.466719244474376, -0.1992371357118915 51.46551958259122, -0.2004553239817508 51.46104090802009, -0.1949684996368291 51.45776216224922, -0.1882637692022197 51.458961864291666, -0.1870447983488853 51.463440271930445, -0.1925313404024583 51.466719244474376))",0,True,True,True,18
88194adac5fffff,379,379,8,0,51.45448321931068,-0.1894825620120286,531.415,"POLYGON ((-0.1882637692022197 51.458961864291666, -0.1949684996368291 51.45776216224922, -0.1961868122638365 51.45328326512161, -0.1907011768162445 51.45000433702947, -0.1839975109929982 51.45120407932831, -0.1827784161171157 51.45568270944765, -0.1882637692022197 51.458961864291666))",7,True,True,True,29
88194adac3fffff,380,380,8,0,51.44464520872753,-0.1730300683145487,531.415,"POLYGON ((-0.1718103697142086 51.44912380899049, -0.1785133464653146 51.44792474242598, -0.1797325652162476 51.44344588997079, -0.1742495888350693 51.440166371251884, -0.1675476764262402 51.44136547835678, -0.166327676167437 51.44584406362495, -0.1718103697142086 51.44912380899049))",0,True,True,True,6
88194ada17fffff,389,389,8,0,51.46431945649942,-0.2059430351611285,531.415,"POLYGON ((-0.2047251493652596 51.46879814579902, -0.2114316332893114 51.4675978075633, -0.2126490385689025 51.46311886616286, -0.2071607430258603 51.4598405298122, -0.2004553239817508 51.46104090802009, -0.1992371357118915 51.46551958259122, -0.2047251493652596 51.46879814579902))",0,True,True,True,6
88194ad1e7fffff,394,394,8,0,51.43063972463172,-0.1322281371862281,531.415,"POLYGON ((-0.1310059732091257 51.43511774485723, -0.1377058156180739 51.43392066292951, -0.1389275003985698 51.42944239037992, -0.1334501228355591 51.42616146731369, -0.1267513444860342 51.427358590439255, -0.1255288797512076 51.43183659541807, -0.1310059732091257 51.43511774485723))",7,True,True,True,53
88194ad1e3fffff,396,396,8,0,51.42855525016364,-0.1200526720457474,531.415,"POLYGON ((-0.1188297282741416 51.43303300277531, -0.1255288797512076 51.43183659541807, -0.1267513444860342 51.427358590439255, -0.1212754374026884 51.42407726047581, -0.1145773499779149 51.425273709217635, -0.1133541056953167 51.4297514465232, -0.1188297282741416 51.43303300277531))",0,True,True,True,1
88194adadbfffff,401,401,8,0,51.43272311747203,-0.1444057636723307,531.415,"POLYGON ((-0.1431843798962777 51.43720140520888, -0.1498849127714648 51.43600364846633, -0.1511058171911276 51.43152510844852, -0.1456269692075463 51.42824459262634, -0.1389275003985698 51.42944239037992, -0.1377058156180739 51.43392066292951, -0.1431843798962777 51.43720140520888))",0,True,True,True,0
88194adac7fffff,405,405,8,0,51.44672521193791,-0.1852164278385068,531.415,"POLYGON ((-0.1839975109929982 51.45120407932831, -0.1907011768162445 51.45000433702947, -0.1919196136527295 51.445525217490115, -0.1864351666915243 51.442246107318525, -0.1797325652162476 51.44344588997079, -0.1785133464653146 51.44792474242598, -0.1839975109929982 51.45120407932831))",7,True,True,True,26
88194adad1fffff,406,406,8,0,51.4348054280935,-0.1565855509790681,531.415,"POLYGON ((-0.1553649478106151 51.439283983239115, -0.1620661706859226 51.438085551437496, -0.1632862943382807 51.433606744054075, -0.1578059759937244 51.4303266358227, -0.1511058171911276 51.43152510844852, -0.1498849127714648 51.43600364846633, -0.1553649478106151 51.439283983239115))",7,True,True,True,40
88194adae9fffff,407,407,8,0,51.45656199609049,-0.2016733342955971,531.415,"POLYGON ((-0.2004553239817508 51.46104090802009, -0.2071607430258603 51.4598405298122, -0.2083782729973383 51.45536136577932, -0.2028911666913646 51.45208284684434, -0.1961868122638365 51.45328326512161, -0.1949684996368291 51.45776216224922, -0.2004553239817508 51.46104090802009))",7,True,True,True,21
88194adad5fffff,419,419,8,0,51.436886655905056,-0.1687674985805584,531.415,"POLYGON ((-0.1675476764262402 51.44136547835678, -0.1742495888350693 51.440166371251884, -0.1754689313136572 51.43568729660559, -0.1699871426682685 51.43240759631186, -0.1632862943382807 51.433606744054075, -0.1620661706859226 51.438085551437496, -0.1675476764262402 51.44136547835678))",0,True,True,True,5
88194adaebfffff,429,429,8,0,51.44880413070669,-0.1974049469479188,531.415,"POLYGON ((-0.1961868122638365 51.45328326512161, -0.2028911666913646 51.45208284684434, -0.2041088212068916 51.447603460323755, -0.1986229037269654 51.44432475904639, -0.1919196136527295 51.445525217490115, -0.1907011768162445 51.45000433702947, -0.1961868122638365 51.45328326512161))",7,True,True,True,31
88194ada89fffff,436,436,8,0,51.43896680031574,-0.1809516059499486,531.415,"POLYGON ((-0.1797325652162476 51.44344588997079, -0.1864351666915243 51.442246107318525, -0.1876537275899492 51.43776676551215, -0.1821704687043264 51.4344874735029, -0.1754689313136572 51.43568729660559, -0.1742495888350693 51.440166371251884, -0.1797325652162476 51.44344588997079))",0,True,True,True,17
89194ad33c3ffff,8,8-0,9,1,51.50136297076062,-0.09375789847178512,200.821,"POLYGON ((-0.0941904270902231 51.503110036131375, -0.0962816975371779 51.50213035884092, -0.0958491046120266 51.50038327206749, -0.0933253979120027 51.49961588318644, -0.091234221984276 51.50059553995129, -0.091666658237736 51.50234260612139, -0.0941904270902231 51.503110036131375))",7,True,True,,25
89194ad33c7ffff,8,8-1,9,1,51.49884845158046,-0.09080181378309357,200.821,"POLYGON ((-0.091234221984276 51.50059553995129, -0.0933253979120027 51.49961588318644, -0.0928929254081662 51.49786877341195, -0.0903694336314287 51.49710134101195, -0.0882783522260914 51.4980809772564, -0.088710668075494 51.49982806641982, -0.091234221984276 51.50059553995129))",0,True,True,,4
89194ad33cbffff,8,8-2,9,1,51.5011506182167,-0.09837293388227984,200.821,"POLYGON ((-0.0988056191795788 51.50289770418521, -0.1008968857218756 51.50191792162712, -0.1004641361207624 51.500170814259164, -0.0979402766536984 51.49940351004245, -0.0958491046120266 51.50038327206749, -0.0962816975371779 51.50213035884092, -0.0988056191795788 51.50289770418521))",0,True,True,,5
89194ad33cfffff,8,8-3,9,1,51.49863616309108,-0.09541653974920417,200.821,"POLYGON ((-0.0958491046120266 51.50038327206749, -0.0979402766536984 51.49940351004245, -0.0975076474911704 51.497656379665614, -0.0949840029460471 51.49688903191476, -0.0928929254081662 51.49786877341195, -0.0933253979120027 51.49961588318644, -0.0958491046120266 51.50038327206749))",0,True,True,,12
89194ad33d3ffff,8,8-4,9,1,51.50408965008757,-0.09209912254612154,200.821,"POLYGON ((-0.0925316149121113 51.50583667184678, -0.0946229837699648 51.50485707929551, -0.0941904270902231 51.503110036131375, -0.091666658237736 51.50234260612139, -0.0895753839145963 51.503322178149304, -0.0900077839096318 51.50506920070912, -0.0925316149121113 51.50583667184678))",7,True,True,,62
89194ad33d7ffff,8,8-5,9,1,51.50157513338516,-0.0891430119707713,200.821,"POLYGON ((-0.0895753839145963 51.503322178149304, -0.091666658237736 51.50234260612139, -0.091234221984276 51.50059553995129, -0.088710668075494 51.49982806641982, -0.0866194882901816 51.500807617929574, -0.0870517678762267 51.50255466348756, -0.0895753839145963 51.503322178149304))",0,True,True,,8
89194ad33dbffff,8,8-6,9,1,51.50387742340818,-0.09671431852736312,200.821,"POLYGON ((-0.097146967585231 51.505624465766175, -0.0992383325482904 51.50464476794492, -0.0988056191795788 51.50289770418521, -0.0962816975371779 51.50213035884092, -0.0941904270902231 51.503110036131375, -0.0946229837699648 51.50485707929551, -0.097146967585231 51.505624465766175))",7,True,True,,25
89194ad3223ffff,10,10-0,9,1,51.50345240020402,-0.10594515710572423,200.821,"POLYGON ((-0.1063781195601555 51.50519948373325, -0.1084694766481761 51.50421957535667, -0.1080364498887218 51.50247247043225, -0.1055122227391334 51.501705294460976, -0.1034209601299818 51.50268518229184, -0.103853830191921 51.50443226663829, -0.1063781195601555 51.50519948373325))",7,True,True,,31
89194ad3227ffff,10,10-1,9,1,51.50093807573426,-0.10298811814950816,200.821,"POLYGON ((-0.1034209601299818 51.50268518229184, -0.1055122227391334 51.501705294460976, -0.1050793164577735 51.499958166507255, -0.1025553042478861 51.49919094696877, -0.1004641361207624 51.500170814259164, -0.1008968857218756 51.50191792162712, -0.1034209601299818 51.50268518229184))",0,True,True,,4
89194ad322bffff,10,10-2,9,1,51.50323960364127,-0.11056079959741193,200.821,"POLYGON ((-0.110993918756537 51.50498670774296, -0.1130852718643206 51.50400669408108, -0.1126520884031156 51.50225956858746, -0.1101277085362679 51.501492477323495, -0.1080364498887218 51.50247247043225, -0.1084694766481761 51.50421957535667, -0.110993918756537 51.50498670774296))",7,True,True,,38
89194ad322fffff,10,10-3,9,1,51.50072534329448,-0.10760345122084763,200.821,"POLYGON ((-0.1080364498887218 51.50247247043225, -0.1101277085362679 51.501492477323495, -0.1096946455704231 51.49974532879283, -0.1071704806418928 51.49897819394648, -0.1050793164577735 51.499958166507255, -0.1055122227391334 51.501705294460976, -0.1080364498887218 51.50247247043225))",0,True,True,,15
89194ad3233ffff,10,10-4,9,1,51.50617932877054,-0.1042867283380475,200.821,"POLYGON ((-0.1047196545710628 51.50792636868545, -0.1068111101051595 51.506946545045615, -0.1063781195601555 51.50519948373325, -0.103853830191921 51.50443226663829, -0.1017624691521584 51.50541206973466, -0.1021953029866582 51.507159110468045, -0.1047196545710628 51.50792636868545))",0,True,True,,16
89194ad3237ffff,10,10-5,9,1,51.50366500678665,-0.10132966339810556,200.821,"POLYGON ((-0.1017624691521584 51.50541206973466, -0.103853830191921 51.50443226663829, -0.1034209601299818 51.50268518229184, -0.1008968857218756 51.50191792162712, -0.0988056191795788 51.50289770418521, -0.0992383325482904 51.50464476794492, -0.1017624691521584 51.50541206973466))",0,True,True,,11
89194ad323bffff,10,10-6,9,1,51.50596665806466,-0.10890253150192795,200.821,"POLYGON ((-0.1093356144525824 51.50771371855299, -0.111427066016315 51.50673378962552, -0.110993918756537 51.50498670774296, -0.1084694766481761 51.50421957535667, -0.1063781195601555 51.50519948373325, -0.1068111101051595 51.506946545045615, -0.1093356144525824 51.50771371855299))",0,True,True,,6
89194ad3263ffff,19,19-0,9,1,51.505540746625485,-0.11813458406929978,200.821,"POLYGON ((-0.1185679804681141 51.50728784823438, -0.1206594240056224 51.50630770871627, -0.1202259633035574 51.50456058571969, -0.1177012157876314 51.503793622792465, -0.1156098666885786 51.50477374174479, -0.1160431706673737 51.506520844188735, -0.1185679804681141 51.50728784823438))",7,True,True,,28
89194ad3267ffff,19,19-1,9,1,51.50302661707939,-0.11517659082051661,200.821,"POLYGON ((-0.1156098666885786 51.50477374174479, -0.1177012157876314 51.503793622792465, -0.1172678756204256 51.50204647673843, -0.1147433430605512 51.50127947019572, -0.1126520884031156 51.50225956858746, -0.1130852718643206 51.50400669408108, -0.1156098666885786 51.50477374174479))",7,True,True,,21
89194ad326bffff,19,19-2,9,1,51.505327505854254,-0.12275083336739612,200.821,"POLYGON ((-0.1231843864966271 51.50707462801025, -0.1252758259782678 51.50609438318915, -0.1248422085487067 51.50434723964876, -0.122317308365382 51.50358036147186, -0.1202259633035574 51.50456058571969, -0.1206594240056224 51.50630770871627, -0.1231843864966271 51.50707462801025))",0,True,True,,8
89194ad326fffff,19,19-3,9,1,51.50281344049948,-0.11979253072233705,200.821,"POLYGON ((-0.1202259633035574 51.50456058571969, -0.122317308365382 51.50358036147186, -0.1218838114879262 51.50183319486626, -0.1193591262592572 51.50106627305865, -0.1172678756204256 51.50204647673843, -0.1177012157876314 51.503793622792465, -0.1202259633035574 51.50456058571969))",0,True,True,,14
89194ad3273ffff,19,19-4,9,1,51.50826792440813,-0.11647650275961594,200.821,"POLYGON ((-0.1169098629679986 51.51001498239986, -0.1190014049867579 51.509034927616064, -0.1185679804681141 51.50728784823438, -0.1160431706673737 51.506520844188735, -0.1139517231025095 51.50750087840897, -0.114384990884874 51.509247937237014, -0.1169098629679986 51.51001498239986))",0,True,True,,6
89194ad3277ffff,19,19-5,9,1,51.505753797355936,-0.11351848342989784,200.821,"POLYGON ((-0.1139517231025095 51.50750087840897, -0.1160431706673737 51.506520844188735, -0.1156098666885786 51.50477374174479, -0.1130852718643206 51.50400669408108, -0.110993918756537 51.50498670774296, -0.111427066016315 51.50673378962552, -0.1139517231025095 51.50750087840897))",7,True,True,,24
89194ad327bffff,19,19-6,9,1,51.508054809486026,-0.12109291283122098,200.821,"POLYGON ((-0.121526429783032 51.50980188802585, -0.1236179677558104 51.50882172793671, -0.1231843864966271 51.50707462801025, -0.1206594240056224 51.50630770871627, -0.1185679804681141 51.50728784823438, -0.1190014049867579 51.509034927616064, -0.121526429783032 51.50980188802585))",0,True,True,,11
89194ad3343ffff,21,21-0,9,1,51.49569662282638,-0.10168976067032232,200.821,"POLYGON ((-0.1021225184223842 51.49744379599842, -0.1042135881399367 51.49646384398041, -0.1037807660980733 51.494716649413505, -0.1012570309890412 51.49394942745574, -0.0991660557412076 51.49492935893617, -0.0995987211331157 51.49667653291057, -0.1021225184223842 51.49744379599842))",0,True,True,,6
89194ad3347ffff,21,21-1,9,1,51.49318216276592,-0.09873341841372833,200.821,"POLYGON ((-0.0991660557412076 51.49492935893617, -0.1012570309890412 51.49394942745574, -0.1008243293758356 51.492202209889626, -0.0983008091479069 51.49143494440286, -0.0962099283729871 51.49241485535092, -0.0966424733534758 51.49416205231674, -0.0991660557412076 51.49492935893617))",7,True,True,,50
89194ad334bffff,21,21-2,9,1,51.49548382863233,-0.10630462373997125,200.821,"POLYGON ((-0.1067375381491661 51.49723102239138, -0.1088286039138492 51.49625096510528, -0.108395625217773 51.49450374995466, -0.1058717374116329 51.49373661267242, -0.1037807660980733 51.494716649413505, -0.1042135881399367 51.49646384398041, -0.1067375381491661 51.49723102239138))",0,True,True,,0
89194ad334fffff,21,21-3,9,1,51.49296943264844,-0.10334797213067833,200.821,"POLYGON ((-0.1037807660980733 51.494716649413505, -0.1058717374116329 51.49373661267242, -0.1054388791614605 51.49198937451482, -0.1029152062350974 51.49122219368838, -0.1008243293758356 51.492202209889626, -0.1012570309890412 51.49394942745574, -0.1037807660980733 51.494716649413505))",0,True,True,,3
89194ad3353ffff,21,21-4,9,1,51.49842368468591,-0.10003141459204007,200.821,"POLYGON ((-0.1004641361207624 51.500170814259164, -0.1025553042478861 51.49919094696877, -0.1021225184223842 51.49744379599842, -0.0995987211331157 51.49667653291057, -0.0975076474911704 51.497656379665614, -0.0979402766536984 51.49940351004245, -0.1004641361207624 51.500170814259164))",7,True,True,,40
89194ad3357ffff,21,21-5,9,1,51.495909227089356,-0.0970750463919807,200.821,"POLYGON ((-0.0975076474911704 51.497656379665614, -0.0995987211331157 51.49667653291057, -0.0991660557412076 51.49492935893617, -0.0966424733534758 51.49416205231674, -0.0945514941998509 51.49514187854169, -0.0949840029460471 51.49688903191476, -0.0975076474911704 51.497656379665614))",0,True,True,,5
89194ad335bffff,21,21-6,9,1,51.498211016346026,-0.10464643825891774,200.821,"POLYGON ((-0.1050793164577735 51.499958166507255, -0.1071704806418928 51.49897819394648, -0.1067375381491661 51.49723102239138, -0.1042135881399367 51.49646384398041, -0.1021225184223842 51.49744379599842, -0.1025553042478861 51.49919094696877, -0.1050793164577735 51.499958166507255))",0,True,True,,9
89194ad3303ffff,23,23-0,9,1,51.493607053294596,-0.08950475746614434,200.821,"POLYGON ((-0.0899370815266801 51.495354208248955, -0.0920280645576225 51.494374487274456, -0.0915956762055693 51.49262731091771, -0.0890724614471286 51.49185987615197, -0.0869815729262483 51.49283957660899, -0.0874138046541485 51.49458673234787, -0.0899370815266801 51.495354208248955))",0,True,True,,6
89194ad3307ffff,23,23-1,9,1,51.49109239868456,-0.08654936923347746,200.821,"POLYGON ((-0.0869815729262483 51.49283957660899, -0.0890724614471286 51.49185987615197, -0.0886401934669658 51.4901126768242, -0.0861171935732053 51.48934519857771, -0.0840263995655383 51.490324878522436, -0.0844585109388162 51.49207205722458, -0.0869815729262483 51.49283957660899))",0,True,True,,2
89194ad330bffff,23,23-2,9,1,51.49339470297494,-0.09411901350796775,200.821,"POLYGON ((-0.0945514941998509 51.49514187854169, -0.0966424733534758 51.49416205231674, -0.0962099283729871 51.49241485535092, -0.0936865608677042 51.49164750521774, -0.0915956762055693 51.49262731091771, -0.0920280645576225 51.494374487274456, -0.0945514941998509 51.49514187854169))",0,True,True,,12
89194ad330fffff,23,23-3,9,1,51.490880112373176,-0.0911633158987238,200.821,"POLYGON ((-0.0915956762055693 51.49262731091771, -0.0936865608677042 51.49164750521774, -0.0932541362763717 51.48990028527312, -0.0907309836344751 51.48913289164394, -0.0886401934669658 51.4901126768242, -0.0890724614471286 51.49185987615197, -0.0915956762055693 51.49262731091771))",0,True,True,,2
89194ad3313ffff,23,23-4,9,1,51.49633386589804,-0.08784606441988067,200.821,"POLYGON ((-0.0882783522260914 51.4980809772564, -0.0903694336314287 51.49710134101195, -0.0899370815266801 51.495354208248955, -0.0874138046541485 51.49458673234787, -0.0853228177743227 51.4955663480771, -0.0857550132419095 51.49731346022121, -0.0882783522260914 51.4980809772564))",0,True,True,,4
89194ad3317ffff,23,23-5,9,1,51.49381921374384,-0.08489065034085902,200.821,"POLYGON ((-0.0853228177743227 51.4955663480771, -0.0874138046541485 51.49458673234787, -0.0869815729262483 51.49283957660899, -0.0844585109388162 51.49207205722458, -0.0823676185876514 51.493051652443754, -0.0827996936956561 51.49479878755601, -0.0853228177743227 51.4955663480771))",0,True,True,,0
89194ad331bffff,23,23-6,9,1,51.49612164144024,-0.09246048095761254,200.821,"POLYGON ((-0.0928929254081662 51.49786877341195, -0.0949840029460471 51.49688903191476, -0.0945514941998509 51.49514187854169, -0.0920280645576225 51.494374487274456, -0.0899370815266801 51.495354208248955, -0.0903694336314287 51.49710134101195, -0.0928929254081662 51.49786877341195))",0,True,True,,1
89195da49a3ffff,35,35-0,9,1,51.50762800943247,-0.13032617883761546,200.821,"POLYGON ((-0.1307600092890752 51.509375129042134, -0.1328515390843151 51.508394758327114, -0.1324176443313875 51.506647617337336, -0.1298923765325897 51.505880867588395, -0.1278009411353171 51.50686121771754, -0.1282346791392534 51.50860833818008, -0.1307600092890752 51.509375129042134))",7,True,True,,39
89195da49a7ffff,35,35-1,9,1,51.50511407502324,-0.12736723127139474,200.821,"POLYGON ((-0.1278009411353171 51.50686121771754, -0.1298923765325897 51.505880867588395, -0.1294586023712815 51.50413370351299, -0.1269335495448168 51.50336691010032, -0.1248422085487067 51.50434723964876, -0.1252758259782678 51.50609438318915, -0.1278009411353171 51.50686121771754))",0,True,True,,11
89195da49abffff,35,35-2,9,1,51.507414324263095,-0.13494303466689833,200.821,"POLYGON ((-0.1353770218744848 51.50916146439447, -0.1374685475382309 51.508180988358845, -0.137034496032085 51.506433826850625, -0.1345090756158034 51.505667161895026, -0.1324176443313875 51.506647617337336, -0.1328515390843151 51.508394758327114, -0.1353770218744848 51.50916146439447))",0,True,True,,18
89195da49afffff,35,35-3,9,1,51.50490045411352,-0.1319837777285872,200.821,"POLYGON ((-0.1324176443313875 51.506647617337336, -0.1345090756158034 51.505667161895026, -0.1340751447185338 51.50391997729338, -0.1315499392731773 51.50315326865884, -0.1294586023712815 51.50413370351299, -0.1298923765325897 51.505880867588395, -0.1324176443313875 51.506647617337336))",0,True,True,,0
89195da49b3ffff,35,35-4,9,1,51.51035543640773,-0.1286684452858585,200.821,"POLYGON ((-0.129102239577905 51.512102512397384, -0.1311938678895985 51.511122226414194, -0.1307600092890752 51.509375129042134, -0.1282346791392534 51.50860833818008, -0.1261431452409716 51.509588603579616, -0.1265768470794996 51.511335680423414, -0.129102239577905 51.512102512397384))",7,True,True,,121
89195da49b7ffff,35,35-5,9,1,51.507841504500504,-0.12570947154148504,200.821,"POLYGON ((-0.1261431452409716 51.509588603579616, -0.1282346791392534 51.50860833818008, -0.1278009411353171 51.50686121771754, -0.1252758259782678 51.50609438318915, -0.1231843864966271 51.50707462801025, -0.1236179677558104 51.50882172793671, -0.1261431452409716 51.509588603579616))",7,True,True,,69
89195da49bbffff,35,35-6,9,1,51.51014187707977,-0.13328546199004085,200.821,"POLYGON ((-0.1337194130512457 51.51188897359213, -0.1358110372412646 51.51090858228601, -0.1353770218744848 51.50916146439447, -0.1328515390843151 51.508394758327114, -0.1307600092890752 51.509375129042134, -0.1311938678895985 51.511122226414194, -0.1337194130512457 51.51188897359213))",7,True,True,,125
89195da4903ffff,59,59-0,9,1,51.50971418803255,-0.14251994088473235,200.821,"POLYGON ((-0.1429542054969775 51.51146132556401, -0.145045821358122 51.51048072359669, -0.144611492446187 51.50873356469264, -0.142085704448161 51.50796702825632, -0.1399941829444566 51.50894760961763, -0.1404283550817123 51.51069474801983, -0.1429542054969775 51.51146132556401))",7,True,True,,33
89195da4907ffff,59,59-1,9,1,51.50720044897334,-0.13956003897649358,200.821,"POLYGON ((-0.1399941829444566 51.50894760961763, -0.142085704448161 51.50796702825632, -0.1416514961845909 51.50621984623843, -0.1391259231751156 51.5054532660901, -0.137034496032085 51.506433826850625, -0.1374685475382309 51.508180988358845, -0.1399941829444566 51.50894760961763))",7,True,True,,38
89195da490bffff,59,59-2,9,1,51.50950005827539,-0.1471374029696494,200.821,"POLYGON ((-0.1475718243637387 51.51124721630318, -0.1496634360176655 51.510266508997674, -0.1492289503268387 51.50851932960054, -0.1467030097613341 51.50775287800057, -0.144611492446187 51.50873356469264, -0.145045821358122 51.51048072359669, -0.1475718243637387 51.51124721630318))",0,True,True,,18
89195da490fffff,59,59-3,9,1,51.50698638354422,-0.14417719171362403,200.821,"POLYGON ((-0.144611492446187 51.50873356469264, -0.1467030097613341 51.50775287800057, -0.1462686447361144 51.50600567548181, -0.1437429191577603 51.50523918015458, -0.1416514961845909 51.50621984623843, -0.142085704448161 51.50796702825632, -0.144611492446187 51.50873356469264))",7,True,True,,46
89195da4913ffff,59,59-4,9,1,51.51244186417679,-0.14086255539095863,200.821,"POLYGON ((-0.1412967838748477 51.51418895808541, -0.1433884982875999 51.51320844084753, -0.1429542054969775 51.51146132556401, -0.1404283550817123 51.51069474801983, -0.1383367350418803 51.511675244653986, -0.1387708710447684 51.513422339434634, -0.1412967838748477 51.51418895808541))",7,True,True,,80
89195da4917ffff,59,59-5,9,1,51.509928127627695,-0.1379026272072687,200.821,"POLYGON ((-0.1383367350418803 51.511675244653986, -0.1404283550817123 51.51069474801983, -0.1399941829444566 51.50894760961763, -0.1374685475382309 51.508180988358845, -0.1353770218744848 51.50916146439447, -0.1358110372412646 51.51090858228601, -0.1383367350418803 51.511675244653986))",7,True,True,,58
89195da491bffff,59,59-6,9,1,51.51222786025328,-0.1454801784521327,200.821,"POLYGON ((-0.145914563730918 51.51397497465926, -0.1480062739462858 51.512994352080796, -0.1475718243637387 51.51124721630318, -0.145045821358122 51.51048072359669, -0.1429542054969775 51.51146132556401, -0.1433884982875999 51.51320844084753, -0.145914563730918 51.51397497465926))",7,True,True,,29
89195da4963ffff,84,84-0,9,1,51.50404406930792,-0.15045144803323746,200.821,"POLYGON ((-0.1508859416338506 51.50579131456179, -0.1529773561817216 51.50481043781605, -0.1525427982983934 51.50306317119739, -0.1500169826204109 51.50229680181411, -0.1479256623804043 51.50327765794195, -0.1483600635108917 51.50502490406954, -0.1508859416338506 51.50579131456179))",0,True,True,,15
89195da4967ffff,84,84-1,9,1,51.50153038957712,-0.14749128943129752,200.821,"POLYGON ((-0.1479256623804043 51.50327765794195, -0.1500169826204109 51.50229680181411, -0.1495825453926876 51.50054951208351, -0.1470569446609139 51.49978309897817, -0.1449657187319727 51.50076393449329, -0.1453999992241318 51.50251120372504, -0.1479256623804043 51.50327765794195))",0,True,True,,0
89195da496bffff,84,84-2,9,1,51.50382949772002,-0.15506873646436975,200.821,"POLYGON ((-0.1555033868249457 51.50557676345942, -0.1575947971174025 51.50459578137511, -0.1571600824770642 51.50284849427422, -0.1546341143016688 51.502082209738454, -0.1525427982983934 51.50306317119739, -0.1529773561817216 51.50481043781605, -0.1555033868249457 51.50557676345942))",0,True,True,,4
89195da496fffff,84,84-3,9,1,51.501315882339235,-0.15210826860657436,200.821,"POLYGON ((-0.1525427982983934 51.50306317119739, -0.1546341143016688 51.502082209738454, -0.1541995203341534 51.50033489951778, -0.1516737671035298 51.499568571244744, -0.1495825453926876 51.50054951208351, -0.1500169826204109 51.50229680181411, -0.1525427982983934 51.50306317119739))",0,True,True,,9
89195da4973ffff,84,84-4,9,1,51.50677212795678,-0.148794492825448,200.821,"POLYGON ((-0.1492289503268387 51.50851932960054, -0.1513204634249241 51.50753853757262, -0.1508859416338506 51.50579131456179, -0.1483600635108917 51.50502490406954, -0.1462686447361144 51.50600567548181, -0.1467030097613341 51.50775287800057, -0.1492289503268387 51.50851932960054))",7,True,True,,37
89195da4977ffff,84,84-5,9,1,51.504258450722254,-0.14583430789128143,200.821,"POLYGON ((-0.1462686447361144 51.50600567548181, -0.1483600635108917 51.50502490406954, -0.1479256623804043 51.50327765794195, -0.1453999992241318 51.50251120372504, -0.1433086747758774 51.50349195452682, -0.1437429191577603 51.50523918015458, -0.1462686447361144 51.50600567548181))",0,True,True,,6
89195da497bffff,84,84-6,9,1,51.50655768219209,-0.15341194225919205,200.821,"POLYGON ((-0.1538465565335708 51.50830490432239, -0.1559380653860864 51.50732400695351, -0.1555033868249457 51.50557676345942, -0.1529773561817216 51.50481043781605, -0.1508859416338506 51.50579131456179, -0.1513204634249241 51.50753853757262, -0.1538465565335708 51.50830490432239))",0,True,True,,8
89195da4943ffff,90,90-0,9,1,51.51179928183318,-0.15471586968369397,200.821,"POLYGON ((-0.1551505685648749 51.51354643720746, -0.1572422702999188 51.512565603932586, -0.1568075071208878 51.510818427193236, -0.1542811990075064 51.5100521042038, -0.1521895915893157 51.51103291685258, -0.152624197968013 51.51278007311547, -0.1551505685648749 51.51354643720746))",7,True,True,,34
89195da4947ffff,90,90-1,9,1,51.509285738337255,-0.1517550134091929,200.821,"POLYGON ((-0.1521895915893157 51.51103291685258, -0.1542811990075064 51.5100521042038, -0.1538465565335708 51.50830490432239, -0.1513204634249241 51.50753853757262, -0.1492289503268387 51.50851932960054, -0.1496634360176655 51.510266508997674, -0.1521895915893157 51.51103291685258))",0,True,True,,15
89195da494bffff,90,90-2,9,1,51.51158470729867,-0.1593339377484184,200.821,"POLYGON ((-0.1597687934370457 51.513331883143906, -0.1618604908891427 51.51235094451323, -0.1614255709055847 51.51060374730617, -0.1588991102748098 51.509837509196046, -0.1568075071208878 51.510818427193236, -0.1572422702999188 51.512565603932586, -0.1597687934370457 51.513331883143906))",0,True,True,,2
89195da494fffff,90,90-3,9,1,51.50907122819916,-0.15637277215049686,200.821,"POLYGON ((-0.1568075071208878 51.510818427193236, -0.1588991102748098 51.509837509196046, -0.1584643110135799 51.508090288839185, -0.1559380653860864 51.50732400695351, -0.1538465565335708 51.50830490432239, -0.1542811990075064 51.5100521042038, -0.1568075071208878 51.510818427193236))",0,True,True,,6
89195da4953ffff,90,90-4,9,1,51.51452720712279,-0.15305883254798974,200.821,"POLYGON ((-0.1534934953318697 51.516274318871396, -0.1555852956536728 51.515293570323465, -0.1551505685648749 51.51354643720746, -0.152624197968013 51.51278007311547, -0.1505324919785279 51.5137608010396, -0.1509670622539321 51.515507913678114, -0.1534934953318697 51.516274318871396))",7,True,True,,75
89195da4957ffff,90,90-5,9,1,51.512013666145066,-0.15009794990068423,200.821,"POLYGON ((-0.1505324919785279 51.5137608010396, -0.152624197968013 51.51278007311547, -0.1521895915893157 51.51103291685258, -0.1496634360176655 51.510266508997674, -0.1475718243637387 51.51124721630318, -0.1480062739462858 51.512994352080796, -0.1505324919785279 51.5137608010396))",0,True,True,,18
89195da495bffff,90,90-6,9,1,51.514312758414135,-0.15767706169032153,200.821,"POLYGON ((-0.1581118812947357 51.51605989063471, -0.1602036773434287 51.51507903672861, -0.1597687934370457 51.513331883143906, -0.1572422702999188 51.512565603932586, -0.1551505685648749 51.51354643720746, -0.1555852956536728 51.515293570323465, -0.1581118812947357 51.51605989063471))",7,True,True,,30
89194ad0663ffff,119,119-0,9,1,51.47033687844202,-0.0767531914897425,200.821,"POLYGON ((-0.0771849024807035 51.47208430169331, -0.0792750235924783 51.4711044496239, -0.0788432483556034 51.46935700497129, -0.0763215084890436 51.46858943304806, -0.0742314818597975 51.46956926462429, -0.074663100614997 51.4713166886155, -0.0771849024807035 51.47208430169331))",0,True,True,,0
89194ad0667ffff,119,119-1,9,1,51.46782181849316,-0.07379989108851798,200.821,"POLYGON ((-0.0742314818597975 51.46956926462429, -0.0763215084890436 51.46858943304806, -0.0758898534759646 51.46684196551461, -0.0733683282984502 51.46607435022516, -0.0712783961548439 51.46705416131344, -0.0717098947035225 51.46880160817772, -0.0742314818597975 51.46956926462429))",0,True,True,,10
89194ad066bffff,119,119-2,9,1,51.47012453425593,-0.08136511068736337,200.821,"POLYGON ((-0.0817969781671605 51.47187197816314, -0.0838870954834114 51.47089202089507, -0.0834551637606248 51.46914455558978, -0.0809332712079169 51.4683770682038, -0.0788432483556034 51.46935700497129, -0.0792750235924783 51.4711044496239, -0.0817969781671605 51.47187197816314))",0,True,True,,3
89194ad066fffff,119,119-3,9,1,51.46760953817644,-0.07841150111272113,200.821,"POLYGON ((-0.0788432483556034 51.46935700497129, -0.0809332712079169 51.4683770682038, -0.0805014597261324 51.466629580009936, -0.0779797818611638 51.46586204924253, -0.0758898534759646 51.46684196551461, -0.0763215084890436 51.46858943304806, -0.0788432483556034 51.46935700497129))",0,True,True,,0
89194ad0673ffff,119,119-4,9,1,51.47306409046364,-0.07509474735680417,200.821,"POLYGON ((-0.0755264220878254 51.47481147016553, -0.0776166414646148 51.47383170279882, -0.0771849024807035 51.47208430169331, -0.074663100614997 51.4713166886155, -0.0725729757361687 51.47229643549131, -0.0730045582254603 51.474043815934394, -0.0755264220878254 51.47481147016553))",0,True,True,,10
89194ad0677ffff,119,119-5,9,1,51.4705490329047,-0.07214142122974347,200.821,"POLYGON ((-0.0725729757361687 51.47229643549131, -0.074663100614997 51.4713166886155, -0.0742314818597975 51.46956926462429, -0.0717098947035225 51.46880160817772, -0.0696198643257339 51.46978133456782, -0.0700513266035816 51.47152873788882, -0.0725729757361687 51.47229643549131))",7,True,True,,21
89194ad067bffff,119,119-6,9,1,51.4728518721312,-0.07970682682596315,200.821,"POLYGON ((-0.080138658058808 51.47459927249005, -0.0822288736499823 51.47361939992234, -0.0817969781671605 51.47187197816314, -0.0792750235924783 51.4711044496239, -0.0771849024807035 51.47208430169331, -0.0776166414646148 51.47383170279882, -0.080138658058808 51.47459927249005))",0,True,True,,4
89195da4b23ffff,151,151-0,9,1,51.50045595149991,-0.1705776673439536,200.821,"POLYGON ((-0.1710128240486547 51.50220332224334, -0.173104122819809 51.50122193940918, -0.1726689018512411 51.49947454731634, -0.1701425388684342 51.4987085585111, -0.1680513343149707 51.49968992069537, -0.1684863985269966 51.50143729233336, -0.1710128240486547 51.50220332224334))",0,True,True,,1
89195da4b27ffff,151,151-1,9,1,51.49794252681466,-0.16761629832570327,200.821,"POLYGON ((-0.1680513343149707 51.49968992069537, -0.1701425388684342 51.4987085585111, -0.1697074386193537 51.49696114328002, -0.167181290556488 51.4961951106944, -0.1650901802239579 51.49717645223391, -0.1655251237337138 51.498923847002374, -0.1680513343149707 51.49968992069537))",7,True,True,,20
89195da4b2bffff,151,151-2,9,1,51.50024049322343,-0.17519538727315648,200.821,"POLYGON ((-0.1756307007415386 51.50198788441616, -0.1777219951333294 51.501006396225506, -0.1772866174040672 51.499258983686616, -0.1747601020440802 51.49849307978303, -0.1726689018512411 51.49947454731634, -0.173104122819809 51.50122193940918, -0.1756307007415386 51.50198788441616))",0,True,True,,5
89195da4b2fffff,151,151-3,9,1,51.49772713297854,-0.17223370911551453,200.821,"POLYGON ((-0.1726689018512411 51.49947454731634, -0.1747601020440802 51.49849307978303, -0.1743248450514998 51.49674564409811, -0.1717985446099578 51.495979696398884, -0.1697074386193537 51.49696114328002, -0.1701425388684342 51.4987085585111, -0.1726689018512411 51.49947454731634))",0,True,True,,4
89195da4b33ffff,151,151-4,9,1,51.503184641725476,-0.168921490964452,200.821,"POLYGON ((-0.1693566116301104 51.504931968868675, -0.1714480089851883 51.50395067073824, -0.1710128240486547 51.50220332224334, -0.1684863985269966 51.50143729233336, -0.1663950954050423 51.50241856981612, -0.1668301235719918 51.50416589785516, -0.1693566116301104 51.504931968868675))",0,True,True,,0
89195da4b37ffff,151,151-5,9,1,51.500671219530815,-0.16596009545985177,200.821,"POLYGON ((-0.1663950954050423 51.50241856981612, -0.1684863985269966 51.50143729233336, -0.1680513343149707 51.49968992069537, -0.1655251237337138 51.498923847002374, -0.1634339148481292 51.49990510384268, -0.163868822307812 51.50165245501701, -0.1663950954050423 51.50241856981612))",0,True,True,,8
89195da4b3bffff,151,151-6,9,1,51.502969309253906,-0.17353937202388509,200.821,"POLYGON ((-0.1739746494662381 51.504716656847414, -0.1760660424518118 51.503735253358116, -0.1756307007415386 51.50198788441616, -0.173104122819809 51.50122193940918, -0.1710128240486547 51.50220332224334, -0.1714480089851883 51.50395067073824, -0.1739746494662381 51.504716656847414))",0,True,True,,0
89194ad0283ffff,163,163-0,9,1,51.46257934729129,-0.07250528665134413,200.821,"POLYGON ((-0.0729367934869427 51.46432685982351, -0.0750266274019407 51.463346964041676, -0.0745950563356209 51.461599430108485, -0.072073807788937 51.46083181263161, -0.069984068347275 51.461811687928375, -0.0704154829793865 51.46355920118567, -0.0729367934869427 51.46432685982351))",0,True,True,,3
89194ad0287ffff,163,163-1,9,1,51.46006415254638,-0.06955268168203055,200.821,"POLYGON ((-0.069984068347275 51.461811687928375, -0.072073807788937 51.46083181263161, -0.0716423568970908 51.45908425584764, -0.0691213229809314 51.45831659504274, -0.0670316780157011 51.45929644985964, -0.0674629724906095 51.46104398595993, -0.069984068347275 51.461811687928375))",0,True,True,,1
89194ad028bffff,163,163-2,9,1,51.462367004970055,-0.07711642732126113,200.821,"POLYGON ((-0.0775480905982278 51.464114538172694, -0.0796379207449432 51.46313453720942, -0.0792061932401722 51.461386982609035, -0.076684792027566 51.46061944963771, -0.0745950563356209 51.461599430108485, -0.0750266274019407 51.463346964041676, -0.0775480905982278 51.464114538172694))",0,True,True,,6
89194ad028fffff,163,163-3,9,1,51.45985187404825,-0.07416351324624254,200.821,"POLYGON ((-0.0745950563356209 51.461599430108485, -0.076684792027566 51.46061944963771, -0.0762531847145008 51.4588718721788, -0.0737319981311343 51.458104295864196, -0.0716423568970908 51.45908425584764, -0.072073807788937 51.46083181263161, -0.0745950563356209 51.461599430108485))",0,True,True,,15
89194ad0293ffff,163,163-4,9,1,51.46530669231505,-0.0708469255810105,200.821,"POLYGON ((-0.0712783961548439 51.46705416131344, -0.0733683282984502 51.46607435022516, -0.0729367934869427 51.46432685982351, -0.0704154829793865 51.46355920118567, -0.0683256453245274 51.46453899179115, -0.0687570236888833 51.46628646151587, -0.0712783961548439 51.46705416131344))",0,True,True,,2
89194ad0297ffff,163,163-5,9,1,51.46279149993814,-0.067894294926005,200.821,"POLYGON ((-0.0683256453245274 51.46453899179115, -0.0704154829793865 51.46355920118567, -0.069984068347275 51.461811687928375, -0.0674629724906095 51.46104398595993, -0.0653732293276174 51.462023756087795, -0.0658044875298357 51.46377124866034, -0.0683256453245274 51.46453899179115))",0,True,True,,2
89194ad029bffff,163,163-6,9,1,51.46509447584476,-0.0754582264478125,200.821,"POLYGON ((-0.0758898534759646 51.46684196551461, -0.0779797818611638 51.46586204924253, -0.0775480905982278 51.464114538172694, -0.0750266274019407 51.463346964041676, -0.0729367934869427 51.46432685982351, -0.0733683282984502 51.46607435022516, -0.0758898534759646 51.46684196551461))",0,True,True,,0
89194ada583ffff,190,190-0,9,1,51.49478247629564,-0.17850701397125354,200.821,"POLYGON ((-0.1789423994675201 51.496529954669256, -0.1810334966886923 51.495548297089755, -0.1805980469455231 51.49380079737453, -0.178071656716175 51.49303497568144, -0.1759806536630929 51.49401661259911, -0.1764159466716492 51.495764091870306, -0.1789423994675201 51.496529954669256))",0,True,True,,6
89194ada587ffff,190,190-1,9,1,51.49226911109011,-0.17554538888938398,200.821,"POLYGON ((-0.1759806536630929 51.49401661259911, -0.178071656716175 51.49303497568144, -0.177636327699633 51.491287452829894, -0.175110152347815 51.49052158734637, -0.1730192434660689 51.4915032036074, -0.1734544157652012 51.49325070600714, -0.1759806536630929 51.49401661259911))",7,True,True,,40
89194ada58bffff,190,190-2,9,1,51.49456657616243,-0.18312455957651846,200.821,"POLYGON ((-0.1835601018145502 51.49631407497455, -0.1856511946082243 51.495332312038265, -0.1852155881262977 51.49358479188781, -0.1826890455898177 51.492819055107496, -0.1805980469455231 51.49380079737453, -0.1810334966886923 51.495548297089755, -0.1835601018145502 51.49631407497455))",7,True,True,,26
89194ada58fffff,190,190-3,9,1,51.492053275419224,-0.18016262544729258,200.821,"POLYGON ((-0.1805980469455231 51.49380079737453, -0.1826890455898177 51.492819055107496, -0.1822535598517344 51.491071511812926, -0.1797272321912773 51.49030573122696, -0.177636327699633 51.491287452829894, -0.178071656716175 51.49303497568144, -0.1805980469455231 51.49380079737453))",0,True,True,,11
89194ada593ffff,190,190-4,9,1,51.49751154890052,-0.17685126791776526,200.821,"POLYGON ((-0.1772866174040672 51.499258983686616, -0.1793778132077439 51.49827741079922, -0.1789423994675201 51.496529954669256, -0.1764159466716492 51.495764091870306, -0.1743248450514998 51.49674564409811, -0.1747601020440802 51.49849307978303, -0.1772866174040672 51.499258983686616))",0,True,True,,6
89194ada597ffff,190,190-5,9,1,51.49499818617176,-0.17388961629279465,200.821,"POLYGON ((-0.1743248450514998 51.49674564409811, -0.1764159466716492 51.495764091870306, -0.1759806536630929 51.49401661259911, -0.1734544157652012 51.49325070600714, -0.1713634083318488 51.494232237580526, -0.1717985446099578 51.495979696398884, -0.1743248450514998 51.49674564409811))",7,True,True,,37
89194ada59bffff,190,190-6,9,1,51.4972957745617,-0.18146897467947762,200.821,"POLYGON ((-0.1819044809205979 51.49904322978733, -0.183995672306586 51.49806155154078, -0.1835601018145502 51.49631407497455, -0.1810334966886923 51.495548297089755, -0.1789423994675201 51.496529954669256, -0.1793778132077439 51.49827741079922, -0.1819044809205979 51.49904322978733))",0,True,True,,4
89195da4b63ffff,195,195-0,9,1,51.502538073486974,-0.18277557816461706,200.821,"POLYGON ((-0.1832111691728728 51.504285461954694, -0.1853025533338437 51.50330384773251, -0.1848668980635462 51.501556437922886, -0.1823400154147312 51.500790662763464, -0.1802487254307948 51.50177225631566, -0.1806842239189828 51.50351964569584, -0.1832111691728728 51.504285461954694))",0,True,True,,0
89195da4b67ffff,195,195-1,9,1,51.500024844682386,-0.17981325519458738,200.821,"POLYGON ((-0.1802487254307948 51.50177225631566, -0.1823400154147312 51.500790662763464, -0.1819044809205979 51.49904322978733, -0.1793778132077439 51.49827741079922, -0.1772866174040672 51.499258983686616, -0.1777219951333294 51.501006396225506, -0.1802487254307948 51.50177225631566))",0,True,True,,3
89195da4b6bffff,195,195-2,9,1,51.502322170153725,-0.18739390314006896,200.821,"POLYGON ((-0.1878296509375874 51.504069579045414, -0.1899210306434366 51.50308785944918, -0.1894852185869074 51.5013404292189, -0.1869581836111182 51.50057473900409, -0.1848668980635462 51.501556437922886, -0.1853025533338437 51.50330384773251, -0.1878296509375874 51.504069579045414))",0,True,True,,16
89195da4b6fffff,195,195-3,9,1,51.499809005857934,-0.18443127105539078,200.821,"POLYGON ((-0.1848668980635462 51.501556437922886, -0.1869581836111182 51.50057473900409, -0.1865224923479532 51.49882728559952, -0.183995672306586 51.49806155154078, -0.1819044809205979 51.49904322978733, -0.1823400154147312 51.500790662763464, -0.1848668980635462 51.501556437922886))",0,True,True,,6
89195da4b73ffff,195,195-4,9,1,51.505267012819836,-0.1811197506619268,200.821,"POLYGON ((-0.1815553056622953 51.50701435768453, -0.1836467884422795 51.50603282816357, -0.1832111691728728 51.504285461954694, -0.1806842239189828 51.50351964569584, -0.1785928353314503 51.50450115454906, -0.1790282978057211 51.50624850032749, -0.1815553056622953 51.50701435768453))",0,True,True,,0
89195da4b77ffff,195,195-5,9,1,51.50275378651402,-0.17815740110824477,200.821,"POLYGON ((-0.1785928353314503 51.50450115454906, -0.1806842239189828 51.50351964569584, -0.1802487254307948 51.50177225631566, -0.1777219951333294 51.501006396225506, -0.1756307007415386 51.50198788441616, -0.1760660424518118 51.503735253358116, -0.1785928353314503 51.50450115454906))",0,True,True,,0
89195da4b7bffff,195,195-6,9,1,51.505051235283716,-0.18573823686897237,200.821,"POLYGON ((-0.1861739486715809 51.50679860057331, -0.1882654270063017 51.505816965675926, -0.1878296509375874 51.504069579045414, -0.1853025533338437 51.50330384773251, -0.1832111691728728 51.504285461954694, -0.1836467884422795 51.50603282816357, -0.1861739486715809 51.50679860057331))",0,True,True,,0
89194ad0203ffff,200,200-0,9,1,51.4569116785834,-0.08043242566480603,200.821,"POLYGON ((-0.0808641614153944 51.45865929883412, -0.0829537951018292 51.45767912850225, -0.0825219951374719 51.455931486858404, -0.0800007178996132 51.45516403621018, -0.0779111786371045 51.45614418604501, -0.0783428221889352 51.4578918070237, -0.0808641614153944 51.45865929883412))",0,True,True,,0
89194ad0207ffff,200,200-1,9,1,51.45439654294642,-0.07747956306425346,200.821,"POLYGON ((-0.0779111786371045 51.45614418604501, -0.0800007178996132 51.45516403621018, -0.079569038117052 51.45341637171751, -0.0770479754677259 51.45264887773116, -0.0749585306322777 51.453629007074134, -0.0753900540195384 51.45537665089388, -0.0779111786371045 51.45614418604501))",0,True,True,,4
89194ad020bffff,200,200-2,9,1,51.45669889488431,-0.08504339477697899,200.821,"POLYGON ((-0.0854752869472668 51.45844653579463, -0.0875649168172975 51.457466260280924, -0.0871329604360968 51.45571859798069, -0.0846115306020936 51.45495123184918, -0.0825219951374719 51.455931486858404, -0.0829537951018292 51.45767912850225, -0.0854752869472668 51.45844653579463))",0,True,True,,0
89194ad020fffff,200,200-3,9,1,51.45418382309248,-0.08209022316212124,200.821,"POLYGON ((-0.0825219951374719 51.455931486858404, -0.0846115306020936 51.45495123184918, -0.0841796944199327 51.45320354669242, -0.0816584791731609 51.452436137207584, -0.079569038117052 51.45341637171751, -0.0800007178996132 51.45516403621018, -0.0825219951374719 51.455931486858404))",0,True,True,,0
89194ad0213ffff,200,200-4,9,1,51.459639405879436,-0.07877449372241749,200.821,"POLYGON ((-0.0792061932401722 51.461386982609035, -0.0812959251539791 51.460406896959164, -0.0808641614153944 51.45865929883412, -0.0783428221889352 51.4578918070237, -0.0762531847145008 51.4588718721788, -0.076684792027566 51.46061944963771, -0.0792061932401722 51.461386982609035))",0,True,True,,5
89194ad0217ffff,200,200-5,9,1,51.457124272596474,-0.07582160537936346,200.821,"POLYGON ((-0.0762531847145008 51.4588718721788, -0.0783428221889352 51.4578918070237, -0.0779111786371045 51.45614418604501, -0.0753900540195384 51.45537665089388, -0.0733005109875838 51.45635669555939, -0.0737319981311343 51.458104295864196, -0.0762531847145008 51.4588718721788))",0,True,True,,19
89194ad021bffff,200,200-6,9,1,51.45942674802089,-0.08338562305792172,200.821,"POLYGON ((-0.0838174790083865 51.46117434541114, -0.0859072071156301 51.46019415457707, -0.0854752869472668 51.45844653579463, -0.0829537951018292 51.45767912850225, -0.0808641614153944 51.45865929883412, -0.0812959251539791 51.460406896959164, -0.0838174790083865 51.46117434541114))",0,True,True,,0
89194ada5c3ffff,238,238-0,9,1,51.496863655026026,-0.19070483187002812,200.821,"POLYGON ((-0.1911406516332039 51.49861115110424, -0.193231834098266 51.497629262124185, -0.1927959500901104 51.49588174471194, -0.1902690403773636 51.49511613669695, -0.1881779520397023 51.4960980049951, -0.1886136792877376 51.497845501988735, -0.1911406516332039 51.49861115110424))",0,True,True,,5
89194ada5c7ffff,238,238-1,9,1,51.49435048575327,-0.18774225305579959,200.821,"POLYGON ((-0.1881779520397023 51.4960980049951, -0.1902690403773636 51.49511613669695, -0.1898332771525105 51.493368596120106, -0.1873065823332739 51.492602944266395, -0.1852155881262977 51.49358479188781, -0.1856511946082243 51.495332312038265, -0.1881779520397023 51.4960980049951))",0,True,True,,9
89194ada5cbffff,238,238-2,9,1,51.49664730979132,-0.19532298219304683,200.821,"POLYGON ((-0.195758958723448 51.49839482628263, -0.1978501366852756 51.49741283192824, -0.1974140959128289 51.49566529410617, -0.1948870339432252 51.494899771046896, -0.1927959500901104 51.49588174471194, -0.193231834098266 51.497629262124185, -0.195758958723448 51.49839482628263))",0,True,True,,5
89194ada5cfffff,238,238-3,9,1,51.494134205049235,-0.1923600943561602,200.821,"POLYGON ((-0.1927959500901104 51.49588174471194, -0.1948870339432252 51.494899771046896, -0.1944511139713078 51.493152210052436, -0.1919242668936692 51.49238664313921, -0.1898332771525105 51.493368596120106, -0.1902690403773636 51.49511613669695, -0.1927959500901104 51.49588174471194))",7,True,True,,35
89194ada5d3ffff,238,238-4,9,1,51.49959297673105,-0.18904943480258982,200.821,"POLYGON ((-0.1894852185869074 51.5013404292189, -0.1915764996695501 51.50035862492846, -0.1911406516332039 51.49861115110424, -0.1886136792877376 51.497845501988735, -0.1865224923479532 51.49882728559952, -0.1869581836111182 51.50057473900409, -0.1894852185869074 51.5013404292189))",0,True,True,,5
89194ada5d7ffff,238,238-5,9,1,51.497079809943216,-0.18608682934790552,200.821,"POLYGON ((-0.1865224923479532 51.49882728559952, -0.1886136792877376 51.497845501988735, -0.1881779520397023 51.4960980049951, -0.1856511946082243 51.495332312038265, -0.1835601018145502 51.49631407497455, -0.183995672306586 51.49806155154078, -0.1865224923479532 51.49882728559952))",0,True,True,,3
89194ada5dbffff,238,238-6,9,1,51.49937675728288,-0.1936677463833171,200.821,"POLYGON ((-0.1941036869479538 51.50112423018483, -0.1961949635371496 51.50014232051767, -0.195758958723448 51.49839482628263, -0.193231834098266 51.497629262124185, -0.1911406516332039 51.49861115110424, -0.1915764996695501 51.50035862492846, -0.1941036869479538 51.50112423018483))",0,True,True,,16
89194ada503ffff,239,239-0,9,1,51.48910779456999,-0.18643532566167567,200.821,"POLYGON ((-0.1868709398694622 51.4908553805376, -0.1889618354953944 51.48987344823568, -0.1885261570577383 51.488125840934345, -0.1859997397071752 51.48736018636676, -0.1839089381997827 51.48834209799492, -0.184344459924765 51.49008968486302, -0.1868709398694622 51.4908553805376))",0,True,True,,0
89194ada507ffff,239,239-1,9,1,51.486594488893836,-0.18347344472171007,200.821,"POLYGON ((-0.1839089381997827 51.48834209799492, -0.1859997397071752 51.48736018636676, -0.185564182003298 51.48561255593098, -0.1830379794878597 51.484846857562935, -0.1809472721022199 51.48582874852251, -0.181382673110628 51.487576358517295, -0.1839089381997827 51.48834209799492))",0,True,True,,17
89194ada50bffff,239,239-2,9,1,51.48889145258975,-0.19105269677238373,200.821,"POLYGON ((-0.1914884676999939 51.49063905898499, -0.1935793588502676 51.489657021326, -0.1931435236957807 51.487909393600276, -0.1906169541081956 51.48714382395656, -0.1885261570577383 51.488125840934345, -0.1889618354953944 51.48987344823568, -0.1914884676999939 51.49063905898499))",0,True,True,,10
89194ada50fffff,239,239-3,9,1,51.486378211397806,-0.1880905068770562,200.821,"POLYGON ((-0.1885261570577383 51.488125840934345, -0.1906169541081956 51.48714382395656, -0.1901812397046947 51.48539617308859, -0.1876548849507006 51.4846305596292, -0.185564182003298 51.48561255593098, -0.1859997397071752 51.48736018636676, -0.1885261570577383 51.488125840934345))",0,True,True,,3
89194ada513ffff,239,239-4,9,1,51.49183724949503,-0.18478000989938081,200.821,"POLYGON ((-0.1852155881262977 51.49358479188781, -0.1873065823332739 51.492602944266395, -0.1868709398694622 51.4908553805376, -0.184344459924765 51.49008968486302, -0.1822535598517344 51.491071511812926, -0.1826890455898177 51.492819055107496, -0.1852155881262977 51.49358479188781))",0,True,True,,9
89194ada517ffff,239,239-5,9,1,51.48932394628181,-0.18181810235957044,200.821,"POLYGON ((-0.1822535598517344 51.491071511812926, -0.184344459924765 51.49008968486302, -0.1839089381997827 51.48834209799492, -0.181382673110628 51.487576358517295, -0.1792918671748205 51.48855816480083, -0.1797272321912773 51.49030573122696, -0.1822535598517344 51.491071511812926))",0,True,True,,6
89194ada51bffff,239,239-6,9,1,51.49162103329862,-0.1893975421927538,200.821,"POLYGON ((-0.1898332771525105 51.493368596120106, -0.1919242668936692 51.49238664313921, -0.1914884676999939 51.49063905898499, -0.1889618354953944 51.48987344823568, -0.1868709398694622 51.4908553805376, -0.1873065823332739 51.492602944266395, -0.1898332771525105 51.493368596120106))",0,True,True,,5
89194ada543ffff,278,278-0,9,1,51.49118803001349,-0.1986330500918478,200.821,"POLYGON ((-0.1990690985297259 51.4929356336659, -0.201160079253666 51.491953469950936, -0.2007239665878057 51.490205844972344, -0.1981970299365144 51.48944040411508, -0.1961061432903967 51.49042254713623, -0.1965420992181003 51.49217015170702, -0.1990690985297259 51.4929356336659))",0,True,True,,0
89194ada547ffff,278,278-1,9,1,51.488674920322104,-0.19567021563889023,200.821,"POLYGON ((-0.1961061432903967 51.49042254713623, -0.1981970299365144 51.48944040411508, -0.197761038061076 51.487692755973775, -0.1952343162608143 51.48692727126778, -0.1931435236957807 51.487909393600276, -0.1935793588502676 51.489657021326, -0.1961061432903967 51.49042254713623))",0,True,True,,1
89194ada54bffff,278,278-2,9,1,51.490971242886985,-0.20325102559177743,200.821,"POLYGON ((-0.2036872307749201 51.49271886694166, -0.2057782069474564 51.49173659785208, -0.2053419375392968 51.48998895247449, -0.2028148487012661 51.48922359658403, -0.2007239665878057 51.490205844972344, -0.201160079253666 51.491953469950936, -0.2036872307749201 51.49271886694166))",0,True,True,,0
89194ada54fffff,278,278-3,9,1,51.48845819774816,-0.2002878822081778,200.821,"POLYGON ((-0.2007239665878057 51.490205844972344, -0.2028148487012661 51.48922359658403, -0.2023787001007054 51.487475928035956, -0.199851826112148 51.486710528281534, -0.197761038061076 51.487692755973775, -0.1981970299365144 51.48944040411508, -0.2007239665878057 51.490205844972344))",0,True,True,,0
89194ada553ffff,278,278-4,9,1,51.49391773403138,-0.19697808342469117,200.821,"POLYGON ((-0.1974140959128289 51.49566529410617, -0.1995051752528852 51.494683215069195, -0.1990690985297259 51.4929356336659, -0.1965420992181003 51.49217015170702, -0.1944511139713078 51.493152210052436, -0.1948870339432252 51.494899771046896, -0.1974140959128289 51.49566529410617))",0,True,True,,11
89194ada557ffff,278,278-5,9,1,51.49140462681106,-0.19401522227452284,200.821,"POLYGON ((-0.1944511139713078 51.493152210052436, -0.1965420992181003 51.49217015170702, -0.1961061432903967 51.49042254713623, -0.1935793588502676 51.489657021326, -0.1914884676999939 51.49063905898499, -0.1919242668936692 51.49238664313921, -0.1944511139713078 51.493152210052436))",7,True,True,,24
89194ada55bffff,278,278-6,9,1,51.493701072680835,-0.20159622020846987,200.821,"POLYGON ((-0.2020323894549648 51.49544865315892, -0.2041234642534316 51.494466468744925, -0.2036872307749201 51.49271886694166, -0.201160079253666 51.491953469950936, -0.1990690985297259 51.4929356336659, -0.1995051752528852 51.494683215069195, -0.2020323894549648 51.49544865315892))",0,True,True,,5
89194ada563ffff,284,284-0,9,1,51.48343190645119,-0.19436260231433983,200.821,"POLYGON ((-0.1947984451535511 51.485179599976426, -0.1968891391389713 51.484197392975055, -0.1964532320869053 51.48244967812394, -0.1939267877405064 51.48168419069511, -0.1918361878240285 51.48266637701077, -0.1922719381853604 51.48441407143954, -0.1947984451535511 51.485179599976426))",0,True,True,,1
89194ada567ffff,284,284-1,9,1,51.48091866035394,-0.19140046572166355,200.821,"POLYGON ((-0.1918361878240285 51.48266637701077, -0.1939267877405064 51.48168419069511, -0.1934910014293521 51.47993645271143, -0.1909647718755973 51.479170921472154, -0.1888742660313541 51.48015308710729, -0.1893098956689647 51.48190080466083, -0.1918361878240285 51.48266637701077))",0,True,True,,6
89194ada56bffff,284,284-2,9,1,51.48321512263348,-0.19897979875992178,200.821,"POLYGON ((-0.1994157982969593 51.48496283657559, -0.2015064877586268 51.483980524216896, -0.2010704240117075 51.48223278895219, -0.1985438274983406 51.481467386458334, -0.1964532320869053 51.48244967812394, -0.1968891391389713 51.484197392975055, -0.1994157982969593 51.48496283657559))",7,True,True,,20
89194ada56fffff,284,284-3,9,1,51.48070194104246,-0.19601735330391423,200.821,"POLYGON ((-0.1964532320869053 51.48244967812394, -0.1985438274983406 51.481467386458334, -0.1981078845095211 51.47971962805328, -0.1955815027872836 51.47895418173376, -0.1934910014293521 51.47993645271143, -0.1939267877405064 51.48168419069511, -0.1964532320869053 51.48244967812394))",7,True,True,,26
89194ada573ffff,284,284-4,9,1,51.48616174363712,-0.19270771680839857,200.821,"POLYGON ((-0.1931435236957807 51.487909393600276, -0.1952343162608143 51.48692727126778, -0.1947984451535511 51.485179599976426, -0.1922719381853604 51.48441407143954, -0.1901812397046947 51.48539617308859, -0.1906169541081956 51.48714382395656, -0.1931435236957807 51.487909393600276))",0,True,True,,1
89194ada577ffff,284,284-5,9,1,51.48364849998895,-0.18974555355917702,200.821,"POLYGON ((-0.1901812397046947 51.48539617308859, -0.1922719381853604 51.48441407143954, -0.1918361878240285 51.48266637701077, -0.1893098956689647 51.48190080466083, -0.1872192912759526 51.48288288563162, -0.1876548849507006 51.4846305596292, -0.1901812397046947 51.48539617308859))",0,True,True,,1
89194ada57bffff,284,284-6,9,1,51.48594508559272,-0.19732507446278136,200.821,"POLYGON ((-0.197761038061076 51.487692755973775, -0.199851826112148 51.486710528281534, -0.1994157982969593 51.48496283657559, -0.1968891391389713 51.484197392975055, -0.1947984451535511 51.485179599976426, -0.1952343162608143 51.48692727126778, -0.197761038061076 51.487692755973775))",0,True,True,,4
89194ada183ffff,293,293-0,9,1,51.47567537704625,-0.1900934689415377,200.821,"POLYGON ((-0.1905291062831417 51.477423160368524, -0.1926195135842652 51.47644091007364, -0.1921838120449563 51.474693105425814, -0.189657859848169 51.473927571508405, -0.1875675466070728 51.47490980112576, -0.1880030915030905 51.476657585336625, -0.1905291062831417 51.477423160368524))",0,True,True,,2
89194ada187ffff,293,293-1,9,1,51.47316199470201,-0.1871320299528765,200.821,"POLYGON ((-0.1875675466070728 51.47490980112576, -0.189657859848169 51.473927571508405, -0.1892222790002718 51.47217974375815, -0.1866965415377842 51.47141416606855, -0.1846063223599976 51.47239637501353, -0.1850417465817948 51.47414418231903, -0.1875675466070728 51.47490980112576))",0,True,True,,13
89194ada18bffff,293,293-2,9,1,51.47545859644727,-0.19470988654231805,200.821,"POLYGON ((-0.1951456805343196 51.477206400201, -0.1972360833393278 51.476224044565996, -0.1968002251525713 51.47447621949, -0.1942741208086063 51.47371077047578, -0.1921838120449563 51.474693105425814, -0.1926195135842652 51.47644091007364, -0.1951456805343196 51.477206400201))",0,True,True,,1
89194ada18fffff,293,293-3,9,1,51.472945278562875,-0.19174813875753272,200.821,"POLYGON ((-0.1921838120449563 51.474693105425814, -0.1942741208086063 51.47371077047578, -0.1938383833304551 51.47196292228961, -0.1913124937192865 51.47119742948794, -0.1892222790002718 51.47217974375815, -0.189657859848169 51.473927571508405, -0.1921838120449563 51.474693105425814))",0,True,True,,7
89194ada193ffff,293,293-4,9,1,51.4784053473315,-0.1884386646436065,200.821,"POLYGON ((-0.1888742660313541 51.48015308710729, -0.1909647718755973 51.479170921472154, -0.1905291062831417 51.477423160368524, -0.1880030915030905 51.476657585336625, -0.18591267973431 51.47763973029645, -0.1863481886704576 51.47938747096211, -0.1888742660313541 51.48015308710729))",0,True,True,,5
89194ada197ffff,293,293-5,9,1,51.47589196741439,-0.18547719903898463,200.821,"POLYGON ((-0.18591267973431 51.47763973029645, -0.1880030915030905 51.476657585336625, -0.1875675466070728 51.47490980112576, -0.1850417465817948 51.47414418231903, -0.1829514288917575 51.475126306608736, -0.1833868171486157 51.47687407037387, -0.18591267973431 51.47763973029645))",0,True,True,,10
89194ada19bffff,293,293-6,9,1,51.47818869250319,-0.19305524337816266,200.821,"POLYGON ((-0.1934910014293521 51.47993645271143, -0.1955815027872836 51.47895418173376, -0.1951456805343196 51.477206400201, -0.1926195135842652 51.47644091007364, -0.1905291062831417 51.477423160368524, -0.1909647718755973 51.479170921472154, -0.1934910014293521 51.47993645271143))",0,True,True,,1
89194ada1c3ffff,330,330-0,9,1,51.47775481206735,-0.20228884382846524,200.821,"POLYGON ((-0.2027249152189675 51.479502613113986, -0.2048154075187019 51.47852013143621, -0.2043792719323672 51.476772309071556, -0.2018528007153866 51.47600698879481, -0.1997624024350268 51.476989449774955, -0.2001983813526074 51.47873725172809, -0.2027249152189675 51.479502613113986))",0,True,True,,3
89194ada1c7ffff,330,330-1,9,1,51.47524162559864,-0.19932645178849484,200.821,"POLYGON ((-0.1997624024350268 51.476989449774955, -0.2018528007153866 51.47600698879481, -0.2014167858770574 51.47425914329948, -0.1988905294102865 51.47349377920226, -0.1968002251525713 51.47447621949, -0.1972360833393278 51.476224044565996, -0.1997624024350268 51.476989449774955))",0,True,True,,5
89194ada1cbffff,330,330-2,9,1,51.477537586421995,-0.2069058654384382,200.821,"POLYGON ((-0.2073420935047995 51.47928540787468, -0.2094325812326869 51.47830282083926, -0.2089962889734459 51.47655497807187, -0.2064696656595873 51.47578974274119, -0.2043792719323672 51.476772309071556, -0.2048154075187019 51.47852013143621, -0.2073420935047995 51.47928540787468))",0,True,True,,2
89194ada1cfffff,330,330-3,9,1,51.47502446448139,-0.20394316462712625,200.821,"POLYGON ((-0.2043792719323672 51.476772309071556, -0.2064696656595873 51.47578974274119, -0.2060334941655461 51.474041876835344, -0.2035070856003254 51.473276597668985, -0.2014167858770574 51.47425914329948, -0.2018528007153866 51.47600698879481, -0.2043792719323672 51.476772309071556))",0,True,True,,14
89194ada1d3ffff,330,330-4,9,1,51.48048503145487,-0.20063438854392582,200.821,"POLYGON ((-0.2010704240117075 51.48223278895219, -0.2031610148896036 51.481250391931596, -0.2027249152189675 51.479502613113986, -0.2001983813526074 51.47873725172809, -0.1981078845095211 51.47971962805328, -0.1985438274983406 51.481467386458334, -0.2010704240117075 51.48223278895219))",7,True,True,,22
89194ada1d7ffff,330,330-5,9,1,51.47797184742144,-0.19767196979073282,200.821,"POLYGON ((-0.1981078845095211 51.47971962805328, -0.2001983813526074 51.47873725172809, -0.1997624024350268 51.476989449774955, -0.1972360833393278 51.476224044565996, -0.1951456805343196 51.477206400201, -0.1955815027872836 51.47895418173376, -0.1981078845095211 51.47971962805328))",0,True,True,,1
89194ada1dbffff,330,330-6,9,1,51.48026793157228,-0.20525157138887157,200.821,"POLYGON ((-0.2056877635455463 51.482015709476606, -0.2077783498613771 51.48103320709604, -0.2073420935047995 51.47928540787468, -0.2048154075187019 51.47852013143621, -0.2027249152189675 51.479502613113986, -0.2031610148896036 51.481250391931596, -0.2056877635455463 51.482015709476606))",0,True,True,,4
89194ada103ffff,342,342-0,9,1,51.469998019761846,-0.1980187694481525,200.821,"POLYGON ((-0.1984546352977336 51.47174591058895, -0.2005448410137779 51.47076338565312, -0.2001089109834445 51.469015473508314, -0.1975829318587783 51.46825010672409, -0.195492820153241 51.469232610970444, -0.1959285935622237 51.47098050268909, -0.1984546352977336 51.47174591058895))",0,True,True,,0
89194ada107ffff,342,342-1,9,1,51.46748469704378,-0.1950570749981283,200.821,"POLYGON ((-0.195492820153241 51.469232610970444, -0.1975829318587783 51.46825010672409, -0.1971471225269689 51.46650217147877, -0.1946213580941932 51.465736760912314, -0.1925313404024583 51.466719244474376, -0.1929669931300736 51.46846715928575, -0.195492820153241 51.469232610970444))",0,True,True,,0
89194ada10bffff,342,342-2,9,1,51.46978079738963,-0.20263501237119783,200.821,"POLYGON ((-0.2030710348492542 51.471528708637344, -0.2051612360210822 51.47054607836111, -0.2047251493652596 51.46879814579902, -0.202199018163447 51.46803286392903, -0.2001089109834445 51.469015473508314, -0.2005448410137779 51.47076338565312, -0.2030710348492542 51.471528708637344))",0,True,True,,0
89194ada10fffff,342,342-3,9,1,51.46726753915332,-0.1996730092170537,200.821,"POLYGON ((-0.2001089109834445 51.469015473508314, -0.202199018163447 51.46803286392903, -0.2017630522233281 51.466284908258636, -0.1992371357118915 51.46551958259122, -0.1971471225269689 51.46650217147877, -0.1975829318587783 51.46825010672409, -0.2001089109834445 51.469015473508314))",0,True,True,,0
89194ada113ffff,342,342-4,9,1,51.47272837219666,-0.19636439522777444,200.821,"POLYGON ((-0.1968002251525713 51.47447621949, -0.1988905294102865 51.47349377920226, -0.1984546352977336 51.47174591058895, -0.1959285935622237 51.47098050268909, -0.1938383833304551 51.47196292228961, -0.1942741208086063 51.47371077047578, -0.1968002251525713 51.47447621949))",0,True,True,,3
89194ada117ffff,342,342-5,9,1,51.47021505189187,-0.1934026741051717,200.821,"POLYGON ((-0.1938383833304551 51.47196292228961, -0.1959285935622237 51.47098050268909, -0.195492820153241 51.469232610970444, -0.1929669931300736 51.46846715928575, -0.1908768769275151 51.4694495582042, -0.1913124937192865 51.47119742948794, -0.1938383833304551 51.47196292228961))",0,True,True,,3
89194ada11bffff,342,342-6,9,1,51.472511275584566,-0.2009807993107629,200.821,"POLYGON ((-0.2014167858770574 51.47425914329948, -0.2035070856003254 51.473276597668985, -0.2030710348492542 51.471528708637344, -0.2005448410137779 51.47076338565312, -0.1984546352977336 51.47174591058895, -0.1988905294102865 51.47349377920226, -0.2014167858770574 51.47425914329948))",0,True,True,,10
89194ad1e03ffff,352,352-0,9,1,51.436314363291544,-0.12430623662618677,200.821,"POLYGON ((-0.1247393201740068 51.43806243240876, -0.1268282386310993 51.437080933167614, -0.1263950909387598 51.435332842696205, -0.1238731811412788 51.43456627206106, -0.1217843568703682 51.435547750737214, -0.122217348211156 51.437295820612086, -0.1247393201740068 51.43806243240876))",0,True,True,,2
89194ad1e07ffff,352,352-1,9,1,51.43379965875182,-0.12135139358612752,200.821,"POLYGON ((-0.1217843568703682 51.435547750737214, -0.1238731811412788 51.43456627206106, -0.1234401537165802 51.432818158720494, -0.120918458355701 51.432051544659, -0.1188297282741416 51.43303300277531, -0.1192625993645053 51.43478109551155, -0.1217843568703682 51.435547750737214))",0,True,True,,0
89194ad1e0bffff,352,352-2,9,1,51.43609937065028,-0.12891712297770766,200.821,"POLYGON ((-0.1293503628841764 51.437847460358554, -0.1314392772572021 51.43686585591643, -0.1310059732091257 51.43511774485723, -0.1284839111441786 51.434351258826524, -0.1263950909387598 51.435332842696205, -0.1268282386310993 51.437080933167614, -0.1293503628841764 51.437847460358554))",0,True,True,,15
89194ad1e0fffff,352,352-3,9,1,51.43358473011197,-0.12596197131302006,200.821,"POLYGON ((-0.1263950909387598 51.435332842696205, -0.1284839111441786 51.434351258826524, -0.1280507273809214 51.43260312489038, -0.1255288797512025 51.43183659541808, -0.1234401537165802 51.432818158720494, -0.1238731811412788 51.43456627206106, -0.1263950909387598 51.435332842696205))",0,True,True,,9
89194ad1e13ffff,352,352-4,9,1,51.43904386837326,-0.12265036761114764,200.821,"POLYGON ((-0.123083415073046 51.44079189401762, -0.1251724317873911 51.439810479409616, -0.1247393201740068 51.43806243240876, -0.122217348211156 51.437295820612086, -0.1201284256984009 51.43827721465735, -0.120561380947261 51.440025241060624, -0.123083415073046 51.44079189401762))",0,True,True,,0
89194ad1e17ffff,352,352-5,9,1,51.43652916613996,-0.11969549850504134,200.821,"POLYGON ((-0.1201284256984009 51.43827721465735, -0.122217348211156 51.437295820612086, -0.1217843568703682 51.435547750737214, -0.1192625993645053 51.43478109551155, -0.1171737710564825 51.43576246899926, -0.117606606049971 51.43751051826879, -0.1201284256984009 51.43827721465735))",0,True,True,,0
89194ad1e1bffff,352,352-6,9,1,51.4388290015231,-0.12726141439267563,200.821,"POLYGON ((-0.1276946182262077 51.44057704775953, -0.1297836308662991 51.43959552794822, -0.1293503628841764 51.437847460358554, -0.1268282386310993 51.437080933167614, -0.1247393201740068 51.43806243240876, -0.1251724317873911 51.439810479409616, -0.1276946182262077 51.44057704775953))",7,True,True,,24
89194adac43ffff,379,379-0,9,1,51.454483219310646,-0.18948256201201835,200.821,"POLYGON ((-0.1899180170827903 51.4562312894711, -0.1920076497939825 51.455248677997815, -0.1915721305727009 51.45350058652039, -0.1890471351671936 51.45273512697006, -0.1869575964487855 51.45371771777008, -0.1873929591434732 51.45546578879225, -0.1899180170827903 51.4562312894711))",0,True,True,,1
89194adac47ffff,379,379-1,9,1,51.4519696245704,-0.18652226197365193,200.821,"POLYGON ((-0.1869575964487855 51.45371771777008, -0.1890471351671936 51.45273512697006, -0.1886117365455698 51.45098701245242, -0.1860869557153471 51.4502215091964, -0.1839975109929982 51.45120407932831, -0.1844327531051811 51.45295217338293, -0.1869575964487855 51.45371771777008))",0,True,True,,0
89194adac4bffff,379,379-2,9,1,51.4542660032145,-0.19409724818921917,200.821,"POLYGON ((-0.1945328597936873 51.45601409382465, -0.196622488015854 51.45503137704548, -0.1961868122638365 51.45328326512161, -0.1936616648207437 51.45251789042192, -0.1915721305727009 51.45350058652039, -0.1920076497939825 51.455248677997815, -0.1945328597936873 51.45601409382465))",0,True,True,,6
89194adac4fffff,379,379-3,9,1,51.45175247286324,-0.19113663958100813,200.821,"POLYGON ((-0.1915721305727009 51.45350058652039, -0.1936616648207437 51.45251789042192, -0.1932261096855598 51.45076975545006, -0.1907011768162445 51.45000433702947, -0.1886117365455698 51.45098701245242, -0.1890471351671936 51.45273512697006, -0.1915721305727009 51.45350058652039))",0,True,True,,4
89194adac53ffff,379,379-4,9,1,51.45721383763381,-0.18782835006037932,200.821,"POLYGON ((-0.1882637692022044 51.458961864291666, -0.190353500382154 51.457979337448215, -0.1899180170827903 51.4562312894711, -0.1873929591434732 51.45546578879225, -0.1853033219717259 51.456448294964666, -0.1857386487314568 51.45819632248554, -0.1882637692022044 51.458961864291666))",0,True,True,,2
89194adac57ffff,379,379-5,9,1,51.45470024526274,-0.18486802343050499,200.821,"POLYGON ((-0.1853033219717259 51.456448294964666, -0.1873929591434732 51.45546578879225, -0.1869575964487855 51.45371771777008, -0.1844327531051811 51.45295217338293, -0.1823432099448893 51.4539346588895, -0.1827784161171157 51.45568270944765, -0.1853033219717259 51.456448294964666))",0,True,True,,0
89194adac5bffff,379,379-6,9,1,51.45699674729239,-0.19244319724755907,200.821,"POLYGON ((-0.192878772936111 51.45874479440092, -0.1949684996368189 51.45776216224922, -0.1945328597936873 51.45601409382465, -0.1920076497939825 51.455248677997815, -0.1899180170827903 51.4562312894711, -0.190353500382154 51.457979337448215, -0.192878772936111 51.45874479440092))",0,True,True,,13
89194ad1e63ffff,394,394-0,9,1,51.43063972463171,-0.1322281371862281,200.821,"POLYGON ((-0.1326614492146154 51.432387901266075, -0.1347501670702007 51.43140612757627, -0.1343167909142172 51.429657929595585, -0.1317948532328186 51.42889152588904, -0.1297062295140432 51.42987327900187, -0.1301394493402271 51.431621456396805, -0.1326614492146154 51.432387901266075))",0,True,True,,9
89194ad1e67ffff,394,394-1,9,1,51.42812507950131,-0.12927303775648277,200.821,"POLYGON ((-0.1297062295140432 51.42987327900187, -0.1317948532328186 51.42889152588904, -0.1313615973517086 51.42714330504116, -0.128839874064817 51.42637685789822, -0.1267513444860239 51.427358590439255, -0.1271844440545267 51.42910679069361, -0.1297062295140432 51.42987327900187))",7,True,True,,20
89194ad1e6bffff,394,394-2,9,1,51.43042429061404,-0.13683885079976593,200.821,"POLYGON ((-0.1372723191650581 51.43217248782863, -0.139361032888546 51.43119060893756, -0.1389275003985801 51.42944239037992, -0.1364054105194928 51.42867607128891, -0.1343167909142172 51.429657929595585, -0.1347501670702007 51.43140612757627, -0.1372723191650581 51.43217248782863))",0,True,True,,0
89194ad1e6fffff,394,394-3,9,1,51.42790970950702,-0.13388344283689774,200.821,"POLYGON ((-0.1343167909142172 51.429657929595585, -0.1364054105194928 51.42867607128891, -0.1359719983215649 51.426927829856304, -0.133450122835554 51.42616146731369, -0.1313615973517086 51.42714330504116, -0.1317948532328186 51.42889152588904, -0.1343167909142172 51.429657929595585))",0,True,True,,14
89194ad1e73ffff,394,394-4,9,1,51.433369611683005,-0.13057269723770715,200.821,"POLYGON ((-0.1310059732091257 51.43511774485723, -0.1330947893206334 51.43413605578896, -0.1326614492146154 51.432387901266075, -0.1301394493402271 51.431621456396805, -0.1280507273809214 51.43260312489038, -0.1284839111441786 51.434351258826524, -0.1310059732091257 51.43511774485723))",0,True,True,,10
89194ad1e77ffff,394,394-5,9,1,51.430854968845054,-0.12761757168529395,200.821,"POLYGON ((-0.1280507273809214 51.43260312489038, -0.1301394493402271 51.431621456396805, -0.1297062295140432 51.42987327900187, -0.1271844440545267 51.42910679069361, -0.1250958162506092 51.43008843861766, -0.1255288797512025 51.43183659541808, -0.1280507273809214 51.43260312489038))",0,True,True,,10
89194ad1e7bffff,394,394-6,9,1,51.43315430344592,-0.13518357130751676,200.821,"POLYGON ((-0.1356170036288546 51.43490245720144, -0.1377058156180739 51.43392066292951, -0.1372723191650581 51.43217248782863, -0.1347501670702007 51.43140612757627, -0.1326614492146154 51.432387901266075, -0.1330947893206334 51.43413605578896, -0.1356170036288546 51.43490245720144))",0,True,True,,0
89194adac63ffff,405,405-0,9,1,51.44672521193793,-0.1852164278384916,200.821,"POLYGON ((-0.1856516776711968 51.4484733716512, -0.1877410239612214 51.447490716898585, -0.1873057099931076 51.44574253586869, -0.184781206214568 51.44497703005974, -0.1826919539084466 51.44595966414715, -0.1831271113973197 51.44770782470728, -0.1856516776711968 51.4484733716512))",0,True,True,,0
89194adac67ffff,405,405-1,9,1,51.44421148142481,-0.18225682462197473,200.821,"POLYGON ((-0.1826919539084466 51.44595966414715, -0.184781206214568 51.44497703005974, -0.1843460127967169 51.44322882601974, -0.1818217235351956 51.44246327654336, -0.1797325652162426 51.44344588997079, -0.1801676021720219 51.44519407353321, -0.1826919539084466 51.44595966414715))",0,True,True,,0
89194adac6bffff,405,405-2,9,1,51.44650799884476,-0.18983033595666227,200.821,"POLYGON ((-0.1902657422756839 51.44825617902226, -0.1923550841042481 51.44727341898102, -0.1919196136527295 51.445525217490115, -0.1893949578564283 51.444759796500016, -0.1873057099931076 51.44574253586869, -0.1877410239612214 51.447490716898585, -0.1902657422756839 51.44825617902226))",0,True,True,,12
89194adac6fffff,405,405-3,9,1,51.44399433267425,-0.18687042423742622,200.821,"POLYGON ((-0.1873057099931076 51.44574253586869, -0.1893949578564283 51.444759796500016, -0.1889596079723388 51.44301157199128, -0.1864351666915243 51.442246107318525, -0.1843460127967169 51.44322882601974, -0.184781206214568 51.44497703005974, -0.1873057099931076 51.44574253586869))",0,True,True,,0
89194adac73ffff,405,405-4,9,1,51.44945596310204,-0.18356229709125696,200.821,"POLYGON ((-0.1839975109929982 51.45120407932831, -0.1860869557153471 51.4502215091964, -0.1856516776711968 51.4484733716512, -0.1831271113973197 51.44770782470728, -0.1810377606742918 51.44869037417628, -0.1814728822261738 51.450438491250694, -0.1839975109929982 51.45120407932831))",0,True,True,,0
89194adac77ffff,405,405-5,9,1,51.44694223493609,-0.18060266732381247,200.821,"POLYGON ((-0.1810377606742918 51.44869037417628, -0.1831271113973197 51.44770782470728, -0.1826919539084466 51.44595966414715, -0.1801676021720219 51.44519407353321, -0.178078345451558 51.44617660234445, -0.1785133464653146 51.44792474242598, -0.1810377606742918 51.44869037417628))",0,True,True,,0
89194adac7bffff,405,405-6,9,1,51.44923887576089,-0.1881763661444875,200.821,"POLYGON ((-0.1886117365455698 51.45098701245242, -0.1907011768162445 51.45000433702947, -0.1902657422756839 51.44825617902226, -0.1877410239612214 51.447490716898585, -0.1856516776711968 51.4484733716512, -0.1860869557153471 51.4502215091964, -0.1886117365455698 51.45098701245242))",0,True,True,,10
89194adad03ffff,406,406-0,9,1,51.4348054280935,-0.1565855509790732,200.821,"POLYGON ((-0.1570197291258432 51.436553641163556, -0.1591086183978746 51.43557140540934, -0.1586743761270895 51.43382317100798, -0.1561514009655629 51.433057192894424, -0.1540626057495637 51.43403940803161, -0.154496691639421 51.43578762189792, -0.1570197291258432 51.436553641163556))",0,True,True,,6
89194adad07ffff,406,406-1,9,1,51.43229117203899,-0.15362854798660758,200.821,"POLYGON ((-0.1540626057495637 51.43403940803161, -0.1561514009655629 51.433057192894424, -0.1557172790826653 51.43130893556952, -0.1531945183478909 51.4305429139232, -0.1511058171911174 51.43152510844852, -0.1515397827102606 51.4332733452306, -0.1540626057495637 51.43403940803161))",0,True,True,,0
89194adad0bffff,406,406-2,9,1,51.43458910637269,-0.16119747347023622,200.821,"POLYGON ((-0.1616318080050725 51.43633733997229, -0.1637206929941781 51.4353549989817, -0.1632862943382807 51.433606744054075, -0.1607631670787709 51.43284085064186, -0.1586743761270895 51.43382317100798, -0.1591086183978746 51.43557140540934, -0.1616318080050725 51.43633733997229))",7,True,True,,24
89194adad0fffff,406,406-3,9,1,51.43207491447802,-0.15824016199323976,200.821,"POLYGON ((-0.1586743761270895 51.43382317100798, -0.1607631670787709 51.43284085064186, -0.160328888827937 51.43109257278291, -0.1578059759937244 51.43032663582271, -0.1557172790826653 51.43130893556952, -0.1561514009655629 51.433057192894424, -0.1586743761270895 51.43382317100798))",0,True,True,,0
89194adad13ffff,406,406-4,9,1,51.43753581363481,-0.15493080565888748,200.821,"POLYGON ((-0.1553649478106151 51.439283983239115, -0.1574539354085965 51.43830183210147, -0.1570197291258432 51.436553641163556, -0.154496691639421 51.43578762189792, -0.1524077981128587 51.436769752420794, -0.1528418480016931 51.43851792282265, -0.1553649478106151 51.439283983239115))",0,True,True,,5
89194adad17ffff,406,406-5,9,1,51.43502155988908,-0.15197377634995218,200.821,"POLYGON ((-0.1524077981128587 51.436769752420794, -0.154496691639421 51.43578762189792, -0.1540626057495637 51.43403940803161, -0.1515397827102606 51.4332733452306, -0.1494509832583448 51.43425545514386, -0.1498849127714597 51.43600364846635, -0.1524077981128587 51.436769752420794))",0,True,True,,0
89194adad1bffff,406,406-6,9,1,51.437319617679066,-0.15954288880832942,200.821,"POLYGON ((-0.1599771873610912 51.439067807813906, -0.1620661706859226 51.438085551437496, -0.1616318080050725 51.43633733997229, -0.1591086183978746 51.43557140540934, -0.1570197291258432 51.436553641163556, -0.1574539354085965 51.43830183210147, -0.1599771873610912 51.439067807813906))",0,True,True,,17
89194adae83ffff,407,407-0,9,1,51.45656199609047,-0.20167333429557666,200.821,"POLYGON ((-0.2021092230900402 51.458310084074064, -0.204198940746843 51.45732724129071, -0.2037629878037835 51.45557913199763, -0.2012374737562846 51.45481388591635, -0.1991478500516227 51.455796708006446, -0.1995836464426566 51.45754479686966, -0.2021092230900402 51.458310084074064))",0,True,True,,3
89194adae87ffff,407,407-1,9,1,51.45404859695539,-0.1987120819093345,200.821,"POLYGON ((-0.1991478500516227 51.455796708006446, -0.2012374737562846 51.45481388591635, -0.2008016414693849 51.45306575355487, -0.1982763420130592 51.452300463719645, -0.1961868122638365 51.45328326512161, -0.196622488015854 51.45503137704548, -0.1991478500516227 51.455796708006446))",0,True,True,,1
89194adae8bffff,407,407-2,9,1,51.45634433519226,-0.2062886240508392,200.821,"POLYGON ((-0.2067246694044141 51.4580924436002, -0.2088143824965713 51.457109495493434, -0.2083782729973229 51.45536136577932, -0.2058526069624832 51.45459620459157, -0.2037629878037835 51.45557913199763, -0.204198940746843 51.45732724129071, -0.2067246694044141 51.4580924436002))",0,True,True,,4
89194adae8fffff,407,407-3,9,1,51.45383100051446,-0.20332706311951648,200.821,"POLYGON ((-0.2037629878037835 51.45557913199763, -0.2058526069624832 51.45459620459157, -0.2054166181365966 51.45284805180124, -0.2028911666913544 51.452082846844355, -0.2008016414693849 51.45306575355487, -0.2012374737562846 51.45481388591635, -0.2037629878037835 51.45557913199763))",0,True,True,,1
89194adae93ffff,407,407-4,9,1,51.45929286354192,-0.20001947108511298,200.821,"POLYGON ((-0.2004553239817508 51.46104090802009, -0.2025451401422862 51.46005814986401, -0.2021092230900402 51.458310084074064, -0.1995836464426566 51.45754479686966, -0.1974939242496495 51.45852753433472, -0.1979296847368415 51.46027557969379, -0.2004553239817508 51.46104090802009))",0,True,True,,1
89194adae97ffff,407,407-5,9,1,51.45677946678425,-0.1970581920102432,200.821,"POLYGON ((-0.1974939242496495 51.45852753433472, -0.1995836464426566 51.45754479686966, -0.1991478500516227 51.455796708006446, -0.196622488015854 51.45503137704548, -0.1945328597936873 51.45601409382465, -0.1949684996368189 51.45776216224922, -0.1974939242496495 51.45852753433472))",0,True,True,,14
89194adae9bffff,407,407-6,9,1,51.45907532839057,-0.20463492195141342,200.821,"POLYGON ((-0.205070931420188 51.46082339329406, -0.2071607430258501 51.4598405298122, -0.2067246694044141 51.4580924436002, -0.204198940746843 51.45732724129071, -0.2021092230900402 51.458310084074064, -0.2025451401422862 51.46005814986401, -0.205070931420188 51.46082339329406))",0,True,True,,1
89194adaea3ffff,429,429-0,9,1,51.4488041307067,-0.1974049469479291,200.821,"POLYGON ((-0.1978406303601613 51.45055230830238, -0.1999300616421007 51.44956942228225, -0.1994943140963174 51.44782122337742, -0.1969692917736353 51.44705593093571, -0.1948799544349822 51.44803879627065, -0.195315545476089 51.449786974731055, -0.1978406303601613 51.45055230830238))",0,True,True,,6
89194adaea7ffff,429,429-1,9,1,51.44629059563763,-0.19444439162544688,200.821,"POLYGON ((-0.1948799544349822 51.44803879627065, -0.1969692917736353 51.44705593093571, -0.1965336648345894 51.44530770899261, -0.1940088570447979 51.44454237283522, -0.1919196136527295 51.445525217490115, -0.1923550841042481 51.44727341898102, -0.1948799544349822 51.44803879627065))",0,True,True,,7
89194adaeabffff,429,429-2,9,1,51.448586472955874,-0.20201945859257037,200.821,"POLYGON ((-0.202455298516615 51.45033467099045, -0.2045447252615061 51.4493516796642, -0.2041088212068916 51.447603460323755, -0.2015836469165797 51.44683825274377, -0.1994943140963174 51.44782122337742, -0.1999300616421007 51.44956942228225, -0.202455298516615 51.45033467099045))",0,True,True,,2
89194adaeafffff,429,429-3,9,1,51.44607300229779,-0.19905859479216437,200.821,"POLYGON ((-0.1994943140963174 51.44782122337742, -0.2015836469165797 51.44683825274377, -0.2011478634858848 51.44509001035727, -0.1986229037269552 51.44432475904642, -0.1965336648345894 51.44530770899261, -0.1969692917736353 51.44705593093571, -0.1994943140963174 51.44782122337742))",0,True,True,,7
89194adaeb3ffff,429,429-4,9,1,51.451535131015774,-0.19575116475147852,200.821,"POLYGON ((-0.1961868122638365 51.45328326512161, -0.1982763420130592 51.452300463719645, -0.1978406303601613 51.45055230830238, -0.195315545476089 51.449786974731055, -0.1932261096855598 51.45076975545006, -0.1936616648207437 51.45251789042192, -0.1961868122638365 51.45328326512161))",0,True,True,,0
89194adaeb7ffff,429,429-5,9,1,51.44902159830203,-0.192790582780941,200.821,"POLYGON ((-0.1932261096855598 51.45076975545006, -0.195315545476089 51.449786974731055, -0.1948799544349822 51.44803879627065, -0.1923550841042481 51.44727341898102, -0.1902657422756839 51.44825617902226, -0.1907011768162445 51.45000433702947, -0.1932261096855598 51.45076975545006))",0,True,True,,1
89194adaebbffff,429,429-6,9,1,51.45131759900907,-0.20036583743222583,200.821,"POLYGON ((-0.2008016414693849 51.45306575355487, -0.2028911666913544 51.452082846844355, -0.202455298516615 51.45033467099045, -0.1999300616421007 51.44956942228225, -0.1978406303601613 51.45055230830238, -0.1982763420130592 51.452300463719645, -0.2008016414693849 51.45306575355487))",0,True,True,,10
8a194ad33c07fff,8,8-0-0,10,2,51.501362970760624,-0.09375789847179027,75.864,"POLYGON ((-0.0935827260714368 51.50200208547349, -0.0945407632659044 51.5018318109523, -0.0947159258715875 51.501192691084206, -0.0939330672173588 51.500723851195524, -0.0929750517966859 51.50089412656246, -0.0927998732567789 51.50153324097228, -0.0935827260714368 51.50200208547349))",0,True,True,,9
8a194ad33c0ffff,8,8-0-1,10,2,51.50025500730045,-0.09315022668174276,75.864,"POLYGON ((-0.0929750517966859 51.50089412656246, -0.0939330672173588 51.500723851195524, -0.094108232308226 51.500084726778326, -0.0933253979120027 51.49961588318644, -0.09236740426438 51.49978615939934, -0.092192223240247 51.500425278358094, -0.0929750517966859 51.50089412656246))",0,True,True,,0
8a194ad33c17fff,8,8-0-2,10,2,51.50166152696612,-0.0954988026447475,75.864,"POLYGON ((-0.0953236461793213 51.50230064713705, -0.0962816975371779 51.50213035884092, -0.0964568442074544 51.50149123351486, -0.0956739554556179 51.50102240194288, -0.0947159258715875 51.501192691084206, -0.0945407632659044 51.5018318109523, -0.0953236461793213 51.50230064713705))",0,True,True,,1
8a194ad33c1ffff,8,8-0-3,10,2,51.50055356636393,-0.09489108482264459,75.864,"POLYGON ((-0.0947159258715875 51.501192691084206, -0.0956739554556179 51.50102240194288, -0.0958491046120266 51.50038327206749, -0.0950662401192004 51.49991443679155, -0.094108232308226 51.500084726778326, -0.0939330672173588 51.500723851195524, -0.0947159258715875 51.501192691084206))",0,True,True,,6
8a194ad33c27fff,8,8-0-4,10,2,51.50217235052982,-0.09262469106187671,75.864,"POLYGON ((-0.0924495052118752 51.502811455234976, -0.0934075500161633 51.50264119533398, -0.0935827260714368 51.50200208547349, -0.0927998732567789 51.50153324097228, -0.0918418502270344 51.50170350171924, -0.091666658237736 51.50234260612139, -0.0924495052118752 51.502811455234976))",0,True,True,,9
8a194ad33c2ffff,8,8-0-5,10,2,51.50106439246475,-0.09201703856116825,75.864,"POLYGON ((-0.0918418502270344 51.50170350171924, -0.0927998732567789 51.50153324097228, -0.0929750517966859 51.50089412656246, -0.092192223240247 51.500425278358094, -0.091234221984276 51.50059553995129, -0.0910590275113278 51.501234648902575, -0.0918418502270344 51.50170350171924))",0,True,True,,12
8a194ad33c37fff,8,8-0-6,10,2,51.50247092596804,-0.09436559700549113,75.864,"POLYGON ((-0.0941904270902231 51.503110036131375, -0.0951484860592607 51.502939762455576, -0.0953236461793213 51.50230064713705, -0.0945407632659044 51.5018318109523, -0.0935827260714368 51.50200208547349, -0.0934075500161633 51.50264119533398, -0.0941904270902231 51.503110036131375))",0,True,True,,1
8a194ad33d07fff,8,8-4-0,10,2,51.504089650087586,-0.09209912254612666,75.864,"POLYGON ((-0.0919239257301611 51.5047287402348, -0.0928819999197053 51.504558495800076, -0.0930571869403942 51.503919400497416, -0.092274315706665 51.50345055508761, -0.0913162632931988 51.503620800368296, -0.0911410603377208 51.50425989021277, -0.0919239257301611 51.5047287402348))",0,True,True,,4
8a194ad33d0ffff,8,8-4-1,10,2,51.502981705671104,-0.09149146259315889,75.864,"POLYGON ((-0.0913162632931988 51.503620800368296, -0.092274315706665 51.50345055508761, -0.0924495052118752 51.502811455234976, -0.091666658237736 51.50234260612139, -0.0907086275995673 51.50251285224829, -0.0905334221605569 51.50315194664252, -0.0913162632931988 51.503620800368296))",0,True,True,,2
8a194ad33d17fff,8,8-4-2,10,2,51.504388241900166,-0.09384007629472121,75.864,"POLYGON ((-0.0936648954142585 51.50502733750541, -0.0946229837699648 51.50485707929551, -0.0947981548546867 51.504217978534946, -0.0940152535200165 51.50374914144212, -0.0930571869403942 51.503919400497416, -0.0928819999197053 51.504558495800076, -0.0936648954142585 51.50502733750541))",0,True,True,,10
8a194ad33d1ffff,8,8-4-3,10,2,51.50328030034199,-0.09323237030584543,75.864,"POLYGON ((-0.0930571869403942 51.503919400497416, -0.0940152535200165 51.50374914144212, -0.0941904270902231 51.503110036131375, -0.0934075500161633 51.50264119533398, -0.0924495052118752 51.502811455234976, -0.092274315706665 51.50345055508761, -0.0930571869403942 51.503919400497416))",0,True,True,,0
8a194ad33d27fff,8,8-4-4,10,2,51.504898975204455,-0.09096585372663094,75.864,"POLYGON ((-0.0907906434598097 51.50553805534322, -0.091748725258664 51.50536782552914, -0.0919239257301611 51.5047287402348, -0.0911410603377208 51.50425989021277, -0.0901830003157036 51.50443012087305, -0.0900077839096318 51.50506920070912, -0.0907906434598097 51.50553805534322))",0,True,True,,18
8a194ad33d2ffff,8,8-4-5,10,2,51.50379103618414,-0.0903582130659789,75.864,"POLYGON ((-0.0901830003157036 51.50443012087305, -0.0911410603377208 51.50425989021277, -0.0913162632931988 51.503620800368296, -0.0905334221605569 51.50315194664252, -0.0895753839145963 51.503322178149304, -0.0894001650255376 51.5039612625353, -0.0901830003157036 51.50443012087305))",0,True,True,,4
8a194ad33d37fff,8,8-4-6,10,2,51.50519758624992,-0.09270680924364917,75.864,"POLYGON ((-0.0925316149121113 51.50583667184678, -0.0934897108785089 51.505666428257705, -0.0936648954142585 51.50502733750541, -0.0928819999197053 51.504558495800076, -0.0919239257301611 51.5047287402348, -0.091748725258664 51.50536782552914, -0.0925316149121113 51.50583667184678))",0,True,True,,5
8a194ad33d87fff,8,8-6-0,10,2,51.50387742340818,-0.09671431852736312,75.864,"POLYGON ((-0.0965391670345293 51.50451653447919, -0.0974972619423638 51.50434624787248, -0.0976724036390096 51.50370713164641, -0.0968894663655527 51.50323830748447, -0.0959313932331102 51.50340859493576, -0.0957562355990798 51.50404770570431, -0.0965391670345293 51.50451653447919))",0,True,True,,8
8a194ad33d8ffff,8,8-6-1,10,2,51.502769479314566,-0.09610654721245167,75.864,"POLYGON ((-0.0959313932331102 51.50340859493576, -0.0968894663655527 51.50323830748447, -0.0970646105492229 51.50259918670823, -0.0962816975371779 51.50213035884092, -0.0953236461793213 51.50230064713705, -0.0951484860592607 51.502939762455576, -0.0959313932331102 51.50340859493576))",0,True,True,,0
8a194ad33d97fff,8,8-6-2,10,2,51.50417595180001,-0.09845535903314583,75.864,"POLYGON ((-0.0982802234784053 51.50481506832835, -0.0992383325482904 51.50464476794492, -0.0994134583063892 51.504005646261604, -0.0986304909334972 51.50353683041892, -0.0976724036390096 51.50370713164641, -0.0974972619423638 51.50434624787248, -0.0982802234784053 51.50481506832835))",0,True,True,,0
8a194ad33d9ffff,8,8-6-3,10,2,51.50306801056768,-0.09784754168122138,75.864,"POLYGON ((-0.0976724036390096 51.50370713164641, -0.0986304909334972 51.50353683041892, -0.0988056191795788 51.50289770418521, -0.0980226760690881 51.502428884636394, -0.0970646105492229 51.50259918670823, -0.0968894663655527 51.50323830748447, -0.0976724036390096 51.50370713164641))",0,True,True,,0
8a194ad33da7fff,8,8-6-4,10,2,51.50468681162013,-0.09558107431023084,75.864,"POLYGON ((-0.0954059093664592 51.50532591268311, -0.0963640118869676 51.50515564069732, -0.0965391670345293 51.50451653447919, -0.0957562355990798 51.50404770570431, -0.0947981548546867 51.504217978534946, -0.0946229837699648 51.50485707929551, -0.0954059093664592 51.50532591268311))",0,True,True,,13
8a194ad33daffff,8,8-6-5,10,2,51.5035788729216,-0.09497332228441044,75.864,"POLYGON ((-0.0947981548546867 51.504217978534946, -0.0957562355990798 51.50404770570431, -0.0959313932331102 51.50340859493576, -0.0951484860592607 51.502939762455576, -0.0941904270902231 51.503110036131375, -0.0940152535200165 51.50374914144212, -0.0947981548546867 51.504217978534946))",0,True,True,,7
8a194ad33db7fff,8,8-6-6,10,2,51.504985359245794,-0.09732211659111856,75.864,"POLYGON ((-0.097146967585231 51.505624465766175, -0.0981050842691917 51.50545418000382, -0.0982802234784053 51.50481506832835, -0.0974972619423638 51.50434624787248, -0.0965391670345293 51.50451653447919, -0.0963640118869676 51.50515564069732, -0.097146967585231 51.505624465766175))",0,True,True,,4
8a194ad32207fff,10,10-0-0,10,2,51.503452400204004,-0.10594515710570375,75.864,"POLYGON ((-0.1057700962750098 51.504091553117185, -0.106728232584593 51.50392118215629, -0.1069032836173136 51.503282024088755, -0.1061202142833515 51.50281324243826, -0.1051620997477547 51.50298361424103, -0.1049870327724501 51.5036227668524, -0.1057700962750098 51.504091553117185))",0,True,True,,5
8a194ad3220ffff,10,10-0-1,10,2,51.50234445677717,-0.10533716306994259,75.864,"POLYGON ((-0.1051620997477547 51.50298361424103, -0.1061202142833515 51.50281324243826, -0.1062952678080929 51.50217407982004, -0.1055122227391334 51.501705294460976, -0.1045541299767173 51.50187566710593, -0.1043790605103914 51.50251482426774, -0.1051620997477547 51.50298361424103))",0,True,True,,1
8a194ad32217fff,10,10-0-2,10,2,51.503750801728366,-0.10768637107213705,75.864,"POLYGON ((-0.1075113261847356 51.50438996009755, -0.1084694766481761 51.50421957535667, -0.1086445117371558 51.50358041183329, -0.1078614123067678 51.50311163850656, -0.1069032836173136 51.503282024088755, -0.106728232584593 51.50392118215629, -0.1075113261847356 51.50438996009755))",0,True,True,,1
8a194ad3221ffff,10,10-0-3,10,2,51.50264286116869,-0.10707833099719308,75.864,"POLYGON ((-0.1069032836173136 51.503282024088755, -0.1078614123067678 51.50311163850656, -0.1080364498887218 51.50247247043225, -0.1072533747243358 51.50200369339621, -0.1062952678080929 51.50217407982004, -0.1061202142833515 51.50281324243826, -0.1069032836173136 51.503282024088755))",0,True,True,,10
8a194ad32227fff,10,10-0-4,10,2,51.50426191461115,-0.10481196214395021,75.864,"POLYGON ((-0.1046368878621355 51.50490105751719, -0.1055950317911805 51.50473070117768, -0.1057700962750098 51.504091553117185, -0.1049870327724501 51.5036227668524, -0.1040289106181153 51.50379312403405, -0.103853830191921 51.50443226663829, -0.1046368878621355 51.50490105751719))",0,True,True,,10
8a194ad3222ffff,10,10-0-5,10,2,51.50315397657716,-0.10420398739089899,75.864,"POLYGON ((-0.1040289106181153 51.50379312403405, -0.1049870327724501 51.5036227668524, -0.1051620997477547 51.50298361424103, -0.1043790605103914 51.50251482426774, -0.1034209601299818 51.50268518229184, -0.1032458772133166 51.50332432944673, -0.1040289106181153 51.50379312403405))",0,True,True,,3
8a194ad32237fff,10,10-0-6,10,2,51.50456033537117,-0.10655317789890152,75.864,"POLYGON ((-0.1063781195601555 51.50519948373325, -0.1073362776444541 51.505029113613986, -0.1075113261847356 51.50438996009755, -0.106728232584593 51.50392118215629, -0.1057700962750098 51.504091553117185, -0.1055950317911805 51.50473070117768, -0.1063781195601555 51.50519948373325))",0,True,True,,3
8a194ad32287fff,10,10-2-0,10,2,51.50323960364127,-0.11056079959741193,75.864,"POLYGON ((-0.110385784105722 51.503878777472856, -0.1113439410987683 51.50370836432968, -0.1115189467916157 51.50306918534411, -0.1107358114368753 51.50260042495712, -0.1097776762170757 51.502770838940855, -0.1096026545790761 51.503410012470944, -0.110385784105722 51.503878777472856))",0,True,True,,7
8a194ad3228ffff,10,10-2-1,10,2,51.50213166055833,-0.10995269420276299,75.864,"POLYGON ((-0.1097776762170757 51.502770838940855, -0.1107358114368753 51.50260042495712, -0.1109108196242113 51.50196124142061, -0.1101277085362679 51.501492477323495, -0.10916959508894 51.50166289214804, -0.108994570957431 51.50230207022882, -0.1097776762170757 51.502770838940855))",0,True,True,,7
8a194ad32297fff,10,10-2-2,10,2,51.503537941718875,-0.11230210026731277,75.864,"POLYGON ((-0.1121271007215041 51.50417712100579, -0.1130852718643206 51.50400669408108, -0.1132602616108028 51.50336750964027, -0.1124770961611553 51.502898757579366, -0.1115189467916157 51.50306918534411, -0.1113439410987683 51.50370836432968, -0.1121271007215041 51.50417712100579))",0,True,True,,10
8a194ad3229ffff,10,10-2-3,10,2,51.50243000150602,-0.111693948832401,75.864,"POLYGON ((-0.1115189467916157 51.50306918534411, -0.1124770961611553 51.502898757579366, -0.1126520884031156 51.50225956858746, -0.1118689472212489 51.50179081281562, -0.1109108196242113 51.50196124142061, -0.1107358114368753 51.50260042495712, -0.1115189467916157 51.50306918534411))",0,True,True,,3
8a194ad322a7fff,10,10-2-4,10,2,51.50404918114849,-0.1094276292886806,75.864,"POLYGON ((-0.1092526003457542 51.50468834497336, -0.1102107649616862 51.504517946451855, -0.110385784105722 51.503878777472856, -0.1096026545790761 51.503410012470944, -0.1086445117371558 51.50358041183329, -0.1084694766481761 51.50421957535667, -0.1092526003457542 51.50468834497336))",0,True,True,,1
8a194ad322affff,10,10-2-5,10,2,51.50294124345729,-0.1088195431735291,75.864,"POLYGON ((-0.1086445117371558 51.50358041183329, -0.1096026545790761 51.503410012470944, -0.1097776762170757 51.502770838940855, -0.108994570957431 51.50230207022882, -0.1080364498887218 51.50247247043225, -0.1078614123067678 51.50311163850656, -0.1086445117371558 51.50358041183329))",0,True,True,,6
8a194ad322b7fff,10,10-2-6,10,2,51.504347538462675,-0.11116893175379043,75.864,"POLYGON ((-0.110993918756537 51.50498670774296, -0.1119520975236048 51.50481629544004, -0.1121271007215041 51.50417712100579, -0.1113439410987683 51.50370836432968, -0.110385784105722 51.503878777472856, -0.1102107649616862 51.504517946451855, -0.110993918756537 51.50498670774296))",0,True,True,,11
8a194ad32607fff,19,19-0-0,10,2,51.50554074662547,-0.11813458406930488,75.864,"POLYGON ((-0.1179596348666132 51.50617993772438, -0.118917870224675 51.506009470288745, -0.1190928096261076 51.50537027403638, -0.1183095296207323 51.50490155067368, -0.1173513160368069 51.505072018947374, -0.1171763606844522 51.50571120974565, -0.1179596348666132 51.50617993772438))",0,True,True,,9
8a194ad3260ffff,19,19-0-1,10,2,51.50443282329626,-0.11752626773781655,75.864,"POLYGON ((-0.1173513160368069 51.505072018947374, -0.1183095296207323 51.50490155067368, -0.1184844715210252 51.504262349869094, -0.1177012157876314 51.503793622792465, -0.1167430239770422 51.5039640919045, -0.1165680661268322 51.50460328725478, -0.1173513160368069 51.505072018947374))",0,True,True,,0
8a194ad32617fff,19,19-0-2,10,2,51.50583899338404,-0.11987610775428635,75.864,"POLYGON ((-0.1197011745032203 51.50647818993684, -0.1206594240056224 51.50630770871627, -0.1208343474549812 51.50566850701011, -0.120051037354364 51.5051997919783, -0.1190928096261076 51.50537027403638, -0.118917870224675 51.506009470288745, -0.1197011745032203 51.50647818993684))",0,True,True,,0
8a194ad3261ffff,19,19-0-3,10,2,51.50473107293115,-0.11926774537648635,75.864,"POLYGON ((-0.1190928096261076 51.50537027403638, -0.120051037354364 51.5051997919783, -0.1202259633035574 51.50456058571969, -0.1194426774759156 51.50409186697317, -0.1184844715210252 51.504262349869094, -0.1183095296207323 51.50490155067368, -0.1190928096261076 51.50537027403638))",0,True,True,,3
8a194ad32627fff,19,19-0-4,10,2,51.50635039569099,-0.11700140168067373,75.864,"POLYGON ((-0.116826439025347 51.50698957678327, -0.1177846820125529 51.50681912397023, -0.1179596348666132 51.50617993772438, -0.1171763606844522 51.50571120974565, -0.1162181394720971 51.505881663397034, -0.1160431706673737 51.506520844188735, -0.116826439025347 51.50698957678327))",0,True,True,,9
8a194ad3262ffff,19,19-0-5,10,2,51.50524247775235,-0.11639310462522703,75.864,"POLYGON ((-0.1162181394720971 51.505881663397034, -0.1171763606844522 51.50571120974565, -0.1173513160368069 51.505072018947374, -0.1165680661268322 51.50460328725478, -0.1156098666885786 51.50477374174479, -0.1154348953865351 51.50541292708867, -0.1162181394720971 51.505881663397034))",0,True,True,,16
8a194ad32637fff,19,19-0-6,10,2,51.506648661688125,-0.11874292717202824,75.864,"POLYGON ((-0.1185679804681141 51.50728784823438, -0.1195262376010464 51.507117381636554, -0.1197011745032203 51.50647818993684, -0.118917870224675 51.506009470288745, -0.1179596348666132 51.50617993772438, -0.1177846820125529 51.50681912397023, -0.1185679804681141 51.50728784823438))",0,True,True,,0
8a194ad32647fff,19,19-1-0,10,2,51.5030266170794,-0.11517659082052688,75.864,"POLYGON ((-0.115001620673118 51.50366581182765, -0.11595979833805 51.503495356498775, -0.1161347586857069 51.502856156596906, -0.115351557316509 51.502387417478694, -0.1143934014241239 51.50255787364677, -0.1142184251287165 51.50319706809382, -0.115001620673118 51.50366581182765))",0,True,True,,2
8a194ad3264ffff,19,19-1-1,10,2,51.501918674347365,-0.11456837406802892,75.864,"POLYGON ((-0.1143934014241239 51.50255787364677, -0.115351557316509 51.502387417478694, -0.1155265201611686 51.50174821302567, -0.1147433430605512 51.50127947019572, -0.1137852089399484 51.50144992720328, -0.1136102301484869 51.50208912620127, -0.1143934014241239 51.50255787364677))",0,True,True,,1
8a194ad32657fff,19,19-1-2,10,2,51.5033248917016,-0.11691797817596643,75.864,"POLYGON ((-0.1167430239770422 51.5039640919045, -0.1177012157876314 51.503793622792465, -0.1178761601863301 51.503154417436065, -0.1170929287237296 51.5026856866462, -0.1161347586857069 51.502856156596906, -0.11595979833805 51.503495356498775, -0.1167430239770422 51.5039640919045))",0,True,True,,2
8a194ad3265ffff,19,19-1-3,10,2,51.50221695184263,-0.11630971538211686,75.864,"POLYGON ((-0.1161347586857069 51.502856156596906, -0.1170929287237296 51.5026856866462, -0.1172678756204256 51.50204647673843, -0.1164846684273994 51.50157774223605, -0.1155265201611686 51.50174821302567, -0.115351557316509 51.502387417478694, -0.1161347586857069 51.502856156596906))",0,True,True,,4
8a194ad32667fff,19,19-1-4,10,2,51.503836257688384,-0.11404344518171285,75.864,"POLYGON ((-0.1138684615829728 51.50447544243034, -0.114826646874168 51.50430500172334, -0.115001620673118 51.50366581182765, -0.1142184251287165 51.50319706809382, -0.1132602616108028 51.50336750964027, -0.1130852718643206 51.50400669408108, -0.1138684615829728 51.50447544243034))",0,True,True,,3
8a194ad3266ffff,19,19-1-5,10,2,51.50272832034698,-0.11343524770548337,75.864,"POLYGON ((-0.1132602616108028 51.50336750964027, -0.1142184251287165 51.50319706809382, -0.1143934014241239 51.50255787364677, -0.1136102301484869 51.50208912620127, -0.1126520884031156 51.50225956858746, -0.1124770961611553 51.502898757579366, -0.1132602616108028 51.50336750964027))",0,True,True,,1
8a194ad32677fff,19,19-1-6,10,2,51.504134551548105,-0.11578483433904195,75.864,"POLYGON ((-0.1156098666885786 51.50477374174479, -0.1165680661268322 51.50460328725478, -0.1167430239770422 51.5039640919045, -0.11595979833805 51.503495356498775, -0.115001620673118 51.50366581182765, -0.114826646874168 51.50430500172334, -0.1156098666885786 51.50477374174479))",0,True,True,,4
8a194ad32747fff,19,19-5-0,10,2,51.505753797355936,-0.11351848342989784,75.864,"POLYGON ((-0.1133434888753339 51.50639296753935, -0.1143017035670185 51.506222542293756, -0.1144766883212378 51.50558336695652, -0.1136934743324077 51.50511462231955, -0.1127352814155395 51.50528504840458, -0.1125602807130118 51.505924218287085, -0.1133434888753339 51.50639296753935))",0,True,True,,1
8a194ad3274ffff,19,19-5-1,10,2,51.50464587366922,-0.11291027846592745,75.864,"POLYGON ((-0.1127352814155395 51.50528504840458, -0.1136934743324077 51.50511462231955, -0.1138684615829728 51.50447544243034, -0.1130852718643206 51.50400669408108, -0.1121271007215041 51.50417712100579, -0.1119520975236048 51.50481629544004, -0.1127352814155395 51.50528504840458))",0,True,True,,6
8a194ad32757fff,19,19-5-2,10,2,51.5060521075797,-0.11525992043277677,75.864,"POLYGON ((-0.1150849418272402 51.50669128321769, -0.1160431706673737 51.506520844188735, -0.1162181394720971 51.505881663397034, -0.1154348953865351 51.50541292708867, -0.1144766883212378 51.50558336695652, -0.1143017035670185 51.506222542293756, -0.1150849418272402 51.50669128321769))",0,True,True,,6
8a194ad3275ffff,19,19-5-3,10,2,51.50494418676633,-0.114651669423593,75.864,"POLYGON ((-0.1144766883212378 51.50558336695652, -0.1154348953865351 51.50541292708867, -0.1156098666885786 51.50477374174479, -0.114826646874168 51.50430500172334, -0.1138684615829728 51.50447544243034, -0.1136934743324077 51.50511462231955, -0.1144766883212378 51.50558336695652))",0,True,True,,1
8a194ad32767fff,19,19-5-4,10,2,51.50656338331657,-0.11238527635824512,75.864,"POLYGON ((-0.1122102683511455 51.50720254349294, -0.1131684906686066 51.507032132869675, -0.1133434888753339 51.50639296753935, -0.1125602807130118 51.505924218287085, -0.1116020801711221 51.50609462975003, -0.111427066016315 51.50673378962552, -0.1122102683511455 51.50720254349294))",0,True,True,,0
8a194ad3276ffff,19,19-5-5,10,2,51.50545546502151,-0.111777090673536,75.864,"POLYGON ((-0.1116020801711221 51.50609462975003, -0.1125602807130118 51.505924218287085, -0.1127352814155395 51.50528504840458, -0.1119520975236048 51.50481629544004, -0.110993918756537 51.50498670774296, -0.1108189021068884 51.505625872170405, -0.1116020801711221 51.50609462975003))",0,True,True,,0
8a194ad32777fff,19,19-5-6,10,2,51.50686171277797,-0.11412671516081045,75.864,"POLYGON ((-0.1139517231025095 51.50750087840897, -0.1149099595697955 51.507330454002535, -0.1150849418272402 51.50669128321769, -0.1143017035670185 51.506222542293756, -0.1133434888753339 51.50639296753935, -0.1131684906686066 51.507032132869675, -0.1139517231025095 51.50750087840897))",0,True,True,,1
8a194ad33447fff,21,21-1-0,10,2,51.49318216276592,-0.09873341841371809,75.864,"POLYGON ((-0.098558319241583 51.49382135116169, -0.0995162454583064 51.4936509863879, -0.0996913348375193 51.49301179283757, -0.0989085139329029 51.49254296951947, -0.0979506094831815 51.49271333513825, -0.0977755041713604 51.493352523230115, -0.098558319241583 51.49382135116169))",0,True,True,,13
8a194ad3344ffff,21,21-1-1,10,2,51.49207414219577,-0.09812571114198708,75.864,"POLYGON ((-0.0979506094831815 51.49271333513825, -0.0989085139329029 51.49254296951947, -0.0990836057993129 51.49190377142246, -0.0983008091479069 51.49143494440286, -0.0973429264643822 51.491605310866916, -0.0971678186663628 51.49224450350523, -0.0979506094831815 51.49271333513825))",0,True,True,,4
8a194ad33457fff,21,21-1-2,10,2,51.4934806121498,-0.10047417385610892,75.864,"POLYGON ((-0.1002990906172902 51.494119806003866, -0.1012570309890412 51.49394942745574, -0.1014321044344588 51.49331022844724, -0.1006492534422424 51.49284141344503, -0.0996913348375193 51.49301179283757, -0.0995162454583064 51.4936509863879, -0.1002990906172902 51.494119806003866))",0,True,True,,3
8a194ad3345ffff,21,21-1-3,10,2,51.49237259443661,-0.09986642056397159,75.864,"POLYGON ((-0.0996913348375193 51.49301179283757, -0.1006492534422424 51.49284141344503, -0.1008243293758356 51.492202209889626, -0.1000415026378237 51.49173339118516, -0.0990836057993129 51.49190377142246, -0.0989085139329029 51.49254296951947, -0.0996913348375193 51.49301179283757))",0,True,True,,14
8a194ad33467fff,21,21-1-4,10,2,51.49399170647128,-0.09760039520646051,75.864,"POLYGON ((-0.0974252825883368 51.49463088486161, -0.0983832164164139 51.494460534706704, -0.098558319241583 51.49382135116169, -0.0977755041713604 51.493352523230115, -0.0968175921110393 51.49352287423028, -0.0966424733534758 51.49416205231674, -0.0974252825883368 51.49463088486161))",0,True,True,,12
8a194ad3346ffff,21,21-1-5,10,2,51.492883691293066,-0.09699270721528323,75.864,"POLYGON ((-0.0968175921110393 51.49352287423028, -0.0977755041713604 51.493352523230115, -0.0979506094831815 51.49271333513825, -0.0971678186663628 51.49224450350523, -0.0962099283729871 51.49241485535092, -0.0960348071297807 51.493054037984045, -0.0968175921110393 51.49352287423028))",0,True,True,,8
8a194ad33477fff,21,21-1-6,10,2,51.494290175087485,-0.09934115242624912,75.864,"POLYGON ((-0.0991660557412076 51.49492935893617, -0.1001240037256873 51.4947589950071, -0.1002990906172902 51.494119806003866, -0.0995162454583064 51.4936509863879, -0.098558319241583 51.49382135116169, -0.0983832164164139 51.494460534706704, -0.0991660557412076 51.49492935893617))",0,True,True,,1
8a194ad33507fff,21,21-4-0,10,2,51.49842368468592,-0.10003141459205543,75.864,"POLYGON ((-0.0998563119227196 51.49906284488461, -0.1008143328294571 51.49889249810786, -0.1009894257038185 51.49825333275454, -0.1002065136080012 51.49778451963561, -0.0992485144720834 51.49795486725648, -0.0990734056614695 51.49859402715212, -0.0998563119227196 51.49906284488461))",0,True,True,,4
8a194ad3350ffff,21,21-4-1,10,2,51.497315702509226,-0.0994236196292726,75.864,"POLYGON ((-0.0992485144720834 51.49795486725648, -0.1002065136080012 51.49778451963561, -0.1003816089706966 51.49714534973374, -0.0995987211331157 51.49667653291057, -0.098640743767243 51.496846881375845, -0.098465632469243 51.49748604581985, -0.0992485144720834 51.49795486725648))",0,True,True,,2
8a194ad33517fff,21,21-4-2,10,2,51.498722141865734,-0.10177235591698687,75.864,"POLYGON ((-0.101597269184663 51.4993613075219, -0.1025553042478861 51.49919094696877, -0.1027303811847565 51.4985517761581, -0.1019474389961857 51.49808297135786, -0.1009894257038185 51.49825333275454, -0.1008143328294571 51.49889249810786, -0.101597269184663 51.4993613075219))",0,True,True,,2
8a194ad3351ffff,21,21-4-3,10,2,51.49761416254962,-0.10116451492495898,75.864,"POLYGON ((-0.1009894257038185 51.49825333275454, -0.1019474389961857 51.49808297135786, -0.1021225184223842 51.49744379599842, -0.1013396004930136 51.496974987493196, -0.1003816089706966 51.49714534973374, -0.1002065136080012 51.49778451963561, -0.1009894257038185 51.49825333275454))",0,True,True,,1
8a194ad33527fff,21,21-4-4,10,2,51.499233182196114,-0.09889829319728083,75.864,"POLYGON ((-0.0987231770794284 51.49987233238827, -0.0996812055998996 51.49970200023153, -0.0998563119227196 51.49906284488461, -0.0990734056614695 51.49859402715212, -0.0981153989125724 51.49876436015327, -0.0979402766536984 51.49940351004245, -0.0987231770794284 51.49987233238827))",0,True,True,,10
8a194ad3352ffff,21,21-4-5,10,2,51.49812520541235,-0.0982905175177277,75.864,"POLYGON ((-0.0981153989125724 51.49876436015327, -0.0990734056614695 51.49859402715212, -0.0992485144720834 51.49795486725648, -0.098465632469243 51.49748604581985, -0.0975076474911704 51.497656379665614, -0.0973325227454404 51.498295534103335, -0.0981153989125724 51.49876436015327))",7,True,True,,30
8a194ad33537fff,21,21-4-6,10,2,51.49953165860943,-0.10063923630181668,75.864,"POLYGON ((-0.1004641361207624 51.500170814259164, -0.1014221787990947 51.50000046832621, -0.101597269184663 51.4993613075219, -0.1008143328294571 51.49889249810786, -0.0998563119227196 51.49906284488461, -0.0996812055998996 51.49970200023153, -0.1004641361207624 51.500170814259164))",0,True,True,,0
8a195da49a07fff,35,35-0-0,10,2,51.50762800943251,-0.13032617883762573,75.864,"POLYGON ((-0.1301513413212587 51.508267238702466, -0.1311096756610809 51.50809667475713, -0.131284503372956 51.50745744033456, -0.1305010127045281 51.5069887753093, -0.1295427001389611 51.50715934008888, -0.1293678564678731 51.50779856905944, -0.1301513413212587 51.508267238702466))",0,True,True,,3
8a195da49a0ffff,35,35-0-1,10,2,51.50652010626516,-0.1297175401604884,75.864,"POLYGON ((-0.1295427001389611 51.50715934008888, -0.1305010127045281 51.5069887753093, -0.1306758429220498 51.50634953633296, -0.1298923765325897 51.505880867588395, -0.1289340857405085 51.506051433202536, -0.1287592395647283 51.506690666726655, -0.1295427001389611 51.50715934008888))",0,True,True,,0
8a195da49a17fff,35,35-0-2,10,2,51.50792610134062,-0.13206801216610556,75.864,"POLYGON ((-0.1318931906096755 51.50856533606242, -0.1328515390843151 51.508394758327114, -0.1330263508357544 51.507755518452875, -0.1322428300733116 51.50728686176555, -0.131284503372956 51.50745744033456, -0.1311096756610809 51.50809667475713, -0.1318931906096755 51.50856533606242))",0,True,True,,8
8a195da49a1ffff,35,35-0-3,10,2,51.50681820105883,-0.13145932743550073,75.864,"POLYGON ((-0.131284503372956 51.50745744033456, -0.1322428300733116 51.50728686176555, -0.1324176443313875 51.506647617337336, -0.1316341478489008 51.50617895692997, -0.1306758429220498 51.50634953633296, -0.1305010127045281 51.5069887753093, -0.131284503372956 51.50745744033456))",0,True,True,,1
8a195da49a27fff,35,35-0-4,10,2,51.50843779317675,-0.12919300914713025,75.864,"POLYGON ((-0.1290181581766232 51.50907701244066, -0.1299765001553075 51.50890646311906, -0.1301513413212587 51.508267238702466, -0.1293678564678731 51.50779856905944, -0.1284095362642152 51.50796911921553, -0.1282346791392534 51.50860833818008, -0.1290181581766232 51.50907701244066))",0,True,True,,1
8a195da49a2ffff,35,35-0-5,10,2,51.507329895397696,-0.12858438973933703,75.864,"POLYGON ((-0.1284095362642152 51.50796911921553, -0.1293678564678731 51.50779856905944, -0.1295427001389611 51.50715934008888, -0.1287592395647283 51.506690666726655, -0.1278009411353171 51.50686121771754, -0.1276260815062034 51.507500441235834, -0.1284095362642152 51.50796911921553))",7,True,True,,23
8a195da49a37fff,35,35-0-6,10,2,51.50873590432637,-0.13093484429983737,75.864,"POLYGON ((-0.1307600092890752 51.509375129042134, -0.1317183654039324 51.50920456593078, -0.1318931906096755 51.50856533606242, -0.1311096756610809 51.50809667475713, -0.1301513413212587 51.508267238702466, -0.1299765001553075 51.50890646311906, -0.1307600092890752 51.509375129042134))",0,True,True,,7
8a195da49b07fff,35,35-4-0,10,2,51.51035543640774,-0.1286684452858739,75.864,"POLYGON ((-0.128493583365418 51.510994641110685, -0.1294519547588501 51.51082410724747, -0.1296268068741998 51.510184897391696, -0.1288433035562579 51.509716226851, -0.127884953939352 51.509886761548714, -0.1277100858642142 51.510525965952574, -0.128493583365418 51.510994641110685))",0,True,True,,19
8a195da49b0ffff,35,35-4-1,10,2,51.50924755229117,-0.12805981836433716,75.864,"POLYGON ((-0.127884953939352 51.509886761548714, -0.1288433035562579 51.509716226851, -0.1290181581766232 51.50907701244066, -0.1282346791392534 51.50860833818008, -0.1272763512981195 51.508778873712565, -0.127101480718951 51.509418082670784, -0.127884953939352 51.509886761548714))",0,True,True,,5
8a195da49b17fff,35,35-4-2,10,2,51.510653563912896,-0.13041032831854232,75.864,"POLYGON ((-0.1302354823585784 51.511292774067606, -0.1311938678895985 51.511122226414194, -0.1313687040440032 51.51048301110679, -0.13058517062868 51.51001434890436, -0.1296268068741998 51.510184897391696, -0.1294519547588501 51.51082410724747, -0.1302354823585784 51.511292774067606))",0,True,True,,14
8a195da49b1ffff,35,35-4-3,10,2,51.50954568268219,-0.12980165533965762,75.864,"POLYGON ((-0.1296268068741998 51.510184897391696, -0.13058517062868 51.51001434890436, -0.1307600092890752 51.509375129042134, -0.1299765001553075 51.50890646311906, -0.1290181581766232 51.50907701244066, -0.1288433035562579 51.509716226851, -0.1296268068741998 51.510184897391696))",0,True,True,,11
8a195da49b27fff,35,35-4-4,10,2,51.511165165502646,-0.12753521413879385,75.864,"POLYGON ((-0.1273603387629612 51.51180436019877, -0.1283187177947248 51.51163384095978, -0.128493583365418 51.510994641110685, -0.1277100858642142 51.510525965952574, -0.1267517286097479 51.51069648602633, -0.1265768470794996 51.511335680423414, -0.1273603387629612 51.51180436019877))",7,True,True,,25
8a195da49b2ffff,35,35-4-5,10,2,51.51005728677542,-0.1269266064895184,75.864,"POLYGON ((-0.1267517286097479 51.51069648602633, -0.1277100858642142 51.510525965952574, -0.127884953939352 51.509886761548714, -0.127101480718951 51.509418082670784, -0.1261431452409716 51.509588603579616, -0.1259682612072586 51.51022780253124, -0.1267517286097479 51.51069648602633))",0,True,True,,10
8a195da49b37fff,35,35-4-6,10,2,51.51146331224941,-0.129277098993443,75.864,"POLYGON ((-0.129102239577905 51.512102512397384, -0.1300606327486532 51.51193197936837, -0.1302354823585784 51.511292774067606, -0.1294519547588501 51.51082410724747, -0.128493583365418 51.510994641110685, -0.1283187177947248 51.51163384095978, -0.129102239577905 51.512102512397384))",7,True,True,,41
8a195da49b47fff,35,35-5-0,10,2,51.50784150450049,-0.12570947154146456,75.864,"POLYGON ((-0.1255345886550603 51.50848071285969, -0.1264929023572816 51.50831019111555, -0.1266677754400718 51.50767097760337, -0.1258843507775983 51.50720229128797, -0.1249260588503705 51.50737281386772, -0.1247511698109443 51.50801202192722, -0.1255345886550603 51.50848071285969))",0,True,True,,8
8a195da49b4ffff,35,35-5-1,10,2,51.50673360095497,-0.12510094423944526,75.864,"POLYGON ((-0.1249260588503705 51.50737281386772, -0.1258843507775983 51.50720229128797, -0.1260592263635554 51.50656307322226, -0.1252758259782678 51.50609438318915, -0.1243175558252334 51.50626490660477, -0.1241426642836149 51.50690411921759, -0.1249260588503705 51.50737281386772))",0,True,True,,7
8a195da49b57fff,35,35-5-2,10,2,51.50813965990088,-0.12745121822715866,75.864,"POLYGON ((-0.1272763512981195 51.508778873712565, -0.1282346791392534 51.50860833818008, -0.1284095362642152 51.50796911921553, -0.1276260815062034 51.507500441235834, -0.1266677754400718 51.50767097760337, -0.1264929023572816 51.50831019111555, -0.1272763512981195 51.508778873712565))",0,True,True,,2
8a195da49b5ffff,35,35-5-3,10,2,51.50703175923796,-0.12684264487275104,75.864,"POLYGON ((-0.1266677754400718 51.50767097760337, -0.1276260815062034 51.507500441235834, -0.1278009411353171 51.50686121771754, -0.1270175106554745 51.50639253601937, -0.1260592263635554 51.50656307322226, -0.1258843507775983 51.50720229128797, -0.1266677754400718 51.50767097760337))",7,True,True,,26
8a195da49b67fff,35,35-5-4,10,2,51.508651225133384,-0.12457627712106253,75.864,"POLYGON ((-0.124401380780626 51.50929042348608, -0.125359702118271 51.50911991636547, -0.1255345886550603 51.50848071285969, -0.1247511698109443 51.50801202192722, -0.123792870249023 51.50818252988369, -0.1236179677558104 51.50882172793671, -0.124401380780626 51.50929042348608))",0,True,True,,9
8a195da49b6ffff,35,35-5-5,10,2,51.50754332697728,-0.12396776909156926,75.864,"POLYGON ((-0.123792870249023 51.50818252988369, -0.1247511698109443 51.50801202192722, -0.1249260588503705 51.50737281386772, -0.1241426642836149 51.50690411921759, -0.1231843864966271 51.50707462801025, -0.1230094815017677 51.50771383061678, -0.123792870249023 51.50818252988369))",0,True,True,,7
8a195da49b77fff,35,35-5-6,10,2,51.50894939977432,-0.1263180256242813,75.864,"POLYGON ((-0.1261431452409716 51.509588603579616, -0.127101480718951 51.509418082670784, -0.1272763512981195 51.508778873712565, -0.1264929023572816 51.50831019111555, -0.1255345886550603 51.50848071285969, -0.125359702118271 51.50911991636547, -0.1261431452409716 51.509588603579616))",0,True,True,,11
8a195da49b87fff,35,35-6-0,10,2,51.51014187707976,-0.13328546199002547,75.864,"POLYGON ((-0.1331106454472098 51.51078110269232, -0.134069037472721 51.510610526623594, -0.134243844209563 51.509971295858584, -0.1334602748835806 51.5095026466135, -0.1325019046338772 51.50967322351536, -0.1323270819346699 51.51031244882912, -0.1331106454472098 51.51078110269232))",0,True,True,,11
8a195da49b8ffff,35,35-6-1,10,2,51.50903399334799,-0.13267672368373262,75.864,"POLYGON ((-0.1325019046338772 51.50967322351536, -0.1334602748835806 51.5095026466135, -0.1336350841279334 51.50886341129366, -0.1328515390843151 51.508394758327114, -0.1318931906096755 51.50856533606242, -0.1317183654039324 51.50920456593078, -0.1325019046338772 51.50967322351536))",0,True,True,,15
8a195da49b97fff,35,35-6-2,10,2,51.510439941082865,-0.13502743166202344,75.864,"POLYGON ((-0.1348526310822817 51.511079172146495, -0.1358110372412646 51.51090858228601, -0.1359858280145593 51.51026934607004, -0.1352022285927094 51.509800705165475, -0.134243844209563 51.509971295858584, -0.134069037472721 51.510610526623594, -0.1348526310822817 51.511079172146495))",0,True,True,,15
8a195da49b9ffff,35,35-6-3,10,2,51.50933206023989,-0.13441864729728878,75.864,"POLYGON ((-0.134243844209563 51.509971295858584, -0.1352022285927094 51.509800705165475, -0.1353770218744848 51.50916146439447, -0.1345934467360128 51.508692819767674, -0.1336350841279334 51.50886341129366, -0.1334602748835806 51.5095026466135, -0.134243844209563 51.509971295858584))",0,True,True,,7
8a195da49ba7fff,35,35-6-4,10,2,51.51095166928914,-0.13215225558598642,75.864,"POLYGON ((-0.1319774255877018 51.51159088489531, -0.1329358252549578 51.511420323451034, -0.1331106454472098 51.51078110269232, -0.1323270819346699 51.51031244882912, -0.1313687040440032 51.51048301110679, -0.1311938678895985 51.511122226414194, -0.1319774255877018 51.51159088489531))",7,True,True,,49
8a195da49baffff,35,35-6-5,10,2,51.50984379094562,-0.13154353654874135,75.864,"POLYGON ((-0.1313687040440032 51.51048301110679, -0.1323270819346699 51.51031244882912, -0.1325019046338772 51.50967322351536, -0.1317183654039324 51.50920456593078, -0.1307600092890752 51.509375129042134, -0.13058517062868 51.51001434890436, -0.1313687040440032 51.51048301110679))",0,True,True,,15
8a195da49bb7fff,35,35-6-6,10,2,51.5112497525348,-0.1338942270866585,75.864,"POLYGON ((-0.1337194130512457 51.51188897359213, -0.1346778268533699 51.51171839835625, -0.1348526310822817 51.511079172146495, -0.134069037472721 51.510610526623594, -0.1331106454472098 51.51078110269232, -0.1329358252549578 51.511420323451034, -0.1337194130512457 51.51188897359213))",0,True,True,,17
8a195da49007fff,59,59-0-0,10,2,51.509714188032554,-0.14251994088473238,75.864,"POLYGON ((-0.142345215112997 51.51035345545894, -0.1433036483678515 51.5101827949689, -0.1434783643317977 51.5095435223908, -0.1426946630087797 51.5090749157526, -0.1417362515283292 51.50924557707308, -0.1415615195968298 51.509884844201295, -0.142345215112997 51.51035345545894))",0,True,True,,4
8a195da4900ffff,59,59-0-1,10,2,51.5086063050914,-0.14191097981207498,75.864,"POLYGON ((-0.1417362515283292 51.50924557707308, -0.1426946630087797 51.5090749157526, -0.1428693814852534 51.50843563861917, -0.142085704448161 51.50796702825632, -0.1411273147413556 51.50813769040753, -0.1409525802983037 51.50877696209083, -0.1417362515283292 51.50924557707308))",0,True,True,,7
8a195da49017fff,59,59-0-2,10,2,51.51001212500562,-0.14426208378146232,75.864,"POLYGON ((-0.1440873739780044 51.51065139788174, -0.145045821358122 51.51048072359669, -0.1452205213533281 51.50984144556901, -0.1444367899374935 51.50937284727588, -0.1434783643317977 51.5095435223908, -0.1433036483678515 51.5101827949689, -0.1440873739780044 51.51065139788174))",0,True,True,,5
8a195da4901ffff,59,59-0-3,10,2,51.50890424495916,-0.1436530766482413,75.864,"POLYGON ((-0.1434783643317977 51.5095435223908, -0.1444367899374935 51.50937284727588, -0.144611492446187 51.50873356469264, -0.1438277853172813 51.50826496267408, -0.1428693814852534 51.50843563861917, -0.1426946630087797 51.5090749157526, -0.1434783643317977 51.5095435223908))",0,True,True,,13
8a195da49027fff,59,59-0-4,10,2,51.5105241064759,-0.14138678401743143,75.864,"POLYGON ((-0.1412120447900708 51.51116336389677, -0.1421704856934592 51.51099271803166, -0.142345215112997 51.51035345545894, -0.1415615195968298 51.509884844201295, -0.1406031004685915 51.51005549089712, -0.1404283550817123 51.51069474801983, -0.1412120447900708 51.51116336389677))",0,True,True,,2
8a195da4902ffff,59,59-0-5,10,2,51.50941622892073,-0.14077784220741713,75.864,"POLYGON ((-0.1406031004685915 51.51005549089712, -0.1415615195968298 51.509884844201295, -0.1417362515283292 51.50924557707308, -0.1409525802983037 51.50877696209083, -0.1399941829444566 51.50894760961763, -0.139819435046596 51.50958687129564, -0.1406031004685915 51.51005549089712))",0,True,True,,1
8a195da49037fff,59,59-0-6,10,2,51.51082206269332,-0.14312892875628794,75.864,"POLYGON ((-0.1429542054969775 51.51146132556401, -0.1439126605270051 51.51129066590409, -0.1440873739780044 51.51065139788174, -0.1433036483678515 51.5101827949689, -0.142345215112997 51.51035345545894, -0.1421704856934592 51.51099271803166, -0.1429542054969775 51.51146132556401))",0,True,True,,1
8a195da49047fff,59,59-1-0,10,2,51.50720044897334,-0.1395600389764987,75.864,"POLYGON ((-0.1393852922160424 51.50783972005947, -0.1403436677962677 51.507669071701415, -0.1405184047504268 51.507029795463424, -0.1397347820890931 51.5065611730341, -0.1387764282817051 51.50673182222373, -0.1386016753631298 51.507371093011045, -0.1393852922160424 51.50783972005947))",0,True,True,,8
8a195da4904ffff,59,59-1-1,10,2,51.50609254658337,-0.1389511775523322,75.864,"POLYGON ((-0.1387764282817051 51.50673182222373, -0.1397347820890931 51.5065611730341, -0.1399095215539196 51.505921892241886, -0.1391259231751156 51.5054532660901, -0.138167591139811 51.50562391611154, -0.137992835711533 51.50626319145291, -0.1387764282817051 51.50673182222373))",0,True,True,,8
8a195da49057fff,59,59-1-2,10,2,51.507498413870955,-0.14130204553667175,75.864,"POLYGON ((-0.1411273147413556 51.50813769040753, -0.142085704448161 51.50796702825632, -0.1422604254367172 51.507327746568016, -0.1414767726843821 51.5068591324812, -0.1405184047504268 51.507029795463424, -0.1403436677962677 51.507669071701415, -0.1411273147413556 51.50813769040753))",0,True,True,,6
8a195da4905ffff,59,59-1-3,10,2,51.50639051437239,-0.14069313805689915,75.864,"POLYGON ((-0.1405184047504268 51.507029795463424, -0.1414767726843821 51.5068591324812, -0.1416514961845909 51.50621984623843, -0.1408678677157836 51.50575122842838, -0.1399095215539196 51.505921892241886, -0.1397347820890931 51.5065611730341, -0.1405184047504268 51.507029795463424))",0,True,True,,3
8a195da49067fff,59,59-1-4,10,2,51.50801035894526,-0.1384269187965126,75.864,"POLYGON ((-0.1382521585817388 51.50864962002617, -0.1392105418076046 51.50847898629235, -0.1393852922160424 51.50783972005947, -0.1386016753631298 51.507371093011045, -0.1376433139108524 51.50754172757668, -0.1374685475382309 51.508180988358845, -0.1382521585817388 51.50864962002617))",0,True,True,,9
8a195da4906ffff,59,59-1-5,10,2,51.50690246194132,-0.1378180766352568,75.864,"POLYGON ((-0.1376433139108524 51.50754172757668, -0.1386016753631298 51.507371093011045, -0.1387764282817051 51.50673182222373, -0.137992835711533 51.50626319145291, -0.137034496032085 51.506433826850625, -0.1368597271502908 51.50707309218702, -0.1376433139108524 51.50754172757668))",0,True,True,,0
8a195da49077fff,59,59-1-6,10,2,51.50830834308618,-0.1401689271943175,75.864,"POLYGON ((-0.1399941829444566 51.50894760961763, -0.1409525802983037 51.50877696209083, -0.1411273147413556 51.50813769040753, -0.1403436677962677 51.507669071701415, -0.1393852922160424 51.50783972005947, -0.1392105418076046 51.50847898629235, -0.1399941829444566 51.50894760961763))",0,True,True,,5
8a195da490c7fff,59,59-3-0,10,2,51.50698638354422,-0.14417719171362403,75.864,"POLYGON ((-0.1440024903390425 51.50762567553575, -0.144960886522044 51.507454984966174, -0.1451355780894417 51.50681568782317, -0.1443518894411608 51.506347086699655, -0.1433935150302608 51.506517778099436, -0.1432188074958821 51.507157069792484, -0.1440024903390425 51.50762567553575))",0,True,True,,5
8a195da490cffff,59,59-3-1,10,2,51.50587848155343,-0.14356821891752902,75.864,"POLYGON ((-0.1433935150302608 51.506517778099436, -0.1443518894411608 51.506347086699655, -0.1445265835217162 51.50570778500216, -0.1437429191577603 51.50523918015458, -0.1427845665182386 51.50540987238482, -0.1426098564716466 51.50604916863214, -0.1433935150302608 51.506517778099436))",0,True,True,,1
8a195da490d7fff,59,59-3-2,10,2,51.50728428492359,-0.14591928486272002,75.864,"POLYGON ((-0.145744599455864 51.50792358236489, -0.1467030097613341 51.50775287800057, -0.1468776853605332 51.50711357540792, -0.1460939666227772 51.50664498262919, -0.1451355780894417 51.50681568782317, -0.144960886522044 51.507454984966174, -0.145744599455864 51.50792358236489))",0,True,True,,11
8a195da490dffff,59,59-3-3,10,2,51.506176385827146,-0.14531026600993896,75.864,"POLYGON ((-0.1451355780894417 51.50681568782317, -0.1460939666227772 51.50664498262919, -0.1462686447361144 51.50600567548181, -0.145484950283671 51.505537078978264, -0.1445265835217162 51.50570778500216, -0.1443518894411608 51.506347086699655, -0.1451355780894417 51.50681568782317))",0,True,True,,8
8a195da490e7fff,59,59-3-4,10,2,51.50779635663244,-0.1430440963142375,75.864,"POLYGON ((-0.1428693814852534 51.50843563861917, -0.1438277853172813 51.50826496267408, -0.1440024903390425 51.50762567553575, -0.1432188074958821 51.507157069792484, -0.1422604254367172 51.507327746568016, -0.142085704448161 51.50796702825632, -0.1428693814852534 51.50843563861917))",0,True,True,,7
8a195da490effff,59,59-3-5,10,2,51.50668846002659,-0.14243514277783748,75.864,"POLYGON ((-0.1422604254367172 51.507327746568016, -0.1432188074958821 51.507157069792484, -0.1433935150302608 51.506517778099436, -0.1426098564716466 51.50604916863214, -0.1416514961845909 51.50621984623843, -0.1414767726843821 51.5068591324812, -0.1422604254367172 51.507327746568016))",0,True,True,,3
8a195da490f7fff,59,59-3-6,10,2,51.508094277256035,-0.14478619130766224,75.864,"POLYGON ((-0.144611492446187 51.50873356469264, -0.1455699104020898 51.508562874952986, -0.145744599455864 51.50792358236489, -0.144960886522044 51.507454984966174, -0.1440024903390425 51.50762567553575, -0.1438277853172813 51.50826496267408, -0.144611492446187 51.50873356469264))",0,True,True,,5
8a195da49107fff,59,59-4-0,10,2,51.51244186417679,-0.14086255539096373,75.864,"POLYGON ((-0.140687805218968 51.51308110703572, -0.1416462755469214 51.512910476626324, -0.1418210159105334 51.51227122861545, -0.1410373019146232 51.51180261646377, -0.1400788533633405 51.51197324770385, -0.1399040970316188 51.51261249026487, -0.140687805218968 51.51308110703572))",0,True,True,,8
8a195da4910ffff,59,59-4-1,10,2,51.511334000288784,-0.14025360604667533,75.864,"POLYGON ((-0.1400788533633405 51.51197324770385, -0.1410373019146232 51.51180261646377, -0.1412120447900708 51.51116336389677, -0.1404283550817123 51.51069474801983, -0.1394699283063516 51.51086538009088, -0.1392951694637592 51.51150462720782, -0.1400788533633405 51.51197324770385))",0,True,True,,10
8a195da49117fff,59,59-4-2,10,2,51.512739836743485,-0.1426047480347393,75.864,"POLYGON ((-0.142430013831598 51.513379085052094, -0.1433884982875999 51.51320844084753, -0.1435632226819097 51.5125691873871, -0.1427794785898515 51.51210058358075, -0.1418210159105334 51.51227122861545, -0.1416462755469214 51.512910476626324, -0.142430013831598 51.513379085052094))",0,True,True,,11
8a195da4911ffff,59,59-4-3,10,2,51.51163197575051,-0.14199575262600436,75.864,"POLYGON ((-0.1418210159105334 51.51227122861545, -0.1427794785898515 51.51210058358075, -0.1429542054969775 51.51146132556401, -0.1421704856934592 51.51099271803166, -0.1412120447900708 51.51116336389677, -0.1410373019146232 51.51180261646377, -0.1418210159105334 51.51227122861545))",0,True,True,,3
8a195da49127fff,59,59-4-4,10,2,51.51325172797179,-0.1397293370514011,75.864,"POLYGON ((-0.1395545734225726 51.51389096082444, -0.1405130513985418 51.513720345040454, -0.140687805218968 51.51308110703572, -0.1399040970316188 51.51261249026487, -0.1389456408330719 51.51278310687982, -0.1387708710447684 51.513422339434634, -0.1395545734225726 51.51389096082444))",0,True,True,,16
8a195da4912ffff,59,59-4-5,10,2,51.51214386947084,-0.13912040697270414,75.864,"POLYGON ((-0.1389456408330719 51.51278310687982, -0.1399040970316188 51.51261249026487, -0.1400788533633405 51.51197324770385, -0.1392951694637592 51.51150462720782, -0.1383367350418803 51.511675244653986, -0.1381619627432311 51.51231448176491, -0.1389456408330719 51.51278310687982))",7,True,True,,22
8a195da49137fff,59,59-4-6,10,2,51.513549719783015,-0.1414715315350644,75.864,"POLYGON ((-0.1412967838748477 51.51418895808541, -0.1422552759802618 51.5140183285064, -0.142430013831598 51.513379085052094, -0.1416462755469214 51.512910476626324, -0.140687805218968 51.51308110703572, -0.1405130513985418 51.513720345040454, -0.1412967838748477 51.51418895808541))",0,True,True,,15
8a195da49147fff,59,59-5-0,10,2,51.509928127627695,-0.13790262720725846,75.864,"POLYGON ((-0.1377278560473281 51.510567374148046, -0.1386862686933288 51.51039675587037, -0.1388610300463623 51.50975750419792, -0.138077394718699 51.50928887625368, -0.1371190038478173 51.50945949536314, -0.136944226529827 51.51009874158501, -0.1377278560473281 51.510567374148046))",0,True,True,,7
8a195da4914ffff,59,59-5-1,10,2,51.508820244287705,-0.13729377751724203,75.864,"POLYGON ((-0.1371190038478173 51.50945949536314, -0.138077394718699 51.50928887625368, -0.1382521585817388 51.50864962002617, -0.1374685475382309 51.508180988358845, -0.1365101784416887 51.50835160830039, -0.1363353986146467 51.50899085907712, -0.1371190038478173 51.50945949536314))",0,True,True,,11
8a195da49157fff,59,59-5-2,10,2,51.5102261281201,-0.13964468350059067,75.864,"POLYGON ((-0.1394699283063516 51.51086538009088, -0.1404283550817123 51.51069474801983, -0.1406031004685915 51.51005549089712, -0.139819435046596 51.50958687129564, -0.1388610300463623 51.50975750419792, -0.1386862686933288 51.51039675587037, -0.1394699283063516 51.51086538009088))",0,True,True,,4
8a195da4915ffff,59,59-5-3,10,2,51.509118247671886,-0.1390357877510759,75.864,"POLYGON ((-0.1388610300463623 51.50975750419792, -0.139819435046596 51.50958687129564, -0.1399941829444566 51.50894760961763, -0.1392105418076046 51.50847898629235, -0.1382521585817388 51.50864962002617, -0.138077394718699 51.50928887625368, -0.1388610300463623 51.50975750419792))",0,True,True,,4
8a195da49167fff,59,59-5-4,10,2,51.510737982953216,-0.13676944556313608,75.864,"POLYGON ((-0.1365946609476659 51.51137721946764, -0.1375530812387986 51.51120661581464, -0.1377278560473281 51.510567374148046, -0.136944226529827 51.51009874158501, -0.1359858280145593 51.51026934607004, -0.1358110372412646 51.51090858228601, -0.1365946609476659 51.51137721946764))",0,True,True,,15
8a195da4916ffff,59,59-5-5,10,2,51.509630105000376,-0.1361606151389682,75.864,"POLYGON ((-0.1359858280145593 51.51026934607004, -0.136944226529827 51.51009874158501, -0.1371190038478173 51.50945949536314, -0.1363353986146467 51.50899085907712, -0.1353770218744848 51.50916146439447, -0.1352022285927094 51.509800705165475, -0.1359858280145593 51.51026934607004))",0,True,True,,15
8a195da49177fff,59,59-5-6,10,2,51.511036002689096,-0.13851150369186108,75.864,"POLYGON ((-0.1383367350418803 51.511675244653986, -0.1392951694637592 51.51150462720782, -0.1394699283063516 51.51086538009088, -0.1386862686933288 51.51039675587037, -0.1377278560473281 51.510567374148046, -0.1375530812387986 51.51120661581464, -0.1383367350418803 51.511675244653986))",0,True,True,,6
8a195da49187fff,59,59-6-0,10,2,51.51222786025328,-0.1454801784521327,75.864,"POLYGON ((-0.1453054736759508 51.512867124017085, -0.1462639646072045 51.51269645139101, -0.1464386595741462 51.51205718247562, -0.145654879580816 51.511588591635466, -0.1446964104255073 51.51175926509086, -0.1445216994878952 51.512398528557085, -0.1453054736759508 51.512867124017085))",0,True,True,,8
8a195da4918ffff,59,59-6-1,10,2,51.511119996770695,-0.14487111771555491,75.864,"POLYGON ((-0.1446964104255073 51.51175926509086, -0.145654879580816 51.511588591635466, -0.1458295770621099 51.51094931816371, -0.145045821358122 51.51048072359669, -0.1440873739780044 51.51065139788174, -0.1439126605270051 51.51129066590409, -0.1446964104255073 51.51175926509086))",0,True,True,,7
8a195da49197fff,59,59-6-2,10,2,51.51252576929086,-0.1472224576958533,75.864,"POLYGON ((-0.1470477688910762 51.513165038503644, -0.1480062739462858 51.512994352080796, -0.1481809529413394 51.51235507771656, -0.1473971428533727 51.51188649522399, -0.1464386595741462 51.51205718247562, -0.1462639646072045 51.51269645139101, -0.1470477688910762 51.513165038503644))",0,True,True,,5
8a195da4919ffff,59,59-6-3,10,2,51.51141790870627,-0.14661335089373378,75.864,"POLYGON ((-0.1464386595741462 51.51205718247562, -0.1473971428533727 51.51188649522399, -0.1475718243637387 51.51124721630318, -0.1467880385661174 51.510778630083024, -0.1458295770621099 51.51094931816371, -0.145654879580816 51.511588591635466, -0.1464386595741462 51.51205718247562))",0,True,True,,1
8a195da491a7fff,59,59-6-4,10,2,51.513037787169225,-0.14434698490256329,75.864,"POLYGON ((-0.1441722666694277 51.51367704092717, -0.1451307652521148 51.51350638292671, -0.1453054736759508 51.512867124017085, -0.1445216994878952 51.512398528557085, -0.1435632226819097 51.5125691873871, -0.1433884982875999 51.51320844084753, -0.1441722666694277 51.51367704092717))",0,True,True,,2
8a195da491affff,59,59-6-5,10,2,51.511929929072586,-0.14373794342835017,75.864,"POLYGON ((-0.1435632226819097 51.5125691873871, -0.1445216994878952 51.512398528557085, -0.1446964104255073 51.51175926509086, -0.1439126605270051 51.51129066590409, -0.1429542054969775 51.51146132556401, -0.1427794785898515 51.51210058358075, -0.1435632226819097 51.5125691873871))",0,True,True,,6
8a195da491b7fff,59,59-6-6,10,2,51.513335715452236,-0.1460892659928298,75.864,"POLYGON ((-0.145914563730918 51.51397497465926, -0.1468730764389319 51.5138043028622, -0.1470477688910762 51.513165038503644, -0.1462639646072045 51.51269645139101, -0.1453054736759508 51.512867124017085, -0.1451307652521148 51.51350638292671, -0.145914563730918 51.51397497465926))",0,True,True,,2
8a195da49707fff,84,84-4-0,10,2,51.50677212795681,-0.14879449282546853,75.864,"POLYGON ((-0.1486198368420422 51.50741144085191, -0.1495782536162008 51.5072407080674, -0.1497528997915314 51.50660139002117, -0.148969145162647 51.506132810208676, -0.1480107501598992 51.50630354382206, -0.1478360880149669 51.50694285641901, -0.1486198368420422 51.50741144085191))",0,True,True,,3
8a195da4970ffff,84,84-4-1,10,2,51.505664226372204,-0.14818540865849245,75.864,"POLYGON ((-0.1480107501598992 51.50630354382206, -0.148969145162647 51.506132810208676, -0.1491437938536667 51.5054934876077, -0.1483600635108917 51.50502490406954, -0.1474016902787959 51.50519563851205, -0.1472270256191446 51.50583495566354, -0.1480107501598992 51.50630354382206))",0,True,True,,3
8a195da49717fff,84,84-4-2,10,2,51.50706996580925,-0.15053667254551445,75.864,"POLYGON ((-0.1503620325323987 51.507709284153485, -0.1513204634249241 51.50753853757262, -0.1514950936294867 51.50689921407738, -0.1507113089126389 51.506430642611996, -0.1497528997915314 51.50660139002117, -0.1495782536162008 51.5072407080674, -0.1503620325323987 51.507709284153485))",0,True,True,,0
8a195da4971ffff,84,84-4-3,10,2,51.50596206712197,-0.14992754232079455,75.864,"POLYGON ((-0.1497528997915314 51.50660139002117, -0.1507113089126389 51.506430642611996, -0.1508859416338506 51.50579131456179, -0.1501021812041098 51.50532273936994, -0.1491437938536667 51.5054934876077, -0.148969145162647 51.506132810208676, -0.1497528997915314 51.50660139002117))",0,True,True,,4
8a195da49727fff,84,84-4-4,10,2,51.507582164162955,-0.14766142222356068,75.864,"POLYGON ((-0.1474867527856578 51.50822146705372, -0.1484451772122436 51.50805074889394, -0.1486198368420422 51.50741144085191, -0.1478360880149669 51.50694285641901, -0.1468776853605332 51.50711357540792, -0.1467030097613341 51.50775287800057, -0.1474867527856578 51.50822146705372))",0,True,True,,3
8a195da4972ffff,84,84-4-5,10,2,51.50647426796219,-0.14705235731309346,75.864,"POLYGON ((-0.1468776853605332 51.50711357540792, -0.1478360880149669 51.50694285641901, -0.1480107501598992 51.50630354382206, -0.1472270256191446 51.50583495566354, -0.1462686447361144 51.50600567548181, -0.1460939666227772 51.50664498262919, -0.1468776853605332 51.50711357540792))",7,True,True,,24
8a195da49737fff,84,84-4-6,10,2,51.50788002126058,-0.14940360379465778,75.864,"POLYGON ((-0.1492289503268387 51.50851932960054, -0.150187388873177 51.50834859764457, -0.1503620325323987 51.507709284153485, -0.1495782536162008 51.5072407080674, -0.1486198368420422 51.50741144085191, -0.1484451772122436 51.50805074889394, -0.1492289503268387 51.50851932960054))",0,True,True,,1
8a195da49407fff,90,90-0-0,10,2,51.5117992818332,-0.15471586968370424,75.864,"POLYGON ((-0.1545412557149178 51.51243858740135, -0.1554997878179538 51.51226783033157, -0.1556743919756918 51.5116285196126, -0.154890480006597 51.511159971411125, -0.1539319696780874 51.5113307293075, -0.1537573495444727 51.51197003457868, -0.1545412557149178 51.51243858740135))",0,True,True,,2
8a195da4940ffff,90,90-0-1,10,2,51.51069141918249,-0.15410658616573222,75.864,"POLYGON ((-0.1539319696780874 51.5113307293075, -0.154890480006597 51.511159971411125, -0.1550650866836901 51.51052065613527, -0.1542811990075064 51.5100521042038, -0.1533227104527747 51.510222862927066, -0.1531480878007651 51.5108621727549, -0.1539319696780874 51.5113307293075))",0,True,True,,1
8a195da49417fff,90,90-0-2,10,2,51.51209706378653,-0.1564583220733547,75.864,"POLYGON ((-0.156283724081159 51.5127363748023, -0.1572422702999188 51.512565603932586, -0.1574168584805881 51.51192628776611, -0.1566329164198979 51.51145774791679, -0.1556743919756918 51.5116285196126, -0.1554997878179538 51.51226783033157, -0.156283724081159 51.5127363748023))",0,True,True,,1
8a195da4941ffff,90,90-0-3,10,2,51.510989204039724,-0.15584899248771636,75.864,"POLYGON ((-0.1556743919756918 51.5116285196126, -0.1566329164198979 51.51145774791679, -0.1568075071208878 51.510818427193236, -0.1560235893541166 51.510349883613124, -0.1550650866836901 51.51052065613527, -0.154890480006597 51.511159971411125, -0.1556743919756918 51.5116285196126))",0,True,True,,1
8a195da49427fff,90,90-0-4,10,2,51.51260933499593,-0.1535827257647532,75.864,"POLYGON ((-0.1534080983388503 51.513248630559104, -0.1543666381000924 51.513077888115475, -0.1545412557149178 51.51243858740135, -0.1537573495444727 51.51197003457868, -0.1527988315585038 51.51214077784923, -0.152624197968013 51.51278007311547, -0.1534080983388503 51.513248630559104))",0,True,True,,13
8a195da4942ffff,90,90-0-5,10,2,51.51150147772899,-0.15297346150271468,75.864,"POLYGON ((-0.1527988315585038 51.51214077784923, -0.1537573495444727 51.51197003457868, -0.1539319696780874 51.5113307293075, -0.1531480878007651 51.5108621727549, -0.1521895915893157 51.51103291685258, -0.1520149554810059 51.511672216675656, -0.1527988315585038 51.51214077784923))",0,True,True,,5
8a195da49437fff,90,90-0-6,10,2,51.51290713619657,-0.15532518001438295,75.864,"POLYGON ((-0.1551505685648749 51.51354643720746, -0.1561091224432166 51.51337568096401, -0.156283724081159 51.5127363748023, -0.1554997878179538 51.51226783033157, -0.1545412557149178 51.51243858740135, -0.1543666381000924 51.513077888115475, -0.1551505685648749 51.51354643720746))",0,True,True,,3
8a195da49507fff,90,90-4-0,10,2,51.51452720712278,-0.15305883254796923,75.864,"POLYGON ((-0.1528841941827776 51.51516648812303, -0.153842763378432 51.514995761132454, -0.1540173919319742 51.51435647498116, -0.1532334672666135 51.51388792126811, -0.1522749198477739 51.51405864908554, -0.152100275317812 51.514697929789094, -0.1528841941827776 51.51516648812303))",0,True,True,,16
8a195da4950ffff,90,90-4-1,10,2,51.513419363527625,-0.15244956073114285,75.864,"POLYGON ((-0.1522749198477739 51.51405864908554, -0.1532334672666135 51.51388792126811, -0.1534080983388503 51.513248630559104, -0.152624197968013 51.51278007311547, -0.1516656723252088 51.51295080176004, -0.151491025277528 51.51359008702106, -0.1522749198477739 51.51405864908554))",0,True,True,,17
8a195da49517fff,90,90-4-2,10,2,51.51482502466638,-0.1548013347275428,75.864,"POLYGON ((-0.1546267123395154 51.515464311114194, -0.1555852956536728 51.515293570323465, -0.1557599082295727 51.51465427872473, -0.1549759534692945 51.51418573336409, -0.1540173919319742 51.51435647498116, -0.153842763378432 51.514995761132454, -0.1546267123395154 51.515464311114194))",0,True,True,,1
8a195da4951ffff,90,90-4-3,10,2,51.513717183975444,-0.1541920168391443,75.864,"POLYGON ((-0.1540173919319742 51.51435647498116, -0.1549759534692945 51.51418573336409, -0.1551505685648749 51.51354643720746, -0.1543666381000924 51.513077888115475, -0.1534080983388503 51.513248630559104, -0.1532334672666135 51.51388792126811, -0.1540173919319742 51.51435647498116))",0,True,True,,7
8a195da49527fff,90,90-4-4,10,2,51.51533720563822,-0.15192562714110702,75.864,"POLYGON ((-0.1517509753175851 51.51597647663273, -0.1527095521709494 51.515805764268734, -0.1528841941827776 51.51516648812303, -0.152100275317812 51.514697929789094, -0.1511417202420042 51.51486864298023, -0.1509670622539321 51.515507913678114, -0.1517509753175851 51.51597647663273))",0,True,True,,8
8a195da4952ffff,90,90-4-5,10,2,51.51422936742784,-0.15131637458316294,75.864,"POLYGON ((-0.1511417202420042 51.51486864298023, -0.152100275317812 51.514697929789094, -0.1522749198477739 51.51405864908554, -0.151491025277528 51.51359008702106, -0.1505324919785279 51.5137608010396, -0.1503578314733181 51.51440007629512, -0.1511417202420042 51.51486864298023))",0,True,True,,13
8a195da49537fff,90,90-4-6,10,2,51.51563504242926,-0.15366813117842337,75.864,"POLYGON ((-0.1534934953318697 51.516274318871396, -0.1544520863050978 51.516103592707395, -0.1546267123395154 51.515464311114194, -0.153842763378432 51.514995761132454, -0.1528841941827776 51.51516648812303, -0.1527095521709494 51.515805764268734, -0.1534934953318697 51.516274318871396))",0,True,True,,0
8a195da49587fff,90,90-6-0,10,2,51.514312758414135,-0.15767706169030618,75.864,"POLYGON ((-0.157502468739064 51.5149520603145, -0.1584610585092435 51.51478129109608, -0.1586356416479348 51.51414198404501, -0.1578516509958241 51.51367345165939, -0.1568930830017416 51.51384422170332, -0.1567184838840046 51.51448352330733, -0.157502468739064 51.5149520603145))",0,True,True,,7
8a195da4958ffff,90,90-6-1,10,2,51.51320491524505,-0.15706767847367312,75.864,"POLYGON ((-0.1568930830017416 51.51384422170332, -0.1578516509958241 51.51367345165939, -0.1580262366557273 51.51303414005041, -0.1572422702999188 51.512565603932586, -0.156283724081159 51.5127363748023, -0.1561091224432166 51.51337568096401, -0.1568930830017416 51.51384422170332))",0,True,True,,4
8a195da49597fff,90,90-6-2,10,2,51.514610512401525,-0.159419650430374,75.864,"POLYGON ((-0.159245073458866 51.51524981974879, -0.1602036773434287 51.51507903672861, -0.1603782445019132 51.51443972423077, -0.1595942237563889 51.513971200199855, -0.1586356416479348 51.51414198404501, -0.1584610585092435 51.51478129109608, -0.159245073458866 51.51524981974879))",0,True,True,,2
8a195da4959ffff,90,90-6-3,10,2,51.51350267213962,-0.1588102211411029,75.864,"POLYGON ((-0.1586356416479348 51.51414198404501, -0.1595942237563889 51.513971200199855, -0.1597687934370457 51.513331883143906, -0.1589847969888162 51.51286335538002, -0.1580262366557273 51.51303414005041, -0.1578516509958241 51.51367345165939, -0.1586356416479348 51.51414198404501))",0,True,True,,6
8a195da495a7fff,90,90-6-4,10,2,51.51512282005694,-0.15654388112035794,75.864,"POLYGON ((-0.1563692747106819 51.51576211195201, -0.1573278721419679 51.51559135736038, -0.157502468739064 51.5149520603145, -0.1567184838840046 51.51448352330733, -0.1557599082295727 51.51465427872473, -0.1555852956536728 51.515293570323465, -0.1563692747106819 51.51576211195201))",0,True,True,,2
8a195da495affff,90,90-6-5,10,2,51.514014982271526,-0.15593451715937737,75.864,"POLYGON ((-0.1557599082295727 51.51465427872473, -0.1567184838840046 51.51448352330733, -0.1568930830017416 51.51384422170332, -0.1561091224432166 51.51337568096401, -0.1551505685648749 51.51354643720746, -0.1549759534692945 51.51418573336409, -0.1557599082295727 51.51465427872473))",0,True,True,,3
8a195da495b7fff,90,90-6-6,10,2,51.515420593292674,-0.15828647172486315,75.864,"POLYGON ((-0.1581118812947357 51.51605989063471, -0.1590704928417912 51.51588912224151, -0.159245073458866 51.51524981974879, -0.1584610585092435 51.51478129109608, -0.157502468739064 51.5149520603145, -0.1573278721419679 51.51559135736038, -0.1581118812947357 51.51605989063471))",0,True,True,,6
8a194ad06747fff,119,119-5-0,10,2,51.47054903290472,-0.07214142122972307,75.864,"POLYGON ((-0.0719661341743019 51.471188253902426, -0.0729235412511836 51.4710179977242, -0.0730988185270266 51.470378771570694, -0.0723167046306745 51.469909807060475, -0.0713593193066665 51.47008006409368, -0.0711840261264632 51.47071928478207, -0.0719661341743019 51.471188253902426))",0,True,True,,0
8a194ad0674ffff,119,119-5-1,10,2,51.46944083855884,-0.07153460883230456,75.864,"POLYGON ((-0.0713593193066665 51.47008006409368, -0.0723167046306745 51.469909807060475, -0.0724919843772502 51.46927057636986, -0.0717098947035225 51.46880160817772, -0.0707525311315778 51.46897186606618, -0.070577235481629 51.46961109129148, -0.0713593193066665 51.47008006409368))",0,True,True,,0
8a194ad06757fff,119,119-5-2,10,2,51.470847732089155,-0.07388095052167412,75.864,"POLYGON ((-0.0737056793713462 51.47148695855182, -0.074663100614997 51.4713166886155, -0.0748383619852934 51.47067745699719, -0.0740562180177865 51.47020850077995, -0.0730988185270266 51.470378771570694, -0.0729235412511836 51.4710179977242, -0.0737056793713462 51.47148695855182))",0,True,True,,0
8a194ad0675ffff,119,119-5-3,10,2,51.469739540570735,-0.07327409214856874,75.864,"POLYGON ((-0.0730988185270266 51.470378771570694, -0.0740562180177865 51.47020850077995, -0.0742314818597975 51.46956926462429, -0.0734493621159244 51.4691003047244, -0.0724919843772502 51.46927057636986, -0.0723167046306745 51.469909807060475, -0.0730988185270266 51.470378771570694))",0,True,True,,1
8a194ad06767fff,119,119-5-4,10,2,51.47135850062393,-0.07100872929161127,75.864,"POLYGON ((-0.0708334288019656 51.4719977116191, -0.0717908434642866 51.47182747005351, -0.0719661341743019 51.471188253902426, -0.0711840261264632 51.47071928478207, -0.0702266332177375 51.47088952720291, -0.0700513266035816 51.47152873788882, -0.0708334288019656 51.4719977116191))",0,True,True,,13
8a194ad0676ffff,119,119-5-5,10,2,51.47025031167042,-0.07040193617704509,75.864,"POLYGON ((-0.0702266332177375 51.47088952720291, -0.0711840261264632 51.47071928478207, -0.0713593193066665 51.47008006409368, -0.070577235481629 51.46961109129148, -0.0696198643257339 51.46978133456782, -0.069444555242367 51.47042054979083, -0.0702266332177375 51.47088952720291))",0,True,True,,4
8a194ad06777fff,119,119-5-6,10,2,51.47165721903112,-0.07274826032093065,75.864,"POLYGON ((-0.0725729757361687 51.47229643549131, -0.0735304045666578 51.47212618016778, -0.0737056793713462 51.47148695855182, -0.0729235412511836 51.4710179977242, -0.0719661341743019 51.471188253902426, -0.0717908434642866 51.47182747005351, -0.0725729757361687 51.47229643549131))",0,True,True,,0
8a195da4b247fff,151,151-1-0,10,2,51.49794252681468,-0.1676162983256829,75.864,"POLYGON ((-0.1674418516923978 51.498581976083784, -0.1684002188893666 51.49841102641253, -0.1685746557136491 51.497771571994086, -0.1677907413170287 51.49730307269433, -0.1668323958825036 51.49747402318964, -0.166657943082502 51.49811347216064, -0.1674418516923978 51.498581976083784))",0,True,True,,0
8a195da4b24ffff,151,151-1-1,10,2,51.49683456936751,-0.16700684504046928,75.864,"POLYGON ((-0.1668323958825036 51.49747402318964, -0.1677907413170287 51.49730307269433, -0.1679651806664935 51.49666361372288, -0.167181290556488 51.4961951106944, -0.1662229668836486 51.496366062014054, -0.1660485115594451 51.497005515537836, -0.1668323958825036 51.49747402318964))",0,True,True,,2
8a195da4b257fff,151,151-1-2,10,2,51.49824006726647,-0.16935858823067856,75.864,"POLYGON ((-0.1691841575738058 51.49887952198288, -0.1701425388684342 51.4987085585111, -0.1703169597158224 51.49806909864554, -0.1695330152458282 51.49760060769883, -0.1685746557136491 51.497771571994086, -0.1684002188893666 51.49841102641253, -0.1691841575738058 51.49887952198288))",0,True,True,,0
8a195da4b25ffff,151,151-1-3,10,2,51.497132112724465,-0.16874908889615758,75.864,"POLYGON ((-0.1685746557136491 51.497771571994086, -0.1695330152458282 51.49760060769883, -0.1697074386193537 51.49696114328002, -0.168923518436981 51.4964926486038, -0.1679651806664935 51.49666361372288, -0.1677907413170287 51.49730307269433, -0.1685746557136491 51.497771571994086))",0,True,True,,1
8a195da4b267fff,151,151-1-4,10,2,51.498752916280374,-0.1664834866403601,75.864,"POLYGON ((-0.166309026555933 51.499392355548736, -0.1672674014170336 51.49922142050157, -0.1674418516923978 51.498581976083784, -0.166657943082502 51.49811347216064, -0.1656995899845973 51.49828440803211, -0.1655251237337138 51.498923847002374, -0.166309026555933 51.499392355548736))",0,True,True,,7
8a195da4b26ffff,151,151-1-5,10,2,51.497644964210565,-0.16587405259312943,75.864,"POLYGON ((-0.1656995899845973 51.49828440803211, -0.166657943082502 51.49811347216064, -0.1668323958825036 51.49747402318964, -0.1660485115594451 51.497005515537836, -0.1650901802239579 51.49717645223391, -0.1649157114494277 51.497815895757164, -0.1656995899845973 51.49828440803211))",0,True,True,,8
8a195da4b277fff,151,151-1-6,10,2,51.499050475979644,-0.1682257784231701,75.864,"POLYGON ((-0.1680513343149707 51.49968992069537, -0.1690097232751156 51.49951897184789, -0.1691841575738058 51.49887952198288, -0.1684002188893666 51.49841102641253, -0.1674418516923978 51.498581976083784, -0.1672674014170336 51.49922142050157, -0.1680513343149707 51.49968992069537))",0,True,True,,0
8a194ada5847fff,190,190-1-0,10,2,51.4922691110901,-0.17554538888936358,75.864,"POLYGON ((-0.1753710364046046 51.4929086303568, -0.1763293499348629 51.49273757831942, -0.1765036926109153 51.492098053904236, -0.1757197377342487 51.49162958697329, -0.1747614459611477 51.4918006398329, -0.1745870873078822 51.492440158801195, -0.1753710364046046 51.4929086303568))",0,True,True,,0
8a194ada584ffff,190,190-1-1,10,2,51.49116111601458,-0.17493580097442218,75.864,"POLYGON ((-0.1747614459611477 51.4918006398329, -0.1757197377342487 51.49162958697329, -0.1758940829393133 51.490990058006474, -0.175110152347815 51.49052158734637, -0.1741518823311086 51.49069264102852, -0.1739775211498268 51.49133216454819, -0.1747614459611477 51.4918006398329))",0,True,True,,0
8a194ada5857fff,190,190-1-2,10,2,51.49256651680709,-0.17728766560479534,75.864,"POLYGON ((-0.1771133290979218 51.4932060415205, -0.178071656716175 51.49303497568144, -0.1782459834138501 51.49239544581967, -0.177461998472001 51.49192698724348, -0.1765036926109153 51.492098053904236, -0.1763293499348629 51.49273757831942, -0.1771133290979218 51.4932060415205))",0,True,True,,11
8a194ada585ffff,190,190-1-3,10,2,51.491458524638986,-0.17667803164724918,75.864,"POLYGON ((-0.1765036926109153 51.492098053904236, -0.177461998472001 51.49192698724348, -0.177636327699633 51.491287452829894, -0.1768523670439686 51.49081899052377, -0.1758940829393133 51.490990058006474, -0.1757197377342487 51.49162958697329, -0.1765036926109153 51.492098053904236))",0,True,True,,0
8a194ada5867fff,190,190-1-4,10,2,51.49307967291936,-0.17441272501453176,75.864,"POLYGON ((-0.1742383590809613 51.493719182187256, -0.1751966802798115 51.4935481447733, -0.1753710364046046 51.4929086303568, -0.1745870873078822 51.492440158801195, -0.1736287878669876 51.492611197037625, -0.1734544157652012 51.49325070600714, -0.1742383590809613 51.493719182187256))",0,True,True,,4
8a194ada586ffff,190,190-1-5,10,2,51.49197168321793,-0.17380315632848792,75.864,"POLYGON ((-0.1736287878669876 51.492611197037625, -0.1745870873078822 51.492440158801195, -0.1747614459611477 51.4918006398329, -0.1739775211498268 51.49133216454819, -0.1730192434660689 51.4915032036074, -0.1728448688368212 51.492142717128495, -0.1736287878669876 51.492611197037625))",0,True,True,,0
8a194ada5877fff,190,190-1-6,10,2,51.49337709788443,-0.1761550036189517,75.864,"POLYGON ((-0.1759806536630929 51.49401661259911, -0.1769389889512711 51.49384556138366, -0.1771133290979218 51.4932060415205, -0.1763293499348629 51.49273757831942, -0.1753710364046046 51.4929086303568, -0.1751966802798115 51.4935481447733, -0.1759806536630929 51.49401661259911))",7,True,True,,24
8a194ada5887fff,190,190-2-0,10,2,51.49456657616244,-0.18312455957652363,75.864,"POLYGON ((-0.1829502735433707 51.49520611266132, -0.1839086651753867 51.49503500623274, -0.1840829413974557 51.49439546458588, -0.1832988419707574 51.49392703481304, -0.1823404720967323 51.49409814206139, -0.1821661798917355 51.49473767826279, -0.1829502735433707 51.49520611266132))",0,True,True,,9
8a194ada588ffff,190,190-2-1,10,2,51.493458601009586,-0.1825147606627283,75.864,"POLYGON ((-0.1823404720967323 51.49409814206139, -0.1832988419707574 51.49392703481304, -0.1834731207261764 51.49328748861325, -0.1826890455898177 51.492819055107496, -0.1817306974730157 51.49299016317592, -0.1815564027356599 51.49362970392998, -0.1823404720967323 51.49409814206139))",0,True,True,,11
8a194ada5897fff,190,190-2-2,10,2,51.49486389032773,-0.18486705894318087,75.864,"POLYGON ((-0.184692788893664 51.49550343227192, -0.1856511946082243 51.495332312038265, -0.1858254548462012 51.494692764946215, -0.1850413253540206 51.494224343532984, -0.1840829413974557 51.49439546458588, -0.1839086651753867 51.49503500623274, -0.184692788893664 51.49550343227192))",0,True,True,,0
8a194ada589ffff,190,190-2-3,10,2,51.49375591808856,-0.18425721398079148,75.864,"POLYGON ((-0.1840829413974557 51.49439546458588, -0.1850413253540206 51.494224343532984, -0.1852155881262977 51.49358479188781, -0.1844314829254881 51.4931163667409, -0.1834731207261764 51.49328748861325, -0.1832988419707574 51.49392703481304, -0.1840829413974557 51.49439546458588))",0,True,True,,3
8a194ada58a7fff,190,190-2-4,10,2,51.49537720961364,-0.18199188404761854,75.864,"POLYGON ((-0.1818175845642769 51.49601673611381, -0.1827759838711536 51.4958456443096, -0.1829502735433707 51.49520611266132, -0.1821661798917355 51.49473767826279, -0.1812078023436229 51.494908770887015, -0.1810334966886923 51.495548297089755, -0.1818175845642769 51.49601673611381))",0,True,True,,4
8a194ada58affff,190,190-2-5,10,2,51.49426923983372,-0.1813821043592372,75.864,"POLYGON ((-0.1812078023436229 51.494908770887015, -0.1821661798917355 51.49473767826279, -0.1823404720967323 51.49409814206139, -0.1815564027356599 51.49362970392998, -0.1805980469455231 51.49380079737453, -0.1804237387587937 51.494440328130125, -0.1812078023436229 51.494908770887015))",0,True,True,,5
8a194ada58b7fff,190,190-2-6,10,2,51.49567454302901,-0.1837343853144496,75.864,"POLYGON ((-0.1835601018145502 51.49631407497455, -0.1845185152053554 51.496142969365444, -0.184692788893664 51.49550343227192, -0.1839086651753867 51.49503500623274, -0.1829502735433707 51.49520611266132, -0.1827759838711536 51.4958456443096, -0.1835601018145502 51.49631407497455))",0,True,True,,3
8a194ada5947fff,190,190-5-0,10,2,51.49499818617174,-0.17388961629278435,75.864,"POLYGON ((-0.1737152394379183 51.49563768088813, -0.1746735900641281 51.495466658920186, -0.1748479571096596 51.49482715905512, -0.1740639895070973 51.494358686604755, -0.1731056606403429 51.49452970939515, -0.1729312776170574 51.4951692038134, -0.1737152394379183 51.49563768088813))",7,True,True,,20
8a194ada594ffff,190,190-5-1,10,2,51.49389021012636,-0.17328004002301936,75.864,"POLYGON ((-0.1731056606403429 51.49452970939515, -0.1740639895070973 51.494358686604755, -0.1742383590809613 51.493719182187256, -0.1734544157652012 51.49325070600714, -0.1724961086571191 51.49342172962031, -0.1723217231064662 51.49406122859076, -0.1731056606403429 51.49452970939515))",0,True,True,,5
8a194ada5957fff,190,190-5-2,10,2,51.495295627477084,-0.17563194283107977,75.864,"POLYGON ((-0.1754575819546862 51.49593512764011, -0.1764159466716492 51.495764091870306, -0.1765902977382569 51.495124586558674, -0.175806300067167 51.49465612246337, -0.1748479571096596 51.49482715905512, -0.1746735900641281 51.495466658920186, -0.1754575819546862 51.49593512764011))",0,True,True,,1
8a194ada595ffff,190,190-5-3,10,2,51.49418765433944,-0.17502232051484418,75.864,"POLYGON ((-0.1748479571096596 51.49482715905512, -0.175806300067167 51.49465612246337, -0.1759806536630929 51.49401661259911, -0.1751966802798115 51.4935481447733, -0.1742383590809613 51.493719182187256, -0.1740639895070973 51.494358686604755, -0.1748479571096596 51.49482715905512))",0,True,True,,15
8a194ada5967fff,190,190-5-4,10,2,51.495808693380994,-0.1727568909530381,75.864,"POLYGON ((-0.1725825006481808 51.49644817809778, -0.1735408589424255 51.49627717075376, -0.1737152394379183 51.49563768088813, -0.1729312776170574 51.4951692038134, -0.1719729410830103 51.49534021198015, -0.1717985446099578 51.495979696398884, -0.1725825006481808 51.49644817809778))",0,True,True,,0
8a194ada596ffff,190,190-5-5,10,2,51.49470072271076,-0.17214733391513312,75.864,"POLYGON ((-0.1719729410830103 51.49534021198015, -0.1729312776170574 51.4951692038134, -0.1731056606403429 51.49452970939515, -0.1723217231064662 51.49406122859076, -0.1713634083318488 51.494232237580526, -0.1711890093319892 51.49487172655164, -0.1719729410830103 51.49534021198015))",0,True,True,,2
8a194ada5977fff,190,190-5-6,10,2,51.49610615393456,-0.1744992193780943,75.864,"POLYGON ((-0.1743248450514998 51.49674564409811, -0.1752832174379024 51.49657462295235, -0.1754575819546862 51.49593512764011, -0.1746735900641281 51.495466658920186, -0.1737152394379183 51.49563768088813, -0.1735408589424255 51.49627717075376, -0.1743248450514998 51.49674564409811))",0,True,True,,1
8a194ada5cc7fff,238,238-3-0,10,2,51.49413420504922,-0.1923600943561397,75.864,"POLYGON ((-0.1921858991657208 51.49477378332347, -0.1931443317570772 51.4946025924205, -0.1933185171346237 51.493963008999046, -0.1925342859092442 51.493494621924604, -0.1915758750744565 51.49366581364464, -0.1914016737088056 51.49430539162197, -0.1921858991657208 51.49477378332347))",0,True,True,,0
8a194ada5ccffff,238,238-3-1,10,2,51.49302623081701,-0.19175007280271128,75.864,"POLYGON ((-0.1915758750744565 51.49366581364464, -0.1925342859092442 51.493494621924604, -0.1927084738251233 51.49285503394975, -0.1919242668936692 51.49238664313921, -0.1909658778146673 51.49255783567655, -0.1907916739116546 51.493197418207075, -0.1915758750744565 51.49366581364464))",0,True,True,,2
8a194ada5cd7fff,238,238-3-2,10,2,51.494431392039935,-0.19410276647917168,75.864,"POLYGON ((-0.1939285872775654 51.4950709757581, -0.1948870339432252 51.494899771046896, -0.1950612033315084 51.49426018218161, -0.194276942043711 51.49379180347133, -0.1933185171346237 51.493963008999046, -0.1931443317570772 51.4946025924205, -0.1939285872775654 51.4950709757581))",0,True,True,,2
8a194ada5cdffff,238,238-3-3,10,2,51.49332342072726,-0.1934926988750317,75.864,"POLYGON ((-0.1933185171346237 51.493963008999046, -0.194276942043711 51.49379180347133, -0.1944511139713078 51.493152210052436, -0.1936668769784155 51.49268382760524, -0.1927084738251233 51.49285503394975, -0.1925342859092442 51.493494621924604, -0.1933185171346237 51.493963008999046))",0,True,True,,17
8a194ada5ce7fff,238,238-3-4,10,2,51.49494496474891,-0.19122746870564933,75.864,"POLYGON ((-0.1910532600648628 51.495584533025315, -0.1920117003378629 51.49541335674721, -0.1921858991657208 51.49477378332347, -0.1914016737088056 51.49430539162197, -0.1904432551931173 51.4944765687174, -0.1902690403773636 51.49511613669695, -0.1910532600648628 51.495584533025315))",0,True,True,,1
8a194ada5ceffff,238,238-3-5,10,2,51.49383699588739,-0.1906174663711744,75.864,"POLYGON ((-0.1904432551931173 51.4944765687174, -0.1914016737088056 51.49430539162197, -0.1915758750744565 51.49366581364464, -0.1907916739116546 51.493197418207075, -0.1898332771525105 51.493368596120106, -0.1896590597999602 51.49400816865304, -0.1904432551931173 51.4944765687174))",0,True,True,,1
8a194ada5cf7fff,238,238-3-6,10,2,51.495242170991524,-0.19297014274226743,75.864,"POLYGON ((-0.1927959500901104 51.49588174471194, -0.1937544044387979 51.49571055462575, -0.1939285872775654 51.4950709757581, -0.1931443317570772 51.4946025924205, -0.1921858991657208 51.49477378332347, -0.1920117003378629 51.49541335674721, -0.1927959500901104 51.49588174471194))",0,True,True,,0
8a194ada5547fff,278,278-5-0,10,2,51.49140462681109,-0.19401522227454848,75.864,"POLYGON ((-0.1938410514448796 51.49204422963316, -0.1947994469160304 51.49187300866425, -0.1949736079334054 51.49123340069519, -0.1941893894674909 51.49076501913918, -0.1932310157506348 51.4909362409249, -0.1930568387457195 51.49157584344979, -0.1938410514448796 51.49204422963316))",0,True,True,,0
8a194ada554ffff,278,278-5-1,10,2,51.49029663355027,-0.19340518911877766,75.864,"POLYGON ((-0.1932310157506348 51.4909362409249, -0.1941893894674909 51.49076501913918, -0.1943635530238722 51.49012540661753, -0.1935793588502676 51.489657021326, -0.1926210068869238 51.48982824392881, -0.192446827343983 51.490467851006045, -0.1932310157506348 51.4909362409249))",0,True,True,,0
8a194ada5557fff,278,278-5-2,10,2,51.49170177821793,-0.19575784451681766,75.864,"POLYGON ((-0.1955836896754329 51.49234138648399, -0.1965420992181003 51.49217015170702, -0.1967162442467559 51.49153053829408, -0.1959319957217742 51.49106216510195, -0.1949736079334054 51.49123340069519, -0.1947994469160304 51.49187300866425, -0.1955836896754329 51.49234138648399))",0,True,True,,1
8a194ada555ffff,278,278-5-3,10,2,51.49059378787633,-0.19514776531425526,75.864,"POLYGON ((-0.1949736079334054 51.49123340069519, -0.1959319957217742 51.49106216510195, -0.1961061432903967 51.49042254713623, -0.1953219190587301 51.48995417020777, -0.1943635530238722 51.49012540661753, -0.1941893894674909 51.49076501913918, -0.1949736079334054 51.49123340069519))",0,True,True,,0
8a194ada5567fff,278,278-5-4,10,2,51.49221544112476,-0.19288265810392213,75.864,"POLYGON ((-0.1927084738251233 51.49285503394975, -0.1936668769784155 51.49268382760524, -0.1938410514448796 51.49204422963316, -0.1930568387457195 51.49157584344979, -0.19209845734746 51.49174705061136, -0.1919242668936692 51.49238664313921, -0.1927084738251233 51.49285503394975))",0,True,True,,9
8a194ada556ffff,278,278-5-5,10,2,51.49110745323362,-0.19227264416418796,75.864,"POLYGON ((-0.19209845734746 51.49174705061136, -0.1930568387457195 51.49157584344979, -0.1932310157506348 51.4909362409249, -0.192446827343983 51.490467851006045, -0.1914884676999939 51.49063905898499, -0.1913142747087072 51.491278656065404, -0.19209845734746 51.49174705061136))",0,True,True,,1
8a194ada5577fff,278,278-5-6,10,2,51.49251261178335,-0.19462528226202577,75.864,"POLYGON ((-0.1944511139713078 51.493152210052436, -0.195409531197485 51.49298098990003, -0.1955836896754329 51.49234138648399, -0.1947994469160304 51.49187300866425, -0.1938410514448796 51.49204422963316, -0.1936668769784155 51.49268382760524, -0.1944511139713078 51.493152210052436))",0,True,True,,10
8a194ada5687fff,284,284-2-0,10,2,51.4832151226335,-0.1989797987599269,75.864,"POLYGON ((-0.1988057009940149 51.48385479908504, -0.199763985112141 51.48368348792511, -0.1999380730675414 51.483043806327295, -0.1991538928910239 51.48257544133368, -0.1981956305203616 51.48274675330969, -0.1980215265790636 51.48338642946315, -0.1988057009940149 51.48385479908504))",0,True,True,,0
8a194ada568ffff,284,284-2-1,10,2,51.48210707230806,-0.19836973082673726,75.864,"POLYGON ((-0.1981956305203616 51.48274675330969, -0.1991538928910239 51.48257544133368, -0.1993279833874151 51.48193575518574, -0.1985438274983406 51.481467386458334, -0.1975855868743344 51.48163869925073, -0.197411480393057 51.48227837995407, -0.1981956305203616 51.48274675330969))",0,True,True,,3
8a194ada5697fff,284,284-2-2,10,2,51.48351216728846,-0.20072227135663176,75.864,"POLYGON ((-0.2005481895773201 51.484151849184194, -0.2015064877586268 51.483980524216896, -0.2016805597269818 51.48334083717497, -0.2008963495014115 51.48287248054442, -0.1999380730675414 51.483043806327295, -0.199763985112141 51.48368348792511, -0.2005481895773201 51.484151849184194))",0,True,True,,8
8a194ada569ffff,284,284-2-3,10,2,51.48240411988121,-0.20011215738832805,75.864,"POLYGON ((-0.1999380730675414 51.483043806327295, -0.2008963495014115 51.48287248054442, -0.2010704240117075 51.48223278895219, -0.2002862380745696 51.48176442858704, -0.1993279833874151 51.48193575518574, -0.1991538928910239 51.48257544133368, -0.1999380730675414 51.483043806327295))",0,True,True,,5
8a194ada56a7fff,284,284-2-4,10,2,51.48402610076831,-0.1978474190027643,75.864,"POLYGON ((-0.197673307791375 51.48466576722504, -0.1986315995931529 51.484494470688176, -0.1988057009940149 51.48385479908504, -0.1980215265790636 51.48338642946315, -0.1970632565254771 51.48355772681638, -0.1968891391389713 51.484197392975055, -0.197673307791375 51.48466576722504))",0,True,True,,0
8a194ada56affff,284,284-2-5,10,2,51.48291805580934,-0.19723737027679067,75.864,"POLYGON ((-0.1970632565254771 51.48355772681638, -0.1980215265790636 51.48338642946315, -0.1981956305203616 51.48274675330969, -0.197411480393057 51.48227837995407, -0.1964532320869053 51.48244967812394, -0.1962791121609289 51.48308934883273, -0.1970632565254771 51.48355772681638))",0,True,True,,1
8a194ada56b7fff,284,284-2-6,10,2,51.484323164674606,-0.19958989352196635,75.864,"POLYGON ((-0.1994157982969593 51.48496283657559, -0.2003741041633262 51.48479152623149, -0.2005481895773201 51.484151849184194, -0.199763985112141 51.48368348792511, -0.1988057009940149 51.48385479908504, -0.1986315995931529 51.484494470688176, -0.1994157982969593 51.48496283657559))",0,True,True,,0
8a194ada56c7fff,284,284-3-0,10,2,51.48070194104246,-0.19601735330391423,75.864,"POLYGON ((-0.1958432344740252 51.48134162114885, -0.1968014610335142 51.48117032216207, -0.1969755700543706 51.48053063690925, -0.1961914684987961 51.48006225608827, -0.1952332636852027 51.48023355589225, -0.1950591386816242 51.48087323569995, -0.1958432344740252 51.48134162114885))",0,True,True,,5
8a194ada56cffff,284,284-3-1,10,2,51.47959387123681,-0.19540738505372793,75.864,"POLYGON ((-0.1952332636852027 51.48023355589225, -0.1961914684987961 51.48006225608827, -0.1963655800587952 51.479422566286374, -0.1955815027872836 51.47895418173376, -0.1946233197188192 51.47912548235525, -0.1944491921770682 51.47976516671179, -0.1952332636852027 51.48023355589225))",0,True,True,,7
8a194ada56d7fff,284,284-3-2,10,2,51.4809990136994,-0.1977596897207681,75.864,"POLYGON ((-0.1975855868743344 51.48163869925073, -0.1985438274983406 51.481467386458334, -0.1987179205352711 51.48082769576071, -0.1979337889324622 51.4803593233002, -0.1969755700543706 51.48053063690925, -0.1968014610335142 51.48117032216207, -0.1975855868743344 51.48163869925073))",0,True,True,,3
8a194ada56dffff,284,284-3-3,10,2,51.47989094680863,-0.19714967544041076,75.864,"POLYGON ((-0.1969755700543706 51.48053063690925, -0.1979337889324622 51.4803593233002, -0.1981078845095211 51.47971962805328, -0.1973237771917543 51.4792512518604, -0.1963655800587952 51.479422566286374, -0.1961914684987961 51.48006225608827, -0.1969755700543706 51.48053063690925))",0,True,True,,4
8a194ada56e7fff,284,284-3-4,10,2,51.481512910659816,-0.19488501004284725,75.864,"POLYGON ((-0.1947108777687881 51.48215258077173, -0.1956691120090195 51.48198129640731, -0.1958432344740252 51.48134162114885, -0.1950591386816242 51.48087323569995, -0.1941009261880212 51.48104452088185, -0.1939267877405064 51.48168419069511, -0.1947108777687881 51.48215258077173))",0,True,True,,0
8a194ada56effff,284,284-3-5,10,2,51.48040484622069,-0.1942750610001822,75.864,"POLYGON ((-0.1941009261880212 51.48104452088185, -0.1950591386816242 51.48087323569995, -0.1952332636852027 51.48023355589225, -0.1944491921770682 51.47976516671179, -0.1934910014293521 51.47993645271143, -0.1933168604442247 51.48057612707373, -0.1941009261880212 51.48104452088185))",0,True,True,,6
8a194ada56f7fff,284,284-3-6,10,2,51.48181000256701,-0.19662734837771698,75.864,"POLYGON ((-0.1964532320869053 51.48244967812394, -0.197411480393057 51.48227837995407, -0.1975855868743344 51.48163869925073, -0.1968014610335142 51.48117032216207, -0.1958432344740252 51.48134162114885, -0.1956691120090195 51.48198129640731, -0.1964532320869053 51.48244967812394))",0,True,True,,0
8a194ada1d07fff,330,330-4-0,10,2,51.48048503145487,-0.2006343885439412,75.864,"POLYGON ((-0.200460315126416 51.481124732444876, -0.201418562129413 51.4809533912236, -0.2015926257370157 51.48031368508751, -0.2008084583272747 51.479845325617106, -0.1998502330694478 51.48001666765425, -0.1996761534765176 51.4806563683459, -0.200460315126416 51.481124732444876))",0,True,True,,0
8a194ada1d0ffff,330,330-4-1,10,2,51.479376962114934,-0.2000243090281045,75.864,"POLYGON ((-0.1998502330694478 51.48001666765425, -0.2008084583272747 51.479845325617106, -0.2009825244765107 51.479205614931736, -0.2001983813526074 51.47873725172809, -0.1992401778391735 51.47890859458135, -0.1990660957055858 51.4795482998221, -0.1998502330694478 51.48001666765425))",0,True,True,,1
8a194ada1d17fff,330,330-4-2,10,2,51.4807820405258,-0.20237681125767976,75.864,"POLYGON ((-0.2022027538261949 51.48142174696009, -0.2031610148896036 51.481250391931596, -0.2033350625107059 51.4806106803514, -0.2025508650552308 51.48014232924374, -0.2015926257370157 51.48031368508751, -0.201418562129413 51.4809533912236, -0.2022027538261949 51.48142174696009))",0,True,True,,0
8a194ada1d1ffff,330,330-4-3,10,2,51.47967397410372,-0.20176668571061807,75.864,"POLYGON ((-0.2015926257370157 51.48031368508751, -0.2025508650552308 51.48014232924374, -0.2027249152189675 51.479502613113986, -0.2019407420503192 51.47903425827234, -0.2009825244765107 51.479205614931736, -0.2008084583272747 51.479845325617106, -0.2015926257370157 51.48031368508751))",0,True,True,,0
8a194ada1d27fff,330,330-4-4,10,2,51.481296064189756,-0.19950207024921496,75.864,"POLYGON ((-0.1993279833874151 51.48193575518574, -0.2002862380745696 51.48176442858704, -0.200460315126416 51.481124732444876, -0.1996761534765176 51.4806563683459, -0.1987179205352711 51.48082769576071, -0.1985438274983406 51.481467386458334, -0.1993279833874151 51.48193575518574))",0,True,True,,10
8a194ada1d2ffff,330,330-4-5,10,2,51.48018800021523,-0.1988920099376581,75.864,"POLYGON ((-0.1987179205352711 51.48082769576071, -0.1996761534765176 51.4806563683459, -0.1998502330694478 51.48001666765425, -0.1990660957055858 51.4795482998221, -0.1981078845095211 51.47971962805328, -0.1979337889324622 51.4803593233002, -0.1987179205352711 51.48082769576071))",0,True,True,,10
8a194ada1d37fff,330,330-4-6,10,2,51.481593092511865,-0.20124449488766977,75.864,"POLYGON ((-0.2010704240117075 51.48223278895219, -0.2020286927606514 51.48206144854646, -0.2022027538261949 51.48142174696009, -0.201418562129413 51.4809533912236, -0.200460315126416 51.481124732444876, -0.2002862380745696 51.48176442858704, -0.2010704240117075 51.48223278895219))",0,True,True,,0
8a194ad1e187fff,352,352-6-0,10,2,51.43882900152312,-0.12726141439267566,75.864,"POLYGON ((-0.1270867574356273 51.43946865969136, -0.1280439235032463 51.43929773564344, -0.1282185706799746 51.43865807232491, -0.1274360677085043 51.43818933851466, -0.1264789233632148 51.438360263404064, -0.1263042602673866 51.43899992126217, -0.1270867574356273 51.43946865969136))",0,True,True,,3
8a194ad1e18ffff,352,352-6-1,10,2,51.43772060070585,-0.12665358281774258,75.864,"POLYGON ((-0.1264789233632148 51.438360263404064, -0.1274360677085043 51.43818933851466, -0.1276107173832478 51.43754967066612, -0.1268282386310993 51.437080933167614, -0.1258711160073266 51.4372518588988, -0.1256964504144806 51.437891521286694, -0.1264789233632148 51.438360263404064))",0,True,True,,11
8a194ad1e197fff,352,352-6-2,10,2,51.439126802136194,-0.12900109173245528,75.864,"POLYGON ((-0.1288264506952081 51.439766465764706, -0.1297836308662991 51.43959552794822, -0.1299582621227653 51.43895585916952, -0.1291757291287485 51.438487133667444, -0.1282185706799746 51.43865807232491, -0.1280439235032463 51.43929773564344, -0.1288264506952081 51.439766465764706))",0,True,True,,0
8a194ad1e19ffff,352,352-6-3,10,2,51.43801840416619,-0.12839321421567826,75.864,"POLYGON ((-0.1282185706799746 51.43865807232491, -0.1291757291287485 51.438487133667444, -0.1293503628841764 51.437847460358554, -0.1285678541104614 51.43737873116743, -0.1276107173832478 51.43754967066612, -0.1274360677085043 51.43818933851466, -0.1282185706799746 51.43865807232491))",0,True,True,,2
8a194ad1e1a7fff,352,352-6-4,10,2,51.439639574280044,-0.12612959353017414,75.864,"POLYGON ((-0.1259549231514428 51.440279222457555, -0.1269120968372654 51.44010831301928, -0.1270867574356273 51.43946865969136, -0.1263042602673866 51.43899992126217, -0.1253471083046322 51.43917083154223, -0.1251724317873911 51.439810479409616, -0.1259549231514428 51.440279222457555))",0,True,True,,8
8a194ad1e1affff,352,352-6-5,10,2,51.43853117883454,-0.12552178118028884,75.864,"POLYGON ((-0.1253471083046322 51.43917083154223, -0.1263042602673866 51.43899992126217, -0.1264789233632148 51.438360263404064, -0.1256964504144806 51.437891521286694, -0.1247393201740068 51.43806243240876, -0.1245646411602918 51.43870208480616, -0.1253471083046322 51.43917083154223))",0,True,True,,1
8a194ad1e1b7fff,352,352-6-6,10,2,51.439937394121685,-0.12786927268534848,75.864,"POLYGON ((-0.1276946182262077 51.44057704775953, -0.1286518060168774 51.44040612455283, -0.1288264506952081 51.439766465764706, -0.1280439235032463 51.43929773564344, -0.1270867574356273 51.43946865969136, -0.1269120968372654 51.44010831301928, -0.1276946182262077 51.44057704775953))",0,True,True,,0
8a194ad1e647fff,394,394-1-0,10,2,51.428125079501285,-0.12927303775647253,75.864,"POLYGON ((-0.1290984329079676 51.42876481478663, -0.1300554305753415 51.428593812646575, -0.1302300256467744 51.427954072211506, -0.1294476389654437 51.42748533937782, -0.1284906630120192 51.42765634235972, -0.1283160520262809 51.42829607733342, -0.1290984329079676 51.42876481478663))",0,True,True,,0
8a194ad1e64ffff,394,394-1-1,10,2,51.42701660254794,-0.12866527035816325,75.864,"POLYGON ((-0.1284906630120192 51.42765634235972, -0.1294476389654437 51.42748533937782, -0.1296222365350157 51.42684559441628, -0.128839874064817 51.42637685789822, -0.1278829198245602 51.426547861722305, -0.1277083063416494 51.427187601222236, -0.1284906630120192 51.42765634235972))",0,True,True,,0
8a194ad1e657fff,394,394-1-2,10,2,51.42842280104872,-0.13101243040245195,75.864,"POLYGON ((-0.1308378414689837 51.42906254179522, -0.1317948532328186 51.42889152588904, -0.1319694323887593 51.4282517799929, -0.131187015696647 51.427783055463976, -0.1302300256467744 51.427954072211506, -0.1300554305753415 51.428593812646575, -0.1308378414689837 51.42906254179522))",0,True,True,,10
8a194ad1e65ffff,394,394-1-3,10,2,51.42731432693832,-0.13040461707885845,75.864,"POLYGON ((-0.1302300256467744 51.427954072211506, -0.131187015696647 51.427783055463976, -0.1313615973517086 51.42714330504116, -0.1305792048717333 51.426674576827146, -0.1296222365350157 51.42684559441628, -0.1294476389654437 51.42748533937782, -0.1302300256467744 51.427954072211506))",0,True,True,,8
8a194ad1e667fff,394,394-1-4,10,2,51.42893580746894,-0.1281414374008443,75.864,"POLYGON ((-0.1279668191356104 51.42957553276611, -0.1289238244198451 51.42940454523367, -0.1290984329079676 51.42876481478663, -0.1283160520262809 51.42829607733342, -0.1273590684567494 51.42846706570802, -0.1271844440545267 51.42910679069361, -0.1279668191356104 51.42957553276611))",0,True,True,,0
8a194ad1e66ffff,394,394-1-5,10,2,51.427827335884196,-0.1275336892190941,75.864,"POLYGON ((-0.1273590684567494 51.42846706570802, -0.1283160520262809 51.42829607733342, -0.1284906630120192 51.42765634235972, -0.1277083063416494 51.427187601222236, -0.1267513444860239 51.427358590439255, -0.1265767175871774 51.4279983199513, -0.1273590684567494 51.42846706570802))",0,True,True,,0
8a194ad1e677fff,394,394-1-6,10,2,51.42923354824342,-0.12988083186447089,75.864,"POLYGON ((-0.1297062295140432 51.42987327900187, -0.1306632488961332 51.42970227770343, -0.1308378414689837 51.42906254179522, -0.1300554305753415 51.428593812646575, -0.1290984329079676 51.42876481478663, -0.1289238244198451 51.42940454523367, -0.1297062295140432 51.42987327900187))",0,True,True,,3
8a194adad087fff,406,406-2-0,10,2,51.434589106372705,-0.16119747347024135,75.864,"POLYGON ((-0.1610231577890869 51.435228935382945, -0.1619804307003506 51.43505768617488, -0.1621547365955722 51.434417852017155, -0.1613717855164213 51.43394927252323, -0.160414534320218 51.43412052256306, -0.160240212488405 51.434760351265034, -0.1610231577890869 51.435228935382945))",0,True,True,,7
8a194adad08ffff,406,406-2-1,10,2,51.43348068902197,-0.16058885251697033,75.864,"POLYGON ((-0.160414534320218 51.43412052256306, -0.1613717855164213 51.43394927252323, -0.1615460939277105 51.43330943383464, -0.1607631670787709 51.43284085064186, -0.1598059375968264 51.433012101513796, -0.1596316132499134 51.433651934746386, -0.160414534320218 51.43412052256306))",0,True,True,,0
8a194adad097fff,406,406-2-2,10,2,51.43488642750344,-0.16293770575470373,75.864,"POLYGON ((-0.162763406010852 51.43552626196929, -0.1637206929941781 51.4353549989817, -0.1638949829515861 51.434715159368515, -0.1631120018637915 51.434246588198334, -0.1621547365955722 51.434417852017155, -0.1619804307003506 51.43505768617488, -0.162763406010852 51.43552626196929))",0,True,True,,3
8a194adad09ffff,406,406-2-3,10,2,51.43377801302026,-0.16232903885595376,75.864,"POLYGON ((-0.1621547365955722 51.434417852017155, -0.1631120018637915 51.434246588198334, -0.1632862943382807 51.433606744054075, -0.1625033374816553 51.43313816918426, -0.1615460939277105 51.43330943383464, -0.1613717855164213 51.43394927252323, -0.1621547365955722 51.434417852017155))",0,True,True,,2
8a194adad0a7fff,406,406-2-4,10,2,51.43540017512773,-0.16006588702141156,75.864,"POLYGON ((-0.1598915579191441 51.43603999415106, -0.1608488384728181 51.435868759553856, -0.1610231577890869 51.435228935382945, -0.160240212488405 51.434760351265034, -0.1592829536505365 51.434931586694276, -0.1591086183978746 51.43557140540934, -0.1598915579191441 51.43603999415106))",0,True,True,,12
8a194adad0affff,406,406-2-5,10,2,51.43429176313992,-0.15945728526785313,75.864,"POLYGON ((-0.1592829536505365 51.434931586694276, -0.160240212488405 51.434760351265034, -0.160414534320218 51.43412052256306, -0.1596316132499134 51.433651934746386, -0.1586743761270895 51.43382317100798, -0.1585000383598407 51.43446299425388, -0.1592829536505365 51.434931586694276))",0,True,True,,0
8a194adad0b7fff,406,406-2-6,10,2,51.43569751549331,-0.16180612117022553,75.864,"POLYGON ((-0.1616318080050725 51.43633733997229, -0.162589102632173 51.43616609159575, -0.162763406010852 51.43552626196929, -0.1619804307003506 51.43505768617488, -0.1610231577890869 51.435228935382945, -0.1608488384728181 51.435868759553856, -0.1616318080050725 51.43633733997229))",0,True,True,,0
8b194ad33528fff,21,21-4-5-0,11,3,51.498125205412364,-0.09829051751773794,28.827,"POLYGON ((-0.0983523243081754 51.498374796339625, -0.0986510550588278 51.49823482127103, -0.0985892469561919 51.49798522990705, -0.0982287113000372 51.49787561403198, -0.097929982477778 51.49801558868157, -0.0979917873832888 51.49826517962519, -0.0983523243081754 51.498374796339625))",0,True,True,,6
8b194ad33529fff,21,21-4-5-1,11,3,51.49776599728483,-0.09786817814500796,28.827,"POLYGON ((-0.097929982477778 51.49801558868157, -0.0982287113000372 51.49787561403198, -0.0981669056551082 51.49762602219856, -0.0978063743850086 51.49751640543507, -0.09750764749115 51.497656379665614, -0.097569449939004 51.49790597107869, -0.097929982477778 51.49801558868157))",0,True,True,,0
8b194ad3352afff,21,21-4-5-2,11,3,51.498094844909986,-0.09894978511345195,28.827,"POLYGON ((-0.0990115951010529 51.498344436257625, -0.0993103257718686 51.49820445904078, -0.0992485144720886 51.49795486725648, -0.0988879756986505 51.49784525310928, -0.0985892469561919 51.49798522990705, -0.0986510550588278 51.49823482127103, -0.0990115951010529 51.498344436257625))",0,True,True,,0
8b194ad3352bfff,21,21-4-5-3,11,3,51.49773563808997,-0.09852743942633407,28.827,"POLYGON ((-0.0985892469561919 51.49798522990705, -0.0988879756986505 51.49784525310928, -0.0988261668566477 51.497595660855495, -0.098465632469243 51.49748604581985, -0.0981669056551082 51.49762602219856, -0.0982287113000372 51.49787561403198, -0.0985892469561919 51.49798522990705))",0,True,True,,0
8b194ad3352cfff,21,21-4-5-4,11,3,51.498514770115754,-0.09805359286154142,28.827,"POLYGON ((-0.0981153989125775 51.498764360153274, -0.0984141316713967 51.49862438681384, -0.0983523243081754 51.498374796339625, -0.0979917873832888 51.49826517962519, -0.0976930565528911 51.49840515254559, -0.0977548607189567 51.49865474259946, -0.0981153989125775 51.498764360153274))",0,True,True,,21
8b194ad3352dfff,21,21-4-5-5,11,3,51.49815556203866,-0.09763125295956185,28.827,"POLYGON ((-0.0976930565528911 51.49840515254559, -0.0979917873832888 51.49826517962519, -0.097929982477778 51.49801558868157, -0.097569449939004 51.49790597107869, -0.0972707210370454 51.498045943580074, -0.0973325227454404 51.498295534103335, -0.0976930565528911 51.49840515254559))",0,True,True,,0
8b194ad3352efff,21,21-4-5-6,11,3,51.49848441218195,-0.09871286373424754,28.827,"POLYGON ((-0.0987746729824521 51.49873400263977, -0.0990734056614695 51.49859402715212, -0.0990115951010529 51.498344436257625, -0.0986510550588278 51.49823482127103, -0.0983523243081754 51.498374796339625, -0.0984141316713967 51.49862438681384, -0.0987746729824521 51.49873400263977))",0,True,True,,18
8b195da49a28fff,35,35-0-5-0,11,3,51.507329895397696,-0.1285843897393575,28.827,"POLYGON ((-0.1286463549358957 51.507579484907964, -0.1289451373682082 51.50743943792774, -0.1288831708593725 51.5071898479811, -0.1285224251171021 51.507080305433696, -0.1282236446113805 51.50722035199386, -0.1282856079213418 51.507469941521514, -0.1286463549358957 51.507579484907964))",0,True,True,,3
8b195da49a29fff,35,35-0-5-1,11,3,51.5069707620125,-0.1281616818757367,28.827,"POLYGON ((-0.1282236446113805 51.50722035199386, -0.1285224251171021 51.507080305433696, -0.1284604610691951 51.50683071501598, -0.1280997197144248 51.50672117157742, -0.1278009411353171 51.50686121771754, -0.1278629019843792 51.507110807716245, -0.1282236446113805 51.50722035199386))",0,True,True,,3
8b195da49a2afff,35,35-0-5-2,11,3,51.50729938965469,-0.12924391910256336,28.827,"POLYGON ((-0.1293058874980297 51.50754897958395, -0.1296046698466853 51.50740893045449, -0.1295427001389356 51.5071593400889, -0.1291819512814732 51.50704979927172, -0.1288831708593725 51.5071898479811, -0.1289451373682082 51.50743943792774, -0.1293058874980297 51.50754897958395))",0,True,True,,1
8b195da49a2bfff,35,35-0-5-3,11,3,51.50694025758073,-0.1288212049248863,28.827,"POLYGON ((-0.1288831708593725 51.5071898479811, -0.1291819512814732 51.50704979927172, -0.1291199840347328 51.506800208435, -0.1287592395647283 51.506690666726655, -0.1284604610691951 51.50683071501598, -0.1285224251171021 51.507080305433696, -0.1288831708593725 51.5071898479811))",0,True,True,,0
8b195da49a2cfff,35,35-0-5-4,11,3,51.507719530595374,-0.1283475718055907,28.827,"POLYGON ((-0.1284095362642152 51.50796911921553, -0.1287083207067892 51.50782907396449, -0.1286463549358957 51.507579484907964, -0.1282856079213418 51.507469941521514, -0.1279868254054024 51.50760998635251, -0.1280487879773907 51.507859574990036, -0.1284095362642152 51.50796911921553))",0,True,True,,0
8b195da49a2dfff,35,35-0-5-5,11,3,51.50736039726123,-0.1279248634077577,28.827,"POLYGON ((-0.1279868254054024 51.50760998635251, -0.1282856079213418 51.507469941521514, -0.1282236446113805 51.50722035199386, -0.1278629019843792 51.507110807716245, -0.1275641213951228 51.50725085212721, -0.1276260815062034 51.507500441235834, -0.1279868254054024 51.50760998635251))",0,True,True,,17
8b195da49a2efff,35,35-0-5-6,11,3,51.50768902742063,-0.1290071044514044,28.827,"POLYGON ((-0.1290690721089417 51.50793861645977, -0.1293678564678731 51.50779856905944, -0.1293058874980297 51.50754897958395, -0.1289451373682082 51.50743943792774, -0.1286463549358957 51.507579484907964, -0.1287083207067892 51.50782907396449, -0.1290690721089417 51.50793861645977))",0,True,True,,0
8b195da49b20fff,35,35-4-4-0,11,3,51.511165165502646,-0.1275352141387887,28.827,"POLYGON ((-0.1275971783532915 51.511414746948994, -0.1278959807219969 51.51127471296245, -0.1278340151950387 51.51102513107966, -0.12747325049865 51.51091558360244, -0.1271744500568701 51.51105561716895, -0.1272364123845516 51.51130519863275, -0.1275971783532915 51.511414746948994))",0,True,True,,3
8b195da49b21fff,35,35-4-4-1,11,3,51.51080603525132,-0.12711248830354632,28.827,"POLYGON ((-0.1271744500568701 51.51105561716895, -0.12747325049865 51.51091558360244, -0.1274112874328539 51.51066600124837, -0.1270505271245539 51.510556452879854, -0.1267517286097326 51.51069648602635, -0.1268136884762867 51.51094606796139, -0.1271744500568701 51.51105561716895))",0,True,True,,6
8b195da49b22fff,35,35-4-4-2,11,3,51.511134677682996,-0.1281947823927075,28.827,"POLYGON ((-0.1282567498065202 51.51138425954833, -0.1285555520916823 51.511244223412405, -0.1284935833654027 51.510994641110685, -0.128132815553296 51.51088509536383, -0.1278340151950387 51.51102513107966, -0.1278959807219969 51.51127471296245, -0.1282567498065202 51.51138425954833))",0,True,True,,1
8b195da49b23fff,35,35-4-4-3,11,3,51.510775548743034,-0.12777205024242433,28.827,"POLYGON ((-0.1278340151950387 51.51102513107966, -0.128132815553296 51.51088509536383, -0.128070849288249 51.5106355125908, -0.1277100858642142 51.510525965952574, -0.1274112874328539 51.51066600124837, -0.12747325049865 51.51091558360244, -0.1278340151950387 51.51102513107966))",0,True,True,,2
8b195da49b24fff,35,35-4-4-4,11,3,51.5115547796427,-0.12729837528659707,28.827,"POLYGON ((-0.1273603387629663 51.51180436019877, -0.1276591431421542 51.511664327941496, -0.1275971783532915 51.511414746948994, -0.1272364123845516 51.51130519863275, -0.1269376099323585 51.51144523046999, -0.1269995715219035 51.511694811043526, -0.1273603387629663 51.51180436019877))",0,True,True,,6
8b195da49b25fff,35,35-4-4-5,11,3,51.51119564944262,-0.1268756489171668,28.827,"POLYGON ((-0.1269376099323585 51.51144523046999, -0.1272364123845516 51.51130519863275, -0.1271744500568701 51.51105561716895, -0.1268136884762867 51.51094606796139, -0.1265148879510959 51.51108609937863, -0.1265768470794996 51.511335680423414, -0.1269376099323585 51.51144523046999))",0,True,True,,3
8b195da49b26fff,35,35-4-4-6,11,3,51.511524294391364,-0.1279579468233407,28.827,"POLYGON ((-0.128019913499071 51.51177387536638, -0.1283187177947197 51.511633840959774, -0.1282567498065202 51.51138425954833, -0.1278959807219969 51.51127471296245, -0.1275971783532915 51.511414746948994, -0.1276591431421542 51.511664327941496, -0.128019913499071 51.51177387536638))",0,True,True,,6
8b195da49b30fff,35,35-4-6-0,11,3,51.51146331224941,-0.129277098993443,28.827,"POLYGON ((-0.1293390720679226 51.51171289406229, -0.1296378761962345 51.511572855356945, -0.1295759018093243 51.511323273107664, -0.1292151264934294 51.51121372998264, -0.1289163242919172 51.51135376826791, -0.1289782954794675 51.51160335009827, -0.1293390720679226 51.51171289406229))",0,True,True,,1
8b195da49b31fff,35,35-4-6-1,11,3,51.511104185983655,-0.12885435367880094,28.827,"POLYGON ((-0.1289163242919172 51.51135376826791, -0.1292151264934294 51.51121372998264, -0.129153154567845 51.51096414726201, -0.128792383640082 51.51085460324553, -0.1284935833654027 51.510994641110685, -0.1285555520916823 51.511244223412405, -0.1289163242919172 51.51135376826791))",0,True,True,,2
8b195da49b32fff,35,35-4-6-2,11,3,51.5114328153587,-0.12993667962646516,28.827,"POLYGON ((-0.1299986559003174 51.51168239759048, -0.1302974599448728 51.511542356735745, -0.1302354823585784 51.511292774067606, -0.1298747039270956 51.51118323267305, -0.1295759018093243 51.511323273107664, -0.1296378761962345 51.511572855356945, -0.1299986559003174 51.51168239759048))",0,True,True,,1
8b195da49b33fff,35,35-4-6-3,11,3,51.511073690404515,-0.12951392799684433,28.827,"POLYGON ((-0.1295759018093243 51.511323273107664, -0.1298747039270956 51.51118323267305, -0.1298127288021922 51.51093364953351, -0.1294519547588501 51.51082410724747, -0.129153154567845 51.51096414726201, -0.1292151264934294 51.51121372998264, -0.1295759018093243 51.511323273107664))",0,True,True,,5
8b195da49b34fff,35,35-4-6-4,11,3,51.51185293147475,-0.129040267241458,28.827,"POLYGON ((-0.129102239577905 51.512102512397384, -0.1294010457168229 51.5119624754213, -0.1293390720679226 51.51171289406229, -0.1289782954794675 51.51160335009827, -0.128679491267439 51.511743386654246, -0.128741461716959 51.51199296759434, -0.129102239577905 51.512102512397384))",0,True,True,,14
8b195da49b35fff,35,35-4-6-5,11,3,51.511493805260265,-0.12861752139233346,28.827,"POLYGON ((-0.128679491267439 51.511743386654246, -0.1289782954794675 51.51160335009827, -0.1289163242919172 51.51135376826791, -0.1285555520916823 51.511244223412405, -0.1282567498065202 51.51138425954833, -0.1283187177947197 51.511633840959774, -0.128679491267439 51.511743386654246))",0,True,True,,4
8b195da49b36fff,35,35-4-6-6,11,3,51.51182243715236,-0.12969985115763236,28.827,"POLYGON ((-0.1297618266934878 51.51207201849383, -0.130060632748643 51.511931979368384, -0.1299986559003174 51.51168239759048, -0.1296378761962345 51.511572855356945, -0.1293390720679226 51.51171289406229, -0.1294010457168229 51.5119624754213, -0.1297618266934878 51.51207201849383))",0,True,True,,14
8b195da49b58fff,35,35-5-3-0,11,3,51.50703175923796,-0.12684264487275104,28.827,"POLYGON ((-0.1269046012107268 51.50728134838123, -0.1272033818834473 51.50714130611944, -0.1271414242332107 51.50689171653977, -0.126780689109038 51.506782169640985, -0.126481910363029 51.50692221148273, -0.1265438648144744 51.50717180064334, -0.1269046012107268 51.50728134838123))",0,True,True,,3
8b195da49b59fff,35,35-5-3-1,11,3,51.50667262186844,-0.12641995648581447,28.827,"POLYGON ((-0.126481910363029 51.50692221148273, -0.126780689109038 51.506782169640985, -0.1267187339195357 51.5065325795903, -0.1263580031828199 51.5064230318005, -0.1260592263635554 51.50656307322226, -0.126121178354286 51.50681266285386, -0.126481910363029 51.50692221148273))",0,True,True,,0
8b195da49b5afff,35,35-5-3-2,11,3,51.50700126256487,-0.12750216185830732,28.827,"POLYGON ((-0.1275641213951228 51.50725085212721, -0.1278629019843792 51.507110807716245, -0.1278009411353171 51.50686121771754, -0.1274402028958172 51.50675167254883, -0.1271414242332107 51.50689171653977, -0.1272033818834473 51.50714130611944, -0.1275641213951228 51.50725085212721))",0,True,True,,17
8b195da49b5bfff,35,35-5-3-3,11,3,51.506642126506435,-0.12707946715722698,28.827,"POLYGON ((-0.1271414242332107 51.50689171653977, -0.1274402028958172 51.50675167254883, -0.1273782445075597 51.506502082079095, -0.1270175106554643 51.50639253601936, -0.1267187339195357 51.5065325795903, -0.126780689109038 51.506782169640985, -0.1271414242332107 51.50689171653977))",0,True,True,,1
8b195da49b5cfff,35,35-5-3-4,11,3,51.50742138935022,-0.12660581984015676,28.827,"POLYGON ((-0.1266677754400718 51.50767097760337, -0.1269665581229611 51.507530937070776, -0.1269046012107268 51.50728134838123, -0.1265438648144744 51.50717180064334, -0.1262450840583658 51.50731184075595, -0.1263070377717374 51.50756142902642, -0.1266677754400718 51.50767097760337))",0,True,True,,1
8b195da49b5dfff,35,35-5-3-5,11,3,51.50706225203174,-0.1261831309192258,28.827,"POLYGON ((-0.1262450840583658 51.50731184075595, -0.1265438648144744 51.50717180064334, -0.126481910363029 51.50692221148273, -0.126121178354286 51.50681266285386, -0.1258223995249554 51.50695270254648, -0.1258843507775983 51.50720229128797, -0.1262450840583658 51.50731184075595))",0,True,True,,3
8b195da49b5efff,35,35-5-3-6,11,3,51.507390895245386,-0.12726534010795784,28.827,"POLYGON ((-0.1273272989067537 51.507640483917626, -0.1276260815062034 51.507500441235834, -0.1275641213951228 51.50725085212721, -0.1272033818834473 51.50714130611944, -0.1269046012107268 51.50728134838123, -0.1269665581229611 51.507530937070776, -0.1273272989067537 51.507640483917626))",0,True,True,,0
8b195da49ba0fff,35,35-6-4-0,11,3,51.51095166928913,-0.1321522555859659,28.827,"POLYGON ((-0.1322142421958984 51.511201253667686, -0.132513043977937 51.51106120463544, -0.1324510560556017 51.51081161982057, -0.1320902695506269 51.510702084456724, -0.1317914696951542 51.51084213306877, -0.1318534544181141 51.511091717464836, -0.1322142421958984 51.511201253667686))",0,True,True,,10
8b195da49ba1fff,35,35-6-4-1,11,3,51.510592548218774,-0.13172948554674035,28.827,"POLYGON ((-0.1317914696951542 51.51084213306877, -0.1320902695506269 51.510702084456724, -0.1320282840898189 51.51045249917039, -0.1316675019728872 51.510342962914926, -0.1313687040439981 51.51048301110679, -0.1314306863054706 51.51073259597431, -0.1317914696951542 51.51084213306877))",0,True,True,,4
8b195da49ba2fff,35,35-6-4-2,11,3,51.510921154310324,-0.13281184506171603,28.827,"POLYGON ((-0.1328738348710161 51.51117073910766, -0.133172636568914 51.51103068792597, -0.1331106454471893 51.51078110269232, -0.13274985582698 51.510671569059106, -0.1324510560556017 51.51081161982057, -0.132513043977937 51.51106120463544, -0.1328738348710161 51.51117073910766))",0,True,True,,4
8b195da49ba3fff,35,35-6-4-3,11,3,51.51056203455178,-0.1323890687078395,28.827,"POLYGON ((-0.1324510560556017 51.51081161982057, -0.13274985582698 51.510671569059106, -0.1326878671668326 51.510421983353986, -0.1323270819346699 51.51031244882912, -0.1320282840898189 51.51045249917039, -0.1320902695506269 51.510702084456724, -0.1324510560556017 51.51081161982057))",0,True,True,,3
8b195da49ba4fff,35,35-6-4-4,11,3,51.51134130140706,-0.13191543971564168,28.827,"POLYGON ((-0.1319774255876865 51.51159088489531, -0.1322762293804097 51.51145083759231, -0.1322142421958984 51.511201253667686, -0.1318534544181141 51.511091717464836, -0.1315546525520107 51.51123176434766, -0.1316166365370955 51.51148134785349, -0.1319774255876865 51.51159088489531))",0,True,True,,13
8b195da49ba5fff,35,35-6-4-5,11,3,51.51098218038793,-0.13149266914149835,28.827,"POLYGON ((-0.1315546525520107 51.51123176434766, -0.1318534544181141 51.511091717464836, -0.1317914696951542 51.51084213306877, -0.1314306863054706 51.51073259597431, -0.131131886366015 51.51087264243695, -0.1311938678895985 51.511122226414194, -0.1315546525520107 51.51123176434766))",0,True,True,,5
8b195da49ba6fff,35,35-6-4-6,11,3,51.51131078899643,-0.1325750324748564,28.827,"POLYGON ((-0.1326370215463662 51.511560372903496, -0.1329358252549578 51.511420323451034, -0.1328738348710161 51.51117073910766, -0.132513043977937 51.51106120463544, -0.1322142421958984 51.511201253667686, -0.1322762293804097 51.51145083759231, -0.1326370215463662 51.511560372903496))",0,True,True,,12
8b195da49128fff,59,59-4-5-0,11,3,51.51214386947084,-0.13912040697269903,28.827,"POLYGON ((-0.1391824290264629 51.51239345531206, -0.1394812378374571 51.51225338740227, -0.139419214471297 51.512003801124806, -0.1390583854938439 51.511894283175614, -0.1387595786089535 51.51203435066498, -0.1388215987754258 51.51228393652395, -0.1391824290264629 51.51239345531206))",0,True,True,,1
8b195da49129fff,59,59-4-5-1,11,3,51.511784764351994,-0.13869755901736838,28.827,"POLYGON ((-0.1387595786089535 51.51203435066498, -0.1390583854938439 51.511894283175614, -0.1389963645898815 51.51164469642638, -0.1386355400006492 51.51153517758504, -0.1383367350418547 51.51167524465398, -0.1383987527462152 51.511924830984704, -0.1387595786089535 51.51203435066498))",0,True,True,,1
8b195da4912afff,59,59-4-5-2,11,3,51.51211331819953,-0.13978004594975824,28.827,"POLYGON ((-0.1398420712032075 51.51236290445923, -0.1401408799291667 51.51222283439978, -0.1400788533633303 51.51197324770385, -0.1397180212712244 51.51186373148581, -0.139419214471297 51.512003801124806, -0.1394812378374571 51.51225338740227, -0.1398420712032075 51.51236290445923))",0,True,True,,1
8b195da4912bfff,59,59-4-5-3,11,3,51.51175421439329,-0.1393571916800561,28.827,"POLYGON ((-0.139419214471297 51.512003801124806, -0.1397180212712244 51.51186373148581, -0.1396559971676305 51.51161414431808, -0.1392951694637388 51.511504627207835, -0.1389963645898815 51.51164469642638, -0.1390583854938439 51.511894283175614, -0.139419214471297 51.512003801124806))",0,True,True,,0
8b195da4912cfff,59,59-4-5-4,11,3,51.512533521928894,-0.13888361951679665,28.827,"POLYGON ((-0.138945640833077 51.51278310687982, -0.1392444516551571 51.51264304069924, -0.1391824290264629 51.51239345531206, -0.1388215987754258 51.51228393652395, -0.1385227898795033 51.51242400228411, -0.1385848093084585 51.5126735872528, -0.138945640833077 51.51278310687982))",0,True,True,,13
8b195da4912dfff,59,59-4-5-5,11,3,51.51217441686143,-0.13846077102542087,28.827,"POLYGON ((-0.1385227898795033 51.51242400228411, -0.1388215987754258 51.51228393652395, -0.1387595786089535 51.51203435066498, -0.1383987527462152 51.511924830984704, -0.1380999457764273 51.51206489632446, -0.1381619627432311 51.51231448176491, -0.1385227898795033 51.51242400228411))",0,True,True,,4
8b195da4912efff,59,59-4-5-6,11,3,51.512502973225736,-0.13954326177854262,28.827,"POLYGON ((-0.1396052862945491 51.51275255859511, -0.1399040970316188 51.51261249026487, -0.1398420712032075 51.51236290445923, -0.1394812378374571 51.51225338740227, -0.1391824290264629 51.51239345531206, -0.1392444516551571 51.51264304069924, -0.1396052862945491 51.51275255859511))",0,True,True,,0
8b195da49728fff,84,84-4-5-0,11,3,51.50647426796218,-0.14705235731308836,28.827,"POLYGON ((-0.1471144120836454 51.50672386919424, -0.1474131921414057 51.506583762029706, -0.1473511360588282 51.50633416036158, -0.1469903031177055 51.5062246662762, -0.1466915249850054 51.50636477302007, -0.1467535778683608 51.50661437426994, -0.1471144120836454 51.50672386919424))",0,True,True,,6
8b195da49729fff,84,84-4-5-1,11,3,51.506115171316274,-0.14662947267676693,28.827,"POLYGON ((-0.1466915249850054 51.50636477302007, -0.1469903031177055 51.5062246662762, -0.1469282494974552 51.505975064136344, -0.1465674209437007 51.50586556915861, -0.1462686447361144 51.50600567548181, -0.1463306951571721 51.50625527720339, -0.1466915249850054 51.50636477302007))",0,True,True,,4
8b195da4972afff,84,84-4-5-2,11,3,51.50644365357232,-0.14771197150016044,28.827,"POLYGON ((-0.1477740294699728 51.50669325522262, -0.148072809441718 51.50655314590845, -0.1480107501598992 51.50630354382206, -0.1476499141055543 51.506194051468086, -0.1473511360588282 51.50633416036158, -0.1474131921414057 51.506583762029706, -0.1477740294699728 51.50669325522262))",0,True,True,,2
8b195da4972bfff,84,84-4-5-3,11,3,51.50608455823951,-0.14728908055140474,28.827,"POLYGON ((-0.1473511360588282 51.50633416036158, -0.1476499141055543 51.506194051468086, -0.1475878572861127 51.50594444890993, -0.1472270256191446 51.50583495566354, -0.1469282494974552 51.505975064136344, -0.1469903031177055 51.5062246662762, -0.1473511360588282 51.50633416036158))",0,True,True,,1
8b195da4972cfff,84,84-4-5-4,11,3,51.50686397506588,-0.14681563132687483,28.827,"POLYGON ((-0.1468776853605281 51.50711357540792, -0.1471764674293571 51.50697346997236, -0.1471144120836454 51.50672386919424, -0.1467535778683608 51.50661437426994, -0.1464547977246714 51.506754479284815, -0.1465168498711149 51.50700407964466, -0.1468776853605281 51.50711357540792))",0,True,True,,3
8b195da4972dfff,84,84-4-5-5,11,3,51.506504878471084,-0.14639274615337622,28.827,"POLYGON ((-0.1464547977246714 51.506754479284815, -0.1467535778683608 51.50661437426994, -0.1466915249850054 51.50636477302007, -0.1463306951571721 51.50625527720339, -0.1460319169386146 51.506395381797624, -0.1460939666227721 51.506644982629204, -0.1464547977246714 51.506754479284815))",0,True,True,,9
8b195da4972efff,84,84-4-5-6,11,3,51.506833363243956,-0.14747524879918414,28.827,"POLYGON ((-0.1475373060321082 51.50708296400421, -0.1478360880149516 51.506942856419016, -0.1477740294699728 51.50669325522262, -0.1474131921414057 51.506583762029706, -0.1471144120836454 51.50672386919424, -0.1471764674293571 51.50697346997236, -0.1475373060321082 51.50708296400421))",0,True,True,,0
8b194ada5870fff,190,190-1-6-0,11,3,51.49337709788443,-0.17615500361893127,28.827,"POLYGON ((-0.1762171867644269 51.49362674048513, -0.1765159015759584 51.49348650878968, -0.1764537171193677 51.49323686575341, -0.17609282104968 51.49312745482994, -0.1757941081600342 51.49326768610379, -0.1758562894181836 51.49351732872272, -0.1762171867644269 51.49362674048513))",0,True,True,,4
8b194ada5871fff,190,190-1-6-1,11,3,51.493018043031036,-0.17573192747808714,28.827,"POLYGON ((-0.1757941081600342 51.49326768610379, -0.17609282104968 51.49312745482994, -0.1760306390566362 51.49287781132161, -0.1756697473723466 51.49276839950453, -0.1753710364046046 51.4929086303568, -0.1754332151992416 51.49315827344776, -0.1757941081600342 51.49326768610379))",0,True,True,,4
8b194ada5872fff,190,190-1-6-2,11,3,51.49334627580145,-0.17681461568712512,28.827,"POLYGON ((-0.1768768020310799 51.49359591881947, -0.1771755167529574 51.49345568497411, -0.1771133290979218 51.4932060415205, -0.1767524299194211 51.49309663232961, -0.1764537171193677 51.49323686575341, -0.1765159015759584 51.49348650878968, -0.1768768020310799 51.49359591881947))",0,True,True,,0
8b194ada5873fff,190,190-1-6-3,11,3,51.492987222263295,-0.1763915332389909,28.827,"POLYGON ((-0.1764537171193677 51.49323686575341, -0.1767524299194211 51.49309663232961, -0.176690244727967 51.49284698840398, -0.1763293499348629 51.49273757831942, -0.1760306390566362 51.49287781132161, -0.17609282104968 51.49312745482994, -0.1764537171193677 51.49323686575341))",0,True,True,,9
8b194ada5874fff,190,190-1-6-4,11,3,51.49376697088781,-0.17591847125251056,28.827,"POLYGON ((-0.1759806536630777 51.49401661259914, -0.1762793704861219 51.493876382631996, -0.1762171867644269 51.49362674048513, -0.1758562894181836 51.49351732872272, -0.1755575745170739 51.49365755826826, -0.1756197550402916 51.493907199997786, -0.1759806536630777 51.49401661259914))",0,True,True,,5
8b194ada5875fff,190,190-1-6-5,11,3,51.49340791608494,-0.17549539457006952,28.827,"POLYGON ((-0.1755575745170739 51.49365755826826, -0.1758562894181836 51.49351732872272, -0.1757941081600342 51.49326768610379, -0.1754332151992416 51.49315827344776, -0.1751345022200947 51.49329850257175, -0.1751966802797859 51.4935481447733, -0.1755575745170739 51.49365755826826))",0,True,True,,0
8b194ada5876fff,190,190-1-6-6,11,3,51.493736151372104,-0.17657808660877916,28.827,"POLYGON ((-0.1766402722178566 51.493985793500734, -0.1769389889512711 51.49384556138366, -0.1768768020310799 51.49359591881947, -0.1765159015759584 51.49348650878968, -0.1762171867644269 51.49362674048513, -0.1762793704861219 51.493876382631996, -0.1766402722178566 51.493985793500734))",0,True,True,,4
8b194ada5940fff,190,190-5-0-0,11,3,51.49499818617176,-0.17388961629279465,28.827,"POLYGON ((-0.1739517901012334 51.49524782437999, -0.1742505131376551 51.4951076038978, -0.1741883380179766 51.494857965253956, -0.1738274430604675 51.494748547509694, -0.1735287219462142 51.49488876757035, -0.1735908938673099 51.495138405796794, -0.1739517901012334 51.49524782437999))",0,True,True,,6
8b194ada5941fff,190,190-5-0-1,11,3,51.49463912889009,-0.17346655060125465,28.827,"POLYGON ((-0.1735287219462142 51.49488876757035, -0.1738274430604675 51.494748547509694, -0.1737652704042716 51.494498908393815, -0.1734043798323893 51.494389489755996, -0.1731056606403429 51.49452970939515, -0.1731678300979803 51.49477934809363, -0.1735287219462142 51.49488876757035))",0,True,True,,6
8b194ada5942fff,190,190-5-0-2,11,3,51.49496738212285,-0.17454923547379222,28.827,"POLYGON ((-0.1746114124808675 51.495217020748456, -0.1749101354279298 51.49507679811634, -0.1748479571096596 51.49482715905512, -0.1744870590429271 51.49471774304339, -0.1741883380179766 51.494857965253956, -0.1742505131376551 51.4951076038978, -0.1746114124808675 51.495217020748456))",0,True,True,,1
8b194ada5943fff,190,190-5-0-3,11,3,51.49460832615625,-0.17412616347444562,28.827,"POLYGON ((-0.1741883380179766 51.494857965253956, -0.1744870590429271 51.49471774304339, -0.1744248831882047 51.49446810351008, -0.1740639895070973 51.494358686604755, -0.1737652704042716 51.494498908393815, -0.1738274430604675 51.494748547509694, -0.1741883380179766 51.494857965253956))",0,True,True,,3
8b194ada5944fff,190,190-5-0-4,11,3,51.49538804356937,-0.17365306636454256,28.827,"POLYGON ((-0.1737152394379183 51.49563768088813, -0.1740139644858358 51.49549746213434, -0.1739517901012334 51.49524782437999, -0.1735908938673099 51.495138405796794, -0.1732921707416046 51.495278624129085, -0.1733543419276086 51.49552826146603, -0.1737152394379183 51.49563768088813))",0,True,True,,3
8b194ada5945fff,190,190-5-0-5,11,3,51.495028986338255,-0.17323000013173212,28.827,"POLYGON ((-0.1732921707416046 51.495278624129085, -0.1735908938673099 51.495138405796794, -0.1735287219462142 51.49488876757035, -0.1731678300979803 51.49477934809363, -0.1728691088945153 51.49491956600441, -0.172931277617042 51.4951692038134, -0.1732921707416046 51.495278624129085))",0,True,True,,2
8b194ada5946fff,190,190-5-0-6,11,3,51.49535724208779,-0.17431268883351805,28.827,"POLYGON ((-0.174374865105515 51.49560687982391, -0.1746735900641026 51.49546665892021, -0.1746114124808675 51.495217020748456, -0.1742505131376551 51.4951076038978, -0.1739517901012334 51.49524782437999, -0.1740139644858358 51.49549746213434, -0.174374865105515 51.49560687982391))",0,True,True,,0
