tile_id,seed_index,tile_path_id,h3_res,level,center_lat,center_lon,tile_size_m,geometry,children,checked,fetch_success,current,result_count
88194ad325fffff,20,20,8,0,51.51329597840317,-0.1223935480760955,531.415,"POLYGON ((-0.1211689494714793 51.51776999100632, -0.1278781214559564 51.51657677751168, -0.129102239577905 51.512102512397384, -0.1236179677558104 51.50882172793671, -0.1169098629679935 51.51001498239984, -0.1156849629172356 51.514488980339976, -0.1211689494714793 51.51776999100632))",7,True,True,True,445
88195da4d3fffff,30,30,8,0,51.521050804733605,-0.1266538244336612,531.415,"POLYGON ((-0.1254293484729426 51.52552459402137, -0.1321395879191482 51.524331421397896, -0.1333635832229108 51.51985737960141, -0.1278781214559564 51.51657677751168, -0.1211689494714793 51.51776999100632, -0.1199441719038596 51.52224376570438, -0.1254293484729426 51.52552459402137))",7,True,True,True,174
88195da499fffff,39,39,8,0,51.51538309988355,-0.1345873996509167,531.415,"POLYGON ((-0.1333635832229108 51.51985737960141, -0.1400734480900305 51.51866349027133, -0.1412967838748579 51.514188958085406, -0.1358110372412646 51.51090858228601, -0.129102239577905 51.512102512397384, -0.1278781214559564 51.51657677751168, -0.1333635832229108 51.51985737960141))",7,True,True,True,687
88195da4d7fffff,56,56,8,0,51.52313778454856,-0.1388499334922011,531.415,"POLYGON ((-0.1376262400432606 51.52761184087534, -0.14433717237912 51.52641799222921, -0.1455603850105172 51.52194368343691, -0.1400734480900305 51.51866349027133, -0.1333635832229108 51.51985737960141, -0.1321395879191482 51.524331421397896, -0.1376262400432606 51.52761184087534))",7,True,True,True,199
88195da49dfffff,66,66,8,0,51.51746913670684,-0.1467834188535475,531.415,"POLYGON ((-0.1455603850105172 51.52194368343691, -0.1522709422925054 51.520749118026366, -0.1534934953318697 51.516274318871396, -0.1480062739463062 51.512994352080774, -0.1412967838748579 51.514188958085406, -0.1400734480900305 51.51866349027133, -0.1455603850105172 51.52194368343691))",7,True,True,True,262
89194ad3243ffff,20,20-0,9,1,51.513295978403185,-0.12239354807609557,200.821,"POLYGON ((-0.1228271494227021 51.515042990234434, -0.1249188803397323 51.51406289430795, -0.12448521467465 51.51231586108872, -0.1219599748637756 51.5115489443326, -0.1198683383942746 51.512529019685154, -0.1203018472885261 51.51427603236634, -0.1228271494227021 51.515042990234434))",7,True,True,,69
89194ad3247ffff,20,20-1,9,1,51.51078198476735,-0.11943485762791499,200.821,"POLYGON ((-0.1198683383942746 51.512529019685154, -0.1219599748637756 51.5115489443326, -0.121526429783032 51.50980188802585, -0.1190014049867579 51.509034927616064, -0.1169098629679986 51.51001498239986, -0.1173432512951748 51.51176201816077, -0.1198683383942746 51.512529019685154))",7,True,True,,50
89194ad324bffff,20,20-2,9,1,51.51308273502882,-0.12701057705972368,200.821,"POLYGON ((-0.1274443351843037 51.51482976739256, -0.1295360620180222 51.51384956614588, -0.129102239577905 51.512102512397384, -0.1265768470794996 51.511335680423414, -0.12448521467465 51.51231586108872, -0.1249188803397323 51.51406289430795, -0.1274443351843037 51.51482976739256))",7,True,True,,113
89194ad324fffff,20,20-3,9,1,51.51056880563061,-0.12405157714757449,200.821,"POLYGON ((-0.12448521467465 51.51231586108872, -0.1265768470794996 51.511335680423414, -0.1261431452409716 51.509588603579616, -0.1236179677558104 51.50882172793671, -0.121526429783032 51.50980188802585, -0.1219599748637756 51.5115489443326, -0.12448521467465 51.51231586108872))",7,True,True,,104
89194ad3253ffff,20,20-4,9,1,51.51602302280775,-0.12073538431335411,200.821,"POLYGON ((-0.1211689494714793 51.51776999100632, -0.1232607789062804 51.51678997982327, -0.1228271494227021 51.515042990234434, -0.1203018472885261 51.51427603236634, -0.1182101123167248 51.51525602297771, -0.118643585016467 51.51700299202748, -0.1211689494714793 51.51776999100632))",7,True,True,,26
89194ad3257ffff,20,20-5,9,1,51.513509031687775,-0.11777666774385379,200.821,"POLYGON ((-0.1182101123167248 51.51525602297771, -0.1203018472885261 51.51427603236634, -0.1198683383942746 51.512529019685154, -0.1173432512951748 51.51176201816077, -0.1152516107895486 51.512741988205654, -0.1156849629172356 51.514488980339976, -0.1182101123167248 51.51525602297771))",7,True,True,,25
89194ad325bffff,20,20-6,9,1,51.515809905285174,-0.12535257414546075,200.821,"POLYGON ((-0.1257862960945721 51.51755689401729, -0.1278781214559564 51.51657677751168, -0.1274443351843037 51.51482976739256, -0.1249188803397323 51.51406289430795, -0.1228271494227021 51.515042990234434, -0.1232607789062804 51.51678997982327, -0.1257862960945721 51.51755689401729))",7,True,True,,73
89195da4d23ffff,30,30-0,9,1,51.52105080473359,-0.12665382443367654,200.821,"POLYGON ((-0.1270876308290216 51.52279772671153, -0.1291796491802681 51.521817674369494, -0.1287457784512444 51.520070731003244, -0.1262200461897469 51.51930386050114, -0.1241281222951245 51.5202838922611, -0.1245618362057668 51.522030815103854, -0.1270876308290216 51.52279772671153))",0,True,True,,9
89195da4d27ffff,30,30-1,9,1,51.51853694716654,-0.12369443652954654,200.821,"POLYGON ((-0.1241281222951245 51.5202838922611, -0.1262200461897469 51.51930386050114, -0.1257862960945721 51.51755689401729, -0.1232607789062804 51.51678997982327, -0.1211689494714793 51.51776999100632, -0.1216025427655304 51.519516936958915, -0.1241281222951245 51.5202838922611))",7,True,True,,41
89195da4d2bffff,30,30-2,9,1,51.520837558665974,-0.13127163331311964,200.821,"POLYGON ((-0.1317055965340409 51.52258450116187, -0.1337976107745285 51.52160434348236, -0.1333635832228955 51.51985737960142, -0.1308376982537789 51.51909059391329, -0.1287457784512444 51.520070731003244, -0.1291796491802681 51.521817674369494, -0.1317055965340409 51.52258450116187))",0,True,True,,12
89195da4d2fffff,30,30-3,9,1,51.518323765382924,-0.1283119358773779,200.821,"POLYGON ((-0.1287457784512444 51.520070731003244, -0.1308376982537789 51.51909059391329, -0.1304037913532599 51.517343606906955, -0.1278781214559564 51.51657677751168, -0.1257862960945721 51.51755689401729, -0.1262200461897469 51.51930386050114, -0.1287457784512444 51.520070731003244))",7,True,True,,33
89195da4d33ffff,30,30-4,9,1,51.52377771569164,-0.12499557826413894,200.821,"POLYGON ((-0.1254293484729426 51.52552459402137, -0.1275214653784995 51.524544626431855, -0.1270876308290216 51.52279772671153, -0.1245618362057668 51.522030815103854, -0.1224698137723154 51.523010762113515, -0.12290349149038 51.52475764130935, -0.1254293484729426 51.52552459402137))",7,True,True,,30
89195da4d37ffff,30,30-5,9,1,51.521263860662344,-0.12203616419826427,200.821,"POLYGON ((-0.1224698137723154 51.523010762113515, -0.1245618362057668 51.522030815103854, -0.1241281222951245 51.5202838922611, -0.1216025427655304 51.519516936958915, -0.1195106148073494 51.52049686339393, -0.1199441719038596 51.52224376570438, -0.1224698137723154 51.523010762113515))",7,True,True,,29
89195da4d3bffff,30,30-6,9,1,51.52356459547855,-0.12961354806711023,200.821,"POLYGON ((-0.1300474751144833 51.52531149432724, -0.1321395879191482 51.524331421397896, -0.1317055965340409 51.52258450116187, -0.1291796491802681 51.521817674369494, -0.1270876308290216 51.52279772671153, -0.1275214653784995 51.524544626431855, -0.1300474751144833 51.52531149432724))",0,True,True,,8
89195da4983ffff,39,39-0,9,1,51.515383099883536,-0.13458739965092695,200.821,"POLYGON ((-0.135021435194726 51.517130129656316, -0.13711325232369 51.51614980249029, -0.1366791524631927 51.51440275133702, -0.1341533922706421 51.51363604786109, -0.1320616695487234 51.5146163544331, -0.1324956126126929 51.51636338507367, -0.135021435194726 51.517130129656316))",7,True,True,,98
89195da4987ffff,39,39-1,9,1,51.51286930154555,-0.13162775464191226,200.821,"POLYGON ((-0.1320616695487234 51.5146163544331, -0.1341533922706421 51.51363604786109, -0.1337194130512457 51.51188897359213, -0.1311938678895985 51.511122226414194, -0.129102239577905 51.512102512397384, -0.1295360620180222 51.51384956614588, -0.1320616695487234 51.5146163544331))",7,True,True,,241
89195da498bffff,39,39-2,9,1,51.51516941196648,-0.13920503521863595,200.821,"POLYGON ((-0.1396392275661555 51.51691646224644, -0.1417310405361084 51.515936029742555, -0.1412967838748477 51.51418895808541, -0.1387708710447684 51.513422339434634, -0.1366791524631927 51.51440275133702, -0.13711325232369 51.51614980249029, -0.1396392275661555 51.51691646224644))",7,True,True,,58
89195da498fffff,39,39-3,9,1,51.512655677934575,-0.13624508076992972,200.821,"POLYGON ((-0.1366791524631927 51.51440275133702, -0.1387708710447684 51.513422339434634, -0.1383367350418803 51.511675244653986, -0.1358110372412646 51.51090858228601, -0.1337194130512457 51.51188897359213, -0.1341533922706421 51.51363604786109, -0.1366791524631927 51.51440275133702))",7,True,True,,130
89195da4993ffff,39,39-4,9,1,51.51811039346416,-0.13292958383651274,200.821,"POLYGON ((-0.1333635832228955 51.51985737960142, -0.1354554989048188 51.51887713717636, -0.135021435194726 51.517130129656316, -0.1324956126126929 51.51636338507367, -0.1304037913532599 51.517343606906955, -0.1308376982537789 51.51909059391329, -0.1333635832228955 51.51985737960142))",7,True,True,,59
89195da4997ffff,39,39-5,9,1,51.51559659765011,-0.1299699126089015,200.821,"POLYGON ((-0.1304037913532599 51.517343606906955, -0.1324956126126929 51.51636338507367, -0.1320616695487234 51.5146163544331, -0.1295360620180222 51.51384956614588, -0.1274443351843037 51.51482976739256, -0.1278781214559564 51.51657677751168, -0.1304037913532599 51.517343606906955))",7,True,True,,70
89195da499bffff,39,39-6,9,1,51.5178968313912,-0.1375473803541602,200.821,"POLYGON ((-0.1379815365572553 51.51964383803662, -0.1400734480900254 51.51866349027135, -0.1396392275661555 51.51691646224644, -0.13711325232369 51.51614980249029, -0.135021435194726 51.517130129656316, -0.1354554989048188 51.51887713717636, -0.1379815365572553 51.51964383803662))",7,True,True,,58
89195da4d63ffff,56,56-0,9,1,51.52313778454856,-0.13884993349219593,200.821,"POLYGON ((-0.1392841742294184 51.52488472440884, -0.1413762787467237 51.52390444078456, -0.1409419736776258 51.52215747954352, -0.1384157209357096 51.52139082242347, -0.1363237108344927 51.522371085445535, -0.136757859059506 51.52411802618845, -0.1392841742294184 51.52488472440884))",7,True,True,,43
89195da4d67ffff,56,56-1,9,1,51.52062412244045,-0.13588959078384166,200.821,"POLYGON ((-0.1363237108344927 51.522371085445535, -0.1384157209357096 51.52139082242347, -0.1379815365572553 51.51964383803662, -0.1354554989048188 51.51887713717636, -0.1333635832228955 51.51985737960142, -0.1337976107745285 51.52160434348236, -0.1363237108344927 51.522371085445535))",7,True,True,,66
89195da4d6bffff,56,56-2,9,1,51.52292409379376,-0.1434683490086593,200.821,"POLYGON ((-0.1439027465971139 51.524671054146616, -0.1459948469279082 51.52369066516725, -0.1455603850105172 51.52194368343691, -0.1430339796110002 51.5211771111738, -0.1409419736776258 51.52215747954352, -0.1413762787467237 51.52390444078456, -0.1439027465971139 51.524671054146616))",7,True,True,,22
89195da4d6fffff,56,56-3,9,1,51.52041049603805,-0.140507696792944,200.821,"POLYGON ((-0.1409419736776258 51.52215747954352, -0.1430339796110002 51.5211771111738, -0.1425996384014934 51.51943010628988, -0.1400734480900254 51.51866349027135, -0.1379815365572553 51.51964383803662, -0.1384157209357096 51.52139082242347, -0.1409419736776258 51.52215747954352))",7,True,True,,40
89195da4d73ffff,56,56-4,9,1,51.5258649446661,-0.13719203546153413,200.821,"POLYGON ((-0.1376262400432606 51.52761184087534, -0.1397184431500606 51.526631642001114, -0.1392841742294184 51.52488472440884, -0.136757859059506 51.52411802618845, -0.1346657503842604 51.52509820446271, -0.1350998624477607 51.52684510155589, -0.1376262400432606 51.52761184087534))",7,True,True,,27
89195da4d77ffff,56,56-5,9,1,51.52335128510383,-0.1342316664940688,200.821,"POLYGON ((-0.1346657503842604 51.52509820446271, -0.136757859059506 51.52411802618845, -0.1363237108344927 51.522371085445535, -0.1337976107745285 51.52160434348236, -0.1317055965340409 51.52258450116187, -0.1321395879191482 51.524331421397896, -0.1346657503842604 51.52509820446271))",0,True,True,,9
89195da4d7bffff,56,56-6,9,1,51.525651379758045,-0.14181061200292683,200.821,"POLYGON ((-0.1422449734489603 51.52739829646087, -0.14433717237912 51.52641799222921, -0.1439027465971139 51.524671054146616, -0.1413762787467237 51.52390444078456, -0.1392841742294184 51.52488472440884, -0.1397184431500606 51.526631642001114, -0.1422449734489603 51.52739829646087))",0,True,True,,9
89195da49c3ffff,66,66-0,9,1,51.51746913670682,-0.14678341885353213,200.821,"POLYGON ((-0.1472178887027651 51.519216184342206, -0.1493097918516835 51.51823562588124, -0.1488752576875712 51.516488556872936, -0.1463489771971462 51.51572206681148, -0.1442571684147145 51.51670260465829, -0.14469154575661 51.51844965317931, -0.1472178887027651 51.519216184342206))",0,True,True,,7
89195da49c7ffff,66,66-1,9,1,51.51495553388001,-0.1438228192592878,200.821,"POLYGON ((-0.1442571684147145 51.51670260465829, -0.1463489771971462 51.51572206681148, -0.145914563730918 51.51397497465926, -0.1433884982875999 51.51320844084753, -0.1412967838748477 51.51418895808541, -0.1417310405361084 51.515936029742555, -0.1442571684147145 51.51670260465829))",7,True,True,,45
89195da49cbffff,66,66-2,9,1,51.517255004057475,-0.1514016607296021,200.821,"POLYGON ((-0.1518362874082281 51.51900207217463, -0.1539281863223997 51.51802140835821, -0.1534934953318697 51.516274318871396, -0.1509670622539321 51.515507913678114, -0.1488752576875712 51.516488556872936, -0.1493097918516835 51.51823562588124, -0.1518362874082281 51.51900207217463))",7,True,True,,58
89195da49cfffff,66,66-3,9,1,51.51474146560509,-0.14844075172000526,200.821,"POLYGON ((-0.1488752576875712 51.516488556872936, -0.1509670622539321 51.515507913678114, -0.1505324919785279 51.5137608010396, -0.1480062739462858 51.512994352080796, -0.145914563730918 51.51397497465926, -0.1463489771971462 51.51572206681148, -0.1488752576875712 51.516488556872936))",7,True,True,,65
89195da49d3ffff,66,66-4,9,1,51.520196679439884,-0.1451259512876273,200.821,"POLYGON ((-0.1455603850105172 51.52194368343691, -0.1476523867475501 51.52096320971445, -0.1472178887027651 51.519216184342206, -0.14469154575661 51.51844965317931, -0.1425996384014934 51.51943010628988, -0.1430339796110002 51.5211771111738, -0.1455603850105172 51.52194368343691))",0,True,True,,8
89195da49d7ffff,66,66-5,9,1,51.517683079145094,-0.1421653253774547,200.821,"POLYGON ((-0.1425996384014934 51.51943010628988, -0.14469154575661 51.51844965317931, -0.1442571684147145 51.51670260465829, -0.1417310405361084 51.515936029742555, -0.1396392275661555 51.51691646224644, -0.1400734480900254 51.51866349027135, -0.1425996384014934 51.51943010628988))",7,True,True,,64
89195da49dbffff,66,66-6,9,1,51.519982672626845,-0.14974435421502685,200.821,"POLYGON ((-0.1501789447803374 51.52172969710666, -0.152270942292485 51.520749118026366, -0.1518362874082281 51.51900207217463, -0.1493097918516835 51.51823562588124, -0.1472178887027651 51.519216184342206, -0.1476523867475501 51.52096320971445, -0.1501789447803374 51.52172969710666))",0,True,True,,17
8a194ad32407fff,20,20-0-0,10,2,51.513295978403185,-0.12239354807607512,75.864,"POLYGON ((-0.1222186163737696 51.513935137624806, -0.1231770041722578 51.51376467604778, -0.1233519260697982 51.51312551167275, -0.1225684761268753 51.51265681432722, -0.121610110107917 51.51282727674032, -0.1214351722526581 51.51346643566284, -0.1222186163737696 51.513935137624806))",0,True,True,,13
8a194ad3240ffff,20,20-0-1,10,2,51.51218811296354,-0.12178504431157958,75.864,"POLYGON ((-0.121610110107917 51.51282727674032, -0.1225684761268753 51.51265681432722, -0.1227434005262693 51.512017645396995, -0.1219599748637756 51.5115489443326, -0.1210016306235519 51.511719407582106, -0.1208266902674141 51.512358571059565, -0.121610110107917 51.51282727674032))",0,True,True,,12
8a194ad32417fff,20,20-0-2,10,2,51.51359420499979,-0.12413539414061037,75.864,"POLYGON ((-0.1239604783967528 51.51423336967376, -0.1249188803397323 51.51406289430795, -0.1250937862783357 51.51342372448067, -0.1243103062332182 51.512955035471386, -0.1233519260697982 51.51312551167275, -0.1231770041722578 51.51376467604778, -0.1239604783967528 51.51423336967376))",0,True,True,,7
8a194ad3241ffff,20,20-0-3,10,2,51.512486342443374,-0.12352684431597227,75.864,"POLYGON ((-0.1233519260697982 51.51312551167275, -0.1243103062332182 51.512955035471386, -0.12448521467465 51.51231586108872, -0.1237017589109354 51.51184716835983, -0.1227434005262693 51.512017645396995, -0.1225684761268753 51.51265681432722, -0.1233519260697982 51.51312551167275))",0,True,True,,6
8a194ad32427fff,20,20-0-4,10,2,51.51410558973096,-0.12126023074568325,75.864,"POLYGON ((-0.121085285586878 51.514744738944565, -0.1220436810197932 51.514574291991956, -0.1222186163737696 51.513935137624806, -0.1214351722526581 51.51346643566284, -0.1204767986000029 51.5136368834518, -0.1203018472885261 51.51427603236634, -0.121085285586878 51.514744738944565))",0,True,True,,2
8a194ad3242ffff,20,20-0-5,10,2,51.51299772968283,-0.12065174625960427,75.864,"POLYGON ((-0.1204767986000029 51.5136368834518, -0.1214351722526581 51.51346643566284, -0.121610110107917 51.51282727674032, -0.1208266902674141 51.512358571059565, -0.1198683383942746 51.512529019685154, -0.1196933845824747 51.51316817315484, -0.1204767986000029 51.5136368834518))",0,True,True,,14
8a194ad32437fff,20,20-0-6,10,2,51.51440383556839,-0.12300207862325714,75.864,"POLYGON ((-0.1228271494227021 51.515042990234434, -0.1237855590014851 51.51487252949324, -0.1239604783967528 51.51423336967376, -0.1231770041722578 51.51376467604778, -0.1222186163737696 51.513935137624806, -0.1220436810197932 51.514574291991956, -0.1228271494227021 51.515042990234434))",0,True,True,,16
8a194ad32447fff,20,20-1-0,10,2,51.51078198476735,-0.11943485762790478,75.864,"POLYGON ((-0.119259904968024 51.51142114764578, -0.120218235062428 51.51125069818325, -0.1203931779190155 51.51061153015126, -0.1196098066360971 51.510142817035046, -0.1186514983196486 51.51031326733475, -0.1184765395084746 51.510952429913466, -0.119259904968024 51.51142114764578))",0,True,True,,6
8a194ad3244ffff,20,20-1-1,10,2,51.50967409990224,-0.11882645347901784,75.864,"POLYGON ((-0.1186514983196486 51.51031326733475, -0.1196098066360971 51.510142817035046, -0.1197847519926798 51.50950364444897, -0.1190014049867579 51.509034927616064, -0.1180431184474849 51.50920537875327, -0.1178681571372953 51.509844545885834, -0.1186514983196486 51.51031326733475))",0,True,True,,0
8a194ad32457fff,20,20-1-2,10,2,51.511080239250575,-0.12117656732811684,75.864,"POLYGON ((-0.1210016306235519 51.511719407582106, -0.1219599748637756 51.5115489443326, -0.1221349017645583 51.51090977084767, -0.1213515003812592 51.510441066065106, -0.1203931779190155 51.51061153015126, -0.120218235062428 51.51125069818325, -0.1210016306235519 51.511719407582106))",0,True,True,,15
8a194ad3245ffff,20,20-1-3,10,2,51.50997235726543,-0.12056811712406902,75.864,"POLYGON ((-0.1203931779190155 51.51061153015126, -0.1213515003812592 51.510441066065106, -0.121526429783032 51.50980188802585, -0.1207430526777132 51.50933317952586, -0.1197847519926798 51.50950364444897, -0.1196098066360971 51.510142817035046, -0.1203931779190155 51.51061153015126))",0,True,True,,10
8a194ad32467fff,20,20-1-4,10,2,51.511591587638236,-0.11830157704542713,75.864,"POLYGON ((-0.1181266109303918 51.51223074050897, -0.119084948656325 51.51206030567017, -0.119259904968024 51.51142114764578, -0.1184765395084746 51.510952429913466, -0.1175182235612573 51.511122865589726, -0.1173432512951748 51.51176201816077, -0.1181266109303918 51.51223074050897))",0,True,True,,10
8a194ad3246ffff,20,20-1-5,10,2,51.5104837081647,-0.11769319217524059,75.864,"POLYGON ((-0.1175182235612573 51.511122865589726, -0.1184765395084746 51.510952429913466, -0.1186514983196486 51.51031326733475, -0.1178681571372953 51.509844545885834, -0.1169098629679986 51.51001498239986, -0.1167348882034309 51.510654139524995, -0.1175182235612573 51.511122865589726))",0,True,True,,3
8a194ad32477fff,20,20-1-6,10,2,51.51188986136126,-0.12004328855423275,75.864,"POLYGON ((-0.1198683383942746 51.512529019685154, -0.1208266902674141 51.512358571059565, -0.1210016306235519 51.511719407582106, -0.120218235062428 51.51125069818325, -0.119259904968024 51.51142114764578, -0.119084948656325 51.51206030567017, -0.1198683383942746 51.512529019685154))",0,True,True,,17
8a194ad32487fff,20,20-2-0,10,2,51.51308273502878,-0.12701057705970317,75.864,"POLYGON ((-0.1268356907320489 51.5137219151624, -0.1277940991803211 51.51355141138246, -0.1279689757022959 51.512912226095786, -0.1271854597366273 51.51244355004088, -0.1262270730671678 51.51261405465557, -0.1260521805848706 51.513253234490385, -0.1268356907320489 51.5137219151624))",0,True,True,,14
8a194ad3248ffff,20,20-2-1,10,2,51.51197486996654,-0.12640196189868963,75.864,"POLYGON ((-0.1262270730671678 51.51261405465557, -0.1271854597366273 51.51244355004088, -0.1273603387629612 51.51180436019877, -0.1265768470794996 51.511335680423414, -0.1256184821880779 51.511506185873124, -0.1254435872024067 51.51214537026315, -0.1262270730671678 51.51261405465557))",7,True,True,,20
8a194ad32497fff,20,20-2-2,10,2,51.51338089813091,-0.1287525097959677,75.864,"POLYGON ((-0.1285776394293702 51.51402008371622, -0.1295360620180222 51.51384956614588, -0.1297109225784922 51.51321037540763, -0.1289273765121367 51.512741707691234, -0.1279689757022959 51.512912226095786, -0.1277940991803211 51.51355141138246, -0.1285776394293702 51.51402008371622))",0,True,True,,13
8a194ad3249ffff,20,20-2-3,10,2,51.51227303595484,-0.12814384857372055,75.864,"POLYGON ((-0.1279689757022959 51.512912226095786, -0.1289273765121367 51.512741707691234, -0.129102239577905 51.512102512397384, -0.1283187177947248 51.51163384095978, -0.1273603387629612 51.51180436019877, -0.1271854597366273 51.51244355004088, -0.1279689757022959 51.512912226095786))",0,True,True,,18
8a194ad324a7fff,20,20-2-4,10,2,51.51389240947087,-0.12587728445167348,75.864,"POLYGON ((-0.1257023846674364 51.514531579596934, -0.1266608007535244 51.51436109044164, -0.1268356907320489 51.5137219151624, -0.1260521805848706 51.513253234490385, -0.1250937862783357 51.51342372448067, -0.1249188803397323 51.51406289430795, -0.1257023846674364 51.514531579596934))",7,True,True,,26
8a194ad324affff,20,20-2-5,10,2,51.51278454979905,-0.12526868856585396,75.864,"POLYGON ((-0.1250937862783357 51.51342372448067, -0.1260521805848706 51.513253234490385, -0.1262270730671678 51.51261405465557, -0.1254435872024067 51.51214537026315, -0.12448521467465 51.51231586108872, -0.1243103062332182 51.512955035471386, -0.1250937862783357 51.51342372448067))",0,True,True,,8
8a194ad324b7fff,20,20-2-6,10,2,51.514190591814746,-0.12761921900767642,75.864,"POLYGON ((-0.1274443351843037 51.51482976739256, -0.1284027654121634 51.51465926444708, -0.1285776394293702 51.51402008371622, -0.1277940991803211 51.51355141138246, -0.1268356907320489 51.5137219151624, -0.1266608007535244 51.51436109044164, -0.1274443351843037 51.51482976739256))",0,True,True,,10
8a194ad324c7fff,20,20-3-0,10,2,51.51056880563061,-0.12405157714757449,75.864,"POLYGON ((-0.1238766698547562 51.51120798942218, -0.1248350206044891 51.511037497761045, -0.1250099180931049 51.51039830881626, -0.1242264807894895 51.509929616985204, -0.1232681518170208 51.510100109482195, -0.1230932383712199 51.51073929297438, -0.1238766698547562 51.51120798942218))",7,True,True,,27
8a194ad324cffff,20,20-3-1,10,2,51.50946092113627,-0.12344306161185299,75.864,"POLYGON ((-0.1232681518170208 51.510100109482195, -0.1242264807894895 51.509929616985204, -0.124401380780626 51.50929042348608, -0.1236179677558104 51.50882172793671, -0.1226596605598057 51.50899222126988, -0.1224847446124588 51.50963140931616, -0.1232681518170208 51.510100109482195))",0,True,True,,10
8a194ad324d7fff,20,20-3-2,10,2,51.510866996629126,-0.1257933735229767,75.864,"POLYGON ((-0.1256184821880779 51.511506185873124, -0.1265768470794996 51.511335680423414, -0.1267517286097479 51.51069648602633, -0.1259682612072586 51.51022780253124, -0.1250099180931049 51.51039830881626, -0.1248350206044891 51.511037497761045, -0.1256184821880779 51.511506185873124))",0,True,True,,12
8a194ad324dffff,20,20-3-3,10,2,51.509759115017694,-0.12518481193097195,75.864,"POLYGON ((-0.1250099180931049 51.51039830881626, -0.1259682612072586 51.51022780253124, -0.1261431452409716 51.509588603579616, -0.125359702118271 51.50911991636547, -0.124401380780626 51.50929042348608, -0.1242264807894895 51.509929616985204, -0.1250099180931049 51.51039830881626))",0,True,True,,9
8a194ad324e7fff,20,20-3-4,10,2,51.51137847161269,-0.12291832127434087,75.864,"POLYGON ((-0.1227434005262693 51.512017645396995, -0.1237017589109354 51.51184716835983, -0.1238766698547562 51.51120798942218, -0.1230932383712199 51.51073929297438, -0.1221349017645583 51.51090977084767, -0.1219599748637756 51.5115489443326, -0.1227434005262693 51.512017645396995))",7,True,True,,21
8a194ad324effff,20,20-3-5,10,2,51.51027059250881,-0.12230982501409315,75.864,"POLYGON ((-0.1221349017645583 51.51090977084767, -0.1230932383712199 51.51073929297438, -0.1232681518170208 51.510100109482195, -0.1224847446124588 51.50963140931616, -0.121526429783032 51.50980188802585, -0.1213515003812592 51.510441066065106, -0.1221349017645583 51.51090977084767))",0,True,True,,15
8a194ad324f7fff,20,20-3-6,10,2,51.51167668185191,-0.1246601194650457,75.864,"POLYGON ((-0.12448521467465 51.51231586108872, -0.1254435872024067 51.51214537026315, -0.1256184821880779 51.511506185873124, -0.1248350206044891 51.511037497761045, -0.1238766698547562 51.51120798942218, -0.1237017589109354 51.51184716835983, -0.12448521467465 51.51231586108872))",0,True,True,,10
8a194ad32507fff,20,20-4-0,10,2,51.516023022807786,-0.12073538431336948,75.864,"POLYGON ((-0.1205604281984321 51.516662157457105, -0.1215188530469491 51.51649172596534, -0.1216937993564923 51.515852586162346, -0.1209103367761534 51.515383883303556, -0.1199519337094322 51.515554315631654, -0.1197769714415964 51.51619344998219, -0.1205604281984321 51.516662157457105))",0,True,True,,2
8a194ad3250ffff,20,20-4-1,10,2,51.51491517642634,-0.12012689232503901,75.864,"POLYGON ((-0.1199519337094322 51.515554315631654, -0.1209103367761534 51.515383883303556, -0.121085285586878 51.514744738944565, -0.1203018472885261 51.51427603236634, -0.119343466002846 51.514446465531066, -0.119168501234824 51.51508560443734, -0.1199519337094322 51.515554315631654))",0,True,True,,0
8a194ad32517fff,20,20-4-2,10,2,51.51632128500239,-0.1224772800664302,75.864,"POLYGON ((-0.1223023399104997 51.51696042510404, -0.1232607789062804 51.51678997982327, -0.1234357092563685 51.5161508345681, -0.1226522165704527 51.51568214004582, -0.1216937993564923 51.515852586162346, -0.1215188530469491 51.51649172596534, -0.1223023399104997 51.51696042510404))",0,True,True,,1
8a194ad3251ffff,20,20-4-3,10,2,51.515213441504514,-0.1218687420140722,75.864,"POLYGON ((-0.1216937993564923 51.515852586162346, -0.1226522165704527 51.51568214004582, -0.1228271494227021 51.515042990234434, -0.1220436810197932 51.514574291991956, -0.121085285586878 51.514744738944565, -0.1209103367761534 51.515383883303556, -0.1216937993564923 51.515852586162346))",0,True,True,,6
8a194ad32527fff,20,20-4-4,10,2,51.51683257947778,-0.11960200552143746,75.864,"POLYGON ((-0.1194270359488103 51.51747170411835, -0.1203854684312219 51.51730128725148, -0.1205604281984321 51.516662157457105, -0.1197769714415964 51.51619344998219, -0.1188185607417311 51.516363867685676, -0.118643585016467 51.51700299202748, -0.1194270359488103 51.51747170411835))",0,True,True,,4
8a194ad3252ffff,20,20-4-5,10,2,51.515724738488906,-0.11899353281448714,75.864,"POLYGON ((-0.1188185607417311 51.516363867685676, -0.1197769714415964 51.51619344998219, -0.1199519337094322 51.515554315631654, -0.119168501234824 51.51508560443734, -0.1182101123167248 51.51525602297771, -0.1180351340918048 51.51589515187546, -0.1188185607417311 51.516363867685676))",0,True,True,,4
8a194ad32537fff,20,20-4-6,10,2,51.517130860913376,-0.12134390308529751,75.864,"POLYGON ((-0.1211689494714793 51.51776999100632, -0.1221273961025569 51.51759956035061, -0.1223023399104997 51.51696042510404, -0.1215188530469491 51.51649172596534, -0.1205604281984321 51.516662157457105, -0.1203854684312219 51.51730128725148, -0.1211689494714793 51.51776999100632))",0,True,True,,9
8a194ad32547fff,20,20-5-0,10,2,51.51350903168777,-0.11777666774385379,75.864,"POLYGON ((-0.1176016906721426 51.5141481699956, -0.1185600578092408 51.51397775061807, -0.1187350250770453 51.513338607156435, -0.1179516411632286 51.51286988852551, -0.1169932958063819 51.513040308740486, -0.1168183125834274 51.5136794467489, -0.1176016906721426 51.5141481699956))",0,True,True,,4
8a194ad3254ffff,20,20-5-1,10,2,51.51240116587774,-0.11716827537691436,75.864,"POLYGON ((-0.1169932958063819 51.513040308740486, -0.1179516411632286 51.51286988852551, -0.1181266109303918 51.51223074050897, -0.1173432512951748 51.51176201816077, -0.1163849277177791 51.511932439213474, -0.1162099419964609 51.51257158177659, -0.1169932958063819 51.513040308740486))",0,True,True,,1
8a194ad32557fff,20,20-5-2,10,2,51.513807321770166,-0.11951842711870334,75.864,"POLYGON ((-0.119343466002846 51.514446465531066, -0.1203018472885261 51.51427603236634, -0.1204767986000029 51.5136368834518, -0.1196933845824747 51.51316817315484, -0.1187350250770453 51.513338607156435, -0.1185600578092408 51.51397775061807, -0.119343466002846 51.514446465531066))",0,True,True,,2
8a194ad3255ffff,20,20-5-3,10,2,51.51269945884043,-0.11890998869271387,75.864,"POLYGON ((-0.1187350250770453 51.513338607156435, -0.1196933845824747 51.51316817315484, -0.1198683383942746 51.512529019685154, -0.119084948656325 51.51206030567017, -0.1181266109303918 51.51223074050897, -0.1179516411632286 51.51286988852551, -0.1187350250770453 51.513338607156435))",0,True,True,,5
8a194ad32567fff,20,20-5-4,10,2,51.51431857990288,-0.11664332570796677,75.864,"POLYGON ((-0.1164683351798857 51.51495770820227, -0.1174267099479908 51.51478730344892, -0.1176016906721426 51.5141481699956, -0.1168183125834274 51.5136794467489, -0.1158599595963037 51.513849852339966, -0.1156849629172356 51.514488980339976, -0.1164683351798857 51.51495770820227))",0,True,True,,2
8a194ad3256ffff,20,20-5-5,10,2,51.513210719485485,-0.11603495262267055,75.864,"POLYGON ((-0.1158599595963037 51.513849852339966, -0.1168183125834274 51.5136794467489, -0.1169932958063819 51.513040308740486, -0.1162099419964609 51.51257158177659, -0.1152516107895486 51.512741988205654, -0.1150766116126626 51.51338112076057, -0.1158599595963037 51.513849852339966))",0,True,True,,3
8a194ad32577fff,20,20-5-6,10,2,51.514616889225195,-0.11838508688916015,75.864,"POLYGON ((-0.1182101123167248 51.51525602297771, -0.119168501234824 51.51508560443734, -0.119343466002846 51.514446465531066, -0.1185600578092408 51.51397775061807, -0.1176016906721426 51.5141481699956, -0.1174267099479908 51.51478730344892, -0.1182101123167248 51.51525602297771))",0,True,True,,3
8a194ad32587fff,20,20-6-0,10,2,51.51580990528519,-0.125352574145471,75.864,"POLYGON ((-0.1251776634075036 51.51644906084717, -0.1261361089119065 51.516278587151604, -0.1263110098435856 51.51563942643636, -0.1255274812320754 51.5151707448684, -0.1245690575087615 51.515341219398955, -0.1243941406162161 51.51598037466242, -0.1251776634075036 51.51644906084717))",0,True,True,,3
8a194ad3258ffff,20,20-6-1,10,2,51.514702059280765,-0.12474397074988859,75.864,"POLYGON ((-0.1245690575087615 51.515341219398955, -0.1255274812320754 51.5151707448684, -0.1257023846674364 51.514531579596934, -0.1249188803397323 51.51406289430795, -0.1239604783967528 51.51423336967376, -0.1237855590014851 51.51487252949324, -0.1245690575087615 51.515341219398955))",0,True,True,,8
8a194ad32597fff,20,20-6-2,10,2,51.51610810398423,-0.1270945565847629,75.864,"POLYGON ((-0.1269196618084016 51.51674726499781, -0.1278781214559564 51.51657677751168, -0.1280530064255709 51.5159376113449, -0.1272694477100169 51.51546893811578, -0.1263110098435856 51.51563942643636, -0.1261361089119065 51.516278587151604, -0.1269196618084016 51.51674726499781))",0,True,True,,7
8a194ad3259ffff,20,20-6-3,10,2,51.51500026086633,-0.12648590712407645,75.864,"POLYGON ((-0.1263110098435856 51.51563942643636, -0.1272694477100169 51.51546893811578, -0.1274443351843037 51.51482976739256, -0.1266608007535244 51.51436109044164, -0.1257023846674364 51.514531579596934, -0.1255274812320754 51.5151707448684, -0.1263110098435856 51.51563942643636))",0,True,True,,17
8a194ad325a7fff,20,20-6-4,10,2,51.516619525071036,-0.12421922007212255,75.864,"POLYGON ((-0.1240442958763818 51.51725867062467, -0.1250027490180792 51.51708821155421, -0.1251776634075036 51.51644906084717, -0.1243941406162161 51.51598037466242, -0.1234357092563685 51.5161508345681, -0.1232607789062804 51.51678997982327, -0.1240442958763818 51.51725867062467))",0,True,True,,4
8a194ad325affff,20,20-6-5,10,2,51.51551168445806,-0.12361063595471827,75.864,"POLYGON ((-0.1234357092563685 51.5161508345681, -0.1243941406162161 51.51598037466242, -0.1245690575087615 51.515341219398955, -0.1237855590014851 51.51487252949324, -0.1228271494227021 51.515042990234434, -0.1226522165704527 51.51568214004582, -0.1234357092563685 51.5161508345681))",0,True,True,,12
8a194ad325b7fff,20,20-6-6,10,2,51.51691774301196,-0.12596120432894017,75.864,"POLYGON ((-0.1257862960945721 51.51755689401729, -0.1267447633808287 51.517386421156424, -0.1269196618084016 51.51674726499781, -0.1261361089119065 51.516278587151604, -0.1251776634075036 51.51644906084717, -0.1250027490180792 51.51708821155421, -0.1257862960945721 51.51755689401729))",7,True,True,,24
8a195da4d247fff,30,30-1-0,10,2,51.518536947166524,-0.12369443652953116,75.864,"POLYGON ((-0.1235195013781821 51.51917607815452, -0.1244779839399339 51.51900563454447, -0.1246529092844011 51.518366498402976, -0.1238693680288946 51.5178978113232, -0.1229109072505235 51.51806825576846, -0.1227359659446104 51.51870738645822, -0.1235195013781821 51.51917607815452))",0,True,True,,2
8a195da4d24ffff,30,30-1-1,10,2,51.517429120223426,-0.12308584490437027,75.864,"POLYGON ((-0.1229109072505235 51.51806825576846, -0.1238693680288946 51.5178978113232, -0.1240442958763818 51.51725867062467, -0.1232607789062804 51.51678997982327, -0.1223023399104997 51.51696042510404, -0.1221273961025569 51.51759956035061, -0.1229109072505235 51.51806825576846))",0,True,True,,8
8a195da4d257fff,30,30-1-2,10,2,51.51883518146243,-0.12543646867124414,75.864,"POLYGON ((-0.125261549482045 51.51947431790196, -0.1262200461897469 51.51930386050114, -0.1263949555716159 51.518664718908205, -0.1256113842087235 51.518196040167474, -0.1246529092844011 51.518366498402976, -0.1244779839399339 51.51900563454447, -0.125261549482045 51.51947431790196))",0,True,True,,2
8a195da4d25ffff,30,30-1-3,10,2,51.51772735740618,-0.12482783097708829,75.864,"POLYGON ((-0.1246529092844011 51.518366498402976, -0.1256113842087235 51.518196040167474, -0.1257862960945721 51.51755689401729, -0.1250027490180792 51.51708821155421, -0.1240442958763818 51.51725867062467, -0.1238693680288946 51.5178978113232, -0.1246529092844011 51.518366498402976))",0,True,True,,10
8a195da4d267fff,30,30-1-4,10,2,51.51934651229261,-0.12256102098655715,75.864,"POLYGON ((-0.1223860723761983 51.51998563327151, -0.1233445625747381 51.519815204287035, -0.1235195013781821 51.51917607815452, -0.1227359659446104 51.51870738645822, -0.1217774975301969 51.51887781627818, -0.1216025427655304 51.519516936958915, -0.1223860723761983 51.51998563327151))",0,True,True,,8
8a195da4d26ffff,30,30-1-5,10,2,51.51823869074203,-0.12195244864249241,75.864,"POLYGON ((-0.1217774975301969 51.51887781627818, -0.1227359659446104 51.51870738645822, -0.1229109072505235 51.51806825576846, -0.1221273961025569 51.51759956035061, -0.1211689494714793 51.51776999100632, -0.1209939922053339 51.51840911624409, -0.1217774975301969 51.51887781627818))",0,True,True,,5
8a195da4d277fff,30,30-1-6,10,2,51.519644765830556,-0.12430305494354142,75.864,"POLYGON ((-0.1241281222951245 51.5202838922611, -0.1250866266410117 51.520113449485976, -0.125261549482045 51.51947431790196, -0.1244779839399339 51.51900563454447, -0.1235195013781821 51.51917607815452, -0.1233445625747381 51.519815204287035, -0.1241281222951245 51.5202838922611))",0,True,True,,0
8a195da4d2c7fff,30,30-3-0,10,2,51.518323765382924,-0.1283119358773779,75.864,"POLYGON ((-0.1281370461106151 51.51896291728239, -0.1290955493226956 51.51879243146426, -0.129270429281703 51.51815327441165, -0.1284868219929662 51.517684608628215, -0.1275283405635335 51.5178550952802, -0.1273534446404962 51.51849424688174, -0.1281370461106151 51.51896291728239))",0,True,True,,3
8a195da4d2cffff,30,30-3-1,10,2,51.517215938823476,-0.12770323283531543,75.864,"POLYGON ((-0.1275283405635335 51.5178550952802, -0.1284868219929662 51.517684608628215, -0.1286617044574944 51.517045447018326, -0.1278781214559564 51.51657677751168, -0.1269196618084016 51.51674726499781, -0.1267447633808287 51.517386421156424, -0.1275283405635335 51.5178550952802))",0,True,True,,9
8a195da4d2d7fff,30,30-3-2,10,2,51.518621936173474,-0.13005405470186435,75.864,"POLYGON ((-0.1298791808998355 51.51926109352381, -0.1308376982537789 51.51909059391329, -0.1310125622475785 51.51845143140993, -0.1302289248529694 51.51798277396782, -0.129270429281703 51.51815327441165, -0.1290955493226956 51.51879243146426, -0.1298791808998355 51.51926109352381))",0,True,True,,0
8a195da4d2dffff,30,30-3-3,10,2,51.51751411250384,-0.12944530558972606,75.864,"POLYGON ((-0.129270429281703 51.51815327441165, -0.1302289248529694 51.51798277396782, -0.1304037913532599 51.517343606906955, -0.1296201782468691 51.51687494574087, -0.1286617044574944 51.517045447018326, -0.1284868219929662 51.517684608628215, -0.129270429281703 51.51815327441165))",0,True,True,,9
8a195da4d2e7fff,30,30-3-4,10,2,51.519133393627975,-0.12717854506611448,75.864,"POLYGON ((-0.1270036418402433 51.51977253551878, -0.1279621526925529 51.519602064326435, -0.1281370461106151 51.51896291728239, -0.1273534446404962 51.51849424688174, -0.1263949555716159 51.518664718908205, -0.1262200461897469 51.51930386050114, -0.1270036418402433 51.51977253551878))",0,True,True,,2
8a195da4d2effff,30,30-3-5,10,2,51.518025572459926,-0.12656986130194003,75.864,"POLYGON ((-0.1263949555716159 51.518664718908205, -0.1273534446404962 51.51849424688174, -0.1275283405635335 51.5178550952802, -0.1267447633808287 51.517386421156424, -0.1257862960945721 51.51755689401729, -0.1256113842087235 51.518196040167474, -0.1263949555716159 51.518664718908205))",0,True,True,,10
8a195da4d2f7fff,30,30-3-6,10,2,51.519431583661486,-0.1289206657125639,75.864,"POLYGON ((-0.1287457784512444 51.520070731003244, -0.1297043034467734 51.51990024601869, -0.1298791808998355 51.51926109352381, -0.1290955493226956 51.51879243146426, -0.1281370461106151 51.51896291728239, -0.1279621526925529 51.519602064326435, -0.1287457784512444 51.520070731003244))",0,True,True,,0
8a195da4d307fff,30,30-4-0,10,2,51.52377771569164,-0.12499557826413894,75.864,"POLYGON ((-0.1248206396659427 51.52441681843741, -0.1257792170086787 51.52424639279201, -0.1259541457979577 51.52360728489266, -0.1251705132099203 51.52313860808958, -0.1242119576543912 51.5233090345693, -0.1240370128999993 51.523948137017726, -0.1248206396659427 51.52441681843741))",0,True,True,,2
8a195da4d30ffff,30,30-4-1,10,2,51.522669927264616,-0.12438689875627726,75.864,"POLYGON ((-0.1242119576543912 51.5233090345693, -0.1251705132099203 51.52313860808958, -0.1253454445033758 51.52249949563129, -0.1245618362057668 51.522030815103854, -0.1236033024366846 51.522201242418205, -0.1234283551790659 51.52284034942534, -0.1242119576543912 51.5233090345693))",0,True,True,,5
8a195da4d317fff,30,30-4-2,10,2,51.52407595767353,-0.1267377965207181,75.864,"POLYGON ((-0.126562873888339 51.52471506587005, -0.1275214653784995 51.524544626431855, -0.127696378201467 51.523905513081864, -0.1269127155008973 51.52343684462066, -0.1259541457979577 51.52360728489266, -0.1257792170086787 51.52424639279201, -0.126562873888339 51.52471506587005))",0,True,True,,3
8a195da4d31ffff,30,30-4-3,10,2,51.522968172137034,-0.12612907093498663,75.864,"POLYGON ((-0.1259541457979577 51.52360728489266, -0.1269127155008973 51.52343684462066, -0.1270876308290216 51.52279772671153, -0.1263039924198645 51.5223290545252, -0.1253454445033758 51.52249949563129, -0.1251705132099203 51.52313860808958, -0.1259541457979577 51.52360728489266))",0,True,True,,3
8a195da4d327fff,30,30-4-4,10,2,51.52458723460982,-0.12386206449297678,75.864,"POLYGON ((-0.12368711243325 51.52522632734542, -0.1246456974151712 51.525055916326714, -0.1248206396659427 51.52441681843741, -0.1240370128999993 51.523948137017726, -0.1230784497060409 51.52411854887103, -0.12290349149038 51.52475764130935, -0.12368711243325 51.52522632734542))",0,True,True,,6
8a195da4d32ffff,30,30-4-5,10,2,51.52347945157632,-0.12325340426889125,75.864,"POLYGON ((-0.1230784497060409 51.52411854887103, -0.1240370128999993 51.523948137017726, -0.1242119576543912 51.5233090345693, -0.1234283551790659 51.52284034942534, -0.1224698137723154 51.523010762113515, -0.1222948530539685 51.52364985911073, -0.1230784497060409 51.52411854887103))",0,True,True,,7
8a195da4d337fff,30,30-4-6,10,2,51.52488549583496,-0.12560428456704512,75.864,"POLYGON ((-0.1254293484729426 51.52552459402137, -0.1263879476036709 51.52535416921007, -0.126562873888339 51.52471506587005, -0.1257792170086787 51.52424639279201, -0.1248206396659427 51.52441681843741, -0.1246456974151712 51.525055916326714, -0.1254293484729426 51.52552459402137))",0,True,True,,6
8a195da4d347fff,30,30-5-0,10,2,51.521263860662344,-0.1220361641982438,75.864,"POLYGON ((-0.1218612046304191 51.521902967074006, -0.1228197242507778 51.52173255355064, -0.122994674011153 51.521093441985236, -0.1222111201134807 51.52062474939479, -0.121252622278764 51.52079516375363, -0.1210776565564096 51.52143426986737, -0.1218612046304191 51.521902967074006))",0,True,True,,4
8a195da4d34ffff,30,30-5-1,10,2,51.52015605278408,-0.1214275843484242,75.864,"POLYGON ((-0.121252622278764 51.52079516375363, -0.1222111201134807 51.52062474939479, -0.1223860723761983 51.51998563327151, -0.1216025427655304 51.519516936958915, -0.1206440667157008 51.51968735215346, -0.1204690984919688 51.520326462824855, -0.121252622278764 51.52079516375363))",0,True,True,,12
8a195da4d357fff,30,30-5-2,10,2,51.52156213055503,-0.12377824604181058,75.864,"POLYGON ((-0.1236033024366846 51.522201242418205, -0.1245618362057668 51.522030815103854, -0.1247367700029846 51.52139169808706, -0.1239531859945789 51.520923013835954, -0.122994674011153 51.521093441985236, -0.1228197242507778 51.52173255355064, -0.1236033024366846 51.522201242418205))",0,True,True,,5
8a195da4d35ffff,30,30-5-3,10,2,51.520454325563996,-0.12316962011911009,75.864,"POLYGON ((-0.122994674011153 51.521093441985236, -0.1239531859945789 51.520923013835954, -0.1241281222951245 51.5202838922611, -0.1233445625747381 51.519815204287035, -0.1223860723761983 51.51998563327151, -0.1222111201134807 51.52062474939479, -0.122994674011153 51.521093441985236))",0,True,True,,8
8a195da4d367fff,30,30-5-4,10,2,51.52207337112524,-0.1209026871812671,75.864,"POLYGON ((-0.1207277141532372 51.522712467527064, -0.1216862414098666 51.522542068629704, -0.1218612046304191 51.521902967074006, -0.1210776565564096 51.52143426986737, -0.1201191510861627 51.521604669600435, -0.1199441719038596 51.52224376570438, -0.1207277141532372 51.522712467527064))",0,True,True,,0
8a195da4d36ffff,30,30-5-5,10,2,51.520965568640555,-0.12029412661549764,75.864,"POLYGON ((-0.1201191510861627 51.521604669600435, -0.1210776565564096 51.52143426986737, -0.121252622278764 51.52079516375363, -0.1204690984919688 51.520326462824855, -0.1195106148073494 51.52049686339393, -0.1193356331242298 51.521135964055716, -0.1201191510861627 51.521604669600435))",0,True,True,,2
8a195da4d377fff,30,30-5-6,10,2,51.52237166026011,-0.12264477083785484,75.864,"POLYGON ((-0.1224698137723154 51.523010762113515, -0.1234283551790659 51.52284034942534, -0.1236033024366846 51.522201242418205, -0.1228197242507778 51.52173255355064, -0.1218612046304191 51.521902967074006, -0.1216862414098666 51.522542068629704, -0.1224698137723154 51.523010762113515))",0,True,True,,0
8a195da49807fff,39,39-0-0,10,2,51.51538309988355,-0.13458739965089628,75.864,"POLYGON ((-0.1344125796827564 51.51602229726542, -0.1353710664640448 51.51585173915193, -0.13554587662414 51.51521253661751, -0.1347622159693111 51.51474389764697, -0.1338037509676903 51.51491445659273, -0.1336289248415319 51.51555365367671, -0.1344125796827564 51.51602229726542))",0,True,True,,7
8a195da4980ffff,39,39-0-1,10,2,51.51427525465415,-0.13397857344402728,75.864,"POLYGON ((-0.1338037509676903 51.51491445659273, -0.1347622159693111 51.51474389764697, -0.1349370286380846 51.51410469055584, -0.1341533922706421 51.51363604786109, -0.1331949490479141 51.51380660763939, -0.1330201204140423 51.51444580927988, -0.1338037509676903 51.51491445659273))",7,True,True,,22
8a195da49817fff,39,39-0-2,10,2,51.515681171565404,-0.13632955540880654,75.864,"POLYGON ((-0.1361547514074491 51.51632037439755, -0.13711325232369 51.51614980249029, -0.1372880465165241 51.51551059450571, -0.1365043557606897 51.51504196387852, -0.13554587662414 51.51521253661751, -0.1353710664640448 51.51585173915193, -0.1361547514074491 51.51632037439755))",0,True,True,,13
8a195da4981ffff,39,39-0-3,10,2,51.514573329228455,-0.1357206831346493,75.864,"POLYGON ((-0.13554587662414 51.51521253661751, -0.1365043557606897 51.51504196387852, -0.1366791524631927 51.51440275133702, -0.1358954859957281 51.51393411698484, -0.1349370286380846 51.51410469055584, -0.1347622159693111 51.51474389764697, -0.13554587662414 51.51521253661751))",7,True,True,,20
8a195da49827fff,39,39-0-4,10,2,51.516192845905955,-0.13345409506545308,75.864,"POLYGON ((-0.1332792616393392 51.51683203328037, -0.134237756064731 51.51666148979249, -0.1344125796827564 51.51602229726542, -0.1336289248415319 51.51555365367671, -0.1326704521965691 51.5157241979971, -0.1324956126126929 51.51636338507367, -0.1332792616393392 51.51683203328037))",0,True,True,,5
8a195da4982ffff,39,39-0-5,10,2,51.515085006065796,-0.13284528813029875,75.864,"POLYGON ((-0.1326704521965691 51.5157241979971, -0.1336289248415319 51.51555365367671, -0.1338037509676903 51.51491445659273, -0.1330201204140423 51.51444580927988, -0.1320616695487234 51.5146163544331, -0.1318868274576997 51.51525554606634, -0.1326704521965691 51.5157241979971))",0,True,True,,8
8a195da49837fff,39,39-0-6,10,2,51.51649093683158,-0.13519625265426993,75.864,"POLYGON ((-0.135021435194726 51.517130129656316, -0.1359799437564774 51.51695957237484, -0.1361547514074491 51.51632037439755, -0.1353710664640448 51.51585173915193, -0.1344125796827564 51.51602229726542, -0.134237756064731 51.51666148979249, -0.135021435194726 51.517130129656316))",0,True,True,,9
8a195da49847fff,39,39-1-0,10,2,51.51286930154556,-0.1316277546419174,75.864,"POLYGON ((-0.1314529136941989 51.51350850258941, -0.1324113427806638 51.51333795660307, -0.1325861739217942 51.51269875040655, -0.1318025919397119 51.512230095647496, -0.1308441846313567 51.51240064246722, -0.1306693375273111 51.51303984321257, -0.1314529136941989 51.51350850258941))",7,True,True,,43
8a195da4984ffff,39,39-1-1,10,2,51.51176143686771,-0.13101902808542792,75.864,"POLYGON ((-0.1308441846313567 51.51240064246722, -0.1318025919397119 51.512230095647496, -0.1319774255877018 51.51159088489531, -0.1311938678895985 51.511122226414194, -0.1302354823585784 51.511292774067606, -0.1300606327486532 51.51193197936837, -0.1308441846313567 51.51240064246722))",7,True,True,,55
8a195da49857fff,39,39-1-2,10,2,51.513167401144536,-0.1333697740319778,75.864,"POLYGON ((-0.1331949490479141 51.51380660763939, -0.1341533922706421 51.51363604786109, -0.1343282074476747 51.512996836213674, -0.1335445953663988 51.5125281897954, -0.1325861739217942 51.51269875040655, -0.1324113427806638 51.51333795660307, -0.1331949490479141 51.51380660763939))",7,True,True,,23
8a195da4985ffff,39,39-1-3,10,2,51.51205953935583,-0.13276100141318053,75.864,"POLYGON ((-0.1325861739217942 51.51269875040655, -0.1335445953663988 51.5125281897954, -0.1337194130512457 51.51188897359213, -0.1329358252549578 51.511420323451034, -0.1319774255877018 51.51159088489531, -0.1318025919397119 51.512230095647496, -0.1325861739217942 51.51269875040655))",7,True,True,,29
8a195da49867fff,39,39-1-4,10,2,51.51367903910366,-0.13049448677315112,75.864,"POLYGON ((-0.1303196323687776 51.51431823014033, -0.131278069096447 51.514147698778935, -0.1314529136941989 51.51350850258941, -0.1306693375273111 51.51303984321257, -0.1297109225784922 51.51321037540763, -0.1295360620180222 51.51384956614588, -0.1303196323687776 51.51431823014033))",7,True,True,,38
8a195da4986ffff,39,39-1-5,10,2,51.5125711798151,-0.12988577948865757,75.864,"POLYGON ((-0.1297109225784922 51.51321037540763, -0.1306693375273111 51.51303984321257, -0.1308441846313567 51.51240064246722, -0.1300606327486532 51.51193197936837, -0.129102239577905 51.512102512397384, -0.1289273765121367 51.512741707691234, -0.1297109225784922 51.51321037540763))",7,True,True,,27
8a195da49877fff,39,39-1-6,10,2,51.5139771579453,-0.132236507989675,75.864,"POLYGON ((-0.1320616695487234 51.5146163544331, -0.1330201204140423 51.51444580927988, -0.1331949490479141 51.51380660763939, -0.1324113427806638 51.51333795660307, -0.1314529136941989 51.51350850258941, -0.131278069096447 51.514147698778935, -0.1320616695487234 51.5146163544331))",7,True,True,,35
8a195da49887fff,39,39-2-0,10,2,51.5151694119665,-0.13920503521864105,75.864,"POLYGON ((-0.139030260643309 51.51580863025564, -0.1399887680456119 51.51563802992805, -0.1401635328119807 51.51499880648671, -0.139379806145019 51.514530188822704, -0.1384213205216591 51.51470078998122, -0.1382465397866345 51.51534000797278, -0.139030260643309 51.51580863025564))",0,True,True,,2
8a195da4988ffff,39,39-2-1,10,2,51.514061567135144,-0.13859609760767408,75.864,"POLYGON ((-0.1384213205216591 51.51470078998122, -0.139379806145019 51.514530188822704, -0.1395545734225726 51.51389096082444, -0.1387708710447684 51.513422339434634, -0.1378124071996075 51.51359294142435, -0.137637623954358 51.51423216397262, -0.1384213205216591 51.51470078998122))",0,True,True,,11
8a195da49897fff,39,39-2-2,10,2,51.51546742012679,-0.14094727760890285,75.864,"POLYGON ((-0.1407725190029559 51.51610664386551, -0.1417310405361084 51.515936029742555, -0.1419057893326341 51.51529680085174, -0.1411220325661721 51.51482819153337, -0.1401635328119807 51.51499880648671, -0.1399887680456119 51.51563802992805, -0.1407725190029559 51.51610664386551))",0,True,True,,6
8a195da4989ffff,39,39-2-3,10,2,51.514359578190806,-0.14033829392958078,75.864,"POLYGON ((-0.1401635328119807 51.51499880648671, -0.1411220325661721 51.51482819153337, -0.1412967838748477 51.51418895808541, -0.1405130513985418 51.513720345040454, -0.1395545734225726 51.51389096082444, -0.139379806145019 51.514530188822704, -0.1401635328119807 51.51499880648671))",0,True,True,,16
8a195da498a7fff,39,39-2-4,10,2,51.51597922110968,-0.13807175540248065,75.864,"POLYGON ((-0.1378969673690832 51.51661842939181, -0.1388554824189235 51.516447843690024, -0.139030260643309 51.51580863025564, -0.1382465397866345 51.51534000797278, -0.1372880465165241 51.51551059450571, -0.13711325232369 51.51614980249029, -0.1378969673690832 51.51661842939181))",0,True,True,,6
8a195da498affff,39,39-2-5,10,2,51.514871381666474,-0.1374628370600385,75.864,"POLYGON ((-0.1372880465165241 51.51551059450571, -0.1382465397866345 51.51534000797278, -0.1384213205216591 51.51470078998122, -0.137637623954358 51.51423216397262, -0.1366791524631927 51.51440275133702, -0.1365043557606897 51.51504196387852, -0.1372880465165241 51.51551059450571))",0,True,True,,9
8a195da498b7fff,39,39-2-6,10,2,51.516277248514655,-0.13981399963038008,75.864,"POLYGON ((-0.1396392275661555 51.51691646224644, -0.1405977567482016 51.51674586274948, -0.1407725190029559 51.51610664386551, -0.1399887680456119 51.51563802992805, -0.139030260643309 51.51580863025564, -0.1388554824189235 51.516447843690024, -0.1396392275661555 51.51691646224644))",0,True,True,,14
8a195da498c7fff,39,39-3-0,10,2,51.51265567793459,-0.13624508076993486,75.864,"POLYGON ((-0.13607028520745 51.51329489988684, -0.1370287349204704 51.51312431169069, -0.1372035206754842 51.5124850845861, -0.1364198726832968 51.51201645112812, -0.1354614447476825 51.51218704015629, -0.1352866430271661 51.51282626181038, -0.13607028520745 51.51329489988684))",0,True,True,,10
8a195da498cffff,39,39-3-1,10,2,51.51154781364812,-0.1356362428190156,75.864,"POLYGON ((-0.1354614447476825 51.51218704015629, -0.1364198726832968 51.51201645112812, -0.1365946609476659 51.51137721946764, -0.1358110372412646 51.51090858228601, -0.1348526310822817 51.511079172146495, -0.1346778268533699 51.51171839835625, -0.1354614447476825 51.51218704015629))",7,True,True,,20
8a195da498d7fff,39,39-3-2,10,2,51.51295371402172,-0.13798718679585517,75.864,"POLYGON ((-0.1378124071996075 51.51359294142435, -0.1387708710447684 51.513422339434634, -0.1389456408330719 51.51278310687982, -0.1381619627432311 51.51231448176491, -0.1372035206754842 51.5124850845861, -0.1370287349204704 51.51312431169069, -0.1378124071996075 51.51359294142435))",0,True,True,,15
8a195da498dffff,39,39-3-3,10,2,51.5118458526274,-0.13737830278155044,75.864,"POLYGON ((-0.1372035206754842 51.5124850845861, -0.1381619627432311 51.51231448176491, -0.1383367350418803 51.511675244653986, -0.1375530812387986 51.51120661581464, -0.1365946609476659 51.51137721946764, -0.1364198726832968 51.51201645112812, -0.1372035206754842 51.5124850845861))",0,True,True,,11
8a195da498e7fff,39,39-3-4,10,2,51.51346547861028,-0.1351118376573264,75.864,"POLYGON ((-0.1349370286380846 51.51410469055584, -0.1358954859957281 51.51393411698484, -0.13607028520745 51.51329489988684, -0.1352866430271661 51.51282626181038, -0.1343282074476747 51.512996836213674, -0.1341533922706421 51.51363604786109, -0.1349370286380846 51.51410469055584))",7,True,True,,26
8a195da498effff,39,39-3-5,10,2,51.51235761971203,-0.1345030189752091,75.864,"POLYGON ((-0.1343282074476747 51.512996836213674, -0.1352866430271661 51.51282626181038, -0.1354614447476825 51.51218704015629, -0.1346778268533699 51.51171839835625, -0.1337194130512457 51.51188897359213, -0.1335445953663988 51.5125281897954, -0.1343282074476747 51.512996836213674))",0,True,True,,19
8a195da498f7fff,39,39-3-6,10,2,51.51376353394106,-0.13685394551640973,75.864,"POLYGON ((-0.1366791524631927 51.51440275133702, -0.137637623954358 51.51423216397262, -0.1378124071996075 51.51359294142435, -0.1370287349204704 51.51312431169069, -0.13607028520745 51.51329489988684, -0.1358954859957281 51.51393411698484, -0.1366791524631927 51.51440275133702))",0,True,True,,14
8a195da49907fff,39,39-4-0,10,2,51.51811039346416,-0.13292958383651274,75.864,"POLYGON ((-0.1327547394595915 51.518749566273286, -0.1337132633104263 51.51857903824362, -0.1338880978786932 51.5179398602817, -0.1331044245630554 51.51747121579981, -0.132145922494191 51.51764174466199, -0.1319710719593157 51.51828091717351, -0.1327547394595915 51.518749566273286))",0,True,True,,7
8a195da4990ffff,39,39-4-1,10,2,51.51700256729532,-0.13232076937860163,75.864,"POLYGON ((-0.132145922494191 51.51764174466199, -0.1331044245630554 51.51747121579981, -0.1332792616393392 51.51683203328037, -0.1324956126126929 51.51636338507367, -0.1315371323249829 51.51653391476864, -0.131362279283066 51.51717309183748, -0.132145922494191 51.51764174466199))",0,True,True,,5
8a195da49917fff,39,39-4-2,10,2,51.518408500740655,-0.13467178932582283,75.864,"POLYGON ((-0.1344969609162497 51.519047678999996, -0.1354554989048188 51.51887713717636, -0.135630317505264 51.518237953764356, -0.1348466140852887 51.51776931762606, -0.1338880978786932 51.5179398602817, -0.1337132633104263 51.51857903824362, -0.1344969609162497 51.519047678999996))",7,True,True,,21
8a195da4991ffff,39,39-4-3,10,2,51.517300677464625,-0.13406292879676168,75.864,"POLYGON ((-0.1338880978786932 51.5179398602817, -0.1348466140852887 51.51776931762606, -0.135021435194726 51.517130129656316, -0.134237756064731 51.51666148979249, -0.1332792616393392 51.51683203328037, -0.1331044245630554 51.51747121579981, -0.1338880978786932 51.5179398602817))",0,True,True,,8
8a195da49927fff,39,39-4-4,10,2,51.5189200848298,-0.13179621777386658,75.864,"POLYGON ((-0.1316213599377852 51.519559247630724, -0.1325798914322029 51.51938873422708, -0.1327547394595915 51.518749566273286, -0.1319710719593157 51.51828091717351, -0.1310125622475785 51.51845143140993, -0.1308376982537789 51.51909059391329, -0.1316213599377852 51.519559247630724))",0,True,True,,3
8a195da4992ffff,39,39-4-5,10,2,51.51781226405127,-0.1311874225906497,75.864,"POLYGON ((-0.1310125622475785 51.51845143140993, -0.1319710719593157 51.51828091717351, -0.132145922494191 51.51764174466199, -0.131362279283066 51.51717309183748, -0.1304037913532599 51.517343606906955, -0.1302289248529694 51.51798277396782, -0.1310125622475785 51.51845143140993))",0,True,True,,8
8a195da49937fff,39,39-4-6,10,2,51.519218211350235,-0.13353842509186692,75.864,"POLYGON ((-0.1333635832228955 51.51985737960142, -0.1343221288564498 51.519686852403986, -0.1344969609162497 51.519047678999996, -0.1337132633104263 51.51857903824362, -0.1327547394595915 51.518749566273286, -0.1325798914322029 51.51938873422708, -0.1333635832228955 51.51985737960142))",0,True,True,,2
8a195da49947fff,39,39-5-0,10,2,51.51559659765012,-0.129969912608922,75.864,"POLYGON ((-0.1297950472532262 51.51623577412292, -0.1307535134018659 51.51606525822012, -0.1309283689503949 51.51542607659439, -0.1301447743140608 51.51495741632255, -0.1291863299457922 51.51512793305898, -0.1290114584337929 51.515767109233565, -0.1297950472532262 51.51623577412292))",0,True,True,,5
8a195da4994ffff,39,39-5-1,10,2,51.51448875202969,-0.12936119780716376,75.864,"POLYGON ((-0.1291863299457922 51.51512793305898, -0.1301447743140608 51.51495741632255, -0.1303196323687776 51.51431823014033, -0.1295360620180222 51.51384956614588, -0.1285776394293702 51.51402008371622, -0.1284027654121634 51.51465926444708, -0.1291863299457922 51.51512793305898))",0,True,True,,6
8a195da49957fff,39,39-5-2,10,2,51.51589473284489,-0.1317119817164842,75.864,"POLYGON ((-0.1315371323249829 51.51653391476864, -0.1324956126126929 51.51636338507367, -0.1326704521965691 51.5157241979971, -0.1318868274576997 51.51525554606634, -0.1309283689503949 51.51542607659439, -0.1307535134018659 51.51606525822012, -0.1315371323249829 51.51653391476864))",0,True,True,,5
8a195da4995ffff,39,39-5-3,10,2,51.51478689011395,-0.13110322084854195,75.864,"POLYGON ((-0.1309283689503949 51.51542607659439, -0.1318868274576997 51.51525554606634, -0.1320616695487234 51.5146163544331, -0.131278069096447 51.514147698778935, -0.1303196323687776 51.51431823014033, -0.1301447743140608 51.51495741632255, -0.1309283689503949 51.51542607659439))",0,True,True,,17
8a195da49967fff,39,39-5-4,10,2,51.5164062805534,-0.1288365832710771,75.864,"POLYGON ((-0.1286617044574944 51.517045447018326, -0.1296201782468691 51.51687494574087, -0.1297950472532262 51.51623577412292, -0.1290114584337929 51.515767109233565, -0.1280530064255709 51.5159376113449, -0.1278781214559564 51.51657677751168, -0.1286617044574944 51.517045447018326))",0,True,True,,19
8a195da4996ffff,39,39-5-5,10,2,51.515298440323356,-0.1282278877442633,75.864,"POLYGON ((-0.1280530064255709 51.5159376113449, -0.1290114584337929 51.515767109233565, -0.1291863299457922 51.51512793305898, -0.1284027654121634 51.51465926444708, -0.1274443351843037 51.51482976739256, -0.1272694477100169 51.51546893811578, -0.1280530064255709 51.5159376113449))",0,True,True,,3
8a195da49977fff,39,39-5-6,10,2,51.51670443499101,-0.13057865420286074,75.864,"POLYGON ((-0.1304037913532599 51.517343606906955, -0.131362279283066 51.51717309183748, -0.1315371323249829 51.51653391476864, -0.1307535134018659 51.51606525822012, -0.1297950472532262 51.51623577412292, -0.1296201782468691 51.51687494574087, -0.1304037913532599 51.517343606906955))",0,True,True,,8
8a195da49987fff,39,39-6-0,10,2,51.517896831391184,-0.13754738035413974,75.864,"POLYGON ((-0.1373725813723802 51.518536025108226, -0.1383311258503125 51.51836545486356, -0.1385059150225347 51.51772625599413, -0.1377221756863478 51.517257632819, -0.136763652989646 51.51742820389484, -0.1365888478482173 51.51806739731457, -0.1373725813723802 51.518536025108226))",0,True,True,,2
8a195da4998ffff,39,39-6-1,10,2,51.51678900562003,-0.1369384544814219,75.864,"POLYGON ((-0.136763652989646 51.51742820389484, -0.1377221756863478 51.517257632819, -0.1378969673690832 51.51661842939181, -0.13711325232369 51.51614980249029, -0.1361547514074491 51.51632037439755, -0.1359799437564774 51.51695957237484, -0.136763652989646 51.51742820389484))",0,True,True,,5
8a195da49997fff,39,39-6-2,10,2,51.51819487514503,-0.13928967249031102,75.864,"POLYGON ((-0.1391148894784723 51.518834074311584, -0.1400734480900254 51.51866349027135, -0.1402482212918585 51.518024285952514, -0.1394644518528442 51.51755567112326, -0.1385059150225347 51.51772625599413, -0.1383311258503125 51.51836545486356, -0.1391148894784723 51.518834074311584))",0,True,True,,5
8a195da4999ffff,39,39-6-3,10,2,51.51708705226957,-0.1386807005453601,75.864,"POLYGON ((-0.1385059150225347 51.51772625599413, -0.1394644518528442 51.51755567112326, -0.1396392275661555 51.51691646224644, -0.1388554824189235 51.516447843690024, -0.1378969673690832 51.51661842939181, -0.1377221756863478 51.517257632819, -0.1385059150225347 51.51772625599413))",0,True,True,,1
8a195da499a7fff,39,39-6-4,10,2,51.51870658587912,-0.13641403905703134,75.864,"POLYGON ((-0.1362392266159737 51.51934576958836, -0.1371977787409139 51.51917521396999, -0.1373725813723802 51.518536025108226, -0.1365888478482173 51.51806739731457, -0.135630317505264 51.518237953764356, -0.1354554989048188 51.51887713717636, -0.1362392266159737 51.51934576958836))",7,True,True,,20
8a195da499affff,39,39-6-5,10,2,51.517598765497134,-0.135805132455777,75.864,"POLYGON ((-0.135630317505264 51.518237953764356, -0.1365888478482173 51.51806739731457, -0.136763652989646 51.51742820389484, -0.1359799437564774 51.51695957237484, -0.135021435194726 51.517130129656316, -0.1348466140852887 51.51776931762606, -0.135630317505264 51.518237953764356))",0,True,True,,6
8a195da499b7fff,39,39-6-6,10,2,51.519004648877775,-0.1381563330285943,75.864,"POLYGON ((-0.1379815365572553 51.51964383803662, -0.138940102817193 51.51947326862283, -0.1391148894784723 51.518834074311584, -0.1383311258503125 51.51836545486356, -0.1373725813723802 51.518536025108226, -0.1371977787409139 51.51917521396999, -0.1379815365572553 51.51964383803662))",0,True,True,,5
8a195da4d607fff,56,56-0-0,10,2,51.52313778454856,-0.1388499334922011,75.864,"POLYGON ((-0.1386751310933035 51.52377695002178, -0.1396337703539043 51.52360639772623, -0.1398085629411824 51.52296722710054, -0.1390247322410776 51.522498614219245, -0.1380661147655326 51.52266916734505, -0.137891306205384 51.52330833252184, -0.1386751310933035 51.52377695002178))",0,True,True,,6
8a195da4d60ffff,56,56-0-1,10,2,51.522029997312224,-0.1382409196756098,75.864,"POLYGON ((-0.1380661147655326 51.52266916734505, -0.1390247322410776 51.522498614219245, -0.1391995273400322 51.5218594390339, -0.1384157209357096 51.52139082242347, -0.1374571252444864 51.521561376379836, -0.1372823141736062 51.52220054611606, -0.1380661147655326 51.52266916734505))",0,True,True,,0
8a195da4d617fff,56,56-0-2,10,2,51.52343583595577,-0.14059241177628318,75.864,"POLYGON ((-0.1404176253510216 51.5240750068777, -0.1413762787467237 51.52390444078456, -0.1415510553598717 51.5232652647103, -0.1407671945517797 51.522796660177676, -0.1398085629411824 51.52296722710054, -0.1396337703539043 51.52360639772623, -0.1404176253510216 51.5240750068777))",0,True,True,,6
8a195da4d61ffff,56,56-0-3,10,2,51.52232805161877,-0.13998335187859912,75.864,"POLYGON ((-0.1398085629411824 51.52296722710054, -0.1407671945517797 51.522796660177676, -0.1409419736776258 51.52215747954352, -0.1401581371663201 51.52168887128102, -0.1391995273400322 51.5218594390339, -0.1390247322410776 51.522498614219245, -0.1398085629411824 51.52296722710054))",0,True,True,,8
8a195da4d627fff,56,56-0-4,10,2,51.523947492842474,-0.13771649399499317,75.864,"POLYGON ((-0.1375416781342967 51.5245866483068, -0.1385003250442856 51.52441611063871, -0.1386751310933035 51.52377695002178, -0.137891306205384 51.52330833252184, -0.1369326810812126 51.52347887102048, -0.136757859059506 51.52411802618845, -0.1375416781342967 51.5245866483068))",0,True,True,,10
8a195da4d62ffff,56,56-0-5,10,2,51.522839710996315,-0.13710749945255307,75.864,"POLYGON ((-0.1369326810812126 51.52347887102048, -0.137891306205384 51.52330833252184, -0.1380661147655326 51.52266916734505, -0.1372823141736062 51.52220054611606, -0.1363237108344927 51.522371085445535, -0.1361488863026207 51.523010245173126, -0.1369326810812126 51.52347887102048))",0,True,True,,8
8a195da4d637fff,56,56-0-6,10,2,51.5242455634957,-0.1394589741166912,75.864,"POLYGON ((-0.1392841742294184 51.52488472440884, -0.1402428352758653 51.524714172943305, -0.1404176253510216 51.5240750068777, -0.1396337703539043 51.52360639772623, -0.1386751310933035 51.52377695002178, -0.1385003250442856 51.52441611063871, -0.1392841742294184 51.52488472440884))",0,True,True,,8
8a195da4d647fff,56,56-1-0,10,2,51.520624122440445,-0.13588959078384166,75.864,"POLYGON ((-0.1357147673925229 51.52126329158306, -0.1366733489473483 51.52109275142246, -0.1368481625284946 51.52045357712723, -0.1360644105249555 51.51998494844217, -0.1351058507536584 51.520155489434174, -0.1349310212027245 51.52079465827975, -0.1357147673925229 51.52126329158306))",0,True,True,,12
8a195da4d64ffff,56,56-1-1,10,2,51.519516315732986,-0.1352806766543167,75.864,"POLYGON ((-0.1351058507536584 51.520155489434174, -0.1360644105249555 51.51998494844217, -0.1362392266159737 51.51934576958836, -0.1354554989048188 51.51887713717636, -0.1344969609162497 51.519047678999996, -0.1343221288564498 51.519686852403986, -0.1351058507536584 51.520155489434174))",7,True,True,,26
8a195da4d657fff,56,56-1-2,10,2,51.520922201787776,-0.13763193266532356,75.864,"POLYGON ((-0.1374571252444864 51.521561376379836, -0.1384157209357096 51.52139082242347, -0.1385905185459415 51.520751642678896, -0.1378067364362169 51.52028302234, -0.1368481625284946 51.52045357712723, -0.1366733489473483 51.52109275142246, -0.1374571252444864 51.521561376379836))",0,True,True,,2
8a195da4d65ffff,56,56-1-3,10,2,51.51981439797637,-0.13702297245966705,75.864,"POLYGON ((-0.1368481625284946 51.52045357712723, -0.1378067364362169 51.52028302234, -0.1379815365572553 51.51964383803662, -0.1371977787409139 51.51917521396999, -0.1362392266159737 51.51934576958836, -0.1360644105249555 51.51998494844217, -0.1368481625284946 51.52045357712723))",0,True,True,,6
8a195da4d667fff,56,56-1-4,10,2,51.521433822269636,-0.13475618800141045,75.864,"POLYGON ((-0.1345813511496071 51.52207298140372, -0.1355399403509152 51.52190245586985, -0.1357147673925229 51.52126329158306, -0.1349310212027245 51.52079465827975, -0.1339724537856909 51.52096518464528, -0.1337976107745285 51.52160434348236, -0.1345813511496071 51.52207298140372))",0,True,True,,8
8a195da4d66ffff,56,56-1-5,10,2,51.520326020952425,-0.13414729314628807,75.864,"POLYGON ((-0.1339724537856909 51.52096518464528, -0.1349310212027245 51.52079465827975, -0.1351058507536584 51.520155489434174, -0.1343221288564498 51.519686852403986, -0.1333635832228955 51.51985737960142, -0.1331887377033924 51.52049654299709, -0.1339724537856909 51.52096518464528))",0,True,True,,10
8a195da4d677fff,56,56-1-6,10,2,51.521731920861924,-0.13649853171604232,75.864,"POLYGON ((-0.1363237108344927 51.522371085445535, -0.1372823141736062 51.52220054611606, -0.1374571252444864 51.521561376379836, -0.1366733489473483 51.52109275142246, -0.1357147673925229 51.52126329158306, -0.1355399403509152 51.52190245586985, -0.1363237108344927 51.522371085445535))",0,True,True,,2
8a195da4d687fff,56,56-2-0,10,2,51.52292409379376,-0.14346834900864905,75.864,"POLYGON ((-0.1432935920200864 51.52356328017253, -0.1442522518967377 51.52339268565342, -0.1444269990727571 51.52275349412252, -0.1436431023479824 51.52228490255892, -0.1426844642557124 51.52245549790699, -0.1425097011041781 51.52309468398966, -0.1432935920200864 51.52356328017253))",0,True,True,,3
8a195da4d68ffff,56,56-2-1,10,2,51.52181630696834,-0.14285922375794663,75.864,"POLYGON ((-0.1426844642557124 51.52245549790699, -0.1436431023479824 51.52228490255892, -0.143817852038206 51.521645706468156, -0.1430339796110002 51.5211771111738, -0.1420753633023011 51.52134770735107, -0.1419005976375689 51.521986897993415, -0.1426844642557124 51.52245549790699))",0,True,True,,4
8a195da4d697fff,56,56-2-2,10,2,51.52322208165876,-0.14521091393262975,75.864,"POLYGON ((-0.1450361729203066 51.523861273485565, -0.1459948469279082 51.52369066516725, -0.1461695781272503 51.52305146818842, -0.1453856512960104 51.52258288497581, -0.1444269990727571 51.52275349412252, -0.1442522518967377 51.52339268565342, -0.1450361729203066 51.523861273485565))",0,True,True,,0
8a195da4d69ffff,56,56-2-3,10,2,51.52211429773561,-0.14460174259975814,75.864,"POLYGON ((-0.1444269990727571 51.52275349412252, -0.1453856512960104 51.52258288497581, -0.1455603850105172 51.52194368343691, -0.1447764824778348 51.52147509649277, -0.143817852038206 51.521645706468156, -0.1436431023479824 51.52228490255892, -0.1444269990727571 51.52275349412252))",0,True,True,,1
8a195da4d6a7fff,56,56-2-4,10,2,51.523733865216215,-0.14233493430324431,75.864,"POLYGON ((-0.1421601638527966 51.52437304158655, -0.1431188313822104 51.524202461695104, -0.1432935920200864 51.52356328017253, -0.1425097011041781 51.52309468398966, -0.1415510553598717 51.5232652647103, -0.1413762787467237 51.52390444078456, -0.1421601638527966 51.52437304158655))",0,True,True,,5
8a195da4d6affff,56,56-2-5,10,2,51.52262608377987,-0.14172582832346053,75.864,"POLYGON ((-0.1415510553598717 51.5232652647103, -0.1425097011041781 51.52309468398966, -0.1426844642557124 51.52245549790699, -0.1419005976375689 51.521986897993415, -0.1409419736776258 51.52215747954352, -0.1407671945517797 51.522796660177676, -0.1415510553598717 51.5232652647103))",0,True,True,,7
8a195da4d6b7fff,56,56-2-6,10,2,51.52403187232815,-0.14407750107156997,75.864,"POLYGON ((-0.1439027465971139 51.524671054146616, -0.144861428258906 51.524500460456125, -0.1450361729203066 51.523861273485565, -0.1442522518967377 51.52339268565342, -0.1432935920200864 51.52356328017253, -0.1431188313822104 51.524202461695104, -0.1439027465971139 51.524671054146616))",0,True,True,,4
8a195da4d6c7fff,56,56-3-0,10,2,51.520410496038075,-0.14050769679295938,75.864,"POLYGON ((-0.1403329188043833 51.52104968608742, -0.1412915209807788 51.520879103707536, -0.1414662891583044 51.520239908505935, -0.1406824711321271 51.51977130113313, -0.1397238907385556 51.51994188434306, -0.1395491065886643 51.5205810740957, -0.1403329188043833 51.52104968608742))",0,True,True,,1
8a195da4d6cffff,56,56-3-1,10,2,51.51930268973489,-0.13989867123896257,75.864,"POLYGON ((-0.1397238907385556 51.51994188434306, -0.1406824711321271 51.51977130113313, -0.1408572418220265 51.519132101372705, -0.1400734480900254 51.51866349027135, -0.1391148894784723 51.518834074311584, -0.138940102817193 51.51947326862283, -0.1397238907385556 51.51994188434306))",0,True,True,,9
8a195da4d6d7fff,56,56-3-2,10,2,51.52070851185295,-0.14225012531781767,75.864,"POLYGON ((-0.1420753633023011 51.52134770735107, -0.1430339796110002 51.5211771111738, -0.1432087318149878 51.520537910523565, -0.1424248836841769 51.520069311499185, -0.1414662891583044 51.520239908505935, -0.1412915209807788 51.520879103707536, -0.1420753633023011 51.52134770735107))",0,True,True,,6
8a195da4d6dffff,56,56-3-3,10,2,51.51960070844877,-0.14164105368662236,75.864,"POLYGON ((-0.1414662891583044 51.520239908505935, -0.1424248836841769 51.520069311499185, -0.1425996384014934 51.51943010628988, -0.1418158145658522 51.51896150353616, -0.1408572418220265 51.519132101372705, -0.1406824711321271 51.51977130113313, -0.1414662891583044 51.520239908505935))",0,True,True,,10
8a195da4d6e7fff,56,56-3-4,10,2,51.52122025899268,-0.13937431878918954,75.864,"POLYGON ((-0.1391995273400322 51.5218594390339, -0.1401581371663201 51.52168887128102, -0.1403329188043833 51.52104968608742, -0.1395491065886643 51.5205810740957, -0.1385905185459415 51.520751642678896, -0.1384157209357096 51.52139082242347, -0.1391995273400322 51.5218594390339))",0,True,True,,2
8a195da4d6effff,56,56-3-5,10,2,51.520112458078636,-0.13876531250638413,75.864,"POLYGON ((-0.1385905185459415 51.520751642678896, -0.1395491065886643 51.5205810740957, -0.1397238907385556 51.51994188434306, -0.138940102817193 51.51947326862283, -0.1379815365572553 51.51964383803662, -0.1378067364362169 51.52028302234, -0.1385905185459415 51.520751642678896))",0,True,True,,4
8a195da4d6f7fff,56,56-3-6,10,2,51.52151829405345,-0.14111674915391556,75.864,"POLYGON ((-0.1409419736776258 51.52215747954352, -0.1419005976375689 51.521986897993415, -0.1420753633023011 51.52134770735107, -0.1412915209807788 51.520879103707536, -0.1403329188043833 51.52104968608742, -0.1401581371663201 51.52168887128102, -0.1409419736776258 51.52215747954352))",0,True,True,,4
8a195da4d707fff,56,56-4-0,10,2,51.5258649446661,-0.137192035461529,75.864,"POLYGON ((-0.1370172086492184 51.526504085560816, -0.1379758849952933 51.526333563350775, -0.13815070199539 51.52569441730333, -0.1373668586231853 51.52522579891472, -0.1364082040644442 51.525396321955284, -0.1362333710909111 51.52603546255389, -0.1370172086492184 51.526504085560816))",0,True,True,,0
8a195da4d70ffff,56,56-4-1,10,2,51.52475717650009,-0.136583033387288,75.864,"POLYGON ((-0.1364082040644442 51.525396321955284, -0.1373668586231853 51.52522579891472, -0.1375416781342967 51.5245866483068, -0.136757859059506 51.52411802618845, -0.1357992262873543 51.52428855005984, -0.1356243908037616 51.5249276952187, -0.1364082040644442 51.525396321955284))",0,True,True,,0
8a195da4d717fff,56,56-4-2,10,2,51.52616303166559,-0.1389345635042355,75.864,"POLYGON ((-0.1387597526661015 51.52680217800897, -0.1397184431500606 51.526631642001114, -0.139893244175512 51.525992490505125, -0.1391093706919765 51.52552388046551, -0.13815070199539 51.52569441730333, -0.1379758849952933 51.526333563350775, -0.1387597526661015 51.52680217800897))",0,True,True,,5
8a195da4d71ffff,56,56-4-3,10,2,51.52505526639927,-0.13832551534501247,75.864,"POLYGON ((-0.13815070199539 51.52569441730333, -0.1391093706919765 51.52552388046551, -0.1392841742294184 51.52488472440884, -0.1385003250442856 51.52441611063871, -0.1375416781342967 51.5245866483068, -0.1373668586231853 51.52522579891472, -0.13815070199539 51.52569441730333))",0,True,True,,1
8a195da4d727fff,56,56-4-4,10,2,51.52667459829581,-0.13605853446652305,75.864,"POLYGON ((-0.1358836941911963 51.52731372918092, -0.136842378186139 51.527143221598784, -0.1370172086492184 51.526504085560816, -0.1362333710909111 51.52603546255389, -0.135274708884069 51.52620597096685, -0.1350998624477607 51.52684510155589, -0.1358836941911963 51.52731372918092))",0,True,True,,5
8a195da4d72ffff,56,56-4-5,10,2,51.525566835521076,-0.13544955166936795,75.864,"POLYGON ((-0.135274708884069 51.52620597096685, -0.1362333710909111 51.52603546255389, -0.1364082040644442 51.525396321955284, -0.1356243908037616 51.5249276952187, -0.1346657503842604 51.52509820446271, -0.1344909014384433 51.5257373396122, -0.135274708884069 51.52620597096685))",0,True,True,,4
8a195da4d737fff,56,56-4-6,10,2,51.526972704541485,-0.13780106434462855,75.864,"POLYGON ((-0.1376262400432606 51.52761184087534, -0.1385849381774904 51.52744131949551, -0.1387597526661015 51.52680217800897, -0.1379758849952933 51.526333563350775, -0.1370172086492184 51.526504085560816, -0.136842378186139 51.527143221598784, -0.1376262400432606 51.52761184087534))",0,True,True,,13
8a195da49c47fff,66,66-1-0,10,2,51.51495553388,-0.14382281925928267,75.864,"POLYGON ((-0.1436480900820441 51.51559477307462, -0.1446066180937778 51.51542413052949, -0.1447813374611351 51.51478488618303, -0.1439975447883741 51.51431628983079, -0.1430390385548884 51.51448693320552, -0.1428643032162579 51.51512617210288, -0.1436480900820441 51.51559477307462))",0,True,True,,5
8a195da49c4ffff,66,66-1-1,10,2,51.513847689453705,-0.14321377024530102,75.864,"POLYGON ((-0.1430390385548884 51.51448693320552, -0.1439975447883741 51.51431628983079, -0.1441722666694277 51.51367704092717, -0.1433884982875999 51.51320844084753, -0.142430013831598 51.513379085052094, -0.1422552759802618 51.5140183285064, -0.1430390385548884 51.51448693320552))",0,True,True,,3
8a195da49c57fff,66,66-1-2,10,2,51.51525347851006,-0.14556514826395325,75.864,"POLYGON ((-0.1453904350587071 51.51589272315362, -0.1463489771971462 51.51572206681148, -0.1465236805920687 51.51508281701626, -0.1457398578213289 51.51461422901188, -0.1447813374611351 51.51478488618303, -0.1446066180937778 51.51542413052949, -0.1453904350587071 51.51589272315362))",0,True,True,,3
8a195da49c5ffff,66,66-1-3,10,2,51.51414563698208,-0.14495605318055116,75.864,"POLYGON ((-0.1447813374611351 51.51478488618303, -0.1457398578213289 51.51461422901188, -0.145914563730918 51.51397497465926, -0.1451307652521148 51.51350638292671, -0.1441722666694277 51.51367704092717, -0.1439975447883741 51.51431628983079, -0.1447813374611351 51.51478488618303))",0,True,True,,5
8a195da49c67fff,66,66-1-4,10,2,51.51576540614561,-0.14268956422931015,75.864,"POLYGON ((-0.142514821593941 51.51640463533365, -0.1434733572565694 51.516234007414575, -0.1436480900820441 51.51559477307462, -0.1428643032162579 51.51512617210288, -0.1419057893326341 51.51529680085174, -0.1417310405361084 51.515936029742555, -0.142514821593941 51.51640463533365))",0,True,True,,10
8a195da49c6ffff,66,66-1-5,10,2,51.51465756710635,-0.14208053448064198,75.864,"POLYGON ((-0.1419057893326341 51.51529680085174, -0.1428643032162579 51.51512617210288, -0.1430390385548884 51.51448693320552, -0.1422552759802618 51.5140183285064, -0.1412967838748477 51.51418895808541, -0.1411220325661721 51.51482819153337, -0.1419057893326341 51.51529680085174))",0,True,True,,7
8a195da49c77fff,66,66-1-6,10,2,51.516063370021264,-0.144431895078339,75.864,"POLYGON ((-0.1442571684147145 51.51670260465829, -0.1452157182054453 51.516531962942416, -0.1453904350587071 51.51589272315362, -0.1446066180937778 51.51542413052949, -0.1436480900820441 51.51559477307462, -0.1434733572565694 51.516234007414575, -0.1442571684147145 51.51670260465829))",0,True,True,,8
8a195da49c87fff,66,66-2-0,10,2,51.51725500405749,-0.1514016607296124,75.864,"POLYGON ((-0.1512269979649478 51.51789426048751, -0.1521856042544653 51.51772356357726, -0.1523602572069001 51.517084301995965, -0.1515763198471268 51.516615742772515, -0.150617735336687 51.516786440509854, -0.1504430664072747 51.51742569664348, -0.1512269979649478 51.51789426048751))",0,True,True,,13
8a195da49c8ffff,66,66-2-1,10,2,51.51614717952136,-0.15079240061887816,75.864,"POLYGON ((-0.150617735336687 51.516786440509854, -0.1515763198471268 51.516615742772515, -0.1517509753175851 51.51597647663273, -0.1509670622539321 51.515507913678114, -0.1500084995218262 51.515678612242816, -0.149833828075361 51.516317872934735, -0.150617735336687 51.516786440509854))",7,True,True,,21
8a195da49c97fff,66,66-2-2,10,2,51.51755285719132,-0.1531442126985467,75.864,"POLYGON ((-0.1529695659116044 51.51819211906883, -0.1539281863223997 51.51802140835821, -0.1541028232966545 51.51738214132953, -0.1533188558386004 51.51691359045879, -0.1523602572069001 51.517084301995965, -0.1521856042544653 51.51772356357726, -0.1529695659116044 51.51819211906883))",0,True,True,,3
8a195da49c9ffff,66,66-2-3,10,2,51.51644503555973,-0.15253490651235496,75.864,"POLYGON ((-0.1523602572069001 51.517084301995965, -0.1533188558386004 51.51691359045879, -0.1534934953318697 51.516274318871396, -0.1527095521709494 51.515805764268734, -0.1517509753175851 51.51597647663273, -0.1515763198471268 51.516615742772515, -0.1523602572069001 51.517084301995965))",0,True,True,,3
8a195da49ca7fff,66,66-2-4,10,2,51.51806494792213,-0.1502683938305063,75.864,"POLYGON ((-0.1500937176062878 51.51870419434565, -0.1510523315529981 51.518533512062426, -0.1512269979649478 51.51789426048751, -0.1504430664072747 51.51742569664348, -0.1494844742403837 51.51759637975406, -0.1493097918516835 51.51823562588124, -0.1500937176062878 51.51870419434565))",0,True,True,,9
8a195da49caffff,66,66-2-5,10,2,51.51695712877185,-0.14965915298159357,75.864,"POLYGON ((-0.1494844742403837 51.51759637975406, -0.1504430664072747 51.51742569664348, -0.150617735336687 51.516786440509854, -0.149833828075361 51.516317872934735, -0.1488752576875712 51.516488556872936, -0.148700572782333 51.517127807558616, -0.1494844742403837 51.51759637975406))",0,True,True,,4
8a195da49cb7fff,66,66-2-6,10,2,51.518362820303516,-0.15201094765495632,75.864,"POLYGON ((-0.1518362874082281 51.51900207217463, -0.1527949154776386 51.518831376091185, -0.1529695659116044 51.51819211906883, -0.1521856042544653 51.51772356357726, -0.1512269979649478 51.51789426048751, -0.1510523315529981 51.518533512062426, -0.1518362874082281 51.51900207217463))",0,True,True,,12
8a195da49cc7fff,66,66-3-0,10,2,51.514741465605084,-0.14844075171999505,75.864,"POLYGON ((-0.1482660679461492 51.51538072570343, -0.1492246165556582 51.51521004093726, -0.1493992905187463 51.51457077568751, -0.1486154318465062 51.514102200652246, -0.1476569050145341 51.51427288624661, -0.1474822150775917 51.51491214604795, -0.1482660679461492 51.51538072570343))",0,True,True,,6
8a195da49ccffff,66,66-3-1,10,2,51.51363362159084,-0.14783159130406573,75.864,"POLYGON ((-0.1476569050145341 51.51427288624661, -0.1486154318465062 51.514102200652246, -0.1487901083258023 51.51346293084504, -0.1480062739462858 51.512994352080796, -0.1470477688910762 51.513165038503644, -0.1468730764389319 51.5138043028622, -0.1476569050145341 51.51427288624661))",0,True,True,,8
8a195da49cd7fff,66,66-3-2,10,2,51.515039346696234,-0.15018316732110878,75.864,"POLYGON ((-0.1500084995218262 51.515678612242816, -0.1509670622539321 51.515507913678114, -0.1511417202420042 51.51486864298023, -0.1503578314733181 51.51440007629512, -0.1493992905187463 51.51457077568751, -0.1492246165556582 51.51521004093726, -0.1500084995218262 51.515678612242816))",7,True,True,,26
8a195da49cdffff,66,66-3-3,10,2,51.51393150558327,-0.14957396083467991,75.864,"POLYGON ((-0.1493992905187463 51.51457077568751, -0.1503578314733181 51.51440007629512, -0.1505324919785279 51.5137608010396, -0.1497486275035737 51.513292230624735, -0.1487901083258023 51.51346293084504, -0.1486154318465062 51.514102200652246, -0.1493992905187463 51.51457077568751))",0,True,True,,9
8a195da49ce7fff,66,66-3-4,10,2,51.51555140099479,-0.14730752149314458,75.864,"POLYGON ((-0.1471328242610373 51.516190651086944, -0.1480913805248694 51.516019980947135, -0.1482660679461492 51.51538072570343, -0.1474822150775917 51.51491214604795, -0.1465236805920687 51.51508281701626, -0.1463489771971462 51.51572206681148, -0.1471328242610373 51.516190651086944))",0,True,True,,2
8a195da49ceffff,66,66-3-5,10,2,51.51444356236644,-0.14669838033929578,75.864,"POLYGON ((-0.1465236805920687 51.51508281701626, -0.1474822150775917 51.51491214604795, -0.1476569050145341 51.51427288624661, -0.1468730764389319 51.5138043028622, -0.145914563730918 51.51397497465926, -0.1457398578213289 51.51461422901188, -0.1465236805920687 51.51508281701626))",0,True,True,,8
8a195da49cf7fff,66,66-3-6,10,2,51.51584930133245,-0.14904993894530133,75.864,"POLYGON ((-0.1488752576875712 51.516488556872936, -0.149833828075361 51.516317872934735, -0.1500084995218262 51.515678612242816, -0.1492246165556582 51.51521004093726, -0.1482660679461492 51.51538072570343, -0.1480913805248694 51.516019980947135, -0.1488752576875712 51.516488556872936))",0,True,True,,4
8a195da49d47fff,66,66-5-0,10,2,51.517683079145066,-0.1421653253774495,75.864,"POLYGON ((-0.141990571796083 51.51832229376822, -0.1429491368895071 51.51815168130514, -0.1431238806603975 51.517512461529954, -0.1423400753100051 51.51704385966684, -0.1413815319971119 51.517214472959736, -0.1412067722543967 51.51785368728588, -0.141990571796083 51.51832229376822))",0,True,True,,10
8a195da49d4ffff,66,66-5-1,10,2,51.516575253778576,-0.14155628809096565,75.864,"POLYGON ((-0.1413815319971119 51.517214472959736, -0.1423400753100051 51.51704385966684, -0.142514821593941 51.51640463533365, -0.1417310405361084 51.515936029742555, -0.1407725190029559 51.51610664386551, -0.1405977567482016 51.51674586274948, -0.1413815319971119 51.517214472959736))",0,True,True,,9
8a195da49d57fff,66,66-5-2,10,2,51.51798105936758,-0.14390770414249146,75.864,"POLYGON ((-0.1437329665336637 51.51862027943956, -0.14469154575661 51.51844965317931, -0.1448662735545189 51.51781042795539, -0.1440824381028001 51.517341834440444, -0.1431238806603975 51.517512461529954, -0.1429491368895071 51.51815168130514, -0.1437329665336637 51.51862027943956))",0,True,True,,3
8a195da49d5ffff,66,66-5-3,10,2,51.51687323689973,-0.14329862078272879,75.864,"POLYGON ((-0.1431238806603975 51.517512461529954, -0.1440824381028001 51.517341834440444, -0.1442571684147145 51.51670260465829, -0.1434733572565694 51.516234007414575, -0.142514821593941 51.51640463533365, -0.1423400753100051 51.51704385966684, -0.1431238806603975 51.517512461529954))",0,True,True,,7
8a195da49d67fff,66,66-5-4,10,2,51.518492896756925,-0.14103200886274658,75.864,"POLYGON ((-0.1408572418220265 51.519132101372705, -0.1418158145658522 51.51896150353616, -0.141990571796083 51.51832229376822, -0.1412067722543967 51.51785368728588, -0.1402482212918585 51.518024285952514, -0.1400734480900254 51.51866349027135, -0.1408572418220265 51.519132101372705))",0,True,True,,12
8a195da49d6ffff,66,66-5-5,10,2,51.517385076778496,-0.14042299084453544,75.864,"POLYGON ((-0.1402482212918585 51.518024285952514, -0.1412067722543967 51.51785368728588, -0.1413815319971119 51.517214472959736, -0.1405977567482016 51.51674586274948, -0.1396392275661555 51.51691646224644, -0.1394644518528442 51.51755567112326, -0.1402482212918585 51.518024285952514))",0,True,True,,9
8a195da49d77fff,66,66-5-6,10,2,51.518790896225156,-0.1427743894699122,75.864,"POLYGON ((-0.1425996384014934 51.51943010628988, -0.1435582252762178 51.51925949465632, -0.1437329665336637 51.51862027943956, -0.1429491368895071 51.51815168130514, -0.141990571796083 51.51832229376822, -0.1418158145658522 51.51896150353616, -0.1425996384014934 51.51943010628988))",0,True,True,,8
8b194ad32488fff,20,20-2-1-0,11,3,51.51197486996654,-0.12640196189868963,28.827,"POLYGON ((-0.126463921437546 51.51222444921331, -0.1267627279106439 51.51208442083468, -0.1267007670592778 51.51183484115146, -0.126340002934136 51.511725290265865, -0.126041198388133 51.511865318224515, -0.1261031560401648 51.512114897488715, -0.126463921437546 51.51222444921331))",0,True,True,,4
8b194ad32489fff,20,20-2-1-1,11,3,51.511615738506435,-0.12597924131039764,28.827,"POLYGON ((-0.126041198388133 51.511865318224515, -0.126340002934136 51.511725290265865, -0.1262780445438995 51.51147571011137, -0.1259172848069732 51.51136615833451, -0.1256184821880677 51.51150618587315, -0.1256804373790045 51.51175576560861, -0.126041198388133 51.511865318224515))",0,True,True,,7
8b194ad3248afff,20,20-2-1-2,11,3,51.51194439116315,-0.12706153368576706,28.827,"POLYGON ((-0.127123496424037 51.51219397082897, -0.1274223028137114 51.512053940300994, -0.1273603387629663 51.51180436019877, -0.1269995715219035 51.511694811043526, -0.1267007670592778 51.51183484115146, -0.1267627279106439 51.51208442083468, -0.127123496424037 51.51219397082897))",0,True,True,,3
8b194ad3248bfff,20,20-2-1-3,11,3,51.51158526101437,-0.1266388067822198,28.827,"POLYGON ((-0.1267007670592778 51.51183484115146, -0.1269995715219035 51.511694811043526, -0.1269376099323585 51.51144523046999, -0.1265768470794996 51.511335680423414, -0.1262780445438995 51.51147571011137, -0.126340002934136 51.511725290265865, -0.1267007670592778 51.51183484115146))",0,True,True,,5
8b194ad3248cfff,20,20-2-1-4,11,3,51.512364476299055,-0.12616511426648389,28.827,"POLYGON ((-0.1262270730671678 51.51261405465557, -0.1265258815507622 51.51247402800624, -0.126463921437546 51.51222444921331, -0.1261031560401648 51.512114897488715, -0.1258043494837193 51.51225492371806, -0.1258663063975398 51.51250450209195, -0.1262270730671678 51.51261405465557))",0,True,True,,2
8b194ad3248dfff,20,20-2-1-5,11,3,51.51200534489028,-0.12574239314422145,28.827,"POLYGON ((-0.1258043494837193 51.51225492371806, -0.1261031560401648 51.512114897488715, -0.126041198388133 51.511865318224515, -0.1256804373790045 51.51175576560861, -0.1253816327497103 51.51189579141795, -0.1254435872023965 51.51214537026314, -0.1258043494837193 51.51225492371806))",0,True,True,,1
8b194ad3248efff,20,20-2-1-6,11,3,51.512334000064044,-0.12682468933636498,28.827,"POLYGON ((-0.1268866513364522 51.51258357883951, -0.1271854597366273 51.51244355004088, -0.127123496424037 51.51219397082897, -0.1267627279106439 51.51208442083468, -0.126463921437546 51.51222444921331, -0.1265258815507622 51.51247402800624, -0.1268866513364522 51.51258357883951))",0,True,True,,3
8b194ad324a0fff,20,20-2-4-0,11,3,51.51389240947089,-0.1258772844516837,28.827,"POLYGON ((-0.1259392434988611 51.514141984684926, -0.1262380599412259 51.514001962803675, -0.1261760995814292 51.51375238715316, -0.1258153259788036 51.51364283380289, -0.1255165114637062 51.513782855264154, -0.1255784686239497 51.51403243049569, -0.1259392434988611 51.514141984684926))",0,True,True,,11
8b194ad324a1fff,20,20-2-4-1,11,3,51.51353327957872,-0.12545455487776405,28.827,"POLYGON ((-0.1255165114637062 51.513782855264154, -0.1258153259788036 51.51364283380289, -0.1257533680802814 51.51339325768101, -0.1253925988661734 51.5132837034394, -0.1250937862783357 51.51342372448067, -0.1251557409773546 51.51367330018355, -0.1255165114637062 51.513782855264154))",0,True,True,,3
8b194ad324a2fff,20,20-2-4-2,11,3,51.5138619396295,-0.1265368756856151,28.827,"POLYGON ((-0.1265988379323842 51.514111515262535, -0.1268976542914079 51.5139714912319, -0.1268356907320336 51.51372191516242, -0.1264749140132164 51.51361236354253, -0.1261760995814292 51.51375238715316, -0.1262380599412259 51.514001962803675, -0.1265988379323842 51.514111515262535))",0,True,True,,6
8b194ad324a3fff,20,20-2-4-3,11,3,51.513502811048724,-0.12611413979597086,28.827,"POLYGON ((-0.1261760995814292 51.51375238715316, -0.1264749140132164 51.51361236354253, -0.126412952915187 51.51336278700165, -0.1260521805848706 51.513253234490385, -0.1257533680802814 51.51339325768101, -0.1258153259788036 51.51364283380289, -0.1261760995814292 51.51375238715316))",0,True,True,,1
8b194ad324a4fff,20,20-2-4-4,11,3,51.51428200527328,-0.12564042635851078,28.827,"POLYGON ((-0.1257023846674364 51.514531579596934, -0.1260012031203981 51.51439155944506, -0.1259392434988611 51.514141984684926, -0.1255784686239497 51.51403243049569, -0.1252796520983043 51.51417245022756, -0.1253416085202368 51.5144220245687, -0.1257023846674364 51.514531579596934))",0,True,True,,1
8b194ad324a5fff,20,20-2-4-5,11,3,51.513922875432534,-0.12521769625068407,28.827,"POLYGON ((-0.1252796520983043 51.51417245022756, -0.1255784686239497 51.51403243049569, -0.1255165114637062 51.513782855264154, -0.1251557409773546 51.51367330018355, -0.1248569263790177 51.51381331949546, -0.1249188803397323 51.51406289430795, -0.1252796520983043 51.51417245022756))",0,True,True,,1
8b194ad324a6fff,20,20-2-4-6,11,3,51.51425153800026,-0.12630002087537223,28.827,"POLYGON ((-0.1263619823839049 51.51450111274289, -0.1266608007535193 51.51436109044163, -0.1265988379323842 51.514111515262535, -0.1262380599412259 51.514001962803675, -0.1259392434988611 51.514141984684926, -0.1260012031203981 51.51439155944506, -0.1263619823839049 51.51450111274289))",0,True,True,,7
8b194ad324c0fff,20,20-3-0-0,11,3,51.51056880563061,-0.12405157714757449,28.827,"POLYGON ((-0.1241135236430946 51.510818386343225, -0.1244123224908888 51.51067836179372, -0.1243503746828948 51.51042878064466, -0.1239896312262504 51.51031922446422, -0.1236908343056432 51.510459248593754, -0.1237527789144915 51.510708829323704, -0.1241135236430946 51.510818386343225))",0,True,True,,3
8b194ad324c1fff,20,20-3-0-1,11,3,51.51020966741003,-0.12362889027093872,28.827,"POLYGON ((-0.1236908343056432 51.510459248593754, -0.1239896312262504 51.51031922446422, -0.1239276858790807 51.51006964284404, -0.1235669468104181 51.50996008577256, -0.1232681518170208 51.510100109482195, -0.1233300939650744 51.51034969068323, -0.1236908343056432 51.510459248593754))",0,True,True,,6
8b194ad324c2fff,20,20-3-0-2,11,3,51.51053833595141,-0.1247111206408975,28.827,"POLYGON ((-0.1247730703355865 51.51078791708313, -0.1250718691002385 51.51064789038442, -0.1250099180930845 51.51039830881627, -0.1246491715204265 51.51028875436591, -0.1243503746828948 51.51042878064466, -0.1244123224908888 51.51067836179372, -0.1247730703355865 51.51078791708313))",0,True,True,,3
8b194ad324c3fff,20,20-3-0-3,11,3,51.51017919904181,-0.12428842744907653,28.827,"POLYGON ((-0.1243503746828948 51.51042878064466, -0.1246491715204265 51.51028875436591, -0.1245872229741774 51.51003917232661, -0.1242264807894895 51.509929616985204, -0.1239276858790807 51.51006964284404, -0.1239896312262504 51.51031922446422, -0.1243503746828948 51.51042878064466))",0,True,True,,5
8b194ad324c4fff,20,20-3-0-4,11,3,51.51095840959986,-0.12381472409753567,28.827,"POLYGON ((-0.1238766698547562 51.51120798942218, -0.1241754707128168 51.51106796660202, -0.1241135236430946 51.510818386343225, -0.1237527789144915 51.510708829323704, -0.1234539799836616 51.51084885172397, -0.1235159238542175 51.511098431563624, -0.1238766698547562 51.51120798942218))",0,True,True,,5
8b194ad324c5fff,20,20-3-0-5,11,3,51.51059927143051,-0.12339203668730135,28.827,"POLYGON ((-0.1234539799836616 51.51084885172397, -0.1237527789144915 51.510708829323704, -0.1236908343056432 51.510459248593754, -0.1233300939650744 51.51034969068323, -0.1230312969614879 51.51048971266358, -0.1230932383712148 51.51073929297438, -0.1234539799836616 51.51084885172397))",0,True,True,,7
8b194ad324c6fff,20,20-3-0-6,11,3,51.510927942488976,-0.12447427087307493,28.827,"POLYGON ((-0.1245362198295155 51.51117752273045, -0.1248350206044891 51.51103749776103, -0.1247730703355865 51.51078791708313, -0.1244123224908888 51.51067836179372, -0.1241135236430946 51.510818386343225, -0.1241754707128168 51.51106796660202, -0.1245362198295155 51.51117752273045))",0,True,True,,1
8b194ad324e0fff,20,20-3-4-0,11,3,51.51137847161269,-0.12291832127434087,28.827,"POLYGON ((-0.1229802630940184 51.5116280501256, -0.1232790660453514 51.51148803118398, -0.1232171229131406 51.51123845223457, -0.1228563800288084 51.51112889264596, -0.1225575790048216 51.511268911167676, -0.1226195189378087 51.51151848969793, -0.1229802630940184 51.5116280501256))",0,True,True,,8
8b194ad324e1fff,20,20-3-4-1,11,3,51.51101933218365,-0.12249563964595792,28.827,"POLYGON ((-0.1225575790048216 51.511268911167676, -0.1228563800288084 51.51112889264596, -0.1227944393574302 51.510879313225416, -0.1224337008612167 51.510769752745794, -0.1221349017645583 51.51090977084767, -0.1221968392367883 51.511159349849, -0.1225575790048216 51.511268911167676))",0,True,True,,1
8b194ad324e2fff,20,20-3-4-2,11,3,51.5113480109495,-0.12357786829892402,28.827,"POLYGON ((-0.1236398133178382 51.51159758988158, -0.1239386161861795 51.511457568790725, -0.1238766698547562 51.51120798942218, -0.1235159238542175 51.511098431563624, -0.1232171229131406 51.51123845223457, -0.1232790660453514 51.51148803118398, -0.1236398133178382 51.51159758988158))",0,True,True,,2
8b194ad324e3fff,20,20-3-4-3,11,3,51.510988872831376,-0.12315518035510552,28.827,"POLYGON ((-0.1232171229131406 51.51123845223457, -0.1235159238542175 51.511098431563624, -0.1234539799836616 51.51084885172397, -0.1230932383712148 51.51073929297438, -0.1227944393574302 51.510879313225416, -0.1228563800288084 51.51112889264596, -0.1232171229131406 51.51123845223457))",0,True,True,,6
8b194ad324e4fff,20,20-3-4-4,11,3,51.51176806777434,-0.12268145944496098,28.827,"POLYGON ((-0.122743400526259 51.512017645396995, -0.1230422054878623 51.51187762818472, -0.1229802630940184 51.5116280501256, -0.1226195189378087 51.51151848969793, -0.1223207159035955 51.51165850649032, -0.1223826550982053 51.5119080841303, -0.122743400526259 51.512017645396995))",0,True,True,,5
8b194ad324e5fff,20,20-3-4-5,11,3,51.511408928396584,-0.12225877728315585,28.827,"POLYGON ((-0.1223207159035955 51.51165850649032, -0.1226195189378087 51.51151848969793, -0.1225575790048216 51.511268911167676, -0.1221968392367883 51.511159349849, -0.1218980381299522 51.51129936622154, -0.1219599748637603 51.5115489443326, -0.1223207159035955 51.51165850649032))",0,True,True,,1
8b194ad324e6fff,20,20-3-4-6,11,3,51.511737609679564,-0.12334100975171362,28.827,"POLYGON ((-0.1234029540322893 51.511987187721324, -0.1237017589109303 51.511847168359814, -0.1236398133178382 51.51159758988158, -0.1232790660453514 51.51148803118398, -0.1229802630940184 51.5116280501256, -0.1230422054878623 51.51187762818472, -0.1234029540322893 51.511987187721324))",0,True,True,,0
8b194ad325b0fff,20,20-6-6-0,11,3,51.51691774301196,-0.12596120432891464,28.827,"POLYGON ((-0.1260231670688994 51.51716731235929, -0.1263219993467921 51.51702729786512, -0.1262600352940792 51.5167777280813, -0.1258992421633698 51.5166681732106, -0.1256004118129505 51.51680818728477, -0.1256623726657604 51.51705775664964, -0.1260231670688994 51.51716731235929))",0,True,True,,6
8b194ad325b1fff,20,20-6-6-1,11,3,51.516558617465876,-0.1255384515345079,28.827,"POLYGON ((-0.1256004118129505 51.51680818728477, -0.1258992421633698 51.5166681732106, -0.1258372805722026 51.51641860295523, -0.1254764918304622 51.516309047192976, -0.1251776634075036 51.51644906084717, -0.125239621798828 51.516698630683585, -0.1256004118129505 51.51680818728477))",0,True,True,,0
8b194ad325b2fff,20,20-6-6-2,11,3,51.516887282077946,-0.12662083092662116,28.827,"POLYGON ((-0.1266827968665013 51.51713685184421, -0.1269816290610112 51.51699683520055, -0.1269196618083863 51.51674726499781, -0.1265588655611772 51.516637711857655, -0.1262600352940792 51.5167777280813, -0.1263219993467921 51.51702729786512, -0.1266827968665013 51.51713685184421))",0,True,True,,1
8b194ad325b3fff,20,20-6-6-3,11,3,51.51652815784348,-0.12619807181579124,28.827,"POLYGON ((-0.1262600352940792 51.5167777280813, -0.1265588655611772 51.516637711857655, -0.1264969007701582 51.51638814118334, -0.1261361089119065 51.516278587151604, -0.1258372805722026 51.51641860295523, -0.1258992421633698 51.5166681732106, -0.1262600352940792 51.5167777280813))",0,True,True,,3
8b194ad325b4fff,20,20-6-6-4,11,3,51.51730732556049,-0.12572433409296385,28.827,"POLYGON ((-0.1257862960945721 51.51755689401729, -0.1260851303832636 51.517416881252586, -0.1260231670688994 51.51716731235929, -0.1256623726657604 51.51705775664964, -0.1253635403045708 51.51719776899437, -0.1254255004190165 51.51744733746871, -0.1257862960945721 51.51755689401729))",0,True,True,,11
8b194ad325b5fff,20,20-6-6-5,11,3,51.51694820006596,-0.12530158076449294,28.827,"POLYGON ((-0.1253635403045708 51.51719776899437, -0.1256623726657604 51.51705775664964, -0.1256004118129505 51.51680818728477, -0.125239621798828 51.516698630683585, -0.124940791365148 51.51683864260831, -0.1250027490180792 51.51708821155421, -0.1253635403045708 51.51719776899437))",0,True,True,,2
8b194ad325b6fff,20,20-6-6-6,11,3,51.51727686719487,-0.12638396397388968,28.827,"POLYGON ((-0.1264459291754804 51.51752643607064, -0.1267447633808287 51.517386421156424, -0.1266827968665013 51.51713685184421, -0.1263219993467921 51.51702729786512, -0.1260231670688994 51.51716731235929, -0.1260851303832636 51.517416881252586, -0.1264459291754804 51.51752643607064))",0,True,True,,6
8b195da49808fff,39,39-0-1-0,11,3,51.51427525465414,-0.13397857344399655,28.827,"POLYGON ((-0.1340405726110457 51.51452483353221, -0.1343393919851768 51.514384787166385, -0.1342773915056152 51.51413520785197, -0.1339165748516881 51.51402567532207, -0.1336177574042133 51.51416572126762, -0.1336797546839973 51.51441530016335, -0.1340405726110457 51.51452483353221))",0,True,True,,4
8b195da49809fff,39,39-0-1-1,11,3,51.51391614191787,-0.13355576069912803,28.827,"POLYGON ((-0.1336177574042133 51.51416572126762, -0.1339165748516881 51.51402567532207, -0.1338545768340938 51.513776095535945, -0.1334937645687404 51.51366656211409, -0.1331949490479039 51.51380660763941, -0.1332569438657757 51.51405618700683, -0.1336177574042133 51.51416572126762))",0,True,True,,1
8b195da4980afff,39,39-0-1-2,11,3,51.514244739507575,-0.13463821066085824,28.827,"POLYGON ((-0.1347002130277132 51.51449431880431, -0.1349990323174585 51.51435427028889, -0.1349370286380846 51.51410469055584, -0.1345762088687556 51.51399515975685, -0.1342773915056152 51.51413520785197, -0.1343393919851768 51.514384787166385, -0.1347002130277132 51.51449431880431))",0,True,True,,8
8b195da4980bfff,39,39-0-1-3,11,3,51.51388562808355,-0.134215391600774,28.827,"POLYGON ((-0.1342773915056152 51.51413520785197, -0.1345762088687556 51.51399515975685, -0.1345142076513939 51.513745579552086, -0.1341533922706369 51.51363604786109, -0.1338545768340938 51.513776095535945, -0.1339165748516881 51.51402567532207, -0.1342773915056152 51.51413520785197))",0,True,True,,1
8b195da4980cfff,39,39-0-1-4,11,3,51.51466487860504,-0.13374175253848072,28.827,"POLYGON ((-0.1338037509676903 51.51491445659273, -0.1341025723528057 51.51477441195624, -0.1340405726110457 51.51452483353221, -0.1336797546839973 51.51441530016335, -0.1333809352255614 51.51455534437961, -0.1334429317674925 51.51480492238494, -0.1338037509676903 51.51491445659273))",0,True,True,,5
8b195da4980dfff,39,39-0-1-5,11,3,51.51430576592023,-0.13331893925833466,28.827,"POLYGON ((-0.1333809352255614 51.51455534437961, -0.1336797546839973 51.51441530016335, -0.1336177574042133 51.51416572126762, -0.1332569438657757 51.51405618700683, -0.1329581263340474 51.51419623080282, -0.1330201204140423 51.51444580927988, -0.1333809352255614 51.51455534437961))",0,True,True,,1
8b195da4980efff,39,39-0-1-6,11,3,51.514634366026755,-0.13440139303948018,28.827,"POLYGON ((-0.1344633946685416 51.514883944433066, -0.134762215969306 51.51474389764697, -0.1347002130277132 51.51449431880431, -0.1343393919851768 51.514384787166385, -0.1340405726110457 51.51452483353221, -0.1341025723528057 51.51477441195624, -0.1344633946685416 51.514883944433066))",0,True,True,,2
8b195da49818fff,39,39-0-3-0,11,3,51.51457332922845,-0.13572068313464414,28.827,"POLYGON ((-0.1357826911634262 51.514822908472006, -0.1360815122952403 51.51468285738666, -0.1360195029539142 51.51443327770679, -0.1356586756806587 51.51432374953083, -0.1353598564753904 51.51446380019584, -0.1354218626168402 51.514713379457135, -0.1357826911634262 51.514822908472006))",0,True,True,,5
8b195da49819fff,39,39-0-3-1,11,3,51.51421422048051,-0.13529785090871047,28.827,"POLYGON ((-0.1353598564753904 51.51446380019584, -0.1356586756806587 51.51432374953083, -0.1355966688014688 51.51407416937916, -0.1352358459168249 51.51396464031114, -0.1349370286380846 51.51410469055584, -0.1349990323174585 51.51435427028889, -0.1353598564753904 51.51446380019584))",0,True,True,,1
8b195da4981afff,39,39-0-3-2,11,3,51.51454280500833,-0.1363803327284925,28.827,"POLYGON ((-0.1364423439571585 51.51479238467047, -0.1367411650043683 51.514652331435485, -0.1366791524631927 51.51440275133702, -0.13631832207465 51.51429322489214, -0.1360195029539142 51.51443327770679, -0.1360815122952403 51.51468285738666, -0.1364423439571585 51.51479238467047))",0,True,True,,6
8b195da4981bfff,39,39-0-3-3,11,3,51.51418369757283,-0.1359574941874053,28.827,"POLYGON ((-0.1360195029539142 51.51443327770679, -0.13631832207465 51.51429322489214, -0.1362563119956351 51.51404364432188, -0.135895485995723 51.51393411698484, -0.1355966688014688 51.51407416937916, -0.1356586756806587 51.51432374953083, -0.1360195029539142 51.51443327770679))",0,True,True,,1
8b195da4981cfff,39,39-0-3-4,11,3,51.514962958264356,-0.1354838693330915,28.827,"POLYGON ((-0.13554587662414 51.5152125366175, -0.1358446997670312 51.51507248726148, -0.1357826911634262 51.514822908472006, -0.1354218626168402 51.514713379457135, -0.1351230414005182 51.51485342839284, -0.135185046804206 51.51510300676373, -0.13554587662414 51.5152125366175))",0,True,True,,3
8b195da4981dfff,39,39-0-3-5,11,3,51.514603849567905,-0.13506103657160098,28.827,"POLYGON ((-0.1351230414005182 51.51485342839284, -0.1354218626168402 51.514713379457135, -0.1353598564753904 51.51446380019584, -0.1349990323174585 51.51435427028889, -0.1347002130277132 51.51449431880431, -0.134762215969306 51.51474389764697, -0.1351230414005182 51.51485342839284))",0,True,True,,6
8b195da4981efff,39,39-0-3-6,11,3,51.51493243661245,-0.13614352221136905,28.827,"POLYGON ((-0.1362055327023528 51.515182015384205, -0.1365043557606897 51.51504196387852, -0.1364423439571585 51.51479238467047, -0.1360815122952403 51.51468285738666, -0.1357826911634262 51.514822908472006, -0.1358446997670312 51.51507248726148, -0.1362055327023528 51.515182015384205))",0,True,True,,5
8b195da49840fff,39,39-1-0-0,11,3,51.51286930154555,-0.13162775464191226,28.827,"POLYGON ((-0.1316897407619334 51.51311888189145, -0.1319885525135131 51.51297883935608, -0.1319265650809898 51.51272925857384, -0.131565769096469 51.51261972074573, -0.1312669592716479 51.51275976286094, -0.1313289435045871 51.513009343224375, -0.1316897407619334 51.51311888189145))",0,True,True,,9
8b195da49841fff,39,39-1-0-1,11,3,51.51251018204354,-0.1312049756132802,28.827,"POLYGON ((-0.1312669592716479 51.51275976286094, -0.131565769096469 51.51261972074573, -0.1315037841256076 51.51237013949198, -0.1311429925294472 51.512260600772194, -0.1308441846313567 51.51240064246722, -0.1309061664027044 51.512650223302174, -0.1312669592716479 51.51275976286094))",0,True,True,,1
8b195da49842fff,39,39-1-0-2,11,3,51.51283879552779,-0.13228736356681217,28.827,"POLYGON ((-0.1323493528864148 51.51308837629243, -0.1326481645539056 51.51294833160755, -0.1325861739217738 51.51269875040655, -0.1322253748217937 51.51258921430917, -0.1319265650809898 51.51272925857384, -0.1319885525135131 51.51297883935608, -0.1323493528864148 51.51308837629243))",0,True,True,,7
8b195da49843fff,39,39-1-0-3,11,3,51.512479677337645,-0.13186457822307515,28.827,"POLYGON ((-0.1319265650809898 51.51272925857384, -0.1322253748217937 51.51258921430917, -0.132163386651384 51.5123396326366, -0.1318025919397119 51.512230095647496, -0.1315037841256076 51.51237013949198, -0.131565769096469 51.51261972074573, -0.1319265650809898 51.51272925857384))",0,True,True,,2
8b195da49844fff,39,39-1-0-4,11,3,51.51325892313388,-0.13139092831208846,28.827,"POLYGON ((-0.1314529136941989 51.51350850258941, -0.1317517274565433 51.513368461783344, -0.1316897407619334 51.51311888189145, -0.1313289435045871 51.513009343224375, -0.1310301316690248 51.51314938361028, -0.1310921151640249 51.513398963083404, -0.1314529136941989 51.51350850258941))",0,True,True,,7
8b195da49845fff,39,39-1-0-5,11,3,51.51289980368322,-0.13096814874859686,28.827,"POLYGON ((-0.1310301316690248 51.51314938361028, -0.1313289435045871 51.513009343224375, -0.1312669592716479 51.51275976286094, -0.1309061664027044 51.512650223302174, -0.1306073564939266 51.5127902632679, -0.1306693375272958 51.513039843212574, -0.1310301316690248 51.51314938361028))",0,True,True,,12
8b195da49846fff,39,39-1-0-6,11,3,51.51322841968434,-0.13205054052061527,28.827,"POLYGON ((-0.1321125291023535 51.51347799955865, -0.1324113427806486 51.5133379566031, -0.1323493528864148 51.51308837629243, -0.1319885525135131 51.51297883935608, -0.1316897407619334 51.51311888189145, -0.1317517274565433 51.513368461783344, -0.1321125291023535 51.51347799955865))",0,True,True,,7
8b195da49848fff,39,39-1-1-0,11,3,51.51176143686771,-0.13101902808542792,28.827,"POLYGON ((-0.1310810100201686 51.512011019046916, -0.1313798159075706 51.51187097562261, -0.1313178326603677 51.511621393007054, -0.130957046725204 51.51151185423461, -0.1306582427645066 51.51165189723876, -0.1307202228122664 51.51190147943549, -0.1310810100201686 51.512011019046916))",0,True,True,,10
8b195da49849fff,39,39-1-1-1,11,3,51.51140231458813,-0.13059626329127774,28.827,"POLYGON ((-0.1306582427645066 51.51165189723876, -0.130957046725204 51.51151185423461, -0.1308950659395214 51.5112622711476, -0.1305342843925481 51.511152731483584, -0.1302354823585784 51.511292774067606, -0.1302974599448728 51.511542356735745, -0.1306582427645066 51.51165189723876))",0,True,True,,4
8b195da4984afff,39,39-1-1-2,11,3,51.511730930905394,-0.13167862109673828,28.827,"POLYGON ((-0.13174060623094 51.51198051350342, -0.1320394120343365 51.511840467929666, -0.1319774255876865 51.51159088489531, -0.1316166365370955 51.51148134785349, -0.1313178326603677 51.511621393007054, -0.1313798159075706 51.51187097562261, -0.13174060623094 51.51198051350342))",0,True,True,,11
8b195da4984bfff,39,39-1-1-3,11,3,51.51137180993759,-0.13125584998772258,28.827,"POLYGON ((-0.1313178326603677 51.511621393007054, -0.1316166365370955 51.51148134785349, -0.1315546525520107 51.51123176434766, -0.1311938678895985 51.511122226414194, -0.1308950659395214 51.5112622711476, -0.130957046725204 51.51151185423461, -0.1313178326603677 51.511621393007054))",0,True,True,,5
8b195da4984cfff,39,39-1-1-4,11,3,51.51215106117832,-0.13078220343454774,28.827,"POLYGON ((-0.1308441846313567 51.51240064246722, -0.1311429925294472 51.512260600772194, -0.1310810100201686 51.512011019046916, -0.1307202228122664 51.51190147943549, -0.1304214168409498 51.512041520710376, -0.1304833961507596 51.5122911020168, -0.1308441846313567 51.51240064246722))",0,True,True,,10
8b195da4984dfff,39,39-1-1-5,11,3,51.51179193894999,-0.13035943810565107,28.827,"POLYGON ((-0.1304214168409498 51.512041520710376, -0.1307202228122664 51.51190147943549, -0.1306582427645066 51.51165189723876, -0.1302974599448728 51.511542356735745, -0.1299986559003174 51.51168239759048, -0.130060632748643 51.511931979368384, -0.1304214168409498 51.512041520710376))",0,True,True,,9
8b195da4984efff,39,39-1-1-6,11,3,51.51212055778422,-0.13144179972929138,28.827,"POLYGON ((-0.1315037841256076 51.51237013949198, -0.1318025919397119 51.512230095647496, -0.13174060623094 51.51198051350342, -0.1313798159075706 51.51187097562261, -0.1310810100201686 51.512011019046916, -0.1311429925294472 51.512260600772194, -0.1315037841256076 51.51237013949198))",0,True,True,,7
8b195da49850fff,39,39-1-2-0,11,3,51.513167401144536,-0.13336977403198294,28.827,"POLYGON ((-0.1334317690130086 51.51341698185631, -0.1337305825229572 51.51327693460171, -0.1336685862294334 51.51302735345359, -0.1333077796256011 51.51291781997878, -0.1330089680422957 51.513057866813156, -0.1330709611361827 51.51330744754255, -0.1334317690130086 51.51341698185631))",0,True,True,,2
8b195da49851fff,39,39-1-2-1,11,3,51.51280828562976,-0.1329469755230718,28.827,"POLYGON ((-0.1330089680422957 51.513057866813156, -0.1333077796256011 51.51291781997878, -0.133245785793903 51.51266823835903, -0.1328849835784845 51.51255870399239, -0.1325861739217738 51.51269875040655, -0.1326481645539056 51.51294833160755, -0.1330089680422957 51.513057866813156))",0,True,True,,2
8b195da49852fff,39,39-1-2-2,11,3,51.51313688605416,-0.134029395334528,28.827,"POLYGON ((-0.1340913935152288 51.513386467184624, -0.1343902069408646 51.51324641778047, -0.1343282074476645 51.512996836213674, -0.133967397728503 51.51288730446971, -0.1336685862294334 51.51302735345359, -0.1337305825229572 51.51327693460171, -0.1340913935152288 51.513386467184624))",0,True,True,,6
8b195da49853fff,39,39-1-2-3,11,3,51.51277777185147,-0.1336065905105536,28.827,"POLYGON ((-0.1336685862294334 51.51302735345359, -0.133967397728503 51.51288730446971, -0.1339054006971684 51.51263772243124, -0.1335445953663988 51.5125281897954, -0.133245785793903 51.51266823835903, -0.1333077796256011 51.51291781997878, -0.1336685862294334 51.51302735345359))",0,True,True,,5
8b195da49854fff,39,39-1-2-4,11,3,51.51355702781796,-0.13313295480468781,28.827,"POLYGON ((-0.1331949490479039 51.51380660763941, -0.1334937645687404 51.51366656211409, -0.1334317690130086 51.51341698185631, -0.1330709611361827 51.51330744754255, -0.1327721475420179 51.51344749264762, -0.1328341398980311 51.513697072486714, -0.1331949490479039 51.51380660763941))",0,True,True,,2
8b195da49855fff,39,39-1-2-5,11,3,51.51319791235459,-0.13271015576064818,28.827,"POLYGON ((-0.1327721475420179 51.51344749264762, -0.1330709611361827 51.51330744754255, -0.1330089680422957 51.513057866813156, -0.1326481645539056 51.51294833160755, -0.1323493528864148 51.51308837629243, -0.1324113427806486 51.5133379566031, -0.1327721475420179 51.51344749264762))",0,True,True,,3
8b195da49856fff,39,39-1-2-6,11,3,51.51352651529582,-0.13379257939118205,28.827,"POLYGON ((-0.1338545768340938 51.513776095535945, -0.1341533922706369 51.51363604786109, -0.1340913935152288 51.513386467184624, -0.1337305825229572 51.51327693460171, -0.1334317690130086 51.51341698185631, -0.1334937645687404 51.51366656211409, -0.1338545768340938 51.513776095535945))",0,True,True,,3
8b195da49858fff,39,39-1-3-0,11,3,51.51205953935581,-0.13276100141316005,28.827,"POLYGON ((-0.1328229922085126 51.5123091219011, -0.133121799854432 51.5121690737577, -0.1330598077466316 51.51191949077607, -0.1326990111924773 51.511809956356636, -0.1324002054731624 51.511950004079814, -0.1324621943814159 51.51219958664269, -0.1328229922085126 51.5123091219011))",0,True,True,,0
8b195da49859fff,39,39-1-3-1,11,3,51.51170042106303,-0.13233821713947524,28.827,"POLYGON ((-0.1324002054731624 51.511950004079814, -0.1326990111924773 51.511809956356636, -0.1326370215463662 51.511560372903496, -0.1322762293804097 51.51145083759231, -0.1319774255876865 51.51159088489531, -0.1320394120343365 51.511840467929666, -0.1324002054731624 51.511950004079814))",0,True,True,,11
8b195da4985afff,39,39-1-3-2,11,3,51.51202902432137,-0.13342060680200984,28.827,"POLYGON ((-0.1334826007968658 51.512278607285374, -0.133781408358556 51.51213855699247, -0.1337194130512457 51.51188897359213, -0.1333586133817788 51.51177944090341, -0.1330598077466316 51.51191949077607, -0.133121799854432 51.5121690737577, -0.1334826007968658 51.512278607285374))",0,True,True,,4
8b195da4985bfff,39,39-1-3-3,11,3,51.51166990734052,-0.13299781621349088,28.827,"POLYGON ((-0.1330598077466316 51.51191949077607, -0.1333586133817788 51.51177944090341, -0.1332966205361925 51.51152985703152, -0.1329358252549578 51.511420323451034, -0.1326370215463662 51.511560372903496, -0.1326990111924773 51.511809956356636, -0.1330598077466316 51.51191949077607))",0,True,True,,3
8b195da4985cfff,39,39-1-3-4,11,3,51.51244916875158,-0.13252418386429796,28.827,"POLYGON ((-0.1325861739217738 51.51269875040655, -0.1328849835784845 51.51255870399239, -0.1328229922085126 51.5123091219011, -0.1324621943814159 51.51219958664269, -0.132163386651384 51.5123396326366, -0.1322253748217937 51.51258921430917, -0.1325861739217738 51.51269875040655))",0,True,True,,4
8b195da4985dfff,39,39-1-3-5,11,3,51.512090050510125,-0.13210139905556703,28.827,"POLYGON ((-0.132163386651384 51.5123396326366, -0.1324621943814159 51.51219958664269, -0.1324002054731624 51.511950004079814, -0.1320394120343365 51.511840467929666, -0.13174060623094 51.51198051350342, -0.1318025919397119 51.512230095647496, -0.132163386651384 51.5123396326366))",0,True,True,,5
8b195da4985efff,39,39-1-3-6,11,3,51.51241865628533,-0.1331837925368316,28.827,"POLYGON ((-0.133245785793903 51.51266823835903, -0.1335445953663988 51.5125281897954, -0.1334826007968658 51.512278607285374, -0.133121799854432 51.5121690737577, -0.1328229922085126 51.5123091219011, -0.1328849835784845 51.51255870399239, -0.133245785793903 51.51266823835903))",0,True,True,,2
8b195da49860fff,39,39-1-4-0,11,3,51.513679039103636,-0.13049448677313571,28.827,"POLYGON ((-0.1305564682176181 51.51392861725002, -0.1308552840747053 51.51378858032277, -0.1307933013176919 51.51353900173998, -0.1304325059032107 51.51342946050331, -0.1301336919730058 51.51356949701042, -0.1301956715303774 51.51381907517437, -0.1305564682176181 51.51392861725002))",0,True,True,,5
8b195da49861fff,39,39-1-4-1,11,3,51.513319918392504,-0.13007171299011358,28.827,"POLYGON ((-0.1301336919730058 51.51356949701042, -0.1304325059032107 51.51342946050331, -0.1303705256078165 51.51317988144899, -0.1300097345818022 51.513070339320656, -0.1297109225784718 51.513210375407645, -0.1297728996742997 51.51345995404309, -0.1301336919730058 51.51356949701042))",0,True,True,,4
8b195da49862fff,39,39-1-4-2,11,3,51.513648542102565,-0.13115409923357765,28.827,"POLYGON ((-0.1312160838777248 51.513898120667726, -0.1315148996508632 51.51375808159098, -0.1314529136941989 51.51350850258941, -0.1310921151640249 51.513398963083404, -0.1307933013176919 51.51353900173998, -0.1308552840747053 51.51378858032277, -0.1312160838777248 51.513898120667726))",0,True,True,,6
8b195da49863fff,39,39-1-4-3,11,3,51.51328942270328,-0.13073131913524624,28.827,"POLYGON ((-0.1307933013176919 51.51353900173998, -0.1310921151640249 51.513398963083404, -0.1310301316690248 51.51314938361028, -0.1306693375272958 51.513039843212574, -0.1303705256078165 51.51317988144899, -0.1304325059032107 51.51342946050331, -0.1307933013176919 51.51353900173998))",0,True,True,,9
8b195da49864fff,39,39-1-4-4,11,3,51.51406865288433,-0.13025765166229594,28.827,"POLYGON ((-0.1303196323687572 51.514318230140354, -0.1306184502366434 51.51417819494244, -0.1305564682176181 51.51392861725002, -0.1301956715303774 51.51381907517437, -0.1298968555894326 51.513959109952175, -0.1299588344087546 51.51420868722576, -0.1303196323687572 51.514318230140354))",0,True,True,,0
8b195da49865fff,39,39-1-4-5,11,3,51.5137095322246,-0.12983487734457538,28.827,"POLYGON ((-0.1298968555894326 51.513959109952175, -0.1301956715303774 51.51381907517437, -0.1301336919730058 51.51356949701042, -0.1297728996742997 51.51345995404309, -0.129474085660268 51.51359998840076, -0.1295360620180222 51.51384956614588, -0.1298968555894326 51.513959109952175))",0,True,True,,8
8b195da49866fff,39,39-1-4-6,11,3,51.514038158451534,-0.13091726740630788,28.827,"POLYGON ((-0.130979251312475 51.514287736126356, -0.1312780690964368 51.51414769877892, -0.1312160838777248 51.513898120667726, -0.1308552840747053 51.51378858032277, -0.1305564682176181 51.51392861725002, -0.1306184502366434 51.51417819494244, -0.130979251312475 51.514287736126356))",0,True,True,,8
8b195da49868fff,39,39-1-5-0,11,3,51.51257117981508,-0.12988577948864222,28.827,"POLYGON ((-0.1299477567479634 51.512820759794856, -0.1302465667406221 51.51268072197852, -0.1301845881687893 51.5124311415624, -0.1298238028038225 51.51232159938142, -0.1295249947380482 51.512461636777594, -0.1295869701103597 51.51271121677488, -0.1299477567479634 51.512820759794856))",0,True,True,,1
8b195da49869fff,39,39-1-5-1,11,3,51.51221205632641,-0.12946301994017057,28.827,"POLYGON ((-0.1295249947380482 51.512461636777594, -0.1298238028038225 51.51232159938142, -0.1297618266934878 51.51207201849383, -0.1294010457168229 51.5119624754213, -0.129102239577905 51.512102512397384, -0.129164212488804 51.51235209286608, -0.1295249947380482 51.512461636777594))",0,True,True,,5
8b195da4986afff,39,39-1-5-2,11,3,51.51254068286935,-0.1305453760350815,28.827,"POLYGON ((-0.1306073564939266 51.5127902632679, -0.1309061664027044 51.512650223302174, -0.1308441846313567 51.51240064246722, -0.1304833961507596 51.5122911020168, -0.1301845881687893 51.5124311415624, -0.1302465667406221 51.51268072197852, -0.1306073564939266 51.5127902632679))",0,True,True,,3
8b195da4986bfff,39,39-1-5-3,11,3,51.51218156069233,-0.13012261017146834,28.827,"POLYGON ((-0.1301845881687893 51.5124311415624, -0.1304833961507596 51.5122911020168, -0.1304214168409498 51.512041520710376, -0.130060632748643 51.511931979368384, -0.1297618266934878 51.51207201849383, -0.1298238028038225 51.51232159938142, -0.1301845881687893 51.5124311415624))",0,True,True,,9
8b195da4986cfff,39,39-1-5-4,11,3,51.51296079631821,-0.1296489460571621,28.827,"POLYGON ((-0.1297109225784718 51.513210375407645, -0.1300097345818022 51.513070339320656, -0.1299477567479634 51.512820759794856, -0.1295869701103597 51.51271121677488, -0.1292881600339421 51.51285125244175, -0.1293501346682391 51.5131008315487, -0.1297109225784718 51.513210375407645))",0,True,True,,0
8b195da4986dfff,39,39-1-5-5,11,3,51.51260167288088,-0.129226185974141,28.827,"POLYGON ((-0.1292881600339421 51.51285125244175, -0.1295869701103597 51.51271121677488, -0.1295249947380482 51.512461636777594, -0.129164212488804 51.51235209286608, -0.1288654043392864 51.512492128112854, -0.1289273765121367 51.512741707691234, -0.1292881600339421 51.51285125244175))",0,True,True,,0
8b195da4986efff,39,39-1-5-6,11,3,51.51293030194075,-0.13030854588694205,28.827,"POLYGON ((-0.1303705256078165 51.51317988144899, -0.1306693375272958 51.513039843212574, -0.1306073564939266 51.5127902632679, -0.1302465667406221 51.51268072197852, -0.1299477567479634 51.512820759794856, -0.1300097345818022 51.513070339320656, -0.1303705256078165 51.51317988144899))",0,True,True,,2
8b195da49870fff,39,39-1-6-0,11,3,51.51397715794529,-0.1322365079896699,28.827,"POLYGON ((-0.1322984982952603 51.514226736457644, -0.1325973159111559 51.51408669481118, -0.132535324293013 51.513837115862486, -0.1321745182587132 51.51372757897897, -0.131875702569569 51.51386762020524, -0.1319376909880021 51.5141171987352, -0.1322984982952603 51.514226736457644))",0,True,True,,2
8b195da49871fff,39,39-1-6-1,11,3,51.51361804122131,-0.13181371472578382,28.827,"POLYGON ((-0.131875702569569 51.51386762020524, -0.1321745182587132 51.51372757897897, -0.1321125291023535 51.51347799955865, -0.1317517274565433 51.513368461783344, -0.1314529136941989 51.51350850258941, -0.1315148996508632 51.51375808159098, -0.131875702569569 51.51386762020524))",0,True,True,,5
8b195da49872fff,39,39-1-6-2,11,3,51.51394665187176,-0.13289613282870388,28.827,"POLYGON ((-0.1329581263340474 51.51419623080282, -0.1332569438657757 51.51405618700683, -0.1331949490479039 51.51380660763941, -0.1328341398980311 51.513697072486714, -0.132535324293013 51.513837115862486, -0.1325973159111559 51.51408669481118, -0.1329581263340474 51.51419623080282))",0,True,True,,6
8b195da49873fff,39,39-1-6-3,11,3,51.51358753645978,-0.13247333324950408,28.827,"POLYGON ((-0.132535324293013 51.513837115862486, -0.1328341398980311 51.513697072486714, -0.1327721475420179 51.51344749264762, -0.1324113427806486 51.5133379566031, -0.1321125291023535 51.51347799955865, -0.1321745182587132 51.51372757897897, -0.132535324293013 51.513837115862486))",0,True,True,,6
8b195da49874fff,39,39-1-6-4,11,3,51.51436677681115,-0.13199967998104303,28.827,"POLYGON ((-0.1320616695487183 51.5146163544331, -0.1323604891754954 51.51447631451596, -0.1322984982952603 51.514226736457644, -0.1319376909880021 51.5141171987352, -0.1316388732880202 51.514257238232126, -0.1317008609685046 51.51450681587171, -0.1320616695487183 51.5146163544331))",0,True,True,,1
8b195da49875fff,39,39-1-6-5,11,3,51.51400766013856,-0.13157688618214344,28.827,"POLYGON ((-0.1316388732880202 51.514257238232126, -0.1319376909880021 51.5141171987352, -0.131875702569569 51.51386762020524, -0.1315148996508632 51.51375808159098, -0.1312160838777248 51.513898120667726, -0.1312780690964368 51.51414769877892, -0.1316388732880202 51.514257238232126))",0,True,True,,9
8b195da49876fff,39,39-1-6-6,11,3,51.51433627330586,-0.13265930810395388,28.827,"POLYGON ((-0.132721300871408 51.51458585134653, -0.1330201204140423 51.51444580927988, -0.1329581263340474 51.51419623080282, -0.1325973159111559 51.51408669481118, -0.1322984982952603 51.514226736457644, -0.1323604891754954 51.51447631451596, -0.132721300871408 51.51458585134653))",0,True,True,,6
8b195da498c8fff,39,39-3-1-0,11,3,51.51154781364814,-0.1356362428190361,28.827,"POLYGON ((-0.1356982471502186 51.51179739875846, -0.1359970524478449 51.51165734028777, -0.1359350468042474 51.51140775474115, -0.135574239062533 51.511298228083845, -0.1352754356912364 51.511438286134236, -0.1353374381353227 51.51168787126221, -0.1356982471502186 51.51179739875846))",0,True,True,,4
8b195da498c9fff,39,39-3-1-1,11,3,51.51118870055228,-0.13521343382185394,28.827,"POLYGON ((-0.1352754356912364 51.511438286134236, -0.135574239062533 51.511298228083845, -0.1355122358807852 51.511048642065596, -0.1351514325272308 51.51093911451639, -0.1348526310822715 51.511079172146495, -0.1349146310645581 51.51132875774606, -0.1352754356912364 51.511438286134236))",0,True,True,,1
8b195da498cafff,39,39-3-1-2,11,3,51.51151728052415,-0.1362958570470026,28.827,"POLYGON ((-0.1363578645777705 51.51176686605313, -0.1366566697908141 51.51162680543288, -0.1365946609476659 51.51137721946764, -0.1362338500910077 51.51126769454123, -0.1359350468042474 51.51140775474115, -0.1359970524478449 51.51165734028777, -0.1363578645777705 51.51176686605313))",0,True,True,,7
8b195da498cbfff,39,39-3-1-3,11,3,51.51115816874055,-0.1358730417353911,28.827,"POLYGON ((-0.1359350468042474 51.51140775474115, -0.1362338500910077 51.51126769454123, -0.1361718437097948 51.51101810810433, -0.1358110372412646 51.51090858228601, -0.1355122358807852 51.511048642065596, -0.135574239062533 51.511298228083845, -0.1359350468042474 51.51140775474115))",0,True,True,,4
8b195da498ccfff,39,39-3-1-4,11,3,51.51193745593624,-0.13539944115414976,28.827,"POLYGON ((-0.1354614447476774 51.51218704015629, -0.135760252056189 51.51204698341483, -0.1356982471502186 51.51179739875846, -0.1353374381353227 51.51168787126221, -0.1350386327531896 51.51182792758338, -0.1351006344595926 51.512077511821076, -0.1354614447476774 51.51218704015629))",0,True,True,,1
8b195da498cdfff,39,39-3-1-5,11,3,51.51157834289171,-0.13497663162152718,28.827,"POLYGON ((-0.1350386327531896 51.51182792758338, -0.1353374381353227 51.51168787126221, -0.1352754356912364 51.511438286134236, -0.1349146310645581 51.51132875774606, -0.1346158276087959 51.51146881364695, -0.1346778268533699 51.51171839835625, -0.1350386327531896 51.51182792758338))",0,True,True,,3
8b195da498cefff,39,39-3-1-6,11,3,51.51190692538046,-0.13605905866623552,28.827,"POLYGON ((-0.1361210654593485 51.51215651001913, -0.1364198726832968 51.51201645112812, -0.1363578645777705 51.51176686605313, -0.1359970524478449 51.51165734028777, -0.1356982471502186 51.51179739875846, -0.135760252056189 51.51204698341483, -0.1361210654593485 51.51215651001913))",0,True,True,,0
8b195da498e0fff,39,39-3-4-0,11,3,51.513465478610264,-0.1351118376573213,28.827,"POLYGON ((-0.1351738414996972 51.51371505968771, -0.1354726567674366 51.51357500771373, -0.1354106516125871 51.51332542619995, -0.1350498343897217 51.513215897078815, -0.1347510210484589 51.51335594863251, -0.1348130230035833 51.51360552972764, -0.1351738414996972 51.51371505968771))",0,True,True,,12
8b195da498e1fff,39,39-3-4-1,11,3,51.51310636708336,-0.13468901966804847,28.827,"POLYGON ((-0.1347510210484589 51.51335594863251, -0.1350498343897217 51.513215897078815, -0.1349878316968311 51.51296631509335, -0.1346270188623971 51.51285678508025, -0.1343282074476645 51.512996836213674, -0.1343902069408646 51.51324641778047, -0.1347510210484589 51.51335594863251))",0,True,True,,4
8b195da498e2fff,39,39-3-4-2,11,3,51.513434954446744,-0.1357714713366961,28.827,"POLYGON ((-0.1358334783788049 51.51368453594281, -0.1361322935620335 51.513544481819224, -0.13607028520745 51.51329489988684, -0.1357094648693753 51.51318537249667, -0.1354106516125871 51.51332542619995, -0.1354726567674366 51.51357500771373, -0.1358334783788049 51.51368453594281))",0,True,True,,2
8b195da498e3fff,39,39-3-4-3,11,3,51.51307584423215,-0.13534864703248362,28.827,"POLYGON ((-0.1354106516125871 51.51332542619995, -0.1357094648693753 51.51318537249667, -0.1356474589768058 51.512935790092584, -0.1352866430271661 51.51282626181038, -0.1349878316968311 51.51296631509335, -0.1350498343897217 51.513215897078815, -0.1354106516125871 51.51332542619995))",0,True,True,,0
8b195da498e4fff,39,39-3-4-4,11,3,51.51385511036875,-0.13487502553345818,28.827,"POLYGON ((-0.1349370286380846 51.51410469055584, -0.1352358459168249 51.51396464031114, -0.1351738414996972 51.51371505968771, -0.1348130230035833 51.51360552972764, -0.1345142076513939 51.513745579552086, -0.1345762088687556 51.51399515975685, -0.1349370286380846 51.51410469055584))",0,True,True,,11
8b195da498e5fff,39,39-3-4-5,11,3,51.51349599889329,-0.13445220700877755,28.827,"POLYGON ((-0.1345142076513939 51.513745579552086, -0.1348130230035833 51.51360552972764, -0.1347510210484589 51.51335594863251, -0.1343902069408646 51.51324641778047, -0.1340913935152288 51.513386467184624, -0.1341533922706369 51.51363604786109, -0.1345142076513939 51.513745579552086))",0,True,True,,3
8b195da498e6fff,39,39-3-4-6,11,3,51.51382458877347,-0.1355346624970788,28.827,"POLYGON ((-0.1355966688014688 51.51407416937916, -0.135895485995723 51.51393411698484, -0.1358334783788049 51.51368453594281, -0.1354726567674366 51.51357500771373, -0.1351738414996972 51.51371505968771, -0.1352358459168249 51.51396464031114, -0.1355966688014688 51.51407416937916))",0,True,True,,3
8b195da49910fff,39,39-4-2-0,11,3,51.518408500740684,-0.13467178932582283,28.827,"POLYGON ((-0.1347337963766616 51.51865807191663, -0.135032637451462 51.518518033825586, -0.1349706290878956 51.51826846221326, -0.1346097828498006 51.518158929110534, -0.1343109437018909 51.51829896678126, -0.1343729488651786 51.51854853797503, -0.1347337963766616 51.51865807191663))",0,True,True,,6
8b195da49911fff,39,39-4-2-1,11,3,51.518049395133325,-0.13424893911338787,28.827,"POLYGON ((-0.1343109437018909 51.51829896678126, -0.1346097828498006 51.518158929110534, -0.1345477769486246 51.51790935702621, -0.1341869350997248 51.51779982303123, -0.1338880978786727 51.5179398602817, -0.1339501005796507 51.518189431947405, -0.1343109437018909 51.51829896678126))",0,True,True,,3
8b195da49912fff,39,39-4-2-2,11,3,51.518377994441494,-0.13533147782767313,28.827,"POLYGON ((-0.1353934880788034 51.51862756603601, -0.1356923290691129 51.518487525795244, -0.135630317505264 51.518237953764356, -0.1352694681513811 51.51812842239279, -0.1349706290878956 51.51826846221326, -0.135032637451462 51.518518033825586, -0.1353934880788034 51.51862756603601))",0,True,True,,1
8b195da49913fff,39,39-4-2-3,11,3,51.518018890146756,-0.13490862129918682,28.827,"POLYGON ((-0.1349706290878956 51.51826846221326, -0.1352694681513811 51.51812842239279, -0.1352074590499624 51.51787884988993, -0.1348466140852887 51.51776931762606, -0.1345477769486246 51.51790935702621, -0.1346097828498006 51.518158929110534, -0.1349706290878956 51.51826846221326))",0,True,True,,6
8b195da49914fff,39,39-4-2-4,11,3,51.518798108714634,-0.13443495460331328,28.827,"POLYGON ((-0.1344969609162497 51.519047678999996, -0.1347958040023688 51.5189076426384, -0.1347337963766616 51.51865807191663, -0.1343729488651786 51.51854853797503, -0.1340741077059991 51.518688573916336, -0.1341361121313714 51.51893814421954, -0.1344969609162497 51.519047678999996))",0,True,True,,1
8b195da49915fff,39,39-4-2-5,11,3,51.51843900315897,-0.13401210385543272,28.827,"POLYGON ((-0.1340741077059991 51.518688573916336, -0.1343729488651786 51.51854853797503, -0.1343109437018909 51.51829896678126, -0.1339501005796507 51.518189431947405, -0.1336512613473776 51.51832946746846, -0.1337132633104212 51.51857903824362, -0.1340741077059991 51.518688573916336))",0,True,True,,8
8b195da49916fff,39,39-4-2-6,11,3,51.518767604983736,-0.13509464638989704,28.827,"POLYGON ((-0.1351566559031558 51.5190171756877, -0.1354554989048188 51.51887713717636, -0.1353934880788034 51.51862756603601, -0.135032637451462 51.518518033825586, -0.1347337963766616 51.51865807191663, -0.1347958040023688 51.5189076426384, -0.1351566559031558 51.5190171756877))",0,True,True,,5
8b195da499a0fff,39,39-6-4-0,11,3,51.518706585879116,-0.1364140390570262,28.827,"POLYGON ((-0.1364760549709872 51.518956157420114, -0.1367748978034899 51.51881611460923, -0.1367128805768055 51.518566542631866, -0.1363520237179837 51.51845701388391, -0.1360531828122357 51.518597056274444, -0.1361151968385684 51.518846627833305, -0.1364760549709872 51.518956157420114))",0,True,True,,1
8b195da499a1fff,39,39-6-4-1,11,3,51.518347484261376,-0.1359911693607742,28.827,"POLYGON ((-0.1360531828122357 51.518597056274444, -0.1363520237179837 51.51845701388391, -0.1362900089538228 51.5182074414345, -0.1359291564842394 51.51809791179416, -0.135630317505264 51.518237953764356, -0.1356923290691129 51.518487525795244, -0.1360531828122357 51.518597056274444))",0,True,True,,0
8b195da499a2fff,39,39-6-4-2,11,3,51.51867607050524,-0.13707373993726546,28.827,"POLYGON ((-0.1371357590516319 51.51892564246475, -0.1374346017994253 51.51878559750404, -0.1373725813723598 51.518536025108226, -0.1370117213978956 51.51842649809156, -0.1367128805768055 51.518566542631866, -0.1367748978034899 51.51881611460923, -0.1371357590516319 51.51892564246475))",0,True,True,,3
8b195da499a3fff,39,39-6-4-3,11,3,51.518316970200296,-0.13665086392501927,28.827,"POLYGON ((-0.1367128805768055 51.518566542631866, -0.1370117213978956 51.51842649809156, -0.1369497034334547 51.51817692522366, -0.1365888478482173 51.51806739731457, -0.1362900089538228 51.5182074414345, -0.1363520237179837 51.51845701388391, -0.1367128805768055 51.518566542631866))",0,True,True,,0
8b195da499a4fff,39,39-6-4-4,11,3,51.51909619893792,-0.13617721143981398,28.827,"POLYGON ((-0.1362392266159737 51.51934576958836, -0.1365380714599032 51.5192057285069, -0.1364760549709872 51.518956157420114, -0.1361151968385684 51.518846627833305, -0.1358163539214577 51.51898666849441, -0.135878367209976 51.51923623916271, -0.1362392266159737 51.51934576958836))",0,True,True,,10
8b195da499a5fff,39,39-6-4-5,11,3,51.51873709737191,-0.13575434120782168,28.827,"POLYGON ((-0.1358163539214577 51.51898666849441, -0.1361151968385684 51.518846627833305, -0.1360531828122357 51.518597056274444, -0.1356923290691129 51.518487525795244, -0.1353934880788034 51.51862756603601, -0.1354554989048188 51.51887713717636, -0.1358163539214577 51.51898666849441))",0,True,True,,3
8b195da499a6fff,39,39-6-4-6,11,3,51.51906568613235,-0.13683691560511418,28.827,"POLYGON ((-0.1368989339816794 51.51931525720125, -0.1371977787409139 51.51917521396999, -0.1371357590516319 51.51892564246475, -0.1367748978034899 51.51881611460923, -0.1364760549709872 51.518956157420114, -0.1365380714599032 51.5192057285069, -0.1368989339816794 51.51931525720125))",0,True,True,,2
8b195da4d648fff,56,56-1-1-0,11,3,51.519516315732986,-0.1352806766543116,28.827,"POLYGON ((-0.1353426878922053 51.519765885074314, -0.1356415348321244 51.51962584787208, -0.135579522281458 51.51937627809438, -0.1352186659913005 51.519266745937436, -0.134919820978275 51.51940678271936, -0.1349818303285269 51.51965635207852, -0.1353426878922053 51.519765885074314))",0,True,True,,8
8b195da4d649fff,56,56-1-1-1,11,3,51.519157212906,-0.1348578122029047,28.827,"POLYGON ((-0.134919820978275 51.51940678271936, -0.1352186659913005 51.519266745937436, -0.1351566559031558 51.5190171756877, -0.1347958040023688 51.5189076426384, -0.1344969609162497 51.519047678999996, -0.1345589678040197 51.519297248831215, -0.134919820978275 51.51940678271936))",0,True,True,,6
8b195da4d64afff,56,56-1-1-2,11,3,51.51948580937675,-0.13594038107337722,28.827,"POLYGON ((-0.1360023955117035 51.51973537913658, -0.1363012423670688 51.519595339784566, -0.1362392266159737 51.51934576958836, -0.135878367209976 51.51923623916271, -0.135579522281458 51.51937627809438, -0.1356415348321244 51.51962584787208, -0.1360023955117035 51.51973537913658))",0,True,True,,3
8b195da4d64bfff,56,56-1-1-3,11,3,51.519126707862476,-0.13551751030571535,28.827,"POLYGON ((-0.135579522281458 51.51937627809438, -0.135878367209976 51.51923623916271, -0.1358163539214577 51.51898666849441, -0.1354554989048188 51.51887713717636, -0.1351566559031558 51.5190171756877, -0.1352186659913005 51.519266745937436, -0.135579522281458 51.51937627809438))",0,True,True,,9
8b195da4d64cfff,56,56-1-1-4,11,3,51.51990592098346,-0.13504384025365615,28.827,"POLYGON ((-0.1351058507536431 51.520155489434174, -0.1354046997049826 51.52001545396139, -0.1353426878922053 51.519765885074314, -0.1349818303285269 51.51965635207852, -0.1346829833041401 51.519796387130974, -0.1347449919164721 51.520045955599535, -0.1351058507536431 51.520155489434174))",0,True,True,,2
8b195da4d64dfff,56,56-1-1-5,11,3,51.5195468182082,-0.13462097526664948,28.827,"POLYGON ((-0.1346829833041401 51.519796387130974, -0.1349818303285269 51.51965635207852, -0.134919820978275 51.51940678271936, -0.1345589678040197 51.519297248831215, -0.1342601227065881 51.51943728346336, -0.1343221288564498 51.519686852403986, -0.1346829833041401 51.519796387130974))",0,True,True,,2
8b195da4d64efff,56,56-1-1-6,11,3,51.519875417195536,-0.1357035479576951,28.827,"POLYGON ((-0.1357655616581504 51.52012498606475, -0.1360644105249555 51.51998494844218, -0.1360023955117035 51.51973537913658, -0.1356415348321244 51.51962584787208, -0.1353426878922053 51.519765885074314, -0.1354046997049826 51.52001545396139, -0.1357655616581504 51.52012498606475))",0,True,True,,0
8b195da49c88fff,66,66-2-1-0,11,3,51.51614717952134,-0.15079240061886792,28.827,"POLYGON ((-0.1508544842274073 51.51639676387946, -0.1511533152902812 51.516256669423626, -0.1510912303692965 51.51600708462941, -0.1507303175858739 51.51589759470897, -0.1504314884484512 51.51603768874397, -0.1504935701690134 51.516287273120234, -0.1508544842274073 51.51639676387946))",0,True,True,,1
8b195da49c89fff,66,66-2-1-1,11,3,51.515788103913415,-0.15036940730337192,28.827,"POLYGON ((-0.1504314884484512 51.51603768874397, -0.1507303175858739 51.51589759470897, -0.1506682351283783 51.515648009442295, -0.1503073267338104 51.515538518628624, -0.1500084995218365 51.515678612242816, -0.150070578778985 51.51592819709149, -0.1504314884484512 51.51603768874397))",0,True,True,,6
8b195da49c8afff,66,66-2-1-2,11,3,51.51611657367472,-0.15145214565366547,28.827,"POLYGON ((-0.1515142324626146 51.51636615845078, -0.1518130634389656 51.51622606184488, -0.15175097531758 51.51597647663273, -0.1513900594202578 51.51586698844437, -0.1510912303692965 51.51600708462941, -0.1511533152902812 51.516256669423626, -0.1515142324626146 51.51636615845078))",0,True,True,,1
8b195da49c8bfff,66,66-2-1-3,11,3,51.51575749938088,-0.15102914602385734,28.827,"POLYGON ((-0.1510912303692965 51.51600708462941, -0.1513900594202578 51.51586698844437, -0.1513279737624062 51.51561740275974, -0.1509670622539321 51.515507913678114, -0.1506682351283783 51.515648009442295, -0.1507303175858739 51.51589759470897, -0.1510912303692965 51.51600708462941))",0,True,True,,7
8b195da49c8cfff,66,66-2-1-4,11,3,51.51653685704218,-0.15055565246508482,28.827,"POLYGON ((-0.150617735336687 51.516786440509854, -0.1509165684114622 51.51664634778326, -0.1508544842274073 51.51639676387946, -0.1504935701690134 51.516287273120234, -0.150194739019723 51.51642736542601, -0.1502568200033449 51.516676948911844, -0.150617735336687 51.516786440509854))",0,True,True,,3
8b195da49c8dfff,66,66-2-1-5,11,3,51.51617778148589,-0.15013265861160496,28.827,"POLYGON ((-0.150194739019723 51.51642736542601, -0.1504935701690134 51.516287273120234, -0.1504314884484512 51.51603768874397, -0.150070578778985 51.51592819709149, -0.1497717495551871 51.51606828897647, -0.149833828075361 51.516317872934735, -0.150194739019723 51.51642736542601))",0,True,True,,5
8b195da49c8efff,66,66-2-1-6,11,3,51.516506253763545,-0.15121540078676637,28.827,"POLYGON ((-0.1512774868588399 51.51675583764919, -0.1515763198471268 51.516615742772515, -0.1515142324626146 51.51636615845078, -0.1511533152902812 51.516256669423626, -0.1508544842274073 51.51639676387946, -0.1509165684114622 51.51664634778326, -0.1512774868588399 51.51675583764919))",0,True,True,,1
8b195da49cd0fff,66,66-3-2-0,11,3,51.51503934669625,-0.1501831673211242,28.827,"POLYGON ((-0.1502452467397298 51.51528893288956, -0.1505440719398837 51.51514883754618, -0.1504819912088879 51.51489925091672, -0.1501210884779721 51.51478976004867, -0.1498222652032105 51.51492985497128, -0.1498843427339552 51.515179441182696, -0.1502452467397298 51.51528893288956))",0,True,True,,10
8b195da49cd1fff,66,66-3-2-1,11,3,51.514680268305575,-0.14976018824790271,28.827,"POLYGON ((-0.1498222652032105 51.51492985497128, -0.1501210884779721 51.51478976004867, -0.1500590102102982 51.514540172946894, -0.1496981118680772 51.51443068118571, -0.1493992905187361 51.51457077568751, -0.1494613655861987 51.51482036237126, -0.1498222652032105 51.51492985497128))",0,True,True,,0
8b195da49cd2fff,66,66-3-2-2,11,3,51.51500874090973,-0.15084289644066065,28.827,"POLYGON ((-0.1509049790595454 51.515258327521046, -0.1512038041732752 51.515118230027646, -0.1511417202420042 51.51486864298023, -0.1507808143972666 51.51475915384416, -0.1504819912088879 51.51489925091672, -0.1505440719398837 51.51514883754618, -0.1509049790595454 51.515258327521046))",0,True,True,,4
8b195da49cd3fff,66,66-3-2-3,11,3,51.51464966383304,-0.15041991105336128,28.827,"POLYGON ((-0.1504819912088879 51.51489925091672, -0.1507808143972666 51.51475915384416, -0.1507187329293674 51.51450956632436, -0.1503578314732875 51.514400076295125, -0.1500590102102982 51.514540172946894, -0.1501210884779721 51.51478976004867, -0.1504819912088879 51.51489925091672))",0,True,True,,4
8b195da49cd4fff,66,66-3-2-4,11,3,51.51542902693988,-0.1499464208401636,28.827,"POLYGON ((-0.1500084995218365 51.515678612242816, -0.1503073267338104 51.515538518628624, -0.1502452467397298 51.51528893288956, -0.1498843427339552 51.515179441182696, -0.1495855174474429 51.5153195343761, -0.1496475942412315 51.51556911969714, -0.1500084995218365 51.515678612242816))",0,True,True,,3
8b195da49cd5fff,66,66-3-2-5,11,3,51.51506994860079,-0.14952344122910743,28.827,"POLYGON ((-0.1495855174474429 51.5153195343761, -0.1498843427339552 51.515179441182696, -0.1498222652032105 51.51492985497128, -0.1494613655861987 51.51482036237126, -0.1491625422251454 51.5149604551439, -0.1492246165556582 51.51521004093726, -0.1495855174474429 51.5153195343761))",0,True,True,,1
8b195da49cd6fff,66,66-3-2-6,11,3,51.51539842372137,-0.15060615324638532,28.827,"POLYGON ((-0.1506682351283783 51.515648009442295, -0.1509670622539321 51.515507913678114, -0.1509049790595454 51.515258327521046, -0.1505440719398837 51.51514883754618, -0.1502452467397298 51.51528893288956, -0.1503073267338104 51.515538518628624, -0.1506682351283783 51.515648009442295))",0,True,True,,6
