tile_id,seed_index,tile_path_id,h3_res,level,center_lat,center_lon,tile_size_m,geometry,children,checked,fetch_success,current,result_count
88194ad301fffff,6,6,8,0,51.51269204625642,-0.0778910784930413,531.415,"POLYGON ((-0.0766634765709619 51.51716476636419, -0.0833709397865044 51.51597429537912, -0.0845980616945608 51.511501322590696, -0.0791185011283994 51.50821908827997, -0.0724121053432612 51.50940960088464, -0.0711842028055504 51.51388230616536, -0.0766634765709619 51.51716476636419))",7,True,True,True,247
88194ad309fffff,13,13,8,0,51.51835477356464,-0.0699561209186352,531.415,"POLYGON ((-0.0687278596443315 51.522827003040774, -0.0754356953239905 51.521637248561476, -0.0766634765709619 51.51716476636419, -0.0711842028055504 51.51388230616536, -0.0644774348133139 51.51507210235415, -0.0632488730108005 51.51954431701719, -0.0687278596443315 51.522827003040774))",7,True,True,True,379
88194ad303fffff,14,14,8,0,51.5049366577643,-0.0736398285699221,531.415,"POLYGON ((-0.0724121053432612 51.50940960088464, -0.0791185011283994 51.50821908827997, -0.0803457445152228 51.50374589247654, -0.0748673725236587 51.500463476846086, -0.0681620439033927 51.501654031167476, -0.0669340202214461 51.50612695938754, -0.0724121053432612 51.50940960088464))",7,True,True,True,71
88194ad347fffff,15,15,8,0,51.52610949280658,-0.0742077347139783,531.415,"POLYGON ((-0.0729795947027676 51.53058149905776, -0.0796884983356162 51.52939178619079, -0.080916158145192 51.52491952722091, -0.0754356953239905 51.521637248561476, -0.0687278596443315 51.522827003040774, -0.0674994189444663 51.52729899455204, -0.0729795947027676 51.53058149905776))",7,True,True,True,225
88194ad339fffff,17,17,8,0,51.49927245888795,-0.0815728086915922,531.415,"POLYGON ((-0.0803457445152228 51.50374589247654, -0.0870517678762369 51.502554663487544, -0.0882783522260914 51.4980809772564, -0.0827996936956561 51.49479878755601, -0.0760947372426226 51.495990058171785, -0.0748673725236587 51.500463476846086, -0.0803457445152228 51.50374589247654))",7,True,True,True,93
88194ad30bfffff,18,18,8,0,51.510599649797015,-0.0657058172041464,531.415,"POLYGON ((-0.0644774348133139 51.51507210235415, -0.0711842028055504 51.51388230616536, -0.0724121053432612 51.50940960088464, -0.0669340202214461 51.50612695938754, -0.0602283196509644 51.507316797382956, -0.0589996368922343 51.511789235053804, -0.0644774348133139 51.51507210235415))",7,True,True,True,80
88194ad343fffff,24,24,8,0,51.5240162937444,-0.062020131758408,531.415,"POLYGON ((-0.0607912110179501 51.528488032494096, -0.0674994189444663 51.52729899455204, -0.0687278596443315 51.522827003040774, -0.0632488730108005 51.51954431701719, -0.0565417330286851 51.520733396758665, -0.0553125118474823 51.525205120709224, -0.0607912110179501 51.528488032494096))",7,True,True,True,71
88194ad345fffff,27,27,8,0,51.53386380713774,-0.0784606591491936,531.415,"POLYGON ((-0.0772326405477215 51.53833559002005, -0.0839426123995701 51.537145918668216, -0.0851701506250179 51.53267388306964, -0.0796884983356162 51.52939178619079, -0.0729795947027676 51.53058149905776, -0.0717512752521504 51.53505326727331, -0.0772326405477215 51.53833559002005))",7,True,True,True,73
88194ad369fffff,28,28,8,0,51.535955783319295,-0.0906526916979714,531.415,"POLYGON ((-0.0894254545697169 51.540427833525314, -0.096136121670239 51.539237486815885, -0.0973628782614289 51.53476518393656, -0.0918797494981939 51.53148349503227, -0.0851701506250179 51.53267388306964, -0.0839426123995701 51.537145918668216, -0.0894254545697169 51.540427833525314))",0,True,True,True,8
88194ad355fffff,29,29,8,0,51.51626143485962,-0.0577707746975403,531.415,"POLYGON ((-0.0565417330286851 51.520733396758665, -0.0632488730108005 51.51954431701719, -0.0644774348133139 51.51507210235415, -0.0589996368922343 51.511789235053804, -0.0522935645886553 51.512978356691825, -0.0510642226393848 51.51745030371856, -0.0565417330286851 51.520733396758665))",7,True,True,True,124
88194ad315fffff,31,31,8,0,51.49718086517861,-0.069389888288111,531.415,"POLYGON ((-0.0681620439033927 51.501654031167476, -0.0748673725236587 51.500463476846086, -0.0760947372426226 51.495990058171785, -0.0706175534137373 51.492707461462736, -0.0639132916928855 51.49389805759787, -0.0626851470131253 51.49837120861323, -0.0681620439033927 51.501654031167476))",7,True,True,True,40
88194ad31dfffff,32,32,8,0,51.50284412188886,-0.0614568230118683,531.415,"POLYGON ((-0.0602283196509644 51.507316797382956, -0.0669340202214461 51.50612695938754, -0.0681620439033927 51.501654031167476, -0.0626851470131253 51.49837120861323, -0.0559805135987334 51.49956108851232, -0.0547517100301574 51.50403374904696, -0.0602283196509644 51.507316797382956))",0,True,True,True,15
88194ad341fffff,33,33,8,0,51.53177074805671,-0.0662707987808629,531.415,"POLYGON ((-0.0650419991153047 51.53624226351312, -0.0717512752521504 51.53505326727331, -0.0729795947027676 51.53058149905776, -0.0674994189444663 51.52729899455204, -0.0607912110179501 51.528488032494096, -0.0595621107512461 51.53295953322452, -0.0650419991153047 51.53624226351312))",7,True,True,True,60
88194ad33bfffff,36,36,8,0,51.49151640178316,-0.0773219227649566,531.415,"POLYGON ((-0.0760947372426226 51.495990058171785, -0.0827996936956561 51.49479878755601, -0.0840263995655383 51.490324878522436, -0.0785489291287639 51.487042507722066, -0.071845039318414 51.48823382006167, -0.0706175534137373 51.492707461462736, -0.0760947372426226 51.495990058171785))",7,True,True,True,53
88194ad357fffff,37,37,8,0,51.508506171787374,-0.0535227270395223,531.415,"POLYGON ((-0.0522935645886553 51.512978356691825, -0.0589996368922343 51.511789235053804, -0.0602283196509644 51.507316797382956, -0.0547517100301574 51.50403374904696, -0.0480467051393039 51.505222912678555, -0.0468172425682391 51.50969508263754, -0.0522935645886553 51.512978356691825))",0,True,True,True,16
88194ad35dfffff,42,42,8,0,51.52192201282585,-0.0498347011535044,531.415,"POLYGON ((-0.0486050000928295 51.52639348397196, -0.0553125118474823 51.525205120709224, -0.0565417330286851 51.520733396758665, -0.0510642226393848 51.51745030371856, -0.0443577788199999 51.51863870896778, -0.0431277775664507 51.52311016525556, -0.0486050000928295 51.52639348397196))",7,True,True,True,66
88195da693fffff,44,44,8,0,51.5416177161731,-0.0827148947834847,531.415,"POLYGON ((-0.0814869977385648 51.54608927554262, -0.0881980380752671 51.54489964560862, -0.0894254545697169 51.540427833525314, -0.0839426123995701 51.537145918668216, -0.0772326405477215 51.53833559002005, -0.0760044424930434 51.54280713479599, -0.0814869977385648 51.54608927554262))",7,True,True,True,31
88194ad34bfffff,46,46,8,0,51.52967660666955,-0.0540831111157314,531.415,"POLYGON ((-0.0528535307952435 51.53414785459797, -0.0595621107512461 51.53295953322452, -0.0607912110179501 51.528488032494096, -0.0553125118474823 51.525205120709224, -0.0486050000928295 51.52639348397196, -0.0473751194191357 51.53086471711523, -0.0528535307952435 51.53414785459797))",7,True,True,True,117
88194ad34dfffff,47,47,8,0,51.539524797411545,-0.0705227763239097,531.415,"POLYGON ((-0.0692940978798607 51.54399608943081, -0.0760044424930434 51.54280713479599, -0.0772326405477215 51.53833559002005, -0.0717512752521504 51.53505326727331, -0.0650419991153047 51.53624226351312, -0.0638130199095814 51.54071354087955, -0.0692940978798607 51.54399608943081))",7,True,True,True,30
88194ad351fffff,50,50,8,0,51.51416701474786,-0.0455876004745328,531.415,"POLYGON ((-0.0443577788199999 51.51863870896778, -0.0510642226393848 51.51745030371856, -0.0522935645886553 51.512978356691825, -0.0468172425682391 51.50969508263754, -0.0401118664181755 51.51088352997026, -0.0388817447309673 51.51535520925872, -0.0443577788199999 51.51863870896778))",7,True,True,True,31
88194ad311fffff,51,51,8,0,51.49508819022529,-0.0572091377833935,531.415,"POLYGON ((-0.0559805135987334 51.49956108851232, -0.0626851470131253 51.49837120861323, -0.0639132916928855 51.49389805759787, -0.0584375826223029 51.490615054227604, -0.0517340160984147 51.49180497612737, -0.0505050918662366 51.4962778593817, -0.0559805135987334 51.49956108851232))",7,True,True,True,21
88195da697fffff,53,53,8,0,51.5437095515852,-0.0949091857754487,531.415,"POLYGON ((-0.0936820705389102 51.54818137820278, -0.1003938061324982 51.546991072724, -0.1016204406575158 51.54251899343557, -0.096136121670239 51.539237486815885, -0.0894254545697169 51.540427833525314, -0.0881980380752671 51.54489964560862, -0.0936820705389102 51.54818137820278))",7,True,True,True,27
88194ad319fffff,54,54,8,0,51.50075050491269,-0.0492759882259089,531.415,"POLYGON ((-0.0480467051393039 51.505222912678555, -0.0547517100301574 51.50403374904696, -0.0559805135987334 51.49956108851232, -0.0505050918662366 51.4962778593817, -0.0438011541223464 51.49746706510393, -0.0425715710756642 51.50193945785111, -0.0480467051393039 51.505222912678555))",0,True,True,True,19
88194ad349fffff,58,58,8,0,51.53743079589401,-0.0583328309200556,531.415,"POLYGON ((-0.0571033714861545 51.54190182046088, -0.0638130199095814 51.54071354087955, -0.0650419991153047 51.53624226351312, -0.0595621107512461 51.53295953322452, -0.0528535307952435 51.53414785459797, -0.0516237708477641 51.538618864452815, -0.0571033714861545 51.54190182046088))",7,True,True,True,125
88195da6bbfffff,60,60,8,0,51.54580030305446,-0.1071056487755273,531.415,"POLYGON ((-0.1058793157566078 51.55027239681782, -0.1125917461399325 51.5490814155487, -0.113817598286339 51.544609069157524, -0.1083318025398466 51.54132797112306, -0.1016204406575158 51.54251899343557, -0.1003938061324982 51.546991072724, -0.1058793157566078 51.55027239681782))",7,True,True,True,50
88194ad353fffff,61,61,8,0,51.50641161282048,-0.0413418085203393,531.415,"POLYGON ((-0.0401118664181755 51.51088352997026, -0.0468172425682391 51.50969508263754, -0.0480467051393039 51.505222912678555, -0.0425715710756642 51.50193945785111, -0.0358672623289836 51.50312794736438, -0.0346370203542621 51.50759984950953, -0.0401118664181755 51.51088352997026))",0,True,True,True,8
88194e69b7fffff,67,67,8,0,51.52758138356957,-0.0418975966756408,531.415,"POLYGON ((-0.0406672361093833 51.53205236386801, -0.0473751194191357 51.53086471711523, -0.0486050000928295 51.52639348397196, -0.0431277775664507 51.52311016525556, -0.0364209624486832 51.52429785408472, -0.0351903017771664 51.52876881953884, -0.0406672361093833 51.53205236386801))",7,True,True,True,29
88194ad359fffff,69,69,8,0,51.5198266506441,-0.0376514434205512,531.415,"POLYGON ((-0.0364209624486832 51.52429785408472, -0.0431277775664507 51.52311016525556, -0.0443577788199999 51.51863870896778, -0.0388817447309673 51.51535520925872, -0.0321759975390466 51.516542940261296, -0.0309452166221357 51.52101412878446, -0.0364209624486832 51.52429785408472))",0,True,True,True,19
88195da69bfffff,71,71,8,0,51.54727844142394,-0.0747760649468771,531.415,"POLYGON ((-0.073547507871084 51.55174950986224, -0.0802589212265935 51.55056059673514, -0.0814869977385648 51.54608927554262, -0.0760044424930434 51.54280713479599, -0.0692940978798607 51.54399608943081, -0.0680652398817884 51.548467143289415, -0.073547507871084 51.55174950986224))",7,True,True,True,133
88195da691fffff,72,72,8,0,51.54937121952756,-0.0869704421764041,531.415,"POLYGON ((-0.0857426668349162 51.55384255524049, -0.0924547759224355 51.552652966626994, -0.0936820705389102 51.54818137820278, -0.0881980380752671 51.54489964560862, -0.0814869977385648 51.54608927554262, -0.0802589212265935 51.55056059673514, -0.0857426668349162 51.55384255524049))",7,True,True,True,33
88194e69b5fffff,74,74,8,0,51.53533571221392,-0.0461450590942097,531.415,"POLYGON ((-0.0449148190798143 51.53980646922639, -0.0516237708477641 51.538618864452815, -0.0528535307952435 51.53414785459797, -0.0473751194191357 51.53086471711523, -0.0406672361093833 51.53205236386801, -0.0394366958294409 51.53652310610928, -0.0449148190798143 51.53980646922639))",7,True,True,True,20
88194e69a7fffff,76,76,8,0,51.54518458011435,-0.0625838611254889,531.415,"POLYGON ((-0.0613545227247835 51.549655381175874, -0.0680652398817884 51.548467143289415, -0.0692940978798607 51.54399608943081, -0.0638130199095814 51.54071354087955, -0.0571033714861545 51.54190182046088, -0.0558737324113658 51.54637260688349, -0.0613545227247835 51.549655381175874))",7,True,True,True,37
88194ad35bfffff,80,80,8,0,51.51207151382242,-0.0334065987703595,531.415,"POLYGON ((-0.0321759975390466 51.516542940261296, -0.0388817447309673 51.51535520925872, -0.0401118664181755 51.51088352997026, -0.0346370203542621 51.50759984950953, -0.0279323408220886 51.508787622782584, -0.0267014398058319 51.51325903423088, -0.0321759975390466 51.516542940261296))",7,True,True,True,39
88195da695fffff,82,82,8,0,51.55146291383167,-0.0991669922902143,531.415,"POLYGON ((-0.0979399990924709 51.55593451671699, -0.1046528034449543 51.55474425237145, -0.1058793157566078 51.55027239681782, -0.1003938061324982 51.546991072724, -0.0936820705389102 51.54818137820278, -0.0924547759224355 51.552652966626994, -0.0979399990924709 51.55593451671699))",0,True,True,True,11
88194e69a3fffff,89,89,8,0,51.54308963619241,-0.0503938312350707,531.415,"POLYGON ((-0.0491637119189418 51.547560169775075, -0.0558737324113658 51.54637260688349, -0.0571033714861545 51.54190182046088, -0.0516237708477641 51.538618864452815, -0.0449148190798143 51.53980646922639, -0.0436843993377232 51.54427698811097, -0.0491637119189418 51.547560169775075))",7,True,True,True,56
88194e69b3fffff,94,94,8,0,51.52548507935017,-0.0297142559813947,531.415,"POLYGON ((-0.0284831155785873 51.52995579191675, -0.0351903017771664 51.52876881953884, -0.0364209624486832 51.52429785408472, -0.0309452166221357 51.52101412878446, -0.0242390986058733 51.522201143425725, -0.0230076583456987 51.52667184108886, -0.0284831155785873 51.52995579191675))",7,True,True,True,61
88194e69b1fffff,97,97,8,0,51.53323954696482,-0.0339594613677487,531.415,"POLYGON ((-0.0327284411822152 51.53771003632092, -0.0394366958294409 51.53652310610928, -0.0406672361093833 51.53205236386801, -0.0351903017771664 51.52876881953884, -0.0284831155785873 51.52995579191675, -0.0272517953754835 51.53442626644252, -0.0327284411822152 51.53771003632092))",7,True,True,True,39
88195da699fffff,100,100,8,0,51.55503167970897,-0.0790306652093657,531.415,"POLYGON ((-0.0778022296486263 51.559502524422555, -0.0845147120126078 51.55831365270576, -0.0857426668349162 51.55384255524049, -0.0802589212265935 51.55056059673514, -0.073547507871084 51.55174950986224, -0.0723187712273736 51.55622034006927, -0.0778022296486263 51.559502524422555))",7,True,True,True,50
88194e69a5fffff,101,101,8,0,51.55293795894576,-0.0668362022914385,531.415,"POLYGON ((-0.0656069850705629 51.55740853635816, -0.0723187712273736 51.55622034006927, -0.073547507871084 51.55174950986224, -0.0680652398817884 51.548467143289415, -0.0613545227247835 51.549655381175874, -0.0601250046692225 51.55412594402251, -0.0656069850705629 51.55740853635816))",7,True,True,True,20
88194e69bdfffff,108,108,8,0,51.54099361025165,-0.0382059757975572,531.415,"POLYGON ((-0.0369750759754668 51.54546387625353, -0.0436843993377232 51.54427698811097, -0.0449148190798143 51.53980646922639, -0.0394366958294409 51.53652310610928, -0.0327284411822152 51.53771003632092, -0.0314972411822801 51.54218028756553, -0.0369750759754668 51.54546387625353))",0,True,True,True,10
88194e69a1fffff,111,111,8,0,51.5508431551202,-0.0546439136574011,531.415,"POLYGON ((-0.0534139151860093 51.555313465129345, -0.0601250046692225 51.55412594402251, -0.0613545227247835 51.549655381175874, -0.0558737324113658 51.54637260688349, -0.0491637119189418 51.547560169775075, -0.0479334128611061 51.55203046515922, -0.0534139151860093 51.555313465129345))",7,True,True,True,65
89194ad3003ffff,6,6-0,9,1,51.51269204625642,-0.07789107849303116,200.821,"POLYGON ((-0.0783231486045957 51.51443889591589, -0.0804148203733897 51.5134597681485, -0.0799826859212386 51.511712897070694, -0.0774590364158086 51.5109451743838, -0.0753674592652885 51.51192428164953, -0.0757994370023171 51.513671132102395, -0.0783231486045957 51.51443889591589))",7,True,True,,35
89194ad3007ffff,6,6-1,9,1,51.510177408986145,-0.07493550955620777,200.821,"POLYGON ((-0.0753674592652885 51.51192428164953, -0.0774590364158086 51.5109451743838, -0.0770270223702558 51.509198280301085, -0.0745035878723879 51.508430514115396, -0.0724121053432612 51.50940960088464, -0.072843962690982 51.51115647433466, -0.0753674592652885 51.51192428164953))",0,True,True,,8
89194ad300bffff,6,6-2,9,1,51.51248057703994,-0.0825064580716201,200.821,"POLYGON ((-0.0829386849055016 51.51422744731882, -0.0850303528661254 51.513248214284644, -0.0845980616945608 51.511501322590696, -0.082074259282187 51.510733684545635, -0.0799826859212386 51.511712897070694, -0.0804148203733897 51.5134597681485, -0.0829386849055016 51.51422744731882))",7,True,True,,60
89194ad300fffff,6,6-3,9,1,51.50996600378012,-0.07955057950712575,200.821,"POLYGON ((-0.0799826859212386 51.511712897070694, -0.082074259282187 51.510733684545635, -0.0816420885345089 51.508986769839034, -0.0791185011283994 51.50821908827997, -0.0770270223702558 51.509198280301085, -0.0774590364158086 51.5109451743838, -0.0799826859212386 51.511712897070694))",7,True,True,,37
89194ad3013ffff,6,6-4,9,1,51.515417960341665,-0.07623144276997058,200.821,"POLYGON ((-0.0766634765709466 51.51716476636419, -0.0787552467531745 51.51618572335905, -0.0783231486045957 51.51443889591589, -0.0757994370023171 51.513671132102395, -0.0737077614538091 51.51465015460813, -0.0741397028742634 51.51639696142535, -0.0766634765709466 51.51716476636419))",7,True,True,,55
89194ad3017ffff,6,6-5,9,1,51.512903325576865,-0.07327584806029297,200.821,"POLYGON ((-0.0737077614538091 51.51465015460813, -0.0757994370023171 51.513671132102395, -0.0753674592652885 51.51192428164953, -0.072843962690982 51.51115647433466, -0.0707523817793423 51.51213547634616, -0.0711842028055351 51.51388230616536, -0.0737077614538091 51.51465015460813))",0,True,True,,18
89194ad301bffff,6,6-6,9,1,51.515206617010435,-0.08084698286627226,200.821,"POLYGON ((-0.0812791734025591 51.516953443653385, -0.0833709397865044 51.51597429537912, -0.0829386849055016 51.51422744731882, -0.0804148203733897 51.5134597681485, -0.0783231486045957 51.51443889591589, -0.0787552467531745 51.51618572335905, -0.0812791734025591 51.516953443653385))",7,True,True,,38
89194ad3083ffff,13,13-0,9,1,51.51835477356462,-0.06995612091860459,200.821,"POLYGON ((-0.0703879616569524 51.520101515314174, -0.0724798340180841 51.519122662342205, -0.0720479289222549 51.517375899166495, -0.0695243082024718 51.51660800959705, -0.06743253050912 51.51758684207931, -0.0678642788681673 51.51933358461932, -0.0703879616569524 51.520101515314174))",7,True,True,,79
89194ad3087ffff,13,13-1,9,1,51.51584007732397,-0.06700081016590324,200.821,"POLYGON ((-0.06743253050912 51.51758684207931, -0.0695243082024718 51.51660800959705, -0.0690925235058316 51.514861223414535, -0.0665691178357645 51.51409329035639, -0.0644774348133088 51.51507210235415, -0.0649090627904515 51.516818867893164, -0.06743253050912 51.51758684207931))",7,True,True,,29
89194ad308bffff,13,13-2,9,1,51.5181437460254,-0.07457167232433792,200.821,"POLYGON ((-0.0750036698066895 51.51989050840515, -0.0770955384079174 51.51891155016686, -0.0766634765709466 51.51716476636419, -0.0741397028742634 51.51639696142535, -0.0720479289222549 51.517375899166495, -0.0724798340180841 51.519122662342205, -0.0750036698066895 51.51989050840515))",7,True,True,,91
89194ad308fffff,13,13-3,9,1,51.515629113773166,-0.07161605185228728,200.821,"POLYGON ((-0.0720479289222549 51.517375899166495, -0.0741397028742634 51.51639696142535, -0.0737077614538091 51.51465015460813, -0.0711842028055351 51.51388230616536, -0.0690925235058316 51.514861223414535, -0.0695243082024718 51.51660800959705, -0.0720479289222549 51.517375899166495))",7,True,True,,43
89194ad3093ffff,13,13-4,9,1,51.521080304940845,-0.06829605524567055,200.821,"POLYGON ((-0.0687278596443162 51.52282700304079, -0.0708198304201408 51.52184823484257, -0.0703879616569524 51.520101515314174, -0.0678642788681673 51.51933358461932, -0.0657724027756203 51.52031233233007, -0.0662041147889878 51.52205903122174, -0.0687278596443162 51.52282700304079))",0,True,True,,2
89194ad3097ffff,13,13-5,9,1,51.51856561121951,-0.0653407187769797,200.821,"POLYGON ((-0.0657724027756203 51.52031233233007, -0.0678642788681673 51.51933358461932, -0.06743253050912 51.51758684207931, -0.0649090627904515 51.516818867893164, -0.062817281384266 51.5177975951217, -0.0632488730107902 51.5195443170172, -0.0657724027756203 51.52031233233007))",7,True,True,,34
89194ad309bffff,13,13-6,9,1,51.52086940329721,-0.07291176714248751,200.821,"POLYGON ((-0.0733437282981782 51.522616122028346, -0.0754356953239905 51.521637248561476, -0.0750036698066895 51.51989050840515, -0.0724798340180841 51.519122662342205, -0.0703879616569524 51.520101515314174, -0.0708198304201408 51.52184823484257, -0.0733437282981782 51.522616122028346))",7,True,True,,115
89194ad3023ffff,14,14-0,9,1,51.50493665776431,-0.0736398285698864,200.821,"POLYGON ((-0.0740716942111984 51.50668359704041, -0.076163078363411 51.50570442551801, -0.0757311483967862 51.50395746482389, -0.0732079909458475 51.50318969629021, -0.0711167014026938 51.504168847319065, -0.0715484747017827 51.505915787373745, -0.0740716942111984 51.50668359704041))",7,True,True,,22
89194ad3027ffff,14,14-1,9,1,51.50242188506912,-0.07068495611446093,200.821,"POLYGON ((-0.0711167014026938 51.504168847319065, -0.0732079909458475 51.50318969629021, -0.0727761813363804 51.501442712621255, -0.0702532388343934 51.50067490062695, -0.0681620439033927 51.501654031167476, -0.0685936968626049 51.5034009941892, -0.0711167014026938 51.504168847319065))",0,True,True,,2
89194ad302bffff,14,14-2,9,1,51.50472519066326,-0.07825442846633578,200.821,"POLYGON ((-0.0786864507823566 51.5064721505733, -0.0807778311536964 51.50549287380136, -0.0803457445152023 51.50374589247656, -0.0778224341776448 51.502978208552946, -0.0757311483967862 51.50395746482389, -0.076163078363411 51.50570442551801, -0.0786864507823566 51.5064721505733))",7,True,True,,25
89194ad302fffff,14,14-3,9,1,51.502210481932195,-0.07529924645107879,200.821,"POLYGON ((-0.0757311483967862 51.50395746482389, -0.0778224341776448 51.502978208552946, -0.077390467913602 51.501231204245514, -0.0748673725236434 51.500463476846086, -0.0727761813363804 51.501442712621255, -0.0732079909458475 51.50318969629021, -0.0757311483967862 51.50395746482389))",0,True,True,,12
89194ad3033ffff,14,14-4,9,1,51.50766270522997,-0.07198027601440811,200.821,"POLYGON ((-0.0724121053432612 51.50940960088464, -0.0745035878723879 51.508430514115396, -0.0740716942111984 51.50668359704041, -0.0715484747017827 51.505915787373745, -0.0694570867971603 51.50689485365174, -0.069888823777813 51.50864175008624, -0.0724121053432612 51.50940960088464))",0,True,True,,16
89194ad3037ffff,14,14-5,9,1,51.505147935018336,-0.06902537782629733,200.821,"POLYGON ((-0.0694570867971603 51.50689485365174, -0.0715484747017827 51.505915787373745, -0.0711167014026938 51.504168847319065, -0.0685936968626049 51.5034009941892, -0.0665024035855895 51.504380039981115, -0.0669340202214359 51.506126959387544, -0.0694570867971603 51.50689485365174))",0,True,True,,0
89194ad303bffff,14,14-6,9,1,51.50745136401145,-0.0765950363536907,200.821,"POLYGON ((-0.0770270223702558 51.509198280301085, -0.0791185011283994 51.50821908827997, -0.0786864507823566 51.5064721505733, -0.076163078363411 51.50570442551801, -0.0740716942111984 51.50668359704041, -0.0745035878723879 51.508430514115396, -0.0770270223702558 51.509198280301085))",0,True,True,,4
89194ad3463ffff,15,15-0,9,1,51.526109492806576,-0.07420773471397323,200.821,"POLYGON ((-0.0746397799794945 51.527856144847426, -0.0767319401124656 51.526877335658725, -0.0762998304741979 51.5251306621914, -0.0737757174877724 51.524362818532516, -0.071683652031819 51.52534160722337, -0.0721156048856687 51.52708826006952, -0.0746397799794945 51.527856144847426))",0,True,True,,8
89194ad3467ffff,15,15-1,9,1,51.523594932146665,-0.07125172721087737,200.821,"POLYGON ((-0.071683652031819 51.52534160722337, -0.0737757174877724 51.524362818532516, -0.0733437282981782 51.522616122028346, -0.0708198304201408 51.52184823484257, -0.0687278596443162 51.52282700304079, -0.0691596920668015 51.52457367891599, -0.071683652031819 51.52534160722337))",7,True,True,,56
89194ad346bffff,15,15-2,9,1,51.52589846311641,-0.07882406616928268,200.821,"POLYGON ((-0.0792562682264041 51.52764513577292, -0.0813484245721798 51.52666622130065, -0.080916158145192 51.52491952722091, -0.0783918921615473 51.524151768224435, -0.0762998304741979 51.5251306621914, -0.0767319401124656 51.526877335658725, -0.0792562682264041 51.52764513577292))",7,True,True,,53
89194ad346fffff,15,15-3,9,1,51.52338396649126,-0.07586774887891347,200.821,"POLYGON ((-0.0762998304741979 51.5251306621914, -0.0783918921615473 51.524151768224435, -0.0779597462005397 51.52240505110009, -0.0754356953239905 51.521637248561476, -0.0733437282981782 51.522616122028346, -0.0737757174877724 51.524362818532516, -0.0762998304741979 51.5251306621914))",7,True,True,,49
89194ad3473ffff,15,15-4,9,1,51.52883489068203,-0.07254758577507352,200.821,"POLYGON ((-0.0729795947027676 51.53058149905776, -0.0750718532869583 51.52960277465191, -0.0746397799794945 51.527856144847426, -0.0721156048856687 51.52708826006952, -0.0700234409939684 51.52806696397976, -0.070455357504015 51.52981357316208, -0.0729795947027676 51.53058149905776))",0,True,True,,17
89194ad3477ffff,15,15-5,9,1,51.52632033256336,-0.06959155251580339,200.821,"POLYGON ((-0.0700234409939684 51.52806696397976, -0.0721156048856687 51.52708826006952, -0.071683652031819 51.52534160722337, -0.0691596920668015 51.52457367891599, -0.067067622870742 51.52555236233584, -0.0674994189444663 51.52729899455204, -0.0700234409939684 51.52806696397976))",7,True,True,,20
89194ad347bffff,15,15-6,9,1,51.52862398689016,-0.07716407779642578,200.821,"POLYGON ((-0.0775962435287368 51.53037061588256, -0.0796884983356162 51.52939178619079, -0.0792562682264041 51.52764513577292, -0.0767319401124656 51.526877335658725, -0.0746397799794945 51.527856144847426, -0.0750718532869583 51.52960277465191, -0.0775962435287368 51.53037061588256))",7,True,True,,25
89194ad3383ffff,17,17-0,9,1,51.49927245888796,-0.08157280869160757,200.821,"POLYGON ((-0.082004903582421 51.501019506021294, -0.0840960871968437 51.50004005976154, -0.0836639279975756 51.498292991218, -0.0811407418301552 51.497525389561496, -0.0790496527752604 51.49850481531576, -0.0794816553286737 51.50025186323063, -0.082004903582421 51.501019506021294))",0,True,True,,19
89194ad3387ffff,17,17-1,9,1,51.49675774521044,-0.07861767824485787,200.821,"POLYGON ((-0.0790496527752604 51.49850481531576, -0.0811407418301552 51.497525389561496, -0.080708702995418 51.49577829804502, -0.0781857317348209 51.49501065291782, -0.0760947372426226 51.495990058171785, -0.0765266194487668 51.497737129051814, -0.0790496527752604 51.49850481531576))",0,True,True,,8
89194ad338bffff,17,17-2,9,1,51.49906055017309,-0.08618723674632726,200.821,"POLYGON ((-0.0866194882901816 51.500807617929574, -0.088710668075494 51.49982806641982, -0.0882783522260914 51.4980809772564, -0.0857550132419095 51.49731346022121, -0.0836639279975756 51.498292991218, -0.0840960871968437 51.50004005976154, -0.0866194882901816 51.500807617929574))",0,True,True,,3
89194ad338fffff,17,17-3,9,1,51.49654590048178,-0.08323179683140364,200.821,"POLYGON ((-0.0836639279975756 51.498292991218, -0.0857550132419095 51.49731346022121, -0.0853228177743227 51.4955663480771, -0.0827996936956561 51.49479878755601, -0.080708702995418 51.49577829804502, -0.0811407418301552 51.497525389561496, -0.0836639279975756 51.498292991218))",0,True,True,,17
89194ad3393ffff,17,17-4,9,1,51.501998888951924,-0.07991368590775876,200.821,"POLYGON ((-0.0803457445152023 51.50374589247656, -0.082437026505308 51.5027665309584, -0.082004903582421 51.501019506021294, -0.0794816553286737 51.50025186323063, -0.077390467913602 51.501231204245514, -0.0778224341776448 51.502978208552946, -0.0803457445152023 51.50374589247656))",0,True,True,,13
89194ad3397ffff,17,17-5,9,1,51.499484177744115,-0.07695852967154668,200.821,"POLYGON ((-0.077390467913602 51.501231204245514, -0.0794816553286737 51.50025186323063, -0.0790496527752604 51.49850481531576, -0.0765266194487668 51.497737129051814, -0.0744355266118297 51.49871644956867, -0.0748673725236434 51.500463476846086, -0.077390467913602 51.501231204245514))",7,True,True,,25
89194ad339bffff,17,17-6,9,1,51.501787106109255,-0.08452827443188486,200.821,"POLYGON ((-0.0849604897053662 51.50353413025803, -0.0870517678762267 51.50255466348756, -0.0866194882901816 51.500807617929574, -0.0840960871968437 51.50004005976154, -0.082004903582421 51.501019506021294, -0.082437026505308 51.5027665309584, -0.0849604897053662 51.50353413025803))",7,True,True,,22
89194ad30a3ffff,18,18-0,9,1,51.510599649797015,-0.06570581720412601,200.821,"POLYGON ((-0.0661374535160844 51.512346481179684, -0.0682290381603444 51.51136758441724, -0.0677973375061459 51.509620731608734, -0.065274208897301 51.50885279621149, -0.0631827189115685 51.50983167249237, -0.0636142628765603 51.51157850465064, -0.0661374535160844 51.512346481179684))",0,True,True,,8
89194ad30a7ffff,18,18-1,9,1,51.508084818133945,-0.06275120294528747,200.821,"POLYGON ((-0.0631827189115685 51.50983167249237, -0.065274208897301 51.50885279621149, -0.0648426285928681 51.50710592042621, -0.0623197149750222 51.50633794157846, -0.0602283196509542 51.507316797382956, -0.0606597432834754 51.50906365251021, -0.0631827189115685 51.50983167249237))",0,True,True,,0
89194ad30abffff,18,18-2,9,1,51.51038862431877,-0.07032058877099194,200.821,"POLYGON ((-0.0707523817793423 51.51213547634616, -0.072843962690982 51.51115647433466, -0.0724121053432612 51.50940960088464, -0.069888823777813 51.50864175008624, -0.0677973375061459 51.509620731608734, -0.0682290381603444 51.51136758441724, -0.0707523817793423 51.51213547634616))",0,True,True,,15
89194ad30afffff,18,18-3,9,1,51.50787385659778,-0.06736566486074672,200.821,"POLYGON ((-0.0677973375061459 51.509620731608734, -0.069888823777813 51.50864175008624, -0.0694570867971603 51.50689485365174, -0.0669340202214359 51.506126959387544, -0.0648426285928681 51.50710592042621, -0.065274208897301 51.50885279621149, -0.0677973375061459 51.509620731608734))",0,True,True,,7
89194ad30b3ffff,18,18-4,9,1,51.51332531460559,-0.064045834842912,200.821,"POLYGON ((-0.0644774348133088 51.51507210235415, -0.0665691178357645 51.51409329035639, -0.0661374535160844 51.512346481179684, -0.0636142628765603 51.51157850465064, -0.061522674528119 51.5125572961691, -0.0619541821456106 51.514304084694544, -0.0644774348133088 51.51507210235415))",7,True,True,,28
89194ad30b7ffff,18,18-5,9,1,51.51081048543997,-0.061091194908290264,200.821,"POLYGON ((-0.061522674528119 51.5125572961691, -0.0636142628765603 51.51157850465064, -0.0631827189115685 51.50983167249237, -0.0606597432834754 51.50906365251021, -0.0585682496121533 51.5100424235546, -0.0589996368922343 51.511789235053804, -0.061522674528119 51.5125572961691))",0,True,True,,10
89194ad30bbffff,18,18-6,9,1,51.51311441502025,-0.0686607668260281,200.821,"POLYGON ((-0.0690925235058316 51.514861223414535, -0.0711842028055351 51.51388230616536, -0.0707523817793423 51.51213547634616, -0.0682290381603444 51.51136758441724, -0.0661374535160844 51.512346481179684, -0.0665691178357645 51.51409329035639, -0.0690925235058316 51.514861223414535))",7,True,True,,21
89194ad3423ffff,24,24-0,9,1,51.5240162937444,-0.06202013175838248,200.821,"POLYGON ((-0.0624517430436343 51.5257629275479, -0.0645438159513214 51.524784349393904, -0.0641121402916498 51.52303769415643, -0.0615885484831773 51.522269637718054, -0.0594965702928053 51.52324819539434, -0.0599280891939901 51.52499482998529, -0.0624517430436343 51.5257629275479))",0,True,True,,4
89194ad3427ffff,24,24-1,9,1,51.521501538583166,-0.05906507939524662,200.821,"POLYGON ((-0.0594965702928053 51.52324819539434, -0.0615885484831773 51.522269637718054, -0.0611569932153021 51.52052295947188, -0.0586336164986439 51.51975485955491, -0.0565417330286851 51.520733396758665, -0.0569731315553818 51.52248005435053, -0.0594965702928053 51.52324819539434))",0,True,True,,1
89194ad342bffff,24,24-2,9,1,51.523805707891356,-0.06663585481978929,200.821,"POLYGON ((-0.067067622870742 51.52555236233584, -0.0691596920668015 51.52457367891599, -0.0687278596443162 51.52282700304079, -0.0662041147889878 51.52205903122174, -0.0641121402916498 51.52303769415643, -0.0645438159513214 51.524784349393904, -0.067067622870742 51.52555236233584))",0,True,True,,1
89194ad342fffff,24,24-3,9,1,51.521291016696495,-0.06368049264570315,200.821,"POLYGON ((-0.0641121402916498 51.52303769415643, -0.0662041147889878 51.52205903122174, -0.0657724027756203 51.52031233233007, -0.0632488730107902 51.5195443170172, -0.0611569932153021 51.52052295947188, -0.0615885484831773 51.522269637718054, -0.0641121402916498 51.52303769415643))",0,True,True,,3
89194ad3433ffff,24,24-4,9,1,51.52674144235295,-0.06035963610148661,200.821,"POLYGON ((-0.0607912110179398 51.528488032494096, -0.0628833823415474 51.52750953912535, -0.0624517430436343 51.5257629275479, -0.0599280891939901 51.52499482998529, -0.0578360126031705 51.52597330287857, -0.0582674951296177 51.527719893808495, -0.0607912110179398 51.528488032494096))",0,True,True,,12
89194ad3437ffff,24,24-5,9,1,51.52422668972485,-0.05740455807932034,200.821,"POLYGON ((-0.0578360126031705 51.52597330287857, -0.0599280891939901 51.52499482998529, -0.0594965702928053 51.52324819539434, -0.0569731315553818 51.52248005435053, -0.0548811497004722 51.523458506773544, -0.0553125118474823 51.525205120709224, -0.0578360126031705 51.52597330287857))",0,True,True,,5
89194ad343bffff,24,24-6,9,1,51.52653098240579,-0.06497551962741481,200.821,"POLYGON ((-0.0654072513225654 51.528277593188974, -0.0674994189444663 51.52729899455204, -0.067067622870742 51.52555236233584, -0.0645438159513214 51.524784349393904, -0.0624517430436343 51.5257629275479, -0.0628833823415474 51.52750953912535, -0.0654072513225654 51.528277593188974))",7,True,True,,23
89194ad3443ffff,27,27-0,9,1,51.53386380713774,-0.07846065914919369,200.821,"POLYGON ((-0.0788929090426984 51.53561036939432, -0.0809853570024976 51.53463160398169, -0.0805530427209629 51.532885020298316, -0.0780284373120928 51.5321172226328, -0.0759360840385296 51.53309596753941, -0.0763682414879999 51.53484253061616, -0.0788929090426984 51.53561036939432))",0,True,True,,16
89194ad3447ffff,27,27-1,9,1,51.531349382216945,-0.07550395463905832,200.821,"POLYGON ((-0.0759360840385296 51.53309596753941, -0.0780284373120928 51.5321172226328, -0.0775962435287368 51.53037061588256, -0.0750718532869583 51.52960277465191, -0.0729795947027676 51.53058149905776, -0.0734116316713883 51.53232808519358, -0.0759360840385296 51.53309596753941))",7,True,True,,25
89194ad344bffff,27,27-2,9,1,51.53365277520664,-0.08307777086483555,200.821,"POLYGON ((-0.0835101775976133 51.5353993580643, -0.0856026217428868 51.534420487350864, -0.0851701506250077 51.53267388306965, -0.0826453921986126 51.53190617009833, -0.0805530427209629 51.532885020298316, -0.0809853570024976 51.53463160398169, -0.0835101775976133 51.5353993580643))",0,True,True,,6
89194ad344fffff,27,27-3,9,1,51.53113841436697,-0.08012075649957254,200.821,"POLYGON ((-0.0805530427209629 51.532885020298316, -0.0826453921986126 51.53190617009833, -0.0822130415962028 51.530159542742474, -0.0796884983356162 51.52939178619079, -0.0775962435287368 51.53037061588256, -0.0780284373120928 51.5321172226328, -0.0805530427209629 51.532885020298316))",7,True,True,,20
89194ad3453ffff,27,27-4,9,1,51.53658907144408,-0.07680042699017925,200.821,"POLYGON ((-0.0772326405477215 51.53833559002005, -0.0793251869952814 51.537356909399364, -0.0788929090426984 51.53561036939432, -0.0763682414879999 51.53484253061616, -0.0742757897421799 51.53582119073309, -0.0747079108497188 51.53756771013049, -0.0772326405477215 51.53833559002005))",0,True,True,,7
89194ad3457ffff,27,27-5,9,1,51.53407464908642,-0.07384369668362945,200.821,"POLYGON ((-0.0742757897421799 51.53582119073309, -0.0763682414879999 51.53484253061616, -0.0759360840385296 51.53309596753941, -0.0734116316713883 51.53232808519358, -0.0713192746304176 51.533306724811965, -0.0717512752521453 51.53505326727331, -0.0742757897421799 51.53582119073309))",0,True,True,,1
89194ad345bffff,27,27-6,9,1,51.53637816541395,-0.08141769934681073,200.821,"POLYGON ((-0.0818500697566388 51.538124704592036, -0.0839426123995701 51.537145918668216, -0.0835101775976133 51.5353993580643, -0.0809853570024976 51.53463160398169, -0.0788929090426984 51.53561036939432, -0.0793251869952814 51.537356909399364, -0.0818500697566388 51.538124704592036))",0,True,True,,5
89194ad3543ffff,29,29-0,9,1,51.51626143485963,-0.057770774697545504,200.821,"POLYGON ((-0.0582021816002864 51.51800815831268, -0.0602939666908249 51.51702953633276, -0.0598624954288983 51.515282791446026, -0.0573393957876905 51.514514689198855, -0.0552477054052031 51.515493290709195, -0.0556790199562522 51.51724001493489, -0.0582021816002864 51.51800815831268))",0,True,True,,14
89194ad3547ffff,29,29-1,9,1,51.513746544278476,-0.05481641884066277,200.821,"POLYGON ((-0.0552477054052031 51.515493290709195, -0.0573393957876905 51.514514689198855, -0.0569080448681034 51.51276792133348, -0.0543851602599984 51.51199977564585, -0.0522935645886553 51.512978356691825, -0.052724758814679 51.51472510388839, -0.0552477054052031 51.515493290709195))",0,True,True,,12
89194ad354bffff,29,29-2,9,1,51.51605085101309,-0.0623857177634193,200.821,"POLYGON ((-0.062817281384266 51.5177975951217, -0.0649090627904515 51.516818867893164, -0.0644774348133088 51.51507210235415, -0.0619541821456106 51.514304084694544, -0.0598624954288983 51.515282791446026, -0.0602939666908249 51.51702953633276, -0.062817281384266 51.5177975951217))",7,True,True,,33
89194ad354fffff,29,29-3,9,1,51.51353602435199,-0.059431052163581,200.821,"POLYGON ((-0.0598624954288983 51.515282791446026, -0.0619541821456106 51.514304084694544, -0.061522674528119 51.5125572961691, -0.0589996368922343 51.511789235053804, -0.0569080448681034 51.51276792133348, -0.0573393957876905 51.514514689198855, -0.0598624954288983 51.515282791446026))",7,True,True,,25
89194ad3553ffff,29,29-4,9,1,51.51898671695241,-0.05611036249652999,200.821,"POLYGON ((-0.0565417330286851 51.520733396758665, -0.0586336164986439 51.51975485955491, -0.0582021816002864 51.51800815831268, -0.0556790199562522 51.51724001493489, -0.0535872312098321 51.51821853167132, -0.0540185093843291 51.51996521225148, -0.0565417330286851 51.520733396758665))",0,True,True,,16
89194ad3557ffff,29,29-5,9,1,51.51647182888259,-0.05315598102083998,200.821,"POLYGON ((-0.0535872312098321 51.51821853167132, -0.0556790199562522 51.51724001493489, -0.0552477054052031 51.515493290709195, -0.052724758814679 51.51472510388839, -0.0506330647948738 51.5157036001627, -0.0510642226393746 51.51745030371857, -0.0535872312098321 51.51821853167132))",0,True,True,,1
89194ad355bffff,29,29-6,9,1,51.51877625900909,-0.060725465952071254,200.821,"POLYGON ((-0.0611569932153021 51.52052295947188, -0.0632488730107902 51.5195443170172, -0.062817281384266 51.5177975951217, -0.0602939666908249 51.51702953633276, -0.0582021816002864 51.51800815831268, -0.0586336164986439 51.51975485955491, -0.0611569932153021 51.52052295947188))",7,True,True,,30
89194ad3143ffff,31,31-0,9,1,51.49718086517863,-0.06938988828811617,200.821,"POLYGON ((-0.0698215495598265 51.498927893995756, -0.0719126461503932 51.497948678711204, -0.0714809205685434 51.496201628476356, -0.0689582550165214 51.495433814178675, -0.0668672530257843 51.49641300897781, -0.0672988219876491 51.49816003855866, -0.0698215495598265 51.498927893995756))",0,True,True,,7
89194ad3147ffff,31,31-1,9,1,51.494665957216874,-0.0664357120576819,200.821,"POLYGON ((-0.0668672530257843 51.49641300897781, -0.0689582550165214 51.495433814178675, -0.0685266497424193 51.493686740999074, -0.0660041990806886 51.49291888327893, -0.0639132916928752 51.49389805759787, -0.0643447403642842 51.495645110115724, -0.0668672530257843 51.49641300897781))",0,True,True,,0
89194ad314bffff,31,31-2,9,1,51.49696940010305,-0.07400370871291645,200.821,"POLYGON ((-0.0744355266118297 51.49871644956867, -0.0765266194487668 51.497737129051814, -0.0760947372426226 51.495990058171785, -0.0735719188242334 51.49522232845238, -0.0714809205685434 51.496201628476356, -0.0719126461503932 51.497948678711204, -0.0744355266118297 51.49871644956867))",0,True,True,,7
89194ad314fffff,31,31-3,9,1,51.49445455605917,-0.07104922299054964,200.821,"POLYGON ((-0.0714809205685434 51.496201628476356, -0.0735719188242334 51.49522232845238, -0.0731401569431259 51.49347523461978, -0.0706175534137373 51.492707461462736, -0.0685266497424193 51.493686740999074, -0.0689582550165214 51.495433814178675, -0.0714809205685434 51.496201628476356))",0,True,True,,3
89194ad3153ffff,31,31-4,9,1,51.49990704595625,-0.06773041894598092,200.821,"POLYGON ((-0.0681620439033927 51.501654031167476, -0.0702532388343934 51.50067490062695, -0.0698215495598265 51.498927893995756, -0.0672988219876491 51.49816003855866, -0.0652077216719177 51.49913914861606, -0.0656392543135099 51.50088613459224, -0.0681620439033927 51.501654031167476))",0,True,True,,0
89194ad3157ffff,31,31-5,9,1,51.49739214045617,-0.06477621702305685,200.821,"POLYGON ((-0.0652077216719177 51.49913914861606, -0.0672988219876491 51.49816003855866, -0.0668672530257843 51.49641300897781, -0.0643447403642842 51.495645110115724, -0.0622537346669505 51.496624199695155, -0.0626851470131253 51.49837120861323, -0.0652077216719177 51.49913914861606))",0,True,True,,4
89194ad315bffff,31,31-6,9,1,51.49969570676055,-0.07234439973878906,200.821,"POLYGON ((-0.0727761813363804 51.501442712621255, -0.0748673725236434 51.500463476846086, -0.0744355266118297 51.49871644956867, -0.0719126461503932 51.497948678711204, -0.0698215495598265 51.498927893995756, -0.0702532388343934 51.50067490062695, -0.0727761813363804 51.501442712621255))",0,True,True,,10
89194ad3403ffff,33,33-0,9,1,51.531770748056715,-0.06627079878085267,200.821,"POLYGON ((-0.0667026145493487 51.53351729213505, -0.0687949753292143 51.53253875779977, -0.0683630951710303 51.53079219228714, -0.0658390110394857 51.53002418174034, -0.063746744986195 51.531002695589734, -0.0641784683382675 51.532749240470395, -0.0667026145493487 51.53351729213505))",0,True,True,,17
89194ad3407ffff,33,33-1,9,1,51.52925612847364,-0.06331504965484379,200.821,"POLYGON ((-0.063746744986195 51.531002695589734, -0.0658390110394857 51.53002418174034, -0.0654072513225654 51.528277593188974, -0.0628833823415474 51.52750953912535, -0.0607912110179398 51.528488032494096, -0.0612228139460667 51.530234600405706, -0.063746744986195 51.531002695589734))",0,True,True,,0
89194ad340bffff,33,33-2,9,1,51.53156016010718,-0.07088730204859514,200.821,"POLYGON ((-0.0713192746304176 51.533306724811965, -0.0734116316713883 51.53232808519358, -0.0729795947027676 51.53058149905776, -0.070455357504015 51.52981357316208, -0.0683630951710303 51.53079219228714, -0.0687949753292143 51.53253875779977, -0.0713192746304176 51.533306724811965))",0,True,True,,10
89194ad340fffff,33,33-3,9,1,51.529045604536854,-0.06793124304368028,200.821,"POLYGON ((-0.0683630951710303 51.53079219228714, -0.070455357504015 51.52981357316208, -0.0700234409939684 51.52806696397976, -0.0674994189444663 51.52729899455204, -0.0654072513225654 51.528277593188974, -0.0658390110394857 51.53002418174034, -0.0683630951710303 51.53079219228714))",0,True,True,,9
89194ad3413ffff,33,33-4,9,1,51.53449576311258,-0.06461021971375866,200.821,"POLYGON ((-0.0650419991152945 51.53624226351313, -0.0671344583476306 51.53526381397218, -0.0667026145493487 51.53351729213505, -0.0641784683382675 51.532749240470395, -0.0620861038479848 51.5337276695277, -0.0625177908271497 51.535474170731874, -0.0650419991152945 51.53624226351313))",0,True,True,,4
89194ad3417ffff,33,33-5,9,1,51.53198114608458,-0.06165444488851771,200.821,"POLYGON ((-0.0620861038479848 51.5337276695277, -0.0641784683382675 51.532749240470395, -0.063746744986195 51.531002695589734, -0.0612228139460667 51.530234600405706, -0.0591305442009695 51.531213008984594, -0.0595621107512308 51.53295953322452, -0.0620861038479848 51.5337276695277))",0,True,True,,14
89194ad341bffff,33,33-6,9,1,51.53428530107166,-0.06922688352090497,200.821,"POLYGON ((-0.0696588197488057 51.53603182209968, -0.0717512752521453 51.53505326727331, -0.0713192746304176 51.533306724811965, -0.0687949753292143 51.53253875779977, -0.0667026145493487 51.53351729213505, -0.0671344583476306 51.53526381397218, -0.0696588197488057 51.53603182209968))",0,True,True,,0
89194ad33a3ffff,36,36-0,9,1,51.491516401783166,-0.07732192276496173,200.821,"POLYGON ((-0.0777538132423918 51.49326353844102, -0.07984470939541 51.49228404845458, -0.0794127546247312 51.49053689038686, -0.0768900602998144 51.48976924294739, -0.0747992586971678 51.49074871243643, -0.0752310568695033 51.492495849860966, -0.0777538132423918 51.49326353844102))",0,True,True,,0
89194ad33a7ffff,36,36-1,9,1,51.489001552836676,-0.0743674885307776,200.821,"POLYGON ((-0.0747992586971678 51.49074871243643, -0.0768900602998144 51.48976924294739, -0.0764582258442901 51.488022061936775, -0.0739357463675816 51.48725437106479, -0.071845039318414 51.48823382006167, -0.0722767171928829 51.4899809804213, -0.0747992586971678 51.49074871243643))",0,True,True,,1
89194ad33abffff,36,36-2,9,1,51.49130449514822,-0.08193557150467735,200.821,"POLYGON ((-0.0823676185876514 51.493051652443754, -0.0844585109388162 51.49207205722458, -0.0840263995655383 51.490324878522436, -0.0815035524441297 51.48955731567251, -0.0794127546247312 51.49053689038686, -0.07984470939541 51.49228404845458, -0.0823676185876514 51.493051652443754))",0,True,True,,19
89194ad33afffff,36,36-3,9,1,51.488789710141674,-0.07898082787009472,200.821,"POLYGON ((-0.0794127546247312 51.49053689038686, -0.0815035524441297 51.48955731567251, -0.0810715614032508 51.48781011401972, -0.0785489291287639 51.487042507722066, -0.0764582258442901 51.488022061936775, -0.0768900602998144 51.48976924294739, -0.0794127546247312 51.49053689038686))",7,True,True,,33
89194ad33b3ffff,36,36-4,9,1,51.49424296510711,-0.07566288305041793,200.821,"POLYGON ((-0.0760947372426226 51.495990058171785, -0.0781857317348209 51.49501065291782, -0.0777538132423918 51.49326353844102, -0.0752310568695033 51.492495849860966, -0.0731401569431259 51.49347523461978, -0.0735719188242334 51.49522232845238, -0.0760947372426226 51.495990058171785))",0,True,True,,3
89194ad33b7ffff,36,36-5,9,1,51.49172811860837,-0.07270842306688864,200.821,"POLYGON ((-0.0731401569431259 51.49347523461978, -0.0752310568695033 51.492495849860966, -0.0747992586971678 51.49074871243643, -0.0722767171928829 51.4899809804213, -0.0701859118354221 51.4909603446902, -0.0706175534137373 51.492707461462736, -0.0731401569431259 51.49347523461978))",0,True,True,,1
89194ad33bbffff,36,36-6,9,1,51.494031184341665,-0.08027669218474531,200.821,"POLYGON ((-0.080708702995418 51.49577829804502, -0.0827996936956561 51.49479878755601, -0.0823676185876514 51.493051652443754, -0.07984470939541 51.49228404845458, -0.0777538132423918 51.49326353844102, -0.0781857317348209 51.49501065291782, -0.080708702995418 51.49577829804502))",0,True,True,,0
89194ad35c3ffff,42,42-0,9,1,51.521922012825826,-0.049834701153489085,200.821,"POLYGON ((-0.0502658785672494 51.52366862831312, -0.0523578640582453 51.52269028113823, -0.0519266222683868 51.52094364420946, -0.0494035517204739 51.52017537512598, -0.0473116609870465 51.521153701843296, -0.0477427460443876 51.52290031810023, -0.0502658785672494 51.52366862831312))",7,True,True,,20
89194ad35c7ffff,42,42-1,9,1,51.519407063376455,-0.046880603904083246,200.821,"POLYGON ((-0.0473116609870465 51.521153701843296, -0.0494035517204739 51.52017537512598, -0.0489724302655355 51.51842871521667, -0.0464495747927788 51.517660402702845, -0.0443577788199999 51.51863870896778, -0.0447887435597336 51.52038534819749, -0.0473116609870465 51.521153701843296))",0,True,True,,0
89194ad35cbffff,42,42-2,9,1,51.52171187061994,-0.05444981554697929,200.821,"POLYGON ((-0.0548811497004722 51.523458506773544, -0.0569731315553818 51.52248005435053, -0.0565417330286851 51.520733396758665, -0.0540185093843291 51.51996521225148, -0.0519266222683868 51.52094364420946, -0.0523578640582453 51.52269028113823, -0.0548811497004722 51.523458506773544))",0,True,True,,9
89194ad35cfffff,42,42-3,9,1,51.51919698506852,-0.0514954084630082,200.821,"POLYGON ((-0.0519266222683868 51.52094364420946, -0.0540185093843291 51.51996521225148, -0.0535872312098321 51.51821853167132, -0.0510642226393746 51.51745030371857, -0.0489724302655355 51.51842871521667, -0.0494035517204739 51.52017537512598, -0.0519266222683868 51.52094364420946))",7,True,True,,27
89194ad35d3ffff,42,42-4,9,1,51.52464691214416,-0.04817385907874893,200.821,"POLYGON ((-0.0486050000928295 51.52639348397196, -0.0506970839644337 51.52541522158474, -0.0502658785672494 51.52366862831312, -0.0477427460443876 51.52290031810023, -0.0456507569458094 51.52387856003216, -0.0460818055974868 51.52562513263089, -0.0486050000928295 51.52639348397196))",0,True,True,,1
89194ad35d7ffff,42,42-5,9,1,51.52213196521998,-0.045219736267478224,200.821,"POLYGON ((-0.0456507569458094 51.52387856003216, -0.0477427460443876 51.52290031810023, -0.0473116609870465 51.521153701843296, -0.0447887435597336 51.52038534819749, -0.0426968492372852 51.521363569679245, -0.0431277775664405 51.52311016525556, -0.0456507569458094 51.52387856003216))",7,True,True,,20
89194ad35dbffff,42,42-6,9,1,51.52443689585175,-0.05278913383522707,200.821,"POLYGON ((-0.0532204316020216 51.526183488346895, -0.0553125118474823 51.525205120709224, -0.0548811497004722 51.523458506773544, -0.0523578640582453 51.52269028113823, -0.0502658785672494 51.52366862831312, -0.0506970839644337 51.52541522158474, -0.0532204316020216 51.526183488346895))",0,True,True,,2
89195da6923ffff,44,44-0,9,1,51.5416177161731,-0.08271489478348992,200.821,"POLYGON ((-0.0831473494058697 51.543364188569825, -0.0852400852474817 51.542385466926014, -0.0848075662218206 51.5406389731022, -0.0822824682346263 51.53987122151279, -0.0801898270884797 51.540849922642415, -0.0806221892344454 51.5425963958742, -0.0831473494058697 51.543364188569825))",0,True,True,,1
89195da6927ffff,44,44-1,9,1,51.53910342714976,-0.07975749300964848,200.821,"POLYGON ((-0.0801898270884797 51.540849922642415, -0.0822824682346263 51.53987122151279, -0.0818500697566388 51.538124704592036, -0.0793251869952814 51.537356909399364, -0.0772326405477215 51.53833559002005, -0.077664882163342 51.54008208634095, -0.0801898270884797 51.540849922642415))",0,True,True,,1
89195da692bffff,44,44-2,9,1,51.54140668191102,-0.08733278697034481,200.821,"POLYGON ((-0.0877653984796347 51.543153174894314, -0.0898581304793824 51.54217434793243, -0.0894254545697169 51.540427833525314, -0.0869002035447154 51.53966016666193, -0.0848075662218206 51.5406389731022, -0.0852400852474817 51.542385466926014, -0.0877653984796347 51.543153174894314))",0,True,True,,1
89195da692fffff,44,44-3,9,1,51.53889245701523,-0.08437507527342245,200.821,"POLYGON ((-0.0848075662218206 51.5406389731022, -0.0869002035447154 51.53966016666193, -0.0864676482000494 51.53791362915014, -0.0839426123995701 51.537145918668216, -0.0818500697566388 51.538124704592036, -0.0822824682346263 51.53987122151279, -0.0848075662218206 51.5406389731022))",0,True,True,,0
89195da6933ffff,44,44-4,9,1,51.54434284684195,-0.08105457945025189,200.821,"POLYGON ((-0.0814869977385494 51.54608927554262, -0.0835798321044826 51.54511063869985, -0.0831473494058697 51.543364188569825, -0.0806221892344454 51.5425963958742, -0.0785294495794824 51.543575012205054, -0.0789617753853832 51.54532144174202, -0.0814869977385494 51.54608927554262))",0,True,True,,0
89195da6937ffff,44,44-5,9,1,51.541828560403644,-0.07809715183968523,200.821,"POLYGON ((-0.0785294495794824 51.543575012205054, -0.0806221892344454 51.5425963958742, -0.0801898270884797 51.540849922642415, -0.077664882163342 51.54008208634095, -0.0755722372224428 51.54106068216507, -0.0760044424930434 51.54280713479599, -0.0785294495794824 51.543575012205054))",0,True,True,,19
89195da693bffff,44,44-6,9,1,51.54413193848359,-0.08567263235310256,200.821,"POLYGON ((-0.086105207541324 51.5458783877718, -0.0881980380752671 51.54489964560862, -0.0877653984796347 51.543153174894314, -0.0852400852474817 51.542385466926014, -0.0831473494058697 51.543364188569825, -0.0835798321044826 51.54511063869985, -0.086105207541324 51.5458783877718))",0,True,True,,0
89194ad34a3ffff,46,46-0,9,1,51.52967660666952,-0.05408311111572121,200.821,"POLYGON ((-0.0545144928680066 51.531423132490794, -0.0566067662764302 51.53044482917726, -0.0561753201327888 51.528698281914195, -0.0536517573613033 51.527930058620534, -0.0515595787197444 51.52890834146832, -0.0519908680832348 51.53065486807408, -0.0545144928680066 51.531423132490794))",0,True,True,,14
89194ad34a7ffff,46,46-1,9,1,51.5271617926375,-0.05112831734769541,200.821,"POLYGON ((-0.0515595787197444 51.52890834146832, -0.0536517573613033 51.527930058620534, -0.0532204316020216 51.526183488346895, -0.0506970839644337 51.52541522158474, -0.0486050000928295 51.52639348397196, -0.0490361690892622 51.52814003358051, -0.0515595787197444 51.52890834146832))",0,True,True,,12
89194ad34abffff,46,46-2,9,1,51.52946646251155,-0.05869900566130672,200.821,"POLYGON ((-0.0591305442009695 51.531213008984594, -0.0612228139460667 51.530234600405706, -0.0607912110179398 51.528488032494096, -0.0582674951296177 51.527719893808495, -0.0561753201327888 51.528698281914195, -0.0566067662764302 51.53044482917726, -0.0591305442009695 51.531213008984594))",0,True,True,,12
89194ad34afffff,46,46-3,9,1,51.5269517124238,-0.05574390199071494,200.821,"POLYGON ((-0.0561753201327888 51.528698281914195, -0.0582674951296177 51.527719893808495, -0.0578360126031705 51.52597330287857, -0.0553125118474823 51.525205120709224, -0.0532204316020216 51.526183488346895, -0.0536517573613033 51.527930058620534, -0.0561753201327888 51.528698281914195))",7,True,True,,32
89194ad34b3ffff,46,46-4,9,1,51.53240137245165,-0.052422185440820654,200.821,"POLYGON ((-0.0528535307952435 51.53414785459797, -0.054945902620804 51.53316963608118, -0.0545144928680066 51.531423132490794, -0.0519908680832348 51.53065486807408, -0.0498985910400073 51.531633066127384, -0.0503298439996479 51.533379549059454, -0.0528535307952435 51.53414785459797))",0,True,True,,0
89194ad34b7ffff,46,46-5,9,1,51.5298865609667,-0.04946736607077701,200.821,"POLYGON ((-0.0498985910400073 51.531633066127384, -0.0519908680832348 51.53065486807408, -0.0515595787197444 51.52890834146832, -0.0490361690892622 51.52814003358051, -0.0469439868314611 51.52911821117555, -0.0473751194191357 51.53086471711523, -0.0498985910400073 51.531633066127384))",7,True,True,,20
89194ad34bbffff,46,46-6,9,1,51.532191354209914,-0.05703824042429407,200.821,"POLYGON ((-0.0574697425790613 51.53393785700899, -0.0595621107512308 51.53295953322452, -0.0591305442009695 51.531213008984594, -0.0566067662764302 51.53044482917726, -0.0545144928680066 51.531423132490794, -0.054945902620804 51.53316963608118, -0.0574697425790613 51.53393785700899))",7,True,True,,44
89194ad34c3ffff,47,47-0,9,1,51.53952479741156,-0.07052277632389956,200.821,"POLYGON ((-0.0709547966764805 51.5412712516892, -0.0730474453835758 51.540292761165404, -0.0726153606260455 51.53854628545314, -0.0700907840155897 51.53777832088066, -0.0679982300443097 51.53875679091042, -0.0684301579480885 51.54050324600526, -0.0709547966764805 51.5412712516892))",0,True,True,,3
89194ad34c7ffff,47,47-1,9,1,51.53701031356504,-0.06756633017840707,200.821,"POLYGON ((-0.0679982300443097 51.53875679091042, -0.0700907840155897 51.53777832088066, -0.0696588197488057 51.53603182209968, -0.0671344583476306 51.53526381397218, -0.0650419991152945 51.53624226351313, -0.0654738065456138 51.53798874166892, -0.0679982300443097 51.53875679091042))",0,True,True,,0
89194ad34cbffff,47,47-2,9,1,51.539314207275545,-0.07514006000890473,200.821,"POLYGON ((-0.0755722372224428 51.54106068216507, -0.077664882163342 51.54008208634095, -0.0772326405477215 51.53833559002005, -0.0747079108497188 51.53756771013049, -0.0726153606260455 51.53854628545314, -0.0730474453835758 51.540292761165404, -0.0755722372224428 51.54106068216507))",0,True,True,,10
89194ad34cfffff,47,47-3,9,1,51.536799787488064,-0.07218330391644633,200.821,"POLYGON ((-0.0726153606260455 51.53854628545314, -0.0747079108497188 51.53756771013049, -0.0742757897421799 51.53582119073309, -0.0717512752521453 51.53505326727331, -0.0696588197488057 51.53603182209968, -0.0700907840155897 51.53777832088066, -0.0726153606260455 51.53854628545314))",0,True,True,,2
89194ad34d3ffff,47,47-4,9,1,51.54224967884644,-0.06886211389236054,200.821,"POLYGON ((-0.0692940978798607 51.54399608943081, -0.0713868450759603 51.54301768371048, -0.0709547966764805 51.5412712516892, -0.0684301579480885 51.54050324600526, -0.0663375055033038 51.54148163123383, -0.066769397036005 51.54322804263667, -0.0692940978798607 51.54399608943081))",0,True,True,,0
89194ad34d7ffff,47,47-5,9,1,51.53973519757684,-0.06590564200737895,200.821,"POLYGON ((-0.0663375055033038 51.54148163123383, -0.0684301579480885 51.54050324600526, -0.0679982300443097 51.53875679091042, -0.0654738065456138 51.53798874166892, -0.0633812488552604 51.53896710641092, -0.0638130199095762 51.54071354087955, -0.0663375055033038 51.54148163123383))",0,True,True,,0
89194ad34dbffff,47,47-6,9,1,51.542039214621724,-0.0734795581917215,200.821,"POLYGON ((-0.0739116990532234 51.543785645819014, -0.0760044424930434 51.54280713479599, -0.0755722372224428 51.54106068216507, -0.0730474453835758 51.540292761165404, -0.0709547966764805 51.5412712516892, -0.0713868450759603 51.54301768371048, -0.0739116990532234 51.543785645819014))",0,True,True,,15
89194ad3503ffff,50,50-0,9,1,51.51416701474785,-0.04558760047452262,200.821,"POLYGON ((-0.0460185736504913 51.51591371982561, -0.0481102712791558 51.51493532878216, -0.047679233742369 51.5131886022632, -0.0451566552622416 51.51242028747266, -0.0430650523818298 51.51339865806669, -0.0434959332337226 51.51514536389926, -0.0460185736504913 51.51591371982561))",0,True,True,,5
89194ad3507ffff,50,50-1,9,1,51.511651930039385,-0.042634199487208736,200.821,"POLYGON ((-0.0430650523818298 51.51339865806669, -0.0451566552622416 51.51242028747266, -0.0447257380109302 51.51067353800324, -0.0422033745472237 51.509905179820514, -0.0401118664181755 51.51088352997026, -0.0405426270018755 51.51263025874556, -0.0430650523818298 51.51339865806669))",0,True,True,,17
89194ad350bffff,50,50-2,9,1,51.51395687440407,-0.0502019349267765,200.821,"POLYGON ((-0.0506330647948738 51.5157036001627, -0.052724758814679 51.51472510388839, -0.0522935645886553 51.512978356691825, -0.0497708330324711 51.51221012644579, -0.047679233742369 51.5131886022632, -0.0481102712791558 51.51493532878216, -0.0506330647948738 51.5157036001627))",0,True,True,,4
89194ad350fffff,50,50-3,9,1,51.51144185354728,-0.04724822417293195,200.821,"POLYGON ((-0.047679233742369 51.5131886022632, -0.0497708330324711 51.51221012644579, -0.0493397591092337 51.51046335629098, -0.046817242568234 51.509695082637535, -0.0447257380109302 51.51067353800324, -0.0451566552622416 51.51242028747266, -0.047679233742369 51.5131886022632))",0,True,True,,0
89194ad3513ffff,50,50-4,9,1,51.51689204753401,-0.04392684204555361,200.821,"POLYGON ((-0.0443577788199999 51.51863870896778, -0.0464495747927788 51.517660402702845, -0.0460185736504913 51.51591371982561, -0.0434959332337226 51.51514536389926, -0.0414042320246687 51.51612364971697, -0.0418350764690738 51.51787031190684, -0.0443577788199999 51.51863870896778))",0,True,True,,3
89194ad3517ffff,50,50-5,9,1,51.51437696532886,-0.04097341553650836,200.821,"POLYGON ((-0.0414042320246687 51.51612364971697, -0.0434959332337226 51.51514536389926, -0.0430650523818298 51.51339865806669, -0.0405426270018755 51.51263025874556, -0.0384510205596404 51.51360852412131, -0.0388817447309673 51.51535520925872, -0.0414042320246687 51.51612364971697))",0,True,True,,11
89194ad351bffff,50,50-6,9,1,51.51668203310102,-0.048541336785995634,200.821,"POLYGON ((-0.0489724302655355 51.51842871521667, -0.0510642226393746 51.51745030371857, -0.0506330647948738 51.5157036001627, -0.0481102712791558 51.51493532878216, -0.0460185736504913 51.51591371982561, -0.0464495747927788 51.517660402702845, -0.0489724302655355 51.51842871521667))",0,True,True,,2
89194ad3103ffff,51,51-0,9,1,51.49508819022529,-0.05720913778339358,200.821,"POLYGON ((-0.0576403655446083 51.49683520064742, -0.0597313749201019 51.49585621628256, -0.0593000828470989 51.49410918443526, -0.056777937993093 51.493341157630674, -0.0546870232576355 51.49432012153021, -0.0551181587365513 51.49606713269822, -0.0576403655446083 51.49683520064742))",0,True,True,,0
89194ad3107ffff,51,51-1,9,1,51.49257308819241,-0.054255915743241775,200.821,"POLYGON ((-0.0546870232576355 51.49432012153021, -0.056777937993093 51.493341157630674, -0.0563467661710448 51.491594102866706, -0.0538248361907345 51.49082603268795, -0.0517340160984147 51.49180497612737, -0.0521650313436667 51.493552010204255, -0.0546870232576355 51.49432012153021))",0,True,True,,0
89194ad310bffff,51,51-2,9,1,51.494877168599245,-0.061822350304444836,200.821,"POLYGON ((-0.0622537346669505 51.496624199695155, -0.0643447403642842 51.495645110115724, -0.0639132916928752 51.49389805759787, -0.0613909939229506 51.49313011532857, -0.0593000828470989 51.49410918443526, -0.0597313749201019 51.49585621628256, -0.0622537346669505 51.496624199695155))",0,True,True,,0
89194ad310fffff,51,51-3,9,1,51.49236213041589,-0.058868818748735216,200.821,"POLYGON ((-0.0593000828470989 51.49410918443526, -0.0613909939229506 51.49313011532857, -0.0609596655197951 51.491383039886294, -0.0584375826223029 51.490615054227604, -0.0563467661710448 51.491594102866706, -0.056777937993093 51.493341157630674, -0.0593000828470989 51.49410918443526))",0,True,True,,8
89194ad3113ffff,51,51-4,9,1,51.49781412169331,-0.05554932218270692,200.821,"POLYGON ((-0.055980513598713 51.49956108851233, -0.0580716212794094 51.498582188893934, -0.0576403655446083 51.49683520064742, -0.0551181587365513 51.49606713269822, -0.0530271457113511 51.497046011853584, -0.0534582448391211 51.49879297941977, -0.055980513598713 51.49956108851233))",0,True,True,,0
89194ad3117ffff,51,51-5,9,1,51.49529902211404,-0.0525960745471106,200.821,"POLYGON ((-0.0530271457113511 51.497046011853584, -0.0551181587365513 51.49606713269822, -0.0546870232576355 51.49432012153021, -0.0521650313436667 51.493552010204255, -0.050074112977068 51.494530868901776, -0.0505050918662213 51.4962778593817, -0.0530271457113511 51.497046011853584))",0,True,True,,0
89194ad311bffff,51,51-6,9,1,51.497603225954734,-0.060162694970411566,200.821,"POLYGON ((-0.0605940430006904 51.49935021344856, -0.0626851470131253 51.49837120861323, -0.0622537346669505 51.496624199695155, -0.0597313749201019 51.49585621628256, -0.0576403655446083 51.49683520064742, -0.0580716212794094 51.498582188893934, -0.0605940430006904 51.49935021344856))",0,True,True,,6
89195da6963ffff,53,53-0,9,1,51.5437095515852,-0.09490918577544877,200.821,"POLYGON ((-0.0953420747763898 51.545456042022124, -0.0974348975607609 51.54447708920273, -0.0970019441582477 51.54273057734623, -0.0944763248773538 51.54196303887436, -0.0923835967480184 51.54294197115945, -0.0928163932449614 51.544688462449265, -0.0953420747763898 51.545456042022124))",0,True,True,,1
89195da6967ffff,53,53-1,9,1,51.54119545759843,-0.0919508283475428,200.821,"POLYGON ((-0.0923835967480184 51.54294197115945, -0.0944763248773538 51.54196303887436, -0.0940434920794114 51.54021650389276, -0.0915180880408263 51.53944892176932, -0.0894254545697169 51.540427833525314, -0.0898581304793824 51.54217434793243, -0.0923835967480184 51.54294197115945))",0,True,True,,1
89195da696bffff,53,53-2,9,1,51.54349807300709,-0.09952768618939775,200.821,"POLYGON ((-0.0999607321030969 51.54524458400518, -0.1020535509698835 51.54426552585001, -0.1016204406575005 51.54251899343557, -0.0990946683886038 51.541751539732815, -0.0970019441582477 51.54273057734623, -0.0974348975607609 51.54447708920273, -0.0999607321030969 51.54524458400518))",0,True,True,,1
89195da696fffff,53,53-3,9,1,51.54098404321623,-0.09656901886227602,200.821,"POLYGON ((-0.0970019441582477 51.54273057734623, -0.0990946683886038 51.541751539732815, -0.0986616786981284 51.54000498418551, -0.0961361216702186 51.53923748681591, -0.0940434920794114 51.54021650389276, -0.0944763248773538 51.54196303887436, -0.0970019441582477 51.54273057734623))",0,True,True,,10
89195da6973ffff,53,53-4,9,1,51.54643493146474,-0.09324921784100354,200.821,"POLYGON ((-0.0936820705389102 51.54818137820278, -0.0957749918828758 51.54720251018203, -0.0953420747763898 51.545456042022124, -0.0928163932449614 51.544688462449265, -0.0907235665715308 51.54566730993798, -0.0911563267593942 51.547413757530165, -0.0936820705389102 51.54818137820278))",0,True,True,,0
89195da6977ffff,53,53-5,9,1,51.54392084007102,-0.09029083447907074,200.821,"POLYGON ((-0.0907235665715308 51.54566730993798, -0.0928163932449614 51.544688462449265, -0.0923835967480184 51.54294197115945, -0.0898581304793824 51.54217434793243, -0.0877653984796347 51.543153174894314, -0.0881980380752671 51.54489964560862, -0.0907235665715308 51.54566730993798))",0,True,True,,7
89195da697bffff,53,53-6,9,1,51.54622357878267,-0.09786787907253511,200.821,"POLYGON ((-0.0983008886962237 51.547970046082874, -0.1003938061324983 51.54699107272398, -0.0999607321030969 51.54524458400518, -0.0974348975607609 51.54447708920273, -0.0953420747763898 51.545456042022124, -0.0957749918828758 51.54720251018203, -0.0983008886962237 51.547970046082874))",0,True,True,,5
89194ad3483ffff,58,58-0,9,1,51.53743079589399,-0.05833283092004537,200.821,"POLYGON ((-0.0587644171115996 51.539177231973696, -0.060856978492548 51.53819897251432, -0.0604253278943409 51.536452514992504, -0.0579012727434231 51.5356843375714, -0.0558088061386314 51.536662576556886, -0.0562402999090233 51.538409013435924, -0.0587644171115996 51.539177231973696))",7,True,True,,31
89194ad3487ffff,58,58-1,9,1,51.5349161174376,-0.055377340376798964,200.821,"POLYGON ((-0.0558088061386314 51.536662576556886, -0.0579012727434231 51.5356843375714, -0.0574697425790613 51.53393785700899, -0.054945902620804 51.53316963608118, -0.0528535307952435 51.53414785459797, -0.0532849041491222 51.535894314509825, -0.0558088061386314 51.536662576556886))",0,True,True,,10
89194ad348bffff,58,58-2,9,1,51.537220649693985,-0.0629495058286586,200.821,"POLYGON ((-0.0633812488552604 51.53896710641092, -0.0654738065456138 51.53798874166892, -0.0650419991152945 51.53624226351313, -0.0625177908271497 51.535474170731874, -0.0604253278943409 51.536452514992504, -0.060856978492548 51.53819897251432, -0.0633812488552604 51.53896710641092))",7,True,True,,23
89194ad348fffff,58,58-3,9,1,51.53470603522821,-0.05999370531481284,200.821,"POLYGON ((-0.0604253278943409 51.536452514992504, -0.0625177908271497 51.535474170731874, -0.0620861038479848 51.5337276695277, -0.0595621107512308 51.53295953322452, -0.0574697425790613 51.53393785700899, -0.0579012727434231 51.5356843375714, -0.0604253278943409 51.536452514992504))",7,True,True,,37
89194ad3493ffff,58,58-4,9,1,51.54015542807166,-0.0566718216906303,200.821,"POLYGON ((-0.0571033714861545 51.54190182046088, -0.059196031320793 51.540923645807354, -0.0587644171115996 51.539177231973696, -0.0562402999090233 51.538409013435924, -0.0541477348660258 51.53938716761782, -0.0545791922343921 51.541133560807715, -0.0571033714861545 51.54190182046088))",7,True,True,,30
89194ad3497ffff,58,58-5,9,1,51.53764075218417,-0.053716305505162855,200.821,"POLYGON ((-0.0541477348660258 51.53938716761782, -0.0562402999090233 51.538409013435924, -0.0558088061386314 51.536662576556886, -0.0532849041491222 51.535894314509825, -0.0511924339008538 51.53687244822529, -0.051623770847759 51.538618864452815, -0.0541477348660258 51.53938716761782))",0,True,True,,1
89194ad349bffff,58,58-6,9,1,51.53994540779056,-0.061288657112085504,200.821,"POLYGON ((-0.0617203637556254 51.54169182081802, -0.0638130199095762 51.54071354087955, -0.0633812488552604 51.53896710641092, -0.060856978492548 51.53819897251432, -0.0587644171115996 51.539177231973696, -0.059196031320793 51.540923645807354, -0.0617203637556254 51.54169182081802))",0,True,True,,1
89195da6ba3ffff,60,60-0,9,1,51.54580030305449,-0.10710564877553252,200.821,"POLYGON ((-0.1075389722636749 51.54754681145268, -0.1096318817988994 51.54656762740217, -0.1091984939109096 51.5448210975919, -0.1066723534195231 51.54405377237203, -0.1045795384988806 51.54503293586811, -0.1050127694554485 51.54677944513706, -0.1075389722636749 51.54754681145268))",0,True,True,,1
89195da6ba7ffff,60,60-1,9,1,51.543286404317634,-0.1041463356681008,200.821,"POLYGON ((-0.1045795384988806 51.54503293586811, -0.1066723534195231 51.54405377237203, -0.1062390861930122 51.54230721940847, -0.1037131609603933 51.54153985048872, -0.1016204406575005 51.54251899343557, -0.1020535509698835 51.54426552585001, -0.1045795384988806 51.54503293586811))",0,True,True,,10
89195da6babffff,60,60-2,9,1,51.54558837997028,-0.11172475714135027,200.821,"POLYGON ((-0.1121582375681525 51.54733490890432, -0.1142511431100358 51.54635561950032, -0.113817598286339 51.54460906915752, -0.1112913048568649 51.543841828749805, -0.1091984939109096 51.5448210975919, -0.1096318817988994 51.54656762740217, -0.1121582375681525 51.54733490890432))",0,True,True,,1
89195da6bafffff,60,60-3,9,1,51.54307454549782,-0.10876513415877874,200.821,"POLYGON ((-0.1091984939109096 51.5448210975919, -0.1112913048568649 51.543841828749805, -0.1108578807119385 51.54209525524593, -0.1083318025398466 51.54132797112306, -0.1062390861930122 51.54230721940847, -0.1066723534195231 51.54405377237203, -0.1091984939109096 51.5448210975919))",0,True,True,,0
89195da6bb3ffff,60,60-4,9,1,51.54852593212133,-0.10544602854044359,200.821,"POLYGON ((-0.1058793157566078 51.55027239681782, -0.1079723238866974 51.549293297563516, -0.1075389722636749 51.54754681145268, -0.1050127694554485 51.54677944513706, -0.1029198559554146 51.547758523839185, -0.1033530506339631 51.54950498940771, -0.1058793157566078 51.55027239681782))",0,True,True,,7
89195da6bb7ffff,60,60-5,9,1,51.54601203598558,-0.1024866894016283,200.821,"POLYGON ((-0.1029198559554146 51.547758523839185, -0.1050127694554485 51.54677944513706, -0.1045795384988806 51.54503293586811, -0.1020535509698835 51.54426552585001, -0.0999607321030969 51.54524458400518, -0.1003938061324983 51.54699107272398, -0.1029198559554146 51.547758523839185))",7,True,True,,20
89195da6bbbffff,60,60-6,9,1,51.54831413492552,-0.11006529782548001,200.821,"POLYGON ((-0.1104987419932867 51.55006062015884, -0.1125917461399172 51.5490814155487, -0.1121582375681525 51.54733490890432, -0.1096318817988994 51.54656762740217, -0.1075389722636749 51.54754681145268, -0.1079723238866974 51.549293297563516, -0.1104987419932867 51.55006062015884))",0,True,True,,10
89194e69b63ffff,67,67-0,9,1,51.52758138356957,-0.04189759667564089,200.821,"POLYGON ((-0.0423285445205897 51.52932789105493, -0.0444207303661441 51.52834981870753, -0.0439897181281972 51.52660328977282, -0.0414666767992601 51.52583485386676, -0.039374585760775 51.52681290576856, -0.03980544124458 51.528559414020606, -0.0423285445205897 51.52932789105493))",0,True,True,,0
89194e69b67ffff,67,67-1,9,1,51.52506637530177,-0.038943758239139654,200.821,"POLYGON ((-0.039374585760775 51.52681290576856, -0.0414666767992601 51.52583485386676, -0.0410357848887543 51.524088301949654, -0.0385129586769966 51.52331982262334, -0.0364209624486781 51.52429785408472, -0.0368516976223483 51.52604438531141, -0.039374585760775 51.52681290576856))",0,True,True,,5
89194e69b6bffff,67,67-2,9,1,51.527371683013065,-0.04651288222515309,200.821,"POLYGON ((-0.0469439868314611 51.52911821117555, -0.0490361690892622 51.52814003358051, -0.0486050000928295 51.52639348397196, -0.0460818055974868 51.52562513263089, -0.0439897181281972 51.52660328977282, -0.0444207303661441 51.52834981870753, -0.0469439868314611 51.52911821117555))",0,True,True,,4
89194e69b6fffff,67,67-3,9,1,51.52485673862113,-0.043558733862513445,200.821,"POLYGON ((-0.0439897181281972 51.52660328977282, -0.0460818055974868 51.52562513263089, -0.0456507569458094 51.52387856003216, -0.0431277775664405 51.52311016525556, -0.0410357848887543 51.524088301949654, -0.0414666767992601 51.52583485386676, -0.0439897181281972 51.52660328977282))",0,True,True,,0
89194e69b73ffff,67,67-4,9,1,51.530305900054785,-0.040236324693216655,200.821,"POLYGON ((-0.0406672361093782 51.53205236386801, -0.0427595203367692 51.53107437631974, -0.0423285445205897 51.52932789105493, -0.03980544124458 51.528559414020606, -0.0377132518397368 51.529537381125536, -0.0381440708887786 51.5312838457067, -0.0406672361093782 51.53205236386801))",0,True,True,,4
89194e69b77ffff,67,67-5,9,1,51.527790894326074,-0.037282460751836125,200.821,"POLYGON ((-0.0377132518397368 51.529537381125536, -0.03980544124458 51.528559414020606, -0.039374585760775 51.52681290576856, -0.0368516976223483 51.52604438531141, -0.0347596030431691 51.527022331978216, -0.0351903017771664 51.52876881953884, -0.0377132518397368 51.529537381125536))",0,True,True,,2
89194e69b7bffff,67,67-6,9,1,51.530096325422086,-0.04485177057902231,200.821,"POLYGON ((-0.0452828387695819 51.531842809913435, -0.0473751194191357 51.53086471711523, -0.0469439868314611 51.52911821117555, -0.0444207303661441 51.52834981870753, -0.0423285445205897 51.52932789105493, -0.0427595203367692 51.53107437631974, -0.0452828387695819 51.531842809913435))",0,True,True,,4
89195da69a3ffff,71,71-0,9,1,51.54727844142394,-0.07477606494686173,200.821,"POLYGON ((-0.0752082899844196 51.549024805825354, -0.0773012266737659 51.54804635910581, -0.0768689372160093 51.54629997326948, -0.0743438679707204 51.54553205475414, -0.0722510260264309 51.54651048097147, -0.0726831585827603 51.54825684620492, -0.0752082899844196 51.549024805825354))",7,True,True,,58
89195da69a7ffff,71,71-1,9,1,51.54476409347229,-0.07181892152507449,200.821,"POLYGON ((-0.0722510260264309 51.54651048097147, -0.0743438679707204 51.54553205475414, -0.0739116990532234 51.543785645819014, -0.0713868450759603 51.54301768371048, -0.0692940978798607 51.54399608943081, -0.0697261099132577 51.54574247775527, -0.0722510260264309 51.54651048097147))",0,True,True,,5
89195da69abffff,71,71-2,9,1,51.54706784901143,-0.07939412926006854,200.821,"POLYGON ((-0.0798265112062449 51.54881423401016, -0.0819194441020601 51.547835681973034, -0.0814869977385494 51.54608927554262, -0.0789617753853832 51.54532144174202, -0.0768689372160093 51.54629997326948, -0.0773012266737659 51.54804635910581, -0.0798265112062449 51.54881423401016))",0,True,True,,5
89195da69afffff,71,71-3,9,1,51.544553565165174,-0.07643667582332524,200.821,"POLYGON ((-0.0768689372160093 51.54629997326948, -0.0789617753853832 51.54532144174202, -0.0785294495794824 51.543575012205054, -0.0760044424930434 51.54280713479599, -0.0739116990532234 51.543785645819014, -0.0743438679707204 51.54553205475414, -0.0768689372160093 51.54629997326948))",7,True,True,,31
89195da69b3ffff,71,71-4,9,1,51.55000318916956,-0.07311531919674787,200.821,"POLYGON ((-0.0735475078710636 51.55174950986226, -0.0756405430860081 51.550771147955224, -0.0752082899844196 51.549024805825354, -0.0726831585827603 51.54825684620492, -0.0705902181283878 51.549235187612005, -0.0710223143155312 51.550981509138026, -0.0735475078710636 51.55174950986226))",7,True,True,,28
89195da69b7ffff,71,71-5,9,1,51.54748884381671,-0.07015814999521032,200.821,"POLYGON ((-0.0705902181283878 51.549235187612005, -0.0726831585827603 51.54825684620492, -0.0722510260264309 51.54651048097147, -0.0697261099132577 51.54574247775527, -0.0676332642225634 51.5467207986676, -0.0680652398817731 51.54846714328944, -0.0705902181283878 51.549235187612005))",0,True,True,,12
89195da69bbffff,71,71-6,9,1,51.54979272267104,-0.07773354419930636,200.821,"POLYGON ((-0.0781658897953118 51.551539063962075, -0.0802589212265883 51.550560596735124, -0.0798265112062449 51.54881423401016, -0.0773012266737659 51.54804635910581, -0.0752082899844196 51.549024805825354, -0.0756405430860081 51.550771147955224, -0.0781658897953118 51.551539063962075))",7,True,True,,31
89195da6903ffff,72,72-0,9,1,51.54937121952758,-0.08697044217641438,200.821,"POLYGON ((-0.0874031016286225 51.5511176019889, -0.0894961254070479 51.55013892410668, -0.0890634015362834 51.548392520217945, -0.0865378108148689 51.547624814787504, -0.084444881741124 51.548603472147384, -0.0848774486845367 51.55034985545862, -0.0874031016286225 51.5511176019889))",0,True,True,,10
89195da6907ffff,72,72-1,9,1,51.54685706656009,-0.08401234288202049,200.821,"POLYGON ((-0.084444881741124 51.548603472147384, -0.0865378108148689 51.547624814787504, -0.086105207541324 51.5458783877718, -0.0835798321044826 51.54511063869985, -0.0814869977385494 51.54608927554262, -0.0819194441020601 51.547835681973034, -0.084444881741124 51.548603472147384))",0,True,True,,2
89195da690bffff,72,72-2,9,1,51.54916018284447,-0.09158911504537472,200.821,"POLYGON ((-0.0920219314321606 51.55090658587779, -0.0941149513413134 51.54992780266023, -0.0936820705389102 51.54818137820278, -0.0911563267593942 51.547413757530165, -0.0890634015362834 51.548392520217945, -0.0894961254070479 51.55013892410668, -0.0920219314321606 51.55090658587779))",0,True,True,,1
89195da690fffff,72,72-3,9,1,51.546646094050864,-0.08863070575991908,200.821,"POLYGON ((-0.0890634015362834 51.548392520217945, -0.0911563267593942 51.547413757530165, -0.0907235665715308 51.54566730993798, -0.0881980380752671 51.54489964560862, -0.086105207541324 51.5458783877718, -0.0865378108148689 51.547624814787504, -0.0890634015362834 51.548392520217945))",0,True,True,,7
89195da6913ffff,72,72-4,9,1,51.55209621649068,-0.08531004371488436,200.821,"POLYGON ((-0.0857426668349162 51.55384255524049, -0.0878357891742169 51.55286396216838, -0.0874031016286225 51.5511176019889, -0.0848774486845367 51.55034985545862, -0.0827844210654063 51.55132842801066, -0.0832169516706107 51.553074767611626, -0.0857426668349162 51.55384255524049))",0,True,True,,14
89195da6917ffff,72,72-5,9,1,51.54958206613008,-0.0823519185434706,200.821,"POLYGON ((-0.0827844210654063 51.55132842801066, -0.0848774486845367 51.55034985545862, -0.084444881741124 51.548603472147384, -0.0819194441020601 51.547835681973034, -0.0798265112062449 51.54881423401016, -0.0802589212265883 51.550560596735124, -0.0827844210654063 51.55132842801066))",0,True,True,,0
89195da691bffff,72,72-6,9,1,51.551885305713995,-0.08992887737488542,200.821,"POLYGON ((-0.0903616574424944 51.55363166503677, -0.0924547759224406 51.552652966626994, -0.0920219314321606 51.55090658587779, -0.0894961254070479 51.55013892410668, -0.0874031016286225 51.5511176019889, -0.0878357891742169 51.55286396216838, -0.0903616574424944 51.55363166503677))",0,True,True,,1
89194e69b43ffff,74,74-0,9,1,51.535335712213914,-0.04614505909420976,200.821,"POLYGON ((-0.0465762112336518 51.53708213001683, -0.0486686850969201 51.53610410156623, -0.048237468549173 51.53435766231369, -0.0457139349403992 51.53358927217841, -0.0436215558935338 51.53456728017526, -0.0440526156394607 51.5363136987597, -0.0465762112336518 51.53708213001683))",0,True,True,,4
89194e69b47ffff,74,74-1,9,1,51.532820839360895,-0.043190524126852654,200.821,"POLYGON ((-0.0436215558935338 51.53456728017526, -0.0457139349403992 51.53358927217841, -0.0452828387695819 51.531842809913435, -0.0427595203367692 51.53107437631974, -0.0406672361093782 51.53205236386801, -0.0410981754957426 51.533798805457124, -0.0436215558935338 51.53456728017526))",0,True,True,,2
89194e69b4bffff,74,74-2,9,1,51.53512600975978,-0.05076112495234275,200.821,"POLYGON ((-0.0511924339008538 51.53687244822529, -0.0532849041491222 51.535894314509825, -0.0528535307952435 51.53414785459797, -0.0503298439996479 51.533379549059454, -0.048237468549173 51.53435766231369, -0.0486686850969201 51.53610410156623, -0.0511924339008538 51.53687244822529))",0,True,True,,6
89194e69b4fffff,74,74-3,9,1,51.53261120082898,-0.047806279990794474,200.821,"POLYGON ((-0.048237468549173 51.53435766231369, -0.0503298439996479 51.533379549059454, -0.0498985910400073 51.531633066127384, -0.0473751194191357 51.53086471711523, -0.0452828387695819 51.531842809913435, -0.0457139349403992 51.53358927217841, -0.048237468549173 51.53435766231369))",0,True,True,,1
89194e69b53ffff,74,74-4,9,1,51.53806009511113,-0.04448370336733292,200.821,"POLYGON ((-0.0449148190798092 51.53980646922639, -0.0470073913614354 51.53882852558403, -0.0465762112336518 51.53708213001683, -0.0440526156394607 51.5363136987597, -0.0419601381897318 51.537291621950565, -0.0423911615027088 51.539037996848656, -0.0449148190798092 51.53980646922639))",0,True,True,,8
89194e69b57ffff,74,74-5,9,1,51.53554522481902,-0.041529142854957395,200.821,"POLYGON ((-0.0419601381897318 51.537291621950565, -0.0440526156394607 51.5363136987597, -0.0436215558935338 51.53456728017526, -0.0410981754957426 51.533798805457124, -0.0390057928809605 51.5347767082017, -0.0394366958294409 51.53652310610928, -0.0419601381897318 51.537291621950565))",0,True,True,,0
89194e69b5bffff,74,74-6,9,1,51.5378505185835,-0.04909992963667461,200.821,"POLYGON ((-0.0495312021712036 51.53959691336236, -0.051623770847759 51.538618864452815, -0.0511924339008538 51.53687244822529, -0.0486686850969201 51.53610410156623, -0.0465762112336518 51.53708213001683, -0.0470073913614354 51.53882852558403, -0.0495312021712036 51.53959691336236))",0,True,True,,1
89194e69a63ffff,76,76-0,9,1,51.545184580114366,-0.06258386112546843,200.821,"POLYGON ((-0.0630156518571682 51.54693092637697, -0.0651085012657191 51.54595271076451, -0.0646766461121276 51.54420634305948, -0.0621520984258758 51.54343821159368, -0.0600593438027133 51.544416406724075, -0.0604910420808409 51.5461627538009, -0.0630156518571682 51.54693092637697))",0,True,True,,3
89194e69a67ffff,76,76-1,9,1,51.542670037391844,-0.05962767355028205,200.821,"POLYGON ((-0.0600593438027133 51.544416406724075, -0.0621520984258758 51.54343821159368, -0.0617203637556254 51.54169182081802, -0.059196031320793 51.540923645807354, -0.0571033714861545 51.54190182046088, -0.0575349492982674 51.54364819060054, -0.0600593438027133 51.544416406724075))",0,True,True,,1
89194e69a6bffff,76,76-2,9,1,51.54497443178233,-0.06720131660820722,200.821,"POLYGON ((-0.0676332642225634 51.5467207986676, -0.0697261099132577 51.54574247775527, -0.0692940978798607 51.54399608943081, -0.066769397036005 51.54322804263667, -0.0646766461121276 51.54420634305948, -0.0651085012657191 51.54595271076451, -0.0676332642225634 51.5467207986676))",0,True,True,,1
89194e69a6fffff,76,76-3,9,1,51.542459953096795,-0.06424481899431451,200.821,"POLYGON ((-0.0646766461121276 51.54420634305948, -0.066769397036005 51.54322804263667, -0.0663375055033038 51.54148163123383, -0.0638130199095762 51.54071354087955, -0.0617203637556254 51.54169182081802, -0.0621520984258758 51.54343821159368, -0.0646766461121276 51.54420634305948))",0,True,True,,0
89194e69a73ffff,76,76-4,9,1,51.54790907861921,-0.06092276838731693,200.821,"POLYGON ((-0.0613545227247835 51.549655381175874, -0.0634474706235662 51.548677250378354, -0.0630156518571682 51.54693092637697, -0.0604910420808409 51.5461627538009, -0.058398188982957 51.54714086411862, -0.0588298508608883 51.5488871674908, -0.0613545227247835 51.549655381175874))",0,True,True,,9
89194e69a77ffff,76,76-5,9,1,51.5453945384875,-0.057966555129645866,200.821,"POLYGON ((-0.058398188982957 51.54714086411862, -0.0604910420808409 51.5461627538009, -0.0600593438027133 51.544416406724075, -0.0575349492982674 51.54364819060054, -0.0554421910043855 51.54462628044367, -0.0558737324113606 51.54637260688349, -0.058398188982957 51.54714086411862))",0,True,True,,13
89194e69a7bffff,76,76-6,9,1,51.5476990562088,-0.065540384457778,200.821,"POLYGON ((-0.0659722956909316 51.54944537938915, -0.0680652398817731 51.54846714328944, -0.0676332642225634 51.5467207986676, -0.0651085012657191 51.54595271076451, -0.0630156518571682 51.54693092637697, -0.0634474706235662 51.548677250378354, -0.0659722956909316 51.54944537938915))",0,True,True,,3
89194ad35a3ffff,80,80-0,9,1,51.51207151382241,-0.03340659877033401,200.821,"POLYGON ((-0.0338371383283794 51.51381820044612, -0.0359287483040013 51.51284004028351, -0.0354981443835156 51.51109333221113, -0.0329760871467299 51.51032480501163, -0.030884571959549 51.5113029447449, -0.0313150192211112 51.513049632105606, -0.0338371383283794 51.51381820044612))",0,True,True,,11
89194ad35a7ffff,80,80-1,9,1,51.50955623519982,-0.03045415262598883,200.821,"POLYGON ((-0.030884571959549 51.5113029447449, -0.0329760871467299 51.51032480501163, -0.0325456034548565 51.50857807401688, -0.030023761217792 51.50780950347346, -0.0279323408220733 51.5087876227826, -0.0283626678723918 51.5105343330579, -0.030884571959549 51.5113029447449))",0,True,True,,0
89194ad35abffff,80,80-2,9,1,51.51186181679141,-0.038020324335502224,200.821,"POLYGON ((-0.0384510205596404 51.51360852412131, -0.0405426270018755 51.51263025874556, -0.0401118664181755 51.51088352997026, -0.0375896560558719 51.510115087272204, -0.0354981443835156 51.51109333221113, -0.0359287483040013 51.51284004028351, -0.0384510205596404 51.51360852412131))",0,True,True,,8
89194ad35afffff,80,80-3,9,1,51.509346601952096,-0.035067568401148934,200.821,"POLYGON ((-0.0354981443835156 51.51109333221113, -0.0375896560558719 51.510115087272204, -0.037159015718079 51.50836833556675, -0.0346370203542621 51.50759984950953, -0.0325456034548565 51.50857807401688, -0.0329760871467299 51.51032480501163, -0.0354981443835156 51.51109333221113))",0,True,True,,3
89194ad35b3ffff,80,80-4,9,1,51.51479629727879,-0.0317454944134212,200.821,"POLYGON ((-0.0321759975390466 51.516542940261296, -0.0342677058234746 51.515564864879636, -0.0338371383283794 51.51381820044612, -0.0313150192211112 51.513049632105606, -0.0292234057405862 51.51402768706022, -0.0296538165638154 51.515774330781014, -0.0321759975390466 51.516542940261296))",0,True,True,,11
89194ad35b7ffff,80,80-5,9,1,51.51228102115149,-0.02879302284430406,200.821,"POLYGON ((-0.0292234057405862 51.51402768706022, -0.0313150192211112 51.513049632105606, -0.030884571959549 51.5113029447449, -0.0283626678723918 51.5105343330579, -0.0262711491987843 51.511512367590655, -0.0267014398058268 51.51325903423089, -0.0292234057405862 51.51402768706022))",0,True,True,,9
89194ad35bbffff,80,80-6,9,1,51.51458672616615,-0.03635938016526592,200.821,"POLYGON ((-0.0367900399699952 51.516333389855866, -0.0388817447309673 51.51535520925872, -0.0384510205596404 51.51360852412131, -0.0359287483040013 51.51284004028351, -0.0338371383283794 51.51381820044612, -0.0342677058234746 51.515564864879636, -0.0367900399699952 51.516333389855866))",0,True,True,,5
89194e69a23ffff,89,89-0,9,1,51.5430896361924,-0.05039383123506046,200.821,"POLYGON ((-0.050825187769806 51.54483596423733, -0.0529179497059119 51.54385797967633, -0.0524865287476123 51.54211163018145, -0.0499625027031002 51.5413432858997, -0.0478698355926908 51.542321249998764, -0.0483010997015075 51.54406757884013, -0.050825187769806 51.54483596423733))",0,True,True,,3
89194e69a27ffff,89,89-1,9,1,51.54057489891238,-0.04743859948022004,200.821,"POLYGON ((-0.0478698355926908 51.542321249998764, -0.0499625027031002 51.5413432858997, -0.0495312021712036 51.53959691336236, -0.0470073913614354 51.53882852558403, -0.0449148190798092 51.53980646922639, -0.0453459627795793 51.54155282110239, -0.0478698355926908 51.542321249998764))",0,True,True,,0
89194e69a2bffff,89,89-2,9,1,51.54287993175072,-0.05501067761296339,200.821,"POLYGON ((-0.0554421910043855 51.54462628044367, -0.0575349492982674 51.54364819060054, -0.0571033714861545 51.54190182046088, -0.0545791922343921 51.541133560807715, -0.0524865287476123 51.54211163018145, -0.0529179497059119 51.54385797967633, -0.0554421910043855 51.54462628044367))",0,True,True,,10
89194e69a2fffff,89,89-3,9,1,51.54036525843921,-0.052055135795784864,200.821,"POLYGON ((-0.0524865287476123 51.54211163018145, -0.0545791922343921 51.541133560807715, -0.0541477348660258 51.53938716761782, -0.051623770847759 51.538618864452815, -0.0495312021712036 51.53959691336236, -0.0499625027031002 51.5413432858997, -0.0524865287476123 51.54211163018145))",0,True,True,,1
89194e69a33ffff,89,89-4,9,1,51.54581388543325,-0.04873239180937105,200.821,"POLYGON ((-0.0491637119189418 51.547560169775075, -0.0512565723099616 51.54658227003138, -0.050825187769806 51.54483596423733, -0.0483010997015075 51.54406757884013, -0.0462083341516741 51.54504545812413, -0.0466395618293541 51.546791743263654, -0.0491637119189418 51.547560169775075))",0,True,True,,6
89194e69a37ffff,89,89-5,9,1,51.543299150736,-0.04577713446929734,200.821,"POLYGON ((-0.0462083341516741 51.54504545812413, -0.0483010997015075 51.54406757884013, -0.0478698355926908 51.542321249998764, -0.0453459627795793 51.54155282110239, -0.0432532920740328 51.54253067993197, -0.0436843993377232 51.54427698811097, -0.0462083341516741 51.54504545812413))",0,True,True,,11
89194e69a3bffff,89,89-6,9,1,51.545604306920765,-0.05334939867337019,200.821,"POLYGON ((-0.053780875652638 51.54735061191164, -0.0558737324113606 51.54637260688349, -0.0554421910043855 51.54462628044367, -0.0529179497059119 51.54385797967633, -0.050825187769806 51.54483596423733, -0.0512565723099616 51.54658227003138, -0.053780875652638 51.54735061191164))",7,True,True,,20
89194e69b23ffff,94,94-0,9,1,51.525485079350176,-0.029714255981384493,200.821,"POLYGON ((-0.030144770027972 51.52723156842086, -0.032236868119409 51.526253726983946, -0.0318062896781968 51.52450721645643, -0.029283769874084 51.52373856807236, -0.0271917666299074 51.524716389083835, -0.0276221883429943 51.52646287890339, -0.030144770027972 51.52723156842086))",0,True,True,,1
89194e69b27ffff,94,94-1,9,1,51.52296987705982,-0.02676137284970099,200.821,"POLYGON ((-0.0271917666299074 51.524716389083835, -0.029283769874084 51.52373856807236, -0.0288533117034002 51.52199203459057, -0.0263310069997307 51.52122334283454, -0.0242390986058631 51.522201143425725, -0.0246694000657526 51.52394765619179, -0.0271917666299074 51.524716389083835))",0,True,True,,0
89194e69b2bffff,94,94-2,9,1,51.52527582220507,-0.03432893226121742,200.821,"POLYGON ((-0.0347596030431691 51.527022331978216, -0.0368516976223483 51.52604438531141, -0.0364209624486781 51.52429785408472, -0.0338982894286911 51.52352929022257, -0.0318062896781968 51.52450721645643, -0.032236868119409 51.526253726983946, -0.0347596030431691 51.527022331978216))",0,True,True,,16
89194e69b2fffff,94,94-3,9,1,51.52276068372223,-0.03137573918000271,200.821,"POLYGON ((-0.0318062896781968 51.52450721645643, -0.0338982894286911 51.52352929022257, -0.0334676745428831 51.52178273603383, -0.0309452166221306 51.52101412878446, -0.0288533117034002 51.52199203459057, -0.029283769874084 51.52373856807236, -0.0318062896781968 51.52450721645643))",0,True,True,,9
89194e69b33ffff,94,94-4,9,1,51.528209346515425,-0.028052637991688015,200.821,"POLYGON ((-0.028483115578572 51.52995579191675, -0.0305753120165172 51.52897803528132, -0.030144770027972 51.52723156842086, -0.0276221883429943 51.52646287890339, -0.0255300867677727 51.52744061511562, -0.0259604720152427 51.52918706126711, -0.028483115578572 51.52995579191675))",0,True,True,,0
89194e69b37ffff,94,94-5,9,1,51.525694146756145,-0.025099729452198336,200.821,"POLYGON ((-0.0255300867677727 51.52744061511562, -0.0276221883429943 51.52646287890339, -0.0271917666299074 51.524716389083835, -0.0246694000657526 51.52394765619179, -0.0225773933563527 51.524925371986015, -0.0230076583456884 51.52667184108885, -0.0255300867677727 51.52744061511562))",0,True,True,,4
89194e69b3bffff,94,94-6,9,1,51.528000215301674,-0.032667474506325705,200.821,"POLYGON ((-0.0330981088415361 51.52974668140645, -0.0351903017771664 51.52876881953884, -0.0347596030431691 51.527022331978216, -0.032236868119409 51.526253726983946, -0.030144770027972 51.52723156842086, -0.0305753120165172 51.52897803528132, -0.0330981088415361 51.52974668140645))",0,True,True,,0
89194e69b03ffff,97,97-0,9,1,51.5332395469648,-0.03395946136772829,200.821,"POLYGON ((-0.0343901795640792 51.534985946412135, -0.0364825657182873 51.53400814891465, -0.0360517831120407 51.532261728010205, -0.0335287711278087 51.53149312529519, -0.0314364798301951 51.53247090235906, -0.03186710566066 51.53421730257009, -0.0343901795640792 51.534985946412135))",0,True,True,,15
89194e69b07ffff,97,97-1,9,1,51.530724479928445,-0.031005881949716544,200.821,"POLYGON ((-0.0314364798301951 51.53247090235906, -0.0335287711278087 51.53149312529519, -0.0330981088415361 51.52974668140645, -0.0305753120165172 51.52897803528132, -0.028483115578572 51.52995579191675, -0.0289136211064241 51.53170221510432, -0.0314364798301951 51.53247090235906))",0,True,True,,2
89194e69b0bffff,97,97-2,9,1,51.53303028806647,-0.03857491790163412,200.821,"POLYGON ((-0.0390057928809605 51.5347767082017, -0.0410981754957426 51.533798805457124, -0.0406672361093782 51.53205236386801, -0.0381440708887786 51.5312838457067, -0.0360517831120407 51.532261728010205, -0.0364825657182873 51.53400814891465, -0.0390057928809605 51.5347767082017))",0,True,True,,3
89194e69b0fffff,97,97-3,9,1,51.53051528488389,-0.03562102846589112,200.821,"POLYGON ((-0.0360517831120407 51.532261728010205, -0.0381440708887786 51.5312838457067, -0.0377132518397368 51.529537381125536, -0.0351903017771664 51.52876881953884, -0.0330981088415361 51.52974668140645, -0.0335287711278087 51.53149312529519, -0.0360517831120407 51.532261728010205))",0,True,True,,9
89194e69b13ffff,97,97-4,9,1,51.53596368055842,-0.03229775944376241,200.821,"POLYGON ((-0.0327284411822049 51.53771003632092, -0.0348209257194466 51.53673232363404, -0.0343901795640792 51.534985946412135, -0.03186710566066 51.53421730257009, -0.0297747159955022 51.53519499482562, -0.0302053053621217 51.5369413513531, -0.0327284411822049 51.53771003632092))",0,True,True,,2
89194e69b17ffff,97,97-5,9,1,51.533448616075,-0.02934415457784386,200.821,"POLYGON ((-0.0297747159955022 51.53519499482562, -0.03186710566066 51.53421730257009, -0.0314364798301951 51.53247090235906, -0.0289136211064241 51.53170221510432, -0.0268213263164225 51.53267988693369, -0.0272517953754681 51.53442626644254, -0.0297747159955022 51.53519499482562))",0,True,True,,14
89194e69b1bffff,97,97-6,9,1,51.53575454759414,-0.03691337628726754,200.821,"POLYGON ((-0.0373442148216847 51.537500924045574, -0.0394366958294409 51.53652310610928, -0.0390057928809605 51.5347767082017, -0.0364825657182873 51.53400814891465, -0.0343901795640792 51.534985946412135, -0.0348209257194466 51.53673232363404, -0.0373442148216847 51.537500924045574))",0,True,True,,3
89195da6983ffff,100,100-0,9,1,51.55503167970897,-0.0790306652093657,200.821,"POLYGON ((-0.0794630950328132 51.55677795415862, -0.0815563197594835 51.55579955123606, -0.0811238255005232 51.55405325535121, -0.0785982634644275 51.553285382975744, -0.076505133492051 51.55426376538794, -0.0769374708019034 51.556010040684505, -0.0794630950328132 51.55677795415862))",0,True,True,,0
89195da6987ffff,100,100-1,9,1,51.55251746781046,-0.07607282425431297,200.821,"POLYGON ((-0.076505133492051 51.55426376538794, -0.0785982634644275 51.553285382975744, -0.0781658897953118 51.551539063962075, -0.0756405430860081 51.550771147955224, -0.0735475078710636 51.55174950986226, -0.0739797246084134 51.55349580827985, -0.076505133492051 51.55426376538794))",7,True,True,,23
89195da698bffff,100,100-2,9,1,51.55482108492988,-0.08364951036175053,200.821,"POLYGON ((-0.0840820971415237 51.5565673799623, -0.086175318047284 51.555588871704884, -0.0857426668349162 51.55384255524049, -0.0832169516706107 51.553074767611626, -0.0811238255005232 51.55405325535121, -0.0815563197594835 51.55579955123606, -0.0840820971415237 51.5565673799623))",0,True,True,,1
89195da698fffff,100,100-3,9,1,51.55230693718317,-0.08069135932377014,200.821,"POLYGON ((-0.0811238255005232 51.55405325535121, -0.0832169516706107 51.553074767611626, -0.0827844210654063 51.55132842801066, -0.0802589212265883 51.550560596735124, -0.0781658897953118 51.551539063962075, -0.0785982634644275 51.553285382975744, -0.0811238255005232 51.55405325535121))",0,True,True,,3
89195da6993ffff,100,100-4,9,1,51.55775629369707,-0.07736983618652095,200.821,"POLYGON ((-0.0778022296486263 51.559502524422555, -0.0798955529374469 51.5585242063216, -0.0794630950328132 51.55677795415862, -0.0769374708019034 51.556010040684505, -0.0748442422828875 51.55698833827733, -0.0752765432253892 51.558734569851, -0.0778022296486263 51.559502524422555))",0,True,True,,4
89195da6997ffff,100,100-5,9,1,51.55524208441925,-0.07441196941146276,200.821,"POLYGON ((-0.0748442422828875 51.55698833827733, -0.0769374708019034 51.556010040684505, -0.076505133492051 51.55426376538794, -0.0739797246084134 51.55349580827985, -0.0718865908623387 51.55447408536976, -0.0723187712273685 51.55622034006927, -0.0748442422828875 51.55698833827733))",0,True,True,,9
89195da699bffff,100,100-6,9,1,51.557545824834676,-0.08198884210330754,200.821,"POLYGON ((-0.0824213925347802 51.559292076143905, -0.0845147120125976 51.55831365270576, -0.0840820971415237 51.5565673799623, -0.0815563197594835 51.55579955123606, -0.0794630950328132 51.55677795415862, -0.0798955529374469 51.5585242063216, -0.0824213925347802 51.559292076143905))",0,True,True,,6
89194e69a43ffff,101,101-0,9,1,51.552937958945755,-0.0668362022914334,200.821,"POLYGON ((-0.0672681976641096 51.55468421531574, -0.0693613351553875 51.55370604354295, -0.0689292753455056 51.55195976573022, -0.0664042349679254 51.55119168030253, -0.0643111922713555 51.55216983158508, -0.0647430951580633 51.553916088784135, -0.0672681976641096 51.55468421531574))",0,True,True,,2
89194e69a47ffff,101,101-1,9,1,51.55042355211545,-0.06387931742742292,200.821,"POLYGON ((-0.0643111922713555 51.55216983158508, -0.0664042349679254 51.55119168030253, -0.0659722956909316 51.54944537938915, -0.0634474706235662 51.548677250378354, -0.0613545227247835 51.549655381175874, -0.0617863050959547 51.551401661467835, -0.0643111922713555 51.55216983158508))",0,True,True,,3
89194e69a4bffff,101,101-2,9,1,51.55272780839165,-0.07145443855928474,200.821,"POLYGON ((-0.0718865908623387 51.55447408536976, -0.0739797246084134 51.55349580827985, -0.0735475078710636 51.55174950986226, -0.0710223143155312 51.550981509138026, -0.0689292753455056 51.55195976573022, -0.0693613351553875 51.55370604354295, -0.0718865908623387 51.55447408536976))",0,True,True,,3
89194e69a4fffff,101,101-3,9,1,51.55021346564469,-0.06849724358854094,200.821,"POLYGON ((-0.0689292753455056 51.55195976573022, -0.0710223143155312 51.550981509138026, -0.0705902181283878 51.549235187612005, -0.0680652398817731 51.54846714328944, -0.0659722956909316 51.54944537938915, -0.0664042349679254 51.55119168030253, -0.0689292753455056 51.55195976573022))",0,True,True,,0
89194e69a53ffff,101,101-4,9,1,51.555662323709555,-0.06517502609023593,200.821,"POLYGON ((-0.0656069850705629 51.55740853635816, -0.0677002210886592 51.556430449409355, -0.0672681976641096 51.55468421531574, -0.0647430951580633 51.553916088784135, -0.0626499539501501 51.55489415524496, -0.0630818204385218 51.55664036872391, -0.0656069850705629 51.55740853635816))",0,True,True,,3
89194e69a57ffff,101,101-5,9,1,51.553147919491884,-0.06221811550352923,200.821,"POLYGON ((-0.0626499539501501 51.55489415524496, -0.0647430951580633 51.553916088784135, -0.0643111922713555 51.55216983158508, -0.0617863050959547 51.551401661467835, -0.059693258701343 51.55237970744585, -0.0601250046692123 51.55412594402251, -0.0626499539501501 51.55489415524496))",0,True,True,,0
89194e69a5bffff,101,101-6,9,1,51.55545229907978,-0.06979342302084128,200.821,"POLYGON ((-0.070225538944552 51.557198532337495, -0.0723187712273685 51.55622034006927, -0.0718865908623387 51.55447408536976, -0.0693613351553875 51.55370604354295, -0.0672681976641096 51.55468421531574, -0.0677002210886592 51.556430449409355, -0.070225538944552 51.557198532337495))",0,True,True,,8
89194e69a03ffff,111,111-0,9,1,51.550843155120184,-0.05464391365738069,200.821,"POLYGON ((-0.0550754746882198 51.55258939333165, -0.0571685247523543 51.55161145265299, -0.0567368992826473 51.54986519299128, -0.0542123806464176 51.54909689464581, -0.0521194254172947 51.55007481485438, -0.0525508939898253 51.551821053877106, -0.0550754746882198 51.55258939333165))",0,True,True,,10
89194e69a07ffff,111,111-1,9,1,51.54832855357143,-0.051687984858228904,200.821,"POLYGON ((-0.0521194254172947 51.55007481485438, -0.0542123806464176 51.54909689464581, -0.053780875652638 51.54735061191164, -0.0512565723099616 51.54658227003138, -0.0491637119189418 51.547560169775075, -0.049595060032911 51.549306431862476, -0.0521194254172947 51.55007481485438))",0,True,True,,5
89194e69a0bffff,111,111-2,9,1,51.550633448600884,-0.059261540766102114,200.821,"POLYGON ((-0.059693258701343 51.55237970744585, -0.0617863050959547 51.551401661467835, -0.0613545227247835 51.549655381175874, -0.0588298508608883 51.5488871674908, -0.0567368992826473 51.54986519299128, -0.0571685247523543 51.55161145265299, -0.059693258701343 51.55237970744585))",0,True,True,,10
89194e69a0fffff,111,111-3,9,1,51.54811891106707,-0.0563053018365504,200.821,"POLYGON ((-0.0567368992826473 51.54986519299128, -0.0588298508608883 51.5488871674908, -0.058398188982957 51.54714086411862, -0.0558737324113606 51.54637260688349, -0.053780875652638 51.54735061191164, -0.0542123806464176 51.54909689464581, -0.0567368992826473 51.54986519299128))",7,True,True,,22
89194e69a13ffff,111,111-4,9,1,51.55356727063646,-0.052982390578497594,200.821,"POLYGON ((-0.0534139151859939 51.55531346512934, -0.0555070637415971 51.55433560927706, -0.0550754746882198 51.55258939333165, -0.0525508939898253 51.551821053877106, -0.0504578402847241 51.55279888926152, -0.0508892724279312 51.55454508456693, -0.0534139151859939 51.55531346512934))",0,True,True,,15
89194e69a17ffff,111,111-5,9,1,51.55105267169236,-0.05002643615394465,200.821,"POLYGON ((-0.0504578402847241 51.55279888926152, -0.0525508939898253 51.551821053877106, -0.0521194254172947 51.55007481485438, -0.049595060032911 51.549306431862476, -0.0475021011814019 51.55028424678429, -0.0479334128611061 51.55203046515922, -0.0504578402847241 51.55279888926152))",0,True,True,,7
89194e69a1bffff,111,111-6,9,1,51.5533576900491,-0.0576001782482979,200.821,"POLYGON ((-0.058031859773197 51.55510390517647, -0.0601250046692123 51.55412594402251, -0.059693258701343 51.55237970744585, -0.0571685247523543 51.55161145265299, -0.0550754746882198 51.55258939333165, -0.0555070637415971 51.55433560927706, -0.058031859773197 51.55510390517647))",0,True,True,,1
8a194ad30007fff,6,6-0-0,10,2,51.51269204625643,-0.07789107849302607,75.864,"POLYGON ((-0.0777157177675011 51.51333102083618, -0.0786738614418298 51.51316095100638, -0.0788492123721268 51.512521971269734, -0.0780664355596426 51.512053066822226, -0.0771083136696153 51.51222313750141, -0.076932946808098 51.51286211177871, -0.0777157177675011 51.51333102083618))",0,True,True,,1
8a194ad3000ffff,6,6-0-1,10,2,51.51158415836973,-0.07728367687213888,75.864,"POLYGON ((-0.0771083136696153 51.51222313750141, -0.0780664355596426 51.512053066822226, -0.0782417889674649 51.511414082533655, -0.0774590364158086 51.5109451743838, -0.0765009363093171 51.51111524591265, -0.0763255669712478 51.51175422474164, -0.0771083136696153 51.51222313750141))",0,True,True,,3
8a194ad30017fff,6,6-0-2,10,2,51.51299087171197,-0.07963200730993611,75.864,"POLYGON ((-0.0794566625163354 51.51362985175089, -0.0804148203733897 51.5134597681485, -0.0805901553712874 51.51282078295283, -0.0798073484448572 51.51235188681852, -0.0788492123721268 51.512521971269734, -0.0786738614418298 51.51316095100638, -0.0794566625163354 51.51362985175089))",0,True,True,,3
8a194ad3001ffff,6,6-0-3,10,2,51.51188298667868,-0.07902455964370468,75.864,"POLYGON ((-0.0788492123721268 51.512521971269734, -0.0798073484448572 51.51235188681852, -0.0799826859212386 51.511712897070694, -0.0791999032566474 51.511243997233315, -0.0782417889674649 51.511414082533655, -0.0780664355596426 51.512053066822226, -0.0788492123721268 51.512521971269734))",0,True,True,,8
8a194ad30027fff,6,6-0-4,10,2,51.51350108120151,-0.0767575762874826,75.864,"POLYGON ((-0.0765822021076548 51.51414004576967, -0.0775403533829532 51.51396999056137, -0.0777157177675011 51.51333102083618, -0.076932946808098 51.51286211177871, -0.0759748173178648 51.513032167836634, -0.0757994370023171 51.513671132102395, -0.0765822021076548 51.51414004576967))",0,True,True,,7
8a194ad3002ffff,6,6-0-5,10,2,51.51239319871636,-0.0761501939741301,75.864,"POLYGON ((-0.0759748173178648 51.513032167836634, -0.076932946808098 51.51286211177871, -0.0771083136696153 51.51222313750141, -0.0763255669712478 51.51175422474164, -0.0753674592652885 51.51192428164953, -0.0751920764737347 51.512563250467174, -0.0759748173178648 51.513032167836634))",0,True,True,,6
8a194ad30037fff,6,6-0-6,10,2,51.51379992588848,-0.07849850685268413,75.864,"POLYGON ((-0.0783231486045957 51.51443889591589, -0.0792813140639815 51.514268826935194, -0.0794566625163354 51.51362985175089, -0.0786738614418298 51.51316095100638, -0.0777157177675011 51.51333102083618, -0.0775403533829532 51.51396999056137, -0.0783231486045957 51.51443889591589))",0,True,True,,5
8a194ad30087fff,6,6-2-0,10,2,51.51248057703996,-0.08250645807163036,75.864,"POLYGON ((-0.0823311426655565 51.51311957254891, -0.0832893070996192 51.51294946055146, -0.0834646127095671 51.512310459886024, -0.0826817698195778 51.51184157667659, -0.0817236271691127 51.51201168952206, -0.0815483056253715 51.51265068472885, -0.0823311426655565 51.51311957254891))",0,True,True,,11
8a194ad3008ffff,6,6-2-1,10,2,51.511372689460956,-0.08189894505468828,75.864,"POLYGON ((-0.0817236271691127 51.51201168952206, -0.0826817698195778 51.51184157667659, -0.0828570779095237 51.51120257145897, -0.082074259282187 51.510733684545635, -0.0811161384145333 51.51090379823941, -0.0809408143917473 51.511542797998146, -0.0817236271691127 51.51201168952206))",0,True,True,,10
8a194ad30097fff,6,6-2-2,10,2,51.512779339088794,-0.08424747372496466,75.864,"POLYGON ((-0.084072174253434 51.51341834005625, -0.0850303528661254 51.513248214284644, -0.0852056425410604 51.51260920816081, -0.0844227695386235 51.512140333266906, -0.0834646127095671 51.512310459886024, -0.0832893070996192 51.51294946055146, -0.084072174253434 51.51341834005625))",7,True,True,,22
8a194ad3009ffff,6,6-2-3,10,2,51.51167145436619,-0.08363991466156803,75.864,"POLYGON ((-0.0834646127095671 51.512310459886024, -0.0844227695386235 51.512140333266906, -0.0845980616945608 51.511501322590696, -0.0838152129557569 51.5110324439921, -0.0828570779095237 51.51120257145897, -0.0826817698195778 51.51184157667659, -0.0834646127095671 51.512310459886024))",0,True,True,,18
8a194ad300a7fff,6,6-2-4,10,2,51.51328967508121,-0.08137298042329909,75.864,"POLYGON ((-0.0811976515628475 51.513928660579, -0.0821558236012675 51.51375856320332, -0.0823311426655565 51.51311957254891, -0.0815483056253715 51.51265068472885, -0.0805901553712874 51.51282078295283, -0.0804148203733897 51.5134597681485, -0.0811976515628475 51.513928660579))",0,True,True,,3
8a194ad300affff,6,6-2-5,10,2,51.512181792902666,-0.08076548671068991,75.864,"POLYGON ((-0.0805901553712874 51.51282078295283, -0.0815483056253715 51.51265068472885, -0.0817236271691127 51.51201168952206, -0.0809408143917473 51.511542797998146, -0.0799826859212386 51.511712897070694, -0.0798073484448572 51.51235188681852, -0.0805901553712874 51.51282078295283))",0,True,True,,5
8a194ad300b7fff,6,6-2-6,10,2,51.51358845636244,-0.08311399783163548,75.864,"POLYGON ((-0.0829386849055016 51.51422744731882, -0.0838968711239376 51.51405733616914, -0.084072174253434 51.51341834005625, -0.0832893070996192 51.51294946055146, -0.0823311426655565 51.51311957254891, -0.0821558236012675 51.51375856320332, -0.0829386849055016 51.51422744731882))",0,True,True,,4
8a194ad300c7fff,6,6-3-0,10,2,51.50996600378016,-0.07955057950713601,75.864,"POLYGON ((-0.0793752432111 51.510605002933744, -0.0803333498987991 51.51043490301236, -0.0805086764002122 51.50979589870209, -0.0797259121449056 51.50932699977258, -0.0787678272392096 51.509497100543136, -0.078592484807134 51.510136099393975, -0.0793752432111 51.510605002933744))",0,True,True,,3
8a194ad300cffff,6,6-3-1,10,2,51.50885809683843,-0.07894316601291805,75.864,"POLYGON ((-0.0787678272392096 51.509497100543136, -0.0797259121449056 51.50932699977258, -0.0799012411244771 51.50868799091123, -0.0791185011283994 51.50821908827997, -0.0781604380039665 51.50838918989992, -0.0779850930946651 51.50902819330168, -0.0787678272392096 51.509497100543136))",0,True,True,,8
8a194ad300d7fff,6,6-3-2,10,2,51.51026479362657,-0.08129145877919293,75.864,"POLYGON ((-0.0811161384145333 51.51090379823941, -0.082074259282187 51.510733684545635, -0.0822495698517336 51.51009467477627, -0.0814667754858099 51.509625784159745, -0.0805086764002122 51.50979589870209, -0.0803333498987991 51.51043490301236, -0.0811161384145333 51.51090379823941))",0,True,True,,6
8a194ad300dffff,6,6-3-3,10,2,51.509156889537934,-0.08068399924350764,75.864,"POLYGON ((-0.0805086764002122 51.50979589870209, -0.0814667754858099 51.509625784159745, -0.0816420885345089 51.508986769839034, -0.0808593184288098 51.50851787551998, -0.0799012411244771 51.50868799091123, -0.0797259121449056 51.50932699977258, -0.0805086764002122 51.50979589870209))",0,True,True,,4
8a194ad300e7fff,6,6-3-4,10,2,51.51077509339087,-0.07841713871658723,75.864,"POLYGON ((-0.0782417889674649 51.511414082533655, -0.0791999032566474 51.511243997233315, -0.0793752432111 51.510605002933744, -0.078592484807134 51.510136099393975, -0.0776343923007082 51.510306185543726, -0.0774590364158086 51.5109451743838, -0.0782417889674649 51.511414082533655))",0,True,True,,7
8a194ad300effff,6,6-3-5,10,2,51.50966719184964,-0.07780974452696238,75.864,"POLYGON ((-0.0776343923007082 51.510306185543726, -0.078592484807134 51.510136099393975, -0.0787678272392096 51.509497100543136, -0.0779850930946651 51.50902819330168, -0.0770270223702558 51.509198280301085, -0.0768516640086914 51.50983727369226, -0.0776343923007082 51.510306185543726))",0,True,True,,5
8a194ad300f7fff,6,6-3-6,10,2,51.5110739024686,-0.08015801973917938,75.864,"POLYGON ((-0.0799826859212386 51.511712897070694, -0.0809408143917473 51.511542797998146, -0.0811161384145333 51.51090379823941, -0.0803333498987991 51.51043490301236, -0.0793752432111 51.510605002933744, -0.0791999032566474 51.511243997233315, -0.0799826859212386 51.511712897070694))",0,True,True,,7
8a194ad30107fff,6,6-4-0,10,2,51.515417960341665,-0.07623144276997058,75.864,"POLYGON ((-0.0760560576118547 51.51605691034525, -0.0770142382740328 51.51588687060817, -0.0771896136363309 51.51524791544747, -0.0764068242685257 51.5147790054831, -0.0754486653929272 51.51494904606979, -0.0752732740988765 51.515587995771234, -0.0760560576118547 51.51605691034525))",0,True,True,,8
8a194ad3010ffff,6,6-4-1,10,2,51.5143100915135,-0.07562405302736758,75.864,"POLYGON ((-0.0754486653929272 51.51494904606979, -0.0764068242685257 51.5147790054831, -0.0765822021076548 51.51414004576967, -0.0757994370023171 51.513671132102395, -0.0748412999124914 51.513841173539, -0.074665906142568 51.51448012779295, -0.0754486653929272 51.51494904606979))",0,True,True,,5
8a194ad30117fff,6,6-4-2,10,2,51.515716821406244,-0.07797242113109723,75.864,"POLYGON ((-0.0777970519054788 51.51635577686892, -0.0787552467531745 51.51618572335905, -0.0789306061825053 51.5155467627394, -0.0781477866974246 51.51507786108853, -0.0771896136363309 51.51524791544747, -0.0770142382740328 51.51588687060817, -0.0777970519054788 51.51635577686892))",0,True,True,,9
8a194ad3011ffff,6,6-4-3,10,2,51.51460895543183,-0.0773649853392628,75.864,"POLYGON ((-0.0771896136363309 51.51524791544747, -0.0781477866974246 51.51507786108853, -0.0783231486045957 51.51443889591589, -0.0775403533829532 51.51396999056137, -0.0765822021076548 51.51414004576967, -0.0764068242685257 51.5147790054831, -0.0771896136363309 51.51524791544747))",0,True,True,,2
8a194ad30127fff,6,6-4-4,10,2,51.5162269406176,-0.07509787914510097,75.864,"POLYGON ((-0.0749224805314914 51.51686588060883, -0.0758806687941096 51.5166958554937, -0.0760560576118547 51.51605691034525, -0.0752732740988765 51.515587995771234, -0.0743151076235607 51.51575802173625, -0.0741397028742634 51.51639696142535, -0.0749224805314914 51.51686588060883))",7,True,True,,27
8a194ad3012ffff,6,6-4-5,10,2,51.515119077192054,-0.07449050871295912,75.864,"POLYGON ((-0.0743151076235607 51.51575802173625, -0.0752732740988765 51.515587995771234, -0.0754486653929272 51.51494904606979, -0.074665906142568 51.51448012779295, -0.0737077614538091 51.51465015460813, -0.0735323542291951 51.51528909884997, -0.0743151076235607 51.51575802173625))",0,True,True,,0
8a194ad30137fff,6,6-4-6,10,2,51.51652582091377,-0.07683885925228974,75.864,"POLYGON ((-0.0766634765709466 51.51716476636419, -0.0776216790204548 51.51699472747646, -0.0777970519054788 51.51635577686892, -0.0770142382740328 51.51588687060817, -0.0760560576118547 51.51605691034525, -0.0758806687941096 51.5166958554937, -0.0766634765709466 51.51716476636419))",0,True,True,,11
8a194ad30187fff,6,6-6-0,10,2,51.515206617010435,-0.08084698286626715,75.864,"POLYGON ((-0.0806716430299249 51.515845587943836, -0.0816298444579396 51.51567550603826, -0.081805174497571 51.515036529948134, -0.0810223190438869 51.51456764122211, -0.0800641394017276 51.51473772397597, -0.0798887934277497 51.51537669460748, -0.0806716430299249 51.515845587943836))",0,True,True,,5
8a194ad3018ffff,6,6-6-1,10,2,51.514098748489594,-0.0802394817169028,75.864,"POLYGON ((-0.0800641394017276 51.51473772397597, -0.0810223190438869 51.51456764122211, -0.0811976515628475 51.513928660579, -0.0804148203733897 51.5134597681485, -0.0794566625163354 51.51362985175089, -0.0792813140639815 51.514268826935194, -0.0800641394017276 51.51473772397597))",0,True,True,,2
8a194ad30197fff,6,6-6-2,10,2,51.51550541466724,-0.0825880480783303,75.864,"POLYGON ((-0.0824127241770794 51.51614439105906, -0.0833709397865044 51.51597429537912, -0.0835462538905847 51.51533531383069, -0.0827633683211029 51.51486643342045, -0.081805174497571 51.515036529948134, -0.0816298444579396 51.51567550603826, -0.0824127241770794 51.51614439105906))",0,True,True,,3
8a194ad3019ffff,6,6-6-3,10,2,51.51439754900311,-0.08198050087864893,75.864,"POLYGON ((-0.081805174497571 51.515036529948134, -0.0827633683211029 51.51486643342045, -0.0829386849055016 51.51422744731882, -0.0821558236012675 51.51375856320332, -0.0811976515628475 51.513928660579, -0.0810223190438869 51.51456764122211, -0.081805174497571 51.515036529948134))",0,True,True,,7
8a194ad301a7fff,6,6-6-4,10,2,51.51601566038405,-0.07971344379483417,75.864,"POLYGON ((-0.0795380905028768 51.51665462130554, -0.0804962995347406 51.51648455402216, -0.0806716430299249 51.515845587943836, -0.0798887934277497 51.51537669460748, -0.0789306061825053 51.5155467627394, -0.0787552467531745 51.51618572335905, -0.0795380905028768 51.51665462130554))",0,True,True,,5
8a194ad301affff,6,6-6-5,10,2,51.51490779726472,-0.07910596195273951,75.864,"POLYGON ((-0.0789306061825053 51.5155467627394, -0.0798887934277497 51.51537669460748, -0.0800641394017276 51.51473772397597, -0.0792813140639815 51.514268826935194, -0.0783231486045957 51.51443889591589, -0.0781477866974246 51.51507786108853, -0.0789306061825053 51.5155467627394))",0,True,True,,3
8a194ad301b7fff,6,6-6-6,10,2,51.51631447727339,-0.08145451075963539,75.864,"POLYGON ((-0.0812791734025591 51.516953443653385, -0.0822373966172206 51.5167833625958, -0.0824127241770794 51.51614439105906, -0.0816298444579396 51.51567550603826, -0.0806716430299249 51.515845587943836, -0.0804962995347406 51.51648455402216, -0.0812791734025591 51.516953443653385))",0,True,True,,5
8a194ad30807fff,13,13-0-0,10,2,51.51835477356463,-0.06995612091861994,75.864,"POLYGON ((-0.0697806660060842 51.51899367805749, -0.070738862873825 51.51882371058015, -0.0709143079908678 51.51818480092958, -0.0701315721701966 51.51771586421619, -0.0691733970919802 51.517885832544756, -0.068997936045238 51.51852473673545, -0.0697806660060842 51.51899367805749))",0,True,True,,0
8a194ad3080ffff,13,13-0-1,10,2,51.51724692349858,-0.06934885447769351,75.864,"POLYGON ((-0.0691733970919802 51.517885832544756, -0.0701315721701966 51.51771586421619, -0.0703070197609081 51.517076950012324, -0.0695243082024718 51.51660800959705, -0.0685661549130393 51.5167779787771, -0.0683906913935968 51.51741688752088, -0.0691733970919802 51.517885832544756))",0,True,True,,8
8a194ad30817fff,13,13-0-2,10,2,51.518653733638395,-0.07169706194004699,75.864,"POLYGON ((-0.0715216229579455 51.519292643590944, -0.0724798340180841 51.519122662342205, -0.0726552632042326 51.51848374723207, -0.0718724972614487 51.518014818830196, -0.0709143079908678 51.51818480092958, -0.070738862873825 51.51882371058015, -0.0715216229579455 51.519292643590944))",7,True,True,,37
8a194ad3081ffff,13,13-0-3,10,2,51.51754588642348,-0.07108974944712046,75.864,"POLYGON ((-0.0709143079908678 51.51818480092958, -0.0718724972614487 51.518014818830196, -0.0720479289222549 51.517375899166495, -0.0712651872426924 51.51690696706198, -0.0703070197609081 51.517076950012324, -0.0701315721701966 51.51771586421619, -0.0709143079908678 51.51818480092958))",0,True,True,,8
8a194ad30827fff,13,13-0-4,10,2,51.5191636360705,-0.06882247133735236,75.864,"POLYGON ((-0.0686470029681987 51.51980253054984, -0.0696052074324751 51.519632577694644, -0.0697806660060842 51.51899367805749, -0.068997936045238 51.51852473673545, -0.068039753371265 51.518694690442125, -0.0678642788681673 51.51933358461932, -0.0686470029681987 51.51980253054984))",0,True,True,,0
8a194ad3082ffff,13,13-0-5,10,2,51.51805579140927,-0.06821522421304005,75.864,"POLYGON ((-0.068039753371265 51.518694690442125, -0.068997936045238 51.51852473673545, -0.0691733970919802 51.517885832544756, -0.0683906913935968 51.51741688752088, -0.06743253050912 51.51758684207931, -0.0672570535338679 51.51822574080982, -0.068039753371265 51.518694690442125))",0,True,True,,2
8a194ad30837fff,13,13-0-6,10,2,51.519462615375055,-0.07056341409588796,75.864,"POLYGON ((-0.0703879616569524 51.520101515314174, -0.0713461803149991 51.519931548687765, -0.0715216229579455 51.519292643590944, -0.070738862873825 51.51882371058015, -0.0697806660060842 51.51899367805749, -0.0696052074324751 51.519632577694644, -0.0703879616569524 51.520101515314174))",0,True,True,,11
8a194ad30847fff,13,13-1-0,10,2,51.51584007732397,-0.06700081016588277,75.864,"POLYGON ((-0.0668253343801577 51.51647898546258, -0.0677834734758789 51.51630903005211, -0.0679589394675892 51.51567011675564, -0.0671762822904735 51.51520116433022, -0.0662181649827264 51.51537112059303, -0.0660426830644378 51.51601002842888, -0.0668253343801577 51.51647898546258))",0,True,True,,0
8a194ad3084ffff,13,13-1-1,10,2,51.51473220790216,-0.06639364323978007,75.864,"POLYGON ((-0.0662181649827264 51.51537112059303, -0.0671762822904735 51.51520116433022, -0.0673517507540393 51.51456224648151, -0.0665691178357645 51.51409329035639, -0.0656110223151946 51.51426324747179, -0.0654355379260342 51.514902159859666, -0.0662181649827264 51.51537112059303))",0,True,True,,0
8a194ad30857fff,13,13-1-2,10,2,51.516139065178045,-0.06874161477148732,75.864,"POLYGON ((-0.0685661549130393 51.5167779787771, -0.0695243082024718 51.51660800959705, -0.069699758266445 51.515969090840265, -0.0689170709690551 51.51550014672381, -0.0679589394675892 51.51567011675564, -0.0677834734758789 51.51630903005211, -0.0685661549130393 51.5167779787771))",0,True,True,,12
8a194ad3085ffff,13,13-1-3,10,2,51.515031198604106,-0.06813440179835456,75.864,"POLYGON ((-0.0679589394675892 51.51567011675564, -0.0689170709690551 51.51550014672381, -0.0690925235058316 51.514861223414535, -0.0683098604682894 51.514392275597594, -0.0673517507540393 51.51456224648151, -0.0671762822904735 51.51520116433022, -0.0679589394675892 51.51567011675564))",0,True,True,,1
8a194ad30867fff,13,13-1-4,10,2,51.516648931409556,-0.06586719748483591,75.864,"POLYGON ((-0.0656917082438061 51.51728782953498, -0.0666498549331686 51.51711788874596, -0.0668253343801577 51.51647898546258, -0.0660426830644378 51.51601002842888, -0.0650845581637821 51.516179970070475, -0.0649090627904515 51.516818867893164, -0.0656917082438061 51.51728782953498))",0,True,True,,4
8a194ad3086ffff,13,13-1-5,10,2,51.51554106739261,-0.06526004987561003,75.864,"POLYGON ((-0.0650845581637821 51.516179970070475, -0.0660426830644378 51.51601002842888, -0.0662181649827264 51.51537112059303, -0.0654355379260342 51.514902159859666, -0.0644774348133088 51.51507210235415, -0.0643019369696726 51.515711004729084, -0.0650845581637821 51.516179970070475))",0,True,True,,1
8a194ad30877fff,13,13-1-6,10,2,51.51694793849338,-0.067608003823094,75.864,"POLYGON ((-0.06743253050912 51.51758684207931, -0.0683906913935968 51.51741688752088, -0.0685661549130393 51.5167779787771, -0.0677834734758789 51.51630903005211, -0.0668253343801577 51.51647898546258, -0.0666498549331686 51.51711788874596, -0.06743253050912 51.51758684207931))",0,True,True,,7
8a194ad30887fff,13,13-2-0,10,2,51.51814374602539,-0.07457167232433279,75.864,"POLYGON ((-0.0743962627305651 51.51878267145047, -0.0753544803818265 51.518612661807246, -0.0755298801792023 51.517973731224835, -0.0747470782579385 51.51750481574481, -0.0737888823955143 51.5176748262379, -0.0736134666658337 51.51831375136111, -0.0743962627305651 51.51878267145047))",0,True,True,,13
8a194ad3088ffff,13,13-2-1,10,2,51.51703589625928,-0.0739642944649425,75.864,"POLYGON ((-0.0737888823955143 51.5176748262379, -0.0747470782579385 51.51750481574481, -0.0749224805314914 51.51686588060883, -0.0741397028742634 51.51639696142535, -0.0731815287999155 51.516566972768594, -0.0730061105950313 51.51720590244513, -0.0737888823955143 51.5176748262379))",0,True,True,,15
8a194ad30897fff,13,13-2-2,10,2,51.51844264269897,-0.07631270022907351,75.864,"POLYGON ((-0.0761373065683403 51.519081573583065, -0.0770955384079174 51.51891155016686, -0.0772709222717885 51.51827261412553, -0.0764880902299092 51.5178037069593, -0.0755298801792023 51.517973731224835, -0.0753544803818265 51.518612661807246, -0.0761373065683403 51.519081573583065))",0,True,True,,11
8a194ad3089ffff,13,13-2-3,10,2,51.51733479578695,-0.0757052763165952,75.864,"POLYGON ((-0.0755298801792023 51.517973731224835, -0.0764880902299092 51.5178037069593, -0.0766634765709466 51.51716476636419, -0.0758806687941096 51.5166958554937, -0.0749224805314914 51.51686588060883, -0.0747470782579385 51.51750481574481, -0.0755298801792023 51.517973731224835))",0,True,True,,6
8a194ad308a7fff,13,13-2-4,10,2,51.51895267162875,-0.07343804727579645,75.864,"POLYGON ((-0.0732626242253239 51.51959158704074, -0.0742208494765107 51.519421592019924, -0.0743962627305651 51.51878267145047, -0.0736134666658337 51.51831375136111, -0.0726552632042326 51.51848374723207, -0.0724798340180841 51.519122662342205, -0.0732626242253239 51.51959158704074))",0,True,True,,3
8a194ad308affff,13,13-2-5,10,2,51.51784482726634,-0.07283068872983502,75.864,"POLYGON ((-0.0726552632042326 51.51848374723207, -0.0736134666658337 51.51831375136111, -0.0737888823955143 51.5176748262379, -0.0730061105950313 51.51720590244513, -0.0720479289222549 51.517375899166495, -0.0718724972614487 51.518014818830196, -0.0726552632042326 51.51848374723207))",0,True,True,,2
8a194ad308b7fff,13,13-2-6,10,2,51.51925158753406,-0.07517907692434851,75.864,"POLYGON ((-0.0750036698066895 51.51989050840515, -0.0759619092475543 51.519720499611495, -0.0761373065683403 51.519081573583065, -0.0753544803818265 51.518612661807246, -0.0743962627305651 51.51878267145047, -0.0742208494765107 51.519421592019924, -0.0750036698066895 51.51989050840515))",7,True,True,,31
8a194ad308c7fff,13,13-3-0,10,2,51.515629113773166,-0.07161605185228728,75.864,"POLYGON ((-0.0714406213777081 51.51626804284516, -0.0723987812624617 51.51609804527308, -0.0725742019421167 51.515459111043626, -0.0717914786665289 51.514990179846116, -0.0708333405690321 51.515160178269156, -0.0706579039602191 51.51579910703869, -0.0714406213777081 51.51626804284516))",0,True,True,,9
8a194ad308cffff,13,13-3-1,10,2,51.51452124464467,-0.07100877351743777,75.864,"POLYGON ((-0.0708333405690321 51.515160178269156, -0.0717914786665289 51.514990179846116, -0.0719669018205168 51.514351241064155, -0.0711842028055351 51.51388230616536, -0.0702260864945546 51.51405230543965, -0.0700506474123668 51.514691238761436, -0.0708333405690321 51.515160178269156))",0,True,True,,3
8a194ad308d7fff,13,13-3-2,10,2,51.51592803823683,-0.07335694334459694,75.864,"POLYGON ((-0.0731815287999155 51.516566972768594, -0.0741397028742634 51.51639696142535, -0.0743151076235607 51.51575802173625, -0.0735323542291951 51.51528909884997, -0.0725742019421167 51.515459111043626, -0.0723987812624617 51.51609804527308, -0.0731815287999155 51.516566972768594))",0,True,True,,4
8a194ad308dffff,13,13-3-3,10,2,51.514820171959144,-0.0727496189616083,75.864,"POLYGON ((-0.0725742019421167 51.515459111043626, -0.0735323542291951 51.51528909884997, -0.0737077614538091 51.51465015460813, -0.0729250323210662 51.51418122801979, -0.0719669018205168 51.514351241064155, -0.0717914786665289 51.514990179846116, -0.0725742019421167 51.515459111043626))",0,True,True,,0
8a194ad308e7fff,13,13-3-4,10,2,51.5164380309531,-0.07048246369087405,75.864,"POLYGON ((-0.0703070197609081 51.517076950012324, -0.0712651872426924 51.51690696706198, -0.0714406213777081 51.51626804284516, -0.0706579039602191 51.51579910703869, -0.069699758266445 51.515969090840265, -0.0695243082024718 51.51660800959705, -0.0703070197609081 51.517076950012324))",0,True,True,,16
8a194ad308effff,13,13-3-5,10,2,51.515330167228356,-0.06987520466969663,75.864,"POLYGON ((-0.069699758266445 51.515969090840265, -0.0706579039602191 51.51579910703869, -0.0708333405690321 51.515160178269156, -0.0700506474123668 51.514691238761436, -0.0690925235058316 51.514861223414535, -0.0689170709690551 51.51550014672381, -0.069699758266445 51.515969090840265))",0,True,True,,5
8a194ad308f7fff,13,13-3-6,10,2,51.51673697464742,-0.0722233569225442,75.864,"POLYGON ((-0.0720479289222549 51.517375899166495, -0.0730061105950313 51.51720590244513, -0.0731815287999155 51.516566972768594, -0.0723987812624617 51.51609804527308, -0.0714406213777081 51.51626804284516, -0.0712651872426924 51.51690696706198, -0.0720479289222549 51.517375899166495))",0,True,True,,2
8a194ad30947fff,13,13-5-0,10,2,51.51856561121951,-0.0653407187769848,75.864,"POLYGON ((-0.0651652185509849 51.5192044947784, -0.0661233946236107 51.51903456946347, -0.0662988850550171 51.51839568074653, -0.0655162153412187 51.517926722805015, -0.0645580610588446 51.51809664897249, -0.0643825547003242 51.518735532228874, -0.0651652185509849 51.5192044947784))",0,True,True,,1
8a194ad3094ffff,13,13-5-1,10,2,51.51745776086054,-0.06473356375550872,75.864,"POLYGON ((-0.0645580610588446 51.51809664897249, -0.0655162153412187 51.517926722805015, -0.0656917082438061 51.51728782953498, -0.0649090627904515 51.516818867893164, -0.0639509302975372 51.51698879491348, -0.0637754214688195 51.51762768272275, -0.0645580610588446 51.51809664897249))",0,True,True,,7
8a194ad30957fff,13,13-5-2,10,2,51.51886463468476,-0.06708157289721839,75.864,"POLYGON ((-0.0669060885990365 51.51950352370401, -0.0678642788681673 51.51933358461932, -0.068039753371265 51.518694690442125, -0.0672570535338679 51.51822574080982, -0.0662988850550171 51.51839568074653, -0.0661233946236107 51.51903456946347, -0.0669060885990365 51.51950352370401))",0,True,True,,1
8a194ad3095ffff,13,13-5-3,10,2,51.51775678717399,-0.06647437182482654,75.864,"POLYGON ((-0.0662988850550171 51.51839568074653, -0.0672570535338679 51.51822574080982, -0.06743253050912 51.51758684207931, -0.0666498549331686 51.51711788874596, -0.0656917082438061 51.51728782953498, -0.0655162153412187 51.517926722805015, -0.0662988850550171 51.51839568074653))",0,True,True,,6
8a194ad30967fff,13,13-5-4,10,2,51.51937441062958,-0.06420704467986373,75.864,"POLYGON ((-0.0640315309973642 51.5200132841745, -0.0649897146631046 51.519843373481514, -0.0651652185509849 51.5192044947784, -0.0643825547003242 51.518735532228874, -0.0634243928255681 51.51890544377471, -0.0632488730107902 51.5195443170172, -0.0640315309973642 51.5200132841745))",0,True,True,,2
8a194ad3096ffff,13,13-5-5,10,2,51.51826656567653,-0.06359990897820636,75.864,"POLYGON ((-0.0634243928255681 51.51890544377471, -0.0643825547003242 51.518735532228874, -0.0645580610588446 51.51809664897249, -0.0637754214688195 51.51762768272275, -0.062817281384266 51.5177975951217, -0.062641759099842 51.51843647291722, -0.0634243928255681 51.51890544377471))",0,True,True,,16
8a194ad30977fff,13,13-5-6,10,2,51.5196734533247,-0.065947900530508,75.864,"POLYGON ((-0.0657724027756203 51.52031233233007, -0.0667306006392436 51.52014240786745, -0.0669060885990365 51.51950352370401, -0.0661233946236107 51.51903456946347, -0.0651652185509849 51.5192044947784, -0.0649897146631046 51.519843373481514, -0.0657724027756203 51.52031233233007))",0,True,True,,0
8a194ad30987fff,13,13-6-0,10,2,51.52086940329721,-0.07291176714250286,75.864,"POLYGON ((-0.0727363331099714 51.521508304141456, -0.0736945877515647 51.52133832459321, -0.0738700119871249 51.520699418591406, -0.0730871975142506 51.52023049759695, -0.0721289646637728 51.52040047799527, -0.0719535244953761 51.52103937853794, -0.0727363331099714 51.521508304141456))",0,True,True,,18
8a194ad3098ffff,13,13-6-1,10,2,51.519761572596664,-0.07230440117131082,75.864,"POLYGON ((-0.0721289646637728 51.52040047799527, -0.0730871975142506 51.52023049759695, -0.0732626242253239 51.51959158704074, -0.0724798340180841 51.519122662342205, -0.0715216229579455 51.519292643590944, -0.0713461803149991 51.519931548687765, -0.0721289646637728 51.52040047799527))",7,True,True,,37
8a194ad30997fff,13,13-6-2,10,2,51.521168335579695,-0.07465284459024811,75.864,"POLYGON ((-0.0744774264912982 51.52180724188291, -0.0754356953239905 51.521637248561476, -0.0756111036254989 51.52099833710082, -0.0748282590286737 51.520529424420396, -0.0738700119871249 51.520699418591406, -0.0736945877515647 51.52133832459321, -0.0744774264912982 51.52180724188291))",0,True,True,,3
8a194ad3099ffff,13,13-6-3,10,2,51.5200605077336,-0.07404543256206539,75.864,"POLYGON ((-0.0738700119871249 51.520699418591406, -0.0748282590286737 51.520529424420396, -0.0750036698066895 51.51989050840515, -0.0742208494765107 51.519421592019924, -0.0732626242253239 51.51959158704074, -0.0730871975142506 51.52023049759695, -0.0738700119871249 51.520699418591406))",0,True,True,,15
8a194ad309a7fff,13,13-6-4,10,2,51.52167827422453,-0.071778080665996,75.864,"POLYGON ((-0.071602633175513 51.52231716505492, -0.0725608954165265 51.52214720012953, -0.0727363331099714 51.521508304141456, -0.0719535244953761 51.52103937853794, -0.0709952840462214 51.521209344313704, -0.0708198304201408 51.52184823484257, -0.071602633175513 51.52231716505492))",0,True,True,,8
8a194ad309affff,13,13-6-5,10,2,51.520570448928744,-0.07117073401113437,75.864,"POLYGON ((-0.0709952840462214 51.521209344313704, -0.0719535244953761 51.52103937853794, -0.0721289646637728 51.52040047799527, -0.0713461803149991 51.519931548687765, -0.0703879616569524 51.520101515314174, -0.0702125055568834 51.520740410397416, -0.0709952840462214 51.521209344313704))",7,True,True,,45
8a194ad309b7fff,13,13-6-6,10,2,51.521977225738894,-0.07351915985529071,75.864,"POLYGON ((-0.0733437282981782 51.522616122028346, -0.0743020047316789 51.52244614332993, -0.0744774264912982 51.52180724188291, -0.0736945877515647 51.52133832459321, -0.0727363331099714 51.521508304141456, -0.0725608954165265 51.52214720012953, -0.0733437282981782 51.522616122028346))",0,True,True,,0
8a194ad30207fff,14,14-0-0,10,2,51.50493665776432,-0.07363982856990688,75.864,"POLYGON ((-0.0734644505143069 51.50557566419869, -0.0744224417148147 51.505405588417275, -0.0745978099787516 51.50476657682597, -0.0738152029668738 51.50429764647694, -0.0728572335452259 51.5044677231097, -0.0726818493569177 51.505106729240104, -0.0734644505143069 51.50557566419869))",0,True,True,,0
8a194ad3020ffff,14,14-0-1,10,2,51.50382871212637,-0.073032614074831,75.864,"POLYGON ((-0.0728572335452259 51.5044677231097, -0.0738152029668738 51.50429764647694, -0.073990573705322 51.503658630336645, -0.0732079909458475 51.50318969629021, -0.0722500433023144 51.503359773774626, -0.0720746566404527 51.5039987844538, -0.0728572335452259 51.5044677231097))",0,True,True,,3
8a194ad30217fff,14,14-0-2,10,2,51.50523550317312,-0.07538043511081412,75.864,"POLYGON ((-0.0752050729803349 51.50587451506818, -0.076163078363411 51.50570442551801, -0.0763384307017523 51.50506540846615, -0.075555793582935 51.50459648642497, -0.0745978099787516 51.50476657682597, -0.0744224417148147 51.505405588417275, -0.0752050729803349 51.50587451506818))",0,True,True,,0
8a194ad3021ffff,14,14-0-3,10,2,51.50412756038169,-0.0747731745842193,75.864,"POLYGON ((-0.0745978099787516 51.50476657682597, -0.075555793582935 51.50459648642497, -0.0757311483967862 51.50395746482389, -0.074948535531373 51.50348853908456, -0.073990573705322 51.503658630336645, -0.0738152029668738 51.50429764647694, -0.0745978099787516 51.50476657682597))",0,True,True,,3
8a194ad30227fff,14,14-0-4,10,2,51.50574573051747,-0.07250646150978708,75.864,"POLYGON ((-0.0723310700037298 51.50638472694164, -0.0732890687999746 51.50621466577989, -0.0734644505143069 51.50557566419869, -0.0726818493569177 51.505106729240104, -0.0717238723402859 51.50527679125349, -0.0715484747017827 51.505915787373745, -0.0723310700037298 51.50638472694164))",0,True,True,,0
8a194ad3022ffff,14,14-0-5,10,2,51.504637790280114,-0.07189926631981293,75.864,"POLYGON ((-0.0717238723402859 51.50527679125349, -0.0726818493569177 51.505106729240104, -0.0728572335452259 51.5044677231097, -0.0720746566404527 51.5039987844538, -0.0711167014026938 51.504168847319065, -0.0709413012911724 51.50480784798828, -0.0717238723402859 51.50527679125349))",0,True,True,,0
8a194ad30237fff,14,14-0-6,10,2,51.506044595155444,-0.07424706979234534,75.864,"POLYGON ((-0.0740716942111984 51.50668359704041, -0.0750297071913676 51.506513522110076, -0.0752050729803349 51.50587451506818, -0.0744224417148147 51.505405588417275, -0.0734644505143069 51.50557566419869, -0.0732890687999746 51.50621466577989, -0.0740716942111984 51.50668359704041))",0,True,True,,3
8a194ad30287fff,14,14-2-0,10,2,51.50472519066326,-0.07825442846633578,75.864,"POLYGON ((-0.0780790957127036 51.50536421802849, -0.0790371076778554 51.505194100088914, -0.0792124306389267 51.504555067567104, -0.0784297575621218 51.504086158445034, -0.0774717673751421 51.504256277234624, -0.0772964284871019 51.50489530429623, -0.0780790957127036 51.50536421802849))",0,True,True,,0
8a194ad3028ffff,14,14-2-1,10,2,51.503617245320164,-0.07764710260528156,75.864,"POLYGON ((-0.0774717673751421 51.504256277234624, -0.0784297575621218 51.504086158445034, -0.0786050830002067 51.50344712137401, -0.0778224341776448 51.502978208552946, -0.0768644657680514 51.50314832819281, -0.0766891244039606 51.50378735980342, -0.0774717673751421 51.504256277234624))",0,True,True,,5
8a194ad30297fff,14,14-2-2,10,2,51.50502397268601,-0.07999512183600005,75.864,"POLYGON ((-0.0798198050100812 51.5056630055113, -0.0807778311536964 51.50549287380136, -0.0809531381865644 51.504853835819624, -0.0801704350043322 51.504384935007714, -0.0792124306389267 51.504555067567104, -0.0790371076778554 51.505194100088914, -0.0798198050100812 51.5056630055113))",0,True,True,,5
8a194ad3029ffff,14,14-2-3,10,2,51.5039160301924,-0.07938774994232609,75.864,"POLYGON ((-0.0792124306389267 51.504555067567104, -0.0801704350043322 51.504384935007714, -0.0803457445152023 51.50374589247656, -0.0795630655882036 51.50327698796486, -0.0786050830002067 51.50344712137401, -0.0784297575621218 51.504086158445034, -0.0792124306389267 51.504555067567104))",0,True,True,,1
8a194ad302a7fff,14,14-2-4,10,2,51.50553432650482,-0.07712108594104129,75.864,"POLYGON ((-0.0769457397368664 51.5061733438603, -0.0779037593011364 51.50600324054067, -0.0780790957127036 51.50536421802849, -0.0772964284871019 51.50489530429623, -0.0763384307017523 51.50506540846615, -0.076163078363411 51.50570442551801, -0.0769457397368664 51.5061733438603))",0,True,True,,0
8a194ad302affff,14,14-2-5,10,2,51.50442638656124,-0.07651377938189902,75.864,"POLYGON ((-0.0763384307017523 51.50506540846615, -0.0772964284871019 51.50489530429623, -0.0774717673751421 51.504256277234624, -0.0766891244039606 51.50378735980342, -0.0757311483967862 51.50395746482389, -0.075555793582935 51.50459648642497, -0.0763384307017523 51.50506540846615))",0,True,True,,13
8a194ad302b7fff,14,14-2-6,10,2,51.50583312775768,-0.07886178105905385,75.864,"POLYGON ((-0.0786864507823566 51.5064721505733, -0.0796444845264665 51.50630203348346, -0.0798198050100812 51.5056630055113, -0.0790371076778554 51.505194100088914, -0.0780790957127036 51.50536421802849, -0.0779037593011364 51.50600324054067, -0.0786864507823566 51.5064721505733))",0,True,True,,0
8a194ad34647fff,15,15-1-0,10,2,51.52359493214668,-0.07125172721086717,75.864,"POLYGON ((-0.0710762687364653 51.52423380840775, -0.0720345603696482 51.52406385895563, -0.0722100090464742 51.523424977536756, -0.0714271820238432 51.52295605102902, -0.0704689121840696 51.52312600133147, -0.07029344757384 51.52376487729129, -0.0710762687364653 51.52423380840775))",0,True,True,,10
8a194ad3464ffff,15,15-1-1,10,2,51.522487120515216,-0.0706443731327984,75.864,"POLYGON ((-0.0704689121840696 51.52312600133147, -0.0714271820238432 51.52295605102902, -0.071602633175513 51.52231716505492, -0.0708198304201408 51.52184823484257, -0.0698615823729744 51.522018185995655, -0.0696861152888799 51.52265706651044, -0.0704689121840696 51.52312600133147))",0,True,True,,3
8a194ad34657fff,15,15-1-2,10,2,51.52389390003803,-0.0729928542010006,75.864,"POLYGON ((-0.0728174116607117 51.52453278175803, -0.0737757174877724 51.524362818532516, -0.0739511502300253 51.52372393165485, -0.0731682930801129 51.52325501346144, -0.0722100090464742 51.523424977536756, -0.0720345603696482 51.52406385895563, -0.0728174116607117 51.52453278175803))",0,True,True,,6
8a194ad3465ffff,15,15-1-3,10,2,51.52278609126134,-0.07238545406205876,75.864,"POLYGON ((-0.0722100090464742 51.523424977536756, -0.0731682930801129 51.52325501346144, -0.0733437282981782 51.522616122028346, -0.0725608954165265 51.52214720012953, -0.071602633175513 51.52231716505492, -0.0714271820238432 51.52295605102902, -0.0722100090464742 51.523424977536756))",0,True,True,,4
8a194ad34667fff,15,15-1-4,10,2,51.52440374839452,-0.07011797930201563,75.864,"POLYGON ((-0.0699425073684717 51.52504261464099, -0.0709008066005334 51.52487267981218, -0.0710762687364653 51.52423380840775, -0.07029344757384 51.52376487729129, -0.0693351701359207 51.523934812970715, -0.0691596920668015 51.52457367891599, -0.0699425073684717 51.52504261464099))",0,True,True,,0
8a194ad3466ffff,15,15-1-5,10,2,51.52329594216884,-0.06951064454324034,75.864,"POLYGON ((-0.0693351701359207 51.523934812970715, -0.07029344757384 51.52376487729129, -0.0704689121840696 51.52312600133147, -0.0696861152888799 51.52265706651044, -0.0687278596443162 51.52282700304079, -0.0685523791019037 51.52346587354122, -0.0693351701359207 51.523934812970715))",0,True,True,,0
8a194ad34677fff,15,15-1-6,10,2,51.52470273551788,-0.07185910803147136,75.864,"POLYGON ((-0.071683652031819 51.52534160722337, -0.0726419654591572 51.525171658621296, -0.0728174116607117 51.52453278175803, -0.0720345603696482 51.52406385895563, -0.0710762687364653 51.52423380840775, -0.0709008066005334 51.52487267981218, -0.071683652031819 51.52534160722337))",7,True,True,,27
8a194ad34687fff,15,15-2-0,10,2,51.52589846311641,-0.07882406616926732,75.864,"POLYGON ((-0.0786486739171636 51.52653735665482, -0.0796070441120031 51.52636735295271, -0.0797824265641683 51.52572845425699, -0.0789994547609538 51.525259564721026, -0.078041106360376 51.52542956927104, -0.0778657079690734 51.52606846250907, -0.0786486739171636 51.52653735665482))",0,True,True,,6
8a194ad3468ffff,15,15-2-1,10,2,51.52479067117609,-0.07821650109116587,75.864,"POLYGON ((-0.078041106360376 51.52542956927104, -0.0789994547609538 51.525259564721026, -0.0791748396923068 51.5246206614688, -0.0783918921615473 51.524151768224435, -0.0774335655544598 51.52432177362259, -0.0772581646849638 51.52496067141694, -0.078041106360376 51.52542956927104))",0,True,True,,8
8a194ad34697fff,15,15-2-2,10,2,51.52619733978366,-0.08056541650112872,75.864,"POLYGON ((-0.0803900401888616 51.526836238779566, -0.0813484245721798 51.52666622130065, -0.0815237910840177 51.526027317147566, -0.0807407891531973 51.52555843593071, -0.0797824265641683 51.52572845425699, -0.0796070441120031 51.52636735295271, -0.0803900401888616 51.526836238779566))",0,True,True,,11
8a194ad3469ffff,15,15-2-3,10,2,51.52508955070435,-0.07995780535607015,75.864,"POLYGON ((-0.0797824265641683 51.52572845425699, -0.0807407891531973 51.52555843593071, -0.080916158145192 51.52491952722091, -0.0801331804878179 51.52445064229491, -0.0791748396923068 51.5246206614688, -0.0789994547609538 51.525259564721026, -0.0797824265641683 51.52572845425699))",0,True,True,,11
8a194ad346a7fff,15,15-2-4,10,2,51.52670735089012,-0.0776903059171384,75.864,"POLYGON ((-0.0775149002044516 51.52734623441409, -0.0784732780044721 51.527176245336186, -0.0786486739171636 51.52653735665482, -0.0778657079690734 51.52606846250907, -0.0769073519640786 51.52623845243512, -0.0767319401124656 51.526877335658725, -0.0775149002044516 51.52734623441409))",0,True,True,,9
8a194ad346affff,15,15-2-5,10,2,51.52559956435449,-0.07708276015485446,75.864,"POLYGON ((-0.0769073519640786 51.52623845243512, -0.0778657079690734 51.52606846250907, -0.078041106360376 51.52542956927104, -0.0772581646849638 51.52496067141694, -0.0762998304741979 51.5251306621914, -0.0761244161449427 51.52576954997148, -0.0769073519640786 51.52623845243512))",0,True,True,,3
8a194ad346b7fff,15,15-2-6,10,2,51.52700624679138,-0.07943165799944976,75.864,"POLYGON ((-0.0792562682264041 51.52764513577292, -0.0802146602162918 51.52747513291836, -0.0803900401888616 51.526836238779566, -0.0796070441120031 51.52636735295271, -0.0786486739171636 51.52653735665482, -0.0784732780044721 51.527176245336186, -0.0792562682264041 51.52764513577292))",0,True,True,,8
8a194ad346c7fff,15,15-3-0,10,2,51.523383966491274,-0.07586774887893906,75.864,"POLYGON ((-0.0756923357331923 51.524022863684046, -0.0766506481505059 51.523852872060864, -0.0768260514977622 51.52321396971068, -0.076043158364047 51.52274506444202, -0.0750848677394348 51.522915056914165, -0.0749094484561841 51.52355395380595, -0.0756923357331923 51.524022863684046))",0,True,True,,18
8a194ad346cffff,15,15-3-1,10,2,51.522276155165976,-0.07526028336200213,75.864,"POLYGON ((-0.0750848677394348 51.522915056914165, -0.076043158364047 51.52274506444202, -0.0762185641886356 51.52210615753637, -0.0754356953239905 51.521637248561476, -0.0744774264912982 51.52180724188291, -0.0743020047316789 51.52244614332993, -0.0750848677394348 51.522915056914165))",0,True,True,,3
8a194ad346d7fff,15,15-3-2,10,2,51.52368287097159,-0.07760896276348236,75.864,"POLYGON ((-0.0774335655544598 51.52432177362259, -0.0783918921615473 51.524151768224435, -0.0785672795716295 51.52351286041614, -0.0777843563121358 51.52304396346405, -0.0768260514977622 51.52321396971068, -0.0766506481505059 51.523852872060864, -0.0774335655544598 51.52432177362259))",0,True,True,,8
8a194ad346dffff,15,15-3-3,10,2,51.52257506250402,-0.0770014511845895,75.864,"POLYGON ((-0.0768260514977622 51.52321396971068, -0.0777843563121358 51.52304396346405, -0.0779597462005397 51.52240505110009, -0.0771768472111024 51.521936150441014, -0.0762185641886356 51.52210615753637, -0.076043158364047 51.52274506444202, -0.0768260514977622 51.52321396971068))",0,True,True,,2
8a194ad346e7fff,15,15-3-4,10,2,51.524192845841206,-0.07473402551211027,75.864,"POLYGON ((-0.0745585989071294 51.52483173301982, -0.0755169189267178 51.5246617560202, -0.0756923357331923 51.524022863684046, -0.0749094484561841 51.52355395380595, -0.0739511502300253 51.52372393165485, -0.0737757174877724 51.524362818532516, -0.0745585989071294 51.52483173301982))",0,True,True,,9
8a194ad346effff,15,15-3-5,10,2,51.52308503992062,-0.07412657931127568,75.864,"POLYGON ((-0.0739511502300253 51.52372393165485, -0.0749094484561841 51.52355395380595, -0.0750848677394348 51.522915056914165, -0.0743020047316789 51.52244614332993, -0.0733437282981782 51.522616122028346, -0.0731682930801129 51.52325501346144, -0.0739511502300253 51.52372393165485))",0,True,True,,4
8a194ad346f7fff,15,15-3-6,10,2,51.52449176955448,-0.07647524114268078,75.864,"POLYGON ((-0.0762998304741979 51.5251306621914, -0.0772581646849638 51.52496067141694, -0.0774335655544598 51.52432177362259, -0.0766506481505059 51.523852872060864, -0.0756923357331923 51.524022863684046, -0.0755169189267178 51.5246617560202, -0.0762998304741979 51.5251306621914))",0,True,True,,10
8a194ad34747fff,15,15-5-0,10,2,51.52632033256336,-0.06959155251580339,75.864,"POLYGON ((-0.0694160695964347 51.52695918423896, -0.0703743982224129 51.5267892648841, -0.0705498713436114 51.526150408050455, -0.0697670317731041 51.52568147603065, -0.0688087249427831 51.5258513962361, -0.0686332358876398 51.526490247610724, -0.0694160695964347 51.52695918423896))",0,True,True,,1
8a194ad3474ffff,15,15-5-1,10,2,51.52521254000448,-0.068984210335804,75.864,"POLYGON ((-0.0688087249427831 51.5258513962361, -0.0697670317731041 51.52568147603065, -0.0699425073684717 51.52504261464099, -0.0691596920668015 51.52457367891599, -0.0682014070313764 51.5247435999723, -0.0680259155030327 51.52538245590273, -0.0688087249427831 51.5258513962361))",0,True,True,,0
8a194ad34757fff,15,15-5-2,10,2,51.52661933606353,-0.07133272904770165,75.864,"POLYGON ((-0.0711572620630077 51.52725819319799, -0.0721156048856687 51.52708826006952, -0.0722910620717322 51.52644939777717, -0.0715081923705921 51.525980474071936, -0.0705498713436114 51.526150408050455, -0.0703743982224129 51.5267892648841, -0.0711572620630077 51.52725819319799))",0,True,True,,0
8a194ad3475ffff,15,15-5-3,10,2,51.525511546359766,-0.07072534080295187,75.864,"POLYGON ((-0.0705498713436114 51.526150408050455, -0.0715081923705921 51.525980474071936, -0.071683652031819 51.52534160722337, -0.0709008066005334 51.52487267981218, -0.0699425073684717 51.52504261464099, -0.0697670317731041 51.52568147603065, -0.0705498713436114 51.526150408050455))",0,True,True,,17
8a194ad34767fff,15,15-5-4,10,2,51.527129094128256,-0.06845774317027997,75.864,"POLYGON ((-0.0682822467905636 51.527767935788525, -0.0692405830149143 51.52759803105737, -0.0694160695964347 51.52695918423896, -0.0686332358876398 51.526490247610724, -0.0676749214596998 51.52666015319272, -0.0674994189444663 51.52729899455204, -0.0682822467905636 51.527767935788525))",0,True,True,,0
8a194ad3476ffff,15,15-5-5,10,2,51.52602130697625,-0.06785042031252218,75.864,"POLYGON ((-0.0676749214596998 51.52666015319272, -0.0686332358876398 51.526490247610724, -0.0688087249427831 51.5258513962361, -0.0680259155030327 51.52538245590273, -0.067067622870742 51.52555236233584, -0.0668921178828492 51.52619120825117, -0.0676749214596998 51.52666015319272))",0,True,True,,1
8a194ad34777fff,15,15-5-6,10,2,51.527428116860584,-0.07019892143923158,75.864,"POLYGON ((-0.0700234409939684 51.52806696397976, -0.0709817914163907 51.52789704547519, -0.0711572620630077 51.52725819319799, -0.0703743982224129 51.5267892648841, -0.0694160695964347 51.52695918423896, -0.0692405830149143 51.52759803105737, -0.0700234409939684 51.52806696397976))",0,True,True,,0
8a194ad34787fff,15,15-6-0,10,2,51.52862398689016,-0.07716407779640021,75.864,"POLYGON ((-0.0769886611008374 51.52926285584202, -0.07794706830193 51.529092882236576, -0.0781224751969646 51.528454008127184, -0.0773394908309087 51.52798511308082, -0.076381105426362 51.528155087534365, -0.0762056825916478 51.52879395618617, -0.0769886611008374 51.52926285584202))",0,True,True,,5
8a194ad3478ffff,15,15-6-1,10,2,51.52751621402519,-0.07655652459992131,75.864,"POLYGON ((-0.076381105426362 51.528155087534365, -0.0773394908309087 51.52798511308082, -0.0775149002044516 51.52734623441409, -0.0767319401124656 51.526877335658725, -0.0757735765036731 51.52704731096072, -0.0755981511914297 51.52768618416959, -0.076381105426362 51.528155087534365))",0,True,True,,2
8a194ad34797fff,15,15-6-2,10,2,51.52892289916398,-0.07890547769841375,75.864,"POLYGON ((-0.0787300769432554 51.52956177357326, -0.0796884983356162 51.52939178619079, -0.0798638892897708 51.52875290662411, -0.0790808747927619 51.52828401989714, -0.0781224751969646 51.528454008127184, -0.07794706830193 51.529092882236576, -0.0787300769432554 51.52956177357326))",0,True,True,,3
8a194ad3479ffff,15,15-6-3,10,2,51.52781512916035,-0.07829787843109869,75.864,"POLYGON ((-0.0781224751969646 51.528454008127184, -0.0790808747927619 51.52828401989714, -0.0792562682264041 51.52764513577292, -0.0784732780044721 51.527176245336186, -0.0775149002044516 51.52734623441409, -0.0773394908309087 51.52798511308082, -0.0781224751969646 51.528454008127184))",0,True,True,,7
8a194ad347a7fff,15,15-6-4,10,2,51.52943281998043,-0.0760302560956742,75.864,"POLYGON ((-0.0758548259383269 51.530071678917096, -0.0768132407440802 51.52990171993631, -0.0769886611008374 51.52926285584202, -0.0762056825916478 51.52879395618617, -0.0752472895831893 51.528963916015314, -0.0750718532869583 51.52960277465191, -0.0758548259383269 51.530071678917096))",0,True,True,,0
8a194ad347affff,15,15-6-5,10,2,51.528325052521176,-0.07542272221796646,75.864,"POLYGON ((-0.0752472895831893 51.528963916015314, -0.0762056825916478 51.52879395618617, -0.076381105426362 51.528155087534365, -0.0755981511914297 51.52768618416959, -0.0746397799794945 51.527856144847426, -0.0744643412062704 51.528495008041304, -0.0752472895831893 51.528963916015314))",0,True,True,,3
8a194ad347b7fff,15,15-6-6,10,2,51.52973175148839,-0.07777165774589048,75.864,"POLYGON ((-0.0775962435287368 51.53037061588256, -0.0785546725271366 51.530200643124914, -0.0787300769432554 51.52956177357326, -0.07794706830193 51.529092882236576, -0.0769886611008374 51.52926285584202, -0.0768132407440802 51.52990171993631, -0.0775962435287368 51.53037061588256))",0,True,True,,5
8a194ad33947fff,17,17-5-0,10,2,51.499484177744115,-0.07695852967152111,75.864,"POLYGON ((-0.0767832004624558 51.500123233312365, -0.0777411177227837 51.49995309735232, -0.0779164371413753 51.499314036627545, -0.0771338552232371 51.49884511732385, -0.0761759597372256 51.49901525413481, -0.0760006243953475 51.49965430939855, -0.0767832004624558 51.500123233312365))",0,True,True,,5
8a194ad3394ffff,17,17-5-1,10,2,51.498376194019194,-0.07635129142165378,75.864,"POLYGON ((-0.0761759597372256 51.49901525413481, -0.0771338552232371 51.49884511732385, -0.0773091771176926 51.49820605205174, -0.0765266194487668 51.497737129051814, -0.0755687457363064 51.49790726671394, -0.0753934079195374 51.49854632652478, -0.0761759597372256 51.49901525413481))",0,True,True,,0
8a194ad33957fff,17,17-5-2,10,2,51.499782951929944,-0.07869903717640776,75.864,"POLYGON ((-0.0785237238913476 51.50042201295905, -0.0794816553286737 51.50025186323063, -0.0796569588227753 51.49961279704515, -0.0788743468043524 51.49914388604877, -0.0779164371413753 51.499314036627545, -0.0777411177227837 51.49995309735232, -0.0785237238913476 51.50042201295905))",0,True,True,,4
8a194ad3395ffff,17,17-5-3,10,2,51.49867497105087,-0.0780917529027662,75.864,"POLYGON ((-0.0779164371413753 51.499314036627545, -0.0788743468043524 51.49914388604877, -0.0790496527752604 51.49850481531576, -0.078267065007081 51.49803590062239, -0.0773091771176926 51.49820605205174, -0.0771338552232371 51.49884511732385, -0.0779164371413753 51.499314036627545))",0,True,True,,0
8a194ad33967fff,17,17-5-4,10,2,51.50029335981027,-0.07582528539588977,75.864,"POLYGON ((-0.0756499427387687 51.50093240536988, -0.0766078675958603 51.50076228402857, -0.0767832004624558 51.500123233312365, -0.0760006243953475 51.49965430939855, -0.0750427213133101 51.499824431590994, -0.0748673725236434 51.500463476846086, -0.0756499427387687 51.50093240536988))",0,True,True,,4
8a194ad3396ffff,17,17-5-5,10,2,51.49918538148386,-0.07521806644523835,75.864,"POLYGON ((-0.0750427213133101 51.499824431590994, -0.0760006243953475 51.49965430939855, -0.0761759597372256 51.49901525413481, -0.0753934079195374 51.49854632652478, -0.0744355266118297 51.49871644956867, -0.0742601753477972 51.49935549937109, -0.0750427213133101 51.499824431590994))",0,True,True,,15
8a194ad33977fff,17,17-5-6,10,2,51.500592153225,-0.0775657946468974,75.864,"POLYGON ((-0.077390467913602 51.501231204245514, -0.0783484069490577 51.50106106913604, -0.0785237238913476 51.50042201295905, -0.0777411177227837 51.49995309735232, -0.0767832004624558 51.500123233312365, -0.0766078675958603 51.50076228402857, -0.077390467913602 51.501231204245514))",0,True,True,,1
8a194ad33987fff,17,17-6-0,10,2,51.501787106109234,-0.08452827443187462,75.864,"POLYGON ((-0.0843530114057238 51.50242617897048, -0.0853110071410359 51.50225598878112, -0.0854862603743138 51.50161691076392, -0.0847035338016342 51.50114802839567, -0.0837455598415331 51.50131821943343, -0.0835702906791919 51.50195729199101, -0.0843530114057238 51.50242617897048))",0,True,True,,4
8a194ad3398ffff,17,17-6-1,10,2,51.50067914202357,-0.08392082534736701,75.864,"POLYGON ((-0.0837455598415331 51.50131821943343, -0.0847035338016342 51.50114802839567, -0.0848787895151014 51.50050894582981, -0.0840960871968437 51.50004005976154, -0.083138135011163 51.50021025164802, -0.0829628633696261 51.50084932875403, -0.0837455598415331 51.50131821943343))",0,True,True,,0
8a194ad33997fff,17,17-6-2,10,2,51.502085789128,-0.08626900506570943,75.864,"POLYGON ((-0.0860937579693254 51.50272486744868, -0.0870517678762267 51.50255466348756, -0.0872270051792838 51.50191558001106, -0.086444248505972 51.50144670595494, -0.0854862603743138 51.50161691076392, -0.0853110071410359 51.50225598878112, -0.0860937579693254 51.50272486744868))",0,True,True,,3
8a194ad3399ffff,17,17-6-3,10,2,51.5009778278944,-0.08566150995136443,75.864,"POLYGON ((-0.0854862603743138 51.50161691076392, -0.086444248505972 51.50144670595494, -0.0866194882901816 51.500807617929574, -0.0858367558723073 51.50033874017267, -0.0848787895151014 51.50050894582981, -0.0847035338016342 51.50114802839567, -0.0854862603743138 51.50161691076392))",0,True,True,,0
8a194ad339a7fff,17,17-6-4,10,2,51.50259635969622,-0.08339501786028508,75.864,"POLYGON ((-0.0832197413846983 51.50323542254885, -0.0841777447230316 51.503065246979226, -0.0843530114057238 51.50242617897048, -0.0835702906791919 51.50195729199101, -0.0826123091168079 51.502127468409334, -0.082437026505308 51.5027665309584, -0.0832197413846983 51.50323542254885))",0,True,True,,10
8a194ad339affff,17,17-6-5,10,2,51.50148840100783,-0.08278758807154755,75.864,"POLYGON ((-0.0826123091168079 51.502127468409334, -0.0835702906791919 51.50195729199101, -0.0837455598415331 51.50131821943343, -0.0829628633696261 51.50084932875403, -0.082004903582421 51.501019506021294, -0.0818296184922454 51.501658573118995, -0.0826123091168079 51.502127468409334))",0,True,True,,0
8a194ad339b7fff,17,17-6-6,10,2,51.50289506194585,-0.0851357502514214,75.864,"POLYGON ((-0.0849604897053662 51.50353413025803, -0.0859185072166647 51.503363940916806, -0.0860937579693254 51.50272486744868, -0.0853110071410359 51.50225598878112, -0.0843530114057238 51.50242617897048, -0.0841777447230316 51.503065246979226, -0.0849604897053662 51.50353413025803))",0,True,True,,6
8a194ad30b07fff,18,18-4-0,10,2,51.51332531460559,-0.06404583484291712,75.864,"POLYGON ((-0.0638703381907754 51.51396422638713, -0.0648284195163366 51.5137942830395, -0.0650039063759364 51.51315536609998, -0.0642213278337086 51.51268639796943, -0.0632632682945506 51.51285634217052, -0.0630877655115444 51.51349525364866, -0.0638703381907754 51.51396422638713))",0,True,True,,0
8a194ad30b0ffff,18,18-4-1,10,2,51.512217425837804,-0.06343876741618784,75.864,"POLYGON ((-0.0632632682945506 51.51285634217052, -0.0642213278337086 51.51268639796943, -0.0643968171633358 51.51204747647872, -0.0636142628765603 51.51157850465064, -0.0626562251230086 51.511748449705415, -0.0624807198709329 51.512387365734554, -0.0632632682945506 51.51285634217052))",0,True,True,,0
8a194ad30b17fff,18,18-4-2,10,2,51.51362433022909,-0.0657865030431649,75.864,"POLYGON ((-0.0656110223151946 51.51426324747179, -0.0665691178357645 51.51409329035639, -0.066744588770743 51.5134543679558, -0.06596198011009 51.51298540813169, -0.0650039063759364 51.51315536609998, -0.0648284195163366 51.5137942830395, -0.0656110223151946 51.51426324747179))",0,True,True,,1
8a194ad30b1ffff,18,18-4-3,10,2,51.51251644430585,-0.06517938957439577,75.864,"POLYGON ((-0.0650039063759364 51.51315536609998, -0.06596198011009 51.51298540813169, -0.0661374535160844 51.512346481179684, -0.0653548691118495 51.51187751765724, -0.0643968171633358 51.51204747647872, -0.0642213278337086 51.51268639796943, -0.0650039063759364 51.51315536609998))",0,True,True,,0
8a194ad30b27fff,18,18-4-4,10,2,51.51413416027209,-0.06291225906703439,75.864,"POLYGON ((-0.0627367489609113 51.51477306204074, -0.0636948378772353 51.51460313331388, -0.0638703381907754 51.51396422638713, -0.0630877655115444 51.51349525364866, -0.062129698382356 51.51366518322923, -0.0619541821456106 51.514304084694544, -0.0627367489609113 51.51477306204074))",0,True,True,,8
8a194ad30b2ffff,18,18-4-5,10,2,51.5130262769092,-0.06230521095742357,75.864,"POLYGON ((-0.062129698382356 51.51366518322923, -0.0630877655115444 51.51349525364866, -0.0632632682945506 51.51285634217052, -0.0624807198709329 51.512387365734554, -0.061522674528119 51.5125572961691, -0.0613471558228756 51.51319620218561, -0.062129698382356 51.51366518322923))",0,True,True,,5
8a194ad30b37fff,18,18-4-6,10,2,51.51443319512425,-0.06465292899549713,75.864,"POLYGON ((-0.0644774348133088 51.51507210235415, -0.0654355379260342 51.514902159859666, -0.0656110223151946 51.51426324747179, -0.0648284195163366 51.5137942830395, -0.0638703381907754 51.51396422638713, -0.0636948378772353 51.51460313331388, -0.0644774348133088 51.51507210235415))",0,True,True,,5
8a194ad30b87fff,18,18-6-0,10,2,51.51311441502023,-0.06866076682601276,75.864,"POLYGON ((-0.0684853154774672 51.51375334773626, -0.0694434175975245 51.51358336223136, -0.0696188591526646 51.5129444243577, -0.0688362145140659 51.5124754774496, -0.0678781341796746 51.512645463806614, -0.0677026766985382 51.51328439621956, -0.0684853154774672 51.51375334773626))",0,True,True,,3
8a194ad30b8ffff,18,18-6-1,10,2,51.51200652653912,-0.06805358800024366,75.864,"POLYGON ((-0.0678781341796746 51.512645463806614, -0.0688362145140659 51.5124754774496, -0.0690116585417104 51.511836535024486, -0.0682290381603444 51.51136758441724, -0.0672709796108685 51.511537571626626, -0.0670955196581908 51.51217650859081, -0.0678781341796746 51.512645463806614))",0,True,True,,9
8a194ad30b97fff,18,18-6-2,10,2,51.51341336726309,-0.07040152191636426,75.864,"POLYGON ((-0.0702260864945546 51.51405230543965, -0.0711842028055351 51.51388230616536, -0.0713596284334539 51.51324336283131, -0.0705769536779305 51.51277442423187, -0.0696188591526646 51.5129444243577, -0.0694434175975245 51.51358336223136, -0.0702260864945546 51.51405230543965))",0,True,True,,4
8a194ad30b9ffff,18,18-6-3,10,2,51.512305481629504,-0.0697942970474558,75.864,"POLYGON ((-0.0696188591526646 51.5129444243577, -0.0705769536779305 51.51277442423187, -0.0707523817793423 51.51213547634616, -0.0699697312820379 51.51166653404687, -0.0690116585417104 51.511836535024486, -0.0688362145140659 51.5124754774496, -0.0696188591526646 51.5129444243577))",0,True,True,,0
8a194ad30ba7fff,18,18-6-4,10,2,51.51392332377792,-0.0675272155566894,75.864,"POLYGON ((-0.0673517507540393 51.51456224648151, -0.0683098604682894 51.514392275597594, -0.0684853154774672 51.51375334773626, -0.0677026766985382 51.51328439621956, -0.066744588770743 51.5134543679558, -0.0665691178357645 51.51409329035639, -0.0673517507540393 51.51456224648151))",0,True,True,,0
8a194ad30baffff,18,18-6-5,10,2,51.51281544070059,-0.06692005604484526,75.864,"POLYGON ((-0.066744588770743 51.5134543679558, -0.0677026766985382 51.51328439621956, -0.0678781341796746 51.512645463806614, -0.0670955196581908 51.51217650859081, -0.0661374535160844 51.512346481179684, -0.06596198011009 51.51298540813169, -0.066744588770743 51.5134543679558))",0,True,True,,0
8a194ad30bb7fff,18,18-6-6,10,2,51.514222295250356,-0.0692679723819516,75.864,"POLYGON ((-0.0690925235058316 51.514861223414535, -0.0700506474123668 51.514691238761436, -0.0702260864945546 51.51405230543965, -0.0694434175975245 51.51358336223136, -0.0684853154774672 51.51375334773626, -0.0683098604682894 51.514392275597594, -0.0690925235058316 51.514861223414535))",0,True,True,,4
8a194ad34387fff,24,24-6-0,10,2,51.5265309824058,-0.06497551962740457,75.864,"POLYGON ((-0.0647999913823836 51.52716981314731, -0.0657582992065462 51.52699993596091, -0.0659338176543023 51.52636110006098, -0.0651510442095761 51.52589214680709, -0.0641927581817826 51.526062024845466, -0.0640172238026787 51.52670085528569, -0.0647999913823836 51.52716981314731))",0,True,True,,4
8a194ad3438ffff,24,24-6-1,10,2,51.52542318954813,-0.06436828889796205,75.864,"POLYGON ((-0.0641927581817826 51.526062024845466, -0.0651510442095761 51.52589214680709, -0.0653265651290076 51.52525330635139, -0.0645438159513214 51.524784349393904, -0.0635855517191099 51.52495422828447, -0.06341001486933 51.525593063280276, -0.0641927581817826 51.526062024845466))",0,True,True,,0
8a194ad34397fff,24,24-6-2,10,2,51.526830049309396,-0.06671660923249086,75.864,"POLYGON ((-0.0665410969195321 51.527468885510444, -0.0674994189444663 51.52729899455204, -0.0676749214596998 51.52666015319272, -0.0668921178828492 51.52619120825117, -0.0659338176543023 51.52636110006098, -0.0657582992065462 51.52699993596091, -0.0665410969195321 51.527468885510444))",0,True,True,,8
8a194ad3439ffff,24,24-6-3,10,2,51.52572225930393,-0.06610933243938823,75.864,"POLYGON ((-0.0659338176543023 51.52636110006098, -0.0668921178828492 51.52619120825117, -0.067067622870742 51.52555236233584, -0.0662848435619541 51.52508341368989, -0.0653265651290076 51.52525330635139, -0.0651510442095761 51.52589214680709, -0.0659338176543023 51.52636110006098))",0,True,True,,6
8a194ad343a7fff,24,24-6-4,10,2,51.52733968086878,-0.0638416857605464,75.864,"POLYGON ((-0.063666144055266 51.527978501594546, -0.0646244594743988 51.5278086390316, -0.0647999913823836 51.52716981314731, -0.0640172238026787 51.52670085528569, -0.063058930180658 51.52687071870083, -0.0628833823415474 51.52750953912535, -0.063666144055266 51.527978501594546))",0,True,True,,2
8a194ad343affff,24,24-6-5,10,2,51.526231893419116,-0.06323447435653551,75.864,"POLYGON ((-0.063058930180658 51.52687071870083, -0.0640172238026787 51.52670085528569, -0.0641927581817826 51.526062024845466, -0.06341001486933 51.525593063280276, -0.0624517430436343 51.5257629275479, -0.0622761927343783 51.526401752528166, -0.063058930180658 51.52687071870083))",0,True,True,,6
8a194ad343b7fff,24,24-6-6,10,2,51.5276387670036,-0.06558277709600535,75.864,"POLYGON ((-0.0654072513225654 51.528277593188974, -0.0663655809438636 51.528107716854194, -0.0665410969195321 51.527468885510444, -0.0657582992065462 51.52699993596091, -0.0647999913823836 51.52716981314731, -0.0646244594743988 51.5278086390316, -0.0654072513225654 51.528277593188974))",0,True,True,,0
8a194ad34447fff,27,27-1-0,10,2,51.53134938221695,-0.07550395463907368,75.864,"POLYGON ((-0.0753285134969592 51.531988226579955, -0.076286957705533 51.531818283072305, -0.0764623890465245 51.53117943355157, -0.0756793921195016 51.53071053299596, -0.0747209697097328 51.530880477351964, -0.0745455224284993 51.531519321415175, -0.0753285134969592 51.531988226579955))",0,True,True,,0
8a194ad3444ffff,27,27-1-1,10,2,51.530241628430836,-0.074896413329164,75.864,"POLYGON ((-0.0747209697097328 51.530880477351964, -0.0756793921195016 51.53071053299596, -0.0758548259383269 51.530071678917096, -0.0750718532869583 51.52960277465191, -0.0741134526752178 51.52977271985659, -0.0739380029171451 51.53041156847769, -0.0747209697097328 51.530880477351964))",0,True,True,,1
8a194ad34457fff,27,27-1-2,10,2,51.53164833009728,-0.0772454041106185,75.864,"POLYGON ((-0.0770699789094506 51.532287179917645, -0.0780284373120928 51.5321172226328, -0.0782038527116724 51.5314783676548, -0.0774208256503441 51.531009475418884, -0.0764623890465245 51.53117943355157, -0.076286957705533 51.531818283072305, -0.0770699789094506 51.532287179917645))",0,True,True,,1
8a194ad3445ffff,27,27-1-3,10,2,51.53054057917284,-0.07663781672599866,75.864,"POLYGON ((-0.0764623890465245 51.53117943355157, -0.0774208256503441 51.531009475418884, -0.0775962435287368 51.53037061588256, -0.0768132407440802 51.52990171993631, -0.0758548259383269 51.530071678917096, -0.0756793921195016 51.53071053299596, -0.0764623890465245 51.53117943355157))",0,True,True,,9
8a194ad34467fff,27,27-1-4,10,2,51.532158160620334,-0.07437007148538968,75.864,"POLYGON ((-0.0741946168802896 51.53279699496735, -0.0751530686930234 51.532627066084814, -0.0753285134969592 51.531988226579955, -0.0745455224284993 51.531519321415175, -0.0735870924153346 51.531689251146325, -0.0734116316713883 51.53232808519358, -0.0741946168802896 51.53279699496735))",0,True,True,,0
8a194ad3446ffff,27,27-1-5,10,2,51.53105041224099,-0.07376254949722048,75.864,"POLYGON ((-0.0735870924153346 51.531689251146325, -0.0745455224284993 51.531519321415175, -0.0747209697097328 51.530880477351964, -0.0739380029171451 51.53041156847769, -0.0729795947027676 51.53058149905776, -0.0728041314825182 51.53122033766312, -0.0735870924153346 51.531689251146325))",0,True,True,,13
8a194ad34477fff,27,27-1-6,10,2,51.53245712773496,-0.07611152270289934,75.864,"POLYGON ((-0.0759360840385296 51.53309596753941, -0.0768945500467055 51.53292602487985, -0.0770699789094506 51.532287179917645, -0.076286957705533 51.531818283072305, -0.0753285134969592 51.531988226579955, -0.0751530686930234 51.532627066084814, -0.0759360840385296 51.53309596753941))",0,True,True,,1
8a194ad344c7fff,27,27-3-0,10,2,51.531138414366986,-0.08012075649957254,75.864,"POLYGON ((-0.079945360703614 51.53177727965998, -0.0809038256914367 51.531607293971796, -0.0810792116853574 51.53096842352144, -0.0802961486346268 51.530499544216056, -0.0793377054449157 51.53066953075125, -0.0791623035081664 51.53130839574474, -0.079945360703614 51.53177727965998))",0,True,True,,11
8a194ad344cffff,27,27-3-1,10,2,51.53003066089988,-0.07951310372069582,75.864,"POLYGON ((-0.0793377054449157 51.53066953075125, -0.0802961486346268 51.530499544216056, -0.0804715371088708 51.52986066920732, -0.0796884983356162 51.52939178619079, -0.0787300769432554 51.52956177357326, -0.0785546725271366 51.530200643124914, -0.0793377054449157 51.53066953075125))",0,True,True,,3
8a194ad344d7fff,27,27-3-2,10,2,51.531437298815646,-0.08186229287324286,75.864,"POLYGON ((-0.0816869130208379 51.53207616956532, -0.0826453921986126 51.53190617009833, -0.0828207622485145 51.53126729419141, -0.0820376690649981 51.530798423207976, -0.0810792116853574 51.53096842352144, -0.0809038256914367 51.531607293971796, -0.0816869130208379 51.53207616956532))",0,True,True,,0
8a194ad344dffff,27,27-3-3,10,2,51.53032954821317,-0.08125459401855839,75.864,"POLYGON ((-0.0810792116853574 51.53096842352144, -0.0820376690649981 51.530798423207976, -0.0822130415962028 51.530159542742474, -0.081429972691149 51.52969066804714, -0.0804715371088708 51.52986066920732, -0.0802961486346268 51.530499544216056, -0.0810792116853574 51.53096842352144))",0,True,True,,0
8a194ad344e7fff,27,27-3-4,10,2,51.53194725588025,-0.07898689791033359,75.864,"POLYGON ((-0.0788114886512924 51.53258611115767, -0.0797699612466471 51.532416140094895, -0.079945360703614 51.53177727965998, -0.0791623035081664 51.53130839574474, -0.0782038527116724 51.5314783676548, -0.0780284373120928 51.5321172226328, -0.0788114886512924 51.53258611115767))",0,True,True,,0
8a194ad344effff,27,27-3-5,10,2,51.53083950781881,-0.07837926444998386,75.864,"POLYGON ((-0.0782038527116724 51.5314783676548, -0.0791623035081664 51.53130839574474, -0.0793377054449157 51.53066953075125, -0.0785546725271366 51.530200643124914, -0.0775962435287368 51.53037061588256, -0.0774208256503441 51.531009475418884, -0.0782038527116724 51.5314783676548))",0,True,True,,3
8a194ad344f7fff,27,27-3-6,10,2,51.53224615956413,-0.08072843603667672,75.864,"POLYGON ((-0.0805530427209629 51.532885020298316, -0.0815115295076687 51.53271503545689, -0.0816869130208379 51.53207616956532, -0.0809038256914367 51.531607293971796, -0.079945360703614 51.53177727965998, -0.0797699612466471 51.532416140094895, -0.0805530427209629 51.532885020298316))",0,True,True,,2
8a194ad35487fff,29,29-2-0,10,2,51.5160508510131,-0.06238571776342442,75.864,"POLYGON ((-0.0622101966718267 51.5166897382166, -0.0631683149669489 51.516519824964234, -0.0633438262654212 51.515880932602535, -0.0625612351930914 51.51541195895445, -0.0616031386866342 51.51558187306048, -0.0614276114641691 51.51622075996087, -0.0622101966718267 51.5166897382166))",0,True,True,,2
8a194ad3548ffff,29,29-2-1,10,2,51.514942981305,-0.0617786622470629,75.864,"POLYGON ((-0.0616031386866342 51.51558187306048, -0.0625612351930914 51.51541195895445, -0.0627367489609113 51.51477306204074, -0.0619541821456106 51.514304084694544, -0.0609961074270266 51.514473999654534, -0.0608205777362228 51.5151128911067, -0.0616031386866342 51.51558187306048))",0,True,True,,9
8a194ad35497fff,29,29-2-2,10,2,51.51634990224891,-0.06412643546442795,75.864,"POLYGON ((-0.0639509302975372 51.51698879491348, -0.0649090627904515 51.516818867893164, -0.0650845581637821 51.516179970070475, -0.0643019369696726 51.515711004729084, -0.0633438262654212 51.515880932602535, -0.0631683149669489 51.516519824964234, -0.0639509302975372 51.51698879491348))",0,True,True,,1
8a194ad3549ffff,29,29-2-3,10,2,51.515242035385725,-0.06351933390214691,75.864,"POLYGON ((-0.0633438262654212 51.515880932602535, -0.0643019369696726 51.515711004729084, -0.0644774348133088 51.51507210235415, -0.0636948378772353 51.51460313331388, -0.0627367489609113 51.51477306204074, -0.0625612351930914 51.51541195895445, -0.0633438262654212 51.515880932602535))",0,True,True,,9
8a194ad354a7fff,29,29-2-4,10,2,51.51685964200606,-0.061252080579594165,75.864,"POLYGON ((-0.0610765460328205 51.51749851919589, -0.0620346719181838 51.51732862056475, -0.0622101966718267 51.5166897382166, -0.0614276114641691 51.51622075996087, -0.0604695073682288 51.51639065944595, -0.0602939666908249 51.51702953633276, -0.0610765460328205 51.51749851919589))",0,True,True,,0
8a194ad354affff,29,29-2-5,10,2,51.5157517777039,-0.06064504438331816,75.864,"POLYGON ((-0.0604695073682288 51.51639065944595, -0.0614276114641691 51.51622075996087, -0.0616031386866342 51.51558187306048, -0.0608205777362228 51.5151128911067, -0.0598624954288983 51.515282791446026, -0.0596869522836762 51.51592167288484, -0.0604695073682288 51.51639065944595))",0,True,True,,0
8a194ad354b7fff,29,29-2-6,10,2,51.51715871247066,-0.06299280000659006,75.864,"POLYGON ((-0.062817281384266 51.5177975951217, -0.0637754214688195 51.51762768272275, -0.0639509302975372 51.51698879491348, -0.0631683149669489 51.516519824964234, -0.0622101966718267 51.5166897382166, -0.0620346719181838 51.51732862056475, -0.062817281384266 51.5177975951217))",0,True,True,,10
8a194ad354c7fff,29,29-3-0,10,2,51.513536024352014,-0.059431052163581015,75.864,"POLYGON ((-0.0592555102132032 51.514174915197245, -0.0602135707326527 51.5140050140034, -0.0603891028914189 51.51336611799983, -0.0596065904518583 51.51289712865206, -0.0586485517195023 51.51306703070067, -0.0584730036398947 51.51370592124223, -0.0592555102132032 51.514174915197245))",0,True,True,,0
8a194ad354cffff,29,29-3-1,10,2,51.5124281353045,-0.058824096136903856,75.864,"POLYGON ((-0.0586485517195023 51.51306703070067, -0.0596065904518583 51.51289712865206, -0.0597821250781546 51.512258228097544, -0.0589996368922343 51.511789235053804, -0.0580416199461595 51.511959137957504, -0.0578660694000358 51.51259803304977, -0.0586485517195023 51.51306703070067))",0,True,True,,0
8a194ad354d7fff,29,29-3-2,10,2,51.51383510334744,-0.06117163345588969,75.864,"POLYGON ((-0.0609961074270266 51.514473999654534, -0.0619541821456106 51.514304084694544, -0.062129698382356 51.51366518322923, -0.0613471558228756 51.51319620218561, -0.0603891028914189 51.51336611799983, -0.0602135707326527 51.5140050140034, -0.0609961074270266 51.514473999654534))",0,True,True,,5
8a194ad354dffff,29,29-3-3,10,2,51.51272721714159,-0.06056463138825336,75.864,"POLYGON ((-0.0603891028914189 51.51336611799983, -0.0613471558228756 51.51319620218561, -0.061522674528119 51.5125572961691, -0.0607401562232706 51.51208831142878, -0.0597821250781546 51.512258228097544, -0.0596065904518583 51.51289712865206, -0.0603891028914189 51.51336611799983))",0,True,True,,2
8a194ad354e7fff,29,29-3-4,10,2,51.514344806929,-0.058297451898033134,75.864,"POLYGON ((-0.0581218964937623 51.5149836877609, -0.0590799646005799 51.5148138011876, -0.0592555102132032 51.514174915197245, -0.0584730036398947 51.51370592124223, -0.0575149573209131 51.513875808670576, -0.0573393957876905 51.514514689198855, -0.0581218964937623 51.5149836877609))",0,True,True,,5
8a194ad354effff,29,29-3-5,10,2,51.513236923287515,-0.0576905151916516,75.864,"POLYGON ((-0.0575149573209131 51.513875808670576, -0.0584730036398947 51.51370592124223, -0.0586485517195023 51.51306703070067, -0.0578660694000358 51.51259803304977, -0.0569080448681034 51.51276792133348, -0.05673248086889 51.513406806412675, -0.0575149573209131 51.513875808670576))",0,True,True,,2
8a194ad354f7fff,29,29-3-6,10,2,51.51464390515219,-0.060038034911840434,75.864,"POLYGON ((-0.0598624954288983 51.515282791446026, -0.0608205777362228 51.5151128911067, -0.0609961074270266 51.514473999654534, -0.0602135707326527 51.5140050140034, -0.0592555102132032 51.514174915197245, -0.0590799646005799 51.5148138011876, -0.0598624954288983 51.515282791446026))",0,True,True,,3
8a194ad35587fff,29,29-6-0,10,2,51.51877625900909,-0.0607254659520815,75.864,"POLYGON ((-0.0605499204179026 51.5194151216322, -0.0615080756838244 51.51924523847627, -0.0616836114242843 51.51860637069471, -0.0609010078236673 51.51813739153031, -0.0599428743486877 51.51830727554014, -0.0597673226837256 51.51894613786047, -0.0605499204179026 51.5194151216322))",0,True,True,,9
8a194ad3558ffff,29,29-6-1,10,2,51.51766840836421,-0.06011842235102287,75.864,"POLYGON ((-0.0599428743486877 51.51830727554014, -0.0609010078236673 51.51813739153031, -0.0610765460328205 51.51749851919589, -0.0602939666908249 51.51702953633276, -0.0593358550060059 51.51719942119682, -0.059160300873339 51.51783828806977, -0.0599428743486877 51.51830727554014))",0,True,True,,0
8a194ad35597fff,29,29-6-2,10,2,51.519075345857146,-0.06246623315321877,75.864,"POLYGON ((-0.0622907035442871 51.51971421394133, -0.0632488730107902 51.5195443170172, -0.0634243928255681 51.51890544377471, -0.062641759099842 51.51843647291722, -0.0616836114242843 51.51860637069471, -0.0615080756838244 51.51924523847627, -0.0622907035442871 51.51971421394133))",0,True,True,,14
8a194ad3559ffff,29,29-6-3,10,2,51.517967498057516,-0.06185914350236084,75.864,"POLYGON ((-0.0616836114242843 51.51860637069471, -0.062641759099842 51.51843647291722, -0.062817281384266 51.5177975951217, -0.0620346719181838 51.51732862056475, -0.0610765460328205 51.51749851919589, -0.0609010078236673 51.51813739153031, -0.0616836114242843 51.51860637069471))",0,True,True,,7
8a194ad355a7fff,29,29-6-4,10,2,51.51958499532505,-0.05959176735600153,75.864,"POLYGON ((-0.0594162083654267 51.520223847933785, -0.0603743712210826 51.52005397939948, -0.0605499204179026 51.5194151216322, -0.0597673226837256 51.51894613786047, -0.0588091816197545 51.51911600724892, -0.0586336164986439 51.51975485955491, -0.0594162083654267 51.520223847933785))",0,True,True,,3
8a194ad355affff,29,29-6-5,10,2,51.51847715008718,-0.05898474307796004,75.864,"POLYGON ((-0.0588091816197545 51.51911600724892, -0.0597673226837256 51.51894613786047, -0.0599428743486877 51.51830727554014, -0.059160300873339 51.51783828806977, -0.0582021816002864 51.51800815831268, -0.0580266140120017 51.518647015171496, -0.0588091816197545 51.51911600724892))",0,True,True,,2
8a194ad355b7fff,29,29-6-6,10,2,51.519884101402035,-0.06133253628086169,75.864,"POLYGON ((-0.0611569932153021 51.52052295947188, -0.0621151702729172 51.52035307716961, -0.0622907035442871 51.51971421394133, -0.0615080756838244 51.51924523847627, -0.0605499204179026 51.5194151216322, -0.0603743712210826 51.52005397939948, -0.0611569932153021 51.52052295947188))",0,True,True,,1
8a194ad33ac7fff,36,36-3-0,10,2,51.48878971014164,-0.07898082787007937,75.864,"POLYGON ((-0.0788055510340334 51.489428843020924, -0.0797632996892342 51.489258628866686, -0.0799385667380268 51.4886194908315, -0.0791561010504695 51.488150572412444, -0.0781983741612087 51.48832078741794, -0.0780230911938919 51.48895991999118, -0.0788055510340334 51.489428843020924))",0,True,True,,11
8a194ad33acffff,36,36-3-1,10,2,51.48768164999489,-0.07837365347279468,75.864,"POLYGON ((-0.0781983741612087 51.48832078741794, -0.0791561010504695 51.488150572412444, -0.0793313705753029 51.487511429833454, -0.0785489291287639 51.487042507722066, -0.0775912240046835 51.487212723579105, -0.0774159385622985 51.48785186069595, -0.0781983741612087 51.48832078741794))",0,True,True,,0
8a194ad33ad7fff,36,36-3-2,10,2,51.48908840525162,-0.08072105053579028,75.864,"POLYGON ((-0.0805457896189869 51.48972754359269, -0.0815035524441297 51.48955731567251, -0.0816788035731852 51.48891817217569, -0.0808963077971769 51.48844926206062, -0.0799385667380268 51.4886194908315, -0.0797632996892342 51.489258628866686, -0.0805457896189869 51.48972754359269))",0,True,True,,0
8a194ad33adffff,36,36-3-3,10,2,51.48798034794642,-0.08011383013132234,75.864,"POLYGON ((-0.0799385667380268 51.4886194908315, -0.0808963077971769 51.48844926206062, -0.0810715614032508 51.48781011401972, -0.0802890898692608 51.48734120021156, -0.0793313705753029 51.487511429833454, -0.0791561010504695 51.488150572412444, -0.0799385667380268 51.4886194908315))",0,True,True,,0
8a194ad33ae7fff,36,36-3-4,10,2,51.48959904771445,-0.07784780457070427,75.864,"POLYGON ((-0.0776725142915723 51.490238170587595, -0.0786302705421917 51.49006797105011, -0.0788055510340334 51.489428843020924, -0.0780230911938919 51.48895991999118, -0.0770653567099706 51.48913012038019, -0.0768900602998144 51.48976924294739, -0.0776725142915723 51.490238170587595))",0,True,True,,6
8a194ad33aeffff,36,36-3-5,10,2,51.48849099296302,-0.07724064946409223,75.864,"POLYGON ((-0.0770653567099706 51.48913012038019, -0.0780230911938919 51.48895991999118, -0.0781983741612087 51.48832078741794, -0.0774159385622985 51.48785186069595, -0.0764582258442901 51.488022061936775, -0.076282926959616 51.48866118904776, -0.0770653567099706 51.48913012038019))",0,True,True,,6
8a194ad33af7fff,36,36-3-6,10,2,51.48989776205183,-0.07958802898484045,75.864,"POLYGON ((-0.0794127546247312 51.49053689038686, -0.0803705250466625 51.4903666770836, -0.0805457896189869 51.48972754359269, -0.0797632996892342 51.489258628866686, -0.0788055510340334 51.489428843020924, -0.0786302705421917 51.49006797105011, -0.0794127546247312 51.49053689038686))",0,True,True,,19
8a194ad35c07fff,42,42-0-0,10,2,51.52192201282585,-0.049834701153499326,75.864,"POLYGON ((-0.0496590405686665 51.52256080898817, -0.0506171911462332 51.52239104023909, -0.0507928419385913 51.52175223891736, -0.0500103580735414 51.52128321180718, -0.0490522292905722 51.52145298141311, -0.0488765625783778 51.522091777272344, -0.0496590405686665 51.52256080898817))",0,True,True,,0
8a194ad35c0ffff,42,42-0-1,10,2,51.52081418069762,-0.04922789233790627,75.864,"POLYGON ((-0.0490522292905722 51.52145298141311, -0.0500103580735414 51.52128321180718, -0.0501860113288968 51.52064440593227, -0.0494035517204739 51.52017537512598, -0.0484454447313459 51.52034514558908, -0.0482697755571118 51.52098394600125, -0.0490522292905722 51.52145298141311))",0,True,True,,2
8a194ad35c17fff,42,42-0-2,10,2,51.522221262027855,-0.0515753439333656,75.864,"POLYGON ((-0.0513996992691142 51.52286006365251, -0.0523578640582453 51.52269028113823, -0.0525334989295561 51.5220514743543, -0.0517509849330952 51.521582455546785, -0.0507928419385913 51.52175223891736, -0.0506171911462332 51.52239104023909, -0.0513996992691142 51.52286006365251))",0,True,True,,0
8a194ad35c1ffff,42,42-0-3,10,2,51.52111343273932,-0.050968489066306834,75.864,"POLYGON ((-0.0507928419385913 51.52175223891736, -0.0517509849330952 51.521582455546785, -0.0519266222683868 51.52094364420946, -0.0511441325295556 51.52047462170509, -0.0501860113288968 51.52064440593227, -0.0500103580735414 51.52128321180718, -0.0507928419385913 51.52175223891736))",0,True,True,,3
8a194ad35c27fff,42,42-0-4,10,2,51.52273056827518,-0.04870089220121885,75.864,"POLYGON ((-0.0485252181589706 51.5233693544215, -0.0494833763189285 51.52319960029404, -0.0496590405686665 51.52256080898817, -0.0488765625783778 51.522091777272344, -0.0479184262137446 51.522261532256955, -0.0477427460443876 51.52290031810023, -0.0485252181589706 51.5233693544215))",0,True,True,,0
8a194ad35c2ffff,42,42-0-5,10,2,51.52162274155726,-0.04809410271795806,75.864,"POLYGON ((-0.0479184262137446 51.522261532256955, -0.0488765625783778 51.522091777272344, -0.0490522292905722 51.52145298141311, -0.0482697755571118 51.52098394600125, -0.0473116609870465 51.521153701843296, -0.0471359783562165 51.52179249223971, -0.0479184262137446 51.522261532256955))",0,True,True,,14
8a194ad35c37fff,42,42-0-6,10,2,51.52302983670439,-0.05044153668915403,75.864,"POLYGON ((-0.0502658785672494 51.52366862831312, -0.0512240509401857 51.52349886042063, -0.0513996992691142 51.52286006365251, -0.0506171911462332 51.52239104023909, -0.0496590405686665 51.52256080898817, -0.0494833763189285 51.52319960029404, -0.0502658785672494 51.52366862831312))",0,True,True,,0
8a194ad35cc7fff,42,42-3-0,10,2,51.51919698506852,-0.05149540846300819,75.864,"POLYGON ((-0.0513197723284162 51.51983580581478, -0.0522778859461441 51.51966600696643, -0.0524535122888336 51.51902718106101, -0.0516710409334 51.51855815946643, -0.0507129491080082 51.51872795917138, -0.0505373068460209 51.51936677961425, -0.0513197723284162 51.51983580581478))",0,True,True,,0
8a194ad35ccffff,42,42-3-1,10,2,51.51808913387279,-0.05088858770574611,75.864,"POLYGON ((-0.0507129491080082 51.51872795917138, -0.0516710409334 51.51855815946643, -0.0518466697397673 51.51791932900863, -0.0510642226393746 51.51745030371857, -0.0501061526055166 51.51762010428044, -0.0499305078808194 51.51825892927543, -0.0507129491080082 51.51872795917138))",0,True,True,,0
8a194ad35cd7fff,42,42-3-2,10,2,51.51949619865614,-0.053236001772356496,75.864,"POLYGON ((-0.0530603815578021 51.520135024864786, -0.0540185093843291 51.51996521225148, -0.0541941198064999 51.51932638088377, -0.053411618322995 51.5188573675916, -0.0524535122888336 51.51902718106101, -0.0522778859461441 51.51966600696643, -0.0530603815578021 51.520135024864786))",0,True,True,,0
8a194ad35cdffff,42,42-3-3,10,2,51.51838835029978,-0.05262913496753255,75.864,"POLYGON ((-0.0524535122888336 51.51902718106101, -0.053411618322995 51.5188573675916, -0.0535872312098321 51.51821853167132, -0.0528047539823451 51.51774951468289, -0.0518466697397673 51.51791932900863, -0.0516710409334 51.51855815946643, -0.0524535122888336 51.51902718106101))",0,True,True,,0
8a194ad35ce7fff,42,42-3-4,10,2,51.52000559520125,-0.05036166091969032,75.864,"POLYGON ((-0.0501860113288968 51.52064440593227, -0.0511441325295556 51.52047462170509, -0.0513197723284162 51.51983580581478, -0.0505373068460209 51.51936677961425, -0.0495792074384202 51.51953656469833, -0.0494035517204739 51.52017537512598, -0.0501860113288968 51.52064440593227))",0,True,True,,1
8a194ad35ceffff,42,42-3-5,10,2,51.51889774941477,-0.049754859491839054,75.864,"POLYGON ((-0.0495792074384202 51.51953656469833, -0.0505373068460209 51.51936677961425, -0.0507129491080082 51.51872795917138, -0.0499305078808194 51.51825892927543, -0.0489724302655355 51.51842871521667, -0.0487967720854407 51.51906753019667, -0.0495792074384202 51.51953656469833))",0,True,True,,0
8a194ad35cf7fff,42,42-3-6,10,2,51.520304828015966,-0.05210225593936494,75.864,"POLYGON ((-0.0519266222683868 51.52094364420946, -0.0528847576792226 51.520773846217445, -0.0530603815578021 51.520135024864786, -0.0522778859461441 51.51966600696643, -0.0513197723284162 51.51983580581478, -0.0511441325295556 51.52047462170509, -0.0519266222683868 51.52094364420946))",7,True,True,,27
8a194ad35d47fff,42,42-5-0,10,2,51.522131965219955,-0.04521973626745776,75.864,"POLYGON ((-0.0450440303880737 51.522770740440585, -0.0460021601180748 51.52260101384097, -0.0461778562058754 51.52196223346058, -0.0453954384812404 51.521493185142944, -0.0444373305465451 51.52166291260077, -0.0442616185415016 51.522301687517995, -0.0450440303880737 51.522770740440585))",0,True,True,,7
8a194ad35d4ffff,42,42-5-1,10,2,51.521024132827236,-0.04461303888591762,75.864,"POLYGON ((-0.0444373305465451 51.52166291260077, -0.0453954384812404 51.521493185142944, -0.045571137029541 51.52085440020962, -0.0447887435597336 51.52038534819749, -0.0438306574195619 51.520555076513794, -0.0436549429550016 51.521193855983746, -0.0444373305465451 51.52166291260077))",0,True,True,,1
8a194ad35d57fff,42,42-5-2,10,2,51.52243127777981,-0.04696029206012741,75.864,"POLYGON ((-0.0467846020987364 51.52307005846344, -0.0477427460443876 51.52290031810023, -0.0479184262137446 51.522261532256955, -0.0471359783562165 51.52179249223971, -0.0461778562058754 51.52196223346058, -0.0460021601180748 51.52260101384097, -0.0467846020987364 51.52307005846344))",0,True,True,,2
8a194ad35d5ffff,42,42-5-3,10,2,51.521323448223804,-0.04635354862825353,75.864,"POLYGON ((-0.0461778562058754 51.52196223346058, -0.0471359783562165 51.52179249223971, -0.0473116609870465 51.521153701843296, -0.046529237385349 51.520684658130776, -0.045571137029541 51.52085440020962, -0.0453954384812404 51.521493185142944, -0.0461778562058754 51.52196223346058))",0,True,True,,6
8a194ad35d67fff,42,42-5-4,10,2,51.52294045757877,-0.04408590287069823,75.864,"POLYGON ((-0.0439101835339849 51.52357922278295, -0.0448683208430147 51.52340951080467, -0.0450440303880737 51.522770740440585, -0.0442616185415016 51.522301687517995, -0.0433035030285349 51.52247140035475, -0.0431277775664405 51.52311016525556, -0.0439101835339849 51.52357922278295))",0,True,True,,0
8a194ad35d6ffff,42,42-5-5,10,2,51.52183263059742,-0.043479224824690604,75.864,"POLYGON ((-0.0433035030285349 51.52247140035475, -0.0442616185415016 51.522301687517995, -0.0444373305465451 51.52166291260077, -0.0436549429550016 51.521193855983746, -0.0426968492372852 51.521363569679245, -0.0425211213161997 51.52200233913299, -0.0433035030285349 51.52247140035475))",0,True,True,,0
8a194ad35d77fff,42,42-5-6,10,2,51.52323978936486,-0.04582646036475755,75.864,"POLYGON ((-0.0456507569458094 51.52387856003216, -0.0466089084718678 51.52370883429048, -0.0467846020987364 51.52307005846344, -0.0460021601180748 51.52260101384097, -0.0450440303880737 51.522770740440585, -0.0448683208430147 51.52340951080467, -0.0456507569458094 51.52387856003216))",0,True,True,,0
8a194ad34ac7fff,46,46-3-0,10,2,51.52695171242378,-0.05574390199069958,75.864,"POLYGON ((-0.0555682831102619 51.52759050129186, -0.0565265492959844 51.527420708432, -0.0567021583809793 51.52678191440479, -0.0559195172066902 51.52631291869846, -0.0549612728187118 51.526482712412985, -0.054785647807606 51.52712150097915, -0.0555682831102619 51.52759050129186))",0,True,True,,18
8a194ad34acffff,46,46-3-1,10,2,51.52584391898962,-0.055136894165290565,75.864,"POLYGON ((-0.0549612728187118 51.526482712412985, -0.0559195172066902 51.52631291869846, -0.0560951287583225 51.52567412011598, -0.0553125118474823 51.525205120709224, -0.0543542892564915 51.525374915278654, -0.0541786617797014 51.52601370839991, -0.0549612728187118 51.526482712412985))",0,True,True,,2
8a194ad34ad7fff,46,46-3-2,10,2,51.52725090610825,-0.05748481768849826,75.864,"POLYGON ((-0.0573092147349167 51.52788970043717, -0.0582674951296177 51.527719893808495, -0.0584430882872754 51.52708109432057, -0.0576604169778764 51.526612106922016, -0.0567021583809793 51.52678191440479, -0.0565265492959844 51.527420708432, -0.0573092147349167 51.52788970043717))",0,True,True,,9
8a194ad34adffff,46,46-3-3,10,2,51.52614311552036,-0.05687776380167552,75.864,"POLYGON ((-0.0567021583809793 51.52678191440479, -0.0576604169778764 51.526612106922016, -0.0578360126031705 51.52597330287857, -0.0570533655582283 51.5255043117788, -0.0560951287583225 51.52567412011598, -0.0559195172066902 51.52631291869846, -0.0567021583809793 51.52678191440479))",0,True,True,,9
8a194ad34ae7fff,46,46-3-4,10,2,51.527760284688036,-0.05461001913184861,75.864,"POLYGON ((-0.0544343867913813 51.52839906353945, -0.0553926605652831 51.52822928530254, -0.0555682831102619 51.52759050129186, -0.054785647807606 51.52712150097915, -0.0538273958321961 51.52729128007096, -0.0536517573613033 51.527930058620534, -0.0544343867913813 51.52839906353945))",0,True,True,,1
8a194ad34aeffff,46,46-3-5,10,2,51.526652496664056,-0.05400303063829406,75.864,"POLYGON ((-0.0538273958321961 51.52729128007096, -0.054785647807606 51.52712150097915, -0.0549612728187118 51.526482712412985, -0.0541786617797014 51.52601370839991, -0.0532204316020216 51.526183488346895, -0.0530447906659752 51.52682227145174, -0.0538273958321961 51.52729128007096))",0,True,True,,0
8a194ad34af7fff,46,46-3-6,10,2,51.52805949760182,-0.05635093654662741,75.864,"POLYGON ((-0.0561753201327888 51.528698281914195, -0.0571336081170478 51.52852848990866, -0.0573092147349167 51.52788970043717, -0.0565265492959844 51.527420708432, -0.0555682831102619 51.52759050129186, -0.0553926605652831 51.52822928530254, -0.0561753201327888 51.528698281914195))",0,True,True,,5
8a194ad34b47fff,46,46-5-0,10,2,51.5298865609667,-0.04946736607077701,75.864,"POLYGON ((-0.049291677423339 51.530525304305094, -0.0502499597421036 51.530355583705095, -0.0504256385943822 51.52971683520697, -0.0496430510523252 51.529247812770436, -0.0486847905342813 51.52941753422671, -0.0485090957579268 51.53005627726318, -0.049291677423339 51.530525304305094))",0,True,True,,0
8a194ad34b4ffff,46,46-5-1,10,2,51.52877878633243,-0.04886048164468143,75.864,"POLYGON ((-0.0486847905342813 51.52941753422671, -0.0496430510523252 51.529247812770436, -0.049818732368098 51.528609059716445, -0.0490361690892622 51.52814003358051, -0.0480779303711974 51.52830975589329, -0.0479022331323067 51.52894850348541, -0.0486847905342813 51.52941753422671))",0,True,True,,16
8a194ad34b57fff,46,46-5-2,10,2,51.53018585364165,-0.05120824427123858,75.864,"POLYGON ((-0.0510325715486168 51.53082460244149, -0.0519908680832348 51.53065486807408, -0.0521665310102565 51.53001611411463, -0.0513839133282447 51.529547099983866, -0.0504256385943822 51.52971683520697, -0.0502499597421036 51.530355583705095, -0.0510325715486168 51.53082460244149))",0,True,True,,0
8a194ad34b5ffff,46,46-5-3,10,2,51.52907808185103,-0.05060131378098048,75.864,"POLYGON ((-0.0504256385943822 51.52971683520697, -0.0513839133282447 51.529547099983866, -0.0515595787197444 51.52890834146832, -0.0507769853019875 51.528439323637386, -0.049818732368098 51.528609059716445, -0.0496430510523252 51.529247812770436, -0.0504256385943822 51.52971683520697))",0,True,True,,0
8a194ad34b67fff,46,46-5-4,10,2,51.530695015441786,-0.04833339731551373,75.864,"POLYGON ((-0.0481576952069431 51.53133374876234, -0.0491159851099376 51.531164042785534, -0.049291677423339 51.530525304305094, -0.0485090957579268 51.53005627726318, -0.0475508276563954 51.530225984096525, -0.0473751194191357 51.53086471711523, -0.0481576952069431 51.53133374876234))",0,True,True,,2
8a194ad34b6ffff,46,46-5-5,10,2,51.52958724621986,-0.04772653222742787,75.864,"POLYGON ((-0.0475508276563954 51.530225984096525, -0.0485090957579268 51.53005627726318, -0.0486847905342813 51.52941753422671, -0.0479022331323067 51.52894850348541, -0.0469439868314611 51.52911821117555, -0.0467682761322319 51.52975694875009, -0.0475508276563954 51.530225984096525))",0,True,True,,0
8a194ad34b77fff,46,46-5-6,10,2,51.53099432734526,-0.0500742772240049,75.864,"POLYGON ((-0.0498985910400073 51.531633066127384, -0.0508568951602546 51.53146334638332, -0.0510325715486168 51.53082460244149, -0.0502499597421036 51.530355583705095, -0.049291677423339 51.530525304305094, -0.0491159851099376 51.531164042785534, -0.0498985910400073 51.531633066127384))",0,True,True,,0
8a194ad34b87fff,46,46-6-0,10,2,51.532191354209914,-0.05703824042428894,75.864,"POLYGON ((-0.0568626179505355 51.5328301148352, -0.0578209789261816 51.532660340015106, -0.0579965916024352 51.53202157423056, -0.0572138592331637 51.53155258872636, -0.056255520059108 51.53172236440024, -0.0560798914530355 51.53236112472454, -0.0568626179505355 51.5328301148352))",0,True,True,,6
8a194ad34b8ffff,46,46-6-1,10,2,51.53108359921779,-0.05643114500019115,75.864,"POLYGON ((-0.056255520059108 51.53172236440024, -0.0572138592331637 51.53155258872636, -0.0573894743772384 51.53091381838466, -0.0566067662764302 51.53044482917726, -0.0556484489031978 51.53061460570521, -0.0554728178302728 51.53125337058645, -0.056255520059108 51.53172236440024))",0,True,True,,5
8a194ad34b97fff,46,46-6-2,10,2,51.532490555730085,-0.05877934210834076,75.864,"POLYGON ((-0.0586037355651158 51.53312932181542, -0.0595621107512308 51.53295953322452, -0.0597377074964746 51.532320761980074, -0.0589549449869205 51.531851784786426, -0.0579965916024352 51.53202157423056, -0.0578209789261816 51.532660340015106, -0.0586037355651158 51.53312932181542))",0,True,True,,6
8a194ad34b9ffff,46,46-6-3,10,2,51.53138280358783,-0.058172200613948344,75.864,"POLYGON ((-0.0579965916024352 51.53202157423056, -0.0589549449869205 51.531851784786426, -0.0591305442009695 51.531213008984594, -0.0583478059608814 51.53074402808701, -0.0573894743772384 51.53091381838466, -0.0572138592331637 51.53155258872636, -0.0579965916024352 51.53202157423056))",0,True,True,,1
8a194ad34ba7fff,46,46-6-4,10,2,51.53299988019053,-0.05590425918186955,75.864,"POLYGON ((-0.0557286232455212 51.53363863079812, -0.0566869918117327 51.53346887060214, -0.0568626179505355 51.5328301148352, -0.0560798914530355 51.53236112472454, -0.055121544689193 51.53253088577456, -0.054945902620804 51.53316963608118, -0.0557286232455212 51.53363863079812))",0,True,True,,0
8a194ad34baffff,46,46-6-5,10,2,51.53189213060961,-0.055297183092314496,75.864,"POLYGON ((-0.055121544689193 51.53253088577456, -0.0560798914530355 51.53236112472454, -0.056255520059108 51.53172236440024, -0.0554728178302728 51.53125337058645, -0.0545144928680066 51.531423132490794, -0.054338848333332 51.53206188735457, -0.055121544689193 51.53253088577456))",0,True,True,,0
8a194ad34bb7fff,46,46-6-6,10,2,51.533299100941264,-0.057645362585093354,75.864,"POLYGON ((-0.0574697425790613 51.53393785700899, -0.0584281253571055 51.53376808304236, -0.0586037355651158 51.53312932181542, -0.0578209789261816 51.532660340015106, -0.0568626179505355 51.5328301148352, -0.0566869918117327 51.53346887060214, -0.0574697425790613 51.53393785700899))",0,True,True,,15
8a194ad34807fff,58,58-0-0,10,2,51.53743079589401,-0.05833283092003006,75.864,"POLYGON ((-0.0581572048550282 51.53806952826795, -0.0591156606384118 51.537899771485264, -0.0592912769038206 51.537261033952, -0.0585084533196909 51.536792058660815, -0.0575500193417753 51.536961816296404, -0.0573743871428491 51.53760054837025, -0.0581572048550282 51.53806952826795))",0,True,True,,12
8a194ad3480ffff,58,58-0-1,10,2,51.53632307936342,-0.05772564787525494,75.864,"POLYGON ((-0.0575500193417753 51.536961816296404, -0.0585084533196909 51.536792058660815, -0.0586840720540997 51.53615331656852, -0.0579012727434231 51.5356843375714, -0.0569428605701878 51.53585409606018, -0.0567672259032663 51.53649283269283, -0.0575500193417753 51.536961816296404))",0,True,True,,3
8a194ad34817fff,58,58-0-2,10,2,51.53773000523665,-0.06007411862798951,75.864,"POLYGON ((-0.0598985084972098 51.538368743069846, -0.060856978492548 51.53819897251432, -0.0610325788232634 51.53756022952193, -0.0602497250936617 51.537091262544145, -0.0592912769038206 51.537261033952, -0.0591156606384118 51.537899771485264, -0.0598985084972098 51.538368743069846))",0,True,True,,2
8a194ad3481ffff,58,58-0-3,10,2,51.53662229155954,-0.05946688950405729,75.864,"POLYGON ((-0.0592912769038206 51.537261033952, -0.0602497250936617 51.537091262544145, -0.0604253278943409 51.536452514992504, -0.059642498439221 51.53598354430802, -0.0586840720540997 51.53615331656852, -0.0585084533196909 51.536792058660815, -0.0592912769038206 51.537261033952))",0,True,True,,0
8a194ad34827fff,58,58-0-4,10,2,51.53823927558481,-0.05719875127839773,75.864,"POLYGON ((-0.0570231117482863 51.53887799793998, -0.0579815751245505 51.538708255782545, -0.0581572048550282 51.53806952826795, -0.0573743871428491 51.53760054837025, -0.0564159455727806 51.53777029138082, -0.0562402999090233 51.538409013435924, -0.0570231117482863 51.53887799793998))",0,True,True,,4
8a194ad3482ffff,58,58-0-5,10,2,51.53713156446642,-0.05659158757084387,75.864,"POLYGON ((-0.0564159455727806 51.53777029138082, -0.0573743871428491 51.53760054837025, -0.0575500193417753 51.536961816296404, -0.0567672259032663 51.53649283269283, -0.0558088061386314 51.536662576556886, -0.0556331580073894 51.537301303170985, -0.0564159455727806 51.53777029138082))",0,True,True,,7
8a194ad34837fff,58,58-0-6,10,2,51.5385385041592,-0.05894004070770623,75.864,"POLYGON ((-0.0587644171115996 51.539177231973696, -0.0597228947012081 51.539007476043615, -0.0598985084972098 51.538368743069846, -0.0591156606384118 51.537899771485264, -0.0581572048550282 51.53806952826795, -0.0579815751245505 51.538708255782545, -0.0587644171115996 51.539177231973696))",0,True,True,,2
8a194ad34887fff,58,58-2-0,10,2,51.537220649693985,-0.06294950582867395,75.864,"POLYGON ((-0.0627739250985227 51.53785940300449, -0.0637324017081431 51.537689604049945, -0.0639079726378048 51.53705084558049, -0.0631250828942705 51.53658189152431, -0.0621666280894125 51.5367516913304, -0.0619910412236694 51.537390444341085, -0.0627739250985227 51.53785940300449))",0,True,True,,0
8a194ad3488ffff,58,58-2-1,10,2,51.53611293346063,-0.06234221129054123,75.864,"POLYGON ((-0.0621666280894125 51.5367516913304, -0.0631250828942705 51.53658189152431, -0.0633006562953961 51.53594312849558, -0.0625177908271497 51.535474170731874, -0.0615593578262871 51.53564397138978, -0.0613837684900185 51.53628272895955, -0.0621666280894125 51.5367516913304))",0,True,True,,10
8a194ad34897fff,58,58-2-2,10,2,51.53751979562881,-0.06469088052147424,75.864,"POLYGON ((-0.064515315728155 51.5381585543979, -0.0654738065456138 51.53798874166892, -0.0656493615379673 51.53734997774103, -0.0648664416504826 51.53688103200053, -0.0639079726378048 51.53705084558049, -0.0637324017081431 51.537689604049945, -0.064515315728155 51.5381585543979))",0,True,True,,0
8a194ad3489ffff,58,58-2-3,10,2,51.5364120822519,-0.06408353990308074,75.864,"POLYGON ((-0.0639079726378048 51.53705084558049, -0.0648664416504826 51.53688103200053, -0.0650419991152945 51.53624226351313, -0.0642591035040853 51.53577331406432, -0.0633006562953961 51.53594312849558, -0.0631250828942705 51.53658189152431, -0.0639079726378048 51.53705084558049))",0,True,True,,0
8a194ad348a7fff,58,58-2-4,10,2,51.538029192492594,-0.061815450693156665,75.864,"POLYGON ((-0.0616398564978006 51.53866793578472, -0.0625983407037123 51.53849815145569, -0.0627739250985227 51.53785940300449, -0.0619910412236694 51.537390444341085, -0.0610325788232634 51.53756022952193, -0.060856978492548 51.53819897251432, -0.0616398564978006 51.53866793578472))",0,True,True,,2
8a194ad348affff,58,58-2-5,10,2,51.53692148167031,-0.06120817548904026,75.864,"POLYGON ((-0.0610325788232634 51.53756022952193, -0.0619910412236694 51.537390444341085, -0.0621666280894125 51.5367516913304, -0.0613837684900185 51.53628272895955, -0.0604253278943409 51.536452514992504, -0.0602497250936617 51.537091262544145, -0.0610325788232634 51.53756022952193))",0,True,True,,13
8a194ad348b7fff,58,58-2-6,10,2,51.538328357660106,-0.0635568271140066,75.864,"POLYGON ((-0.0633812488552604 51.53896710641092, -0.0643397472704206 51.53879730830763, -0.064515315728155 51.5381585543979, -0.0637324017081431 51.537689604049945, -0.0627739250985227 51.53785940300449, -0.0625983407037123 51.53849815145569, -0.0633812488552604 51.53896710641092))",0,True,True,,0
8a194ad348c7fff,58,58-3-0,10,2,51.534706035228204,-0.05999370531479748,75.864,"POLYGON ((-0.0598181037094364 51.535344792197535, -0.0607765225011424 51.53517500531221, -0.0609521143075038 51.534536243183794, -0.060169303255429 51.53406727340015, -0.059210906266902 51.534237061138136, -0.0590352985275933 51.534875817807034, -0.0598181037094364 51.535344792197535))",0,True,True,,1
8a194ad348cffff,58,58-3-1,10,2,51.53359829961057,-0.05938651034141136,75.864,"POLYGON ((-0.059210906266902 51.534237061138136, -0.060169303255429 51.53406727340015, -0.0603448975314505 51.53342850671352, -0.0595621107512308 51.53295953322452, -0.0586037355651158 51.53312932181542, -0.0584281253571055 51.53376808304236, -0.059210906266902 51.534237061138136))",7,True,True,,21
8a194ad348d7fff,58,58-3-2,10,2,51.53500520896115,-0.06173494349796052,75.864,"POLYGON ((-0.0615593578262871 51.53564397138978, -0.0625177908271497 51.535474170731874, -0.0626933666993472 51.53483540314427, -0.0619105255051686 51.53436644167375, -0.0609521143075038 51.534536243183794, -0.0607765225011424 51.53517500531221, -0.0615593578262871 51.53564397138978))",0,True,True,,0
8a194ad348dffff,58,58-3-3,10,2,51.5338974761967,-0.06112770244929425,75.864,"POLYGON ((-0.0609521143075038 51.534536243183794, -0.0619105255051686 51.53436644167375, -0.0620861038479848 51.5337276695277, -0.0613032869266692 51.53325870435107, -0.0603448975314505 51.53342850671352, -0.060169303255429 51.53406727340015, -0.0609521143075038 51.534536243183794))",0,True,True,,0
8a194ad348e7fff,58,58-3-4,10,2,51.53551456961721,-0.05885968712334017,75.864,"POLYGON ((-0.0586840720540997 51.53615331656852, -0.059642498439221 51.53598354430802, -0.0598181037094364 51.535344792197535, -0.0590352985275933 51.534875817807034, -0.0580768939463787 51.535045590920475, -0.0579012727434231 51.5356843375714, -0.0586840720540997 51.53615331656852))",0,True,True,,0
8a194ad348effff,58,58-3-5,10,2,51.534406839410764,-0.05825251148423133,75.864,"POLYGON ((-0.0580768939463787 51.535045590920475, -0.0590352985275933 51.534875817807034, -0.059210906266902 51.534237061138136, -0.0584281253571055 51.53376808304236, -0.0574697425790613 51.53393785700899, -0.0572941189079913 51.53457660821812, -0.0580768939463787 51.535045590920475))",0,True,True,,3
8a194ad348f7fff,58,58-3-6,10,2,51.53581376258182,-0.06060092703012623,75.864,"POLYGON ((-0.0604253278943409 51.536452514992504, -0.0613837684900185 51.53628272895955, -0.0615593578262871 51.53564397138978, -0.0607765225011424 51.53517500531221, -0.0598181037094364 51.535344792197535, -0.059642498439221 51.53598354430802, -0.0604253278943409 51.536452514992504))",0,True,True,,8
8a194ad34907fff,58,58-4-0,10,2,51.54015542807166,-0.05667182169063542,75.864,"POLYGON ((-0.0564961711628926 51.5407941358479, -0.0574546639391682 51.540624409168956, -0.0576303046667247 51.539985696233174, -0.0568474685524003 51.539516715435624, -0.0558889975838614 51.53968644296769, -0.0557133409222432 51.54032515044413, -0.0564961711628926 51.5407941358479))",0,True,True,,8
8a194ad3490ffff,58,58-4-1,10,2,51.53904773063159,-0.05606465057941147,75.864,"POLYGON ((-0.0558889975838614 51.53968644296769, -0.0568474685524003 51.539516715435624, -0.0570231117482863 51.53887799793998, -0.0562402999090233 51.538409013435924, -0.0552818507474384 51.53857874182144, -0.0551061916184903 51.5392174538575, -0.0558889975838614 51.53968644296769))",0,True,True,,6
8a194ad34917fff,58,58-4-2,10,2,51.540454673023866,-0.058413158922745546,75.864,"POLYGON ((-0.0582375243297692 51.5410933862593, -0.059196031320793 51.540923645807354, -0.0593716561131167 51.54028492741249, -0.0585887898499825 51.53981595492863, -0.0576303046667247 51.539985696233174, -0.0574546639391682 51.540624409168956, -0.0582375243297692 51.5410933862593))",0,True,True,,3
8a194ad3491ffff,58,58-4-3,10,2,51.53934697843766,-0.05780594172849256,75.864,"POLYGON ((-0.0576303046667247 51.539985696233174, -0.0585887898499825 51.53981595492863, -0.0587644171115996 51.539177231973696, -0.0579815751245505 51.538708255782545, -0.0570231117482863 51.53887799793998, -0.0568474685524003 51.539516715435624, -0.0576303046667247 51.539985696233174))",0,True,True,,11
8a194ad34927fff,58,58-4-4,10,2,51.540963853060774,-0.055537680594452625,75.864,"POLYGON ((-0.0553620166003957 51.54160255081749, -0.0563205169690523 51.54143283876427, -0.0564961711628926 51.5407941358479, -0.0557133409222432 51.54032515044413, -0.0547548623620765 51.54049486335077, -0.0545791922343921 51.541133560807715, -0.0553620166003957 51.54160255081749))",0,True,True,,1
8a194ad3492ffff,58,58-4-5,10,2,51.539856161033995,-0.05493052882339422,75.864,"POLYGON ((-0.0547548623620765 51.54049486335077, -0.0557133409222432 51.54032515044413, -0.0558889975838614 51.53968644296769, -0.0551061916184903 51.5392174538575, -0.0541477348660258 51.53938716761782, -0.0539720622715631 51.54002586963459, -0.0547548623620765 51.54049486335077))",0,True,True,,6
8a194ad34937fff,58,58-4-6,10,2,51.54126311724491,-0.05727901954567269,75.864,"POLYGON ((-0.0571033714861545 51.54190182046088, -0.0580618860709391 51.54173209463481, -0.0582375243297692 51.5410933862593, -0.0574546639391682 51.540624409168956, -0.0564961711628926 51.5407941358479, -0.0563205169690523 51.54143283876427, -0.0571033714861545 51.54190182046088))",0,True,True,,4
8a195da6bb47fff,60,60-5-0,10,2,51.54601203598559,-0.10248668940163344,75.864,"POLYGON ((-0.1023114645436001 51.546650900186414, -0.1032702970248498 51.546480799707446, -0.1034455120710392 51.545841930350434, -0.1026619106006039 51.5453731669241, -0.1017030999261897 51.54554326824207, -0.1015278689157028 51.54618213214731, -0.1023114645436001 51.546650900186414))",0,True,True,,6
8a195da6bb4ffff,60,60-5-1,10,2,51.54490439947623,-0.10187832727755355,75.864,"POLYGON ((-0.1017030999261897 51.54554326824207, -0.1026619106006039 51.5453731669241, -0.1028371281406107 51.544734293002115, -0.1020535509698835 51.54426552585001, -0.1010947621015588 51.54443562800722, -0.1009195285982096 51.54507449647724, -0.1017030999261897 51.54554326824207))",0,True,True,,0
8a195da6bb57fff,60,60-5-2,10,2,51.54631068975488,-0.10422913168920919,75.864,"POLYGON ((-0.1040539227962039 51.546949559407295, -0.1050127694554485 51.54677944513706, -0.105187968536114 51.54614057032859, -0.1044043369234017 51.54567181524176, -0.1034455120710392 51.545841930350434, -0.1032702970248498 51.546480799707446, -0.1040539227962039 51.546949559407295))",0,True,True,,5
8a195da6bb5ffff,60,60-5-3,10,2,51.54520305613285,-0.10362072345833011,75.864,"POLYGON ((-0.1034455120710392 51.545841930350434, -0.1044043369234017 51.54567181524176, -0.1045795384988806 51.54503293586811, -0.1037959311868729 51.54456417705474, -0.1028371281406107 51.544734293002115, -0.1026619106006039 51.5453731669241, -0.1034455120710392 51.545841930350434))",0,True,True,,7
8a195da6bb67fff,60,60-5-4,10,2,51.54682099119191,-0.10135263424597343,75.864,"POLYGON ((-0.101177395916897 51.547459845375684, -0.1021362360264047 51.5472897595265, -0.1023114645436001 51.546650900186414, -0.1015278689157028 51.54618213214731, -0.1005690506137759 51.54635221883575, -0.1003938061324983 51.54699107272398, -0.101177395916897 51.547459845375684))",0,True,True,,7
8a195da6bb6ffff,60,60-5-5,10,2,51.545713360086786,-0.10074429143563642,75.864,"POLYGON ((-0.1005690506137759 51.54635221883575, -0.1015278689157028 51.54618213214731, -0.1017030999261897 51.54554326824207, -0.1009195285982096 51.54507449647724, -0.0999607321030969 51.54524458400518, -0.0997854851295033 51.54588344245838, -0.1005690506137759 51.54635221883575))",0,True,True,,6
8a195da6bb77fff,60,60-5-6,10,2,51.547119664203755,-0.1030950783196883,75.864,"POLYGON ((-0.1029198559554146 51.547758523839185, -0.1038787102442968 51.54758842419891, -0.1040539227962039 51.546949559407295, -0.1032702970248498 51.546480799707446, -0.1023114645436001 51.546650900186414, -0.1021362360264047 51.5472897595265, -0.1029198559554146 51.547758523839185))",0,True,True,,1
8a195da69a07fff,71,71-0-0,10,2,51.54727844142394,-0.0747760649468771,75.864,"POLYGON ((-0.0746005677856949 51.54791718007059, -0.0755592756854063 51.54774733279876, -0.075734763040133 51.547108588993765, -0.0749515584442053 51.54663969791631, -0.0739928723555632 51.546809546035234, -0.0738173690521226 51.547448284384444, -0.0746005677856949 51.54791718007059))",0,True,True,,10
8a195da69a0ffff,71,71-0-1,10,2,51.546170802825074,-0.07416837199504911,75.864,"POLYGON ((-0.0739928723555632 51.546809546035234, -0.0749515584442053 51.54663969791631, -0.075127048277753 51.546000949547775, -0.0743438679707204 51.54553205475414, -0.0733852036923806 51.54570190372042, -0.073209697911104 51.54634064663294, -0.0739928723555632 51.546809546035234))",0,True,True,,1
8a195da69a17fff,71,71-0-2,10,2,51.54757747605704,-0.07651798578322352,75.864,"POLYGON ((-0.0763425045714603 51.54821622015928, -0.0773012266737659 51.54804635910581, -0.0774766980786229 51.547407609845315, -0.0766934633313666 51.54693872709373, -0.075734763040133 51.547108588993765, -0.0755592756854063 51.54774733279876, -0.0763425045714603 51.54821622015928))",0,True,True,,6
8a195da69a1ffff,71,71-0-3,10,2,51.546469840327795,-0.07591024673118496,75.864,"POLYGON ((-0.075734763040133 51.547108588993765, -0.0766934633313666 51.54693872709373, -0.0768689372160093 51.54629997326948, -0.0760857267586614 51.54583108680094, -0.075127048277753 51.546000949547775, -0.0749515584442053 51.54663969791631, -0.075734763040133 51.547108588993765))",0,True,True,,12
8a195da69a27fff,71,71-0-4,10,2,51.5480870178726,-0.07364186208464342,75.864,"POLYGON ((-0.0734663514529806 51.54872574649959, -0.0744250669605287 51.54855591385608, -0.0746005677856949 51.54791718007059, -0.0738173690521226 51.547448284384444, -0.0728586753564134 51.54761811787532, -0.0726831585827603 51.54825684620492, -0.0734663514529806 51.54872574649959))",0,True,True,,8
8a195da69a2ffff,71,71-0-5,10,2,51.546979384684604,-0.07303418846582313,75.864,"POLYGON ((-0.0728586753564134 51.54761811787532, -0.0738173690521226 51.547448284384444, -0.0739928723555632 51.546809546035234, -0.073209697911104 51.54634064663294, -0.0722510260264309 51.54651048097147, -0.0720755067754934 51.54714921386459, -0.0728586753564134 51.54761811787532))",0,True,True,,0
8a195da69a37fff,71,71-0-6,10,2,51.54838607174268,-0.07538378466686997,75.864,"POLYGON ((-0.0752082899844196 51.549024805825354, -0.0761670196959676 51.548854959400344, -0.0763425045714603 51.54821622015928, -0.0755592756854063 51.54774733279876, -0.0746005677856949 51.54791718007059, -0.0744250669605287 51.54855591385608, -0.0752082899844196 51.549024805825354))",7,True,True,,24
8a195da69ac7fff,71,71-3-0,10,2,51.54455356516517,-0.07643667582332012,75.864,"POLYGON ((-0.0762612031226716 51.545192328413364, -0.0772198739952156 51.54502245103866, -0.0773953368900082 51.54438368263231, -0.0766121448607264 51.54391479705649, -0.0756534957969609 51.54408467527806, -0.0754780169540367 51.54472343822852, -0.0762612031226716 51.545192328413364))",0,True,True,,13
8a195da69acffff,71,71-3-1,10,2,51.543445907467174,-0.07582897097659844,75.864,"POLYGON ((-0.0756534957969609 51.54408467527806, -0.0766121448607264 51.54391479705649, -0.076787610235005 51.54327602408745, -0.0760044424930434 51.54280713479599, -0.0750458152372842 51.542977013864686, -0.0748703339158386 51.54361578137765, -0.0756534957969609 51.54408467527806))",0,True,True,,5
8a195da69ad7fff,71,71-3-2,10,2,51.54485256419428,-0.07817854706478383,75.864,"POLYGON ((-0.0780030903129923 51.545491332898145, -0.0789617753853832 51.54532144174202, -0.0791372223308224 51.544682667880096, -0.078354000153562 51.544213790629875, -0.0773953368900082 51.54438368263231, -0.0772198739952156 51.54502245103866, -0.0780030903129923 51.545491332898145))",0,True,True,,0
8a195da69adffff,71,71-3-3,10,2,51.543744909365536,-0.0775707961217533,75.864,"POLYGON ((-0.0773953368900082 51.54438368263231, -0.078354000153562 51.544213790629875, -0.0785294495794824 51.543575012205054, -0.0777462516905296 51.543106131238396, -0.076787610235005 51.54327602408745, -0.0766121448607264 51.54391479705649, -0.0773953368900082 51.54438368263231))",0,True,True,,0
8a195da69ae7fff,71,71-3-4,10,2,51.54536219631847,-0.0753025344476501,75.864,"POLYGON ((-0.075127048277753 51.546000949547775, -0.0760857267586614 51.54583108680094, -0.0762612031226716 51.545192328413364, -0.0754780169540367 51.54472343822852, -0.0745193602826559 51.5448933018225, -0.0743438679707204 51.54553205475414, -0.075127048277753 51.546000949547775))",0,True,True,,15
8a195da69aeffff,71,71-3-5,10,2,51.54425454403028,-0.07469484893100069,75.864,"POLYGON ((-0.0745193602826559 51.5448933018225, -0.0754780169540367 51.54472343822852, -0.0756534957969609 51.54408467527806, -0.0748703339158386 51.54361578137765, -0.0739116990532234 51.543785645819014, -0.0737362042633233 51.544424403313336, -0.0745193602826559 51.5448933018225))",0,True,True,,0
8a195da69af7fff,71,71-3-6,10,2,51.54566121458442,-0.07704440743724557,75.864,"POLYGON ((-0.0768689372160093 51.54629997326948, -0.0778276298981241 51.54613009674135, -0.0780030903129923 51.545491332898145, -0.0772198739952156 51.54502245103866, -0.0762612031226716 51.545192328413364, -0.0760857267586614 51.54583108680094, -0.0768689372160093 51.54629997326948))",0,True,True,,7
8a195da69b07fff,71,71-4-0,10,2,51.55000318916957,-0.07311531919674787,75.864,"POLYGON ((-0.0729397975719388 51.550641903212316, -0.0738985425000325 51.55047208604451, -0.0740740543178172 51.54983336684316, -0.0732908371570808 51.549364470265296, -0.0723321140423168 51.54953428828043, -0.0721565862752924 51.55017300202606, -0.0729397975719388 51.550641903212316))",0,True,True,,0
8a195da69b0ffff,71,71-4-1,10,2,51.54889556967336,-0.07250763814475947,75.864,"POLYGON ((-0.0723321140423168 51.54953428828043, -0.0732908371570808 51.549364470265296, -0.0734663514529806 51.54872574649959, -0.0726831585827603 51.54825684620492, -0.0717244572805793 51.54842666506771, -0.0715489270363839 51.54906538337745, -0.0723321140423168 51.54953428828043))",0,True,True,,1
8a195da69b17fff,71,71-4-2,10,2,51.5503022594066,-0.07485728962734961,75.864,"POLYGON ((-0.0746817839524855 51.55094097890489, -0.0756405430860081 51.550771147955224, -0.075816038953356 51.55013242329845, -0.0750327916379459 51.549663535046705, -0.0740740543178172 51.54983336684316, -0.0738985425000325 51.55047208604451, -0.0746817839524855 51.55094097890489))",0,True,True,,13
8a195da69b1ffff,71,71-4-3,10,2,51.5491946427803,-0.0742495624712743,75.864,"POLYGON ((-0.0740740543178172 51.54983336684316, -0.0750327916379459 51.549663535046705, -0.0752082899844196 51.549024805825354, -0.0744250669605287 51.54855591385608, -0.0734663514529806 51.54872574649959, -0.0732908371570808 51.549364470265296, -0.0740740543178172 51.54983336684316))",0,True,True,,2
8a195da69b27fff,71,71-4-4,10,2,51.55081171091012,-0.07198105484359707,75.864,"POLYGON ((-0.071805519747096 51.55145041493248, -0.0727642722825185 51.55128061239341, -0.0729397975719388 51.550641903212316, -0.0721565862752924 51.55017300202606, -0.0711978555539795 51.550342805412726, -0.0710223143155312 51.550981509138026, -0.071805519747096 51.55145041493248))",0,True,True,,0
8a195da69b2ffff,71,71-4-5,10,2,51.54970409682583,-0.07137339312756742,75.864,"POLYGON ((-0.0711978555539795 51.550342805412726, -0.0721565862752924 51.55017300202606, -0.0723321140423168 51.54953428828043, -0.0715489270363839 51.54906538337745, -0.0705902181283878 51.549235187612005, -0.0704146744133255 51.54987389590161, -0.0711978555539795 51.550342805412726))",0,True,True,,0
8a195da69b37fff,71,71-4-6,10,2,51.55111080038427,-0.07372302701781101,75.864,"POLYGON ((-0.0735475078710636 51.55174950986226, -0.0745062746132851 51.551579693541484, -0.0746817839524855 51.55094097890489, -0.0738985425000325 51.55047208604451, -0.0729397975719388 51.550641903212316, -0.0727642722825185 51.55128061239341, -0.0735475078710636 51.55174950986226))",0,True,True,,1
8a195da69b87fff,71,71-6-0,10,2,51.549792722671064,-0.0777335441993115,75.864,"POLYGON ((-0.0775580679474004 51.550431457644564, -0.0785168336742432 51.55026159828335, -0.0786923001182132 51.5496228581516, -0.0779090167875236 51.54915398283606, -0.0769502728733382 51.549323843043275, -0.0767747904775077 51.54996257771998, -0.0775580679474004 51.550431457644564))",0,True,True,,0
8a195da69b8ffff,71,71-6-1,10,2,51.548685103505186,-0.07712575160537923,75.864,"POLYGON ((-0.0769502728733382 51.549323843043275, -0.0779090167875236 51.54915398283606, -0.0780844857121513 51.548515238139736, -0.0773012266737659 51.54804635910581, -0.0763425045714603 51.54821622015928, -0.0761670196959676 51.548854959400344, -0.0769502728733382 51.549323843043275))",0,True,True,,6
8a195da69b97fff,71,71-6-2,10,2,51.55009172945142,-0.07947560159778297,75.864,"POLYGON ((-0.0793001412984477 51.55073046987982, -0.0802589212265883 51.550560596735124, -0.080434371717537 51.54992185114862, -0.0796510582336891 51.549452984161476, -0.0786923001182132 51.5496228581516, -0.0785168336742432 51.55026159828335, -0.0793001412984477 51.55073046987982))",0,True,True,,0
8a195da69b9ffff,71,71-6-3,10,2,51.5489841131584,-0.07886776289867391,75.864,"POLYGON ((-0.0786923001182132 51.5496228581516, -0.0796510582336891 51.549452984161476, -0.0798265112062449 51.54881423401016, -0.0790432220157347 51.548345363303895, -0.0780844857121513 51.548515238139736, -0.0779090167875236 51.54915398283606, -0.0786923001182132 51.5496228581516))",0,True,True,,1
8a195da69ba7fff,71,71-6-4,10,2,51.55060130753518,-0.07659930441781417,75.864,"POLYGON ((-0.0764238146941226 51.551240032488735, -0.077382588031686 51.5510701877565, -0.0775580679474004 51.550431457644564, -0.0767747904775077 51.54996257771998, -0.075816038953356 51.55013242329845, -0.0756405430860081 51.550771147955224, -0.0764238146941226 51.551240032488735))",0,True,True,,1
8a195da69baffff,71,71-6-5,10,2,51.54949369378013,-0.07599153115662065,75.864,"POLYGON ((-0.075816038953356 51.55013242329845, -0.0767747904775077 51.54996257771998, -0.0769502728733382 51.549323843043275, -0.0761670196959676 51.548854959400344, -0.0752082899844196 51.549024805825354, -0.0750327916379459 51.549663535046705, -0.075816038953356 51.55013242329845))",0,True,True,,16
8a195da69bb7fff,71,71-6-6,10,2,51.550900333553564,-0.0783413635666339,75.864,"POLYGON ((-0.0781658897953118 51.551539063962075, -0.0791246773355585 51.55136920544657, -0.0793001412984477 51.55073046987982, -0.0785168336742432 51.55026159828335, -0.0775580679474004 51.550431457644564, -0.077382588031686 51.5510701877565, -0.0781658897953118 51.551539063962075))",0,True,True,,0
8a194e69a387fff,89,89-6-0,10,2,51.54560430692078,-0.05334939867335487,75.864,"POLYGON ((-0.053173699210835 51.54624296549468, -0.0541322659766252 51.546073299026624, -0.0543079556377882 51.545434635292736, -0.0535250944686381 51.544965643486044, -0.0525665495151478 51.54513531080772, -0.0523908439188508 51.54577396908238, -0.053173699210835 51.54624296549468))",0,True,True,,4
8a194e69a38ffff,89,89-6-1,10,2,51.544496647672325,-0.05274225144414874,75.864,"POLYGON ((-0.0525665495151478 51.54513531080772, -0.0535250944686381 51.544965643486044, -0.0537007865967891 51.544326975190664, -0.0529179497059119 51.54385797967633, -0.0519594265639284 51.544027647851884, -0.051783718501638 51.544666310687845, -0.0525665495151478 51.54513531080772))",0,True,True,,0
8a194e69a397fff,89,89-6-2,10,2,51.545903623092016,-0.055090834951918966,75.864,"POLYGON ((-0.0549151514252534 51.54654228712494, -0.0558737324113606 51.54637260688349, -0.0560494061362078 51.54573393769067, -0.0552665148115812 51.5452649541982, -0.0543079556377882 51.545434635292736, -0.0541322659766252 51.546073299026624, -0.0549151514252534 51.54654228712494))",0,True,True,,15
8a194e69a39ffff,89,89-6-3,10,2,51.54479596669808,-0.05448364163189361,75.864,"POLYGON ((-0.0543079556377882 51.545434635292736, -0.0552665148115812 51.5452649541982, -0.0554421910043855 51.54462628044367, -0.0546593239590406 51.544157293242776, -0.0537007865967891 51.544326975190664, -0.0535250944686381 51.544965643486044, -0.0543079556377882 51.545434635292736))",0,True,True,,0
8a194e69a3a7fff,89,89-6-4,10,2,51.54641262249621,-0.0522151346551127,75.864,"POLYGON ((-0.0520394217238444 51.54705127104908, -0.0529979960809691 51.54688161920763, -0.053173699210835 51.54624296549468, -0.0523908439188508 51.54577396908238, -0.0514322913747538 51.5459436217777, -0.0512565723099616 51.54658227003138, -0.0520394217238444 51.54705127104908))",0,True,True,,0
8a194e69a3affff,89,89-6-5,10,2,51.54530496866314,-0.05160800677195639,75.864,"POLYGON ((-0.0514322913747538 51.5459436217777, -0.0523908439188508 51.54577396908238, -0.0525665495151478 51.54513531080772, -0.051783718501638 51.544666310687845, -0.050825187769806 51.54483596423733, -0.050649466239562 51.54547461705249, -0.0514322913747538 51.5459436217777))",0,True,True,,0
8a194e69a3b7fff,89,89-6-6,10,2,51.546711957899646,-0.05395657264827491,75.864,"POLYGON ((-0.053780875652638 51.54735061191164, -0.0547394642314804 51.54718094629693, -0.0549151514252534 51.54654228712494, -0.0541322659766252 51.546073299026624, -0.053173699210835 51.54624296549468, -0.0529979960809691 51.54688161920763, -0.053780875652638 51.54735061191164))",0,True,True,,2
8a195da69847fff,100,100-1-0,10,2,51.552517467810475,-0.07607282425431297,75.864,"POLYGON ((-0.0758973235379965 51.55315617817842, -0.0768561263005523 51.55298634892149, -0.0770316172083739 51.55234763339508, -0.0762483213063288 51.551878752580535, -0.0752895403586758 51.55204858268369, -0.0751140334984725 51.552687292755124, -0.0758973235379965 51.55315617817842))",0,True,True,,0
8a195da6984ffff,100,100-1-1,10,2,51.55140986775035,-0.07546504355448788,75.864,"POLYGON ((-0.0752895403586758 51.55204858268369, -0.0762483213063288 51.551878752580535, -0.0764238146941226 51.551240032488735, -0.0756405430860081 51.550771147955224, -0.0746817839524855 51.55094097890489, -0.0745062746132851 51.551579693541484, -0.0752895403586758 51.55204858268369))",0,True,True,,16
8a195da69857fff,100,100-1-2,10,2,51.552816510193594,-0.0778149312609584,75.864,"POLYGON ((-0.0776394464977338 51.553455226016354, -0.0785982634644275 51.553285382975744, -0.0787737384186553 51.55264666199464, -0.0779904123601112 51.552177789508804, -0.0770316172083739 51.55234763339508, -0.0768561263005523 51.55298634892149, -0.0776394464977338 51.553455226016354))",0,True,True,,0
8a195da6985ffff,100,100-1-3,10,2,51.551708913006706,-0.07720710445204872,75.864,"POLYGON ((-0.0770316172083739 51.55234763339508, -0.0779904123601112 51.552177789508804, -0.0781658897953118 51.551539063962075, -0.077382588031686 51.5510701877565, -0.0764238146941226 51.551240032488735, -0.0762483213063288 51.551878752580535, -0.0770316172083739 51.55234763339508))",0,True,True,,0
8a195da69867fff,100,100-1-4,10,2,51.5533259979645,-0.07493852297375854,75.864,"POLYGON ((-0.0747630087844192 51.553964698311724, -0.0757218191572238 51.553794883684226, -0.0758973235379965 51.55315617817842, -0.0751140334984725 51.552687292755124, -0.074155244941361 51.55285710822909, -0.0739797246084134 51.55349580827985, -0.0747630087844192 51.553964698311724))",0,True,True,,3
8a195da6986ffff,100,100-1-5,10,2,51.55221840331626,-0.07433076160961855,75.864,"POLYGON ((-0.074155244941361 51.55285710822909, -0.0751140334984725 51.552687292755124, -0.0752895403586758 51.55204858268369, -0.0745062746132851 51.551579693541484, -0.0735475078710636 51.55174950986226, -0.0733719850596808 51.55238821447838, -0.074155244941361 51.55285710822909))",0,True,True,,5
8a195da69877fff,100,100-1-6,10,2,51.553625059585805,-0.07668063172849474,75.864,"POLYGON ((-0.076505133492051 51.55426376538794, -0.0774639580703332 51.55409393697695, -0.0776394464977338 51.553455226016354, -0.0768561263005523 51.55298634892149, -0.0758973235379965 51.55315617817842, -0.0757218191572238 51.553794883684226, -0.076505133492051 51.55426376538794))",0,True,True,,0
8a194e69a0c7fff,111,111-3-0,10,2,51.54811891106707,-0.05630530183655552,75.864,"POLYGON ((-0.0561296232460474 51.54875756597536, -0.0570882478591009 51.5485878874392, -0.0572639166467818 51.54794922737107, -0.0564809767599861 51.54748025129753, -0.055522373960787 51.5476499306862, -0.0553466892348418 51.54828858529586, -0.0561296232460474 51.54875756597536))",0,True,True,,2
8a194e69a0cffff,111,111-3-1,10,2,51.54701127121538,-0.05569805501959016,75.864,"POLYGON ((-0.055522373960787 51.5476499306862, -0.0564809767599861 51.54748025129753, -0.0566566480164537 51.54684158666685, -0.0558737324113606 51.54637260688349, -0.0549151514252534 51.54654228712494, -0.0547394642314804 51.54718094629693, -0.055522373960787 51.5476499306862))",0,True,True,,8
8a194e69a0d7fff,111,111-3-2,10,2,51.548418199435595,-0.058046874680297254,75.864,"POLYGON ((-0.0578712120287944 51.549056859802185, -0.0588298508608883 51.5488871674908, -0.059005503709082 51.54824850196449, -0.0582225336649765 51.54777953420771, -0.0572639166467818 51.54794922737107, -0.0570882478591009 51.5485878874392, -0.0578712120287944 51.549056859802185))",0,True,True,,0
8a194e69a0dffff,111,111-3-3,10,2,51.54731056244171,-0.057439581767554086,75.864,"POLYGON ((-0.0572639166467818 51.54794922737107, -0.0582225336649765 51.54777953420771, -0.058398188982957 51.54714086411862, -0.0576152432215424 51.54667189265124, -0.0566566480164537 51.54684158666685, -0.0564809767599861 51.54748025129753, -0.0572639166467818 51.54794922737107))",0,True,True,,0
8a194e69a0e7fff,111,111-3-4,10,2,51.54892723504418,-0.05517100084163994,75.864,"POLYGON ((-0.0549953087810773 51.549565879931095, -0.0559539409883524 51.54939621602223, -0.0561296232460474 51.54875756597536, -0.0553466892348418 51.54828858529586, -0.0543880788421694 51.54845825005749, -0.0542123806464176 51.54909689464581, -0.0549953087810773 51.549565879931095))",0,True,True,,6
8a194e69a0effff,111,111-3-5,10,2,51.54781960060782,-0.054563773370490586,75.864,"POLYGON ((-0.0543880788421694 51.54845825005749, -0.0553466892348418 51.54828858529586, -0.055522373960787 51.5476499306862, -0.0547394642314804 51.54718094629693, -0.053780875652638 51.54735061191164, -0.0536051749896001 51.54798926106249, -0.0543880788421694 51.54845825005749))",0,True,True,,7
8a194e69a0f7fff,111,111-3-6,10,2,51.54922654264598,-0.05691257540444294,75.864,"POLYGON ((-0.0567368992826473 51.54986519299128, -0.0576955457103586 51.54969551530734, -0.0578712120287944 51.549056859802185, -0.0570882478591009 51.5485878874392, -0.0561296232460474 51.54875756597536, -0.0559539409883524 51.54939621602223, -0.0567368992826473 51.54986519299128))",0,True,True,,0
8b194ad30090fff,6,6-2-2-0,11,3,51.51277933908878,-0.08424747372495442,28.827,"POLYGON ((-0.0843092275530465 51.51302889371764, -0.0846080332445894 51.51288899982471, -0.084546278103512 51.51263944475883, -0.0841857204693016 51.51252978400656, -0.0838869167082416 51.512669677480886, -0.0839486686508919 51.51291923212609, -0.0843092275530465 51.51302889371764))",0,True,True,,1
8b194ad30091fff,6,6-2-2-1,11,3,51.51242012238229,-0.08382516533798337,28.827,"POLYGON ((-0.0838869167082416 51.512669677480886, -0.0841857204693016 51.51252978400656, -0.0841239677860667 51.51228022847092, -0.0837634145401419 51.51217056683028, -0.0834646127095671 51.512310459886024, -0.0835263621944249 51.512560015000965, -0.0838869167082416 51.512669677480886))",0,True,True,,6
8b194ad30092fff,6,6-2-2-2,11,3,51.512749104639084,-0.08490683824059413,28.827,"POLYGON ((-0.0849685952671314 51.51299865968857, -0.0852674008805894 51.5128587636473, -0.0852056425410604 51.51260920816081, -0.0848450817865282 51.5124995491362, -0.084546278103512 51.51263944475883, -0.0846080332445894 51.51288899982471, -0.0849685952671314 51.51299865968857))",0,True,True,,3
8b194ad30093fff,6,6-2-2-3,11,3,51.512389889239564,-0.08448452353483311,28.827,"POLYGON ((-0.084546278103512 51.51263944475883, -0.0848450817865282 51.5124995491362, -0.0847833259048969 51.51224999317991, -0.0844227695386235 51.512140333266906, -0.0841239677860667 51.51228022847092, -0.0841857204693016 51.51252978400656, -0.084546278103512 51.51263944475883))",0,True,True,,1
8b194ad30094fff,6,6-2-2-4,11,3,51.513168786317856,-0.08401042116594043,28.827,"POLYGON ((-0.084072174253434 51.51341834005625, -0.0843709819535379 51.51327844789305, -0.0843092275530465 51.51302889371764, -0.0839486686508919 51.51291923212609, -0.0836498628812993 51.51305912387068, -0.0837116140833431 51.51330867762541, -0.084072174253434 51.51341834005625))",0,True,True,,1
8b194ad30095fff,6,6-2-2-5,11,3,51.51280956966249,-0.08358811225166865,28.827,"POLYGON ((-0.0836498628812993 51.51305912387068, -0.0839486686508919 51.51291923212609, -0.0838869167082416 51.512669677480886, -0.0835263621944249 51.512560015000965, -0.0832275583553918 51.512699906326944, -0.0832893070996192 51.51294946055146, -0.0836498628812993 51.51305912387068))",0,True,True,,9
8b194ad30096fff,6,6-2-2-6,11,3,51.51313855443716,-0.08466978895810723,28.827,"POLYGON ((-0.0847315452440868 51.513388108596175, -0.0850303528661254 51.513248214284644, -0.0849685952671314 51.51299865968857, -0.0846080332445894 51.51288899982471, -0.0843092275530465 51.51302889371764, -0.0843709819535379 51.51327844789305, -0.0847315452440868 51.513388108596175))",0,True,True,,2
8b194ad30120fff,6,6-4-4-0,11,3,51.516226940617585,-0.07509787914507539,28.827,"POLYGON ((-0.075159591862253 51.516476483493236, -0.075458414473894 51.516336627069954, -0.075396700443488 51.51608708375713, -0.0750361670000056 51.51597739728854, -0.0747373463198124 51.5161172532935, -0.0747990571516368 51.51636679618539, -0.075159591862253 51.516476483493236))",0,True,True,,10
8b194ad30121fff,6,6-4-4-1,11,3,51.515867709948246,-0.07467563606003845,28.827,"POLYGON ((-0.0747373463198124 51.5161172532935, -0.0750361670000056 51.51597739728854, -0.0749744554269813 51.515727853506085, -0.0746139263723089 51.51561816614959, -0.0743151076235607 51.51575802173625, -0.0743768159980381 51.516007565097716, -0.0747373463198124 51.5161172532935))",0,True,True,,2
8b194ad30122fff,6,6-4-4-2,11,3,51.516196769353954,-0.07575723639043995,28.827,"POLYGON ((-0.0758189523062172 51.51644631265056, -0.0761177748409077 51.51630645407902, -0.0760560576118547 51.51605691034525, -0.0756955210467616 51.515947225603924, -0.075396700443488 51.51608708375713, -0.075458414473894 51.516336627069954, -0.0758189523062172 51.51644631265056))",0,True,True,,4
8b194ad30123fff,6,6-4-4-3,11,3,51.51583753999088,-0.07533498698515424,28.827,"POLYGON ((-0.075396700443488 51.51608708375713, -0.0756955210467616 51.515947225603924, -0.075633806275171 51.51569768140052, -0.0752732740988662 51.51558799577122, -0.0749744554269813 51.515727853506085, -0.0750361670000056 51.51597739728854, -0.075396700443488 51.51608708375713))",0,True,True,,2
8b194ad30124fff,6,6-4-4-4,11,3,51.51661633862383,-0.07486076855552265,28.827,"POLYGON ((-0.0749224805314914 51.51686588060883, -0.0752213051515035 51.51672602591546, -0.075159591862253 51.516476483493236, -0.0747990571516368 51.51636679618539, -0.0745002344631213 51.516506650460435, -0.0745619445537238 51.5167561924617, -0.0749224805314914 51.51686588060883))",0,True,True,,5
8b194ad30125fff,6,6-4-4-5,11,3,51.51625710800576,-0.07443852494454946,28.827,"POLYGON ((-0.0745002344631213 51.516506650460435, -0.0747990571516368 51.51636679618539, -0.0747373463198124 51.5161172532935, -0.0743768159980381 51.516007565097716, -0.0740779952410166 51.516147418954496, -0.0741397028742634 51.51639696142535, -0.0745002344631213 51.516506650460435))",0,True,True,,2
8b194ad30126fff,6,6-4-4-6,11,3,51.51658616992939,-0.07552012907642419,28.827,"POLYGON ((-0.0755818442510386 51.516835712335336, -0.0758806687941096 51.5166958554937, -0.0758189523062172 51.51644631265056, -0.075458414473894 51.516336627069954, -0.075159591862253 51.516476483493236, -0.0752213051515035 51.51672602591546, -0.0755818442510386 51.516835712335336))",0,True,True,,4
8b194ad30810fff,13,13-0-2-0,11,3,51.51865373363839,-0.07169706194004187,28.827,"POLYGON ((-0.0717587606131929 51.51890326990695, -0.0720575955051605 51.51876343030808, -0.0719958955186237 51.51851389360225, -0.0716353638388758 51.518404196916336, -0.0713365308787826 51.518544036097005, -0.0713982276665355 51.518793572381796, -0.0717587606131929 51.51890326990695))",0,True,True,,11
8b194ad30811fff,13,13-0-2-1,11,3,51.518294499358795,-0.07127483466296756,28.827,"POLYGON ((-0.0713365308787826 51.518544036097005, -0.0716353638388758 51.518404196916336, -0.0715736663096531 51.518154659740844, -0.0712131390190793 51.51804496216713, -0.0709143079908678 51.51818480092958, -0.0709760023213466 51.518434337684006, -0.0713365308787826 51.518544036097005))",0,True,True,,14
8b194ad30812fff,13,13-0-2-2,11,3,51.51862358941643,-0.07235642970216533,28.827,"POLYGON ((-0.0724181315741336 51.518873126106065, -0.0727169663895778 51.51873328435894, -0.0726552632042275 51.51848374723206, -0.0722947284022345 51.518374052273344, -0.0719958955186237 51.51851389360225, -0.0720575955051605 51.51876343030808, -0.0724181315741336 51.518873126106065))",0,True,True,,0
8b194ad30813fff,13,13-0-2-3,11,3,51.51826435644294,-0.0719341961040517,28.827,"POLYGON ((-0.0719958955186237 51.51851389360225, -0.0722947284022345 51.518374052273344, -0.0722330276742688 51.51812451467679, -0.0718724972614487 51.518014818830196, -0.0715736663096531 51.518154659740844, -0.0716353638388758 51.518404196916336, -0.0719958955186237 51.51851389360225))",0,True,True,,0
8b194ad30814fff,13,13-0-2-4,11,3,51.519043108213076,-0.07145992502624764,28.827,"POLYGON ((-0.0715216229579455 51.519292643590944, -0.0718204598582992 51.519152805722065, -0.0717587606131929 51.51890326990695, -0.0713982276665355 51.518793572381796, -0.0710993926980897 51.51893340983247, -0.0711610887443866 51.5191829452265, -0.0715216229579455 51.519292643590944))",0,True,True,,14
8b194ad30815fff,13,13-0-2-5,11,3,51.51868387398496,-0.07103769722376721,28.827,"POLYGON ((-0.0710993926980897 51.51893340983247, -0.0713982276665355 51.518793572381796, -0.0713365308787826 51.518544036097005, -0.0709760023213466 51.518434337684006, -0.0706771692848314 51.51857417471647, -0.0707388628738148 51.51882371058016, -0.0710993926980897 51.51893340983247))",0,True,True,,3
8b194ad30816fff,13,13-0-2-6,11,3,51.519012966560474,-0.0721192960637039,28.827,"POLYGON ((-0.0721809971942394 51.51926250235935, -0.0724798340180841 51.519122662342205, -0.0724181315741336 51.518873126106065, -0.0720575955051605 51.51876343030808, -0.0717587606131929 51.51890326990695, -0.0718204598582992 51.519152805722065, -0.0721809971942394 51.51926250235935))",0,True,True,,1
8b194ad308b0fff,13,13-2-6-0,11,3,51.51925158753405,-0.07517907692434339,28.827,"POLYGON ((-0.0752407933080521 51.51950112454708, -0.0755396317566538 51.51936127551852, -0.0754779140595671 51.51911173806829, -0.0751173611128131 51.5190020500675, -0.0748185245958352 51.51914189867774, -0.0748802390939806 51.519391435707064, -0.0752407933080521 51.51950112454708))",0,True,True,,1
8b194ad308b1fff,13,13-2-6-1,11,3,51.518892361194894,-0.07475681066979548,28.827,"POLYGON ((-0.0748185245958352 51.51914189867774, -0.0751173611128131 51.5190020500675, -0.0750556458733837 51.51875251214745, -0.0746950973158914 51.51864282325857, -0.0743962627305498 51.51878267145049, -0.0744579747710931 51.51903220894958, -0.0748185245958352 51.51914189867774))",0,True,True,,0
8b194ad308b2fff,13,13-2-6-2,11,3,51.51922142519719,-0.07583846951011405,28.827,"POLYGON ((-0.075900189092731 51.519470962631104, -0.0761990274643622 51.51933111145419, -0.0761373065683301 51.51908157358307, -0.0757767504996104 51.51897188730972, -0.0754779140595671 51.51911173806829, -0.0755396317566538 51.51936127551852, -0.075900189092731 51.519470962631104))",0,True,True,,1
8b194ad308b3fff,13,13-2-6-3,11,3,51.51886220016451,-0.07541619693461303,28.827,"POLYGON ((-0.0754779140595671 51.51911173806829, -0.0757767504996104 51.51897188730972, -0.0757150320612908 51.518722348968765, -0.0753544803818265 51.518612661807246, -0.0750556458733837 51.51875251214745, -0.0751173611128131 51.5190020500675, -0.0754779140595671 51.51911173806829))",0,True,True,,1
8b194ad308b4fff,13,13-2-6-4,11,3,51.51964097228287,-0.07494195416424802,28.827,"POLYGON ((-0.0750036698066895 51.51989050840515, -0.0753025102638687 51.51975066110659, -0.0752407933080521 51.51950112454708, -0.0748802390939806 51.519391435707064, -0.0745814005684639 51.51953128258732, -0.0746431143253442 51.519780818725884, -0.0750036698066895 51.51989050840515))",0,True,True,,17
8b194ad308b5fff,13,13-2-6-5,11,3,51.519281745995215,-0.07451968738371037,28.827,"POLYGON ((-0.0745814005684639 51.51953128258732, -0.0748802390939806 51.519391435707064, -0.0748185245958352 51.51914189867774, -0.0744579747710931 51.51903220894958, -0.074159138177282 51.51917205541153, -0.0742208494765107 51.519421592019924, -0.0745814005684639 51.51953128258732))",0,True,True,,0
8b194ad308b6fff,13,13-2-6-6,11,3,51.519610812515246,-0.0756013500259253,28.827,"POLYGON ((-0.0756630688673056 51.51986034905842, -0.0759619092475441 51.519720499611516, -0.075900189092731 51.519470962631104, -0.0755396317566538 51.51936127551852, -0.0752407933080521 51.51950112454708, -0.0753025102638687 51.51975066110659, -0.0756630688673056 51.51986034905842))",0,True,True,,11
8b194ad30988fff,13,13-6-1-0,11,3,51.51976157259666,-0.07230440117130571,28.827,"POLYGON ((-0.0723661040178587 51.520011107035074, -0.0726649447820263 51.519871268329744, -0.072603240622032 51.51962173345405, -0.072242698896773 51.51951203770475, -0.0719438600644729 51.51965187599185, -0.0720055610255627 51.519901410446515, -0.0723661040178587 51.520011107035074))",0,True,True,,6
8b194ad30989fff,13,13-6-1-1,11,3,51.519402341083705,-0.0718821596753922,28.827,"POLYGON ((-0.0719438600644729 51.51965187599185, -0.072242698896773 51.51951203770475, -0.0721809971942394 51.51926250235935, -0.0718204598582992 51.519152805722065, -0.0715216229579455 51.519292643590944, -0.0715833214615992 51.51954217851531, -0.0719438600644729 51.51965187599185))",0,True,True,,21
8b194ad3098afff,13,13-6-1-2,11,3,51.51973142833163,-0.07296378485120533,28.827,"POLYGON ((-0.0730254908967064 51.51998096319103, -0.0733243315842522 51.51984112233742, -0.0732626242253035 51.51959158704074, -0.0729020793777361 51.51948189301867, -0.072603240622032 51.51962173345405, -0.0726649447820263 51.519871268329744, -0.0730254908967064 51.51998096319103))",0,True,True,,0
8b194ad3098bfff,13,13-6-1-3,11,3,51.51937219812488,-0.07254153703402776,28.827,"POLYGON ((-0.072603240622032 51.51962173345405, -0.0729020793777361 51.51948189301867, -0.0728403744763236 51.51923235725228, -0.0724798340180841 51.519122662342205, -0.0721809971942394 51.51926250235935, -0.072242698896773 51.51951203770475, -0.072603240622032 51.51962173345405))",0,True,True,,0
8b194ad3098cfff,13,13-6-1-4,11,3,51.520150944447636,-0.07206726255866236,28.827,"POLYGON ((-0.0721289646637728 51.52040047799527, -0.0724278074364228 51.52026064101999, -0.0723661040178587 51.520011107035074, -0.0720055610255627 51.519901410446515, -0.0717067201848494 51.52004124700356, -0.0717684204044682 51.52029078056744, -0.0721289646637728 51.52040047799527))",0,True,True,,10
8b194ad3098dfff,13,13-6-1-5,11,3,51.51979171298617,-0.07164502053722503,28.827,"POLYGON ((-0.0717067201848494 51.52004124700356, -0.0720055610255627 51.519901410446515, -0.0719438600644729 51.51965187599185, -0.0715833214615992 51.51954217851531, -0.071284482552825 51.519682014654165, -0.0713461803149991 51.519931548687765, -0.0717067201848494 51.52004124700356))",0,True,True,,19
8b194ad3098efff,13,13-6-1-6,11,3,51.52012080275189,-0.07272664951409817,28.827,"POLYGON ((-0.0727883548181669 51.520370336720525, -0.0730871975142455 51.520230497596934, -0.0730254908967064 51.51998096319103, -0.0726649447820263 51.519871268329744, -0.0723661040178587 51.520011107035074, -0.0724278074364228 51.52026064101999, -0.0727883548181669 51.520370336720525))",0,True,True,,1
8b194ad309a8fff,13,13-6-5-0,11,3,51.520570448928716,-0.07117073401112413,28.827,"POLYGON ((-0.0712324321757494 51.520819981164536, -0.0715312770334076 51.52068014806755, -0.0714695775552818 51.52043061539448, -0.0711090364184987 51.52032091623941, -0.0708101934928826 51.520460748918175, -0.0708718897720263 51.52071028117022, -0.0712324321757494 51.520819981164536))",0,True,True,,1
8b194ad309a9fff,13,13-6-5-1,11,3,51.520211216212644,-0.07074849778571211,28.827,"POLYGON ((-0.0708101934928826 51.520460748918175, -0.0711090364184987 51.52032091623941, -0.0710473393978314 51.52007138309661, -0.0706868026505038 51.51996168305361, -0.0703879616569524 51.520101515314174, -0.0704496554786673 51.520351048035934, -0.0708101934928826 51.520460748918175))",0,True,True,,3
8b194ad309aafff,13,13-6-5-2,11,3,51.52054031367781,-0.07183012119609754,28.827,"POLYGON ((-0.0718918225597178 51.52078984633463, -0.0721906673408695 51.52065001108941, -0.0721289646637728 51.52040047799527, -0.0717684204044682 51.52029078056744, -0.0714695775552818 51.52043061539448, -0.0715312770334076 51.52068014806755, -0.0718918225597178 51.52078984633463))",0,True,True,,28
8b194ad309abfff,13,13-6-5-3,11,3,51.52018108226789,-0.07140787864916133,28.827,"POLYGON ((-0.0714695775552818 51.52043061539448, -0.0717684204044682 51.52029078056744, -0.0717067201848494 51.52004124700356, -0.0713461803149991 51.519931548687765, -0.0710473393978314 51.52007138309661, -0.0711090364184987 51.52032091623941, -0.0714695775552818 51.52043061539448))",0,True,True,,12
8b194ad309acfff,13,13-6-5-4,11,3,51.52095981296875,-0.07093358662314915,28.827,"POLYGON ((-0.0709952840462061 51.521209344313704, -0.0712941309123602 51.521069512946795, -0.0712324321757494 51.520819981164536, -0.0708718897720263 51.52071028117022, -0.0705730448379681 51.520850112118936, -0.0706347403755662 51.521099643480134, -0.0709952840462061 51.521209344313704))",0,True,True,,0
8b194ad309adfff,13,13-6-5-5,11,3,51.520600580304155,-0.07051134987233373,28.827,"POLYGON ((-0.0705730448379681 51.520850112118936, -0.0708718897720263 51.52071028117022, -0.0708101934928826 51.520460748918175, -0.0704496554786673 51.520351048035934, -0.0701508124767279 51.520490878566456, -0.0702125055568834 51.520740410397416, -0.0705730448379681 51.520850112118936))",0,True,True,,0
8b194ad309aefff,13,13-6-5-6,11,3,51.52092968028711,-0.07159297708352409,28.827,"POLYGON ((-0.0716546777056579 51.52117921205314, -0.0719535244953659 51.52103937853794, -0.0718918225597178 51.52078984633463, -0.0715312770334076 51.52068014806755, -0.0712324321757494 51.520819981164536, -0.0712941309123602 51.521069512946795, -0.0716546777056579 51.52117921205314))",0,True,True,,1
8b194ad34670fff,15,15-1-6-0,11,3,51.52470273551789,-0.07185910803147649,28.827,"POLYGON ((-0.0719208140351596 51.52495226005883, -0.0722196806054558 51.524812435251434, -0.0721579732880875 51.52456291027316, -0.0717974025998481 51.52445321052327, -0.0714985379618041 51.52459303491242, -0.0715602420797406 51.524842559469725, -0.0719208140351596 51.52495226005883))",0,True,True,,13
8b194ad34671fff,15,15-1-6-1,11,3,51.524343509901435,-0.07143683441597751,28.827,"POLYGON ((-0.0714985379618041 51.52459303491242, -0.0717974025998481 51.52445321052327, -0.0717356977403452 51.52420368507496, -0.0713751314422242 51.5240939844368, -0.07107626873645 51.52423380840778, -0.0711379703965457 51.52448333343506, -0.0714985379618041 51.52459303491242))",0,True,True,,2
8b194ad34672fff,15,15-1-6-2,11,3,51.52467260915118,-0.07251854648064503,28.827,"POLYGON ((-0.072580255683824 51.524922134113076, -0.0728791221775668 51.524782307157245, -0.0728174116607117 51.52453278175803, -0.072456837849604 51.5244230837356, -0.0721579732880875 51.52456291027316, -0.0722196806054558 51.524812435251434, -0.072580255683824 51.524922134113076))",0,True,True,,2
8b194ad34673fff,15,15-1-6-3,11,3,51.524313384841236,-0.07209626654280502,28.827,"POLYGON ((-0.0721579732880875 51.52456291027316, -0.072456837849604 51.5244230837356, -0.0723951297906693 51.52417355786635, -0.0720345603696482 51.52406385895563, -0.0717356977403452 51.52420368507496, -0.0717974025998481 51.52445321052327, -0.0721579732880875 51.52456291027316))",0,True,True,,0
8b194ad34674fff,15,15-1-6-4,11,3,51.525092083573384,-0.07162194676971119,28.827,"POLYGON ((-0.0716836520317986 51.52534160722337, -0.0719825206109445 51.52520178414613, -0.0719208140351596 51.52495226005883, -0.0715602420797406 51.524842559469725, -0.0712613754329161 51.52498238212871, -0.0713230788092028 51.525231905795046, -0.0716836520317986 51.52534160722337))",0,True,True,,2
8b194ad34675fff,15,15-1-6-5,11,3,51.52473285800871,-0.0711996726286888,28.827,"POLYGON ((-0.0712613754329161 51.52498238212871, -0.0715602420797406 51.524842559469725, -0.0714985379618041 51.52459303491242, -0.0711379703965457 51.52448333343506, -0.0708391056820756 51.524623155675826, -0.0709008066005334 51.52487267981218, -0.0712613754329161 51.52498238212871))",0,True,True,,6
8b194ad34676fff,15,15-1-6-6,11,3,51.52506195977601,-0.0722813884949463,28.827,"POLYGON ((-0.0723430969565653 51.525311483846956, -0.0726419654591469 51.52517165862131, -0.072580255683824 51.524922134113076, -0.0722196806054558 51.524812435251434, -0.0719208140351596 51.52495226005883, -0.0719825206109445 51.52520178414613, -0.0723430969565653 51.525311483846956))",0,True,True,,2
8b194ad35cf0fff,42,42-3-6-0,11,3,51.520304828015945,-0.0521022559393547,28.827,"POLYGON ((-0.0521638603674365 51.52055435028137, -0.0524627014581038 51.52041457643519, -0.0524010957163451 51.52016505373223, -0.0520406520824023 51.52005530529725, -0.0517418129252792 51.52019507872587, -0.0518034154685479 51.520444601007014, -0.0521638603674365 51.52055435028137))",0,True,True,,9
8b194ad35cf1fff,42,42-3-6-1,11,3,51.519945555991406,-0.051680210953077434,28.827,"POLYGON ((-0.0517418129252792 51.52019507872587, -0.0520406520824023 51.52005530529725, -0.0519790487965375 51.51980578212525, -0.0516186095519878 51.519696032803715, -0.0513197723284162 51.51983580581478, -0.0513813724158258 51.52008532856493, -0.0517418129252792 51.52019507872587))",0,True,True,,8
8b194ad35cf2fff,42,42-3-6-2,11,3,51.520274801296345,-0.05276154185491119,28.827,"POLYGON ((-0.0528231494814858 51.52052432398355, -0.0531219904980805 51.52038454798954, -0.0530603815578021 51.520135024864786, -0.0526999347994418 51.52002527815583, -0.0524010957163451 51.52016505373223, -0.0524627014581038 51.52041457643519, -0.0528231494814858 51.52052432398355))",0,True,True,,5
8b194ad35cf3fff,42,42-3-6-3,11,3,51.51991553057598,-0.05233949054569558,28.827,"POLYGON ((-0.0524010957163451 51.52016505373223, -0.0526999347994418 51.52002527815583, -0.0526383283151125 51.51977575456202, -0.0522778859461339 51.51966600696644, -0.0519790487965375 51.51980578212525, -0.0520406520824023 51.52005530529725, -0.0524010957163451 51.52016505373223))",0,True,True,,2
8b194ad35cf4fff,42,42-3-6-4,11,3,51.520694122834854,-0.05186501858292529,28.827,"POLYGON ((-0.0519266222683816 51.520943644209446, -0.0522254653666384 51.52080387209349, -0.0521638603674365 51.52055435028137, -0.0518034154685479 51.520444601007014, -0.0515045743038842 51.520584372705414, -0.051566176104545 51.5208338940957, -0.0519266222683816 51.520943644209446))",0,True,True,,2
8b194ad35cf5fff,42,42-3-6-5,11,3,51.5203348508618,-0.051442973074311386,28.827,"POLYGON ((-0.0515045743038842 51.520584372705414, -0.0518034154685479 51.520444601007014, -0.0517418129252792 51.52019507872587, -0.0513813724158258 51.52008532856493, -0.0510825331847625 51.52022509984577, -0.0511441325295556 51.52047462170509, -0.0515045743038842 51.520584372705414))",0,True,True,,6
8b194ad35cf6fff,42,42-3-6-6,11,3,51.520664098684875,-0.05252430777102364,28.827,"POLYGON ((-0.052585914655034 51.520913620481224, -0.0528847576792226 51.520773846217445, -0.0528231494814858 51.52052432398355, -0.0524627014581038 51.52041457643519, -0.0521638603674365 51.52055435028137, -0.0522254653666384 51.52080387209349, -0.052585914655034 51.520913620481224))",0,True,True,,1
8b194ad348c8fff,58,58-3-1-0,11,3,51.53359829961057,-0.0593865103413909,28.827,"POLYGON ((-0.0594481648216661 51.533847799913104, -0.0597470764195537 51.53370803680622, -0.0596854206250592 51.53345853606613, -0.0593248564328582 51.53334879885424, -0.0590259467688319 51.53348856154327, -0.059087599363169 51.533738061862024, -0.0594481648216661 51.533847799913104))",0,True,True,,0
8b194ad348c9fff,58,58-3-1-1,11,3,51.53323906077066,-0.05896429474622589,28.827,"POLYGON ((-0.0590259467688319 51.53348856154327, -0.0593248564328582 51.53334879885424, -0.059263203096016 51.533099297644085, -0.058902643295258 51.53298955954424, -0.0586037355651004 51.53312932181544, -0.0586653857018558 51.53337882260427, -0.0590259467688319 51.53348856154327))",0,True,True,,15
8b194ad348cafff,58,58-3-1-2,11,3,51.533568272406356,-0.06004598732278809,28.827,"POLYGON ((-0.0601076450032388 51.533817773130174, -0.0604065565260914 51.5336780078749, -0.0603448975314505 51.53342850671352, -0.0599843302141017 51.533318771228714, -0.0596854206250592 51.53345853606613, -0.0597470764195537 51.53370803680622, -0.0601076450032388 51.533817773130174))",0,True,True,,0
8b194ad348cbfff,58,58-3-1-3,11,3,51.533209034872215,-0.059623765402276596,28.827,"POLYGON ((-0.0596854206250592 51.53345853606613, -0.0599843302141017 51.533318771228714, -0.0599226736771275 51.533069269597256, -0.0595621107512308 51.53295953322452, -0.059263203096016 51.533099297644085, -0.0593248564328582 51.53334879885424, -0.0596854206250592 51.53345853606613))",0,True,True,,12
8b194ad348ccfff,58,58-3-1-4,11,3,51.533987561727,-0.05914925252918697,28.827,"POLYGON ((-0.059210906266902 51.534237061138136, -0.0595098198736385 51.53409729976181, -0.0594481648216661 51.533847799913104, -0.059087599363169 51.533738061862024, -0.0587886876903376 51.53387782282051, -0.0588503395420964 51.53412732224789, -0.059210906266902 51.534237061138136))",0,True,True,,1
8b194ad348cdfff,58,58-3-1-5,11,3,51.53362832293929,-0.05872703641024917,28.827,"POLYGON ((-0.0587886876903376 51.53387782282051, -0.059087599363169 51.533738061862024, -0.0590259467688319 51.53348856154327, -0.0586653857018558 51.53337882260427, -0.058366475962937 51.533518583144925, -0.0584281253571004 51.53376808304236, -0.0587886876903376 51.53387782282051))",0,True,True,,2
8b194ad348cefff,58,58-3-1-6,11,3,51.53395753709247,-0.059808732785750905,28.827,"POLYGON ((-0.0598703897236977 51.5342070369249, -0.0601693032554188 51.53406727340015, -0.0601076450032388 51.533817773130174, -0.0597470764195537 51.53370803680622, -0.0594481648216661 51.533847799913104, -0.0595098198736385 51.53409729976181, -0.0598703897236977 51.5342070369249))",0,True,True,,0
8b195da69a30fff,71,71-0-6-0,11,3,51.5483860717427,-0.07538378466687,28.827,"POLYGON ((-0.0754455335609584 51.54863555189992, -0.0757445245937024 51.54849577594642, -0.0756827743848506 51.5482462953517, -0.0753220363454989 51.54813659113091, -0.0750230472463522 51.54827636666599, -0.0750847942529838 51.54852584684029, -0.0754455335609584 51.54863555189992))",0,True,True,,2
8b195da69a31fff,71,71-0-6-1,11,3,51.548026886037185,-0.0749613008124266,28.827,"POLYGON ((-0.0750230472463522 51.54827636666599, -0.0753220363454989 51.54813659113091, -0.0752602885968545 51.547887110064664, -0.0748995549512215 51.54777740495392, -0.0746005677856949 51.54791718007059, -0.0746623123321845 51.54816666071639, -0.0750230472463522 51.54827636666599))",0,True,True,,3
8b195da69a32fff,71,71-0-6-2,11,3,51.54835599869952,-0.07604351493052282,28.827,"POLYGON ((-0.0761052670268598 51.548605479277214, -0.0764042579825109 51.548465701174415, -0.0763425045714603 51.54821622015928, -0.0759817634069659 51.54810651766734, -0.0756827743848506 51.5482462953517, -0.0757445245937024 51.54849577594642, -0.0761052670268598 51.548605479277214))",0,True,True,,1
8b195da69a33fff,71,71-0-6-3,11,3,51.547996814302486,-0.07562102474877777,28.827,"POLYGON ((-0.0756827743848506 51.5482462953517, -0.0759817634069659 51.54810651766734, -0.0759200124561474 51.54785703618069, -0.075559275685391 51.54774733279877, -0.0752602885968545 51.547887110064664, -0.0753220363454989 51.54813659113091, -0.0756827743848506 51.5482462953517))",0,True,True,,2
8b195da69a34fff,71,71-0-6-4,11,3,51.54877532656007,-0.07514654183234781,28.827,"POLYGON ((-0.0752082899844196 51.549024805825354, -0.0755072830277958 51.54888503160269, -0.0754455335609584 51.54863555189992, -0.0750847942529838 51.54852584684029, -0.0747858031432435 51.54866562064453, -0.0748475494078505 51.54891509992686, -0.0752082899844196 51.549024805825354))",0,True,True,,0
8b195da69a35fff,71,71-0-6-5,11,3,51.548416140907705,-0.07472405745138412,28.827,"POLYGON ((-0.0747858031432435 51.54866562064453, -0.0750847942529838 51.54852584684029, -0.0750230472463522 51.54827636666599, -0.0746623123321845 51.54816666071639, -0.0743633231560979 51.548306434102216, -0.0744250669605287 51.54855591385608, -0.0747858031432435 51.54866562064453))",0,True,True,,5
8b195da69a36fff,71,71-0-6-6,11,3,51.54874525608661,-0.07580627537527262,28.827,"POLYGON ((-0.0758680267296237 51.54899473577231, -0.0761670196959574 51.548854959400366, -0.0761052670268598 51.548605479277214, -0.0757445245937024 51.54849577594642, -0.0754455335609584 51.54863555189992, -0.0755072830277958 51.54888503160269, -0.0758680267296237 51.54899473577231))",0,True,True,,12
