tile_id,seed_index,tile_path_id,h3_res,level,center_lat,center_lon,tile_size_m,geometry,children,checked,fetch_success,current,result_count
88194ad149fffff,25,25,8,0,51.49778510978601,-0.1138769318540569,531.415,"POLYGON ((-0.1126520884031156 51.50225956858746, -0.1193591262592725 51.50106627305865, -0.1205834895759697 51.4965915617412, -0.115101596407207 51.493310413263046, -0.1083956252177884 51.49450374995465, -0.1071704806419031 51.49897819394648, -0.1126520884031156 51.50225956858746))",7,True,True,True,82
88194ad14dfffff,38,38,8,0,51.499872513581074,-0.1260662704928833,531.415,"POLYGON ((-0.1248422085487067 51.50434723964876, -0.1315499392731926 51.50315326865882, -0.1327735209226602 51.4986782901182, -0.1272901536264001 51.4953975497755, -0.1205834895759697 51.4965915617412, -0.1193591262592725 51.50106627305865, -0.1248422085487067 51.50434723964876))",7,True,True,True,23
88194ad14bfffff,40,40,8,0,51.49002906827037,-0.1096205908713709,531.415,"POLYGON ((-0.1083956252177884 51.49450374995465, -0.115101596407207 51.493310413263046, -0.1163260821006756 51.48883547906034, -0.110845377640786 51.4855541489355, -0.1041404728531652 51.48674752688704, -0.1029152062350974 51.49122219368838, -0.1083956252177884 51.49450374995465))",7,True,True,True,32
88194ad337fffff,41,41,8,0,51.48794044111101,-0.0974356747907015,531.415,"POLYGON ((-0.0962099283729871 51.49241485535092, -0.1029152062350974 51.49122219368838, -0.1041404728531652 51.48674752688704, -0.0986612422372624 51.48346578923682, -0.09195703076919 51.484658492346284, -0.0907309836344751 51.48913289164394, -0.0962099283729871 51.49241485535092))",7,True,True,True,82
88194ad141fffff,48,48,8,0,51.49211661271493,-0.1218076740574709,531.415,"POLYGON ((-0.1205834895759697 51.4965915617412, -0.1272901536264001 51.4953975497755, -0.1285138579873327 51.49092234827387, -0.1230316797418314 51.48764142602171, -0.1163260821006756 51.48883547906034, -0.115101596407207 51.493310413263046, -0.1205834895759697 51.4965915617412))",7,True,True,True,35
88195da493fffff,57,57,8,0,51.50195883361918,-0.138257776061402,531.415,"POLYGON ((-0.137034496032085 51.506433826850625, -0.1437429191577654 51.505239180154575, -0.1449657187319727 51.50076393449329, -0.1394808773672925 51.497483602633494, -0.1327735209226602 51.4986782901182, -0.1315499392731926 51.50315326865882, -0.137034496032085 51.506433826850625))",7,True,True,True,48
88194ad145fffff,62,62,8,0,51.4942030738524,-0.1339969238240998,531.415,"POLYGON ((-0.1327735209226602 51.4986782901182, -0.1394808773672925 51.497483602633494, -0.1407037999878035 51.493008133935426, -0.1352201480155889 51.489727619903285, -0.1285138579873327 51.49092234827387, -0.1272901536264001 51.4953975497755, -0.1327735209226602 51.4986782901182))",7,True,True,True,121
88194ad15dfffff,64,64,8,0,51.48227262246419,-0.1053655605625786,531.415,"POLYGON ((-0.1041404728531652 51.48674752688704, -0.110845377640786 51.4855541489355, -0.1120699855640625 51.48107899199183, -0.1065904694014123 51.47779748046167, -0.0998866307507632 51.478990899770224, -0.0986612422372624 51.48346578923682, -0.1041404728531652 51.48674752688704))",0,True,True,True,17
88194ad159fffff,68,68,8,0,51.48018385544346,-0.0931828989083554,531.415,"POLYGON ((-0.09195703076919 51.484658492346284, -0.0986612422372624 51.48346578923682, -0.0998866307507632 51.478990899770224, -0.0944085880900646 51.47570898097732, -0.0877054427510653 51.476901725630704, -0.086479274055162 51.48137634751797, -0.09195703076919 51.484658492346284))",7,True,True,True,32
88194ad169fffff,86,86,8,0,51.49628845109052,-0.1461883396454525,531.415,"POLYGON ((-0.1449657187319727 51.50076393449329, -0.151673767103535 51.499568571244744, -0.1528959075757902 51.49509283545281, -0.1474107819362128 51.4918127299881, -0.1407037999878035 51.493008133935426, -0.1394808773672925 51.497483602633494, -0.1449657187319727 51.50076393449329))",7,True,True,True,132
88194ad151fffff,93,93,8,0,51.47451577275307,-0.1011118403692577,531.415,"POLYGON ((-0.0998866307507632 51.478990899770224, -0.1065904694014123 51.47779748046167, -0.1078151994077165 51.47332210092135, -0.1023368711308112 51.47004040822724, -0.0956340983523607 51.47123386898976, -0.0944085880900646 51.47570898097732, -0.0998866307507632 51.478990899770224))",0,True,True,True,19
88194ad15bfffff,106,106,8,0,51.47242686620928,-0.0889314324651256,531.415,"POLYGON ((-0.0877054427510653 51.476901725630704, -0.0944085880900646 51.47570898097732, -0.0956340983523607 51.47123386898976, -0.0901572432354421 51.46795176929554, -0.0834551637606299 51.469144555589764, -0.0822288736500027 51.47361939992232, -0.0877054427510653 51.476901725630704))",7,True,True,True,61
88194ad16dfffff,115,115,8,0,51.498372743837066,-0.1583819209946663,531.415,"POLYGON ((-0.1571600824770642 51.50284849427422, -0.163868822307812 51.50165245501701, -0.1650901802239579 51.49717645223391, -0.159603580976933 51.49389675568397, -0.1528959075757902 51.49509283545281, -0.151673767103535 51.499568571244744, -0.1571600824770642 51.50284849427422))",7,True,True,True,103
88194ad161fffff,120,120,8,0,51.49061686197401,-0.154117869487997,531.415,"POLYGON ((-0.1528959075757902 51.49509283545281, -0.159603580976933 51.49389675568397, -0.160825062461839 51.489420529856766, -0.1553396528781964 51.486140650850174, -0.1486330456422775 51.48733677122789, -0.1474107819362128 51.4918127299881, -0.1528959075757902 51.49509283545281))",7,True,True,True,55
88194ad153fffff,133,133,8,0,51.46675851952269,-0.096859429733329,531.415,"POLYGON ((-0.0956340983523607 51.47123386898976, -0.1023368711308112 51.47004040822724, -0.1035617230734389 51.46556480623466, -0.0980845822709796 51.462282932617946, -0.0913828751000382 51.463476434931366, -0.0901572432354421 51.46795176929554, -0.0956340983523607 51.47123386898976))",7,True,True,True,29
88194ad165fffff,154,154,8,0,51.49270021174763,-0.1663113596674811,531.415,"POLYGON ((-0.1650901802239579 51.49717645223391, -0.1717985446099629 51.49597969639887, -0.1730192434660841 51.49150320360738, -0.1675323606764143 51.488223733599966, -0.160825062461839 51.489420529856766, -0.159603580976933 51.49389675568397, -0.1650901802239579 51.49717645223391))",7,True,True,True,64
88194ad119fffff,172,172,8,0,51.46108896681724,-0.1047863962351881,531.415,"POLYGON ((-0.1035617230734389 51.46556480623466, -0.1102641230749074 51.46437062939497, -0.1114883168118341 51.459894537492715, -0.1060108906540815 51.45661289001688, -0.0993095560033641 51.457807108317525, -0.0980845822709796 51.462282932617946, -0.1035617230734389 51.46556480623466))",7,True,True,True,59
88194ad025fffff,181,181,8,0,51.45900086315873,-0.0926083280969441,531.415,"POLYGON ((-0.0913828751000382 51.463476434931366, -0.0980845822709796 51.462282932617946, -0.0993095560033641 51.457807108317525, -0.0938336022642215 51.45452505401953, -0.0871329604360968 51.45571859798069, -0.0859072071156301 51.46019415457707, -0.0913828751000382 51.463476434931366))",0,True,True,True,1
88194ada5bfffff,198,198,8,0,51.48702647316735,-0.1742397639503309,531.415,"POLYGON ((-0.1730192434660841 51.49150320360738, -0.1797272321912926 51.490305731226954, -0.1809472721022249 51.48582874852249, -0.1754601061006923 51.4825495051206, -0.1687531832887198 51.4837470178329, -0.1675323606764143 51.488223733599966, -0.1730192434660841 51.49150320360738))",7,True,True,True,61
88194ad12dfffff,209,209,8,0,51.47927006448822,-0.1699738275424014,531.415,"POLYGON ((-0.1687531832887198 51.4837470178329, -0.1754601061006923 51.4825495051206, -0.1766802699551435 51.47807229950911, -0.1711942934754394 51.47479287360789, -0.1644884363126803 51.475990426749206, -0.1632674900917246 51.4804673653475, -0.1687531832887198 51.4837470178329))",0,True,True,True,5
88194ad111fffff,213,213,8,0,51.45541820822035,-0.1127123318683368,531.415,"POLYGON ((-0.1114883168118341 51.459894537492715, -0.1181903438200501 51.458699644607925, -0.1194138794652971 51.45422306289141, -0.1139361682824308 51.450941641619785, -0.1072352063681482 51.45213657587554, -0.1060108906540815 51.45661289001688, -0.1114883168118341 51.459894537492715))",7,True,True,True,30
88194ad11bfffff,218,218,8,0,51.4533310466633,-0.1005343509684745,531.415,"POLYGON ((-0.0993095560033641 51.457807108317525, -0.1060108906540815 51.45661289001688, -0.1072352063681482 51.45213657587554, -0.10175896720437 51.448854747697254, -0.0950586976398822 51.450049007555684, -0.0938336022642215 51.45452505401953, -0.0993095560033641 51.457807108317525))",7,True,True,True,28
88194ada53fffff,247,247,8,0,51.48135152822417,-0.1821671337420156,531.415,"POLYGON ((-0.1809472721022249 51.48582874852249, -0.1876548849507006 51.4846305596292, -0.1888742660313541 51.48015308710729, -0.1833868171486412 51.47687407037387, -0.1766802699551435 51.47807229950911, -0.1754601061006923 51.4825495051206, -0.1809472721022249 51.48582874852249))",7,True,True,True,41
88194ad117fffff,261,261,8,0,51.44974624385955,-0.1206372365305596,531.415,"POLYGON ((-0.1194138794652971 51.45422306289141, -0.1261155332641019 51.45302745399369, -0.1273384109317498 51.44855038255844, -0.1218604150538097 51.4452691875543, -0.1151598260920712 51.446464837733025, -0.1139361682824308 51.450941641619785, -0.1194138794652971 51.45422306289141))",0,True,True,True,19
88194ad125fffff,262,262,8,0,51.47359485637475,-0.1779002555516401,531.415,"POLYGON ((-0.1766802699551435 51.47807229950911, -0.1833868171486412 51.47687407037387, -0.1846063223600129 51.47239637501353, -0.1791200629281443 51.469117175759465, -0.1724145811257891 51.47031544523386, -0.1711942934754394 51.47479287360789, -0.1766802699551435 51.47807229950911))",7,True,True,True,26
88194ad113fffff,265,265,8,0,51.4476600244352,-0.1084593434153468,531.415,"POLYGON ((-0.1072352063681482 51.45213657587554, -0.1139361682824308 51.450941641619785, -0.1151598260920712 51.446464837733025, -0.1096833018336885 51.44318323573779, -0.1029834047490142 51.44437821146135, -0.10175896720437 51.448854747697254, -0.1072352063681482 51.45213657587554))",0,True,True,True,4
88194ad127fffff,279,279,8,0,51.46583777940801,-0.173634690531402,531.415,"POLYGON ((-0.1724145811257891 51.47031544523386, -0.1791200629281443 51.469117175759465, -0.1803396921226141 51.46463925770522, -0.1748546217302413 51.4613598761723, -0.1681502050551993 51.46255818608294, -0.1669297937564491 51.46703583707501, -0.1724145811257891 51.47031544523386))",7,True,True,True,44
88194ad1edfffff,304,304,8,0,51.44407307386261,-0.1285611101198273,531.415,"POLYGON ((-0.1273384109317498 51.44855038255844, -0.1340396913051884 51.447354057680016, -0.1352619111093051 51.44287649662158, -0.1297836308663093 51.4395955279482, -0.123083415073046 51.44079189401762, -0.1218604150538097 51.4452691875543, -0.1273384109317498 51.44855038255844))",7,True,True,True,23
88194ad1e9fffff,306,306,8,0,51.44198779660201,-0.1163833053352653,531.415,"POLYGON ((-0.1151598260920712 51.446464837733025, -0.1218604150538097 51.4452691875543, -0.123083415073046 51.44079189401762, -0.117606606049971 51.43751051826879, -0.1109070816611548 51.4387062098253, -0.1096833018336885 51.44318323573779, -0.1151598260920712 51.446464837733025))",0,True,True,True,1
88194adac9fffff,307,307,8,0,51.45808029771017,-0.169370438122456,531.415,"POLYGON ((-0.1681502050551993 51.46255818608294, -0.1748546217302413 51.4613598761723, -0.1760743747602198 51.45688173556875, -0.1705904929961528 51.453602171998696, -0.1638871411846876 51.454800522442646, -0.162666606384923 51.45927839590817, -0.1681502050551993 51.46255818608294))",7,True,True,True,47
88194ada1bfffff,310,310,8,0,51.46791844218505,-0.1858256494141196,531.415,"POLYGON ((-0.1846063223600129 51.47239637501353, -0.1913124937192865 51.47119742948794, -0.1925313404024583 51.466719244474376, -0.1870447983488853 51.463440271930445, -0.1803396921226141 51.46463925770522, -0.1791200629281443 51.469117175759465, -0.1846063223600129 51.47239637501353))",7,True,True,True,21
88194ad133fffff,313,313,8,0,51.44615726918798,-0.1407410774700053,531.415,"POLYGON ((-0.1395191587439313 51.45063484534612, -0.1462211300632049 51.44943784552358, -0.1474425692454042 51.444960017045915, -0.1419628178414887 51.44167945579488, -0.1352619111093051 51.44287649662158, -0.1340396913051884 51.447354057680016, -0.1395191587439313 51.45063484534612))",0,True,True,True,7
88194ad137fffff,319,319,8,0,51.44824038198672,-0.1529232068608109,531.415,"POLYGON ((-0.1517020690036068 51.45271822550466, -0.1584047308023641 51.45152055049356, -0.1596253889558694 51.447042454699286, -0.154144166450511 51.44376230121755, -0.1474425692454042 51.444960017045915, -0.1462211300632049 51.44943784552358, -0.1517020690036068 51.45271822550466))",7,True,True,True,52
88194adacdfffff,331,331,8,0,51.46016110225395,-0.181559143172963,531.415,"POLYGON ((-0.1803396921226141 51.46463925770522, -0.1870447983488853 51.463440271930445, -0.1882637692022197 51.458961864291666, -0.1827784161171157 51.45568270944765, -0.1760743747602198 51.45688173556875, -0.1748546217302413 51.4613598761723, -0.1803396921226141 51.46463925770522))",7,True,True,True,23
88194adacbfffff,335,335,8,0,51.45032241166759,-0.1651074977662228,531.415,"POLYGON ((-0.1638871411846876 51.454800522442646, -0.1705904929961528 51.453602171998696, -0.1718103697142086 51.44912380899049, -0.166327676167437 51.44584406362495, -0.1596253889558694 51.447042454699286, -0.1584047308023641 51.45152055049356, -0.1638871411846876 51.454800522442646))",0,True,True,True,4
88194ad1e5fffff,353,353,8,0,51.43839869835741,-0.1364839525342914,531.415,"POLYGON ((-0.1352619111093051 51.44287649662158, -0.1419628178414887 51.44167945579488, -0.1431843798962777 51.43720140520888, -0.1377058156180739 51.43392066292951, -0.1310059732091257 51.43511774485723, -0.1297836308663093 51.4395955279482, -0.1352619111093051 51.44287649662158))",0,True,True,True,0
88194adac1fffff,356,356,8,0,51.452403357639305,-0.1772939496592673,531.415,"POLYGON ((-0.1760743747602198 51.45688173556875, -0.1827784161171157 51.45568270944765, -0.1839975109929982 51.45120407932831, -0.1785133464653146 51.44792474242598, -0.1718103697142086 51.44912380899049, -0.1705904929961528 51.453602171998696, -0.1760743747602198 51.45688173556875))",0,True,True,True,1
88194adad9fffff,359,359,8,0,51.44048195134614,-0.1486638301355249,531.415,"POLYGON ((-0.1474425692454042 51.444960017045915, -0.154144166450511 51.44376230121755, -0.1553649478106151 51.439283983239115, -0.1498849127714648 51.43600364846633, -0.1431843798962777 51.43720140520888, -0.1419628178414887 51.44167945579488, -0.1474425692454042 51.444960017045915))",7,True,True,True,45
88194adaddfffff,370,370,8,0,51.44256412166656,-0.160845868904419,531.415,"POLYGON ((-0.1596253889558694 51.447042454699286, -0.166327676167437 51.44584406362495, -0.1675476764262402 51.44136547835678, -0.1620661706859226 51.438085551437496, -0.1553649478106151 51.439283983239115, -0.154144166450511 51.44376230121755, -0.1596253889558694 51.447042454699286))",7,True,True,True,22
89194ad1483ffff,25,25-0,9,1,51.49778510978604,-0.11387693185406722,200.821,"POLYGON ((-0.1143101234059588 51.4995323010969, -0.1164012796186238 51.49855211797996, -0.1159680237786675 51.496804905281756, -0.1134437684021638 51.496037896266216, -0.1113527066188406 51.49701805882548, -0.1117858057830626 51.498765250956524, -0.1143101234059588 51.4995323010969))",0,True,True,,13
89194ad1487ffff,25,25-1,9,1,51.49527084448821,-0.11091963554823239,200.821,"POLYGON ((-0.1113527066188406 51.49701805882548, -0.1134437684021638 51.496037896266216, -0.1130106330476026 51.49429066054064, -0.1104865925685721 51.49352360794788, -0.108395625217773 51.49450374995466, -0.1088286039138492 51.49625096510528, -0.1113527066188406 51.49701805882548))",0,True,True,,5
89194ad148bffff,25,25-2,9,1,51.4975718715279,-0.11849240167686285,200.821,"POLYGON ((-0.1189257499116704 51.49931908340045, -0.1210169020958984 51.49833879499781, -0.1205834895759697 51.4965915617412, -0.1180590815521569 51.495824637444215, -0.1159680237786675 51.496804905281756, -0.1164012796186238 51.49855211797996, -0.1189257499116704 51.49931908340045))",0,True,True,,0
89194ad148fffff,25,25-3,9,1,51.495057670375076,-0.11553479604242262,200.821,"POLYGON ((-0.1159680237786675 51.496804905281756, -0.1180590815521569 51.495824637444215, -0.1176257895348853 51.494077381152486, -0.115101596407207 51.493310413263046, -0.1130106330476026 51.49429066054064, -0.1134437684021638 51.496037896266216, -0.1159680237786675 51.496804905281756))",0,True,True,,6
89194ad1493ffff,25,25-4,9,1,51.50051242087821,-0.1122189330435954,200.821,"POLYGON ((-0.1126520884031156 51.50225956858746, -0.1147433430605512 51.50127947019572, -0.1143101234059588 51.4995323010969, -0.1117858057830626 51.498765250956524, -0.1096946455704231 51.49974532879283, -0.1101277085362679 51.501492477323495, -0.1126520884031156 51.50225956858746))",7,True,True,,37
89194ad1497ffff,25,25-5,9,1,51.4979981580524,-0.1092616106971654,200.821,"POLYGON ((-0.1096946455704231 51.49974532879283, -0.1117858057830626 51.498765250956524, -0.1113527066188406 51.49701805882548, -0.1088286039138492 51.49625096510528, -0.1067375381491661 51.49723102239138, -0.1071704806418928 51.49897819394648, -0.1096946455704231 51.49974532879283))",0,True,True,,4
89194ad149bffff,25,25-6,9,1,51.500299308466566,-0.11683456356498398,200.821,"POLYGON ((-0.1172678756204256 51.50204647673843, -0.1193591262592572 51.50106627305865, -0.1189257499116704 51.49931908340045, -0.1164012796186238 51.49855211797996, -0.1143101234059588 51.4995323010969, -0.1147433430605512 51.50127947019572, -0.1172678756204256 51.50204647673843))",0,True,True,,16
89194ad14c3ffff,38,38-0,9,1,51.49987251358107,-0.12606627049286803,200.821,"POLYGON ((-0.1264998959528831 51.501619722951894, -0.1285911384690619 51.5006393086807, -0.1281574487227804 51.49889207793005, -0.125632673162159 51.49812528199103, -0.1235415250348549 51.49910567568449, -0.1239750580796921 51.500852885893295, -0.1264998959528831 51.501619722951894))",0,True,True,,5
89194ad14c7ffff,38,38-1,9,1,51.497358443259095,-0.12310802011290631,200.821,"POLYGON ((-0.1235415250348549 51.49910567568449, -0.125632673162159 51.49812528199103, -0.1251991039580002 51.49637802818485, -0.1226745433111526 51.495611188620316, -0.1205834895759697 51.4965915617412, -0.1210169020958984 51.49833879499781, -0.1235415250348549 51.49910567568449))",0,True,True,,0
89194ad14cbffff,38,38-2,9,1,51.4996588310693,-0.13068234679390375,200.821,"POLYGON ((-0.1311161289625231 51.50140606097638, -0.1332073673746403 51.50042554140182, -0.1327735209226602 51.4986782901182, -0.1302485927646288 51.497911578940695, -0.1281574487227804 51.49889207793005, -0.1285911384690619 51.5006393086807, -0.1311161289625231 51.50140606097638))",0,True,True,,5
89194ad14cfffff,38,38-3,9,1,51.49714482496063,-0.12772378710946647,200.821,"POLYGON ((-0.1281574487227804 51.49889207793005, -0.1302485927646288 51.497911578940695, -0.1298148668720392 51.496164304593734, -0.1272901536264001 51.4953975497755, -0.1251991039580002 51.49637802818485, -0.125632673162159 51.49812528199103, -0.1281574487227804 51.49889207793005))",0,True,True,,4
89194ad14d3ffff,38,38-4,9,1,51.50260007388245,-0.1244086192500916,200.821,"POLYGON ((-0.1248422085487067 51.50434723964876, -0.1269335495448168 51.50336691010032, -0.1264998959528831 51.501619722951894, -0.1239750580796921 51.500852885893295, -0.1218838114879262 51.50183319486626, -0.122317308365382 51.50358036147186, -0.1248422085487067 51.50434723964876))",0,True,True,,3
89194ad14d7ffff,38,38-5,9,1,51.50008600604053,-0.12145034273233983,200.821,"POLYGON ((-0.1218838114879262 51.50183319486626, -0.1239750580796921 51.500852885893295, -0.1235415250348549 51.49910567568449, -0.1210169020958984 51.49833879499781, -0.1189257499116704 51.49931908340045, -0.1193591262592572 51.50106627305865, -0.1218838114879262 51.50183319486626))",0,True,True,,1
89194ad14dbffff,38,38-6,9,1,51.502386517209366,-0.12902485635101085,200.821,"POLYGON ((-0.1294586023712815 51.50413370351299, -0.1315499392731773 51.50315326865884, -0.1311161289625231 51.50140606097638, -0.1285911384690619 51.5006393086807, -0.1264998959528831 51.501619722951894, -0.1269335495448168 51.50336691010032, -0.1294586023712815 51.50413370351299))",0,True,True,,1
89194ad14a3ffff,40,40-0,9,1,51.490029068270346,-0.10962059087136072,200.821,"POLYGON ((-0.1100535776771888 51.49177634920755, -0.1121444466197294 51.49079612248465, -0.1117113955410449 51.489048820160484, -0.1091876321484382 51.48828176513951, -0.1070968576261317 51.48926197131286, -0.107529752076587 51.49100925305533, -0.1100535776771888 51.49177634920755))",0,True,True,,1
89194ad14a7ffff,40,40-1,9,1,51.487514667379386,-0.10666399125218437,200.821,"POLYGON ((-0.1070968576261317 51.48926197131286, -0.1091876321484382 51.48828176513951, -0.1087547015057203 51.486534439818065, -0.1062311529520653 51.48576734125804, -0.1041404728531499 51.48674752688705, -0.1045732468849038 51.48849483161901, -0.1070968576261317 51.48926197131286))",0,True,True,,1
89194ad14abffff,40,40-2,9,1,51.48981583243541,-0.11423528142912137,200.821,"POLYGON ((-0.1146684248703543 51.49156313394878, -0.1167592898118241 51.490582801957416, -0.1163260821006756 51.48883547906034, -0.1138021660809089 51.48806850872611, -0.1117113955410449 51.489048820160484, -0.1121444466197294 51.49079612248465, -0.1146684248703543 51.49156313394878))",0,True,True,,0
89194ad14afffff,40,40-3,9,1,51.48730149564305,-0.11127837254894707,200.821,"POLYGON ((-0.1117113955410449 51.489048820160484, -0.1138021660809089 51.48806850872611, -0.1133690788229693 51.48632116282396, -0.1108453776407758 51.485554148935485, -0.1087547015057203 51.486534439818065, -0.1091876321484382 51.48828176513951, -0.1117113955410449 51.489048820160484))",7,True,True,,21
89194ad14b3ffff,40,40-4,9,1,51.49275651260365,-0.10796267460624585,200.821,"POLYGON ((-0.108395625217773 51.49450374995466, -0.1104865925685721 51.49352360794788, -0.1100535776771888 51.49177634920755, -0.107529752076587 51.49100925305533, -0.1054388791614605 51.49198937451482, -0.1058717374116329 51.49373661267242, -0.108395625217773 51.49450374995466))",0,True,True,,0
89194ad14b7ffff,40,40-5,9,1,51.49024211416263,-0.10500604898676887,200.821,"POLYGON ((-0.1054388791614605 51.49198937451482, -0.107529752076587 51.49100925305533, -0.1070968576261317 51.48926197131286, -0.1045732468849038 51.48849483161901, -0.1024824684086102 51.48947493253643, -0.1029152062350974 51.49122219368838, -0.1054388791614605 51.49198937451482))",0,True,True,,10
89194ad14bbffff,40,40-6,9,1,51.49254340261243,-0.11257752578769688,200.821,"POLYGON ((-0.1130106330476026 51.49429066054064, -0.115101596407207 51.493310413263046, -0.1146684248703543 51.49156313394878, -0.1121444466197294 51.49079612248465, -0.1100535776771888 51.49177634920755, -0.1104865925685721 51.49352360794788, -0.1130106330476026 51.49429066054064))",0,True,True,,0
89194ad3363ffff,41,41-0,9,1,51.48794044111103,-0.09743567479069651,200.821,"POLYGON ((-0.0978682279411259 51.48968770385021, -0.0999590103429498 51.48870770818359, -0.0995263929179219 51.48696042404989, -0.0970031496938996 51.48619315618847, -0.0949124617526811 51.4871731313256, -0.0953449225752628 51.48892039485224, -0.0978682279411259 51.48968770385021))",7,True,True,,21
89194ad3367ffff,41,41-1,9,1,51.485425845618295,-0.0944800289773877,200.821,"POLYGON ((-0.0949124617526811 51.4871731313256, -0.0970031496938996 51.48619315618847, -0.0965706526481183 51.484445849085624, -0.0940476242466692 51.483678537733404, -0.0919570307691696 51.4846584923463, -0.0923893712297792 51.48640577883425, -0.0949124617526811 51.4871731313256))",7,True,True,,27
89194ad336bffff,41,41-2,9,1,51.487727649195726,-0.10204975864856292,200.821,"POLYGON ((-0.1024824684086102 51.48947493253643, -0.1045732468849038 51.48849483161901, -0.1041404728531499 51.48674752688705, -0.1016170769522202 51.48598034366936, -0.0995263929179219 51.48696042404989, -0.0999590103429498 51.48870770818359, -0.1024824684086102 51.48947493253643))",0,True,True,,1
89194ad336fffff,41,41-3,9,1,51.48521311773327,-0.09909380355026412,200.821,"POLYGON ((-0.0995263929179219 51.48696042404989, -0.1016170769522202 51.48598034366936, -0.1011844233169545 51.484233015960534, -0.0986612422372624 51.48346578923682, -0.0965706526481183 51.484445849085624, -0.0970031496938996 51.48619315618847, -0.0995263929179219 51.48696042404989))",0,True,True,,0
89194ad3373ffff,41,41-4,9,1,51.49066763619504,-0.09577741144778502,200.821,"POLYGON ((-0.0962099283729871 51.49241485535092, -0.0983008091479069 51.49143494440286, -0.0978682279411259 51.48968770385021, -0.0953449225752628 51.48892039485224, -0.0932541362763717 51.48990028527312, -0.0936865608677042 51.49164750521774, -0.0962099283729871 51.49241485535092))",0,True,True,,14
89194ad3377ffff,41,41-5,9,1,51.488153043144266,-0.09282173973129265,200.821,"POLYGON ((-0.0932541362763717 51.48990028527312, -0.0953449225752628 51.48892039485224, -0.0949124617526811 51.4871731313256, -0.0923893712297792 51.48640577883425, -0.0902986794100693 51.48738564873314, -0.0907309836344751 51.48913289164394, -0.0932541362763717 51.48990028527312))",0,True,True,,12
89194ad337bffff,41,41-6,9,1,51.4904549701312,-0.10039165582801615,200.821,"POLYGON ((-0.1008243293758356 51.492202209889626, -0.1029152062350974 51.49122219368838, -0.1024824684086102 51.48947493253643, -0.0999590103429498 51.48870770818359, -0.0978682279411259 51.48968770385021, -0.0983008091479069 51.49143494440286, -0.1008243293758356 51.492202209889626))",0,True,True,,5
89194ad1403ffff,48,48-0,9,1,51.49211661271493,-0.1218076740574607,200.821,"POLYGON ((-0.122241094626895 51.49386391177121, -0.1243320499186647 51.492883453936656, -0.1238985650781161 51.49113613350091, -0.1213742816001465 51.49036929145464, -0.1192834206882261 51.49134972871956, -0.1197167488748061 51.49309702859896, -0.122241094626895 51.49386391177121))",0,True,True,,9
89194ad1407ffff,48,48-1,9,1,51.4896024066388,-0.11885012060736168,200.821,"POLYGON ((-0.1192834206882261 51.49134972871956, -0.1213742816001465 51.49036929145464, -0.1209409172522901 51.48862194799341, -0.118416848629592 51.48785506235985, -0.1163260821006756 51.48883547906034, -0.1167592898118241 51.490582801957416, -0.1192834206882261 51.49134972871956))",0,True,True,,7
89194ad140bffff,48,48-2,9,1,51.49190293277073,-0.12642297104037586,200.821,"POLYGON ((-0.1268565482709431 51.493650252377826, -0.1289474994860753 51.49266968925719, -0.1285138579873378 51.49092234827387, -0.1259894219320505 51.49015559095733, -0.1238985650781161 51.49113613350091, -0.1243320499186647 51.492883453936656, -0.1268565482709431 51.493650252377826))",0,True,True,,3
89194ad140fffff,48,48-3,9,1,51.489388790861554,-0.12346510835339419,200.821,"POLYGON ((-0.1238985650781161 51.49113613350091, -0.1259894219320505 51.49015559095733, -0.1255559009432328 51.48840822694076, -0.1230316797418314 51.48764142602171, -0.1209409172522901 51.48862194799341, -0.1213742816001465 51.49036929145464, -0.1238985650781161 51.49113613350091))",0,True,True,,8
89194ad1413ffff,48,48-4,9,1,51.49484430627388,-0.12015010516984001,200.821,"POLYGON ((-0.1205834895759697 51.4965915617412, -0.1226745433111526 51.495611188620316, -0.122241094626895 51.49386391177121, -0.1197167488748061 51.49309702859896, -0.1176257895348853 51.494077381152486, -0.1180590815521569 51.495824637444215, -0.1205834895759697 51.4965915617412))",0,True,True,,2
89194ad1417ffff,48,48-5,9,1,51.49233010265585,-0.1171925256223402,200.821,"POLYGON ((-0.1176257895348853 51.494077381152486, -0.1197167488748061 51.49309702859896, -0.1192834206882261 51.49134972871956, -0.1167592898118241 51.490582801957416, -0.1146684248703543 51.49156313394878, -0.115101596407207 51.493310413263046, -0.1176257895348853 51.494077381152486))",0,True,True,,9
89194ad141bffff,48,48-6,9,1,51.4946307521657,-0.12476556287771805,200.821,"POLYGON ((-0.1251991039580002 51.49637802818485, -0.1272901536264001 51.4953975497755, -0.1268565482709431 51.493650252377826, -0.1243320499186647 51.492883453936656, -0.122241094626895 51.49386391177121, -0.1226745433111526 51.495611188620316, -0.1251991039580002 51.49637802818485))",0,True,True,,3
89195da4923ffff,57,57-0,9,1,51.50195883361917,-0.13825777606139694,200.821,"POLYGON ((-0.1386918355376558 51.50370606097097, -0.1407831641656173 51.50272541549016, -0.1403490404048445 51.50097816676606, -0.1378237447436726 51.500211584037764, -0.1357325104641053 51.50119220892075, -0.1361664774977163 51.502939437128425, -0.1386918355376558 51.50370606097097))",0,True,True,,0
89195da4927ffff,57,57-1,9,1,51.499444958486166,-0.1352985715826198,200.821,"POLYGON ((-0.1357325104641053 51.50119220892075, -0.1378237447436726 51.500211584037764, -0.137389741581766 51.498464312229906, -0.1348646608505995 51.49769768582785, -0.1327735209226602 51.4986782901182, -0.1332073673746403 51.50042554140182, -0.1357325104641053 51.50119220892075))",7,True,True,,22
89195da492bffff,57,57-2,9,1,51.501744706664105,-0.142874458565313,200.821,"POLYGON ((-0.1433086747758774 51.50349195452682, -0.1453999992241318 51.50251120372504, -0.1449657187319727 51.50076393449329, -0.1424402705233494 51.49999743656955, -0.1403490404048445 51.50097816676606, -0.1407831641656173 51.50272541549016, -0.1433086747758774 51.50349195452682))",0,True,True,,0
89195da492fffff,57,57-3,9,1,51.499230895812765,-0.1399149448062882,200.821,"POLYGON ((-0.1403490404048445 51.50097816676606, -0.1424402705233494 51.49999743656955, -0.1420061106472992 51.498250144246256, -0.1394808773672925 51.497483602633494, -0.137389741581766 51.498464312229906, -0.1378237447436726 51.500211584037764, -0.1403490404048445 51.50097816676606))",0,True,True,,11
89195da4933ffff,57,57-4,9,1,51.50468664310609,-0.1366004726861184,200.821,"POLYGON ((-0.137034496032085 51.506433826850625, -0.1391259231751156 51.5054532660901, -0.1386918355376558 51.50370606097097, -0.1361664774977163 51.502939437128425, -0.1340751447185338 51.50391997729338, -0.1345090756158034 51.505667161895026, -0.137034496032085 51.506433826850625))",0,True,True,,8
89195da4937ffff,57,57-5,9,1,51.502172770461264,-0.1336412419723629,200.821,"POLYGON ((-0.1340751447185338 51.50391997729338, -0.1361664774977163 51.502939437128425, -0.1357325104641053 51.50119220892075, -0.1332073673746403 51.50042554140182, -0.1311161289625231 51.50140606097638, -0.1315499392731773 51.50315326865884, -0.1340751447185338 51.50391997729338))",0,True,True,,0
89195da493bffff,57,57-6,9,1,51.504472641982,-0.1412173160912833,200.821,"POLYGON ((-0.1416514961845909 51.50621984623843, -0.1437429191577603 51.50523918015458, -0.1433086747758774 51.50349195452682, -0.1407831641656173 51.50272541549016, -0.1386918355376558 51.50370606097097, -0.1391259231751156 51.5054532660901, -0.1416514961845909 51.50621984623843))",0,True,True,,2
89194ad1443ffff,62,62-0,9,1,51.49420307385239,-0.1339969238240845,200.821,"POLYGON ((-0.1344307782653128 51.49595039094887, -0.1365218197146817 51.49496970194734, -0.1360879010041327 51.49322236347889, -0.1335630975242654 51.49245573454154, -0.1314721504142609 51.49343640295339, -0.1319059124451657 51.49518372089082, -0.1344307782653128 51.49595039094887))",0,True,True,,6
89194ad1447ffff,62,62-1,9,1,51.49168906280424,-0.13103841651836884,200.821,"POLYGON ((-0.1314721504142609 51.49343640295339, -0.1335630975242654 51.49245573454154, -0.1331292993631144 51.490708373019466, -0.1306047107547694 51.489941700446536, -0.1285138579873378 51.49092234827387, -0.1289474994860753 51.49266968925719, -0.1314721504142609 51.49343640295339))",0,True,True,,2
89194ad144bffff,62,62-2,9,1,51.49398894960935,-0.13861282695707927,200.821,"POLYGON ((-0.1390468380851098 51.49573628723131, -0.141137875382223 51.49475549292607, -0.1407037999878035 51.493008133935426, -0.1381788439805307 51.4922415897708, -0.1360879010041327 51.49322236347889, -0.1365218197146817 51.49496970194734, -0.1390468380851098 51.49573628723131))",7,True,True,,29
89194ad144fffff,62,62-3,9,1,51.491475002796506,-0.13565401043864808,200.821,"POLYGON ((-0.1360879010041327 51.49322236347889, -0.1381788439805307 51.4922415897708, -0.1377448891527476 51.490494207718704, -0.1352201480155736 51.489727619903306, -0.1331292993631144 51.490708373019466, -0.1335630975242654 51.49245573454154, -0.1360879010041327 51.49322236347889))",0,True,True,,5
89194ad1453ffff,62,62-4,9,1,51.496931016613495,-0.13233970261373207,200.821,"POLYGON ((-0.1327735209226602 51.4986782901182, -0.1348646608505995 51.49769768582785, -0.1344307782653128 51.49595039094887, -0.1319059124451657 51.49518372089082, -0.1298148668720392 51.496164304593734, -0.1302485927646288 51.497911578940695, -0.1327735209226602 51.4986782901182))",7,True,True,,37
89194ad1457ffff,62,62-5,9,1,51.494417008031526,-0.12938116911341446,200.821,"POLYGON ((-0.1298148668720392 51.496164304593734, -0.1319059124451657 51.49518372089082, -0.1314721504142609 51.49343640295339, -0.1289474994860753 51.49266968925719, -0.1268565482709431 51.493650252377826, -0.1272901536264001 51.4953975497755, -0.1298148668720392 51.496164304593734))",0,True,True,,6
89194ad145bffff,62,62-6,9,1,51.49671701819872,-0.1369557665729959,200.821,"POLYGON ((-0.137389741581766 51.498464312229906, -0.1394808773672925 51.497483602633494, -0.1390468380851098 51.49573628723131, -0.1365218197146817 51.49496970194734, -0.1344307782653128 51.49595039094887, -0.1348646608505995 51.49769768582785, -0.137389741581766 51.498464312229906))",0,True,True,,17
89194ad1583ffff,68,68-0,9,1,51.48018385544344,-0.09318289890834008,200.821,"POLYGON ((-0.0936152475578841 51.48193120767408, -0.0957057426987388 51.48095116835178, -0.095273329789801 51.479203794726985, -0.0927505782953655 51.47843648104467, -0.0906601776059578 51.47941649984563, -0.0910924339599483 51.48116385284884, -0.0936152475578841 51.48193120767408))",0,True,True,,4
89194ad1587ffff,68,68-1,9,1,51.477669124676915,-0.09022794928215931,200.821,"POLYGON ((-0.0906601776059578 51.47941649984563, -0.0927505782953655 51.47843648104467, -0.0923182857162888 51.47668908448083, -0.0897957489858767 51.47592172734589, -0.0877054427510653 51.476901725630704, -0.0881375787924393 51.47864910156519, -0.0906601776059578 51.47941649984563))",0,True,True,,0
89194ad158bffff,68,68-2,9,1,51.47997106571703,-0.09779620376461763,200.821,"POLYGON ((-0.0982287089762746 51.48171843856369, -0.1003192002189195 51.48073829400782, -0.0998866307507632 51.478990899770224, -0.0973637265995986 51.47822367069989, -0.095273329789801 51.479203794726985, -0.0957057426987388 51.48095116835178, -0.0982287089762746 51.48171843856369))",0,True,True,,2
89194ad158fffff,68,68-3,9,1,51.47745639893444,-0.09484094492112323,200.821,"POLYGON ((-0.095273329789801 51.479203794726985, -0.0973637265995986 51.47822367069989, -0.0969312774785353 51.476476253515486, -0.0944085880900646 51.47570898097732, -0.0923182857162888 51.47668908448083, -0.0927505782953655 51.47843648104467, -0.095273329789801 51.479203794726985))",0,True,True,,2
89194ad1593ffff,68,68-4,9,1,51.482911183683434,-0.0915247183468019,200.821,"POLYGON ((-0.0919570307691696 51.4846584923463, -0.0940476242466692 51.483678537733404, -0.0936152475578841 51.48193120767408, -0.0910924339599483 51.48116385284884, -0.0890019349493183 51.48214378694265, -0.0894341550701701 51.483891096379374, -0.0919570307691696 51.4846584923463))",0,True,True,,10
89194ad1597ffff,68,68-5,9,1,51.480396455336866,-0.08856974285763847,200.821,"POLYGON ((-0.0890019349493183 51.48214378694265, -0.0910924339599483 51.48116385284884, -0.0906601776059578 51.47941649984563, -0.0881375787924393 51.47864910156519, -0.0860471742518469 51.47962901514514, -0.0864792740551467 51.48137634751797, -0.0890019349493183 51.48214378694265))",0,True,True,,0
89194ad159bffff,68,68-6,9,1,51.4826985198057,-0.09613818365060857,200.821,"POLYGON ((-0.0965706526481183 51.484445849085624, -0.0986612422372624 51.48346578923682, -0.0982287089762746 51.48171843856369, -0.0957057426987388 51.48095116835178, -0.0936152475578841 51.48193120767408, -0.0940476242466692 51.483678537733404, -0.0965706526481183 51.484445849085624))",0,True,True,,12
89194ad1683ffff,86,86-0,9,1,51.4962884510905,-0.1461883396454372,200.821,"POLYGON ((-0.1466226280665094 51.49803578614827, -0.1487137554817258 51.49705486592445, -0.1482794027931318 51.49530750950223, -0.1457540793949998 51.49454109380805, -0.143663046278639 51.49552199342209, -0.1440972422619314 51.497269329338685, -0.1466226280665094 51.49803578614827))",7,True,True,,37
89194ad1687ffff,86,86-1,9,1,51.49377463528345,-0.14322887845958296,200.821,"POLYGON ((-0.143663046278639 51.49552199342209, -0.1457540793949998 51.49454109380805, -0.1453198473124946 51.49279371430398, -0.1427947388021022 51.49202725492596, -0.1407037999878035 51.493008133935426, -0.141137875382223 51.49475549292607, -0.143663046278639 51.49552199342209))",7,True,True,,27
89194ad168bffff,86,86-2,9,1,51.49607388235912,-0.15080484865303517,200.821,"POLYGON ((-0.1512392937866068 51.497821237916995, -0.1533304169739028 51.496840212371836, -0.1528959075757697 51.49509283545281, -0.1503704317002547 51.494326504574325, -0.1482794027931318 51.49530750950223, -0.1487137554817258 51.49705486592445, -0.1512392937866068 51.497821237916995))",0,True,True,,0
89194ad168fffff,86,86-3,9,1,51.49356013085571,-0.14784507827882754,200.821,"POLYGON ((-0.1482794027931318 51.49530750950223, -0.1503704317002547 51.494326504574325, -0.1499360429254445 51.49257910456565, -0.1474107819362128 51.4918127299881, -0.1453198473124946 51.49279371430398, -0.1457540793949998 51.49454109380805, -0.1482794027931318 51.49530750950223))",7,True,True,,31
89194ad1693ffff,86,86-4,9,1,51.49901664303011,-0.14453146641212639,200.821,"POLYGON ((-0.1449657187319727 51.50076393449329, -0.1470569446609139 51.49978309897817, -0.1466226280665094 51.49803578614827, -0.1440972422619314 51.497269329338685, -0.1420061106472992 51.498250144246256, -0.1424402705233494 51.49999743656955, -0.1449657187319727 51.50076393449329))",0,True,True,,18
89194ad1697ffff,86,86-5,9,1,51.496502829697384,-0.14157197893449616,200.821,"POLYGON ((-0.1420061106472992 51.498250144246256, -0.1440972422619314 51.497269329338685, -0.143663046278639 51.49552199342209, -0.141137875382223 51.49475549292607, -0.1390468380851098 51.49573628723131, -0.1394808773672925 51.497483602633494, -0.1420061106472992 51.498250144246256))",7,True,True,,48
89194ad169bffff,86,86-6,9,1,51.49880220011926,-0.14914813634734855,200.821,"POLYGON ((-0.1495825453926876 51.50054951208351, -0.1516737671035298 51.499568571244744, -0.1512392937866068 51.497821237916995, -0.1487137554817258 51.49705486592445, -0.1466226280665094 51.49803578614827, -0.1470569446609139 51.49978309897817, -0.1495825453926876 51.50054951208351))",0,True,True,,3
89194ad15a3ffff,106,106-0,9,1,51.472426866209275,-0.08893143246512564,200.821,"POLYGON ((-0.0893635767144342 51.47417430785564, -0.0914537846490476 51.47319422487056, -0.0910215761555671 51.47144676183035, -0.0884993162353114 51.470679402409964, -0.086409202742967 51.471659464881824, -0.086841254728989 51.47340690728589, -0.0893635767144342 51.47417430785564))",7,True,True,,23
89194ad15a7ffff,106,106-1,9,1,51.46991200032745,-0.08597717877003895,200.821,"POLYGON ((-0.086409202742967 51.471659464881824, -0.0884993162353114 51.470679402409964, -0.0880672280222911 51.468931916460804, -0.0855451828075661 51.46816451362594, -0.0834551637606248 51.46914455558978, -0.0838870954834114 51.47089202089507, -0.086409202742967 51.471659464881824))",0,True,True,,2
89194ad15abffff,106,106-2,9,1,51.47221407858178,-0.09354395852993484,200.821,"POLYGON ((-0.093976259293887 51.47396154085872, -0.0960664633576083 51.47298135265729, -0.0956340983523607 51.47123386898976, -0.0931116857955574 51.470466594149606, -0.0910215761555671 51.47144676183035, -0.0914537846490476 51.47319422487056, -0.093976259293887 51.47396154085872))",7,True,True,,20
89194ad15afffff,106,106-3,9,1,51.46969927663763,-0.09058939568525533,200.821,"POLYGON ((-0.0910215761555671 51.47144676183035, -0.0931116857955574 51.470466594149606, -0.0926794410880483 51.46871908756534, -0.090157243235437 51.467951769295546, -0.0880672280222911 51.468931916460804, -0.0884993162353114 51.470679402409964, -0.0910215761555671 51.47144676183035))",0,True,True,,0
89194ad15b3ffff,106,106-4,9,1,51.47515432753656,-0.08727333473076951,200.821,"POLYGON ((-0.0877054427510653 51.476901725630704, -0.0897957489858767 51.47592172734589, -0.0893635767144342 51.47417430785564, -0.086841254728989 51.47340690728589, -0.084751042951884 51.47438688505974, -0.0851830587028933 51.476134283912884, -0.0877054427510653 51.476901725630704))",0,True,True,,9
89194ad15b7ffff,106,106-5,9,1,51.472639464052776,-0.08431905521294826,200.821,"POLYGON ((-0.084751042951884 51.47438688505974, -0.086841254728989 51.47340690728589, -0.086409202742967 51.471659464881824, -0.0838870954834114 51.47089202089507, -0.0817969781671605 51.47187197816314, -0.0822288736499823 51.47361939992234, -0.084751042951884 51.47438688505974))",0,True,True,,0
89194ad15bbffff,106,106-6,9,1,51.47494166575509,-0.0918860211684133,200.821,"POLYGON ((-0.0923182857162888 51.47668908448083, -0.0944085880900646 51.47570898097732, -0.093976259293887 51.47396154085872, -0.0914537846490476 51.47319422487056, -0.0893635767144342 51.47417430785564, -0.0897957489858767 51.47592172734589, -0.0923182857162888 51.47668908448083))",7,True,True,,23
89194ad16c3ffff,115,115-0,9,1,51.498372743837066,-0.15838192099466633,200.821,"POLYGON ((-0.1588166435035764 51.500120096777145, -0.1609078566927517 51.49913894527578, -0.1604730699181343 51.497391570978756, -0.1579472266856348 51.496625368661945, -0.1558561077547421 51.497606499533454, -0.1562907377984286 51.49935385335024, -0.1588166435035764 51.500120096777145))",0,True,True,,18
89194ad16c7ffff,115,115-1,9,1,51.49585912348432,-0.15542150590453377,200.821,"POLYGON ((-0.1558561077547421 51.497606499533454, -0.1579472266856348 51.496625368661945, -0.1575125605737926 51.494877971254866, -0.1549869322451504 51.49411172520594, -0.1528959075757697 51.49509283545281, -0.1533304169739028 51.496840212371836, -0.1558561077547421 51.497606499533454))",0,True,True,,2
89194ad16cbffff,115,115-2,9,1,51.49815773042785,-0.1629990356011274,200.821,"POLYGON ((-0.1634339148481292 51.49990510384268, -0.1655251237337138 51.498923847002374, -0.1650901802239579 51.49717645223391, -0.1625641845641063 51.49641033477576, -0.1604730699181343 51.497391570978756, -0.1609078566927517 51.49913894527578, -0.1634339148481292 51.49990510384268))",7,True,True,,36
89194ad16cfffff,115,115-3,9,1,51.49564417444713,-0.16003831134709126,200.821,"POLYGON ((-0.1604730699181343 51.497391570978756, -0.1625641845641063 51.49641033477576, -0.1621293617343551 51.49466291688947, -0.1596035809769075 51.493896755683984, -0.1575125605737926 51.494877971254866, -0.1579472266856348 51.496625368661945, -0.1604730699181343 51.497391570978756))",0,True,True,,4
89194ad16d3ffff,115,115-4,9,1,51.50110118493153,-0.15672539603828226,200.821,"POLYGON ((-0.1571600824770642 51.50284849427422, -0.1592513942150752 51.50186742747905, -0.1588166435035764 51.500120096777145, -0.1562907377984286 51.49935385335024, -0.1541995203341534 51.50033489951778, -0.1546341143016688 51.502082209738454, -0.1571600824770642 51.50284849427422))",0,True,True,,15
89194ad16d7ffff,115,115-5,9,1,51.49858756706125,-0.15376495455914482,200.821,"POLYGON ((-0.1541995203341534 51.50033489951778, -0.1562907377984286 51.49935385335024, -0.1558561077547421 51.497606499533454, -0.1533304169739028 51.496840212371836, -0.1512392937866068 51.497821237916995, -0.1516737671035298 51.499568571244744, -0.1541995203341534 51.50033489951778))",0,True,True,,1
89194ad16dbffff,115,115-6,9,1,51.50088629733506,-0.1613426716736999,200.821,"POLYGON ((-0.1617775148635615 51.50263362715342, -0.163868822307812 51.50165245501701, -0.1634339148481292 51.49990510384268, -0.1609078566927517 51.49913894527578, -0.1588166435035764 51.500120096777145, -0.1592513942150752 51.50186742747905, -0.1617775148635615 51.50263362715342))",7,True,True,,29
89194ad1603ffff,120,120-0,9,1,51.490616861974004,-0.15411786948798678,200.821,"POLYGON ((-0.1545523867738676 51.49236430470146, -0.1566433129308991 51.491383109757486, -0.1562087313944805 51.489635645673395, -0.1536833803848556 51.48886939702671, -0.1515925484771046 51.489850571348974, -0.1520269733300663 51.49159801493825, -0.1545523867738676 51.49236430470146))",0,True,True,,11
89194ad1607ffff,120,120-1,9,1,51.488103105542606,-0.15115815180048964,200.821,"POLYGON ((-0.1515925484771046 51.489850571348974, -0.1536833803848556 51.48886939702671, -0.1532489194617352 51.487121909862715, -0.1507237832974825 51.48635561752214, -0.1486330456422724 51.48733677122789, -0.1490673498991534 51.4890842378893, -0.1515925484771046 51.489850571348974))",0,True,True,,3
89194ad160bffff,120,120-2,9,1,51.490401851475724,-0.15873420482845213,200.821,"POLYGON ((-0.1591688788049496 51.49214931469247, -0.1612598006859084 51.49116801442682, -0.160825062461839 51.489420529856766, -0.1582995590448078 51.488654366036926, -0.1562087313944805 51.489635645673395, -0.1566433129308991 51.491383109757486, -0.1591688788049496 51.49214931469247))",0,True,True,,13
89194ad160fffff,120,120-3,9,1,51.48788815936995,-0.15577417804448598,200.821,"POLYGON ((-0.1562087313944805 51.489635645673395, -0.1582995590448078 51.488654366036926, -0.1578649414512666 51.48690685837912, -0.1553396528781964 51.486140650850174, -0.1532489194617352 51.487121909862715, -0.1536833803848556 51.48886939702671, -0.1562087313944805 51.489635645673395))",0,True,True,,0
89194ad1613ffff,120,120-4,9,1,51.49334543630722,-0.15246142636206206,200.821,"POLYGON ((-0.1528959075757697 51.49509283545281, -0.1549869322451504 51.49411172520594, -0.1545523867738676 51.49236430470146, -0.1520269733300663 51.49159801493825, -0.1499360429254445 51.49257910456565, -0.1503704317002547 51.494326504574325, -0.1528959075757697 51.49509283545281))",0,True,True,,7
89194ad1617ffff,120,120-5,9,1,51.49083168233625,-0.14950168232598332,200.821,"POLYGON ((-0.1499360429254445 51.49257910456565, -0.1520269733300663 51.49159801493825, -0.1515925484771046 51.489850571348974, -0.1490673498991534 51.4890842378893, -0.146976513762498 51.49006530690244, -0.1474107819362128 51.4918127299881, -0.1499360429254445 51.49257910456565))",0,True,True,,3
89194ad161bffff,120,120-6,9,1,51.493130551619,-0.1570779226564351,200.821,"POLYGON ((-0.1575125605737926 51.494877971254866, -0.1596035809769075 51.493896755683984, -0.1591688788049496 51.49214931469247, -0.1566433129308991 51.491383109757486, -0.1545523867738676 51.49236430470146, -0.1549869322451504 51.49411172520594, -0.1575125605737926 51.494877971254866))",0,True,True,,19
89194ad1523ffff,133,133-0,9,1,51.46675851952267,-0.09685942973331885,200.821,"POLYGON ((-0.0972918029053242 51.46850606888445, -0.0993818103656202 51.46752571130101, -0.0989493729663272 51.465778140553255, -0.0964270845929298 51.46501094801282, -0.0943371715254941 51.46599128507109, -0.0947694524389821 51.46773883519353, -0.0972918029053242 51.46850606888445))",0,True,True,,2
89194ad1527ffff,133,133-1,9,1,51.464243712803246,-0.09390491863720216,200.821,"POLYGON ((-0.0943371715254941 51.46599128507109, -0.0964270845929298 51.46501094801282, -0.0959947674814559 51.463263354358034, -0.0934726937714819 51.46249611839315, -0.091382875100028 51.463476434931366, -0.0918150357429588 51.46522400795312, -0.0943371715254941 51.46599128507109))",0,True,True,,0
89194ad152bffff,133,133-2,9,1,51.46654529041758,-0.10147178375657508,200.821,"POLYGON ((-0.1019043134215123 51.46829286039915, -0.1039943169627561 51.46731239759894, -0.1035617230734339 51.46556480623468, -0.1010392821332972 51.4647976982857, -0.0989493729663272 51.465778140553255, -0.0993818103656202 51.46752571130101, -0.1019043134215123 51.46829286039915))",0,True,True,,11
89194ad152fffff,133,133-3,9,1,51.46403054765785,-0.09851696360236455,200.821,"POLYGON ((-0.0989493729663272 51.465778140553255, -0.1010392821332972 51.4647976982857, -0.1006068085490226 51.46305008400662, -0.0980845822709796 51.462282932617946, -0.0959947674814559 51.463263354358034, -0.0964270845929298 51.46501094801282, -0.0989493729663272 51.465778140553255))",0,True,True,,1
89194ad1533ffff,133,133-4,9,1,51.4694863631675,-0.09520176138039776,200.821,"POLYGON ((-0.0956340983523607 51.47123386898976, -0.0977242041115863 51.47025359609501, -0.0972918029053242 51.46850606888445, -0.0947694524389821 51.46773883519353, -0.0926794410880483 51.46871908756534, -0.0931116857955574 51.470466594149606, -0.0956340983523607 51.47123386898976))",0,True,True,,5
89194ad1537ffff,133,133-5,9,1,51.46697155883215,-0.09224722440473718,200.821,"POLYGON ((-0.0926794410880483 51.46871908756534, -0.0947694524389821 51.46773883519353, -0.0943371715254941 51.46599128507109, -0.0918150357429588 51.46522400795312, -0.0897251188034472 51.46620423980715, -0.090157243235437 51.467951769295546, -0.0926794410880483 51.46871908756534))",0,True,True,,1
89194ad153bffff,133,133-6,9,1,51.469273259897996,-0.09981427580288404,200.821,"POLYGON ((-0.1002467692807902 51.471020786341086, -0.1023368711308061 51.47004040822724, -0.1019043134215123 51.46829286039915, -0.0993818103656202 51.46752571130101, -0.0972918029053242 51.46850606888445, -0.0977242041115863 51.47025359609501, -0.1002467692807902 51.471020786341086))",0,True,True,,2
89194ad1643ffff,154,154-0,9,1,51.49270021174761,-0.166311359667476,200.821,"POLYGON ((-0.1667463110046493 51.49444767233768, -0.1688373227897794 51.4934662461035, -0.1684023072038832 51.49171876416438, -0.1658764365422931 51.4909527289274, -0.1637855189658986 51.49193413451977, -0.164220377842738 51.49368159598949, -0.1667463110046493 51.49444767233768))",0,True,True,,14
89194ad1647ffff,154,154-1,9,1,51.49018665082255,-0.16335068829465976,200.821,"POLYGON ((-0.1637855189658986 51.49193413451977, -0.1658764365422931 51.4909527289274, -0.1654415416263747 51.48920522388011, -0.1629158858262808 51.48843914490099, -0.160825062461839 51.489420529856766, -0.1612598006859084 51.49116801442682, -0.1637855189658986 51.49193413451977))",0,True,True,,10
89194ad164bffff,154,154-2,9,1,51.49248475652657,-0.17092830027847541,200.821,"POLYGON ((-0.1713634083318488 51.494232237580526, -0.1734544157652012 51.49325070600714, -0.1730192434660689 51.4915032036074, -0.1704932204471928 51.49073725324022, -0.1684023072038832 51.49171876416438, -0.1688373227897794 51.4934662461035, -0.1713634083318488 51.494232237580526))",0,True,True,,5
89194ad164fffff,154,154-3,9,1,51.48997125999548,-0.16796731983363103,200.821,"POLYGON ((-0.1684023072038832 51.49171876416438, -0.1704932204471928 51.49073725324022, -0.1700581688352639 51.48898972772452, -0.1675323606764042 51.48822373359999, -0.1654415416263747 51.48920522388011, -0.1658764365422931 51.4909527289274, -0.1684023072038832 51.49171876416438))",0,True,True,,13
89194ad1653ffff,154,154-4,9,1,51.495429035228575,-0.16465526492786275,200.821,"POLYGON ((-0.1650901802239579 51.49717645223391, -0.167181290556488 51.4961951106944, -0.1667463110046493 51.49444767233768, -0.164220377842738 51.49368159598949, -0.1621293617343551 51.49466291688947, -0.1625641845641063 51.49641033477576, -0.1650901802239579 51.49717645223391))",0,True,True,,6
89194ad1657ffff,154,154-5,9,1,51.4929154767721,-0.16169456710918906,200.821,"POLYGON ((-0.1621293617343551 51.49466291688947, -0.164220377842738 51.49368159598949, -0.1637855189658986 51.49193413451977, -0.1612598006859084 51.49116801442682, -0.1591688788049496 51.49214931469247, -0.1596035809769075 51.493896755683984, -0.1621293617343551 51.49466291688947))",0,True,True,,2
89194ad165bffff,154,154-6,9,1,51.495213705809746,-0.169272366594,200.821,"POLYGON ((-0.1697074386193537 51.49696114328002, -0.1717985446099578 51.495979696398884, -0.1713634083318488 51.494232237580526, -0.1688373227897794 51.4934662461035, -0.1667463110046493 51.49444767233768, -0.167181290556488 51.4961951106944, -0.1697074386193537 51.49696114328002))",0,True,True,,8
89194ad1183ffff,172,172-0,9,1,51.46108896681724,-0.10478639623518815,200.821,"POLYGON ((-0.1052189982501463 51.46283662385815, -0.107308805190576 51.461855991699075, -0.1068761389652475 51.46010831328004, -0.1043538222639371 51.45934128763315, -0.1022641096669372 51.46032189925505, -0.1026966194282113 51.462069557059586, -0.1052189982501463 51.46283662385815))",0,True,True,,1
89194ad1187ffff,172,172-1,9,1,51.45857421931,-0.10183162794304228,200.821,"POLYGON ((-0.1022641096669372 51.46032189925505, -0.1043538222639371 51.45934128763315, -0.1039212763337167 51.45759358630903, -0.1013991742537534 51.45682651722762, -0.0993095560033641 51.457807108317525, -0.0997419454867167 51.459554789019386, -0.1022641096669372 51.46032189925505))",0,True,True,,0
89194ad118bffff,172,172-2,9,1,51.46087529624376,-0.10939857804602796,200.821,"POLYGON ((-0.109831336532247 51.46262297389367, -0.1119211395055001 51.46164223651748, -0.1114883168118341 51.459894537492715, -0.1089658476136289 51.45912759644847, -0.1068761389652475 51.46010831328004, -0.107308805190576 51.461855991699075, -0.109831336532247 51.46262297389367))",0,True,True,,8
89194ad118fffff,172,172-3,9,1,51.45836061271826,-0.10644350078730319,200.821,"POLYGON ((-0.1068761389652475 51.46010831328004, -0.1089658476136289 51.45912759644847, -0.1085331452323061 51.45737987451086, -0.1060108906540815 51.45661289001688, -0.1039212763337167 51.45759358630903, -0.1043538222639371 51.45934128763315, -0.1068761389652475 51.46010831328004))",0,True,True,,1
89194ad1193ffff,172,172-4,9,1,51.46381719272049,-0.10312915722947442,200.821,"POLYGON ((-0.1035617230734339 51.46556480623468, -0.1056516283114885 51.46458425875272, -0.1052189982501463 51.46283662385815, -0.1026966194282113 51.462069557059586, -0.1006068085490226 51.46305008400662, -0.1010392821332972 51.4647976982857, -0.1035617230734339 51.46556480623468))",0,True,True,,16
89194ad1197ffff,172,172-5,9,1,51.46130244758346,-0.10017436300103909,200.821,"POLYGON ((-0.1006068085490226 51.46305008400662, -0.1026966194282113 51.462069557059586, -0.1022641096669372 51.46032189925505, -0.0997419454867167 51.459554789019386, -0.0976522289695425 51.4605352954367, -0.0980845822709796 51.462282932617946, -0.1006068085490226 51.46305008400662))",0,True,True,,2
89194ad119bffff,172,172-6,9,1,51.46360364797227,-0.10774149946601179,200.821,"POLYGON ((-0.1081742217941809 51.46535128209639, -0.1102641230749074 51.46437062939497, -0.109831336532247 51.46262297389367, -0.107308805190576 51.461855991699075, -0.1052189982501463 51.46283662385815, -0.1056516283114885 51.46458425875272, -0.1081742217941809 51.46535128209639))",0,True,True,,7
89194ada5a3ffff,198,198-0,9,1,51.48702647316733,-0.17423976395032578,200.821,"POLYGON ((-0.1746749440356894 51.48877404137107, -0.1767657543714156 51.48779234042705, -0.1763305100543209 51.486044750882066, -0.1738046120890178 51.48527888273828, -0.1717138959124586 51.486260563028594, -0.1721489835423962 51.488008132114985, -0.1746749440356894 51.48877404137107))",0,True,True,,12
89194ada5a7ffff,198,198-1,9,1,51.48451297171959,-0.17127883650018216,200.821,"POLYGON ((-0.1717138959124586 51.486260563028594, -0.1738046120890178 51.48527888273828, -0.1733694884490643 51.48353127008705, -0.1708438053028509 51.4827653581911, -0.1687531832887198 51.4837470178329, -0.1691881502587202 51.48549461001773, -0.1717138959124586 51.486260563028594))",0,True,True,,7
89194ada5abffff,198,198-2,9,1,51.48681057614406,-0.17885653039519464,200.821,"POLYGON ((-0.1792918671748205 51.48855816480083, -0.181382673110628 51.487576358517295, -0.1809472721022199 51.48582874852251, -0.1784212218496665 51.485062965259644, -0.1763305100543209 51.486044750882066, -0.1767657543714156 51.48779234042705, -0.1792918671748205 51.48855816480083))",0,True,True,,12
89194ada5afffff,198,198-3,9,1,51.48429713911221,-0.17589529396498033,200.821,"POLYGON ((-0.1763305100543209 51.486044750882066, -0.1784212218496665 51.485062965259644, -0.1779859415356163 51.483315332150845, -0.1754601061006923 51.4825495051206, -0.1733694884490643 51.48353127008705, -0.1738046120890178 51.48527888273828, -0.1763305100543209 51.486044750882066))",0,True,True,,14
89194ada5b3ffff,198,198-4,9,1,51.4897556789756,-0.1725840993926855,200.821,"POLYGON ((-0.1730192434660689 51.4915032036074, -0.175110152347815 51.49052158734637, -0.1746749440356894 51.48877404137107, -0.1721489835423962 51.488008132114985, -0.1700581688352639 51.48898972772452, -0.1704932204471928 51.49073725324022, -0.1730192434660689 51.4915032036074))",0,True,True,,3
89194ada5b7ffff,198,198-5,9,1,51.48724217998267,-0.1696231454400236,200.821,"POLYGON ((-0.1700581688352639 51.48898972772452, -0.1721489835423962 51.488008132114985, -0.1717138959124586 51.486260563028594, -0.1691881502587202 51.48549461001773, -0.1670974297294306 51.486476184980994, -0.1675323606764042 51.48822373359999, -0.1700581688352639 51.48898972772452))",0,True,True,,14
89194ada5bbffff,198,198-6,9,1,51.48953990774404,-0.17720102691896086,200.821,"POLYGON ((-0.177636327699633 51.491287452829894, -0.1797272321912773 51.49030573122696, -0.1792918671748205 51.48855816480083, -0.1767657543714156 51.48779234042705, -0.1746749440356894 51.48877404137107, -0.175110152347815 51.49052158734637, -0.177636327699633 51.491287452829894))",0,True,True,,3
89194ad1103ffff,213,213-0,9,1,51.45541820822036,-0.11271233186835221,200.821,"POLYGON ((-0.1131451626465208 51.45716597290407, -0.1152347690215774 51.456185066192184, -0.1148018740499223 51.45443728013817, -0.1122795291459504 51.453670421398336, -0.1101900170649278 51.45465130756107, -0.110622755594228 51.4563990730114, -0.1131451626465208 51.45716597290407))",0,True,True,,16
89194ad1107ffff,213,213-1,9,1,51.45290351997514,-0.10975730658506681,200.821,"POLYGON ((-0.1101900170649278 51.45465130756107, -0.1122795291459504 51.453670421398336, -0.1118467544767248 51.45192261244116, -0.1093246241519886 51.451155710256785, -0.107235206368138 51.45213657587555, -0.1076678246122373 51.45388436422125, -0.1101900170649278 51.45465130756107))",0,True,True,,0
89194ad110bffff,213,213-2,9,1,51.45520409618781,-0.11732434129607408,200.821,"POLYGON ((-0.1177573285237763 51.45695188146971, -0.1198469308835621 51.45597086954031, -0.1194138794652971 51.45422306289141, -0.1168913821342446 51.45345628876539, -0.1148018740499223 51.45443728013817, -0.1152347690215774 51.456185066192184, -0.1177573285237763 51.45695188146971))",0,True,True,,7
89194ad110fffff,213,213-3,9,1,51.452689471946336,-0.11436900713776088,200.821,"POLYGON ((-0.1148018740499223 51.45443728013817, -0.1168913821342446 51.45345628876539, -0.1164584510356048 51.45170845920556, -0.1139361682824155 51.450941641619785, -0.1118467544767248 51.45192261244116, -0.1122795291459504 51.453670421398336, -0.1148018740499223 51.45443728013817))",0,True,True,,3
89194ad1113ffff,213,213-4,9,1,51.45814681632298,-0.11105552217562915,200.821,"POLYGON ((-0.1114883168118341 51.459894537492715, -0.113578021483195 51.458913715446386, -0.1131451626465208 51.45716597290407, -0.110622755594228 51.4563990730114, -0.1085331452323061 51.45737987451086, -0.1089658476136289 51.45912759644847, -0.1114883168118341 51.459894537492715))",0,True,True,,2
89194ad1117ffff,213,213-5,9,1,51.45563213043407,-0.10810047089939268,200.821,"POLYGON ((-0.1085331452323061 51.45737987451086, -0.110622755594228 51.4563990730114, -0.1101900170649278 51.45465130756107, -0.1076678246122373 51.45388436422125, -0.1055783085629161 51.45486514517901, -0.1060108906540815 51.45661289001688, -0.1085331452323061 51.45737987451086))",0,True,True,,3
89194ad111bffff,213,213-6,9,1,51.457932830105186,-0.11566769205540389,200.821,"POLYGON ((-0.1161006431541311 51.45968057187411, -0.1181903438200501 51.458699644607925, -0.1177573285237763 51.45695188146971, -0.1152347690215774 51.456185066192184, -0.1131451626465208 51.45716597290407, -0.113578021483195 51.458913715446386, -0.1161006431541311 51.45968057187411))",0,True,True,,3
89194ad11a3ffff,218,218-0,9,1,51.4533310466633,-0.1005343509684745,200.821,"POLYGON ((-0.1009667485964713 51.45507879301101, -0.1030562685856524 51.454098117253146, -0.1026238067624719 51.452350349527656, -0.1001019813671336 51.45158327818762, -0.0980125557122643 51.452563933416414, -0.0984448611188055 51.45431168051291, -0.1009667485964713 51.45507879301101))",0,True,True,,11
89194ad11a7ffff,218,218-1,9,1,51.45081616419467,-0.09758027832597183,200.821,"POLYGON ((-0.0980125557122643 51.452563933416414, -0.1001019813671336 51.45158327818762, -0.0996696397897327 51.44983548758712, -0.0971480289572841 51.449068372850796, -0.0950586976398822 51.450049007555684, -0.0954908828178615 51.4517967775194, -0.0980125557122643 51.452563933416414))",0,True,True,,1
89194ad11abffff,218,218-2,9,1,51.45311737820783,-0.10514575451114096,200.821,"POLYGON ((-0.1055783085629161 51.45486514517901, -0.1076678246122373 51.45388436422125, -0.107235206368138 51.45213657587555, -0.1047132284960186 51.45136958910643, -0.1026238067624719 51.452350349527656, -0.1030562685856524 51.454098117253146, -0.1055783085629161 51.45486514517901))",0,True,True,,7
89194ad11afffff,218,218-3,9,1,51.45060255967463,-0.10219137296958244,200.821,"POLYGON ((-0.1026238067624719 51.452350349527656, -0.1047132284960186 51.45136958910643, -0.1042807305149243 51.44962177787794, -0.10175896720437 51.448854747697254, -0.0996696397897327 51.44983548758712, -0.1001019813671336 51.45158327818762, -0.1026238067624719 51.452350349527656))",0,True,True,,11
89194ad11b3ffff,218,218-4,9,1,51.45605940548098,-0.09887719454829576,200.821,"POLYGON ((-0.0993095560033641 51.457807108317525, -0.1013991742537534 51.45682651722762, -0.1009667485964713 51.45507879301101, -0.0984448611188055 51.45431168051291, -0.0963553372181381 51.45529225107598, -0.0967876064458097 51.45703995466257, -0.0993095560033641 51.457807108317525))",0,True,True,,0
89194ad11b7ffff,218,218-5,9,1,51.45354452536055,-0.09592309600971868,200.821,"POLYGON ((-0.0963553372181381 51.45529225107598, -0.0984448611188055 51.45431168051291, -0.0980125557122643 51.452563933416414, -0.0954908828178615 51.4517967775194, -0.0934014532700648 51.452777327560845, -0.0938336022642215 51.45452505401953, -0.0963553372181381 51.45529225107598))",0,True,True,,3
89194ad11bbffff,218,218-6,9,1,51.45584586284798,-0.1034887584418659,200.821,"POLYGON ((-0.1039212763337167 51.45759358630903, -0.1060108906540815 51.45661289001688, -0.1055783085629161 51.45486514517901, -0.1030562685856524 51.454098117253146, -0.1009667485964713 51.45507879301101, -0.1013991742537534 51.45682651722762, -0.1039212763337167 51.45759358630903))",0,True,True,,0
89194ada523ffff,247,247-0,9,1,51.481351528224195,-0.18216713374202598,200.821,"POLYGON ((-0.1826025424955188 51.48309920400533, -0.1846931513365759 51.482117228374385, -0.1842576783683306 51.480369531259825, -0.1817317532246276 51.47960383022258, -0.1796412384931938 51.48058578518789, -0.1800765547961971 51.48233346185468, -0.1826025424955188 51.48309920400533))",0,True,True,,4
89194ada527ffff,247,247-1,9,1,51.47883808630338,-0.17920595041993206,200.821,"POLYGON ((-0.1796412384931938 51.48058578518789, -0.1817317532246276 51.47960383022258, -0.1812964009406937 51.47785611000369, -0.1787706905737055 51.47709036520425, -0.1766802699551333 51.4780722995091, -0.1771154655910458 51.47981999927244, -0.1796412384931938 51.48058578518789))",0,True,True,,1
89194ada52bffff,247,247-2,9,1,51.481135189408214,-0.18678372585007869,200.821,"POLYGON ((-0.1872192912759526 51.48288288563162, -0.1893098956689647 51.48190080466083, -0.1888742660313541 51.48015308710729, -0.1863481886704576 51.47938747096211, -0.1842576783683306 51.480369531259825, -0.1846931513365759 51.482117228374385, -0.1872192912759526 51.48288288563162))",0,True,True,,5
89194ada52fffff,247,247-3,9,1,51.47862181192529,-0.18382223363991804,200.821,"POLYGON ((-0.1842576783683306 51.480369531259825, -0.1863481886704576 51.47938747096211, -0.18591267973431 51.47763973029645, -0.1833868171486157 51.47687407037387, -0.1812964009406937 51.47785611000369, -0.1817317532246276 51.47960383022258, -0.1842576783683306 51.480369531259825))",0,True,True,,1
89194ada533ffff,247,247-4,9,1,51.484081116300594,-0.18051189933164868,200.821,"POLYGON ((-0.1809472721022199 51.48582874852251, -0.1830379794878597 51.484846857562935, -0.1826025424955188 51.48309920400533, -0.1800765547961971 51.48233346185468, -0.1779859415356163 51.483315332150845, -0.1784212218496665 51.485062965259644, -0.1809472721022199 51.48582874852251))",0,True,True,,12
89194ada537ffff,247,247-5,9,1,51.4815676768207,-0.17755068945029104,200.821,"POLYGON ((-0.1779859415356163 51.483315332150845, -0.1800765547961971 51.48233346185468, -0.1796412384931938 51.48058578518789, -0.1771154655910458 51.47981999927244, -0.1750249464587508 51.48080184891041, -0.1754601061006923 51.4825495051206, -0.1779859415356163 51.483315332150845))",0,True,True,,4
89194ada53bffff,247,247-6,9,1,51.48386490326583,-0.18512865254734617,200.821,"POLYGON ((-0.185564182003298 51.48561255593098, -0.1876548849507006 51.4846305596292, -0.1872192912759526 51.48288288563162, -0.1846931513365759 51.482117228374385, -0.1826025424955188 51.48309920400533, -0.1830379794878597 51.484846857562935, -0.185564182003298 51.48561255593098))",0,True,True,,3
89194ad1243ffff,262,262-0,9,1,51.47359485637474,-0.1779002555516299,200.821,"POLYGON ((-0.1783354589518486 51.47534262189367, -0.1804257810623358 51.47436060292656, -0.1799905134625146 51.47261281607457, -0.1774650803703846 51.471847068650646, -0.1753748523606046 51.47282906696023, -0.1758099633426004 51.47457683334988, -0.1783354589518486 51.47534262189367))",0,True,True,,0
89194ad1247ffff,262,262-1,9,1,51.47108127836813,-0.17493976959117555,200.821,"POLYGON ((-0.1753748523606046 51.47282906696023, -0.1774650803703846 51.471847068650646, -0.1770299334054122 51.47009925872445, -0.1745047150316231 51.469333467576575, -0.172414581125784 51.470315445233844, -0.1728495714901419 51.4720632346899, -0.1753748523606046 51.47282906696023))",0,True,True,,10
89194ad124bffff,262,262-2,9,1,51.47337852063299,-0.18251606886662122,200.821,"POLYGON ((-0.1829514288917575 51.475126306608736, -0.1850417465817948 51.47414418231903, -0.1846063223599976 51.47239637501353, -0.1820807370705261 51.471630712449816, -0.1799905134625146 51.47261281607457, -0.1804257810623358 51.47436060292656, -0.1829514288917575 51.475126306608736))",0,True,True,,7
89194ad124fffff,262,262-3,9,1,51.470865007017856,-0.17955527408536803,200.821,"POLYGON ((-0.1799905134625146 51.47261281607457, -0.1820807370705261 51.471630712449816, -0.1816454335007811 51.46988288206233, -0.1791200629281443 51.469117175759465, -0.1770299334054122 51.47009925872445, -0.1774650803703846 51.471847068650646, -0.1799905134625146 51.47261281607457))",0,True,True,,2
89194ad1253ffff,262,262-4,9,1,51.47632457753387,-0.17624510253990888,200.821,"POLYGON ((-0.1766802699551333 51.4780722995091, -0.1787706905737055 51.47709036520425, -0.1783354589518486 51.47534262189367, -0.1758099633426004 51.47457683334988, -0.1737196368401557 51.47555874699947, -0.1741547118311907 51.477306469846695, -0.1766802699551333 51.4780722995091))",0,True,True,,5
89194ad1257ffff,262,262-5,9,1,51.47381100194615,-0.17328459006071123,200.821,"POLYGON ((-0.1737196368401557 51.47555874699947, -0.1758099633426004 51.47457683334988, -0.1753748523606046 51.47282906696023, -0.1728495714901419 51.4720632346899, -0.1707593391070668 51.47304512768941, -0.1711942934754394 51.47479287360789, -0.1737196368401557 51.47555874699947))",0,True,True,,3
89194ad125bffff,262,262-6,9,1,51.47610836757062,-0.18086107688747635,200.821,"POLYGON ((-0.1812964009406937 51.47785611000369, -0.1833868171486157 51.47687407037387, -0.1829514288917575 51.475126306608736, -0.1804257810623358 51.47436060292656, -0.1783354589518486 51.47534262189367, -0.1787706905737055 51.47709036520425, -0.1812964009406937 51.47785611000369))",0,True,True,,5
89194ad1263ffff,279,279-0,9,1,51.46583777940801,-0.1736346905314072,200.821,"POLYGON ((-0.1740696886792685 51.46758563458885, -0.1761597241134657 51.466603572278466, -0.1757246617811278 51.46485569576487, -0.173199720585345 51.46408990203719, -0.1711097792429146 51.4650719436982, -0.1715446850048642 51.46681979973485, -0.1740696886792685 51.46758563458885))",0,True,True,,1
89194ad1267ffff,279,279-1,9,1,51.46332406547425,-0.17067490167638538,200.821,"POLYGON ((-0.1711097792429146 51.4650719436982, -0.173199720585345 51.46408990203719, -0.1727647788384088 51.462342002479545, -0.1702400523025989 51.46157616506619, -0.1681502050551942 51.46255818608294, -0.1685849902489334 51.464306065155895, -0.1711097792429146 51.4650719436982))",0,True,True,,10
89194ad126bffff,279,279-2,9,1,51.46562144665044,-0.1782497252628485,200.821,"POLYGON ((-0.1786848799881994 51.46736932230262, -0.1807749110295078 51.4663871546869, -0.1803396921226039 51.46463925770522, -0.1778145987493251 51.46387354880598, -0.1757246617811278 51.46485569576487, -0.1761597241134657 51.466603572278466, -0.1786848799881994 51.46736932230262))",0,True,True,,1
89194ad126fffff,279,279-3,9,1,51.46310779706178,-0.17528962765426898,200.821,"POLYGON ((-0.1757246617811278 51.46485569576487, -0.1778145987493251 51.46387354880598, -0.1773795004450167 51.46212562877246, -0.1748546217302259 51.4613598761723, -0.1727647788384088 51.462342002479545, -0.173199720585345 51.46408990203719, -0.1757246617811278 51.46485569576487))",0,True,True,,0
89194ad1273ffff,279,279-4,9,1,51.46856763358113,-0.17197961896490746,200.821,"POLYGON ((-0.172414581125784 51.470315445233844, -0.1745047150316231 51.469333467576575, -0.1740696886792685 51.46758563458885, -0.1715446850048642 51.46681979973485, -0.1694546452062165 51.46780175674496, -0.1698895149751466 51.4695495692548, -0.172414581125784 51.470315445233844))",0,True,True,,16
89194ad1277ffff,279,279-5,9,1,51.46605392204429,-0.16901980363169963,200.821,"POLYGON ((-0.1694546452062165 51.46780175674496, -0.1715446850048642 51.46681979973485, -0.1711097792429146 51.4650719436982, -0.1685849902489334 51.464306065155895, -0.1664950445607244 51.46528800152403, -0.1669297937564491 51.46703583707501, -0.1694546452062165 51.46780175674496))",0,True,True,,8
89194ad127bffff,279,279-6,9,1,51.46835142659935,-0.1765948146540076,200.821,"POLYGON ((-0.1770299334054122 51.47009925872445, -0.1791200629281443 51.469117175759465, -0.1786848799881994 51.46736932230262, -0.1761597241134657 51.466603572278466, -0.1740696886792685 51.46758563458885, -0.1745047150316231 51.469333467576575, -0.1770299334054122 51.47009925872445))",0,True,True,,1
89194ad1ec3ffff,304,304-0,9,1,51.44407307386261,-0.12856111011983246,200.821,"POLYGON ((-0.1289943981852673 51.44582105372301, -0.1310836032932399 51.444839597974, -0.1306502510681493 51.44309159675907, -0.1281278501343586 51.44232507187374, -0.12603873922161 51.44330650704965, -0.1264719350478011 51.44505448768254, -0.1289943981852673 51.44582105372301))",0,True,True,,0
89194ad1ec7ffff,304,304-1,9,1,51.44155850429094,-0.12560557146902254,200.821,"POLYGON ((-0.12603873922161 51.44330650704965, -0.1281278501343586 51.44232507187374, -0.1276946182262077 51.44057704775953, -0.1251724317873911 51.439810479409616, -0.123083415073046 51.44079189401762, -0.123516490599493 51.44253989754202, -0.12603873922161 51.44330650704965))",0,True,True,,12
89194ad1ecbffff,304,304-2,9,1,51.44385807894004,-0.13317277426949356,200.821,"POLYGON ((-0.1336062187409667 51.44560607937697, -0.1356954197375094 51.44462451840979, -0.1352619111093051 51.44287649662158, -0.1327393578880483 51.4421100563724, -0.1306502510681493 51.44309159675907, -0.1310836032932399 51.444839597974, -0.1336062187409667 51.44560607937697))",0,True,True,,0
89194ad1ecfffff,304,304-3,9,1,51.441343573416106,-0.130216926926739,200.821,"POLYGON ((-0.1306502510681493 51.44309159675907, -0.1327393578880483 51.4421100563724, -0.1323059695939666 51.44036201167715, -0.1297836308662991 51.43959552794822, -0.1276946182262077 51.44057704775953, -0.1281278501343586 51.44232507187374, -0.1306502510681493 51.44309159675907))",0,True,True,,0
89194ad1ed3ffff,304,304-4,9,1,51.4468024461865,-0.12690515895027948,200.821,"POLYGON ((-0.1273384109317498 51.44855038255844, -0.1294277143333676 51.447569011451755, -0.1289943981852673 51.44582105372301, -0.1264719350478011 51.44505448768254, -0.1243827258568057 51.446035838218386, -0.1248158855930381 51.4477837753641, -0.1273384109317498 51.44855038255844))",0,True,True,,9
89194ad1ed7ffff,304,304-5,9,1,51.444287878943335,-0.1239495941932124,200.821,"POLYGON ((-0.1243827258568057 51.446035838218386, -0.1264719350478011 51.44505448768254, -0.12603873922161 51.44330650704965, -0.123516490599493 51.44253989754202, -0.1214273756223083 51.443521227512214, -0.1218604150538097 51.4452691875543, -0.1243827258568057 51.446035838218386))",0,True,True,,2
89194ad1edbffff,304,304-6,9,1,51.44658757705781,-0.13151698360468508,200.821,"POLYGON ((-0.1319503920051745 51.448335534007256, -0.1340396913051732 51.44735405768004, -0.1336062187409667 51.44560607937697, -0.1310836032932399 51.444839597974, -0.1289943981852673 51.44582105372301, -0.1294277143333676 51.447569011451755, -0.1319503920051745 51.448335534007256))",0,True,True,,0
89194adac83ffff,307,307-0,9,1,51.45808029771018,-0.1693704381224561,200.821,"POLYGON ((-0.1698052311188516 51.459828242477116, -0.171894979931084 51.45884613681633, -0.1714601227653144 51.45709817071704, -0.1689356733106994 51.45633233076853, -0.1668460185813244 51.45731441578798, -0.1672807192240872 51.45906236139585, -0.1698052311188516 51.459828242477116))",0,True,True,,0
89194adac87ffff,307,307-1,9,1,51.4555664480081,-0.16641134611687022,200.821,"POLYGON ((-0.1668460185813244 51.45731441578798, -0.1689356733106994 51.45633233076853, -0.1685009366809249 51.45458434165528, -0.1659767018279817 51.45381845805932, -0.1638871411846826 51.454800522442646, -0.164321721308642 51.45654849105669, -0.1668460185813244 51.45731441578798))",0,True,True,,5
89194adac8bffff,307,307-2,9,1,51.45786396784672,-0.17398469447976106,200.821,"POLYGON ((-0.1744196440062997 51.459611933099566, -0.1765093884531401 51.45862972215072, -0.1760743747602198 51.456881735568764, -0.1735497731479678 51.45611598041689, -0.1714601227653144 51.45709817071704, -0.171894979931084 51.45884613681633, -0.1744196440062997 51.459611933099566))",0,True,True,,0
89194adac8fffff,307,307-3,9,1,51.455350182443425,-0.1710252937878981,200.821,"POLYGON ((-0.1714601227653144 51.45709817071704, -0.1735497731479678 51.45611598041689, -0.1731148800082015 51.45436797081323, -0.1705904929961375 51.45360217199868, -0.1685009366809249 51.45458434165528, -0.1689356733106994 51.45633233076853, -0.1714601227653144 51.45709817071704))",0,True,True,,0
89194adac93ffff,307,307-4,9,1,51.46081028482856,-0.16771544804780966,200.821,"POLYGON ((-0.1681502050551942 51.46255818608294, -0.1702400523025989 51.46157616506619, -0.1698052311188516 51.459828242477116, -0.1672807192240872 51.45906236139585, -0.1651909660749488 51.46004436177359, -0.1656256307226692 51.46179226387018, -0.1681502050551942 51.46255818608294))",7,True,True,,27
89194adac97ffff,307,307-5,9,1,51.45829643750137,-0.16475632960451903,200.821,"POLYGON ((-0.1651909660749488 51.46004436177359, -0.1672807192240872 51.45906236139585, -0.1668460185813244 51.45731441578798, -0.164321721308642 51.45654849105669, -0.1622320622610072 51.45753047080053, -0.1626666063849179 51.45927839590816, -0.1651909660749488 51.46004436177359))",0,True,True,,12
89194adac9bffff,307,307-6,9,1,51.46059408073822,-0.1723298652878641,200.821,"POLYGON ((-0.1727647788384088 51.462342002479545, -0.1748546217302259 51.4613598761723, -0.1744196440062997 51.459611933099566, -0.171894979931084 51.45884613681633, -0.1698052311188516 51.459828242477116, -0.1702400523025989 51.46157616506619, -0.1727647788384088 51.462342002479545))",0,True,True,,1
89194ada1a3ffff,310,310-0,9,1,51.46791844218509,-0.18582564941413504,200.821,"POLYGON ((-0.1862610813590787 51.469666315228544, -0.1883512020301845 51.46868402163295, -0.1879157059026058 51.466936127264276, -0.1853902457001648 51.46617054694127, -0.1833002190802434 51.4671528198674, -0.1837355586119435 51.468900693784555, -0.1862610813590787 51.469666315228544))",0,True,True,,1
89194ada1a7ffff,310,310-1,9,1,51.46540492375261,-0.1828649077731921,200.821,"POLYGON ((-0.1833002190802434 51.4671528198674, -0.1853902457001648 51.46617054694127, -0.184954870214564 51.46442262950031, -0.1824296246880995 51.463657005443366, -0.1803396921226039 51.46463925770522, -0.1807749110295078 51.4663871546869, -0.1833002190802434 51.4671528198674))",0,True,True,,7
89194ada1abffff,310,310-2,9,1,51.46770166471476,-0.1904412883795365,200.821,"POLYGON ((-0.1908768769275151 51.4694495582042, -0.1929669931300736 51.46846715928575, -0.1925313404024583 51.466719244474376, -0.1900057280726689 51.46595374902273, -0.1879157059026058 51.466936127264276, -0.1883512020301845 51.46868402163295, -0.1908768769275151 51.4694495582042))",0,True,True,,7
89194ada1afffff,310,310-3,9,1,51.46518821069576,-0.18748023800975697,200.821,"POLYGON ((-0.1879157059026058 51.466936127264276, -0.1900057280726689 51.46595374902273, -0.1895701960041902 51.46420581113125, -0.1870447983488752 51.46344027193046, -0.184954870214564 51.46442262950031, -0.1853902457001648 51.46617054694127, -0.1879157059026058 51.466936127264276))",0,True,True,,1
89194ada1b3ffff,310,310-4,9,1,51.470648545500985,-0.1841709263709578,200.821,"POLYGON ((-0.1846063223599976 51.47239637501353, -0.1866965415377842 51.47141416606855, -0.1862610813590787 51.469666315228544, -0.1837355586119435 51.468900693784555, -0.1816454335007811 51.46988288206233, -0.1820807370705261 51.471630712449816, -0.1846063223599976 51.47239637501353))",0,True,True,,0
89194ada1b7ffff,310,310-5,9,1,51.468135029473636,-0.18121015815468036,200.821,"POLYGON ((-0.1816454335007811 51.46988288206233, -0.1837355586119435 51.468900693784555, -0.1833002190802434 51.4671528198674, -0.1807749110295078 51.4663871546869, -0.1786848799881994 51.46736932230262, -0.1791200629281443 51.469117175759465, -0.1816454335007811 51.46988288206233))",0,True,True,,0
89194ada1bbffff,310,310-6,9,1,51.470431893798605,-0.18878672639515887,200.821,"POLYGON ((-0.1892222790002718 51.47217974375815, -0.1913124937192865 51.47119742948794, -0.1908768769275151 51.4694495582042, -0.1883512020301845 51.46868402163295, -0.1862610813590787 51.469666315228544, -0.1866965415377842 51.47141416606855, -0.1892222790002718 51.47217974375815))",0,True,True,,3
89194ad1363ffff,319,319-0,9,1,51.44824038198672,-0.15292320686081096,200.821,"POLYGON ((-0.1533573614054494 51.44998839820384, -0.1554467381292035 51.44900648033053, -0.1550125194285098 51.447258442773865, -0.1524890804545304 51.44649234362044, -0.1503997978451653 51.44747424088059, -0.1508338600957604 51.44922225790593, -0.1533573614054494 51.44998839820384))",0,True,True,,0
89194ad1367ffff,319,319-1,9,1,51.445726201708815,-0.14996576372650552,200.821,"POLYGON ((-0.1503997978451653 51.44747424088059, -0.1524890804545304 51.44649234362044, -0.1520549821838735 51.44474428310817, -0.1495317577371595 51.44397814039374, -0.1474425692454042 51.444960017045915, -0.1478765110831544 51.44670805701906, -0.1503997978451653 51.44747424088059))",7,True,True,,40
89194ad136bffff,319,319-2,9,1,51.44802449916221,-0.15753608064759578,200.821,"POLYGON ((-0.1579703916494336 51.449772535905154, -0.1600597641108369 51.4487905127785, -0.1596253889558694 51.447042454699286, -0.1571017977941354 51.446276440267816, -0.1550125194285098 51.447258442773865, -0.1554467381292035 51.44900648033053, -0.1579703916494336 51.449772535905154))",0,True,True,,0
89194ad136fffff,319,319-3,9,1,51.44551038306848,-0.15457832886983675,200.821,"POLYGON ((-0.1550125194285098 51.447258442773865, -0.1571017977941354 51.446276440267816, -0.1566675430864042 51.44452835922519, -0.154144166450511 51.44376230121755, -0.1520549821838735 51.44474428310817, -0.1524890804545304 51.44649234362044, -0.1550125194285098 51.447258442773865))",0,True,True,,5
89194ad1373ffff,319,319-4,9,1,51.450970252781644,-0.15126795048100458,200.821,"POLYGON ((-0.1517020690035915 51.45271822550466, -0.1537915440910938 51.4517363922687, -0.1533573614054494 51.44998839820384, -0.1508338600957604 51.44922225790593, -0.1487444791380861 51.45020407053097, -0.1491785053606332 51.45195204406347, -0.1517020690035915 51.45271822550466))",0,True,True,,0
89194ad1377ffff,319,319-5,9,1,51.44845607484848,-0.1483104810464841,200.821,"POLYGON ((-0.1487444791380861 51.45020407053097, -0.1508338600957604 51.44922225790593, -0.1503997978451653 51.44747424088059, -0.1478765110831544 51.44670805701906, -0.1457872242584865 51.44768984903839, -0.1462211300631998 51.449437845523576, -0.1487444791380861 51.45020407053097))",0,True,True,,4
89194ad137bffff,319,319-6,9,1,51.45075449573535,-0.1558809849745916,200.821,"POLYGON ((-0.1563152599674094 51.45250248898522, -0.1584047308023641 51.45152055049356, -0.1579703916494336 51.449772535905154, -0.1554467381292035 51.44900648033053, -0.1533573614054494 51.44998839820384, -0.1537915440910938 51.4517363922687, -0.1563152599674094 51.45250248898522))",0,True,True,,0
89194adacc3ffff,331,331-0,9,1,51.46016110225394,-0.18155914317295788,200.821,"POLYGON ((-0.1819943698222445 51.461909064942766, -0.18408420391754 51.46092672803941, -0.1836489131007566 51.45917874402574, -0.1811239447375346 51.45841311738009, -0.1790342046845098 51.4593954336221, -0.1794693389528073 51.4611433971697, -0.1819943698222445 51.461909064942766))",0,True,True,,0
89194adacc7ffff,331,331-1,9,1,51.4576474478921,-0.17859909862370246,200.821,"POLYGON ((-0.1790342046845098 51.4593954336221, -0.1811239447375346 51.45841311738009, -0.180688774513275 51.45666511032428, -0.1781640207676965 51.45589943998291, -0.1760743747602198 51.456881735568764, -0.1765093884531401 51.45862972215072, -0.1790342046845098 51.4593954336221))",0,True,True,,0
89194adaccbffff,331,331-2,9,1,51.45994432782221,-0.18617400371241816,200.821,"POLYGON ((-0.186609386917336 51.46169231097157, -0.1886992165716643 51.46070986876259, -0.1882637692022044 51.458961864291666, -0.1857386487314568 51.45819632248554, -0.1836489131007566 51.45917874402574, -0.18408420391754 51.46092672803941, -0.186609386917336 51.46169231097157))",0,True,True,,3
89194adaccfffff,331,331-3,9,1,51.45743073782745,-0.18321365050150495,200.821,"POLYGON ((-0.1836489131007566 51.45917874402574, -0.1857386487314568 51.45819632248554, -0.1853033219717259 51.456448294964666, -0.1827784161171157 51.45568270944765, -0.180688774513275 51.45666511032428, -0.1811239447375346 51.45841311738009, -0.1836489131007566 51.45917874402574))",0,True,True,,2
89194adacd3ffff,331,331-4,9,1,51.46289133853178,-0.17990450143126357,200.821,"POLYGON ((-0.1803396921226039 51.46463925770522, -0.1824296246880995 51.463657005443366, -0.1819943698222445 51.461909064942766, -0.1794693389528073 51.4611433971697, -0.1773795004450167 51.46212562877246, -0.1778145987493251 51.46387354880598, -0.1803396921226039 51.46463925770522))",0,True,True,,0
89194adacd7ffff,331,331-5,9,1,51.460377686553,-0.17694443034716764,200.821,"POLYGON ((-0.1773795004450167 51.46212562877246, -0.1794693389528073 51.4611433971697, -0.1790342046845098 51.4593954336221, -0.1765093884531401 51.45862972215072, -0.1744196440062997 51.459611933099566, -0.1748546217302259 51.4613598761723, -0.1773795004450167 51.46212562877246))",0,True,True,,10
89194adacdbffff,331,331-6,9,1,51.46267468986533,-0.18451952295458088,200.821,"POLYGON ((-0.184954870214564 51.46442262950031, -0.1870447983488752 51.46344027193046, -0.186609386917336 51.46169231097157, -0.18408420391754 51.46092672803941, -0.1819943698222445 51.461909064942766, -0.1824296246880995 51.463657005443366, -0.184954870214564 51.46442262950031))",0,True,True,,2
89194adad83ffff,359,359-0,9,1,51.440481951346165,-0.14866383013554035,200.821,"POLYGON ((-0.1490977798743934 51.44223005693846, -0.1511868700388001 51.44124809565809, -0.1507528561590028 51.439499968726594, -0.1482299085178823 51.43873382361995, -0.1461409124589103 51.43971576429523, -0.1465747699359744 51.44146387068084, -0.1490977798743934 51.44223005693846))",0,True,True,,3
89194adad87ffff,359,359-1,9,1,51.4379676357784,-0.14570708309666705,200.821,"POLYGON ((-0.1461409124589103 51.43971576429523, -0.1482299085178823 51.43873382361995, -0.1477960150187935 51.43698567376296, -0.1452732818466297 51.43621948513349, -0.1431843798962726 51.437201405208896, -0.1436181170098155 51.43894953451222, -0.1461409124589103 51.43971576429523))",0,True,True,,0
89194adad8bffff,359,359-2,9,1,51.440266071091465,-0.15327592601912216,200.821,"POLYGON ((-0.1537100321678339 51.44201419722417, -0.1557991180973429 51.44103213070772, -0.1553649478106151 51.439283983239115, -0.1528418480016931 51.43851792282265, -0.1507528561590028 51.439499968726594, -0.1511868700388001 51.44124809565809, -0.1537100321678339 51.44201419722417))",0,True,True,,12
89194adad8fffff,359,359-3,9,1,51.437751819661656,-0.15031887040412356,200.821,"POLYGON ((-0.1507528561590028 51.439499968726594, -0.1528418480016931 51.43851792282265, -0.1524077981128587 51.436769752420794, -0.1498849127714597 51.43600364846635, -0.1477960150187935 51.43698567376296, -0.1482299085178823 51.43873382361995, -0.1507528561590028 51.439499968726594))",0,True,True,,0
89194adad93ffff,359,359-4,9,1,51.44321195493211,-0.14700865553056644,200.821,"POLYGON ((-0.1474425692454042 51.444960017045915, -0.1495317577371595 51.44397814039374, -0.1490977798743934 51.44223005693846, -0.1465747699359744 51.44146387068084, -0.1444856755650464 51.44244572673021, -0.1449194970121225 51.44419378963857, -0.1474425692454042 51.444960017045915))",0,True,True,,6
89194adad97ffff,359,359-5,9,1,51.440697641687045,-0.14405188223186174,200.821,"POLYGON ((-0.1444856755650464 51.44244572673021, -0.1465747699359744 51.44146387068084, -0.1461409124589103 51.43971576429523, -0.1436181170098155 51.43894953451222, -0.1415291167629342 51.43993136996394, -0.1419628178414887 51.44167945579488, -0.1444856755650464 51.44244572673021))",0,True,True,,0
89194adad9bffff,359,359-6,9,1,51.442996200452974,-0.15162091204618752,200.821,"POLYGON ((-0.1520549821838735 51.44474428310817, -0.154144166450511 51.44376230121755, -0.1537100321678339 51.44201419722417, -0.1511868700388001 51.44124809565809, -0.1490977798743934 51.44223005693846, -0.1495317577371595 51.44397814039374, -0.1520549821838735 51.44474428310817))",7,True,True,,28
89194adadc3ffff,370,370-0,9,1,51.442564121666564,-0.160845868904419,200.821,"POLYGON ((-0.1612802519003276 51.44431224537814, -0.1633694276314825 51.443330052995435, -0.1629349804964459 51.441581907952205, -0.160411514058905 51.44081597581079, -0.1583224323927402 51.44179814756838, -0.1587567230995028 51.44354627209107, -0.1612802519003276 51.44431224537814))",0,True,True,,0
89194adadc7ffff,370,370-1,9,1,51.44005000090411,-0.15788816982997553,200.821,"POLYGON ((-0.1583224323927402 51.44179814756838, -0.160411514058905 51.44081597581079, -0.1599771873610912 51.439067807813906, -0.1574539354085965 51.43830183210147, -0.1553649478106151 51.439283983239115, -0.1557991180973429 51.44103213070772, -0.1583224323927402 51.44179814756838))",0,True,True,,5
89194adadcbffff,370,370-2,9,1,51.442347797321474,-0.16545856914167995,200.821,"POLYGON ((-0.1658931085729868 51.44409594154805, -0.1679822799937184 51.44311364391173, -0.1675476764262402 51.44136547835678, -0.1650240578708316 51.440599630948434, -0.1629349804964459 51.441581907952205, -0.1633694276314825 51.443330052995435, -0.1658931085729868 51.44409594154805))",0,True,True,,4
89194adadcfffff,370,370-3,9,1,51.4398337407652,-0.16250056151549086,200.821,"POLYGON ((-0.1629349804964459 51.441581907952205, -0.1650240578708316 51.440599630948434, -0.1645895747577616 51.43885144243203, -0.1620661706859226 51.438085551437496, -0.1599771873610912 51.439067807813906, -0.160411514058905 51.44081597581079, -0.1629349804964459 51.441581907952205))",0,True,True,,0
89194adadd3ffff,370,370-4,9,1,51.44529437446907,-0.15919104195298778,200.821,"POLYGON ((-0.1596253889558694 51.447042454699286, -0.1617146630493405 51.44606034694229, -0.1612802519003276 51.44431224537814, -0.1587567230995028 51.44354627209107, -0.1566675430864042 51.44452835922519, -0.1571017977941354 51.446276440267816, -0.1596253889558694 51.447042454699286))",0,True,True,,0
89194adadd7ffff,370,370-5,9,1,51.44278025603743,-0.1562333165217029,200.821,"POLYGON ((-0.1566675430864042 51.44452835922519, -0.1587567230995028 51.44354627209107, -0.1583224323927402 51.44179814756838, -0.1557991180973429 51.44103213070772, -0.1537100321678339 51.44201419722417, -0.154144166450511 51.44376230121755, -0.1566675430864042 51.44452835922519))",0,True,True,,5
89194adaddbffff,370,370-6,9,1,51.445078175891716,-0.16380390292327515,200.821,"POLYGON ((-0.1642384063745597 51.446826276637935, -0.1663276761674218 51.44584406362497, -0.1658931085729868 51.44409594154805, -0.1633694276314825 51.443330052995435, -0.1612802519003276 51.44431224537814, -0.1617146630493405 51.44606034694229, -0.1642384063745597 51.446826276637935))",0,True,True,,3
8a194ad14907fff,25,25-4-0,10,2,51.500512420878245,-0.11221893304358009,75.864,"POLYGON ((-0.1120439419582739 51.501151619272974, -0.1130020619319083 51.50098117604677, -0.1131770432189542 51.50034197249829, -0.1123939204772972 51.499873217631496, -0.1114358222746506 51.500043661697994, -0.1112608250429794 51.500682859790935, -0.1120439419582739 51.501151619272974))",0,True,True,,6
8a194ad1490ffff,25,25-4-1,10,2,51.49940445875314,-0.1116108158546368,75.864,"POLYGON ((-0.1114358222746506 51.500043661697994, -0.1123939204772972 51.499873217631496, -0.1125689042595347 51.499234009532884, -0.1117858057830626 51.498765250956524, -0.1108277293506188 51.498935695863615, -0.1106527296247556 51.49957489850643, -0.1114358222746506 51.500043661697994))",0,True,True,,0
8a194ad14917fff,25,25-4-2,10,2,51.50081072335315,-0.11396018407991577,75.864,"POLYGON ((-0.1137852089399484 51.50144992720328, -0.1147433430605512 51.50127947019572, -0.1149183084017745 51.50064026119198, -0.1141351555685647 51.50017151465098, -0.1131770432189542 51.50034197249829, -0.1130020619319083 51.50098117604677, -0.1137852089399484 51.50144992720328))",0,True,True,,6
8a194ad1491ffff,25,25-4-3,10,2,51.49970276409784,-0.1133520208545756,75.864,"POLYGON ((-0.1131770432189542 51.50034197249829, -0.1141351555685647 51.50017151465098, -0.1143101234059588 51.4995323010969, -0.1135269948388971 51.49906355084557, -0.1125689042595347 51.499234009532884, -0.1123939204772972 51.499873217631496, -0.1131770432189542 51.50034197249829))",0,True,True,,5
8a194ad14927fff,25,25-4-4,10,2,51.50132205303187,-0.11108582415954464,75.864,"POLYGON ((-0.1109108196242113 51.50196124142061, -0.1118689472212489 51.50179081281562, -0.1120439419582739 51.501151619272974, -0.1112608250429794 51.500682859790935, -0.1103027192176946 51.50085328923648, -0.1101277085362679 51.501492477323495, -0.1109108196242113 51.50196124142061))",0,True,True,,19
8a194ad1492ffff,25,25-4-5,10,2,51.50021409629744,-0.11047772624715231,75.864,"POLYGON ((-0.1103027192176946 51.50085328923648, -0.1112608250429794 51.500682859790935, -0.1114358222746506 51.500043661697994, -0.1106527296247556 51.49957489850643, -0.1096946455704231 51.49974532879283, -0.1095196323953294 51.500384521429936, -0.1103027192176946 51.50085328923648))",0,True,True,,2
8a194ad14937fff,25,25-4-6,10,2,51.501620374743204,-0.11282707699333354,75.864,"POLYGON ((-0.1126520884031156 51.50225956858746, -0.1136102301484869 51.50208912620127, -0.1137852089399484 51.50144992720328, -0.1130020619319083 51.50098117604677, -0.1120439419582739 51.501151619272974, -0.1118689472212489 51.50179081281562, -0.1126520884031156 51.50225956858746))",0,True,True,,5
8a194ad14ac7fff,40,40-3-0,10,2,51.48730149564305,-0.11127837254894198,75.864,"POLYGON ((-0.1111034128040942 51.487940774987415, -0.1120613063938001 51.48777026571391, -0.112236256345117 51.487130981216225, -0.1114533286437527 51.4866622114492, -0.1104954568150709 51.486832721564504, -0.1103204909270608 51.48747200060499, -0.1111034128040942 51.487940774987415))",0,True,True,,10
8a194ad14acffff,40,40-3-1,10,2,51.48619343767463,-0.11067041905293781,75.864,"POLYGON ((-0.1104954568150709 51.486832721564504, -0.1114533286437527 51.4866622114492, -0.1116282810885845 51.48602292240598, -0.1108453776407758 51.485554148935485, -0.1098875275723594 51.48572465989287, -0.1097125591918178 51.48636394347864, -0.1104954568150709 51.486832721564504))",0,True,True,,1
8a194ad14ad7fff,40,40-3-2,10,2,51.4875997469753,-0.11301920215737929,75.864,"POLYGON ((-0.1128442583499432 51.48823903177674, -0.1138021660809089 51.48806850872611, -0.1139771000943408 51.48742921877148, -0.1131941423150234 51.48696045732434, -0.112236256345117 51.487130981216225, -0.1120613063938001 51.48777026571391, -0.1128442583499432 51.48823903177674))",0,True,True,,1
8a194ad14adffff,40,40-3-3,10,2,51.486491691869055,-0.11241120264654567,75.864,"POLYGON ((-0.112236256345117 51.487130981216225, -0.1131941423150234 51.48696045732434, -0.1133690788229693 51.48632116282396, -0.1125861452981956 51.48585239767257, -0.1116282810885845 51.48602292240598, -0.1114533286437527 51.4866622114492, -0.112236256345117 51.487130981216225))",0,True,True,,7
8a194ad14ae7fff,40,40-3-4,10,2,51.488111274795926,-0.11014552138879291,75.864,"POLYGON ((-0.1099705482001734 51.48875054413722, -0.1109284494090489 51.48858004948219, -0.1111034128040942 51.487940774987415, -0.1103204909270608 51.48747200060499, -0.1093626114799486 51.487642496102076, -0.1091876321484382 51.48828176513951, -0.1099705482001734 51.48875054413722))",0,True,True,,3
8a194ad14aeffff,40,40-3-5,10,2,51.487003222215066,-0.10953758716105239,75.864,"POLYGON ((-0.1093626114799486 51.487642496102076, -0.1103204909270608 51.48747200060499, -0.1104954568150709 51.486832721564504, -0.1097125591918178 51.48636394347864, -0.1087547015057203 51.486534439818065, -0.1085797196822082 51.48717371340101, -0.1093626114799486 51.487642496102076))",0,True,True,,0
8a194ad14af7fff,40,40-3-6,10,2,51.48840954536206,-0.11188635279247075,75.864,"POLYGON ((-0.1117113955410449 51.489048820160484, -0.1126693108925495 51.488878311728506, -0.1128442583499432 51.48823903177674, -0.1120613063938001 51.48777026571391, -0.1111034128040942 51.487940774987415, -0.1109284494090489 51.48858004948219, -0.1117113955410449 51.489048820160484))",0,True,True,,2
8a194ad33607fff,41,41-0-0,10,2,51.48794044111103,-0.09743567479068627,75.864,"POLYGON ((-0.0972605791179039 51.48857965769531, -0.0982184106623241 51.48840927492214, -0.098393496544277 51.4877700531834, -0.0976107668110142 51.48730121967703, -0.0966529570297229 51.487471603296065, -0.0964778552188819 51.488110819575546, -0.0972605791179039 51.48857965769531))",0,True,True,,1
8a194ad3360ffff,41,41-0-1,10,2,51.48683238216698,-0.09682805518802909,75.864,"POLYGON ((-0.0966529570297229 51.487471603296065, -0.0976107668110142 51.48730121967703, -0.0977858551789869 51.48666199339352, -0.0970031496938996 51.48619315618847, -0.0960453616749829 51.48636354065362, -0.095870257379085 51.487002761477655, -0.0966529570297229 51.487471603296065))",0,True,True,,1
8a194ad33617fff,41,41-0-2,10,2,51.4882388826857,-0.09917624438814089,75.864,"POLYGON ((-0.0990011646449751 51.48887810472907, -0.0999590103429498 51.48870770818359, -0.1001340802948023 51.48806848098591, -0.0993513204790867 51.487599655792614, -0.098393496544277 51.4877700531834, -0.0982184106623241 51.48840927492214, -0.0990011646449751 51.48887810472907))",0,True,True,,0
8a194ad3361ffff,41,41-0-3,10,2,51.487130826595035,-0.09856857877390911,75.864,"POLYGON ((-0.098393496544277 51.4877700531834, -0.0993513204790867 51.487599655792614, -0.0995263929179219 51.48696042404989, -0.0987436573514011 51.48649159515713, -0.0977858551789869 51.48666199339352, -0.0976107668110142 51.48730121967703, -0.098393496544277 51.4877700531834))",0,True,True,,0
8a194ad33627fff,41,41-0-4,10,2,51.4887500310053,-0.09630274975536104,75.864,"POLYGON ((-0.0961276406390868 51.489389237585215, -0.0970854797925068 51.48921886942979, -0.0972605791179039 51.48857965769531, -0.0964778552188819 51.488110819575546, -0.0955200378293292 51.48828118857708, -0.0953449225752628 51.48892039485224, -0.0961276406390868 51.489389237585215))",0,True,True,,12
8a194ad3362ffff,41,41-0-5,10,2,51.48764197745219,-0.09569514943057704,75.864,"POLYGON ((-0.0955200378293292 51.48828118857708, -0.0964778552188819 51.488110819575546, -0.0966529570297229 51.487471603296065, -0.095870257379085 51.487002761477655, -0.0949124617526811 51.4871731313256, -0.0947373440141082 51.48781234214552, -0.0955200378293292 51.48828118857708))",0,True,True,,4
8a194ad33637fff,41,41-0-6,10,2,51.48904849181111,-0.09804332112798189,75.864,"POLYGON ((-0.0978682279411259 51.48968770385021, -0.0988260812494853 51.48951732192262, -0.0990011646449751 51.48887810472907, -0.0982184106623241 51.48840927492214, -0.0972605791179039 51.48857965769531, -0.0970854797925068 51.48921886942979, -0.0978682279411259 51.48968770385021))",0,True,True,,1
8a194ad33647fff,41,41-1-0,10,2,51.485425845618295,-0.09448002897736728,75.864,"POLYGON ((-0.0943049124074917 51.486065065831866, -0.0952626862715521 51.48589469513724, -0.0954377930520737 51.485255469769065, -0.094655141894627 51.48478662055545, -0.0936973897921203 51.484956992097054, -0.0935222670858383 51.48559621200524, -0.0943049124074917 51.486065065831866))",0,True,True,,5
8a194ad3364ffff,41,41-1-1,10,2,51.48431776733972,-0.09387250884570607,75.864,"POLYGON ((-0.0936973897921203 51.484956992097054, -0.094655141894627 51.48478662055545, -0.0948302511593343 51.48414739064354, -0.0940476242466692 51.483678537733404, -0.0930898939049874 51.483848910122255, -0.0929147687154774 51.48448813457394, -0.0936973897921203 51.484956992097054))",0,True,True,,11
8a194ad33657fff,41,41-1-2,10,2,51.48572431498017,-0.09622046231839514,75.864,"POLYGON ((-0.0960453616749829 51.48636354065362, -0.0970031496938996 51.48619315618847, -0.0971782405474639 51.48555392536057, -0.0963955593093954 51.485085084457474, -0.0954377930520737 51.485255469769065, -0.0952626862715521 51.48589469513724, -0.0960453616749829 51.48636354065362))",0,True,True,,0
8a194ad3365ffff,41,41-1-3,10,2,51.484616239551684,-0.09561289618012324,75.864,"POLYGON ((-0.0954377930520737 51.485255469769065, -0.0963955593093954 51.485085084457474, -0.0965706526481183 51.484445849085624, -0.0957879956558253 51.48397700448526, -0.0948302511593343 51.48414739064354, -0.094655141894627 51.48478662055545, -0.0954377930520737 51.485255469769065))",0,True,True,,0
8a194ad33667fff,41,41-1-4,10,2,51.48623542706418,-0.09334714072672018,75.864,"POLYGON ((-0.0931720107146517 51.486874637273765, -0.0941297921848401 51.48670428119615, -0.0943049124074917 51.486065065831866, -0.0935222670858383 51.48559621200524, -0.0925645073779877 51.48576656893007, -0.0923893712297792 51.48640577883425, -0.0931720107146517 51.486874637273765))",0,True,True,,3
8a194ad3366ffff,41,41-1-5,10,2,51.485127354176605,-0.09273963987318058,75.864,"POLYGON ((-0.0925645073779877 51.48576656893007, -0.0935222670858383 51.48559621200524, -0.0936973897921203 51.484956992097054, -0.0929147687154774 51.48448813457394, -0.0919570307691696 51.4846584923463, -0.0917818921382986 51.485297706794185, -0.0925645073779877 51.48576656893007))",0,True,True,,4
8a194ad33677fff,41,41-1-6,10,2,51.486533915656146,-0.09508757583845423,75.864,"POLYGON ((-0.0949124617526811 51.4871731313256, -0.095870257379085 51.487002761477655, -0.0960453616749829 51.48636354065362, -0.0952626862715521 51.48589469513724, -0.0943049124074917 51.486065065831866, -0.0941297921848401 51.48670428119615, -0.0949124617526811 51.4871731313256))",0,True,True,,10
8a195da49247fff,57,57-1-0,10,2,51.49944495848619,-0.13529857158263006,75.864,"POLYGON ((-0.1351238072599932 51.5000842614432, -0.1360820304465612 51.499913607258314, -0.1362567849664478 51.49927429914941, -0.1354733322576751 51.49880565067751, -0.1345151308385604 51.498976305695905, -0.1343403603610915 51.49961560835263, -0.1351238072599932 51.5000842614432))",0,True,True,,0
8a195da4924ffff,57,57-1-1,10,2,51.49833699818762,-0.13468989766835654,75.864,"POLYGON ((-0.1345151308385604 51.498976305695905, -0.1354733322576751 51.49880565067751, -0.1356480892852275 51.498166338017306, -0.1348646608505995 51.49769768582785, -0.1339064811981537 51.497868341680054, -0.1337317082139884 51.498507648887866, -0.1345151308385604 51.498976305695905))",0,True,True,,3
8a195da49257fff,57,57-1-2,10,2,51.499742943602946,-0.13704025579500256,75.864,"POLYGON ((-0.1368655074306513 51.50038225201195, -0.1378237447436726 51.500211584037764, -0.1379984833047853 51.499572270476975, -0.1372150005119975 51.49910363034223, -0.1362567849664478 51.49927429914941, -0.1360820304465612 51.499913607258314, -0.1368655074306513 51.50038225201195))",0,True,True,,0
8a195da4925ffff,57,57-1-3,10,2,51.498634986188875,-0.1364315358389124,75.864,"POLYGON ((-0.1362567849664478 51.49927429914941, -0.1372150005119975 51.49910363034223, -0.137389741581766 51.498464312229906, -0.1366062830640901 51.497995668376866, -0.1356480892852275 51.498166338017306, -0.1354733322576751 51.49880565067751, -0.1362567849664478 51.49927429914941))",0,True,True,,6
8a195da49267fff,57,57-1-4,10,2,51.50025490615764,-0.13416558623584052,75.864,"POLYGON ((-0.1339908084627287 51.50089419911085, -0.1349490392896653 51.500723559548405, -0.1351238072599932 51.5000842614432, -0.1343403603610915 51.49961560835263, -0.1333821513023386 51.499786248748876, -0.1332073673746403 51.50042554140182, -0.1339908084627287 51.50089419911085))",0,True,True,,0
8a195da4926ffff,57,57-1-5,10,2,51.49914695124419,-0.1335569315820848,75.864,"POLYGON ((-0.1333821513023386 51.499786248748876, -0.1343403603610915 51.49961560835263, -0.1345151308385604 51.498976305695905, -0.1337317082139884 51.498507648887866, -0.1327735209226602 51.4986782901182, -0.1325987344888006 51.499317587322444, -0.1333821513023386 51.499786248748876))",0,True,True,,7
8a195da49277fff,57,57-1-6,10,2,51.50055291051548,-0.13590727227914848,75.864,"POLYGON ((-0.1357325104641053 51.50119220892075, -0.1366907554188754 51.501021555569146, -0.1368655074306513 51.50038225201195, -0.1360820304465612 51.499913607258314, -0.1351238072599932 51.5000842614432, -0.1349490392896653 51.500723559548405, -0.1357325104641053 51.50119220892075))",0,True,True,,0
8a194ad14487fff,62,62-2-0,10,2,51.493988949609374,-0.1386128269570844,75.864,"POLYGON ((-0.1384381114148196 51.49462830167941, -0.1393962605054436 51.49445758734056, -0.1395709662461726 51.49381823011908, -0.1387875388530281 51.49334959268872, -0.1378294115252656 51.49352030786062, -0.137654689828087 51.494159659629794, -0.1384381114148196 51.49462830167941))",0,True,True,,1
8a194ad1448ffff,62,62-2-1,10,2,51.49288095124091,-0.13800412957605226,75.864,"POLYGON ((-0.1378294115252656 51.49352030786062, -0.1387875388530281 51.49334959268872, -0.1389622471027394 51.49271023091757, -0.1381788439805307 51.4922415897708, -0.1372207384148917 51.492412305776035, -0.1370460142096745 51.49305166209465, -0.1378294115252656 51.49352030786062))",0,True,True,,2
8a194ad14497fff,62,62-2-2,10,2,51.49428686353164,-0.14035441175578806,75.864,"POLYGON ((-0.1401797121707015 51.494926221053824, -0.141137875382223 51.49475549292607, -0.1413125651652755 51.49411613025256, -0.140529107694789 51.4936475011588, -0.1395709662461726 51.49381823011908, -0.1393962605054436 51.49445758734056, -0.1401797121707015 51.494926221053824))",0,True,True,,2
8a194ad1449ffff,62,62-2-3,10,2,51.493178868047,-0.13974566834072982,75.864,"POLYGON ((-0.1395709662461726 51.49381823011908, -0.140529107694789 51.4936475011588, -0.1407037999878035 51.493008133935426, -0.1399203667892094 51.492539501124504, -0.1389622471027394 51.49271023091757, -0.1387875388530281 51.49334959268872, -0.1395709662461726 51.49381823011908))",0,True,True,,12
8a194ad144a7fff,62,62-2-4,10,2,51.49479900654832,-0.13747996448437655,75.864,"POLYGON ((-0.1373052354940299 51.49543834861605, -0.1382633922260834 51.49526764889872, -0.1384381114148196 51.49462830167941, -0.137654689828087 51.494159659629794, -0.1366965548596916 51.49433036018043, -0.1365218197146817 51.49496970194734, -0.1373052354940299 51.49543834861605))",0,True,True,,3
8a194ad144affff,62,62-2-5,10,2,51.493691013562824,-0.13687128635797927,75.864,"POLYGON ((-0.1366965548596916 51.49433036018043, -0.137654689828087 51.494159659629794, -0.1378294115252656 51.49352030786062, -0.1370460142096745 51.49305166209465, -0.1360879010041327 51.49322236347889, -0.135913163351665 51.49386170979546, -0.1366965548596916 51.49433036018043))",0,True,True,,1
8a194ad144b7fff,62,62-2-6,10,2,51.495096939711345,-0.13922155111847437,75.864,"POLYGON ((-0.1390468380851098 51.49573628723131, -0.140005008939415 51.49556557372522, -0.1401797121707015 51.494926221053824, -0.1393962605054436 51.49445758734056, -0.1384381114148196 51.49462830167941, -0.1382633922260834 51.49526764889872, -0.1390468380851098 51.49573628723131))",0,True,True,,0
8a194ad14507fff,62,62-4-0,10,2,51.4969310166135,-0.13233970261371675,75.864,"POLYGON ((-0.1321649173220253 51.49757032321991, -0.1331230828467182 51.49739968115522, -0.1332978583371404 51.49676036939676, -0.1325144842576531 51.496291705155855, -0.1315563404988469 51.496462348055175, -0.1313815490539676 51.497101654360726, -0.1321649173220253 51.49757032321991))",0,True,True,,0
8a194ad1450ffff,62,62-4-1,10,2,51.4958230368985,-0.1317311282958645,75.864,"POLYGON ((-0.1315563404988469 51.496462348055175, -0.1325144842576531 51.496291705155855, -0.1326892622539182 51.49565238884714, -0.1319059124451657 51.49518372089082, -0.1309477904514464 51.4953543646251, -0.1307729965017191 51.49599367548067, -0.1315563404988469 51.496462348055175))",0,True,True,,1
8a194ad14517fff,62,62-4-2,10,2,51.49722902962087,-0.1340812505346849,75.864,"POLYGON ((-0.1339064811981537 51.497868341680054, -0.1348646608505995 51.49769768582785, -0.1350394203854088 51.49705836861675, -0.1342560162237117 51.49658971271043, -0.1332978583371404 51.49676036939676, -0.1331230828467182 51.49739968115522, -0.1339064811981537 51.497868341680054))",7,True,True,,26
8a194ad1451ffff,62,62-4-3,10,2,51.49612105278712,-0.13347263017998742,75.864,"POLYGON ((-0.1332978583371404 51.49676036939676, -0.1342560162237117 51.49658971271043, -0.1344307782653128 51.49595039094887, -0.1336473983753432 51.49548173132642, -0.1326892622539182 51.49565238884714, -0.1325144842576531 51.496291705155855, -0.1332978583371404 51.49676036939676))",0,True,True,,8
8a194ad14527fff,62,62-4-4,10,2,51.49774095581503,-0.13120675396116857,75.864,"POLYGON ((-0.131031955220274 51.49838025241799, -0.1319901283824642 51.49820962497502, -0.1321649173220253 51.49757032321991, -0.1313815490539676 51.497101654360726, -0.1304233976584248 51.49727228263862, -0.1302485927646288 51.497911578940695, -0.131031955220274 51.49838025241799))",0,True,True,,0
8a194ad1452ffff,62,62-4-5,10,2,51.49663298148521,-0.13059819890408503,75.864,"POLYGON ((-0.1304233976584248 51.49727228263862, -0.1313815490539676 51.497101654360726, -0.1315563404988469 51.496462348055175, -0.1307729965017191 51.49599367548067, -0.1298148668720392 51.496164304593734, -0.1296400594739149 51.49680360544607, -0.1304233976584248 51.49727228263862))",0,True,True,,2
8a194ad14537fff,62,62-4-6,10,2,51.49803898806241,-0.1329483037085912,75.864,"POLYGON ((-0.1327735209226602 51.4986782901182, -0.1337317082139884 51.498507648887866, -0.1339064811981537 51.497868341680054, -0.1331230828467182 51.49739968115522, -0.1321649173220253 51.49757032321991, -0.1319901283824642 51.49820962497502, -0.1327735209226602 51.4986782901182))",0,True,True,,2
8a194ad16807fff,86,86-0-0,10,2,51.49628845109052,-0.14618833964544745,75.864,"POLYGON ((-0.1460136904519176 51.49692782041635, -0.1469719177816518 51.49675705174814, -0.1471465571712181 51.496117677271364, -0.1463629851936164 51.49564907691366, -0.1454047796276244 51.495819846412466, -0.1452301242758286 51.49645921543835, -0.1460136904519176 51.49692782041635))",0,True,True,,2
8a194ad1680ffff,86,86-0-1,10,2,51.495180472535644,-0.1455794313339681,75.864,"POLYGON ((-0.1454047796276244 51.495819846412466, -0.1463629851936164 51.49564907691366, -0.1465376270965084 51.49500969788591, -0.1457540793949998 51.49454109380805, -0.1447958955919863 51.49471186413773, -0.1446212377278396 51.49535123771435, -0.1454047796276244 51.495819846412466))",0,True,True,,7
8a194ad16817fff,86,86-0-2,10,2,51.49658627360843,-0.14793014726714196,75.864,"POLYGON ((-0.1477555140365602 51.497225648384976, -0.1487137554817258 51.49705486592445, -0.1488883789079074 51.49641548599708, -0.1481047768526396 51.49594689398081, -0.1471465571712181 51.496117677271364, -0.1469719177816518 51.49675705174814, -0.1477555140365602 51.497225648384976))",0,True,True,,4
8a194ad1681ffff,86,86-0-3,10,2,51.49547829794362,-0.14732119291560902,75.864,"POLYGON ((-0.1471465571712181 51.496117677271364, -0.1481047768526396 51.49594689398081, -0.1482794027931318 51.49530750950223, -0.1474958250149542 51.494838913765015, -0.1465376270965084 51.49500969788591, -0.1463629851936164 51.49564907691366, -0.1471465571712181 51.496117677271364))",0,True,True,,1
8a194ad16827fff,86,86-0-4,10,2,51.49709857961317,-0.1450554652785071,75.864,"POLYGON ((-0.1448808026355097 51.49773793893682, -0.145839037612933 51.497567184891054, -0.1460136904519176 51.49692782041635, -0.1452301242758286 51.49645921543835, -0.1442719110629291 51.49662997031495, -0.1440972422619314 51.497269329338685, -0.1448808026355097 51.49773793893682))",0,True,True,,8
8a194ad1682ffff,86,86-0-5,10,2,51.49599060644012,-0.14444657621819534,75.864,"POLYGON ((-0.1442719110629291 51.49662997031495, -0.1452301242758286 51.49645921543835, -0.1454047796276244 51.495819846412466, -0.1446212377278396 51.49535123771435, -0.143663046278639 51.49552199342209, -0.1434883749658253 51.49616135699677, -0.1442719110629291 51.49662997031495))",0,True,True,,17
8a194ad16837fff,86,86-0-6,10,2,51.49739642137381,-0.14679727474677512,75.864,"POLYGON ((-0.1466226280665094 51.49803578614827, -0.147580877160739 51.49786501831036, -0.1477555140365602 51.497225648384976, -0.1469719177816518 51.49675705174814, -0.1460136904519176 51.49692782041635, -0.145839037612933 51.497567184891054, -0.1466226280665094 51.49803578614827))",0,True,True,,0
8a194ad16847fff,86,86-1-0,10,2,51.49377463528348,-0.14322887845959836,75.864,"POLYGON ((-0.1430542082810576 51.49441400825935, -0.144012377967292 51.49424325172019, -0.1441870383433704 51.49360387359324, -0.143403544992594 51.49313525745703, -0.1424453970685314 51.49330601482788, -0.1422707207333844 51.493945387503196, -0.1430542082810576 51.49441400825935))",0,True,True,,3
8a194ad1684ffff,86,86-1-1,10,2,51.49266663730209,-0.14262006975807262,75.864,"POLYGON ((-0.1424453970685314 51.49330601482788, -0.143403544992594 51.49313525745703, -0.1435782078801794 51.49249587478016, -0.1427947388021022 51.49202725492596, -0.1418366126394275 51.49219801312879, -0.1416619337937685 51.492837390353806, -0.1424453970685314 51.49330601482788))",0,True,True,,0
8a194ad16857fff,86,86-1-2,10,2,51.49407248571037,-0.144970549810745,75.864,"POLYGON ((-0.1447958955919863 51.49471186413773, -0.1457540793949998 51.49454109380805, -0.1459287238108287 51.49390171022975, -0.1451452003841892 51.493433102432434, -0.1441870383433704 51.49360387359324, -0.144012377967292 51.49424325172019, -0.1447958955919863 51.49471186413773))",0,True,True,,6
8a194ad1685ffff,86,86-1-3,10,2,51.49296449061577,-0.14436169507409904,75.864,"POLYGON ((-0.1441870383433704 51.49360387359324, -0.1451452003841892 51.493433102432434, -0.1453198473124946 51.49279371430398, -0.144536348159567 51.4923251027879, -0.1435782078801794 51.49249587478016, -0.143403544992594 51.49313525745703, -0.1441870383433704 51.49360387359324))",0,True,True,,0
8a194ad16867fff,86,86-1-4,10,2,51.49458475532795,-0.142096040752507,75.864,"POLYGON ((-0.1419213571258307 51.495224118301955, -0.1428795344568574 51.495053376384575, -0.1430542082810576 51.49441400825935, -0.1422707207333844 51.493945387503196, -0.1413125651652755 51.49411613025256, -0.141137875382223 51.49475549292607, -0.1419213571258307 51.495224118301955))",0,True,True,,4
8a194ad1686ffff,86,86-1-5,10,2,51.49347676272844,-0.14148725130240725,75.864,"POLYGON ((-0.1413125651652755 51.49411613025256, -0.1422707207333844 51.493945387503196, -0.1424453970685314 51.49330601482788, -0.1416619337937685 51.492837390353806, -0.1407037999878035 51.493008133935426, -0.140529107694789 51.4936475011588, -0.1413125651652755 51.49411613025256))",0,True,True,,9
8a194ad16877fff,86,86-1-6,10,2,51.494882624996535,-0.14383771394575992,75.864,"POLYGON ((-0.143663046278639 51.49552199342209, -0.1446212377278396 51.49535123771435, -0.1447958955919863 51.49471186413773, -0.144012377967292 51.49424325172019, -0.1430542082810576 51.49441400825935, -0.1428795344568574 51.495053376384575, -0.143663046278639 51.49552199342209))",0,True,True,,5
8a194ad168c7fff,86,86-3-0,10,2,51.49356013085574,-0.1478450782788429,75.864,"POLYGON ((-0.1476704534693274 51.49419952473569, -0.1486286437395578 51.49402872599277, -0.1488032587457358 51.49338932696213, -0.1480196994436408 51.4929207321253, -0.147061530934856 51.49309153169854, -0.1468868999670368 51.49373092527825, -0.1476704534693274 51.49419952473569))",0,True,True,,5
8a194ad168cffff,86,86-3-1,10,2,51.492452133268465,-0.14723615825787148,75.864,"POLYGON ((-0.147061530934856 51.49309153169854, -0.1480196994436408 51.4929207321253, -0.1481943169637997 51.492281328544514, -0.1474107819362128 51.4918127299881, -0.1464526351881205 51.49198353039197, -0.1462780017072745 51.49262292852158, -0.147061530934856 51.49309153169854))",0,True,True,,1
8a194ad168d7fff,86,86-3-2,10,2,51.49385791777859,-0.14958683616447913,75.864,"POLYGON ((-0.1494122273173488 51.49449731710931, -0.1503704317002547 51.494326504574325, -0.1505450307435648 51.493687100093, -0.1497614413671481 51.493218513597334, -0.1488032587457358 51.49338932696213, -0.1486286437395578 51.49402872599277, -0.1494122273173488 51.49449731710931))",0,True,True,,5
8a194ad168dffff,86,86-3-3,10,2,51.49274992308104,-0.14897787010733554,75.864,"POLYGON ((-0.1488032587457358 51.49338932696213, -0.1497614413671481 51.493218513597334, -0.1499360429254445 51.49257910456565, -0.1491524778245124 51.49211051434963, -0.1481943169637997 51.492281328544514, -0.1480196994436408 51.4929207321253, -0.1488032587457358 51.49338932696213))",0,True,True,,5
8a194ad168e7fff,86,86-3-4,10,2,51.49437031400739,-0.14671226535429918,75.864,"POLYGON ((-0.1465376270965084 51.49500969788591, -0.1474958250149542 51.494838913765015, -0.1476704534693274 51.49419952473569, -0.1468868999670368 51.49373092527825, -0.1459287238108287 51.49390171022975, -0.1457540793949998 51.49454109380805, -0.1465376270965084 51.49500969788591))",0,True,True,,10
8a194ad168effff,86,86-3-5,10,2,51.49326232180088,-0.14610336458154874,75.864,"POLYGON ((-0.1459287238108287 51.49390171022975, -0.1468868999670368 51.49373092527825, -0.147061530934856 51.49309153169854, -0.1462780017072745 51.49262292852158, -0.1453198473124946 51.49279371430398, -0.1451452003841892 51.493433102432434, -0.1459287238108287 51.49390171022975))",0,True,True,,1
8a194ad168f7fff,86,86-3-6,10,2,51.494668120172854,-0.14845402508872793,75.864,"POLYGON ((-0.1482794027931318 51.49530750950223, -0.149237614825607 51.49513671158939, -0.1494122273173488 51.49449731710931, -0.1486286437395578 51.49402872599277, -0.1476704534693274 51.49419952473569, -0.1474958250149542 51.494838913765015, -0.1482794027931318 51.49530750950223))",0,True,True,,7
8a194ad16947fff,86,86-5-0,10,2,51.49650282969739,-0.1415719789345013,75.864,"POLYGON ((-0.1413972843696498 51.497142178118544, -0.1423554911092875 51.49697145165494, -0.1425301758710969 51.496332098082476, -0.1417466698531901 51.495863476425164, -0.1407884848779796 51.49603420372071, -0.140613784156565 51.49667355184158, -0.1413972843696498 51.497142178118544))",0,True,True,,5
8a194ad1694ffff,86,86-5-1,10,2,51.49539485074882,-0.1409631819531659,75.864,"POLYGON ((-0.1407884848779796 51.49603420372071, -0.1417466698531901 51.495863476425164, -0.1419213571258307 51.495224118301955, -0.141137875382223 51.49475549292607, -0.1401797121707015 51.494926221053824, -0.140005008939415 51.49556557372522, -0.1407884848779796 51.49603420372071))",0,True,True,,3
8a194ad16957fff,86,86-5-2,10,2,51.49680071572045,-0.1433137000072245,75.864,"POLYGON ((-0.1431390214027173 51.49744006959302, -0.1440972422619314 51.497269329338685, -0.1442719110629291 51.49662997031495, -0.1434883749658253 51.49616135699677, -0.1425301758710969 51.496332098082476, -0.1423554911092875 51.49697145165494, -0.1431390214027173 51.49744006959302))",0,True,True,,16
8a194ad1695ffff,86,86-5-3,10,2,51.49569273965898,-0.1427048569869086,75.864,"POLYGON ((-0.1425301758710969 51.496332098082476, -0.1434883749658253 51.49616135699677, -0.143663046278639 51.49552199342209, -0.1428795344568574 51.495053376384575, -0.1419213571258307 51.495224118301955, -0.1417466698531901 51.495863476425164, -0.1425301758710969 51.496332098082476))",0,True,True,,9
8a194ad16967fff,86,86-5-4,10,2,51.49731289511135,-0.14043907978879736,75.864,"POLYGON ((-0.1402643717745776 51.497952233529894, -0.1412225861585009 51.4977815216885, -0.1413972843696498 51.497142178118544, -0.140613784156565 51.49667355184158, -0.13965559153783 51.49684426451518, -0.1394808773672925 51.497483602633494, -0.1402643717745776 51.497952233529894))",0,True,True,,7
8a194ad1696ffff,86,86-5-5,10,2,51.49620492154572,-0.13983030206182423,75.864,"POLYGON ((-0.13965559153783 51.49684426451518, -0.140613784156565 51.49667355184158, -0.1407884848779796 51.49603420372071, -0.140005008939415 51.49556557372522, -0.1390468380851098 51.49573628723131, -0.1388721214052607 51.496375629900335, -0.13965559153783 51.49684426451518))",0,True,True,,1
8a194ad16977fff,86,86-5-6,10,2,51.497610800376236,-0.1421808027013965,75.864,"POLYGON ((-0.1420061106472992 51.498250144246256, -0.1429643391521839 51.49807941861433, -0.1431390214027173 51.49744006959302, -0.1423554911092875 51.49697145165494, -0.1413972843696498 51.497142178118544, -0.1412225861585009 51.4977815216885, -0.1420061106472992 51.498250144246256))",0,True,True,,8
8a194ad15a07fff,106,106-0-0,10,2,51.472426866209275,-0.08893143246512564,75.864,"POLYGON ((-0.0887563020340197 51.47306614638223, -0.0897138289647533 51.472895751741355, -0.0898889496120765 51.47225646641386, -0.0891065592443036 51.47178758118953, -0.088149054065923 51.47195797668023, -0.0879739175033142 51.47259725654538, -0.0887563020340197 51.47306614638223))",0,True,True,,1
8a194ad15a0ffff,106,106-0-1,10,2,51.47131869196838,-0.0883241869765387,75.864,"POLYGON ((-0.088149054065923 51.47195797668023, -0.0891065592443036 51.47178758118953, -0.0892816823716984 51.471148291323146, -0.0884993162353114 51.470679402409964, -0.0875418328084893 51.47084979875073, -0.0873666937668016 51.47148908315456, -0.088149054065923 51.47195797668023))",0,True,True,,0
8a194ad15a17fff,106,106-0-2,10,2,51.472725347640996,-0.090671358080227,75.864,"POLYGON ((-0.0904962435651244 51.47336463327611, -0.0914537846490476 51.47319422487056, -0.091628889379935 51.47255493408099, -0.0908464689436664 51.47208605715903, -0.0898889496120765 51.47225646641386, -0.0897138289647533 51.472895751741355, -0.0904962435651244 51.47336463327611))",0,True,True,,0
8a194ad15a1ffff,106,106-0-3,10,2,51.471617176239626,-0.09006406660770722,75.864,"POLYGON ((-0.0898889496120765 51.47225646641386, -0.0908464689436664 51.47208605715903, -0.0910215761555671 51.47144676183035, -0.0902391799516831 51.47097788121875, -0.0892816823716984 51.471148291323146, -0.0891065592443036 51.47178758118953, -0.0898889496120765 51.47225646641386))",0,True,True,,0
8a194ad15a27fff,106,106-0-4,10,2,51.47323653156371,-0.08779877728860316,75.864,"POLYGON ((-0.0876236334216807 51.4738758017351, -0.0885811679509071 51.47370542170828, -0.0887563020340197 51.47306614638223, -0.0879739175033142 51.47259725654538, -0.0870164047271581 51.472767637422265, -0.086841254728989 51.47340690728589, -0.0876236334216807 51.4738758017351))",0,True,True,,3
8a194ad15a2ffff,106,106-0-5,10,2,51.472128362711786,-0.08719155107306092,75.864,"POLYGON ((-0.0870164047271581 51.472767637422265, -0.0879739175033142 51.47259725654538, -0.088149054065923 51.47195797668023, -0.0873666937668016 51.47148908315456, -0.086409202742967 51.471659464881824, -0.0862340502662689 51.47229873928432, -0.0870164047271581 51.472767637422265))",0,True,True,,1
8a194ad15a37fff,106,106-0-6,10,2,51.47353503222199,-0.08953870466556713,75.864,"POLYGON ((-0.0893635767144342 51.47417430785564, -0.0903211253982442 51.47400391406429, -0.0904962435651244 51.47336463327611, -0.0897138289647533 51.472895751741355, -0.0887563020340197 51.47306614638223, -0.0885811679509071 51.47370542170828, -0.0893635767144342 51.47417430785564))",7,True,True,,20
8a194ad15a87fff,106,106-2-0,10,2,51.47221407858179,-0.09354395852993486,75.864,"POLYGON ((-0.0933688733679341 51.472853379679925, -0.0943264210018349 51.47268294289463, -0.0945014963791796 51.47204363664232, -0.0937190400408309 51.47157477263691, -0.092761514158567 51.471745210270655, -0.0925864228633514 51.472384511061286, -0.0933688733679341 51.472853379679925))",0,True,True,,8
8a194ad15a8ffff,106,106-2-1,10,2,51.4711059046334,-0.0929366018025925,75.864,"POLYGON ((-0.092761514158567 51.471745210270655, -0.0937190400408309 51.47157477263691, -0.0938941179007213 51.47093546184547, -0.0931116857955574 51.470466594149606, -0.0921541816641462 51.47063703263209, -0.0919790878873726 51.47127633796163, -0.092761514158567 51.471745210270655))",0,True,True,,10
8a194ad15a97fff,106,106-2-2,10,2,51.47251249664922,-0.09528397081799765,75.864,"POLYGON ((-0.0951089015745856 51.47315180320886, -0.0960664633576083 51.47298135265729, -0.0962415228158911 51.4723420409436, -0.0954590364105598 51.471873185242835, -0.0945014963791796 51.47204363664232, -0.0943264210018349 51.47268294289463, -0.0951089015745856 51.47315180320886))",0,True,True,,0
8a194ad15a9ffff,106,106-2-3,10,2,51.471404325543325,-0.09467656810560922,75.864,"POLYGON ((-0.0945014963791796 51.47204363664232, -0.0954590364105598 51.471873185242835, -0.0956340983523607 51.47123386898976, -0.0948516361812023 51.47076500959777, -0.0938941179007213 51.47093546184547, -0.0937190400408309 51.47157477263691, -0.0945014963791796 51.47204363664232))",0,True,True,,4
8a194ad15aa7fff,106,106-2-4,10,2,51.47302380700518,-0.09241132791684155,75.864,"POLYGON ((-0.0922362293189231 51.473663098102186, -0.0931937845547144 51.473492675931205, -0.0933688733679341 51.472853379679925, -0.0925864228633514 51.472384511061286, -0.091628889379935 51.47255493408099, -0.0914537846490476 51.47319422487056, -0.0922362293189231 51.473663098102186))",0,True,True,,2
8a194ad15aaffff,106,106-2-5,10,2,51.47191563844467,-0.09180399045933349,75.864,"POLYGON ((-0.091628889379935 51.47255493408099, -0.0925864228633514 51.472384511061286, -0.092761514158567 51.471745210270655, -0.0919790878873726 51.47127633796163, -0.0910215761555671 51.47144676183035, -0.0908464689436664 51.47208605715903, -0.091628889379935 51.47255493408099))",0,True,True,,2
8a194ad15ab7fff,106,106-2-6,10,2,51.473322244300135,-0.0941513419734303,75.864,"POLYGON ((-0.093976259293887 51.47396154085872, -0.0949338286801888 51.47379110492163, -0.0951089015745856 51.47315180320886, -0.0943264210018349 51.47268294289463, -0.0933688733679341 51.472853379679925, -0.0931937845547144 51.473492675931205, -0.093976259293887 51.47396154085872))",0,True,True,,1
8a194ad15b87fff,106,106-6-0,10,2,51.47494166575508,-0.09188602116840305,75.864,"POLYGON ((-0.0917109116155984 51.47558094231073, -0.092668496206547 51.475410535602855, -0.0928435959741199 51.47477125389281, -0.0920611270694664 51.4743023843522, -0.0911035642324201 51.47447279190878, -0.0909284485464309 51.4751120681572, -0.0917109116155984 51.47558094231073))",0,True,True,,1
8a194ad15b8ffff,106,106-6-1,10,2,51.473833510813186,-0.09127867626659779,75.864,"POLYGON ((-0.0911035642324201 51.47447279190878, -0.0920611270694664 51.4743023843522, -0.0922362293189231 51.473663098102186, -0.0914537846490476 51.47319422487056, -0.0904962435651244 51.47336463327611, -0.0903211253982442 51.47400391406429, -0.0911035642324201 51.47447279190878))",0,True,True,,8
8a194ad15b97fff,106,106-6-2,10,2,51.47524011943465,-0.09362608298086623,75.864,"POLYGON ((-0.0934509893471906 51.475879401451714, -0.0944085880900646 51.47570898097732, -0.094583671938035 51.47506969380597, -0.0938011729630705 51.47460083257025, -0.0928435959741199 51.47477125389281, -0.092668496206547 51.475410535602855, -0.0934509893471906 51.475879401451714))",0,True,True,,0
8a194ad15b9ffff,106,106-6-3,10,2,51.47413196733554,-0.09301869209014092,75.864,"POLYGON ((-0.0928435959741199 51.47477125389281, -0.0938011729630705 51.47460083257025, -0.093976259293887 51.47396154085872, -0.0931937845547144 51.473492675931205, -0.0922362293189231 51.473663098102186, -0.0920611270694664 51.4743023843522, -0.0928435959741199 51.47477125389281))",0,True,True,,6
8a194ad15ba7fff,106,106-6-4,10,2,51.47575133955837,-0.09075332920852101,75.864,"POLYGON ((-0.0905782062185914 51.476390606112126, -0.0915357984109278 51.476220214019, -0.0917109116155984 51.47558094231073, -0.0909284485464309 51.4751120681572, -0.0899708781087448 51.4752824610993, -0.0897957489858767 51.47592172734589, -0.0905782062185914 51.476390606112126))",0,True,True,,0
8a194ad15baffff,106,106-6-5,10,2,51.474643190005395,-0.0901460035794823,75.864,"POLYGON ((-0.0899708781087448 51.4752824610993, -0.0909284485464309 51.4751120681572, -0.0911035642324201 51.47447279190878, -0.0903211253982442 51.47400391406429, -0.0893635767144342 51.47417430785564, -0.0891884451112352 51.47481357864216, -0.0899708781087448 51.4752824610993))",0,True,True,,3
8a194ad15bb7fff,106,106-6-6,10,2,51.47604981246556,-0.0924933927873132,75.864,"POLYGON ((-0.0923182857162888 51.47668908448083, -0.0932758920619089 51.476518678621375, -0.0934509893471906 51.475879401451714, -0.092668496206547 51.475410535602855, -0.0917109116155984 51.47558094231073, -0.0915357984109278 51.476220214019, -0.0923182857162888 51.47668908448083))",0,True,True,,0
8a194ad16c87fff,115,115-2-0,10,2,51.49815773042787,-0.1629990356011479,75.864,"POLYGON ((-0.1628245435678375 51.49879715880063, -0.1637828902267282 51.498626251352, -0.1639573724519096 51.497986817829556, -0.1631735239916696 51.49751829720382, -0.1622151990959169 51.49768920547786, -0.1620407008976078 51.49832863355218, -0.1628245435678375 51.49879715880063))",0,True,True,,0
8a194ad16c8ffff,115,115-2-1,10,2,51.49704977255236,-0.1623896936513816,75.864,"POLYGON ((-0.1622151990959169 51.49768920547786, -0.1631735239916696 51.49751829720382, -0.1633480087395174 51.49687885912863, -0.1625641845641063 51.49641033477576, -0.1616058814307435 51.49658124387551, -0.1614313807107331 51.49722067650235, -0.1622151990959169 51.49768920547786))",0,True,True,,0
8a194ad16c97fff,115,115-2-2,10,2,51.49845533442921,-0.1647412390325006,75.864,"POLYGON ((-0.1645667629730415 51.4990947682499, -0.1655251237337138 51.498923847002374, -0.1656995899845973 51.49828440803211, -0.1649157114494277 51.497815895757164, -0.1639573724519096 51.497986817829556, -0.1637828902267282 51.498626251352, -0.1645667629730415 51.4990947682499))",0,True,True,,7
8a194ad16c9ffff,115,115-2-3,10,2,51.49734737945588,-0.16413185103450342,75.864,"POLYGON ((-0.1639573724519096 51.497986817829556, -0.1649157114494277 51.497815895757164, -0.1650901802239579 51.49717645223391, -0.1643063259746189 51.496707936231076, -0.1633480087395174 51.49687885912863, -0.1631735239916696 51.49751829720382, -0.1639573724519096 51.497986817829556))",0,True,True,,6
8a194ad16ca7fff,115,115-2-4,10,2,51.498968056775176,-0.16186619905635008,75.864,"POLYGON ((-0.1616916935720038 51.49960747514673, -0.1626500478916497 51.49943658232197, -0.1628245435678375 51.49879715880063, -0.1620407008976078 51.49832863355218, -0.1610823683418619 51.49849952720261, -0.1609078566927517 51.49913894527578, -0.1616916935720038 51.49960747514673))",0,True,True,,7
8a194ad16caffff,115,115-2-5,10,2,51.49786010427811,-0.1612568763478125,75.864,"POLYGON ((-0.1610823683418619 51.49849952720261, -0.1620407008976078 51.49832863355218, -0.1622151990959169 51.49768920547786, -0.1614313807107331 51.49722067650235, -0.1604730699181343 51.497391570978756, -0.1602985557478831 51.49803099360464, -0.1610823683418619 51.49849952720261))",0,True,True,,0
8a194ad16cb7fff,115,115-2-6,10,2,51.49926568002306,-0.16360840435884463,75.864,"POLYGON ((-0.1634339148481292 51.49990510384268, -0.1643922832709567 51.49973419721917, -0.1645667629730415 51.4990947682499, -0.1637828902267282 51.498626251352, -0.1628245435678375 51.49879715880063, -0.1626500478916497 51.49943658232197, -0.1634339148481292 51.49990510384268))",0,True,True,,16
8a194ad16d87fff,115,115-6-0,10,2,51.50088629733503,-0.16134267167367936,75.864,"POLYGON ((-0.1611681552594672 51.501525701151536, -0.1621265390046559 51.5013548237764, -0.1623010456101734 51.50071541481, -0.1615171844444851 51.50024688866672, -0.1605588224647168 51.500417766867535, -0.1603842998855376 51.50105717038587, -0.1611681552594672 51.501525701151536))",0,True,True,,4
8a194ad16d8ffff,115,115-6-1,10,2,51.49977835849746,-0.16073334140041323,75.864,"POLYGON ((-0.1605588224647168 51.500417766867535, -0.1615171844444851 51.50024688866672, -0.1616916935720038 51.49960747514673, -0.1609078566927517 51.49913894527578, -0.1599495164776456 51.4993098243025, -0.1597749913774455 51.49994923237421, -0.1605588224647168 51.500417766867535))",0,True,True,,2
8a194ad16d97fff,115,115-6-2,10,2,51.501183936926864,-0.16308492489785173,75.864,"POLYGON ((-0.1629104244580302 51.50182334619126, -0.163868822307812 51.50165245501701, -0.1640433129384513 51.501013040602835, -0.163259421694503 51.500544522810635, -0.1623010456101734 51.50071541481, -0.1621265390046559 51.5013548237764, -0.1629104244580302 51.50182334619126))",0,True,True,,9
8a194ad16d9ffff,115,115-6-3,10,2,51.500076000991825,-0.16247554857245458,75.864,"POLYGON ((-0.1623010456101734 51.50071541481, -0.163259421694503 51.500544522810635, -0.1634339148481292 51.49990510384268, -0.1626500478916497 51.49943658232197, -0.1616916935720038 51.49960747514673, -0.1615171844444851 51.50024688866672, -0.1623010456101734 51.50071541481))",0,True,True,,5
8a194ad16da7fff,115,115-6-4,10,2,51.5016965690524,-0.16020977366275113,75.864,"POLYGON ((-0.160035243796309 51.50233596286692, -0.1609936352017544 51.502165100116116, -0.1611681552594672 51.501525701151536, -0.1603842998855376 51.50105717038587, -0.1594259302462544 51.50122803396262, -0.1592513942150752 51.50186742747905, -0.160035243796309 51.50233596286692))",0,True,True,,5
8a194ad16daffff,115,115-6-5,10,2,51.50058863559429,-0.15960046263367644,75.864,"POLYGON ((-0.1594259302462544 51.50122803396262, -0.1603842998855376 51.50105717038587, -0.1605588224647168 51.500417766867535, -0.1597749913774455 51.49994923237421, -0.1588166435035764 51.500120096777145, -0.1586421049519061 51.500759494847166, -0.1594259302462544 51.50122803396262))",0,True,True,,4
8a194ad16db7fff,115,115-6-6,10,2,51.501994227890926,-0.16195202875583367,75.864,"POLYGON ((-0.1617775148635615 51.50263362715342, -0.1627359203749647 51.502462750603655, -0.1629104244580302 51.50182334619126, -0.1621265390046559 51.5013548237764, -0.1611681552594672 51.501525701151536, -0.1609936352017544 51.502165100116116, -0.1617775148635615 51.50263362715342))",0,True,True,,7
8a194adac907fff,307,307-4-0,10,2,51.46081028482856,-0.16771544804780966,75.864,"POLYGON ((-0.1675411156050773 51.46144997317569, -0.1684988612596393 51.46127881362568, -0.1686731839060709 51.46063912013062, -0.1678897768533115 51.46017059163723, -0.1669320529329388 51.46034175201467, -0.1667577143314769 51.46098144005801, -0.1675411156050773 51.46144997317569))",0,True,True,,8
8a194adac90ffff,307,307-4-1,10,2,51.45970205912724,-0.1671063878970989,75.864,"POLYGON ((-0.1669320529329388 51.46034175201467, -0.1678897768533115 51.46017059163723, -0.1680641020216922 51.45953089360185, -0.1672807192240872 51.45906236139585, -0.1663230170371267 51.459233522601046, -0.1661486759146692 51.459873215184466, -0.1669320529329388 51.46034175201467))",0,True,True,,8
8a194adac917fff,307,307-4-2,10,2,51.46110764460707,-0.16945660905572446,75.864,"POLYGON ((-0.1692822925687549 51.46174733840577, -0.1702400523025989 51.46157616506619, -0.1704143589928224 51.46093646611967, -0.1696309219057254 51.46046794596414, -0.1686731839060709 51.46063912013062, -0.1684988612596393 51.46127881362568, -0.1692822925687549 51.46174733840577))",0,True,True,,0
8a194adac91ffff,307,307-4-3,10,2,51.45999942179143,-0.16884750291545253,75.864,"POLYGON ((-0.1686731839060709 51.46063912013062, -0.1696309219057254 51.46046794596414, -0.1698052311188516 51.459828242477116, -0.1690218182879086 51.459359718608184, -0.1680641020216922 51.45953089360185, -0.1678897768533115 51.46017059163723, -0.1686731839060709 51.46063912013062))",0,True,True,,0
8a194adac927fff,307,307-4-4,10,2,51.46162112325717,-0.1665833720925941,75.864,"POLYGON ((-0.166409026216186 51.462260801611954, -0.1673667795250205 51.46208965667854, -0.1675411156050773 51.46144997317569, -0.1667577143314769 51.46098144005801, -0.1657999827575727 51.46115258581914, -0.1656256307226692 51.46179226387018, -0.166409026216186 51.462260801611954))",0,True,True,,4
8a194adac92ffff,307,307-4-5,10,2,51.46051290292386,-0.16597433115486965,75.864,"POLYGON ((-0.1657999827575727 51.46115258581914, -0.1667577143314769 51.46098144005801, -0.1669320529329388 51.46034175201467, -0.1661486759146692 51.459873215184466, -0.1651909660749488 51.46004436177359, -0.1650166115196194 51.46068404436489, -0.1657999827575727 51.46115258581914))",0,True,True,,11
8a194adac937fff,307,307-4-6,10,2,51.461918502276525,-0.16832453497604852,75.864,"POLYGON ((-0.1681502050551942 51.46255818608294, -0.1691079724447023 51.462387027360116, -0.1692822925687549 51.46174733840577, -0.1684988612596393 51.46127881362568, -0.1675411156050773 51.46144997317569, -0.1673667795250205 51.46208965667854, -0.1681502050551942 51.46255818608294))",0,True,True,,0
8a194ad13647fff,319,319-1-0,10,2,51.44572620170882,-0.1499657637265209,75.864,"POLYGON ((-0.1497913054153507 51.446365911780035, -0.1507487058074246 51.446194824965254, -0.1509231543311628 51.44555510974527, -0.1501402183994007 51.44508648679622, -0.1491828397321768 51.44525757444514, -0.1490083752721955 51.44589728420891, -0.1497913054153507 51.446365911780035))",0,True,True,,18
8a194ad1364ffff,319,319-1-1,10,2,51.44461785984002,-0.14935730055378138,75.864,"POLYGON ((-0.1491828397321768 51.44525757444514, -0.1501402183994007 51.44508648679622, -0.1503146694340994 51.44444676704234, -0.1495317577371595 51.44397814039374, -0.1485744007940186 51.44414922887704, -0.1483999338240499 51.444788943174515, -0.1491828397321768 51.44525757444514))",0,True,True,,2
8a194ad13657fff,319,319-1-2,10,2,51.44602372868681,-0.15170610834943557,75.864,"POLYGON ((-0.1515316659752046 51.446663444214, -0.1524890804545304 51.44649234362044, -0.1526635130408535 51.445852622944585, -0.1518805470856119 51.44538400831814, -0.1509231543311628 51.44555510974527, -0.1507487058074246 51.446194824965254, -0.1515316659752046 51.446663444214))",0,True,True,,1
8a194ad1365ffff,319,319-1-3,10,2,51.44491538968393,-0.15109759921681643,75.864,"POLYGON ((-0.1509231543311628 51.44555510974527, -0.1518805470856119 51.44538400831814, -0.1520549821838735 51.44474428310817, -0.151272040464469 51.44427566478135, -0.1503146694340994 51.44444676704234, -0.1501402183994007 51.44508648679622, -0.1509231543311628 51.44555510974527))",0,True,True,,6
8a194ad13667fff,319,319-1-4,10,2,51.44653698913127,-0.1488339071737642,75.864,"POLYGON ((-0.1486594354367176 51.447176689212064, -0.149616843465781 51.44700561700971, -0.1497913054153507 51.446365911780035, -0.1490083752721955 51.44589728420891, -0.1480509889687371 51.446068357245636, -0.1478765110831544 51.44670805701906, -0.1486594354367176 51.447176689212064))",0,True,True,,10
8a194ad1366ffff,319,319-1-5,10,2,51.44542865263076,-0.14822546321566932,75.864,"POLYGON ((-0.1480509889687371 51.446068357245636, -0.1490083752721955 51.44589728420891, -0.1491828397321768 51.44525757444514, -0.1483999338240499 51.444788943174515, -0.1474425692454042 51.444960017045915, -0.147268088850393 51.445599721353204, -0.1480509889687371 51.446068357245636))",0,True,True,,0
8a194ad13677fff,319,319-1-6,10,2,51.44683453534375,-0.15057425364544147,75.864,"POLYGON ((-0.1503997978451653 51.44747424088059, -0.1513572199628457 51.44730315489965, -0.1515316659752046 51.446663444214, -0.1507487058074246 51.446194824965254, -0.1497913054153507 51.446365911780035, -0.149616843465781 51.44700561700971, -0.1503997978451653 51.44747424088059))",0,True,True,,11
8a194adad987fff,359,359-6-0,10,2,51.442996200453,-0.15162091204619782,75.864,"POLYGON ((-0.1514464780742247 51.44363593503768, -0.1524038414670791 51.44346481816472, -0.1525782656522364 51.44282507843148, -0.1517953423805179 51.442356461027444, -0.1508380007102519 51.442527578734285, -0.1506635605894107 51.44316731301126, -0.1514464780742247 51.44363593503768))",0,True,True,,2
8a194adad98ffff,359,359-6-1,10,2,51.44188783961653,-0.15101243719332821,75.864,"POLYGON ((-0.1508380007102519 51.442527578734285, -0.1517953423805179 51.442356461027444, -0.1519697690772993 51.44171671676112, -0.1511868700388001 51.44124809565809, -0.1502295500903404 51.441419214199094, -0.1500551074588582 51.44205895300894, -0.1508380007102519 51.442527578734285))",0,True,True,,0
8a194adad997fff,359,359-6-2,10,2,51.443293691828316,-0.1533612070087748,75.864,"POLYGON ((-0.153186788973192 51.44393343186907, -0.154144166450511 51.44376230121755, -0.1543185746988023 51.44312255602837, -0.1535356214069558 51.44265394694664, -0.1525782656522364 51.44282507843148, -0.1524038414670791 51.44346481816472, -0.153186788973192 51.44393343186907))",0,True,True,,7
8a194adad99ffff,359,359-6-3,10,2,51.442185333857424,-0.15275268619988513,75.864,"POLYGON ((-0.1525782656522364 51.44282507843148, -0.1535356214069558 51.44265394694664, -0.1537100321678339 51.44201419722417, -0.1529271031102009 51.44154558444267, -0.1519697690772993 51.44171671676112, -0.1517953423805179 51.442356461027444, -0.1525782656522364 51.44282507843148))",0,True,True,,2
8a194adad9a7fff,359,359-6-4,10,2,51.44380704244731,-0.15048911683073132,75.864,"POLYGON ((-0.1503146694340994 51.44444676704234, -0.151272040464469 51.44427566478135, -0.1514464780742247 51.44363593503768, -0.1506635605894107 51.44316731301126, -0.1497062112823743 51.44333841610637, -0.1495317577371595 51.44397814039374, -0.1503146694340994 51.44444676704234))",0,True,True,,6
8a194adad9affff,359,359-6-5,10,2,51.44269868697806,-0.1498806611895759,75.864,"POLYGON ((-0.1497062112823743 51.44333841610637, -0.1506635605894107 51.44316731301126, -0.1508380007102519 51.442527578734285, -0.1500551074588582 51.44205895300894, -0.1490977798743934 51.44223005693846, -0.148923323819066 51.44286978575889, -0.1497062112823743 51.44333841610637))",0,True,True,,4
8a194adad9b7fff,359,359-6-6,10,2,51.44410455305697,-0.15222941364432444,75.864,"POLYGON ((-0.1520549821838735 51.44474428310817, -0.1530123673000726 51.444573167068775, -0.153186788973192 51.44393343186907, -0.1524038414670791 51.44346481816472, -0.1514464780742247 51.44363593503768, -0.151272040464469 51.44427566478135, -0.1520549821838735 51.44474428310817))",0,True,True,,6
8b194ad14510fff,62,62-4-2-0,11,3,51.49722902962089,-0.13408125053470024,28.827,"POLYGON ((-0.134143231712039 51.49747864184918, -0.1344419619678574 51.49733855206433, -0.1343799794787564 51.497088939399816, -0.1340192699317014 51.49697941693912, -0.133720541601358 51.497119506303775, -0.1337825208925824 51.497369118549344, -0.134143231712039 51.49747864184918))",0,True,True,,8
8b194ad14511fff,62,62-4-2-1,11,3,51.49686989360477,-0.13365856288451833,28.827,"POLYGON ((-0.133720541601358 51.497119506303775, -0.1340192699317014 51.49697941693912, -0.1339572899031081 51.496729803803895, -0.1335965847419859 51.49662028045229, -0.1332978583371404 51.49676036939676, -0.1333598351679121 51.497009982113006, -0.133720541601358 51.497119506303775))",0,True,True,,16
8b194ad14512fff,62,62-4-2-2,11,3,51.49719846098684,-0.13474069152568324,28.827,"POLYGON ((-0.1348026759009319 51.497448073634075, -0.1351014060723955 51.49730798170017, -0.1350394203854088 51.49705836861675, -0.1346787077248218 51.49694884788613, -0.1343799794787564 51.497088939399816, -0.1344419619678574 51.49733855206433, -0.1348026759009319 51.497448073634075))",0,True,True,,0
8b194ad14513fff,62,62-4-2-3,11,3,51.49683932628186,-0.13431799756403623,28.827,"POLYGON ((-0.1343799794787564 51.497088939399816, -0.1346787077248218 51.49694884788613, -0.134616724498352 51.496699234331984, -0.1342560162237015 51.496589712710445, -0.1339572899031081 51.496729803803895, -0.1340192699317014 51.49697941693912, -0.1343799794787564 51.497088939399816))",0,True,True,,0
8b194ad14514fff,62,62-4-2-4,11,3,51.49761873034142,-0.13384450075816706,28.827,"POLYGON ((-0.1339064811981537 51.497868341680054, -0.13420521346378 51.49772825362404, -0.134143231712039 51.49747864184918, -0.1337825208925824 51.497369118549344, -0.1334837905524901 51.49750920618516, -0.1335457691063032 51.49775881754104, -0.1339064811981537 51.497868341680054))",0,True,True,,1
8b194ad14515fff,62,62-4-2-5,11,3,51.4972595943758,-0.13342181257301647,28.827,"POLYGON ((-0.1334837905524901 51.49750920618516, -0.1337825208925824 51.497369118549344, -0.133720541601358 51.497119506303775, -0.1333598351679121 51.497009982113006, -0.1330611067533665 51.49715006932864, -0.133123082846708 51.49739968115522, -0.1334837905524901 51.49750920618516))",0,True,True,,4
8b194ad14516fff,62,62-4-2-6,11,3,51.49758816427535,-0.13450394503135582,28.827,"POLYGON ((-0.1345659286692832 51.49783777603295, -0.1348646608505995 51.49769768582785, -0.1348026759009319 51.497448073634075, -0.1344419619678574 51.49733855206433, -0.134143231712039 51.49747864184918, -0.13420521346378 51.49772825362404, -0.1345659286692832 51.49783777603295))",0,True,True,,2
8b194ad15a30fff,106,106-0-6-0,11,3,51.47353503222199,-0.08953870466556713,28.827,"POLYGON ((-0.0896004420131726 51.473784666275264, -0.0898990432253994 51.47364465656745, -0.0898373045666136 51.473395022077575, -0.0894769678898178 51.47328539771657, -0.0891783686050259 51.47342540700572, -0.0892401040696237 51.47367504107451, -0.0896004420131726 51.473784666275264))",0,True,True,,4
8b194ad15a31fff,106,106-0-6-1,11,3,51.4731757724848,-0.0891166337122883,28.827,"POLYGON ((-0.0891783686050259 51.47342540700572, -0.0894769678898178 51.47328539771657, -0.0894152316859392 51.47303576275902, -0.0890548993913896 51.47292613751175, -0.0887563020340197 51.47306614638223, -0.088818035043796 51.47331578091866, -0.0891783686050259 51.47342540700572))",0,True,True,,0
8b194ad15a32fff,106,106-0-6-2,11,3,51.47350464556774,-0.0901976437427117,28.827,"POLYGON ((-0.090259384284513 51.473754280042094, -0.0905579854180664 51.47361426818708, -0.0904962435651192 51.47336463327613, -0.090135903772819 51.473255010641225, -0.0898373045666136 51.473395022077575, -0.0898990432253994 51.47364465656745, -0.090259384284513 51.473754280042094))",0,True,True,,0
8b194ad15a33fff,106,106-0-6-3,11,3,51.473145387135524,-0.0897755664797557,28.827,"POLYGON ((-0.0898373045666136 51.473395022077575, -0.090135903772819 51.473255010641225, -0.0900741643748035 51.47300537526258, -0.0897138289647482 51.47289575174137, -0.0894152316859392 51.47303576275902, -0.0894769678898178 51.47328539771657, -0.0898373045666136 51.473395022077575))",0,True,True,,0
8b194ad15a34fff,106,106-0-6-4,11,3,51.473924674691155,-0.08930184010607246,28.827,"POLYGON ((-0.0893635767144342 51.47417430785564, -0.0896621799327016 51.474034299876365, -0.0896004420131726 51.473784666275264, -0.0892401040696237 51.47367504107451, -0.0889415027788248 51.47381504863512, -0.0890032375041248 51.474064681815115, -0.0893635767144342 51.47417430785564))",0,True,True,,9
8b194ad15a35fff,106,106-0-6-5,11,3,51.47356541500298,-0.08887976862540084,28.827,"POLYGON ((-0.0889415027788248 51.47381504863512, -0.0892401040696237 51.47367504107451, -0.0891783686050259 51.47342540700572, -0.088818035043796 51.47331578091866, -0.0885194356804576 51.47345578806063, -0.0885811679509071 51.47370542170828, -0.0889415027788248 51.47381504863512))",0,True,True,,5
8b194ad15a36fff,106,106-0-6-6,11,3,51.473894290605216,-0.08996078245604772,28.827,"POLYGON ((-0.0900225222586206 51.474143924190784, -0.0903211253982442 51.47400391406429, -0.090259384284513 51.473754280042094, -0.0898990432253994 51.47364465656745, -0.0896004420131726 51.473784666275264, -0.0896621799327016 51.474034299876365, -0.0900225222586206 51.474143924190784))",0,True,True,,8
