tile_id,seed_index,tile_path_id,h3_res,level,center_lat,center_lon,tile_size_m,geometry,children,checked,fetch_success,current,result_count
88195da4b5fffff,206,206,8,0,51.51029326435527,-0.187045457090217,531.415,"POLYGON ((-0.1858253088006302 51.51476932521506, -0.1925364968502976 51.51357197324636, -0.1937561640438812 51.5090956601296, -0.1882654270063017 51.505816965675926, -0.1815553056623055 51.50701435768453, -0.1803348547616844 51.511490404091674, -0.1858253088006302 51.51476932521506))",7,True,True,True,52
88195da4a3fffff,223,223,8,0,51.51804804851451,-0.1913166513081054,531.415,"POLYGON ((-0.1900966273792566 51.522523885892255, -0.1968088823988457 51.521326573865935, -0.1980284250573174 51.51685048423379, -0.1925364968502976 51.51357197324636, -0.1858253088006302 51.51476932521506, -0.1846049820995649 51.51924514821354, -0.1900966273792566 51.522523885892255))",7,True,True,True,59
88194ada4bfffff,243,243,8,0,51.50461910920609,-0.1949756529268389,531.415,"POLYGON ((-0.1937561640438812 51.5090956601296, -0.2004669754410207 51.50789759137837, -0.20168598324225 51.503420788238735, -0.1961949635371496 51.50014232051767, -0.1894852185869074 51.5013404292189, -0.1882654270063017 51.505816965675926, -0.1937561640438812 51.5090956601296))",7,True,True,True,75
88194ada49fffff,256,256,8,0,51.51237415672399,-0.1992477893920276,531.415,"POLYGON ((-0.1980284250573174 51.51685048423379, -0.2047403031654327 51.515652455335136, -0.2059591862440921 51.51117587561175, -0.2004669754410207 51.50789759137837, -0.1937561640438812 51.5090956601296, -0.1925364968502976 51.51357197324636, -0.1980284250573174 51.51685048423379))",7,True,True,True,88
88195da4a7fffff,274,274,8,0,51.520128797193614,-0.2035212418259438,531.415,"POLYGON ((-0.2023020021876269 51.524604901145395, -0.2090149472708635 51.52340691200183, -0.2102337054787052 51.51893055583903, -0.2047403031654327 51.515652455335136, -0.1980284250573174 51.51685048423379, -0.1968088823988457 51.521326573865935, -0.2023020021876269 51.524604901145395))",7,True,True,True,114
88194ada43fffff,282,282,8,0,51.49894374734696,-0.2029048128337316,531.415,"POLYGON ((-0.20168598324225 51.503420788238735, -0.2083964177709122 51.50222200273762, -0.20961476629503 51.49774470967059, -0.2041234642534316 51.494466468744925, -0.1974140959128289 51.49566529410617, -0.1961949635371496 51.50014232051767, -0.20168598324225 51.503420788238735))",7,True,True,True,35
88194ada41fffff,290,290,8,0,51.50669905806529,-0.2071778910999268,531.415,"POLYGON ((-0.2059591862440921 51.51117587561175, -0.2126706872247508 51.50997712987338, -0.2138889108389301 51.50550006015417, -0.2083964177709122 51.50222200273762, -0.20168598324225 51.503420788238735, -0.2004669754410207 51.50789759137837, -0.2059591862440921 51.51117587561175))",0,True,True,True,9
88195da4a5fffff,300,300,8,0,51.52788303022888,-0.2077960107891215,531.415,"POLYGON ((-0.2065768959954868 51.53235891047836, -0.2132909083180519 51.53116096099235, -0.2145095415067159 51.526684828534414, -0.2090149472708635 51.52340691200183, -0.2023020021876269 51.524604901145395, -0.2010825842124488 51.529080767148685, -0.2065768959954868 51.53235891047836))",0,True,True,True,14
88194ada4dfffff,308,308,8,0,51.514453961782266,-0.211452285450671,531.415,"POLYGON ((-0.2102337054787052 51.51893055583903, -0.2169462731753284 51.517731849765894, -0.2181643717312506 51.513255003538916, -0.2126706872247508 51.50997712987338, -0.2059591862440921 51.51117587561175, -0.2047403031654327 51.515652455335136, -0.2102337054787052 51.51893055583903))",7,True,True,True,80
88194ada09fffff,321,321,8,0,51.49326717890607,-0.2108329367102372,531.415,"POLYGON ((-0.20961476629503 51.49774470967059, -0.2163248237394346 51.49654520745232, -0.2175425131016657 51.492067424553426, -0.2120509290544875 51.48878941048595, -0.2053419375392968 51.48998895247449, -0.2041234642534316 51.494466468744925, -0.20961476629503 51.49774470967059))",7,True,True,True,46
88194ada0bfffff,322,322,8,0,51.48551119857755,-0.2065602327292955,531.415,"POLYGON ((-0.2053419375392968 51.48998895247449, -0.2120509290544875 51.48878941048595, -0.2132687433657097 51.484311404452136, -0.2077783498613771 51.48103320709604, -0.2010704240117176 51.48223278895217, -0.199851826112148 51.486710528281534, -0.2053419375392968 51.48998895247449))",7,True,True,True,62
88195da59bfffff,325,325,8,0,51.52220845811166,-0.2157279964464784,531.415,"POLYGON ((-0.2145095415067159 51.526684828534414, -0.2212231761833129 51.52548616202899, -0.2224411495325826 51.521009539438616, -0.2169462731753284 51.517731849765894, -0.2102337054787052 51.51893055583903, -0.2090149472708635 51.52340691200183, -0.2145095415067159 51.526684828534414))",0,True,True,True,18
88195da5d3fffff,327,327,8,0,51.53563685544369,-0.212072096842453,531.415,"POLYGON ((-0.2108531070418969 51.54011251184667, -0.2175681868680137 51.53891460192059, -0.2187866948890424 51.53443869331176, -0.2132909083180519 51.53116096099235, -0.2065768959954868 51.53235891047836, -0.2053576028519322 51.53683455270851, -0.2108531070418969 51.54011251184667))",0,True,True,True,12
88194ada47fffff,329,329,8,0,51.50102275266653,-0.2151069563311755,531.415,"POLYGON ((-0.2138889108389301 51.50550006015417, -0.2206000344762725 51.50430059760876, -0.2218175987412864 51.49982303798925, -0.2163248237394346 51.49654520745232, -0.20961476629503 51.49774470967059, -0.2083964177709122 51.50222200273762, -0.2138889108389301 51.50550006015417))",7,True,True,True,43
88194ada45fffff,340,340,8,0,51.5087779194726,-0.2193822921522362,531.415,"POLYGON ((-0.2181643717312506 51.513255003538916, -0.2248765618253214 51.512055580568926, -0.2260940008447847 51.50757824437327, -0.2206000344762725 51.50430059760876, -0.2138889108389301 51.50550006015417, -0.2126706872247508 51.50997712987338, -0.2181643717312506 51.513255003538916))",7,True,True,True,79
88195da599fffff,354,354,8,0,51.5299625466673,-0.2200050246481291,531.415,"POLYGON ((-0.2187866948890424 51.53443869331176, -0.2255013968097047 51.53324006627647, -0.2267192448037577 51.52876366746696, -0.2212231761833129 51.52548616202899, -0.2145095415067159 51.526684828534414, -0.2132909083180519 51.53116096099235, -0.2187866948890424 51.53443869331176))",7,True,True,True,31
88195da593fffff,358,358,8,0,51.51653267893797,-0.2236589447339233,531.415,"POLYGON ((-0.2224411495325826 51.521009539438616, -0.2291544063472392 51.519810155946494, -0.2303717199726344 51.51533304331909, -0.2248765618253214 51.512055580568926, -0.2181643717312506 51.513255003538916, -0.2169462731753284 51.517731849765894, -0.2224411495325826 51.521009539438616))",0,True,True,True,18
88194ada01fffff,367,367,8,0,51.48758940401171,-0.2187600244558492,531.415,"POLYGON ((-0.2175425131016657 51.492067424553426, -0.2242521932461453 51.49086720565081, -0.2254692235618298 51.48638893301566, -0.2199773578398798 51.48311114586914, -0.2132687433657097 51.484311404452136, -0.2120509290544875 51.48878941048595, -0.2175425131016657 51.492067424553426))",7,True,True,True,36
88194ada03fffff,368,368,8,0,51.47983316084655,-0.2144863796818594,531.415,"POLYGON ((-0.2132687433657097 51.484311404452136, -0.2199773578398798 51.48311114586914, -0.2211945132916838 51.478632650167604, -0.2157038380408426 51.475354679711124, -0.2089962889734612 51.47655497807185, -0.2077783498613771 51.48103320709604, -0.2132687433657097 51.484311404452136))",0,True,True,True,16
88194ada0dfffff,369,369,8,0,51.49534524065597,-0.2230349849852675,531.415,"POLYGON ((-0.2218175987412864 51.49982303798925, -0.2285283448196017 51.49862285866964, -0.229745249850885 51.49414480924542, -0.2242521932461453 51.49086720565081, -0.2175425131016657 51.492067424553426, -0.2163248237394346 51.49654520745232, -0.2218175987412864 51.49982303798925))",7,True,True,True,69
88194ada6bfffff,376,376,8,0,51.5031006703929,-0.2273112618302097,531.415,"POLYGON ((-0.2260940008447847 51.50757824437327, -0.2328058131205592 51.50637810453922, -0.2340225927190165 51.50190027847043, -0.2285283448196017 51.49862285866964, -0.2218175987412864 51.49982303798925, -0.2206000344762725 51.50430059760876, -0.2260940008447847 51.50757824437327))",7,True,True,True,118
88195da591fffff,378,378,8,0,51.524287030676376,-0.2279369146369509,531.415,"POLYGON ((-0.2267192448037577 51.52876366746696, -0.2334335686029396 51.52756432335516, -0.2346507566856775 51.523087434440384, -0.2291544063472392 51.519810155946494, -0.2224411495325826 51.521009539438616, -0.2212231761833129 51.52548616202899, -0.2267192448037577 51.52876366746696))",0,True,True,True,11
88194ada69fffff,390,390,8,0,51.51085569283607,-0.231588855551078,531.415,"POLYGON ((-0.2303717199726344 51.51533304331909, -0.2370845987095838 51.514132942873076, -0.2383012527266778 51.509655340304185, -0.2328058131205592 51.50637810453922, -0.2260940008447847 51.50757824437327, -0.2248765618253214 51.512055580568926, -0.2303717199726344 51.51533304331909))",7,True,True,True,36
88195da59dfffff,404,404,8,0,51.532040974301545,-0.2322162024223711,531.415,"POLYGON ((-0.2309986581059559 51.53651738723781, -0.2377140491536078 51.535318082408644, -0.2389311115449918 51.530841417350835, -0.2334335686029396 51.52756432335516, -0.2267192448037577 51.52876366746696, -0.2255013968097047 51.53324006627647, -0.2309986581059559 51.53651738723781))",7,True,True,True,20
88195da597fffff,408,408,8,0,51.51861030759908,-0.2358677667085714,531.415,"POLYGON ((-0.2346507566856775 51.523087434440384, -0.2413647021475329 51.52188737328484, -0.2425812304346038 51.51740999436029, -0.2370845987095838 51.514132942873076, -0.2303717199726344 51.51533304331909, -0.2291544063472392 51.519810155946494, -0.2346507566856775 51.523087434440384))",0,True,True,True,2
88194ada07fffff,411,411,8,0,51.48191042279244,-0.2266860759702581,531.415,"POLYGON ((-0.2254692235618298 51.48638893301566, -0.2321785261908298 51.485187997461615, -0.2333948975753004 51.480709235185884, -0.2279027505093528 51.47743167502309, -0.2211945132916838 51.478632650167604, -0.2199773578398798 51.48311114586914, -0.2254692235618298 51.48638893301566))",0,True,True,True,3
88194ada05fffff,412,412,8,0,51.48966652216211,-0.2309619769619854,531.415,"POLYGON ((-0.229745249850885 51.49414480924542, -0.2364556181545958 51.49294391318452, -0.2376718640675707 51.4884653740512, -0.2321785261908298 51.485187997461615, -0.2254692235618298 51.48638893301566, -0.2242521932461453 51.49086720565081, -0.229745249850885 51.49414480924542))",7,True,True,True,55
88194ada63fffff,418,418,8,0,51.49742221467155,-0.235239194384385,531.415,"POLYGON ((-0.2340225927190165 51.50190027847043, -0.2407340269608892 51.500699421805216, -0.2419501472538986 51.49622110595888, -0.2364556181545958 51.49294391318452, -0.229745249850885 51.49414480924542, -0.2285283448196017 51.49862285866964, -0.2340225927190165 51.50190027847043))",7,True,True,True,38
88194ada61fffff,422,422,8,0,51.50517749993428,-0.2395177287977978,531.415,"POLYGON ((-0.2383012527266778 51.509655340304185, -0.2450137531702151 51.50845452293719, -0.2462297476946404 51.50397643052238, -0.2407340269608892 51.500699421805216, -0.2340225927190165 51.50190027847043, -0.2328058131205592 51.50637810453922, -0.2383012527266778 51.509655340304185))",7,True,True,True,26
88195da595fffff,430,430,8,0,51.52636451429565,-0.2401479958636293,531.415,"POLYGON ((-0.2389311115449918 51.530841417350835, -0.2456461239955151 51.529641395388154, -0.2468625264038206 51.5251642402523, -0.2413647021475329 51.52188737328484, -0.2346507566856775 51.523087434440384, -0.2334335686029396 51.52756432335516, -0.2389311115449918 51.530841417350835))",0,True,True,True,6
88194ada6dfffff,441,441,8,0,51.5129323775638,-0.2437975807628513,531.415,"POLYGON ((-0.2425812304346038 51.51740999436029, -0.2492947973433896 51.51620921619394, -0.2505106659505359 51.51173134735508, -0.2450137531702151 51.50845452293719, -0.2383012527266778 51.509655340304185, -0.2370845987095838 51.514132942873076, -0.2425812304346038 51.51740999436029))",7,True,True,True,22
88194ada29fffff,458,458,8,0,51.4917425524372,-0.2431660897146968,531.415,"POLYGON ((-0.2419501472538986 51.49622110595888, -0.2486612032463672 51.49501953249557, -0.2498766643494787 51.49054072696736, -0.2443818543812382 51.48726376128205, -0.2376718640675707 51.4884653740512, -0.2364556181545958 51.49294391318452, -0.2419501472538986 51.49622110595888))",7,True,True,True,42
88195da583fffff,459,459,8,0,51.53411831253938,-0.2444295435775341,531.415,"POLYGON ((-0.2432127851119262 51.5385949916642, -0.2499288648149867 51.53739500879664, -0.2511451411956621 51.53291807759383, -0.2456461239955151 51.529641395388154, -0.2389311115449918 51.530841417350835, -0.2377140491536078 51.535318082408644, -0.2432127851119262 51.5385949916642))",7,True,True,True,48
88195da5bbfffff,462,462,8,0,51.52068684717361,-0.2480787508404745,531.415,"POLYGON ((-0.2468625264038206 51.5251642402523, -0.2535771600414496 51.523963501188966, -0.2547929025825194 51.51948585607056, -0.2492947973433896 51.51620921619394, -0.2425812304346038 51.51740999436029, -0.2413647021475329 51.52188737328484, -0.2468625264038206 51.5251642402523))",0,True,True,True,1
88194ada67fffff,465,465,8,0,51.4994981003612,-0.2474455643740536,531.415,"POLYGON ((-0.2462297476946404 51.50397643052238, -0.2529418696292708 51.50277489626739, -0.254157204776688 51.49829631410227, -0.2486612032463672 51.49501953249557, -0.2419501472538986 51.49622110595888, -0.2407340269608892 51.500699421805216, -0.2462297476946404 51.50397643052238))",0,True,True,True,9
88194ada65fffff,474,474,8,0,51.50725324069897,-0.251726356699849,531.415,"POLYGON ((-0.2505106659505359 51.51173134735508, -0.2572238540906787 51.51052985221093, -0.2584390631336561 51.506051493553414, -0.2529418696292708 51.50277489626739, -0.2462297476946404 51.50397643052238, -0.2450137531702151 51.50845452293719, -0.2505106659505359 51.51173134735508))",0,True,True,True,18
88195da5b9fffff,483,483,8,0,51.52844090837734,-0.252361239591827,531.415,"POLYGON ((-0.2511451411956621 51.53291807759383, -0.2578608418258204 51.53171737753588, -0.2590764581518371 51.52723995628229, -0.2535771600414496 51.523963501188966, -0.2468625264038206 51.5251642402523, -0.2456461239955151 51.529641395388154, -0.2511451411956621 51.53291807759383))",0,True,True,True,10
88195da5b3fffff,491,491,8,0,51.51500797306394,-0.2560084672529403,531.415,"POLYGON ((-0.2547929025825194 51.51948585607056, -0.2615071571916321 51.51828439993962, -0.2627222399812759 51.513806264934196, -0.2572238540906787 51.51052985221093, -0.2505106659505359 51.51173134735508, -0.2492947973433896 51.51620921619394, -0.2547929025825194 51.51948585607056))",0,True,True,True,15
89195da4b43ffff,206,206-0,9,1,51.51029326435527,-0.1870454570902017,200.821,"POLYGON ((-0.1874812537115841 51.51204056284135, -0.1895729248666963 51.5110589919693, -0.1891370639681402 51.509311672140996, -0.1866096887444359 51.50854594359821, -0.1845181117752522 51.50952749379213, -0.1849538158442231 51.51127479320556, -0.1874812537115841 51.51204056284135))",0,True,True,,19
89195da4b47ffff,206,206-1,9,1,51.50778017211044,-0.18408243597551635,200.821,"POLYGON ((-0.1845181117752522 51.50952749379213, -0.1866096887444359 51.50854594359821, -0.1861739486715809 51.50679860057331, -0.1836467884422795 51.50603282816357, -0.1815553056622953 51.50701435768453, -0.1819908889227874 51.50876168028676, -0.1845181117752522 51.50952749379213))",0,True,True,,0
89195da4b4bffff,206,206-2,9,1,51.5100773577319,-0.1916645616457139,200.821,"POLYGON ((-0.1921005151037946 51.51182467662729, -0.1941921817761585 51.51084300036395, -0.1937561640438812 51.5090956601296, -0.1912286364733178 51.50833001656322, -0.1891370639681402 51.509311672140996, -0.1895729248666963 51.5110589919693, -0.1921005151037946 51.51182467662729))",0,True,True,,3
89195da4b4fffff,206,206-3,9,1,51.50756433004214,-0.1887012313488969,200.821,"POLYGON ((-0.1891370639681402 51.509311672140996, -0.1912286364733178 51.50833001656322, -0.1907927395839616 51.506582653124475, -0.1882654270063017 51.505816965675926, -0.1861739486715809 51.50679860057331, -0.1866096887444359 51.50854594359821, -0.1891370639681402 51.509311672140996))",0,True,True,,1
89195da4b53ffff,206,206-4,9,1,51.51302207034759,-0.18538954818511896,200.821,"POLYGON ((-0.18582530880062 51.51476932521509, -0.1879170786112992 51.513787839053336, -0.1874812537115841 51.51204056284135, -0.1849538158442231 51.51127479320556, -0.182862140234936 51.51225625869139, -0.1832978082919924 51.51400351448751, -0.18582530880062 51.51476932521509))",7,True,True,,26
89195da4b57ffff,206,206-5,9,1,51.51050898062343,-0.18242650044609254,200.821,"POLYGON ((-0.182862140234936 51.51225625869139, -0.1849538158442231 51.51127479320556, -0.1845181117752522 51.50952749379213, -0.1819908889227874 51.50876168028676, -0.1798993075181313 51.50974312510189, -0.1803348547616844 51.511490404091674, -0.182862140234936 51.51225625869139))",0,True,True,,2
89195da4b5bffff,206,206-6,9,1,51.51280628952391,-0.19000881404724076,200.821,"POLYGON ((-0.1904447315125569 51.51455356480177, -0.1925364968502976 51.51357197324636, -0.1921005151037946 51.51182467662729, -0.1895729248666963 51.5110589919693, -0.1874812537115841 51.51204056284135, -0.1879170786112992 51.513787839053336, -0.1904447315125569 51.51455356480177))",7,True,True,,25
89195da4a23ffff,223,223-0,9,1,51.51804804851451,-0.19131665130811057,200.821,"POLYGON ((-0.1917526536437673 51.519795256943155, -0.1938446118473687 51.51881372941402, -0.1934085452193671 51.51706649964284, -0.1908806772652642 51.51630081779965, -0.1887888132564909 51.51728232464249, -0.1892247230073806 51.5190295340134, -0.1917526536437673 51.519795256943155))",0,True,True,,3
89195da4a27ffff,223,223-1,9,1,51.51553509298812,-0.18835293179203788,200.821,"POLYGON ((-0.1887888132564909 51.51728232464249, -0.1908806772652642 51.51630081779965, -0.1904447315125569 51.51455356480177, -0.1879170786112992 51.513787839053336, -0.18582530880062 51.51476932521509, -0.1862610976934781 51.516516557804906, -0.1887888132564909 51.51728232464249))",7,True,True,,23
89195da4a2bffff,223,223-2,9,1,51.517832138510705,-0.19593653565342342,200.821,"POLYGON ((-0.1963726948733369 51.51957936733412, -0.1984646485665344 51.51859773439642, -0.1980284250573072 51.51685048423379, -0.1955004047364844 51.516084887398904, -0.1934085452193671 51.51706649964284, -0.1938446118473687 51.51881372941402, -0.1963726948733369 51.51957936733412))",0,True,True,,5
89195da4a2fffff,223,223-3,9,1,51.51531924758587,-0.19297250688791417,200.821,"POLYGON ((-0.1934085452193671 51.51706649964284, -0.1955004047364844 51.516084887398904, -0.1950643021197604 51.51433761400172, -0.1925364968502976 51.51357197324636, -0.1904447315125569 51.51455356480177, -0.1908806772652642 51.51630081779965, -0.1934085452193671 51.51706649964284))",7,True,True,,23
89195da4a33ffff,223,223-4,9,1,51.52077672109769,-0.18966066104737792,200.821,"POLYGON ((-0.1900966273792566 51.522523885892255, -0.1921886842749623 51.52154244308251, -0.1917526536437673 51.519795256943155, -0.1892247230073806 51.5190295340134, -0.187132760321952 51.52001095613908, -0.1875686340629963 51.52175812187714, -0.1900966273792566 51.522523885892255))",0,True,True,,2
89195da4a37ffff,223,223-5,9,1,51.51826376811396,-0.18669691486634304,200.821,"POLYGON ((-0.187132760321952 51.52001095613908, -0.1892247230073806 51.5190295340134, -0.1887888132564909 51.51728232464249, -0.1862610976934781 51.516516557804906, -0.1841692292216061 51.517497959251735, -0.1846049820995445 51.519245148213564, -0.187132760321952 51.52001095613908))",0,True,True,,6
89195da4a3bffff,223,223-6,9,1,51.52056093689631,-0.19428070677458578,200.821,"POLYGON ((-0.194716830003716 51.522308122086585, -0.1968088823988355 51.521326573865935, -0.1963726948733369 51.51957936733412, -0.1938446118473687 51.51881372941402, -0.1917526536437673 51.519795256943155, -0.1921886842749623 51.52154244308251, -0.194716830003716 51.522308122086585))",0,True,True,,4
89194ada4a3ffff,243,243-0,9,1,51.50461910920609,-0.1949756529268492,200.821,"POLYGON ((-0.1954116783464641 51.506366515319115, -0.1975031477049672 51.50538466965376, -0.1970670580252078 51.50363724220635, -0.1945396557948975 51.50287168082695, -0.1924482805726672 51.503853505802255, -0.1928842134448191 51.50560091284562, -0.1954116783464641 51.506366515319115))",0,True,True,,2
89194ada4a7ffff,243,243-1,9,1,51.50210607649551,-0.1920123759818333,200.821,"POLYGON ((-0.1924482805726672 51.503853505802255, -0.1945396557948975 51.50287168082695, -0.1941036869479538 51.50112423018483, -0.1915764996695501 51.50035862492846, -0.1894852185869074 51.5013404292189, -0.1899210306434366 51.50308785944918, -0.1924482805726672 51.503853505802255))",7,True,True,,39
89194ada4abffff,243,243-2,9,1,51.504402760626796,-0.19959458267179891,200.821,"POLYGON ((-0.2000307649061478 51.506150187138346, -0.2021222297337656 51.50516823608136, -0.20168598324225 51.503420788238735, -0.1991584287352464 51.50265531184689, -0.1970670580252078 51.50363724220635, -0.1975031477049672 51.50538466965376, -0.2000307649061478 51.506150187138346))",0,True,True,,0
89194ada4afffff,243,243-3,9,1,51.501889792493266,-0.1966309966368323,200.821,"POLYGON ((-0.1970670580252078 51.50363724220635, -0.1991584287352464 51.50265531184689, -0.1987223030937625 51.50090784080173, -0.1961949635371496 51.50014232051767, -0.1941036869479538 51.50112423018483, -0.1945396557948975 51.50287168082695, -0.1970670580252078 51.50363724220635))",0,True,True,,2
89194ada4b3ffff,243,243-4,9,1,51.507348297622435,-0.19332017460098483,200.821,"POLYGON ((-0.1937561640438812 51.5090956601296, -0.1958477320565001 51.50811389916292, -0.1954116783464641 51.506366515319115, -0.1928842134448191 51.50560091284562, -0.1907927395839616 51.506582653124475, -0.1912286364733178 51.50833001656322, -0.1937561640438812 51.5090956601296))",0,True,True,,4
89194ada4b7ffff,243,243-5,9,1,51.50483526741877,-0.1903568709749083,200.821,"POLYGON ((-0.1907927395839616 51.506582653124475, -0.1928842134448191 51.50560091284562, -0.1924482805726672 51.503853505802255, -0.1899210306434366 51.50308785944918, -0.1878296509375874 51.504069579045414, -0.1882654270063017 51.505816965675926, -0.1907927395839616 51.506582653124475))",0,True,True,,4
89194ada4bbffff,243,243-6,9,1,51.50713207483233,-0.19793926567881234,200.821,"POLYGON ((-0.1983754119495017 51.508879457739, -0.2004669754410207 51.50789759137837, -0.2000307649061478 51.506150187138346, -0.1975031477049672 51.50538466965376, -0.1954116783464641 51.506366515319115, -0.1958477320565001 51.50811389916292, -0.1983754119495017 51.508879457739))",0,True,True,,15
89194ada483ffff,256,256-0,9,1,51.512374156723986,-0.19924778939202767,200.821,"POLYGON ((-0.1996840205693158 51.51412147279608, -0.2017757768755558 51.513139670438186, -0.2013394814229911 51.511392333031424, -0.1988115865196504 51.5106268183706, -0.1967199243585764 51.51160860003028, -0.1971560629560414 51.51335591704759, -0.1996840205693158 51.51412147279608))",0,True,True,,2
89194ada487ffff,256,256-1,9,1,51.509861260734375,-0.19628381405965398,200.821,"POLYGON ((-0.1967199243585764 51.51160860003028, -0.1988115865196504 51.5106268183706, -0.1983754119495017 51.508879457739, -0.1958477320565001 51.50811389916292, -0.1937561640438812 51.5090956601296, -0.1941921817761585 51.51084300036395, -0.1967199243585764 51.51160860003028))",7,True,True,,29
89194ada48bffff,256,256-2,9,1,51.5121578047099,-0.20386749876874374,200.821,"POLYGON ((-0.2043038868082177 51.51390514116588, -0.2063956385558726 51.51292323339913, -0.2059591862440921 51.51117587561175, -0.2034311390442506 51.51041044597031, -0.2013394814229911 51.511392333031424, -0.2017757768755558 51.513139670438186, -0.2043038868082177 51.51390514116588))",0,True,True,,8
89194ada48fffff,256,256-3,9,1,51.50964497334376,-0.20090321427907437,200.821,"POLYGON ((-0.2013394814229911 51.511392333031424, -0.2034311390442506 51.51041044597031, -0.2029948076320554 51.508663064950284, -0.2004669754410207 51.50789759137837, -0.1983754119495017 51.508879457739, -0.1988115865196504 51.5106268183706, -0.2013394814229911 51.511392333031424))",0,True,True,,6
89194ada493ffff,256,256-4,9,1,51.51510321178312,-0.1975922298547003,200.821,"POLYGON ((-0.1980284250573072 51.51685048423379, -0.2001202800542126 51.51586876658368, -0.1996840205693158 51.51412147279608, -0.1971560629560414 51.51335591704759, -0.1950643021197604 51.51433761400172, -0.1955004047364844 51.516084887398904, -0.1980284250573072 51.51685048423379))",0,True,True,,9
89194ada497ffff,256,256-5,9,1,51.51259031832237,-0.19462822780053893,200.821,"POLYGON ((-0.1950643021197604 51.51433761400172, -0.1971560629560414 51.51335591704759, -0.1967199243585764 51.51160860003028, -0.1941921817761585 51.51084300036395, -0.1921005151037946 51.51182467662729, -0.1925364968502976 51.51357197324636, -0.1950643021197604 51.51433761400172))",0,True,True,,4
89194ada49bffff,256,256-6,9,1,51.514886985560885,-0.2022121006394306,200.821,"POLYGON ((-0.2026484527173092 51.51663427839646, -0.2047403031654327 51.515652455335136, -0.2043038868082177 51.51390514116588, -0.2017757768755558 51.513139670438186, -0.1996840205693158 51.51412147279608, -0.2001202800542126 51.51586876658368, -0.2026484527173092 51.51663427839646))",0,True,True,,18
89195da4a63ffff,274,274-0,9,1,51.52012879719363,-0.20352124182593878,200.821,"POLYGON ((-0.203957678862088 51.52187602314896, -0.2060497221703762 51.52089426409129, -0.2056132208437897 51.51914701680097, -0.2030848331119054 51.51838154894175, -0.2009928839576717 51.51936328729305, -0.2014292283816413 51.52111051420851, -0.203957678862088 51.52187602314896))",0,True,True,,7
89195da4a67ffff,274,274-1,9,1,51.51761603808372,-0.20055656784942155,200.821,"POLYGON ((-0.2009928839576717 51.51936328729305, -0.2030848331119054 51.51838154894175, -0.2026484527173092 51.51663427839646, -0.2001202800542126 51.51586876658368, -0.1980284250573072 51.51685048423379, -0.1984646485665344 51.51859773439642, -0.2009928839576717 51.51936328729305))",0,True,True,,7
89195da4a6bffff,274,274-2,9,1,51.51991244165449,-0.20814173104413933,200.821,"POLYGON ((-0.2085783249900336 51.521659687979124, -0.2106703637120284 51.52067782349539, -0.2102337054787052 51.51893055583903, -0.207705165430501 51.518165173031036, -0.2056132208437897 51.51914701680097, -0.2060497221703762 51.52089426409129, -0.2085783249900336 51.521659687979124))",7,True,True,,29
89195da4a6fffff,274,274-3,9,1,51.51739974721456,-0.20517674784304168,200.821,"POLYGON ((-0.2056132208437897 51.51914701680097, -0.207705165430501 51.518165173031036, -0.2072686281463777 51.51641788211192, -0.2047403031654327 51.515652455335136, -0.2026484527173092 51.51663427839646, -0.2030848331119054 51.51838154894175, -0.2056132208437897 51.51914701680097))",7,True,True,,41
89195da4a73ffff,274,274-4,9,1,51.52285771882703,-0.20186560112406515,200.821,"POLYGON ((-0.2023020021876014 51.524604901145416, -0.2043941442231137 51.52362322680462, -0.203957678862088 51.52187602314896, -0.2014292283816413 51.52111051420851, -0.199337180515658 51.52209216784515, -0.1997734889609924 51.52383935112495, -0.2023020021876014 51.524604901145416))",0,True,True,,11
89195da4a77ffff,274,274-5,9,1,51.520344962267934,-0.19890090038508004,200.821,"POLYGON ((-0.199337180515658 51.52209216784515, -0.2014292283816413 51.52111051420851, -0.2009928839576717 51.51936328729305, -0.1984646485665344 51.51859773439642, -0.1963726948733369 51.51957936733412, -0.1968088823988355 51.521326573865935, -0.199337180515658 51.52209216784515))",0,True,True,,0
89195da4a7bffff,274,274-6,9,1,51.522641489082375,-0.20648625182549094,200.821,"POLYGON ((-0.2069228098118438 51.5243886917711, -0.2090149472708482 51.52340691200185, -0.2085783249900336 51.521659687979124, -0.2060497221703762 51.52089426409129, -0.203957678862088 51.52187602314896, -0.2043941442231137 51.52362322680462, -0.2069228098118438 51.5243886917711))",0,True,True,,9
89194ada423ffff,282,282-0,9,1,51.49894374734695,-0.20290481283372136,200.821,"POLYGON ((-0.2033410669714074 51.500691261050704, -0.2054323344880958 51.49970914061497, -0.2049960161073071 51.49796160558472, -0.2024685869958113 51.49719621138199, -0.2003774135658107 51.49817831111577, -0.2008135751609696 51.49992582575279, -0.2033410669714074 51.500691261050704))",0,True,True,,6
89194ada427ffff,282,282-1,9,1,51.49643077422019,-0.19994128026400115,200.821,"POLYGON ((-0.2003774135658107 51.49817831111577, -0.2024685869958113 51.49719621138199, -0.2020323894549648 51.49544865315892, -0.1995051752528852 51.494683215069195, -0.1974140959128289 51.49566529410617, -0.1978501366852756 51.49741283192824, -0.2003774135658107 51.49817831111577))",0,True,True,,0
89194ada42bffff,282,282-2,9,1,51.49872695682143,-0.20752356759753443,200.821,"POLYGON ((-0.2079599785279387 51.500474490912836, -0.210051241465569 51.49949226508523, -0.20961476629503 51.49774470967059, -0.2070871849769914 51.49697940046651, -0.2049960161073071 51.49796160558472, -0.2054323344880958 51.49970914061497, -0.2079599785279387 51.500474490912836))",0,True,True,,1
89194ada42fffff,282,282-3,9,1,51.496214048293666,-0.2045597260299984,200.821,"POLYGON ((-0.2049960161073071 51.49796160558472, -0.2070871849769914 51.49697940046651, -0.2066508306635965 51.49523182185122, -0.2041234642534316 51.494466468744925, -0.2020323894549648 51.49544865315892, -0.2024685869958113 51.49719621138199, -0.2049960161073071 51.49796160558472))",0,True,True,,6
89194ada433ffff,282,282-4,9,1,51.50167331812816,-0.20124976505223072,200.821,"POLYGON ((-0.20168598324225 51.503420788238735, -0.2037773494115614 51.50243875249008, -0.2033410669714074 51.500691261050704, -0.2008135751609696 51.49992582575279, -0.1987223030937625 51.50090784080173, -0.1991584287352464 51.50265531184689, -0.20168598324225 51.503420788238735))",0,True,True,,1
89194ada437ffff,282,282-5,9,1,51.49916034749445,-0.19828620574464542,200.821,"POLYGON ((-0.1987223030937625 51.50090784080173, -0.2008135751609696 51.49992582575279, -0.2003774135658107 51.49817831111577, -0.1978501366852756 51.49741283192824, -0.195758958723448 51.49839482628263, -0.1961949635371496 51.50014232051767, -0.1987223030937625 51.50090784080173))",0,True,True,,18
89194ada43bffff,282,282-6,9,1,51.50145665338127,-0.2058686811750261,200.821,"POLYGON ((-0.2063050561708726 51.50320414388053, -0.2083964177709071 51.50222200273762, -0.2079599785279387 51.500474490912836, -0.2054323344880958 51.49970914061497, -0.2033410669714074 51.500691261050704, -0.2037773494115614 51.50243875249008, -0.2063050561708726 51.50320414388053))",0,True,True,,1
89194ada4c3ffff,308,308-0,9,1,51.51445396178226,-0.21145228545068132,200.821,"POLYGON ((-0.2118889512915448 51.51620129536123, -0.2139807925564053 51.515219261462335, -0.2135440624421884 51.5134719065562, -0.2110156479440156 51.5127066059116, -0.2089239007835092 51.51368861909223, -0.209360474017156 51.515435953634324, -0.2118889512915448 51.51620129536123))",0,True,True,,0
89194ada4c7ffff,308,308-1,9,1,51.511941262261125,-0.2084873558776539,200.821,"POLYGON ((-0.2089239007835092 51.51368861909223, -0.2110156479440156 51.5127066059116, -0.2105790387688733 51.510959227752394, -0.2080508392969319 51.510193883144225, -0.2059591862440921 51.51117587561175, -0.2063956385558726 51.51292323339913, -0.2089239007835092 51.51368861909223))",0,True,True,,2
89194ada4cbffff,308,308-2,9,1,51.514237164188046,-0.21607259937118745,200.821,"POLYGON ((-0.2165094220997624 51.51598451812553, -0.2186012587301546 51.51500237880024, -0.2181643717312353 51.51325500353894, -0.2156358049869692 51.51248978795665, -0.2135440624421884 51.5134719065562, -0.2139807925564053 51.515219261462335, -0.2165094220997624 51.51598451812553))",0,True,True,,3
89194ada4cfffff,308,308-3,9,1,51.51172452935884,-0.21310736066585495,200.821,"POLYGON ((-0.2135440624421884 51.5134719065562, -0.2156358049869692 51.51248978795665, -0.21519903894433 51.510742389434455, -0.2126706872247457 51.50997712987338, -0.2105790387688733 51.510959227752394, -0.2110156479440156 51.5127066059116, -0.2135440624421884 51.5134719065562))",0,True,True,,2
89194ada4d3ffff,308,308-4,9,1,51.51718326588429,-0.2097970755813144,200.821,"POLYGON ((-0.2102337054787052 51.51893055583903, -0.2123256454693113 51.517948606645405, -0.2118889512915448 51.51620129536123, -0.209360474017156 51.515435953634324, -0.2072686281463777 51.51641788211192, -0.207705165430501 51.518165173031036, -0.2102337054787052 51.51893055583903))",7,True,True,,26
89194ada4d7ffff,308,308-5,9,1,51.51467056890023,-0.2068321191890851,200.821,"POLYGON ((-0.2072686281463777 51.51641788211192, -0.209360474017156 51.515435953634324, -0.2089239007835092 51.51368861909223, -0.2063956385558726 51.51292323339913, -0.2043038868082177 51.51390514116588, -0.2047403031654327 51.515652455335136, -0.2072686281463777 51.51641788211192))",7,True,True,,24
89194ada4dbffff,308,308-6,9,1,51.51696659407406,-0.21441755101125218,200.821,"POLYGON ((-0.2148543378093836 51.51871390438829, -0.2169462731753079 51.51773184976588, -0.2165094220997624 51.51598451812553, -0.2139807925564053 51.515219261462335, -0.2118889512915448 51.51620129536123, -0.2123256454693113 51.517948606645405, -0.2148543378093836 51.51871390438829))",0,True,True,,0
89194ada083ffff,321,321-0,9,1,51.49326717890607,-0.21083293671023737,200.821,"POLYGON ((-0.2112694194857732 51.495014800164235, -0.2133604851154322 51.49403240498114, -0.2129239381138324 51.49228476240431, -0.2103964822465381 51.49151953539151, -0.2083055106539197 51.492501909860756, -0.2087419008919133 51.4942495320552, -0.2112694194857732 51.495014800164235))",0,True,True,,14
89194ada087ffff,321,321-1,9,1,51.49075426541263,-0.2078691487213623,200.821,"POLYGON ((-0.2083055106539197 51.492501909860756, -0.2103964822465381 51.49151953539151, -0.2099600560919627 51.48977186962375, -0.2074328150915438 51.48900659871396, -0.2053419375392968 51.48998895247449, -0.2057782069474564 51.49173659785208, -0.2083055106539197 51.492501909860756))",0,True,True,,17
89194ada08bffff,321,321-2,9,1,51.49304994644403,-0.21545151632232307,200.821,"POLYGON ((-0.2158881558685514 51.49479758807905, -0.2179792168709998 51.493815087503826, -0.2175425131016708 51.492067424553426, -0.2150149050979691 51.491302282550386, -0.2129239381138324 51.49228476240431, -0.2133604851154322 51.49403240498114, -0.2158881558685514 51.49479758807905))",0,True,True,,2
89194ada08fffff,321,321-3,9,1,51.49053709757151,-0.21248741942773144,200.821,"POLYGON ((-0.2129239381138324 51.49228476240431, -0.2150149050979691 51.491302282550386, -0.2145783221928421 51.48955459640124, -0.2120509290544824 51.48878941048595, -0.2099600560919627 51.48977186962375, -0.2103964822465381 51.49151953539151, -0.2129239381138324 51.49228476240431))",0,True,True,,0
89194ada093ffff,321,321-4,9,1,51.49599713199286,-0.20917831943804058,200.821,"POLYGON ((-0.20961476629503 51.49774470967059, -0.2117059305758337 51.49676239916294, -0.2112694194857732 51.495014800164235, -0.2087419008919133 51.4942495320552, -0.2066508306635965 51.49523182185122, -0.2070871849769914 51.49697940046651, -0.20961476629503 51.49774470967059))",0,True,True,,14
89194ada097ffff,321,321-5,9,1,51.49348422097868,-0.20621450465463687,200.821,"POLYGON ((-0.2066508306635965 51.49523182185122, -0.2087419008919133 51.4942495320552, -0.2083055106539197 51.492501909860756, -0.2057782069474564 51.49173659785208, -0.2036872307749201 51.49271886694166, -0.2041234642534316 51.494466468744925, -0.2066508306635965 51.49523182185122))",0,True,True,,5
89194ada09bffff,321,321-6,9,1,51.49578002529891,-0.21379706043524427,200.821,"POLYGON ((-0.2142336640760183 51.49752762335449, -0.2163248237394193 51.496545207452336, -0.2158881558685514 51.49479758807905, -0.2133604851154322 51.49403240498114, -0.2112694194857732 51.495014800164235, -0.2117059305758337 51.49676239916294, -0.2142336640760183 51.49752762335449))",0,True,True,,8
89194ada0a3ffff,322,322-0,9,1,51.48551119857755,-0.20656023272928534,200.821,"POLYGON ((-0.2069965097617623 51.48725890976788, -0.2090872886993682 51.48627647134102, -0.2086509474559498 51.48452873883233, -0.2061239839914573 51.4837634651461, -0.2040332990820688 51.484745882867195, -0.2044694836093095 51.48649359497891, -0.2069965097617623 51.48725890976788))",0,True,True,,1
89194ada0a7ffff,322,322-1,9,1,51.48299814851705,-0.2035971428430637,200.821,"POLYGON ((-0.2040332990820688 51.484745882867195, -0.2061239839914573 51.4837634651461, -0.2056877635455463 51.482015709476606, -0.2031610148896036 51.481250391931596, -0.2010704240117075 51.48223278895219, -0.2015064877586268 51.483980524216896, -0.2040332990820688 51.484745882867195))",0,True,True,,9
89194ada0abffff,322,322-2,9,1,51.485293969568964,-0.21117803323560677,200.821,"POLYGON ((-0.2116144669913264 51.4870417011507, -0.2137052413294154 51.486059157348976, -0.2132687433657097 51.484311404452136, -0.2107416277845598 51.483546215743786, -0.2086509474559498 51.48452873883233, -0.2090872886993682 51.48627647134102, -0.2116144669913264 51.4870417011507))",0,True,True,,0
89194ada0afffff,322,322-3,9,1,51.48278098408296,-0.20821463451084646,200.821,"POLYGON ((-0.2086509474559498 51.48452873883233, -0.2107416277845598 51.483546215743786, -0.2103052506355347 51.48179843967836, -0.2077783498613771 51.48103320709604, -0.2056877635455463 51.482015709476606, -0.2061239839914573 51.4837634651461, -0.2086509474559498 51.48452873883233))",0,True,True,,3
89194ada0b3ffff,322,322-4,9,1,51.48824128484904,-0.2049056964274816,200.821,"POLYGON ((-0.2053419375392968 51.48998895247449, -0.2074328150915438 51.48900659871396, -0.2069965097617623 51.48725890976788, -0.2044694836093095 51.48649359497891, -0.2023787001007054 51.487475928035956, -0.2028148487012661 51.48922359658403, -0.2053419375392968 51.48998895247449))",0,True,True,,12
89194ada0b7ffff,322,322-5,9,1,51.48572823724584,-0.20194257978738403,200.821,"POLYGON ((-0.2023787001007054 51.487475928035956, -0.2044694836093095 51.48649359497891, -0.2040332990820688 51.484745882867195, -0.2015064877586268 51.483980524216896, -0.1994157982969593 51.48496283657559, -0.199851826112148 51.486710528281534, -0.2023787001007054 51.487475928035956))",7,True,True,,37
89194ada0bbffff,322,322-6,9,1,51.488024181605844,-0.20952365824378297,200.821,"POLYGON ((-0.2099600560919627 51.48977186962375, -0.2120509290544824 51.48878941048595, -0.2116144669913264 51.4870417011507, -0.2090872886993682 51.48627647134102, -0.2069965097617623 51.48725890976788, -0.2074328150915438 51.48900659871396, -0.2099600560919627 51.48977186962375))",0,True,True,,0
89194ada463ffff,329,329-0,9,1,51.50102275266651,-0.21510695633114998,200.821,"POLYGON ((-0.2155436449509417 51.50277028391671, -0.2176349973268303 51.5017879319702, -0.2171982444658644 51.500040379401, -0.2146702960404172 51.49927519914476, -0.2125790377104184 51.500257530369254, -0.2130156337603193 51.50200506257064, -0.2155436449509417 51.50277028391671))",0,True,True,,2
89194ada467ffff,329,329-1,9,1,51.498509975898955,-0.21214246998315262,200.821,"POLYGON ((-0.2125790377104184 51.500257530369254, -0.2146702960404172 51.49927519914476, -0.2142336640760183 51.49752762335449, -0.2117059305758337 51.49676239916294, -0.20961476629503 51.49774470967059, -0.210051241465569 51.49949226508523, -0.2125790377104184 51.500257530369254))",0,True,True,,13
89194ada46bffff,329,329-2,9,1,51.50080551666085,-0.21972631525849814,200.821,"POLYGON ((-0.2201631606964624 51.50255306827331, -0.2222545084174435 51.501570610917405, -0.2218175987412864 51.49982303798925, -0.2192894981596953 51.49905794277458, -0.2171982444658644 51.500040379401, -0.2176349973268303 51.5017879319702, -0.2201631606964624 51.50255306827331))",0,True,True,,6
89194ada46fffff,329,329-3,9,1,51.498292804560684,-0.2167615199376307,200.821,"POLYGON ((-0.2171982444658644 51.500040379401, -0.2192894981596953 51.49905794277458, -0.2188527093973127 51.497310346617546, -0.2163248237394193 51.496545207452336, -0.2142336640760183 51.49752762335449, -0.2146702960404172 51.49927519914476, -0.2171982444658644 51.500040379401))",0,True,True,,4
89194ada473ffff,329,329-4,9,1,51.50375257249998,-0.213452258135585,200.821,"POLYGON ((-0.2138889108389199 51.50550006015416, -0.2159803619024814 51.50451779289218, -0.2155436449509417 51.50277028391671, -0.2130156337603193 51.50200506257064, -0.2109242767580894 51.50298730911284, -0.2113608368854934 51.50473479771947, -0.2138889108389199 51.50550006015416))",0,True,True,,2
89194ada477ffff,329,329-5,9,1,51.501239798233684,-0.21048774495233039,200.821,"POLYGON ((-0.2109242767580894 51.50298730911284, -0.2130156337603193 51.50200506257064, -0.2125790377104184 51.500257530369254, -0.210051241465569 51.49949226508523, -0.2079599785279387 51.500474490912836, -0.2083964177709071 51.50222200273762, -0.2109242767580894 51.50298730911284))",0,True,True,,7
89194ada47bffff,329,329-6,9,1,51.50353546226507,-0.21807177852323797,200.821,"POLYGON ((-0.2185085880578081 51.505282970282515, -0.2206000344762623 51.504300597608754, -0.2201631606964624 51.50255306827331, -0.2176349973268303 51.5017879319702, -0.2155436449509417 51.50277028391671, -0.2159803619024814 51.50451779289218, -0.2185085880578081 51.505282970282515))",0,True,True,,11
89194ada443ffff,340,340-0,9,1,51.5087779194726,-0.2193822921522311,200.821,"POLYGON ((-0.2198191867175058 51.51052536063898, -0.2219108258937955 51.50954305192182, -0.2214738670722076 51.507795589436135, -0.2189454259332355 51.50703045601941, -0.2168538808116496 51.50801274400639, -0.2172906827746938 51.509760186138855, -0.2198191867175058 51.51052536063898))",0,True,True,,13
89194ada447ffff,340,340-1,9,1,51.50626527958978,-0.21641710718850446,200.821,"POLYGON ((-0.2168538808116496 51.50801274400639, -0.2189454259332355 51.50703045601941, -0.2185085880578081 51.505282970282515, -0.2159803619024814 51.50451779289218, -0.2138889108389199 51.50550006015416, -0.214325591873008 51.507247525530055, -0.2168538808116496 51.50801274400639))",0,True,True,,4
89194ada44bffff,340,340-2,9,1,51.50856067983309,-0.2240024306044575,200.821,"POLYGON ((-0.2244394820353435 51.510308141347096, -0.2265311165289798 51.50932572720334, -0.2260940008447694 51.507578244373285, -0.2235654075299105 51.50681319602996, -0.2214738670722076 51.507795589436135, -0.2219108258937955 51.50954305192182, -0.2244394820353435 51.510308141347096))",0,True,True,,17
89194ada44fffff,340,340-3,9,1,51.506048104664096,-0.22103693660061902,200.821,"POLYGON ((-0.2214738670722076 51.507795589436135, -0.2235654075299105 51.50681319602996, -0.2231284128090368 51.505065689940885, -0.2206000344762623 51.504300597608754, -0.2185085880578081 51.505282970282515, -0.2189454259332355 51.50703045601941, -0.2214738670722076 51.507795589436135))",7,True,True,,57
89194ada453ffff,340,340-4,9,1,51.51150760598409,-0.21772751308033236,200.821,"POLYGON ((-0.2181643717312353 51.51325500353894, -0.2202561096317452 51.51227277951539, -0.2198191867175058 51.51052536063898, -0.2172906827746938 51.509760186138855, -0.21519903894433 51.510742389434455, -0.2156358049869692 51.51248978795665, -0.2181643717312353 51.51325500353894))",0,True,True,,2
89194ada457ffff,340,340-5,9,1,51.508994968624535,-0.21476230124059006,200.821,"POLYGON ((-0.21519903894433 51.510742389434455, -0.2172906827746938 51.509760186138855, -0.2168538808116496 51.50801274400639, -0.214325591873008 51.507247525530055, -0.2122340421161196 51.508229708102874, -0.2126706872247457 51.50997712987338, -0.21519903894433 51.510742389434455))",0,True,True,,1
89194ada45bffff,340,340-6,9,1,51.51129049211796,-0.22234781306802265,200.821,"POLYGON ((-0.2227848285976722 51.51303791002146, -0.2248765618253214 51.512055580568926, -0.2244394820353435 51.510308141347096, -0.2219108258937955 51.50954305192182, -0.2198191867175058 51.51052536063898, -0.2202561096317452 51.51227277951539, -0.2227848285976722 51.51303791002146))",0,True,True,,4
89195da5983ffff,354,354-0,9,1,51.529962546667285,-0.22000502464811883,200.821,"POLYGON ((-0.2204421025973231 51.53170969981835, -0.2225345178273274 51.53072775242731, -0.222097375574501 51.5289805779485, -0.2195679750676248 51.528215371194136, -0.2174756539596537 51.52919729785056, -0.217912639236884 51.53094445199454, -0.2204421025973231 51.53170969981835))",0,True,True,,0
89195da5987ffff,354,354-1,9,1,51.527450121387105,-0.21703869704469664,200.821,"POLYGON ((-0.2174756539596537 51.52919729785056, -0.2195679750676248 51.528215371194136, -0.2191309538530867 51.52646817340197, -0.2166017684893363 51.52570292260742, -0.2145095415067159 51.526684828534414, -0.2149464057628749 51.52843200598396, -0.2174756539596537 51.52919729785056))",0,True,True,,9
89195da598bffff,354,354-2,9,1,51.52974574164334,-0.22462689856437587,200.821,"POLYGON ((-0.2250641334962836 51.53149291512368, -0.2271565440362937 51.530510862271754, -0.2267192448037577 51.52876366746696, -0.2241896920112727 51.52799854583866, -0.222097375574501 51.5289805779485, -0.2225345178273274 51.53072775242731, -0.2250641334962836 51.53149291512368))",0,True,True,,2
89195da598fffff,354,354-3,9,1,51.52723338114803,-0.221660261694057,200.821,"POLYGON ((-0.222097375574501 51.5289805779485, -0.2241896920112727 51.52799854583866, -0.2237525138342447 51.52625132771273, -0.2212231761833129 51.52548616202899, -0.2191309538530867 51.52646817340197, -0.2195679750676248 51.528215371194136, -0.222097375574501 51.5289805779485))",0,True,True,,0
89195da5997ffff,354,354-5,9,1,51.53017916111678,-0.21538329837489162,200.821,"POLYGON ((-0.2158202193454988 51.53192629392974, -0.217912639236884 51.53094445199454, -0.2174756539596537 51.52919729785056, -0.2149464057628749 51.52843200598396, -0.2128540800122881 51.52941382719197, -0.2132909083180366 51.53116096099235, -0.2158202193454988 51.53192629392974))",0,True,True,,10
89194ada003ffff,367,367-0,9,1,51.487589404011686,-0.21876002445583378,200.821,"POLYGON ((-0.2191967357890465 51.489337132788066, -0.2212875994865189 51.488354462880636, -0.2208508239443142 51.48660671279348, -0.2183233414465592 51.48584165298388, -0.2162325717364996 51.48682430216553, -0.216669190537132 51.48857203188112, -0.2191967357890465 51.489337132788066))",0,True,True,,0
89194ada007ffff,367,367-1,9,1,51.485076550201136,-0.21579598125335392,200.821,"POLYGON ((-0.2162325717364996 51.48682430216553, -0.2183233414465592 51.48584165298388, -0.2178866867584219 51.48409387970769, -0.2153594190850124 51.483328775991076, -0.2132687433657097 51.484311404452136, -0.2137052413294154 51.486059157348976, -0.2162325717364996 51.48682430216553))",0,True,True,,3
89194ada00bffff,367,367-2,9,1,51.487371729622986,-0.22337842874569802,200.821,"POLYGON ((-0.2238152968275825 51.48911947876535, -0.2259061558497529 51.48813670346555, -0.2254692235618298 51.48638893301565, -0.2229415889977773 51.48562395822688, -0.2208508239443142 51.48660671279348, -0.2212875994865189 51.488354462880636, -0.2238152968275825 51.48911947876535))",0,True,True,,12
89194ada00fffff,367,367-3,9,1,51.48485894045528,-0.22041407672966742,200.821,"POLYGON ((-0.2208508239443142 51.48660671279348, -0.2229415889977773 51.48562395822688, -0.2225047775811261 51.48387616458017, -0.2199773578398798 51.48311114586914, -0.2178866867584219 51.48409387970769, -0.2183233414465592 51.48584165298388, -0.2208508239443142 51.48660671279348))",0,True,True,,10
89194ada013ffff,367,367-4,9,1,51.49031973934479,-0.2171058376579239,200.821,"POLYGON ((-0.2175425131016708 51.492067424553426, -0.2196334754488193 51.491084839309785, -0.2191967357890465 51.489337132788066, -0.216669190537132 51.48857203188112, -0.2145783221928421 51.48955459640124, -0.2150149050979691 51.491302282550386, -0.2175425131016708 51.492067424553426))",0,True,True,,0
89194ada017ffff,367,367-5,9,1,51.48780688799972,-0.21414176760423367,200.821,"POLYGON ((-0.2145783221928421 51.48955459640124, -0.216669190537132 51.48857203188112, -0.2162325717364996 51.48682430216553, -0.2137052413294154 51.486059157348976, -0.2116144669913264 51.4870417011507, -0.2120509290544824 51.48878941048595, -0.2145783221928421 51.48955459640124))",0,True,True,,1
89194ada01bffff,367,367-6,9,1,51.490102190713564,-0.22172440335901106,200.821,"POLYGON ((-0.2221612355645208 51.49184989628921, -0.2242521932461453 51.49086720565081, -0.2238152968275825 51.48911947876535, -0.2212875994865189 51.488354462880636, -0.2191967357890465 51.489337132788066, -0.2196334754488193 51.491084839309785, -0.2221612355645208 51.49184989628921))",0,True,True,,17
89194ada0c3ffff,369,369-0,9,1,51.495345240655965,-0.22303498498526236,200.821,"POLYGON ((-0.2234719022059299 51.497092879440835, -0.2255630525488924 51.49611025273451, -0.2251260711040797 51.494362592638545, -0.2225980961056859 51.493597579604405, -0.2205070397589788 51.49458018557677, -0.2209438644147593 51.49632782531581, -0.2234719022059299 51.497092879440835))",0,True,True,,2
89194ada0c7ffff,369,369-1,9,1,51.49283252357373,-0.22007024343789694,200.821,"POLYGON ((-0.2205070397589788 51.49458018557677, -0.2225980961056859 51.493597579604405, -0.2221612355645208 51.49184989628921, -0.2196334754488193 51.491084839309785, -0.2175425131016708 51.492067424553426, -0.2179792168709998 51.493815087503826, -0.2205070397589788 51.49458018557677))",0,True,True,,5
89194ada0cbffff,369,369-2,9,1,51.4951275626692,-0.2276541684320986,200.821,"POLYGON ((-0.228091242448909 51.49687522180551, -0.2301823880888179 51.49589248968955, -0.229745249850885 51.49414480924542, -0.2272171227665107 51.49337988126395, -0.2251260711040797 51.494362592638545, -0.2255630525488924 51.49611025273451, -0.228091242448909 51.49687522180551))",0,True,True,,4
89194ada0cfffff,369,369-3,9,1,51.49261491027623,-0.2246891180040453,200.821,"POLYGON ((-0.2251260711040797 51.494362592638545, -0.2272171227665107 51.49337988126395, -0.226780105449383 51.49163217759283, -0.2242521932461453 51.49086720565081, -0.2221612355645208 51.49184989628921, -0.2225980961056859 51.493597579604405, -0.2251260711040797 51.494362592638545))",7,True,True,,40
89194ada0d3ffff,369,369-4,9,1,51.4980754427877,-0.22138071740796866,200.821,"POLYGON ((-0.2218175987412864 51.49982303798925, -0.2239088477704244 51.49884049595585, -0.2234719022059299 51.497092879440835, -0.2209438644147593 51.49632782531581, -0.2188527093973127 51.497310346617546, -0.2192894981596953 51.49905794277458, -0.2218175987412864 51.49982303798925))",0,True,True,,12
89194ada0d7ffff,369,369-5,9,1,51.495562728192894,-0.21841594896864558,200.821,"POLYGON ((-0.2188527093973127 51.497310346617546, -0.2209438644147593 51.49632782531581, -0.2205070397589788 51.49458018557677, -0.2179792168709998 51.493815087503826, -0.2158881558685514 51.49479758807905, -0.2163248237394193 51.496545207452336, -0.2188527093973127 51.497310346617546))",0,True,True,,0
89194ada0dbffff,369,369-6,9,1,51.497857890561086,-0.22600006234121442,200.821,"POLYGON ((-0.2264371004837211 51.499605506115095, -0.2285283448196017 51.49862285866964, -0.228091242448909 51.49687522180551, -0.2255630525488924 51.49611025273451, -0.2234719022059299 51.497092879440835, -0.2239088477704244 51.49884049595585, -0.2264371004837211 51.499605506115095))",0,True,True,,3
89194ada6a3ffff,376,376-0,9,1,51.50310067039287,-0.22731126183019437,200.821,"POLYGON ((-0.2277483850395996 51.504848219110414, -0.2298398220821307 51.50386563559803, -0.2294026346335058 51.50211806556904, -0.2268741669791541 51.50135309939341, -0.2247828239416553 51.50233566216374, -0.2252198545538138 51.50408321185034, -0.2277483850395996 51.504848219110414))",7,True,True,,30
89194ada6a7ffff,376,376-1,9,1,51.50058809019782,-0.22434582168143083,200.821,"POLYGON ((-0.2247828239416553 51.50233566216374, -0.2268741669791541 51.50135309939341, -0.2264371004837211 51.499605506115095, -0.2239088477704244 51.49884049595585, -0.2218175987412864 51.49982303798925, -0.2222545084174435 51.501570610917405, -0.2247828239416553 51.50233566216374))",0,True,True,,8
89194ada6abffff,376,376-2,9,1,51.50288298871785,-0.23193122464351365,200.821,"POLYGON ((-0.2323685046964609 51.50463055777222, -0.2344599370082144 51.50364786883296, -0.2340225927190165 51.50190027847043, -0.2314939729589796 51.5011353973793, -0.2294026346335058 51.50211806556904, -0.2298398220821307 51.50386563559803, -0.2323685046964609 51.50463055777222))",0,True,True,,12
89194ada6afffff,376,376-3,9,1,51.50037047325854,-0.22896547554690871,200.821,"POLYGON ((-0.2294026346335058 51.50211806556904, -0.2314939729589796 51.5011353973793, -0.2310567496401662 51.49938778375963, -0.2285283448196017 51.49862285866964, -0.2264371004837211 51.499605506115095, -0.2268741669791541 51.50135309939341, -0.2294026346335058 51.50211806556904))",0,True,True,,8
89194ada6b3ffff,376,376-4,9,1,51.505830739254584,-0.2256569135206284,200.821,"POLYGON ((-0.2260940008447694 51.507578244373285, -0.2281855366100304 51.50659574554285, -0.2277483850395996 51.504848219110414, -0.2252198545538138 51.50408321185034, -0.2231284128090368 51.505065689940885, -0.2235654075299105 51.50681319602996, -0.2260940008447694 51.507578244373285))",7,True,True,,37
89194ada6b7ffff,376,376-5,9,1,51.503318161569005,-0.22269144643913016,200.821,"POLYGON ((-0.2231284128090368 51.505065689940885, -0.2252198545538138 51.50408321185034, -0.2247828239416553 51.50233566216374, -0.2222545084174435 51.501570610917405, -0.2201631606964624 51.50255306827331, -0.2206000344762623 51.504300597608754, -0.2231284128090368 51.505065689940885))",7,True,True,,20
89194ada6bbffff,376,376-6,9,1,51.50561318334236,-0.23027703789550064,200.821,"POLYGON ((-0.2307142820763125 51.50736070879889, -0.232805813120549 51.50637810453923, -0.2323685046964609 51.50463055777222, -0.2298398220821307 51.50386563559803, -0.2277483850395996 51.504848219110414, -0.2281855366100304 51.50659574554285, -0.2307142820763125 51.50736070879889))",7,True,True,,25
89194ada683ffff,390,390-0,9,1,51.51085569283607,-0.23158885555107805,200.821,"POLYGON ((-0.232026184850468 51.512603151410445, -0.2341179086467283 51.51162061108475, -0.2336805150929693 51.50987313119861, -0.2311515546272742 51.50910821196451, -0.2290599248448492 51.51009073153996, -0.2294971615146519 51.511838191098335, -0.232026184850468 51.512603151410445))",0,True,True,,2
89194ada687ffff,390,390-1,9,1,51.5083432496871,-0.22862271654420452,200.821,"POLYGON ((-0.2290599248448492 51.51009073153996, -0.2311515546272742 51.50910821196451, -0.2307142820763125 51.50736070879889, -0.2281855366100304 51.50659574554285, -0.2260940008447694 51.507578244373285, -0.2265311165289798 51.50932572720334, -0.2290599248448492 51.51009073153996))",0,True,True,,0
89194ada68bffff,390,390-2,9,1,51.510638007382525,-0.2362095979403661,200.821,"POLYGON ((-0.2366470841307785 51.51238548627908, -0.2387388031684469 51.51140284050926, -0.2383012527266778 51.509655340304185, -0.2357721401356013 51.50889050618647, -0.2336805150929693 51.50987313119861, -0.2341179086467283 51.51162061108475, -0.2366470841307785 51.51238548627908))",0,True,True,,7
89194ada68fffff,390,390-3,9,1,51.50812562901572,-0.23324314991849088,200.821,"POLYGON ((-0.2336805150929693 51.50987313119861, -0.2357721401356013 51.50889050618647, -0.2353347107137858 51.5071429826941, -0.232805813120549 51.50637810453923, -0.2307142820763125 51.50736070879889, -0.2311515546272742 51.50910821196451, -0.2336805150929693 51.50987313119861))",0,True,True,,3
89194ada693ffff,390,390-4,9,1,51.513585628359095,-0.22993442655636134,200.821,"POLYGON ((-0.2303717199726344 51.51533304331909, -0.2324635425281473 51.51435058768449, -0.232026184850468 51.512603151410445, -0.2294971615146519 51.511838191098335, -0.2274054329884061 51.51282062598492, -0.2278426337690525 51.51456804193022, -0.2303717199726344 51.51533304331909))",0,True,True,,3
89194ada697ffff,390,390-5,9,1,51.51107318774157,-0.22696826057595615,200.821,"POLYGON ((-0.2274054329884061 51.51282062598492, -0.2294971615146519 51.511838191098335, -0.2290599248448492 51.51009073153996, -0.2265311165289798 51.50932572720334, -0.2244394820353435 51.510308141347096, -0.2248765618253214 51.512055580568926, -0.2274054329884061 51.51282062598492))",0,True,True,,4
89194ada69bffff,390,390-6,9,1,51.51336806867101,-0.2345553305824509,200.821,"POLYGON ((-0.2349927809028458 51.515115503954206, -0.2370845987095838 51.514132942873076, -0.2366470841307785 51.51238548627908, -0.2341179086467283 51.51162061108475, -0.232026184850468 51.512603151410445, -0.2324635425281473 51.51435058768449, -0.2349927809028458 51.515115503954206))",0,True,True,,6
89195da59c3ffff,404,404-0,9,1,51.53204097430156,-0.2322162024223609,200.821,"POLYGON ((-0.2326537154320376 51.53378814476168, -0.234746215334571 51.532805965689136, -0.2343086380232008 51.53105877390882, -0.2317787178107063 51.53029378150894, -0.2296863119892767 51.531275939826784, -0.230123732299602 51.53302311129775, -0.2326537154320376 51.53378814476168))",0,True,True,,9
89195da59c7ffff,404,404-1,9,1,51.52952874602604,-0.22924892007054987,200.821,"POLYGON ((-0.2296863119892767 51.531275939826784, -0.2317787178107063 51.53029378150894, -0.2313412615943481 51.52854656638702, -0.2288115565407273 51.52778152989863, -0.2267192448037577 51.52876366746696, -0.2271565440362937 51.530510862271754, -0.2296863119892767 51.531275939826784))",0,True,True,,4
89195da59cbffff,404,404-2,9,1,51.531823723218686,-0.2368386807071128,200.821,"POLYGON ((-0.2372763507249405 51.533570913982615, -0.2393688458614803 51.53258862943169, -0.2389311115449815 51.530841417350835, -0.2364010390974445 51.53007651012004, -0.2343086380232008 51.53105877390882, -0.234746215334571 51.532805965689136, -0.2372763507249405 51.533570913982615))",0,True,True,,3
89195da59cfffff,404,404-3,9,1,51.52931155979641,-0.23387108911355525,200.821,"POLYGON ((-0.2343086380232008 51.53105877390882, -0.2364010390974445 51.53007651012004, -0.2359634258931728 51.528329274689725, -0.2334335686029294 51.52756432335516, -0.2313412615943481 51.52854656638702, -0.2317787178107063 51.53029378150894, -0.2343086380232008 51.53105877390882))",0,True,True,,0
89194ada043ffff,412,412-0,9,1,51.489666522162096,-0.23096197696198031,200.821,"POLYGON ((-0.231399122703296 51.491414268445354, -0.2334900709682352 51.490431367002316, -0.2330528610198261 51.48868359941579, -0.2305248595738077 51.487918753617016, -0.228434005255504 51.488901634314196, -0.2288710584369288 51.49064938155461, -0.231399122703296 51.491414268445354))",0,True,True,,0
89194ada047ffff,412,412-1,9,1,51.487153864814665,-0.22799698042081482,200.821,"POLYGON ((-0.228434005255504 51.488901634314196, -0.2305248595738077 51.487918753617016, -0.2300877705360722 51.486170962813205, -0.2275599839302072 51.485406073059075, -0.2254692235618298 51.48638893301565, -0.2259061558497529 51.48813670346555, -0.228434005255504 51.488901634314196))",0,True,True,,3
89194ada04bffff,412,412-2,9,1,51.489448402204125,-0.23558098475789668,200.821,"POLYGON ((-0.2360182872732641 51.49119616882795, -0.2381092307870394 51.49021316197504, -0.2376718640675554 51.48846537405121, -0.2351437106057405 51.48770061331616, -0.2330528610198261 51.48868359941579, -0.2334900709682352 51.490431367002316, -0.2360182872732641 51.49119616882795))",0,True,True,,0
89194ada053ffff,412,412-4,9,1,51.49239710653273,-0.22930813996783084,200.821,"POLYGON ((-0.229745249850885 51.49414480924542, -0.231836296800471 51.49316199246361, -0.231399122703296 51.491414268445354, -0.2288710584369288 51.49064938155461, -0.226780105449383 51.49163217759283, -0.2272171227665107 51.49337988126395, -0.229745249850885 51.49414480924542))",0,True,True,,12
89194ada057ffff,412,412-5,9,1,51.48988445165898,-0.22634311647802538,200.821,"POLYGON ((-0.226780105449383 51.49163217759283, -0.2288710584369288 51.49064938155461, -0.228434005255504 51.488901634314196, -0.2259061558497529 51.48813670346555, -0.2238152968275825 51.48911947876535, -0.2242521932461453 51.49086720565081, -0.226780105449383 51.49163217759283))",0,True,True,,5
89194ada05bffff,412,412-6,9,1,51.49217911232431,-0.23392730927618502,200.821,"POLYGON ((-0.2343645759463817 51.493926835378595, -0.2364556181545958 51.49294391318452, -0.2360182872732641 51.49119616882795, -0.2334900709682352 51.490431367002316, -0.231399122703296 51.491414268445354, -0.231836296800471 51.49316199246361, -0.2343645759463817 51.493926835378595))",0,True,True,,18
89194ada623ffff,418,418-0,9,1,51.49742221467157,-0.23523919438439014,200.821,"POLYGON ((-0.2356765461575958 51.499169870904, -0.2377677810212942 51.49818701261941, -0.2373303650259034 51.49643933508339, -0.2348018709815375 51.495674536162056, -0.2327107300732294 51.496657373692656, -0.2331479892542162 51.498405030897146, -0.2356765461575958 51.499169870904))",0,True,True,,1
89194ada627ffff,418,418-1,9,1,51.49490969421375,-0.23227349925622182,200.821,"POLYGON ((-0.2327107300732294 51.496657373692656, -0.2348018709815375 51.495674536162056, -0.2343645759463817 51.493926835378595, -0.231836296800471 51.49316199246361, -0.229745249850885 51.49414480924542, -0.2301823880888179 51.49589248968955, -0.2327107300732294 51.496657373692656))",0,True,True,,2
89194ada62bffff,418,418-2,9,1,51.49720409097089,-0.2398589813883126,200.821,"POLYGON ((-0.2402964899830011 51.4989517675293, -0.2423877200677672 51.497968803817635, -0.2419501472538986 51.49622110595888, -0.2394215011740541 51.49545639213312, -0.2373303650259034 51.49643933508339, -0.2377677810212942 51.49818701261941, -0.2402964899830011 51.4989517675293))",0,True,True,,0
89194ada62fffff,418,418-3,9,1,51.494691635270726,-0.23689297740456794,200.821,"POLYGON ((-0.2373303650259034 51.49643933508339, -0.2394215011740541 51.49545639213312, -0.2389840493375686 51.49370867101916, -0.2364556181545958 51.49294391318452, -0.2343645759463817 51.493926835378595, -0.2348018709815375 51.495674536162056, -0.2373303650259034 51.49643933508339))",0,True,True,,13
89194ada633ffff,418,418-4,9,1,51.500152665824096,-0.23358527680192465,200.821,"POLYGON ((-0.2340225927190165 51.50190027847043, -0.2361139263038978 51.50091750485618, -0.2356765461575958 51.499169870904, -0.2331479892542162 51.498405030897146, -0.2310567496401662 51.49938778375963, -0.2314939729589796 51.5011353973793, -0.2340225927190165 51.50190027847043))",0,True,True,,7
89194ada637ffff,418,418-5,9,1,51.49764014786201,-0.230619554684336,200.821,"POLYGON ((-0.2310567496401662 51.49938778375963, -0.2331479892542162 51.498405030897146, -0.2327107300732294 51.496657373692656, -0.2301823880888179 51.49589248968955, -0.228091242448909 51.49687522180551, -0.2285283448196017 51.49862285866964, -0.2310567496401662 51.49938778375963))",0,True,True,,2
89194ada63bffff,418,418-6,9,1,51.49993466787568,-0.2382052253934843,200.821,"POLYGON ((-0.2386426981451558 51.50168230084896, -0.240734026960879 51.50069942180522, -0.2402964899830011 51.4989517675293, -0.2377677810212942 51.49818701261941, -0.2356765461575958 51.499169870904, -0.2361139263038978 51.50091750485618, -0.2386426981451558 51.50168230084896))",0,True,True,,4
89194ada603ffff,422,422-0,9,1,51.505177499934256,-0.23951772879778752,200.821,"POLYGON ((-0.2399552867042011 51.50692506604002, -0.2420468082207314 51.505942250906706, -0.2416091860770378 51.504194663497074, -0.2390801992790225 51.50342991153623, -0.236988771726638 51.504412705907384, -0.2374262370084721 51.50616027300012, -0.2399552867042011 51.50692506604002))",0,True,True,,4
89194ada607ffff,422,422-1,9,1,51.502665116525044,-0.23655133482600416,200.821,"POLYGON ((-0.236988771726638 51.504412705907384, -0.2390801992790225 51.50342991153623, -0.2386426981451558 51.50168230084896, -0.2361139263038978 51.50091750485618, -0.2340225927190165 51.50190027847043, -0.2344599370082144 51.50364786883296, -0.236988771726638 51.504412705907384))",0,True,True,,0
89194ada60bffff,422,422-2,9,1,51.50495937240066,-0.2441382952191173,200.821,"POLYGON ((-0.2445760099944545 51.50670695881779, -0.2466675267042653 51.50572403824014, -0.2462297476946353 51.50397643052237, -0.2437006088414884 51.50321176368895, -0.2416091860770378 51.504194663497074, -0.2420468082207314 51.505942250906706, -0.2445760099944545 51.50670695881779))",0,True,True,,4
89194ada60fffff,422,422-3,9,1,51.50244705379554,-0.2411715923246704,200.821,"POLYGON ((-0.2416091860770378 51.504194663497074, -0.2437006088414884 51.50321176368895, -0.2432629508588786 51.5014641326858, -0.240734026960879 51.50069942180522, -0.2386426981451558 51.50168230084896, -0.2390801992790225 51.50342991153623, -0.2416091860770378 51.504194663497074))",0,True,True,,9
89194ada613ffff,422,422-4,9,1,51.507907817800096,-0.2378637306742457,200.821,"POLYGON ((-0.2383012527266778 51.509655340304185, -0.2403928730009413 51.50867260985033, -0.2399552867042011 51.50692506604002, -0.2374262370084721 51.50616027300012, -0.2353347107137858 51.5071429826941, -0.2357721401356013 51.50889050618647, -0.2383012527266778 51.509655340304185))",0,True,True,,5
89194ada617ffff,422,422-5,9,1,51.50539543690856,-0.23489730967223138,200.821,"POLYGON ((-0.2353347107137858 51.5071429826941, -0.2374262370084721 51.50616027300012, -0.236988771726638 51.504412705907384, -0.2344599370082144 51.50364786883296, -0.2323685046964609 51.50463055777222, -0.232805813120549 51.50637810453923, -0.2353347107137858 51.5071429826941))",0,True,True,,6
89194ada61bffff,422,422-6,9,1,51.50768981602135,-0.24248445875843505,200.821,"POLYGON ((-0.242922137692889 51.509437358837815, -0.2450137531702151 51.50845452293719, -0.2445760099944545 51.50670695881779, -0.2420468082207314 51.505942250906706, -0.2399552867042011 51.50692506604002, -0.2403928730009413 51.50867260985033, -0.242922137692889 51.509437358837815))",0,True,True,,0
89194ada6c3ffff,441,441-0,9,1,51.51293237756379,-0.24379758076286157,200.821,"POLYGON ((-0.2442353449037955 51.514679853466994, -0.2463271531272152 51.513697081477716, -0.2458893247338925 51.511949584270276, -0.2433598450267825 51.51118487935303, -0.2412681307762803 51.51216763057199, -0.2417058022603088 51.51391510747711, -0.2442353449037955 51.514679853466994))",0,True,True,,0
89194ada6c7ffff,441,441-1,9,1,51.51042013136201,-0.24083048769072257,200.821,"POLYGON ((-0.2412681307762803 51.51216763057199, -0.2433598450267825 51.51118487935303, -0.242922137692889 51.509437358837815, -0.2403928730009413 51.50867260985033, -0.2383012527266778 51.509655340304185, -0.2387388031684469 51.51140284050926, -0.2412681307762803 51.51216763057199))",0,True,True,,0
89194ada6cbffff,441,441-2,9,1,51.51271424610693,-0.24841892681100966,200.821,"POLYGON ((-0.2488568478683643 51.51446174230691, -0.2509486512572431 51.513478864856026, -0.2505106659505359 51.51173134735508, -0.2479810341686606 51.510966727597115, -0.2458893247338925 51.511949584270276, -0.2463271531272152 51.513697081477716, -0.2488568478683643 51.51446174230691))",0,True,True,,8
89194ada6cfffff,441,441-3,9,1,51.51020206475575,-0.2454515247491294,200.821,"POLYGON ((-0.2458893247338925 51.511949584270276, -0.2479810341686606 51.510966727597115, -0.2475431699385701 51.509219186780626, -0.2450137531702151 51.50845452293719, -0.242922137692889 51.509437358837815, -0.2433598450267825 51.51118487935303, -0.2458893247338925 51.511949584270276))",0,True,True,,0
89194ada6d3ffff,441,441-4,9,1,51.51566256207424,-0.2421435021454773,200.821,"POLYGON ((-0.2425812304346038 51.51740999436029, -0.2446731374523207 51.51642730705953, -0.2442353449037955 51.514679853466994, -0.2417058022603088 51.51391510747711, -0.2396139892309204 51.5148977740098, -0.240051624857029 51.516645207299014, -0.2425812304346038 51.51740999436029))",0,True,True,,4
89194ada6d7ffff,441,441-5,9,1,51.51315031841217,-0.2391763820022776,200.821,"POLYGON ((-0.2396139892309204 51.5148977740098, -0.2417058022603088 51.51391510747711, -0.2412681307762803 51.51216763057199, -0.2387388031684469 51.51140284050926, -0.2366470841307785 51.51238548627908, -0.2370845987095838 51.514132942873076, -0.2396139892309204 51.5148977740098))",0,True,True,,0
89194ada6dbffff,441,441-6,9,1,51.515444556374895,-0.24676500993180292,200.821,"POLYGON ((-0.2472028951504131 51.517192008958695, -0.2492947973433896 51.51620921619394, -0.2488568478683643 51.51446174230691, -0.2463271531272152 51.513697081477716, -0.2442353449037955 51.514679853466994, -0.2446731374523207 51.51642730705953, -0.2472028951504131 51.517192008958695))",0,True,True,,11
89194ada283ffff,458,458-0,9,1,51.491742552437195,-0.24316608971467632,200.821,"POLYGON ((-0.2436036699714515 51.49349031614823, -0.2456947026112497 51.49250718311458, -0.2452570581493721 51.490759398107805, -0.2427285378403645 51.48999476645395, -0.2406375991062987 51.490977878721715, -0.2410750867758546 51.492725643407795, -0.2436036699714515 51.49349031614823))",0,True,True,,5
89194ada287ffff,458,458-1,9,1,51.48923009176611,-0.2402001398127507,200.821,"POLYGON ((-0.2406375991062987 51.490977878721715, -0.2427285378403645 51.48999476645395, -0.2422910143457362 51.488246958201614, -0.239762708892544 51.487482282544114, -0.2376718640675554 51.48846537405121, -0.2381092307870394 51.49021316197504, -0.2406375991062987 51.490977878721715))",0,True,True,,0
89194ada28bffff,458,458-2,9,1,51.49152398672077,-0.24778570073880857,200.821,"POLYGON ((-0.2482234377949871 51.49327177074697, -0.2503144656077388 51.49228853228601, -0.2498766643494685 51.490540726967374, -0.2473479920751839 51.48977618042012, -0.2452570581493721 51.490759398107805, -0.2456947026112497 51.49250718311458, -0.2482234377949871 51.49327177074697))",0,True,True,,0
89194ada28fffff,458,458-3,9,1,51.48901159082924,-0.24481944207360778,200.821,"POLYGON ((-0.2452570581493721 51.490759398107805, -0.2473479920751839 51.48977618042012, -0.2469103118013225 51.488028351848115, -0.2443818543812382 51.48726376128205, -0.2422910143457362 51.488246958201614, -0.2427285378403645 51.48999476645395, -0.2452570581493721 51.490759398107805))",0,True,True,,1
89194ada293ffff,458,458-4,9,1,51.49447338582125,-0.24151260282416728,200.821,"POLYGON ((-0.2419501472538986 51.49622110595888, -0.2440412786133369 51.495238057583904, -0.2436036699714515 51.49349031614823, -0.2410750867758546 51.492725643407795, -0.2389840493375686 51.49370867101916, -0.2394215011740541 51.49545639213312, -0.2419501472538986 51.49622110595888))",0,True,True,,19
89194ada297ffff,458,458-5,9,1,51.49196092763207,-0.23854662587613806,200.821,"POLYGON ((-0.2389840493375686 51.49370867101916, -0.2410750867758546 51.492725643407795, -0.2406375991062987 51.490977878721715, -0.2381092307870394 51.49021316197504, -0.2360182872732641 51.49119616882795, -0.2364556181545958 51.49294391318452, -0.2389840493375686 51.49370867101916))",0,True,True,,6
89194ada29bffff,458,458-6,9,1,51.49425494584646,-0.2461323754619544,200.821,"POLYGON ((-0.2465700767041643 51.49600268630027, -0.2486612032463672 51.49501953249557, -0.2482234377949871 51.49327177074697, -0.2456947026112497 51.49250718311458, -0.2436036699714515 51.49349031614823, -0.2440412786133369 51.495238057583904, -0.2465700767041643 51.49600268630027))",0,True,True,,8
89195da5827ffff,459,459-1,9,1,51.53160628148198,-0.24146130645523373,200.821,"POLYGON ((-0.2418991334852775 51.533353492540904, -0.2439916238271847 51.53237110250654, -0.2435537325014749 51.53062387013397, -0.2410235078434249 51.52985904808606, -0.2389311115449815 51.530841417350835, -0.2393688458614803 51.53258862943169, -0.2418991334852775 51.533353492540904))",0,True,True,,2
89195da582fffff,459,459-3,9,1,51.53138864907254,-0.24608407961353873,200.821,"POLYGON ((-0.2465220636598887 51.53313588041759, -0.248614549178577 51.53215338489479, -0.2481765008395642 51.53040613223932, -0.2456461239955151 51.529641395388154, -0.2435537325014749 51.53062387013397, -0.2439916238271847 51.53237110250654, -0.2465220636598887 51.53313588041759))",0,True,True,,1
8a195da4b507fff,206,206-4-0,10,2,51.51302207034759,-0.18538954818511896,75.864,"POLYGON ((-0.1852152278282064 51.51366149761111, -0.1861739408012495 51.513490474953436, -0.1863482513402587 51.51285104254145, -0.1855638649011264 51.51238263823009, -0.1846051736998698 51.51255366170511, -0.1844308471662855 51.51319308867412, -0.1852152278282064 51.51366149761111))",0,True,True,,0
8a195da4b50ffff,206,206-4-1,10,2,51.51191422988225,-0.18477949659247755,75.864,"POLYGON ((-0.1846051736998698 51.51255366170511, -0.1855638649011264 51.51238263823009, -0.1857381779763327 51.51174320125871, -0.1849538158442231 51.51127479320556, -0.1839951464139951 51.511445817498256, -0.1838208173451543 51.51208524902643, -0.1846051736998698 51.51255366170511))",0,True,True,,0
8a195da4b517fff,206,206-4-2,10,2,51.513319442816,-0.18713265591019193,75.864,"POLYGON ((-0.1869583515485889 51.513958875522334, -0.1879170786112992 51.513787839053336, -0.1880913731545371 51.51314840119867, -0.1873069566311573 51.512680005255646, -0.1863482513402587 51.51285104254145, -0.1861739408012495 51.513490474953436, -0.1869583515485889 51.513958875522334))",0,True,True,,14
8a195da4b51ffff,206,206-4-3,10,2,51.512211605275525,-0.18652255823853842,75.864,"POLYGON ((-0.1863482513402587 51.51285104254145, -0.1873069566311573 51.512680005255646, -0.1874812537115841 51.51204056284135, -0.1866968614962133 51.51157216315579, -0.1857381779763327 51.51174320125871, -0.1855638649011264 51.51238263823009, -0.1863482513402587 51.51285104254145))",0,True,True,,8
8a195da4b527fff,206,206-4-4,10,2,51.5138325107891,-0.18425651699160991,75.864,"POLYGON ((-0.1840821831757438 51.514471928049936, -0.1850409038302841 51.514300920020524, -0.1852152278282064 51.51366149761111, -0.1844308471662855 51.51319308867412, -0.1834721482842751 51.51336409752116, -0.1832978082919924 51.51400351448751, -0.1840821831757438 51.514471928049936))",0,True,True,,0
8a195da4b52ffff,206,206-4-5,10,2,51.51272467570076,-0.18364648463530622,75.864,"POLYGON ((-0.1834721482842751 51.51336409752116, -0.1844308471662855 51.51319308867412, -0.1846051736998698 51.51255366170511, -0.1838208173451543 51.51208524902643, -0.182862140234936 51.51225625869139, -0.1826877977079574 51.51289568021709, -0.1834721482842751 51.51336409752116))",0,True,True,,2
8a195da4b537fff,206,206-4-6,10,2,51.514129902511364,-0.18599962662140643,75.864,"POLYGON ((-0.18582530880062 51.51476932521509, -0.1867840435462234 51.51459830337451, -0.1869583515485889 51.513958875522334, -0.1861739408012495 51.513490474953436, -0.1852152278282064 51.51366149761111, -0.1850409038302841 51.514300920020524, -0.18582530880062 51.51476932521509))",0,True,True,,0
8a195da4b587fff,206,206-6-0,10,2,51.51280628952391,-0.19000881404726638,75.864,"POLYGON ((-0.1898345391411851 51.51344573767503, -0.1907932726072963 51.513274672765505, -0.190967537694581 51.512635219466304, -0.1901830853132373 51.512166836518894, -0.1892243736181838 51.512337902244454, -0.1890500925337274 51.512977350101345, -0.1898345391411851 51.51344573767503))",0,True,True,,2
8a195da4b58ffff,206,206-6-1,10,2,51.511698449533725,-0.18939865106246345,75.864,"POLYGON ((-0.1892243736181838 51.512337902244454, -0.1901830853132373 51.512166836518894, -0.1903573529392481 51.51152737866006, -0.1895729248666963 51.5110589919693, -0.1886142349419272 51.51123005851115, -0.1884399513197519 51.51186951092746, -0.1892243736181838 51.512337902244454))",0,True,True,,1
8a195da4b597fff,206,206-6-2,10,2,51.51310359837556,-0.19175200820682198,75.864,"POLYGON ((-0.1915777492986263 51.51374305196881, -0.1925364968502976 51.51357197324636, -0.1927107459392351 51.51293251450515, -0.1919262634751698 51.51246413992836, -0.190967537694581 51.512635219466304, -0.1907932726072963 51.513274672765505, -0.1915777492986263 51.51374305196881))",0,True,True,,0
8a195da4b59ffff,206,206-6-3,10,2,51.511995761313216,-0.1911417991419465,75.864,"POLYGON ((-0.190967537694581 51.512635219466304, -0.1919262634751698 51.51246413992836, -0.1921005151037946 51.51182467662729, -0.1913160569495226 51.51135629830635, -0.1903573529392481 51.51152737866006, -0.1901830853132373 51.512166836518894, -0.190967537694581 51.512635219466304))",0,True,True,,0
8a195da4b5a7fff,206,206-6-4,10,2,51.51361679310428,-0.18887580780900023,75.864,"POLYGON ((-0.1887015194438825 51.51425623125313, -0.1896602605948892 51.51408518097209, -0.1898345391411851 51.51344573767503, -0.1890500925337274 51.512977350101345, -0.1880913731545371 51.51314840119867, -0.1879170786112992 51.513787839053336, -0.1887015194438825 51.51425623125313))",0,True,True,,2
8a195da4b5affff,206,206-6-5,10,2,51.51250895849001,-0.18826566405731315,75.864,"POLYGON ((-0.1880913731545371 51.51314840119867, -0.1890500925337274 51.512977350101345, -0.1892243736181838 51.512337902244454, -0.1884399513197519 51.51186951092746, -0.1874812537115841 51.51204056284135, -0.1873069566311573 51.512680005255646, -0.1880913731545371 51.51314840119867))",0,True,True,,10
8a195da4b5b7fff,206,206-6-6,10,2,51.513914121210675,-0.19061900387999306,75.864,"POLYGON ((-0.1904447315125569 51.51455356480177, -0.191403486750494 51.51438250070797, -0.1915777492986263 51.51374305196881, -0.1907932726072963 51.513274672765505, -0.1898345391411851 51.51344573767503, -0.1896602605948892 51.51408518097209, -0.1904447315125569 51.51455356480177))",0,True,True,,3
8a195da4a247fff,223,223-1-0,10,2,51.515535092988095,-0.18835293179203275,75.864,"POLYGON ((-0.1881786325050715 51.51617451657398, -0.1891374031136901 51.516003481737805, -0.1893116925812664 51.515364053003594, -0.1885272274382649 51.514895664547765, -0.1875684786029948 51.51506670020021, -0.187394173137694 51.51570612349218, -0.1881786325050715 51.51617451657398))",0,True,True,,7
8a195da4a24ffff,223,223-1-1,10,2,51.51442727205389,-0.18774278042748996,75.864,"POLYGON ((-0.1875684786029948 51.51506670020021, -0.1885272274382649 51.514895664547765, -0.1887015194438825 51.51425623125313, -0.1879170786112992 51.513787839053336, -0.1869583515485889 51.513958875522334, -0.1867840435462234 51.51459830337451, -0.1875684786029948 51.51506670020021))",0,True,True,,0
8a195da4a257fff,223,223-1-2,10,2,51.51583243742102,-0.19009617585681185,75.864,"POLYGON ((-0.1899218925683096 51.51647186644895, -0.1908806772652642 51.51630081779965, -0.1910549507339249 51.51566138362352, -0.1902704555048628 51.51519300353857, -0.1893116925812664 51.515364053003594, -0.1891374031136901 51.516003481737805, -0.1899218925683096 51.51647186644895))",0,True,True,,8
8a195da4a25ffff,223,223-1-3,10,2,51.514724619414984,-0.1894859784082946,75.864,"POLYGON ((-0.1893116925812664 51.515364053003594, -0.1902704555048628 51.51519300353857, -0.1904447315125569 51.51455356480177, -0.1896602605948892 51.51408518097209, -0.1887015194438825 51.51425623125313, -0.1885272274382649 51.514895664547765, -0.1893116925812664 51.515364053003594))",0,True,True,,2
8a195da4a267fff,223,223-1-4,10,2,51.516345541929645,-0.18721986403148327,75.864,"POLYGON ((-0.1870455512842787 51.51698495551251, -0.1880043295772871 51.516813935305294, -0.1881786325050715 51.51617451657398, -0.187394173137694 51.51570612349218, -0.1864354166187672 51.515877144515926, -0.1862610976934781 51.516516557804906, -0.1870455512842787 51.51698495551251))",0,True,True,,6
8a195da4a26ffff,223,223-1-5,10,2,51.51523772637242,-0.18660973190298596,75.864,"POLYGON ((-0.1864354166187672 51.515877144515926, -0.187394173137694 51.51570612349218, -0.1875684786029948 51.51506670020021, -0.1867840435462234 51.51459830337451, -0.18582530880062 51.51476932521509, -0.1856509873387962 51.51540874306449, -0.1864354166187672 51.515877144515926))",0,True,True,,0
8a195da4a277fff,223,223-1-6,10,2,51.516642905617466,-0.1889631100054817,75.864,"POLYGON ((-0.1887888132564909 51.51728232464249, -0.1897476056392162 51.517111290622296, -0.1899218925683096 51.51647186644895, -0.1891374031136901 51.516003481737805, -0.1881786325050715 51.51617451657398, -0.1880043295772871 51.516813935305294, -0.1887888132564909 51.51728232464249))",0,True,True,,4
8a195da4a2c7fff,223,223-3-0,10,2,51.51531924758589,-0.19297250688793469,75.864,"POLYGON ((-0.1927982530593985 51.51595869205819, -0.1937570441555241 51.515787614965845, -0.1939312881637772 51.5151481653456, -0.193146757076542 51.51467979825921, -0.1921879877530304 51.514850876166484, -0.1920137277444663 51.51549032034516, -0.1927982530593985 51.51595869205819))",0,True,True,,6
8a195da4a2cffff,223,223-3-1,10,2,51.514211427133496,-0.1923622441216145,75.864,"POLYGON ((-0.1921879877530304 51.514850876166484, -0.193146757076542 51.51467979825921, -0.1933210036253455 51.51404034407828, -0.1925364968502976 51.51357197324636, -0.1915777492986263 51.51374305196881, -0.191403486750494 51.51438250070797, -0.1921879877530304 51.514850876166484))",0,True,True,,0
8a195da4a2d7fff,223,223-3-2,10,2,51.515616528392265,-0.1947158373836472,75.864,"POLYGON ((-0.1945415995561666 51.51625597830597, -0.1955004047364844 51.516084887398904, -0.1956746327432561 51.51544543233735, -0.1948900715714872 51.51497707362414, -0.1939312881637772 51.5151481653456, -0.1937570441555241 51.515787614965845, -0.1945415995561666 51.51625597830597))",0,True,True,,7
8a195da4a2dffff,223,223-3-3,10,2,51.51450871087099,-0.19410552853228252,75.864,"POLYGON ((-0.1939312881637772 51.5151481653456, -0.1948900715714872 51.51497707362414, -0.1950643021197604 51.51433761400172, -0.1942797652611955 51.51386925154216, -0.1933210036253455 51.51404034407828, -0.193146757076542 51.51467979825921, -0.1939312881637772 51.5151481653456))",0,True,True,,8
8a195da4a2e7fff,223,223-3-4,10,2,51.516129759669425,-0.19183946409580796,75.864,"POLYGON ((-0.1916651968069202 51.51676919413916, -0.1926239955908497 51.516598131676, -0.1927982530593985 51.51595869205819, -0.1920137277444663 51.51549032034516, -0.1910549507339249 51.51566138362352, -0.1908806772652642 51.51630081779965, -0.1916651968069202 51.51676919413916))",0,True,True,,1
8a195da4a2effff,223,223-3-5,10,2,51.515021944592895,-0.19122922056228978,75.864,"POLYGON ((-0.1910549507339249 51.51566138362352, -0.1920137277444663 51.51549032034516, -0.1921879877530304 51.514850876166484, -0.191403486750494 51.51438250070797, -0.1904447315125569 51.51455356480177, -0.1902704555048628 51.51519300353857, -0.1910549507339249 51.51566138362352))",0,True,True,,5
8a195da4a2f7fff,223,223-3-6,10,2,51.516427059731626,-0.19358279650742893,75.864,"POLYGON ((-0.1934085452193671 51.51706649964284, -0.1943673580888849 51.516895423365106, -0.1945415995561666 51.51625597830597, -0.1937570441555241 51.515787614965845, -0.1927982530593985 51.51595869205819, -0.1926239955908497 51.516598131676, -0.1934085452193671 51.51706649964284))",0,True,True,,0
8a194ada4a47fff,243,243-1-0,10,2,51.502106076495494,-0.1920123759818179,75.864,"POLYGON ((-0.1918381531267661 51.502745601999116, -0.1927967175667766 51.50257445905596, -0.1929709306062884 51.50193492840479, -0.1921865951984796 51.50146654613999, -0.1912280525211155 51.50163768989958, -0.1910538234892553 51.5022772151075, -0.1918381531267661 51.502745601999116))",0,True,True,,5
8a194ada4a4ffff,243,243-1-1,10,2,51.50099815983985,-0.19140227791451403,75.864,"POLYGON ((-0.1912280525211155 51.50163768989958, -0.1921865951984796 51.50146654613999, -0.192360810776835 51.500827010932724, -0.1915764996695501 51.50035862492846, -0.1906179787541156 51.50052976950474, -0.1904437471843626 51.50116929926854, -0.1912280525211155 51.50163768989958))",0,True,True,,3
8a194ada4a57fff,243,243-1-2,10,2,51.502403306633894,-0.1937552841383187,75.864,"POLYGON ((-0.1935810772763442 51.5030428375806, -0.1945396557948975 51.50287168082695, -0.1947138528408555 51.50223214473283, -0.1939294873621351 51.50176377083528, -0.1929709306062884 51.50193492840479, -0.1927967175667766 51.50257445905596, -0.1935810772763442 51.5030428375806))",0,True,True,,1
8a194ada4a5ffff,243,243-1-3,10,2,51.501295392901774,-0.19314514000757568,75.864,"POLYGON ((-0.1929709306062884 51.50193492840479, -0.1939294873621351 51.50176377083528, -0.1941036869479538 51.50112423018483, -0.1933193457707835 51.50065585254703, -0.192360810776835 51.500827010932724, -0.1921865951984796 51.50146654613999, -0.1929709306062884 51.50193492840479))",0,True,True,,8
8a194ada4a67fff,243,243-1-4,10,2,51.502916735463494,-0.19087959081880887,75.864,"POLYGON ((-0.1907053545096768 51.50355625096745, -0.1916639266332148 51.50338512265074, -0.1918381531267661 51.502745601999116, -0.1910538234892553 51.5022772151075, -0.1900952731291325 51.50244834424089, -0.1899210306434366 51.50308785944918, -0.1907053545096768 51.50355625096745))",0,True,True,,4
8a194ada4a6ffff,243,243-1-5,10,2,51.50180882418064,-0.19026951197608158,75.864,"POLYGON ((-0.1900952731291325 51.50244834424089, -0.1910538234892553 51.5022772151075, -0.1912280525211155 51.50163768989958, -0.1904437471843626 51.50116929926854, -0.1894852185869074 51.5013404292189, -0.1893109735638738 51.50197994898328, -0.1900952731291325 51.50244834424089))",0,True,True,,13
8a194ada4a77fff,243,243-1-6,10,2,51.503213984855165,-0.19262250088894103,75.864,"POLYGON ((-0.1924482805726672 51.503853505802255, -0.1934068667761122 51.50368236367523, -0.1935810772763442 51.5030428375806, -0.1927967175667766 51.50257445905596, -0.1918381531267661 51.502745601999116, -0.1916639266332148 51.50338512265074, -0.1924482805726672 51.503853505802255))",0,True,True,,2
8a194ada4847fff,256,256-1-0,10,2,51.50986126073436,-0.19628381405963347,75.864,"POLYGON ((-0.196109608985095 51.51050075433351, -0.1970683257853291 51.51032961709734, -0.1972425210407876 51.509690118350676, -0.196458015495496 51.50922176228187, -0.1954993204633191 51.509392900332465, -0.1953251092086723 51.51003239363743, -0.196109608985095 51.51050075433351))",0,True,True,,6
8a194ada484ffff,256,256-1-1,10,2,51.50875340217425,-0.19567352807921845,75.864,"POLYGON ((-0.1954993204633191 51.509392900332465, -0.196458015495496 51.50922176228187, -0.1966322132928124 51.508582258976155, -0.1958477320565001 51.50811389916292, -0.1948890587916024 51.508285038028255, -0.194714844996064 51.508924535892035, -0.1954993204633191 51.509392900332465))",0,True,True,,4
8a194ada4857fff,256,256-1-2,10,2,51.51015847038039,-0.19802704471537974,75.864,"POLYGON ((-0.1978528556407742 51.510797969421084, -0.1988115865196504 51.5106268183706, -0.1989857657747045 51.50998731418253, -0.1982012301515824 51.50951896648632, -0.1972425210407876 51.509690118350676, -0.1970683257853291 51.51032961709734, -0.1978528556407742 51.510797969421084))",0,True,True,,5
8a194ada485ffff,256,256-1-3,10,2,51.50905061475073,-0.19741671265773073,75.864,"POLYGON ((-0.1972425210407876 51.509690118350676, -0.1982012301515824 51.50951896648632, -0.1983754119495017 51.508879457739, -0.197590900636319 51.50841110629763, -0.1966322132928124 51.508582258976155, -0.196458015495496 51.50922176228187, -0.1972425210407876 51.509690118350676))",0,True,True,,11
8a194ada4867fff,256,256-1-4,10,2,51.51067188208902,-0.19515089431519417,75.864,"POLYGON ((-0.1949766757827547 51.51131136568712, -0.1959354002717866 51.51114024307924, -0.196109608985095 51.51050075433351, -0.1953251092086723 51.51003239363743, -0.1943664064884464 51.510203517060006, -0.1941921817761585 51.51084300036395, -0.1949766757827547 51.51131136568712))",0,True,True,,0
8a194ada486ffff,256,256-1-5,10,2,51.50956402890267,-0.1945406275617118,75.864,"POLYGON ((-0.1943664064884464 51.510203517060006, -0.1953251092086723 51.51003239363743, -0.1954993204633191 51.509392900332465, -0.194714844996064 51.508924535892035, -0.1937561640438812 51.5090956601296, -0.1935819367912213 51.50973514799257, -0.1943664064884464 51.510203517060006))",0,True,True,,7
8a194ada4877fff,256,256-1-6,10,2,51.51096911099058,-0.1968941268913122,75.864,"POLYGON ((-0.1967199243585764 51.51160860003028, -0.1976786629276409 51.511437463608274, -0.1978528556407742 51.510797969421084, -0.1970683257853291 51.51032961709734, -0.196109608985095 51.51050075433351, -0.1959354002717866 51.51114024307924, -0.1967199243585764 51.51160860003028))",0,True,True,,0
8a195da4a687fff,274,274-2-0,10,2,51.51991244165448,-0.20814173104414446,75.864,"POLYGON ((-0.207967610354254 51.520551920523374, -0.2089265576334951 51.52038073451345, -0.2091006684983652 51.51974125049763, -0.2083158480960978 51.519272957930454, -0.2073569225911336 51.51944414475035, -0.2071827957144863 51.52008362332743, -0.207967610354254 51.520551920523374))",0,True,True,,4
8a195da4a68ffff,274,274-2-1,10,2,51.51880466131818,-0.207531045829767,75.864,"POLYGON ((-0.2073569225911336 51.51944414475035, -0.2083158480960978 51.519272957930454, -0.2084899615102082 51.51863346935134, -0.207705165430501 51.518165173031036, -0.2067462616990559 51.518336360661195, -0.2065721322741253 51.51897584380136, -0.2073569225911336 51.51944414475035))",7,True,True,,21
8a195da4a697fff,274,274-2-2,10,2,51.520209539019426,-0.209885507036881,75.864,"POLYGON ((-0.2097114023594921 51.52084902332684, -0.2106703637120284 51.52067782349539, -0.2108444585638999 51.52003833404117, -0.2100596080765805 51.519570049856775, -0.2091006684983652 51.51974125049763, -0.2089265576334951 51.52038073451345, -0.2097114023594921 51.52084902332684))",0,True,True,,0
8a195da4a69ffff,274,274-2-3,10,2,51.5191017616267,-0.20927477572546915,75.864,"POLYGON ((-0.2091006684983652 51.51974125049763, -0.2100596080765805 51.519570049856775, -0.2102337054787052 51.51893055583903, -0.2094488793149266 51.51846226790076, -0.2084899615102082 51.51863346935134, -0.2083158480960978 51.519272957930454, -0.2091006684983652 51.51974125049763))",0,True,True,,0
8a195da4a6a7fff,274,274-2-4,10,2,51.52072309704929,-0.2070086651997053,75.864,"POLYGON ((-0.2068345310466709 51.52136256591582, -0.2077934860263065 51.521191394536935, -0.207967610354254 51.520551920523374, -0.2071827957144863 51.52008362332743, -0.2062238625098974 51.52025479551652, -0.2060497221703762 51.52089426409129, -0.2068345310466709 51.52136256591582))",0,True,True,,0
8a195da4a6affff,274,274-2-5,10,2,51.519615322086494,-0.20639799921111912,75.864,"POLYGON ((-0.2062238625098974 51.52025479551652, -0.2071827957144863 51.52008362332743, -0.2073569225911336 51.51944414475035, -0.2065721322741253 51.51897584380136, -0.2056132208437897 51.51914701680097, -0.205439077956556 51.51978648993902, -0.2062238625098974 51.52025479551652))",0,True,True,,3
8a195da4a6b7fff,274,274-2-6,10,2,51.52102021367398,-0.20875244313075436,75.864,"POLYGON ((-0.2085783249900336 51.521659687979124, -0.2095372940443146 51.521488502778915, -0.2097114023594921 51.52084902332684, -0.2089265576334951 51.52038073451345, -0.207967610354254 51.520551920523374, -0.2077934860263065 51.521191394536935, -0.2085783249900336 51.521659687979124))",0,True,True,,5
8a195da4a6c7fff,274,274-3-0,10,2,51.51739974721456,-0.20517674784304168,75.864,"POLYGON ((-0.2050026060467514 51.51803922977029, -0.2059614957035814 51.517868055959866, -0.2061356276763532 51.517228568257046, -0.2053508860012278 51.51676025980407, -0.2043920181171251 51.5169314344256, -0.2042178701357214 51.51757091668896, -0.2050026060467514 51.51803922977029))",0,True,True,,12
8a195da4a6cffff,274,274-3-1,10,2,51.51629194730763,-0.20456616246031215,75.864,"POLYGON ((-0.2043920181171251 51.5169314344256, -0.2053508860012278 51.51676025980407, -0.2055250205213885 51.516120767539036, -0.2047403031654327 51.515652455335136, -0.2037814570532537 51.51582363076803, -0.2036073065254331 51.516463117593396, -0.2043920181171251 51.5169314344256))",0,True,True,,6
8a195da4a6d7fff,274,274-3-2,10,2,51.51769687266616,-0.20692038748599,75.864,"POLYGON ((-0.2067462616990559 51.518336360661195, -0.207705165430501 51.518165173031036, -0.20787928139344 51.517525679889054, -0.2070945096350676 51.517057379816364, -0.2061356276763532 51.517228568257046, -0.2059614957035814 51.517868055959866, -0.2067462616990559 51.518336360661195))",0,True,True,,11
8a195da4a6dffff,274,274-3-3,10,2,51.51658907569955,-0.20630975601115603,75.864,"POLYGON ((-0.2061356276763532 51.517228568257046, -0.2070945096350676 51.517057379816364, -0.2072686281463777 51.51641788211192, -0.2064838807081452 51.515949578287525, -0.2055250205213885 51.516120767539036, -0.2053508860012278 51.51676025980407, -0.2061356276763532 51.517228568257046))",0,True,True,,12
8a195da4a6e7fff,274,274-3-4,10,2,51.518210394097544,-0.2040437185160017,75.864,"POLYGON ((-0.2038695632578923 51.518849866651294, -0.2048284606122014 51.5186787074712, -0.2050026060467514 51.51803922977029, -0.2042178701357214 51.51757091668896, -0.2032589945548634 51.51774207668038, -0.2030848331119054 51.51838154894175, -0.2038695632578923 51.518849866651294))",0,True,True,,8
8a195da4a6effff,274,274-3-5,10,2,51.51710259956423,-0.20343315235935483,75.864,"POLYGON ((-0.2032589945548634 51.51774207668038, -0.2042178701357214 51.51757091668896, -0.2043920181171251 51.5169314344256, -0.2036073065254331 51.516463117593396, -0.2026484527173092 51.51663427839646, -0.2024742887284644 51.517273755220046, -0.2032589945548634 51.51774207668038))",0,True,True,,1
8a195da4a6f7fff,274,274-3-6,10,2,51.518507538807874,-0.2057873600927718,75.864,"POLYGON ((-0.2056132208437897 51.51914701680097, -0.2065721322741253 51.51897584380136, -0.2067462616990559 51.518336360661195, -0.2059614957035814 51.517868055959866, -0.2050026060467514 51.51803922977029, -0.2048284606122014 51.5186787074712, -0.2056132208437897 51.51914701680097))",0,True,True,,3
8a194ada4d07fff,308,308-4-0,10,2,51.51718326588429,-0.20979707558132982,75.864,"POLYGON ((-0.2096229792668369 51.51782276931992, -0.210581889370648 51.51765155323874, -0.2107559758607052 51.51701204465641, -0.2099711682584894 51.51654375759402, -0.2090122799266628 51.51671497448494, -0.2088381774253888 51.51735447762847, -0.2096229792668369 51.51782276931992))",0,True,True,,4
8a194ada4d0ffff,308,308-4-1,10,2,51.51607546648686,-0.20918637879054697,75.864,"POLYGON ((-0.2090122799266628 51.51671497448494, -0.2099711682584894 51.51654375759402, -0.2101452572984506 51.51590424444925, -0.209360474017156 51.515435953634324, -0.2084016074565612 51.51560717133526, -0.2082275024063401 51.516246679041046, -0.2090122799266628 51.51671497448494))",0,True,True,,4
8a194ada4d17fff,308,308-4-2,10,2,51.51748032767366,-0.21154080159753177,75.864,"POLYGON ((-0.2113667212949849 51.51811983654788, -0.2123256454693113 51.517948606645405, -0.2124997159469358 51.517309092624586, -0.2117148782630033 51.51684081394473, -0.2107559758607052 51.51701204465641, -0.210581889370648 51.51765155323874, -0.2113667212949849 51.51811983654788))",0,True,True,,0
8a194ada4d1ffff,308,308-4-3,10,2,51.516372531219496,-0.21093005871361553,75.864,"POLYGON ((-0.2107559758607052 51.51701204465641, -0.2117148782630033 51.51684081394473, -0.2118889512915448 51.51620129536123, -0.2111041379295188 51.51573301292807, -0.2101452572984506 51.51590424444925, -0.2099711682584894 51.51654375759402, -0.2107559758607052 51.51701204465641))",0,True,True,,0
8a194ada4d27fff,308,308-4-4,10,2,51.517993975917314,-0.20866407128661563,75.864,"POLYGON ((-0.2084899615102082 51.51863346935134, -0.2094488793149266 51.51846226790076, -0.2096229792668369 51.51782276931992, -0.2088381774253888 51.51735447762847, -0.20787928139344 51.517525679889054, -0.207705165430501 51.518165173031036, -0.2084899615102082 51.51863346935134))",0,True,True,,5
8a194ada4d2ffff,308,308-4-5,10,2,51.516886181892346,-0.20805339371868317,75.864,"POLYGON ((-0.20787928139344 51.517525679889054, -0.2088381774253888 51.51735447762847, -0.2090122799266628 51.51671497448494, -0.2082275024063401 51.516246679041046, -0.2072686281463777 51.51641788211192, -0.2070945096350676 51.517057379816364, -0.20787928139344 51.517525679889054))",0,True,True,,1
8a194ada4d37fff,308,308-4-6,10,2,51.518291056966305,-0.21040779924335956,75.864,"POLYGON ((-0.2102337054787052 51.51893055583903, -0.211192637355289 51.51875934056729, -0.2113667212949849 51.51811983654788, -0.210581889370648 51.51765155323874, -0.2096229792668369 51.51782276931992, -0.2094488793149266 51.51846226790076, -0.2102337054787052 51.51893055583903))",0,True,True,,16
8a194ada4d47fff,308,308-5-0,10,2,51.51467056890022,-0.20683211918907995,75.864,"POLYGON ((-0.2066580017674151 51.515310076021024, -0.2076168542561846 51.51513887213959, -0.207790961854885 51.51449935987196, -0.2070062329732291 51.51403105692525, -0.206047402254905 51.51420226161751, -0.2058732786481278 51.51484176844562, -0.2066580017674151 51.515310076021024))",0,True,True,,0
8a194ada4d4ffff,308,308-5-1,10,2,51.51356274993532,-0.2062215222241304,75.864,"POLYGON ((-0.206047402254905 51.51420226161751, -0.2070062329732291 51.51403105692525, -0.2071803431199974 51.513391540096215, -0.2063956385558726 51.51292323339913, -0.205436829607221 51.513094438902556, -0.205262703453353 51.51373395029184, -0.206047402254905 51.51420226161751))",0,True,True,,0
8a194ada4d57fff,308,308-5-2,10,2,51.514967658775106,-0.20857570886940463,75.864,"POLYGON ((-0.2084016074565612 51.51560717133526, -0.209360474017156 51.515435953634324, -0.2095345656066043 51.51479643592746, -0.2087498066450311 51.51432814136073, -0.207790961854885 51.51449935987196, -0.2076168542561846 51.51513887213959, -0.2084016074565612 51.51560717133526))",0,True,True,,0
8a194ada4d5ffff,308,308-5-3,10,2,51.513859842750186,-0.20796506581627622,75.864,"POLYGON ((-0.207790961854885 51.51449935987196, -0.2087498066450311 51.51432814136073, -0.2089239007835092 51.51368861909223, -0.2081391661404627 51.51322032077437, -0.2071803431199974 51.513391540096215, -0.2070062329732291 51.51403105692525, -0.207790961854885 51.51449935987196))",0,True,True,,0
8a194ada4d67fff,308,308-5-4,10,2,51.515481270419514,-0.2056991514036435,75.864,"POLYGON ((-0.2055250205213885 51.516120767539036, -0.2064838807081452 51.515949578287525, -0.2066580017674151 51.515310076021024, -0.2058732786481278 51.51484176844562, -0.2049144402325607 51.51501295850825, -0.2047403031654327 51.515652455335136, -0.2055250205213885 51.516120767539036))",0,True,True,,14
8a194ada4d6ffff,308,308-5-5,10,2,51.51437345682714,-0.20508857366183608,75.864,"POLYGON ((-0.2049144402325607 51.51501295850825, -0.2058732786481278 51.51484176844562, -0.206047402254905 51.51420226161751, -0.205262703453353 51.51373395029184, -0.2043038868082177 51.51390514116588, -0.2041297471945392 51.51454464255416, -0.2049144402325607 51.51501295850825))",0,True,True,,3
8a194ada4d77fff,308,308-5-6,10,2,51.51577837955296,-0.20744274302004517,75.864,"POLYGON ((-0.2072686281463777 51.51641788211192, -0.2082275024063401 51.516246679041046, -0.2084016074565612 51.51560717133526, -0.2076168542561846 51.51513887213959, -0.2066580017674151 51.515310076021024, -0.2064838807081452 51.515949578287525, -0.2072686281463777 51.51641788211192))",0,True,True,,0
8a194ada0b47fff,322,322-5-0,10,2,51.48572823724584,-0.20194257978737384,75.864,"POLYGON ((-0.2017685030922599 51.486367910039654, -0.2027268447708068 51.48619658670258, -0.2029009116539506 51.48555690876261, -0.2021166528478906 51.48508855960331, -0.2011583329183498 51.485259883755354, -0.2009842500461835 51.4858995562517, -0.2017685030922599 51.486367910039654))",0,True,True,,8
8a194ada0b4ffff,322,322-5-1,10,2,51.48462020641039,-0.20133241215577571,75.864,"POLYGON ((-0.2011583329183498 51.485259883755354, -0.2021166528478906 51.48508855960331, -0.202290722273848 51.48444887711218, -0.2015064877586268 51.483980524216896, -0.2005481895773201 51.484151849184194, -0.2003741041633262 51.48479152623149, -0.2011583329183498 51.485259883755354))",7,True,True,,21
8a194ada0b57fff,322,322-5-2,10,2,51.48602525388794,-0.2036851885743079,75.864,"POLYGON ((-0.2035111278689141 51.4866649321252, -0.2044694836093095 51.48649359497891, -0.2046435345022523 51.48585391159561, -0.2038592456453264 51.48538557080191, -0.2029009116539506 51.48555690876261, -0.2027268447708068 51.48619658670258, -0.2035111278689141 51.4866649321252))",0,True,True,,2
8a194ada0b5ffff,322,322-5-3,10,2,51.48491722597396,-0.20307497490264745,75.864,"POLYGON ((-0.2029009116539506 51.48555690876261, -0.2038592456453264 51.48538557080191, -0.2040332990820688 51.484745882867195, -0.2032490345169813 51.48427753833673, -0.202290722273848 51.48444887711218, -0.2021166528478906 51.48508855960331, -0.2029009116539506 51.48555690876261))",0,True,True,,8
8a194ada0b67fff,322,322-5-4,10,2,51.48653922389928,-0.20081016353918804,75.864,"POLYGON ((-0.2006360733972794 51.48717888669795, -0.2015944227623678 51.48700757798463, -0.2017685030922599 51.486367910039654, -0.2009842500461835 51.4858995562517, -0.2000259224308546 51.4860708657803, -0.199851826112148 51.486710528281534, -0.2006360733972794 51.48717888669795))",0,True,True,,0
8a194ada0b6ffff,322,322-5-5,10,2,51.48543119843023,-0.20020001511453064,75.864,"POLYGON ((-0.2000259224308546 51.4860708657803, -0.2009842500461835 51.4858995562517, -0.2011583329183498 51.485259883755354, -0.2003741041633262 51.48479152623149, -0.1994157982969593 51.48496283657559, -0.1992416994369746 51.485602503628, -0.2000259224308546 51.4860708657803))",0,True,True,,0
8a194ada0b77fff,322,322-5-6,10,2,51.486836259793726,-0.20255277425309148,75.864,"POLYGON ((-0.2023787001007054 51.487475928035956, -0.2033370635290203 51.48730460551354, -0.2035111278689141 51.4866649321252, -0.2027268447708068 51.48619658670258, -0.2017685030922599 51.486367910039654, -0.2015944227623678 51.48700757798463, -0.2023787001007054 51.487475928035956))",0,True,True,,3
8a194ada44c7fff,340,340-3-0,10,2,51.50604810466409,-0.22103693660060877,75.864,"POLYGON ((-0.2208629832345016 51.50668772721892, -0.2218217650604443 51.5065163485935, -0.2219957086035922 51.50587672089324, -0.2212108863327121 51.50540847725674, -0.2202521262689217 51.50557985668961, -0.2200781667141748 51.50621947895151, -0.2208629832345016 51.50668772721892))",0,True,True,,2
8a194ada44cffff,340,340-3-1,10,2,51.50494022957534,-0.22042608218956236,75.864,"POLYGON ((-0.2202521262689217 51.50557985668961, -0.2212108863327121 51.50540847725674, -0.2213848324309212 51.504768844997045, -0.2206000344762623 51.504300597608754, -0.2196412961738365 51.50447197784932, -0.2194673340650157 51.50511160467044, -0.2202521262689217 51.50557985668961))",0,True,True,,5
8a194ada44d7fff,340,340-3-2,10,2,51.506344960484434,-0.22278054900253916,75.864,"POLYGON ((-0.2226066116487346 51.50698458847745, -0.2235654075299105 51.50681319602996, -0.2237393350603055 51.50617356289166, -0.2229544827225983 51.505705327638864, -0.2219957086035922 51.50587672089324, -0.2218217650604443 51.5065163485935, -0.2226066116487346 51.50698458847745))",0,True,True,,7
8a194ada44dffff,340,340-3-3,10,2,51.50523708834056,-0.22216964851293286,75.864,"POLYGON ((-0.2219957086035922 51.50587672089324, -0.2229544827225983 51.505705327638864, -0.2231284128090368 51.505065689940885, -0.2223435847885504 51.504597450935535, -0.2213848324309212 51.504768844997045, -0.2212108863327121 51.50540847725674, -0.2219957086035922 51.50587672089324))",0,True,True,,4
8a194ada44e7fff,340,340-3-4,10,2,51.50685909636085,-0.2199042035252479,75.864,"POLYGON ((-0.2197302367020212 51.50749870891757, -0.2206890262342556 51.50732734492118, -0.2208629832345016 51.50668772721892, -0.2200781667141748 51.50621947895151, -0.2191193989448374 51.506390843755604, -0.2189454259332355 51.50703045601941, -0.2197302367020212 51.50749870891757))",0,True,True,,9
8a194ada44effff,340,340-3-5,10,2,51.505751226639234,-0.21929336832205762,75.864,"POLYGON ((-0.2191193989448374 51.506390843755604, -0.2200781667141748 51.50621947895151, -0.2202521262689217 51.50557985668961, -0.2194673340650157 51.50511160467044, -0.2185085880578081 51.505282970282515, -0.2183346124926874 51.50592258710574, -0.2191193989448374 51.506390843755604))",0,True,True,,6
8a194ada44f7fff,340,340-3-6,10,2,51.50715597144116,-0.22164781788334914,75.864,"POLYGON ((-0.2214738670722076 51.507795589436135, -0.2224326706610699 51.50762421161784, -0.2226066116487346 51.50698458847745, -0.2218217650604443 51.5065163485935, -0.2208629832345016 51.50668772721892, -0.2206890262342556 51.50732734492118, -0.2214738670722076 51.507795589436135))",7,True,True,,28
8a194ada0cc7fff,369,369-3-0,10,2,51.492614910276245,-0.22468911800406072,75.864,"POLYGON ((-0.2245152409288299 51.49325463470766, -0.2254738165112747 51.493083148036646, -0.2256476837674054 51.49244341846064, -0.2248629914476165 51.491975180994935, -0.2239044376166415 51.4921466684735, -0.2237305543543266 51.492786392610164, -0.2245152409288299 51.49325463470766))",0,True,True,,11
8a194ada0ccffff,369,369-3-1,10,2,51.49150693948701,-0.22407831724720953,75.864,"POLYGON ((-0.2239044376166415 51.4921466684735, -0.2248629914476165 51.491975180994935, -0.2250368612595813 51.491335446863815, -0.2242521932461453 51.49086720565081, -0.2232936611658784 51.49103869393723, -0.2231197753486602 51.49167842262877, -0.2239044376166415 51.4921466684735))",0,True,True,,12
8a194ada0cd7fff,369,369-3-2,10,2,51.49291165188375,-0.2264323942069178,75.864,"POLYGON ((-0.2262585331386202 51.49355138175432, -0.2272171227665107 51.49337988126395, -0.2273909740152585 51.492740146248885, -0.2266062516438142 51.492271917163194, -0.2256476837674054 51.49244341846064, -0.2254738165112747 51.493083148036646, -0.2262585331386202 51.49355138175432))",0,True,True,,7
8a194ada0cdffff,369,369-3-3,10,2,51.491803684034736,-0.22582154739203741,75.864,"POLYGON ((-0.2256476837674054 51.49244341846064, -0.2266062516438142 51.492271917163194, -0.226780105449383 51.49163217759283, -0.2259954073852801 51.49116394475908, -0.2250368612595813 51.491335446863815, -0.2248629914476165 51.491975180994935, -0.2256476837674054 51.49244341846064))",0,True,True,,0
8a194ada0ce7fff,369,369-3-4,10,2,51.493426111896866,-0.22355666746011985,75.864,"POLYGON ((-0.2233827769339677 51.494065826333475, -0.2243413602218148 51.49389435428899, -0.2245152409288299 51.49325463470766, -0.2237305543543266 51.492786392610164, -0.2227719928186988 51.492957865462486, -0.2225980961056859 51.493597579604405, -0.2233827769339677 51.494065826333475))",0,True,True,,8
8a194ada0ceffff,369,369-3-5,10,2,51.49231814647056,-0.22294588589965886,75.864,"POLYGON ((-0.2227719928186988 51.492957865462486, -0.2237305543543266 51.492786392610164, -0.2239044376166415 51.4921466684735, -0.2231197753486602 51.49167842262877, -0.2221612355645208 51.49184989628921, -0.2219873362971796 51.49248961498622, -0.2227719928186988 51.492957865462486))",0,True,True,,5
8a194ada0cf7fff,369,369-3-6,10,2,51.49372287276266,-0.2252999456235411,75.864,"POLYGON ((-0.2251260711040797 51.494362592638545, -0.2260846684387712 51.49419110677482, -0.2262585331386202 51.49355138175432, -0.2254738165112747 51.493083148036646, -0.2245152409288299 51.49325463470766, -0.2243413602218148 51.49389435428899, -0.2251260711040797 51.494362592638545))",0,True,True,,9
8a194ada6a07fff,376,376-0-0,10,2,51.5031006703929,-0.22731126183020461,75.864,"POLYGON ((-0.2271373783023242 51.50374033837533, -0.2280961433464858 51.50356888741203, -0.2282700170511293 51.502929214284805, -0.2274851417255336 51.502460997558565, -0.2265263984405014 51.502632449327685, -0.2263525087222512 51.50327211701716, -0.2271373783023242 51.50374033837533))",0,True,True,,4
8a194ada6a0ffff,376,376-0-1,10,2,51.50199277678639,-0.22670028452609242,75.864,"POLYGON ((-0.2265263984405014 51.502632449327685, -0.2274851417255336 51.502460997558565, -0.2276590179883848 51.501821319872455, -0.2268741669791541 51.50135309939341, -0.2259154454524945 51.50152455196864, -0.2257415531769986 51.50216422421678, -0.2265263984405014 51.502632449327685))",0,True,True,,5
8a194ada6a17fff,376,376-0-2,10,2,51.50339742696475,-0.2290549105032059,75.864,"POLYGON ((-0.2288810429896558 51.504037100384735, -0.2298398220821307 51.50386563559803, -0.2300136797719938 51.50322595703335, -0.2292287743844629 51.502757748692815, -0.2282700170511293 51.502929214284805, -0.2280961433464858 51.50356888741203, -0.2288810429896558 51.504037100384735))",0,True,True,,0
8a194ada6a1ffff,376,376-0-3,10,2,51.502289536305724,-0.22844388712337219,75.864,"POLYGON ((-0.2282700170511293 51.502929214284805, -0.2292287743844629 51.502757748692815, -0.2294026346335058 51.50211806556904, -0.2286177535633494 51.501649853474916, -0.2276590179883848 51.501821319872455, -0.2274851417255336 51.502460997558565, -0.2282700170511293 51.502929214284805))",0,True,True,,7
8a194ada6a27fff,376,376-0-4,10,2,51.50391177985474,-0.22617861537125808,75.864,"POLYGON ((-0.2260047183873765 51.50455143784021, -0.2269634911417522 51.50438000150572, -0.2271373783023242 51.50374033837533, -0.2263525087222512 51.50327211701716, -0.2253937577277855 51.50344355415774, -0.2252198545538138 51.50408321185034, -0.2260047183873765 51.50455143784021))",0,True,True,,3
8a194ada6a2ffff,376,376-0-5,10,2,51.50280389161318,-0.22556765726881234,75.864,"POLYGON ((-0.2253937577277855 51.50344355415774, -0.2263525087222512 51.50327211701716, -0.2265263984405014 51.502632449327685, -0.2257415531769986 51.50216422421678, -0.2247828239416553 51.50233566216374, -0.2246089182109877 51.502975324415154, -0.2253937577277855 51.50344355415774))",0,True,True,,9
8a194ada6a37fff,376,376-0-6,10,2,51.50420855568729,-0.22792226600935245,75.864,"POLYGON ((-0.2277483850395996 51.504848219110414, -0.2287071718436626 51.50467676895268, -0.2288810429896558 51.504037100384735, -0.2280961433464858 51.50356888741203, -0.2271373783023242 51.50374033837533, -0.2269634911417522 51.50438000150572, -0.2277483850395996 51.504848219110414))",0,True,True,,0
8a194ada6b07fff,376,376-4-0,10,2,51.50583073925458,-0.22565691352061293,75.864,"POLYGON ((-0.2254830056374864 51.50647038268317, -0.226441807862828 51.50629896178366, -0.2266157059221212 51.50565931321003, -0.2258308177705534 51.50519109097353, -0.2248720373066235 51.50536251267913, -0.2246981232331757 51.506002155815075, -0.2254830056374864 51.50647038268317))",0,True,True,,7
8a194ada6b0ffff,376,376-4-1,10,2,51.504722864690834,-0.22504594774679806,75.864,"POLYGON ((-0.2248720373066235 51.50536251267913, -0.2258308177705534 51.50519109097353, -0.2260047183873765 51.50455143784021, -0.2252198545538138 51.50408321185034, -0.2242610958505386 51.50425463436226, -0.2240871792205025 51.504894282057705, -0.2248720373066235 51.50536251267913))",0,True,True,,5
8a194ada6b17fff,376,376-4-2,10,2,51.50612753139992,-0.22740061220182275,75.864,"POLYGON ((-0.2272267203335849 51.50676718026604, -0.2281855366100304 51.50659574554285, -0.2283594186539696 51.50595609153188, -0.227574500437133 51.50548787768135, -0.2266157059221212 51.50565931321003, -0.226441807862828 51.50629896178366, -0.2272267203335849 51.50676718026604))",0,True,True,,10
8a194ada6b1ffff,376,376-4-3,10,2,51.505019659784026,-0.22678960034837922,75.864,"POLYGON ((-0.2266157059221212 51.50565931321003, -0.227574500437133 51.50548787768135, -0.2277483850395996 51.504848219110414, -0.2269634911417522 51.50438000150572, -0.2260047183873765 51.50455143784021, -0.2258308177705534 51.50519109097353, -0.2266157059221212 51.50565931321003))",0,True,True,,14
8a194ada6b27fff,376,376-4-4,10,2,51.50664179409858,-0.2245242055263452,75.864,"POLYGON ((-0.2243502841860122 51.50728142752948, -0.225309094121044 51.50711002125924, -0.2254830056374864 51.50647038268317, -0.2246981232331757 51.506002155815075, -0.2237393350603055 51.50617356289166, -0.2235654075299105 51.50681319602996, -0.2243502841860122 51.50728142752948))",0,True,True,,0
8a194ada6b2ffff,376,376-4-5,10,2,51.50553392490086,-0.2239132589571313,75.864,"POLYGON ((-0.2237393350603055 51.50617356289166, -0.2246981232331757 51.506002155815075, -0.2248720373066235 51.50536251267913, -0.2240871792205025 51.504894282057705, -0.2231284128090368 51.505065689940885, -0.2229544827225983 51.505705327638864, -0.2237393350603055 51.50617356289166))",0,True,True,,9
8a194ada6b37fff,376,376-4-6,10,2,51.506938605504786,-0.2262679061704156,75.864,"POLYGON ((-0.2260940008447694 51.507578244373285, -0.2270528248322947 51.50740682427955, -0.2272267203335849 51.50676718026604, -0.226441807862828 51.50629896178366, -0.2254830056374864 51.50647038268317, -0.225309094121044 51.50711002125924, -0.2260940008447694 51.507578244373285))",0,True,True,,0
8a194ada6b47fff,376,376-5-0,10,2,51.503318161569005,-0.22269144643910968,75.864,"POLYGON ((-0.2225175174305796 51.50395780867831, -0.2234762620814078 51.50378639998821, -0.2236501812675848 51.50314674773375, -0.2228653718142704 51.502678509607726, -0.2219066489232922 51.50284991910502, -0.2217327137261044 51.50348956592108, -0.2225175174305796 51.50395780867831))",0,True,True,,3
8a194ada6b4ffff,376,376-5-1,10,2,51.50221026743708,-0.22208058048703372,75.864,"POLYGON ((-0.2219066489232922 51.50284991910502, -0.2228653718142704 51.502678509607726, -0.2230392935561458 51.502038852794634, -0.2222545084174435 51.501570610917405, -0.2212958072855582 51.50174202122215, -0.2211218695336338 51.502381672596606, -0.2219066489232922 51.50284991910502))",0,True,True,,0
8a194ada6b57fff,376,376-5-2,10,2,51.503614981814714,-0.22443500884732884,75.864,"POLYGON ((-0.2242610958505386 51.50425463436226, -0.2252198545538138 51.50408321185034, -0.2253937577277855 51.50344355415774, -0.2246089182109877 51.502975324415154, -0.2236501812675848 51.50314674773375, -0.2234762620814078 51.50378639998821, -0.2242610958505386 51.50425463436226))",0,True,True,,2
8a194ada6b5ffff,376,376-5-3,10,2,51.50250709062733,-0.22382409682054824,75.864,"POLYGON ((-0.2236501812675848 51.50314674773375, -0.2246089182109877 51.502975324415154, -0.2247828239416553 51.50233566216374, -0.2239980087404536 51.50186742866914, -0.2230392935561458 51.502038852794634, -0.2228653718142704 51.502678509607726, -0.2236501812675848 51.50314674773375))",0,True,True,,9
8a194ada6b67fff,376,376-5-4,10,2,51.50412920788512,-0.22155877489536066,75.864,"POLYGON ((-0.2213848324309212 51.504768844997045, -0.2223435847885504 51.504597450935535, -0.2225175174305796 51.50395780867831, -0.2217327137261044 51.50348956592108, -0.2207739831291004 51.50366096079003, -0.2206000344762623 51.504300597608754, -0.2213848324309212 51.504768844997045))",0,True,True,,2
8a194ada6b6ffff,376,376-5-5,10,2,51.503021319119284,-0.220947928148186,75.864,"POLYGON ((-0.2207739831291004 51.50366096079003, -0.2217327137261044 51.50348956592108, -0.2219066489232922 51.50284991910502, -0.2211218695336338 51.502381672596606, -0.2201631606964624 51.50255306827331, -0.2199892094894376 51.503192709650655, -0.2207739831291004 51.50366096079003))",0,True,True,,2
8a194ada6b77fff,376,376-5-6,10,2,51.50442604739064,-0.2233023392619232,75.864,"POLYGON ((-0.2231284128090368 51.505065689940885, -0.2240871792205025 51.504894282057705, -0.2242610958505386 51.50425463436226, -0.2234762620814078 51.50378639998821, -0.2225175174305796 51.50395780867831, -0.2223435847885504 51.504597450935535, -0.2231284128090368 51.505065689940885))",0,True,True,,0
8a194ada6b87fff,376,376-6-0,10,2,51.50561318334237,-0.2302770378954904,75.864,"POLYGON ((-0.2301031755006182 51.506252847642926, -0.2310619981136865 51.50608138446592, -0.2312358506838468 51.5054417150207, -0.2304508966579998 51.50497351418945, -0.2294920958056014 51.50514497817116, -0.2293182272187061 51.50578464217937, -0.2301031755006182 51.506252847642926))",0,True,True,,5
8a194ada6b8ffff,376,376-6-1,10,2,51.504505309310666,-0.2296659607600466,75.864,"POLYGON ((-0.2294920958056014 51.50514497817116, -0.2304508966579998 51.50497351418945, -0.2306247517882149 51.504333840184295, -0.2298398220821307 51.50386563559803, -0.2288810429896558 51.504037100384735, -0.2287071718436626 51.50467676895268, -0.2294920958056014 51.50514497817116))",0,True,True,,0
8a194ada6b97fff,376,376-6-2,10,2,51.50590991180407,-0.23202082283791933,75.864,"POLYGON ((-0.2318469764605112 51.506549581541464, -0.232805813120549 51.50637810453923, -0.232979649672785 51.505738429657306, -0.2321946655832079 51.5052702372143, -0.2312358506838468 51.5054417150207, -0.2310619981136865 51.50608138446592, -0.2318469764605112 51.506549581541464))",0,True,True,,8
8a194ada6b9ffff,376,376-6-3,10,2,51.50480204072316,-0.23140969962179508,75.864,"POLYGON ((-0.2312358506838468 51.5054417150207, -0.2321946655832079 51.5052702372143, -0.2323685046964609 51.50463055777222, -0.2315835449276612 51.50416236157342, -0.2306247517882149 51.504333840184295, -0.2304508966579998 51.50497351418945, -0.2312358506838468 51.5054417150207))",0,True,True,,0
8a194ada6ba7fff,376,376-6-4,10,2,51.50642430133521,-0.2291443549992052,75.864,"POLYGON ((-0.2289704791470506 51.507063955638515, -0.2299293094732175 51.50689250709099, -0.2301031755006182 51.506252847642926, -0.2293182272187061 51.50578464217937, -0.2283594186539696 51.50595609153188, -0.2281855366100304 51.50659574554285, -0.2289704791470506 51.507063955638515))",0,True,True,,5
8a194ada6baffff,376,376-6-5,10,2,51.50531643266843,-0.22853329706513187,75.864,"POLYGON ((-0.2283594186539696 51.50595609153188, -0.2293182272187061 51.50578464217937, -0.2294920958056014 51.50514497817116, -0.2287071718436626 51.50467676895268, -0.2277483850395996 51.504848219110414, -0.227574500437133 51.50548787768135, -0.2283594186539696 51.50595609153188))",0,True,True,,3
8a194ada6bb7fff,376,376-6-6,10,2,51.50672104905868,-0.2308881419112201,75.864,"POLYGON ((-0.2307142820763125 51.50736070879889, -0.2316731264508536 51.50718924642631, -0.2318469764605112 51.506549581541464, -0.2310619981136865 51.50608138446592, -0.2301031755006182 51.506252847642926, -0.2299293094732175 51.50689250709099, -0.2307142820763125 51.50736070879889))",0,True,True,,10
8b195da4a688fff,274,274-2-1-0,11,3,51.51880466131816,-0.20753104582974646,28.827,"POLYGON ((-0.207593410455872 51.51905427114122, -0.2078922615101098 51.51891400517135, -0.207829895572091 51.51866439491293, -0.2074686817818266 51.51855505104009, -0.2071698326486778 51.51869531658726, -0.2072321953846718 51.518944926429995, -0.207593410455872 51.51905427114122))",0,True,True,,6
8b195da4a689fff,274,274-2-1-1,11,3,51.5184457062895,-0.20710747049082176,28.827,"POLYGON ((-0.2071698326486778 51.51869531658726, -0.2074686817818266 51.51855505104009, -0.2074063183120347 51.51830544030698, -0.2070451089110874 51.51819609553671, -0.2067462616990406 51.518336360661195, -0.2068086219668525 51.51858597097861, -0.2071698326486778 51.51869531658726))",0,True,True,,0
8b195da4a68afff,274,274-2-1-2,11,3,51.51877373790805,-0.208191111861574,28.827,"POLYGON ((-0.2082534796897371 51.519023348146774, -0.2085523306502912 51.51888308002541, -0.2084899615102082 51.51863346935134, -0.2081287446116077 51.5185241272143, -0.207829895572091 51.51866439491293, -0.2078922615101098 51.51891400517135, -0.2082534796897371 51.519023348146774))",0,True,True,,0
8b195da4a68bfff,274,274-2-1-3,11,3,51.5184147841995,-0.2077675302122012,28.827,"POLYGON ((-0.207829895572091 51.51866439491293, -0.2081287446116077 51.5185241272143, -0.2080663779398065 51.518274516065524, -0.2077051654304908 51.518165173031036, -0.2074063183120347 51.51830544030698, -0.2074686817818266 51.51855505104009, -0.207829895572091 51.51866439491293))",0,True,True,,0
8b195da4a68cfff,274,274-2-1-4,11,3,51.51919453581772,-0.2072945586988354,28.827,"POLYGON ((-0.2073569225911337 51.51944414475035, -0.2076557756601426 51.51930388050924, -0.207593410455872 51.51905427114122, -0.2072321953846718 51.518944926429995, -0.2069333442368109 51.51908519024839, -0.206995706238995 51.51933479920072, -0.2073569225911337 51.51944414475035))",0,True,True,,11
8b195da4a68dfff,274,274-2-1-5,11,3,51.518835580841014,-0.20687098281275,28.827,"POLYGON ((-0.2069333442368109 51.51908519024839, -0.2072321953846718 51.518944926429995, -0.2071698326486778 51.51869531658726, -0.2068086219668525 51.51858597097861, -0.2065097727401423 51.51872623437433, -0.2065721322741253 51.51897584380136, -0.2069333442368109 51.51908519024839))",0,True,True,,4
8b195da4a68efff,274,274-2-1-6,11,3,51.5191636149747,-0.20795462802633016,28.827,"POLYGON ((-0.2080169951207432 51.51941322432307, -0.2083158480960927 51.51927295793045, -0.2082534796897371 51.519023348146774, -0.2078922615101098 51.51891400517135, -0.207593410455872 51.51905427114122, -0.2076557756601426 51.51930388050924, -0.2080169951207432 51.51941322432307))",0,True,True,,6
8b194ada0b48fff,322,322-5-1-0,11,3,51.484620206410376,-0.20133241215576028,28.827,"POLYGON ((-0.201394709129375 51.48486987971893, -0.2016933808791427 51.48472954680936, -0.2016310825951078 51.48447987306568, -0.2012701157593676 51.484370532648036, -0.2009714459289044 51.48451086513522, -0.2010337410148751 51.48476053846242, -0.201394709129375 51.48486987971893))",0,True,True,,4
8b194ada0b49fff,322,322-5-1-1,11,3,51.48426119135422,-0.200909151420134,28.827,"POLYGON ((-0.2009714459289044 51.48451086513522, -0.2012701157593676 51.484370532648036, -0.2012078199401548 51.48412085843189, -0.2008468574884709 51.48401151711941, -0.2005481895773048 51.484151849184194, -0.2006104821985185 51.48440152298385, -0.2009714459289044 51.48451086513522))",0,True,True,,0
8b194ada0b4afff,322,322-5-1-2,11,3,51.4845892126071,-0.20199205192729358,28.827,"POLYGON ((-0.2020543520989749 51.484838886332135, -0.2023530237559607 51.48469855127232, -0.202290722273848 51.48444887711218, -0.2019297523328356 51.48433953842829, -0.2016310825951078 51.48447987306568, -0.2016933808791427 51.48472954680936, -0.2020543520989749 51.484838886332135))",0,True,True,,19
8b194ada0b4bfff,322,322-5-1-3,11,3,51.4842301988682,-0.20156878488827973,28.827,"POLYGON ((-0.2016310825951078 51.48447987306568, -0.2019297523328356 51.48433953842829, -0.2018674533155896 51.484089863795646, -0.2015064877586268 51.483980524216896, -0.2012078199401548 51.48412085843189, -0.2012701157593676 51.484370532648036, -0.2016310825951078 51.48447987306568))",0,True,True,,1
8b194ada0b4cfff,322,322-5-1-4,11,3,51.48501021133579,-0.20109603667801135,28.827,"POLYGON ((-0.2011583329183498 51.485259883755354, -0.2014570066801615 51.48511955257366, -0.201394709129375 51.48486987971893, -0.2010337410148751 51.48476053846242, -0.2007350691724014 51.48490086922175, -0.2007973635250774 51.48515054165996, -0.2011583329183498 51.485259883755354))",0,True,True,,0
8b194ada0b4dfff,322,322-5-1-5,11,3,51.48465119632967,-0.20067277539686496,28.827,"POLYGON ((-0.2007350691724014 51.48490086922175, -0.2010337410148751 51.48476053846242, -0.2009714459289044 51.48451086513522, -0.2006104821985185 51.48440152298385, -0.2003118122754007 51.4845418533208, -0.2003741041633058 51.48479152623149, -0.2007350691724014 51.48490086922175))",0,True,True,,0
8b194ada0b4efff,322,322-5-1-6,11,3,51.48497922009925,-0.20175567974038525,28.827,"POLYGON ((-0.2018179791788212 51.4852288929353, -0.2021166528478906 51.48508855960331, -0.2020543520989749 51.484838886332135, -0.2016933808791427 51.48472954680936, -0.201394709129375 51.48486987971893, -0.2014570066801615 51.48511955257366, -0.2018179791788212 51.4852288929353))",0,True,True,,3
8b194ada44f0fff,340,340-3-6-0,11,3,51.50715597144116,-0.22164781788335436,28.827,"POLYGON ((-0.2217102389904882 51.507405611648345, -0.2220090305799013 51.50726527188465, -0.2219466081615069 51.50701563124239, -0.221585397354772 51.50690633077917, -0.2212866076845363 51.507046670119756, -0.2213490269018614 51.50729631034668, -0.2217102389904882 51.507405611648345))",0,True,True,,5
8b194ada44f1fff,340,340-3-6-1,11,3,51.50679702943799,-0.22122418904575666,28.827,"POLYGON ((-0.2212866076845363 51.507046670119756, -0.221585397354772 51.50690633077917, -0.2215229774047404 51.50665668966236, -0.2211617709855061 51.50654738830147, -0.2208629832345016 51.50668772721892, -0.2209253999834932 51.50693736792041, -0.2212866076845363 51.507046670119756))",0,True,True,,1
8b194ada44f2fff,340,340-3-6-2,11,3,51.50712493082768,-0.22230782146599196,28.827,"POLYGON ((-0.2223702457742335 51.507374571450164, -0.222669037268212 51.507234229534994, -0.2226066116487346 51.50698458847745, -0.2222453977363546 51.50687528975038, -0.2219466081615069 51.50701563124239, -0.2220090305799013 51.50726527188465, -0.2223702457742335 51.507374571450164))",0,True,True,,0
8b194ada44f3fff,340,340-3-6-3,11,3,51.50676599014535,-0.22188418632170528,28.827,"POLYGON ((-0.2219466081615069 51.50701563124239, -0.2222453977363546 51.50687528975038, -0.2221829745852898 51.5066256482183, -0.2218217650604443 51.5065163485935, -0.2215229774047404 51.50665668966236, -0.221585397354772 51.50690633077917, -0.2219466081615069 51.50701563124239))",0,True,True,,1
8b194ada44f4fff,340,340-3-6-4,11,3,51.5075459501188,-0.2214114466977429,28.827,"POLYGON ((-0.2214738670722076 51.507795589436135, -0.2217726606762054 51.50765525140075, -0.2217102389904882 51.507405611648345, -0.2213490269018614 51.50729631034668, -0.2210502352170947 51.50743664795896, -0.2211126537017116 51.50768628729604, -0.2214738670722076 51.507795589436135))",0,True,True,,15
8b194ada44f5fff,340,340-3-6-5,11,3,51.50718700816706,-0.22098781731104436,28.827,"POLYGON ((-0.2210502352170947 51.50743664795896, -0.2213490269018614 51.50729631034668, -0.2212866076845363 51.507046670119756, -0.2209253999834932 51.50693736792041, -0.2206266102179862 51.50707770510955, -0.2206890262342556 51.50732734492118, -0.2210502352170947 51.50743664795896))",0,True,True,,3
8b194ada44f6fff,340,340-3-6-6,11,3,51.507514912072075,-0.22207145357688937,28.827,"POLYGON ((-0.2221338771524568 51.5077645518047, -0.2224326706610699 51.50762421161784, -0.2223702457742335 51.507374571450164, -0.2220090305799013 51.50726527188465, -0.2217102389904882 51.507405611648345, -0.2217726606762054 51.50765525140075, -0.2221338771524568 51.5077645518047))",0,True,True,,6
