tile_id,seed_index,tile_path_id,h3_res,level,center_lat,center_lon,tile_size_m,geometry,children,checked,fetch_success,current,result_count
88194ad317fffff,55,55,8,0,51.48942466888462,-0.0651412570892692,531.415,"POLYGON ((-0.0639132916928855 51.49389805759787, -0.0706175534137373 51.492707461462736, -0.071845039318414 51.48823382006167, -0.066369043240439 51.48495104251523, -0.0596658481535865 51.48614168056108, -0.0584375826223029 51.490615054227604, -0.0639132916928855 51.49389805759787))",7,True,True,True,24
88194ad31bfffff,78,78,8,0,51.49299443462068,-0.0450305576985479,531.415,"POLYGON ((-0.0438011541223464 51.49746706510393, -0.0505050918662366 51.4962778593817, -0.0517340160984147 51.49180497612737, -0.0462597818424264 51.488521566443175, -0.0395569109798166 51.489710814352954, -0.0383272076035719 51.494183429744325, -0.0438011541223464 51.49746706510393))",7,True,True,True,34
88194ad313fffff,79,79,8,0,51.487331855191485,-0.0529627609606228,531.415,"POLYGON ((-0.0517340160984147 51.49180497612737, -0.0584375826223029 51.490615054227604, -0.0596658481535865 51.48614168056108, -0.0541913264909809 51.482858496615876, -0.0474888265921051 51.48404846061325, -0.0462597818424264 51.488521566443175, -0.0517340160984147 51.49180497612737))",0,True,True,True,16
88194ad225fffff,85,85,8,0,51.498655807428726,-0.0370973247326932,531.415,"POLYGON ((-0.0358672623289836 51.50312794736438, -0.0425715710756642 51.50193945785111, -0.0438011541223464 51.49746706510393, -0.0383272076035719 51.494183429744325, -0.0316239659944101 51.495371961535085, -0.0303936038781737 51.49984408639295, -0.0358672623289836 51.50312794736438))",0,True,True,True,3
88194ad069fffff,88,88,8,0,51.48166806926756,-0.060893934415386,531.415,"POLYGON ((-0.0596658481535865 51.48614168056108, -0.066369043240439 51.48495104251523, -0.0675966501844614 51.480477178531565, -0.0621218414458187 51.47719422038887, -0.055419712727635 51.47838490044238, -0.0541913264909809 51.482858496615876, -0.0596658481535865 51.48614168056108))",7,True,True,True,53
88194ad22dfffff,95,95,8,0,51.50431597348938,-0.0291630621667877,531.415,"POLYGON ((-0.0279323408220886 51.508787622782584, -0.0346370203542621 51.50759984950953, -0.0358672623289836 51.50312794736438, -0.0303936038781737 51.49984408639295, -0.023689991739702 51.50103190203343, -0.0224589707700614 51.505503536262914, -0.0279323408220886 51.508787622782584))",7,True,True,True,28
88194ad061fffff,98,98,8,0,51.47600307697548,-0.0688240779594911,531.415,"POLYGON ((-0.0675966501844614 51.480477178531565, -0.0742994736173714 51.479285824371196, -0.0755264220878305 51.47481147016551, -0.0700513266035816 51.47152873788882, -0.0633495692829674 51.472720133966845, -0.0621218414458187 51.47719422038887, -0.0675966501844614 51.480477178531565))",7,True,True,True,53
88194ad265fffff,103,103,8,0,51.5177302077925,-0.0254703590798305,531.415,"POLYGON ((-0.0242390986058733 51.522201143425725, -0.0309452166221357 51.52101412878446, -0.0321759975390466 51.516542940261296, -0.0267014398058319 51.51325903423088, -0.0199963897056205 51.51444609123252, -0.0187648295343767 51.5189170118892, -0.0242390986058733 51.522201143425725))",0,True,True,True,8
88194ad04dfffff,112,112,8,0,51.485237961296434,-0.0407864348995539,531.415,"POLYGON ((-0.0395569109798166 51.489710814352954, -0.0462597818424264 51.488521566443175, -0.0474888265921051 51.48404846061325, -0.0420157794009529 51.480764870616554, -0.0353139751539996 51.48195416081074, -0.0340841515941615 51.486426998702186, -0.0395569109798166 51.489710814352954))",0,True,True,True,9
88194ad227fffff,114,114,8,0,51.49089959895758,-0.0328541485536823,531.415,"POLYGON ((-0.0316239659944101 51.495371961535085, -0.0383272076035719 51.494183429744325, -0.0395569109798166 51.489710814352954, -0.0340841515941615 51.486426998702186, -0.027381976856693 51.48761557286736, -0.0261514947448436 51.49208792029387, -0.0316239659944101 51.495371961535085))",0,True,True,True,2
88194ad045fffff,116,116,8,0,51.47957511717267,-0.0487176919857441,531.415,"POLYGON ((-0.0474888265921051 51.48404846061325, -0.0541913264909809 51.482858496615876, -0.055419712727635 51.47838490044238, -0.0499463780614742 51.475101536163315, -0.0432449445221373 51.47629154235516, -0.0420157794009529 51.480764870616554, -0.0474888265921051 51.48404846061325))",7,True,True,True,32
88194ad267fffff,118,118,8,0,51.50997493267653,-0.0212277701047665,531.415,"POLYGON ((-0.0199963897056205 51.51444609123252, -0.0267014398058319 51.51325903423088, -0.0279323408220886 51.508787622782584, -0.0224589707700614 51.505503536262914, -0.0157549883196692 51.50669063572196, -0.0145233083832716 51.51116177922828, -0.0199963897056205 51.51444609123252))",7,True,True,True,51
88194ad221fffff,123,123,8,0,51.49656003002984,-0.0249208330519014,531.415,"POLYGON ((-0.023689991739702 51.50103190203343, -0.0303936038781737 51.49984408639295, -0.0316239659944101 51.495371961535085, -0.0261514947448436 51.49208792029387, -0.0194489497340671 51.49327577839875, -0.0182178089568675 51.497747635265426, -0.023689991739702 51.50103190203343))",7,True,True,True,35
88194ad06bfffff,125,125,8,0,51.47391106671278,-0.0566479197086766,531.415,"POLYGON ((-0.055419712727635 51.47838490044238, -0.0621218414458187 51.47719422038887, -0.0633495692829674 51.472720133966845, -0.0578759474722341 51.469436995469025, -0.0511748848574116 51.470627717627025, -0.0499463780614742 51.475101536163315, -0.055419712727635 51.47838490044238))",0,True,True,True,13
88194ad229fffff,136,136,8,0,51.50221925438709,-0.0169864884981391,531.415,"POLYGON ((-0.0157549883196692 51.50669063572196, -0.0224589707700614 51.505503536262914, -0.023689991739702 51.50103190203343, -0.0182178089568675 51.497747635265426, -0.0115148938901782 51.49893477727878, -0.0102830943343693 51.503406143490814, -0.0157549883196692 51.50669063572196))",7,True,True,True,173
88194ad261fffff,142,142,8,0,51.51563268486432,-0.0132914486506846,531.415,"POLYGON ((-0.0120594090837091 51.52010335258839, -0.0187648295343767 51.5189170118892, -0.0199963897056205 51.51444609123252, -0.0145233083832716 51.51116177922828, -0.0078189558385312 51.51234816247478, -0.0065866168220422 51.516818815163205, -0.0120594090837091 51.52010335258839))",7,True,True,True,34
88194ad063fffff,143,143,8,0,51.46824581004339,-0.0645771179649361,531.415,"POLYGON ((-0.0633495692829674 51.472720133966845, -0.0700513266035816 51.47152873788882, -0.0712783961548439 51.46705416131344, -0.0658044875298357 51.46377124866034, -0.0591037960563805 51.464962686752905, -0.0578759474722341 51.469436995469025, -0.0633495692829674 51.472720133966845))",7,True,True,True,84
88194ad049fffff,149,149,8,0,51.48314298779205,-0.028612279425661,531.415,"POLYGON ((-0.027381976856693 51.48761557286736, -0.0340841515941615 51.486426998702186, -0.0353139751539996 51.48195416081074, -0.0298424024898737 51.47867016510981, -0.023141294358378 51.479858781746195, -0.0219106923966705 51.48433135159731, -0.027381976856693 51.48761557286736))",7,True,True,True,29
88194ad041fffff,152,152,8,0,51.47748108532507,-0.0365436192713547,531.415,"POLYGON ((-0.0353139751539996 51.48195416081074, -0.0420157794009529 51.480764870616554, -0.0432449445221373 51.47629154235516, -0.0377730839843554 51.47300777228697, -0.0310723460874938 51.47419710486243, -0.0298424024898737 51.47867016510981, -0.0353139751539996 51.48195416081074))",7,True,True,True,35
88194ad223fffff,158,158,8,0,51.48880368382877,-0.0206799108679569,531.415,"POLYGON ((-0.0194489497340671 51.49327577839875, -0.0261514947448436 51.49208792029387, -0.027381976856693 51.48761557286736, -0.0219106923966705 51.48433135159731, -0.0152092142477081 51.485519252263366, -0.0139779538086577 51.489991331623266, -0.0194489497340671 51.49327577839875))",0,True,True,True,8
88194ad047fffff,160,160,8,0,51.47181797655409,-0.0444739303012272,531.415,"POLYGON ((-0.0432449445221373 51.47629154235516, -0.0499463780614742 51.475101536163315, -0.0511748848574116 51.470627717627025, -0.045702736776349 51.46734417325519, -0.0390023693311469 51.46853422173831, -0.0377730839843554 51.47300777228697, -0.0432449445221373 51.47629154235516))",7,True,True,True,35
88194ad263fffff,161,161,8,0,51.50787727190341,-0.0090511149965654,531.415,"POLYGON ((-0.0078189558385312 51.51234816247478, -0.0145233083832716 51.51116177922828, -0.0157549883196692 51.50669063572196, -0.0102830943343693 51.503406143490814, -0.0035798094292431 51.50459256938155, -0.0023473509815945 51.5090634448442, -0.0078189558385312 51.51234816247478))",7,True,True,True,33
88194ad22bfffff,165,165,8,0,51.494463173308986,-0.012746513702224,531.415,"POLYGON ((-0.0115148938901782 51.49893477727878, -0.0182178089568675 51.497747635265426, -0.0194489497340671 51.49327577839875, -0.0139779538086577 51.489991331623266, -0.0072761058595633 51.49117851628776, -0.0060441868300148 51.49565010506158, -0.0115148938901782 51.49893477727878))",7,True,True,True,31
88194ad00dfffff,175,175,8,0,51.46615366160563,-0.0524032124116588,531.415,"POLYGON ((-0.0511748848574116 51.470627717627025, -0.0578759474722341 51.469436995469025, -0.0591037960563805 51.464962686752905, -0.0536313607623041 51.46167936814107, -0.0469313639856298 51.462870132500356, -0.045702736776349 51.46734417325519, -0.0511748848574116 51.470627717627025))",0,True,True,True,14
88194ad205fffff,187,187,8,0,51.50012145610678,-0.0048120880326347,531.415,"POLYGON ((-0.0035798094292431 51.50459256938155, -0.0102830943343693 51.503406143490814, -0.0115148938901782 51.49893477727878, -0.0060441868300148 51.49565010506158, 0.0006580307017811 51.49683657369345, 0.0018906084349847 51.501307671786385, -0.0035798094292431 51.50459256938155))",0,True,True,True,18
88194ad005fffff,194,194,8,0,51.46048814060638,-0.0603314654992005,531.415,"POLYGON ((-0.0591037960563805 51.464962686752905, -0.0658044875298357 51.46377124866034, -0.0670316780157011 51.45929644985964, -0.0615589558387953 51.45601335707132, -0.0548593299474315 51.4572048372752, -0.0536313607623041 51.46167936814107, -0.0591037960563805 51.464962686752905))",0,True,True,True,1
88194ad04bfffff,196,196,8,0,51.475385974317234,-0.0243717167912611,531.415,"POLYGON ((-0.023141294358378 51.479858781746195, -0.0298424024898737 51.47867016510981, -0.0310723460874938 51.47419710486243, -0.025601959733472 51.47091292935226, -0.0189019179422523 51.472101588556676, -0.0176711962763401 51.47657438068824, -0.023141294358378 51.479858781746195))",7,True,True,True,67
88194ad235fffff,199,199,8,0,51.48104693527108,-0.0164402950575439,531.415,"POLYGON ((-0.0152092142477081 51.485519252263366, -0.0219106923966705 51.48433135159731, -0.023141294358378 51.479858781746195, -0.0176711962763401 51.47657438068824, -0.0109707847233446 51.4777623240123, -0.0097394047680554 51.482234625721304, -0.0152092142477081 51.485519252263366))",7,True,True,True,70
88194ad043fffff,201,201,8,0,51.46972380709175,-0.0323021102566444,531.415,"POLYGON ((-0.0310723460874938 51.47419710486243, -0.0377730839843554 51.47300777228697, -0.0390023693311469 51.46853422173831, -0.0335316950354551 51.46525027183964, -0.0268320232231283 51.46643964689312, -0.025601959733472 51.47091292935226, -0.0310723460874938 51.47419710486243))",7,True,True,True,25
88194ad23dfffff,208,208,8,0,51.48670668982707,-0.0085078451595177,531.415,"POLYGON ((-0.0072761058595633 51.49117851628776, -0.0139779538086577 51.489991331623266, -0.0152092142477081 51.485519252263366, -0.0097394047680554 51.482234625721304, -0.0030386236705328 51.4834218531338, -0.0018065853127642 51.48789366432538, -0.0072761058595633 51.49117851628776))",0,True,True,True,9
88194ad009fffff,210,210,8,0,51.464060433720974,-0.0402314753498141,531.415,"POLYGON ((-0.0390023693311469 51.46853422173831, -0.045702736776349 51.46734417325519, -0.0469313639856298 51.462870132500356, -0.0414604020784892 51.45958640827683, -0.0347611004620511 51.460776499147975, -0.0335316950354551 51.46525027183964, -0.0390023693311469 51.46853422173831))",7,True,True,True,23
88194ad20dfffff,212,212,8,0,51.50577853209627,0.0031233660364318,531.415,"POLYGON ((0.0043563035443559 51.51024915458135, -0.0023473509815945 51.5090634448442, -0.0035798094292431 51.50459256938155, 0.0018906084349847 51.501307671786385, 0.0085931953319149 51.50249342435464, 0.0098264318818252 51.50696403167196, 0.0043563035443559 51.51024915458135))",7,True,True,True,34
88194ad207fffff,217,217,8,0,51.49236523785918,-0.0005743672013933,531.415,"POLYGON ((0.0006580307017811 51.49683657369345, -0.0060441868300148 51.49565010506158, -0.0072761058595633 51.49117851628776, -0.0018065853127642 51.48789366432538, 0.0048945651119004 51.48908017579519, 0.0061272619851657 51.49355149637447, 0.0006580307017811 51.49683657369345))",0,True,True,True,2
88194ad001fffff,230,230,8,0,51.458395854331485,-0.0481598119671373,531.415,"POLYGON ((-0.0469313639856298 51.462870132500356, -0.0536313607623041 51.46167936814107, -0.0548593299474315 51.4572048372752, -0.0493880807589756 51.45392133879044, -0.0426891495552647 51.455112145447764, -0.0414604020784892 51.45958640827683, -0.0469313639856298 51.462870132500356))",0,True,True,True,3
88194ad201fffff,241,241,8,0,51.49802257924154,0.0073601387124377,531.415,"POLYGON ((0.0085931953319149 51.50249342435464, 0.0018906084349847 51.501307671786385, 0.0006580307017811 51.49683657369345, 0.0061272619851657 51.49355149637447, 0.0128287815194249 51.49473729187061, 0.0140621370212063 51.49920812174288, 0.0085931953319149 51.50249342435464))",0,True,True,True,14
88194ad237fffff,245,245,8,0,51.473289784741816,-0.0122019850635598,531.415,"POLYGON ((-0.0109707847233446 51.4777623240123, -0.0176711962763401 51.47657438068824, -0.0189019179422523 51.472101588556676, -0.0134330058268767 51.46881700795171, -0.0067336606040246 51.470004994030475, -0.0055021612779921 51.474477517944536, -0.0109707847233446 51.4777623240123))",7,True,True,True,27
88194ad05dfffff,246,246,8,0,51.46762855891822,-0.020132460093417,531.415,"POLYGON ((-0.0189019179422523 51.472101588556676, -0.025601959733472 51.47091292935226, -0.0268320232231283 51.46643964689312, -0.0213628227679973 51.46315529181472, -0.0146638470514262 51.46434399368385, -0.0134330058268767 51.46881700795171, -0.0189019179422523 51.472101588556676))",0,True,True,True,12
88194ad231fffff,250,250,8,0,51.47894980432624,-0.004270482312881,531.415,"POLYGON ((-0.0030386236705328 51.4834218531338, -0.0097394047680554 51.482234625721304, -0.0109707847233446 51.4777623240123, -0.0055021612779921 51.474477517944536, 0.0011975532339428 51.47566478820171, 0.0024297107744775 51.48013682166699, -0.0030386236705328 51.4834218531338))",7,True,True,True,53
88194ad055fffff,253,253,8,0,51.461966126981686,-0.0280619072983741,531.415,"POLYGON ((-0.0268320232231283 51.46643964689312, -0.0335316950354551 51.46525027183964, -0.0347611004620511 51.460776499147975, -0.029291611997345 51.457492369659825, -0.0225930060041114 51.458681787288036, -0.0213628227679973 51.46315529181472, -0.0268320232231283 51.46643964689312))",0,True,True,True,5
88194ad239fffff,260,260,8,0,51.48460861754543,0.0036620480544011,531.415,"POLYGON ((0.0048945651119004 51.48908017579519, -0.0018065853127642 51.48789366432538, -0.0030386236705328 51.4834218531338, 0.0024297107744775 51.48013682166699, 0.00912979435815 51.481323376071494, 0.0103626102261209 51.48579491899315, 0.0048945651119004 51.48908017579519))",7,True,True,True,29
88194ad203fffff,273,273,8,0,51.49026622427346,0.011595605933806,531.415,"POLYGON ((0.0128287815194249 51.49473729187061, 0.0061272619851657 51.49355149637447, 0.0048945651119004 51.48908017579519, 0.0103626102261209 51.48579491899315, 0.0170630626640395 51.48698075751398, 0.0182965369723518 51.49145180979719, 0.0128287815194249 51.49473729187061))",7,True,True,True,21
88194ad059fffff,289,289,8,0,51.46553223262595,-0.007964980329164,531.415,"POLYGON ((-0.0067336606040246 51.470004994030475, -0.0134330058268767 51.46881700795171, -0.0146638470514262 51.46434399368385, -0.0091961204915409 51.46105923377277, -0.0024978413330935 51.46224726270293, -0.0012662227816711 51.466720008677854, -0.0067336606040246 51.470004994030475))",7,True,True,True,38
88194ad233fffff,291,291,8,0,51.471192517191376,-3.4424605375402044e-05,531.415,"POLYGON ((0.0011975532339428 51.47566478820171, -0.0055021612779921 51.474477517944536, -0.0067336606040246 51.470004994030475, -0.0012662227816711 51.466720008677854, 0.0054324254105749 51.46790732187643, 0.0066647019885586 51.47237957747133, 0.0011975532339428 51.47566478820171))",0,True,True,True,0
88194ad23bfffff,298,298,8,0,51.47685159555028,0.0078971582916981,531.415,"POLYGON ((0.00912979435815 51.481323376071494, 0.0024297107744775 51.48013682166699, 0.0011975532339428 51.47566478820171, 0.0066647019885586 51.47237957747133, 0.0133637189973138 51.47356617490721, 0.0145966537147147 51.47803794002718, 0.00912979435815 51.481323376071494))",0,True,True,True,0
89194ad3163ffff,55,55-0,9,1,51.48942466888462,-0.0651412570892692,200.821,"POLYGON ((-0.0655727140921002 51.49117178716713, -0.0676635231759354 51.490192528113305, -0.0672320018782268 51.4884453884134, -0.0647098280695275 51.48767752843446, -0.062619113576268 51.488656767011015, -0.063050478301563 51.49040388604239, -0.0655727140921002 51.49117178716713))",0,True,True,,0
89194ad3167ffff,55,55-1,9,1,51.486909625814725,-0.06218777682770665,200.821,"POLYGON ((-0.062619113576268 51.488656767011015, -0.0647098280695275 51.48767752843446, -0.0642784270301667 51.48593036581983, -0.0617564680531299 51.485162462456614, -0.0596658481535814 51.48614168056108, -0.0600970926377903 51.487888822499436, -0.062619113576268 51.488656767011015))",0,True,True,,8
89194ad316bffff,55,55-2,9,1,51.48921320574466,-0.06975429825295536,200.821,"POLYGON ((-0.0701859118354221 51.4909603446902, -0.0722767171928829 51.4899809804213, -0.071845039318414 51.48823382006167, -0.0693227126636277 51.487466044629244, -0.0672320018782268 51.4884453884134, -0.0676635231759354 51.490192528113305, -0.0701859118354221 51.4909603446902))",0,True,True,,0
89194ad316fffff,55,55-3,9,1,51.486698226546345,-0.0668005085672806,200.821,"POLYGON ((-0.0672320018782268 51.4884453884134, -0.0693227126636277 51.487466044629244, -0.0688911550648065 51.48571886134711, -0.066369043240439 51.48495104251523, -0.0642784270301667 51.48593036581983, -0.0647098280695275 51.48767752843446, -0.0672320018782268 51.4884453884134))",0,True,True,,0
89194ad3173ffff,55,55-4,9,1,51.49215098290572,-0.06348187100618741,200.821,"POLYGON ((-0.0639132916928752 51.49389805759787, -0.0660041990806886 51.49291888327893, -0.0655727140921002 51.49117178716713, -0.063050478301563 51.49040388604239, -0.0609596655197951 51.491383039886294, -0.0613909939229506 51.49313011532857, -0.0639132916928752 51.49389805759787))",0,True,True,,17
89194ad3177ffff,55,55-5,9,1,51.48963594227554,-0.060528365092285444,200.821,"POLYGON ((-0.0609596655197951 51.491383039886294, -0.063050478301563 51.49040388604239, -0.062619113576268 51.488656767011015, -0.0600970926377903 51.487888822499436, -0.0580063744651504 51.488867955873516, -0.0584375826223029 51.490615054227604, -0.0609596655197951 51.491383039886294))",0,True,True,,0
89194ad317bffff,55,55-6,9,1,51.49193964564288,-0.06809507246311002,200.821,"POLYGON ((-0.0685266497424193 51.493686740999074, -0.0706175534137373 51.492707461462736, -0.0701859118354221 51.4909603446902, -0.0676635231759354 51.490192528113305, -0.0655727140921002 51.49117178716713, -0.0660041990806886 51.49291888327893, -0.0685266497424193 51.493686740999074))",0,True,True,,1
89194ad31a3ffff,78,78-0,9,1,51.492994434620684,-0.04503055769854279,200.821,"POLYGON ((-0.0454613520579196 51.494741426569036, -0.0475522740272652 51.49376267306837, -0.0471214153544618 51.492015659687326, -0.0445997912808664 51.49124742051016, -0.0425089639917294 51.49222615356562, -0.0429396660963919 51.49397314624205, -0.0454613520579196 51.494741426569036))",0,True,True,,18
89194ad31a7ffff,78,78-1,9,1,51.49047913872974,-0.0420782898223824,200.821,"POLYGON ((-0.0425089639917294 51.49222615356562, -0.0445997912808664 51.49124742051016, -0.0441690528022155 51.4895003842406, -0.0416476435856868 51.488732101737476, -0.0395569109798166 51.489710814352954, -0.0399874929076269 51.491457829910125, -0.0425089639917294 51.49222615356562))",0,True,True,,4
89194ad31abffff,78,78-2,9,1,51.49278385625434,-0.0496431620423607,200.821,"POLYGON ((-0.050074112977068 51.494530868901776, -0.0521650313436667 51.493552010204255, -0.0517340160984147 51.49180497612737, -0.0492122390593981 51.49103682144245, -0.0471214153544618 51.492015659687326, -0.0475522740272652 51.49376267306837, -0.050074112977068 51.494530868901776))",0,True,True,,6
89194ad31afffff,78,78-3,9,1,51.49026862414456,-0.046690584627058544,200.821,"POLYGON ((-0.0471214153544618 51.492015659687326, -0.0492122390593981 51.49103682144245, -0.0487813440255863 51.48928976446927, -0.0462597818424264 51.488521566443175, -0.0441690528022155 51.4895003842406, -0.0445997912808664 51.49124742051016, -0.0471214153544618 51.492015659687326))",0,True,True,,2
89194ad31b3ffff,78,78-4,9,1,51.49572011675585,-0.043370396139059735,200.821,"POLYGON ((-0.0438011541223413 51.49746706510393, -0.0458921743616462 51.49648839635207, -0.0454613520579196 51.494741426569036, -0.0429396660963919 51.49397314624205, -0.0408487405527356 51.494951794550964, -0.0412794062753771 51.496698743628365, -0.0438011541223413 51.49746706510393))",0,True,True,,1
89194ad31b7ffff,78,78-5,9,1,51.493204823310485,-0.04041810276436842,200.821,"POLYGON ((-0.0408487405527356 51.494951794550964, -0.0429396660963919 51.49397314624205, -0.0425089639917294 51.49222615356562, -0.0399874929076269 51.491457829910125, -0.0378966620627011 51.492436457781295, -0.0383272076035719 51.494183429744325, -0.0408487405527356 51.494951794550964))",0,True,True,,0
89194ad31bbffff,78,78-6,9,1,51.495509664284555,-0.047983160648149295,200.821,"POLYGON ((-0.0484140752197486 51.49725663333274, -0.0505050918662213 51.4962778593817, -0.050074112977068 51.494530868901776, -0.0475522740272652 51.49376267306837, -0.0454613520579196 51.494741426569036, -0.0458921743616462 51.49648839635207, -0.0484140752197486 51.49725663333274))",0,True,True,,11
89194ad0683ffff,88,88-0,9,1,51.48166806926756,-0.06089393441539112,200.821,"POLYGON ((-0.0613251872499222 51.48341527693987, -0.0634157088819544 51.48243597410961, -0.0629843917677534 51.480688745020295, -0.0604627095468551 51.47992083944285, -0.0583722824961915 51.480900121803906, -0.0588034430854687 51.482647330210185, -0.0613251872499222 51.48341527693987))",0,True,True,,6
89194ad0687ffff,88,88-1,9,1,51.47915289124789,-0.05794114986653049,200.821,"POLYGON ((-0.0583722824961915 51.480900121803906, -0.0604627095468551 51.47992083944285, -0.0600315126416634 51.47817358746886, -0.0575100451938508 51.477405638545285, -0.055419712727635 51.47838490044238, -0.0558507531251908 51.48013213172556, -0.0583722824961915 51.480900121803906))",0,True,True,,4
89194ad068bffff,88,88-2,9,1,51.48145660797337,-0.06550619652835334,200.821,"POLYGON ((-0.0659376058950139 51.483203836323206, -0.0680281238278784 51.48222442829516, -0.0675966501844614 51.48047717853158, -0.0650748151378004 51.479709357468884, -0.0629843917677534 51.480688745020295, -0.0634157088819544 51.48243597410961, -0.0659376058950139 51.483203836323206))",0,True,True,,9
89194ad068fffff,88,88-3,9,1,51.478941493779026,-0.06255310262328583,200.821,"POLYGON ((-0.0629843917677534 51.480688745020295, -0.0650748151378004 51.479709357468884, -0.0646434617206625 51.47796208481285, -0.0621218414458187 51.47719422038887, -0.0600315126416634 51.47817358746886, -0.0604627095468551 51.47992083944285, -0.0629843917677534 51.480688745020295))",0,True,True,,0
89194ad0693ffff,88,88-4,9,1,51.48439451646366,-0.05923463163703817,200.821,"POLYGON ((-0.0596658481535814 51.48614168056108, -0.0617564680531299 51.485162462456614, -0.0613251872499222 51.48341527693987, -0.0588034430854687 51.482647330210185, -0.0567129177827171 51.483626527847754, -0.0571440420480288 51.48537369268047, -0.0596658481535814 51.48614168056108))",0,True,True,,13
89194ad0697ffff,88,88-5,9,1,51.48187934086175,-0.05628182147600486,200.821,"POLYGON ((-0.0567129177827171 51.483626527847754, -0.0588034430854687 51.482647330210185, -0.0583722824961915 51.480900121803906, -0.0558507531251908 51.48013213172556, -0.053760322422319 51.4811113089014, -0.0541913264909809 51.482858496615876, -0.0567129177827171 51.483626527847754))",0,True,True,,12
89194ad069bffff,88,88-6,9,1,51.484183181043846,-0.06384705396851949,200.821,"POLYGON ((-0.0642784270301667 51.48593036581983, -0.066369043240439 51.48495104251523, -0.0659376058950139 51.483203836323206, -0.0634157088819544 51.48243597410961, -0.0613251872499222 51.48341527693987, -0.0617564680531299 51.485162462456614, -0.0642784270301667 51.48593036581983))",0,True,True,,11
89194ad22c3ffff,95,95-0,9,1,51.50431597348938,-0.02916306216679286,200.821,"POLYGON ((-0.0295933977322846 51.50606274956892, -0.0316847198556553 51.50508454548799, -0.0312543199429894 51.50333774796005, -0.0287327545186586 51.50256917523791, -0.0266415271743626 51.503547358897656, -0.0270717704757422 51.50529413569936, -0.0295933977322846 51.50606274956892))",0,True,True,,2
89194ad22c7ffff,95,95-1,9,1,51.50180055992673,-0.02621131178396997,200.821,"POLYGON ((-0.0266415271743626 51.503547358897656, -0.0287327545186586 51.50256917523791, -0.0283024747852085 51.50082235481765, -0.025781124301861 51.50005373878969, -0.023689991739702 51.50103190203343, -0.0241201148791789 51.502778701719734, -0.0266415271743626 51.503547358897656))",0,True,True,,3
89194ad22cbffff,95,95-2,9,1,51.504106278086304,-0.03377600805614715,200.821,"POLYGON ((-0.0342065002401445 51.505853074886566, -0.0362978188572944 51.50487476560974, -0.0358672623289836 51.50312794736438, -0.0333455437995805 51.50235945911191, -0.0312543199429894 51.50333774796005, -0.0316847198556553 51.50508454548799, -0.0342065002401445 51.505853074886566))",0,True,True,,2
89194ad22cfffff,95,95-3,9,1,51.50159092826068,-0.03082394795139866,200.821,"POLYGON ((-0.0312543199429894 51.50333774796005, -0.0333455437995805 51.50235945911191, -0.0329151074678063 51.500612617966446, -0.0303936038781737 51.49984408639295, -0.0283024747852085 51.50082235481765, -0.0287327545186586 51.50256917523791, -0.0312543199429894 51.50333774796005))",0,True,True,,0
89194ad22d3ffff,95,95-4,9,1,51.50704089032871,-0.027502041690766643,200.821,"POLYGON ((-0.0279323408220733 51.5087876227826, -0.030023761217792 51.50780950347346, -0.0295933977322846 51.50606274956892, -0.0270717704757422 51.50529413569936, -0.024980444874575 51.506272234589574, -0.0254106517358292 51.50801896776687, -0.0279323408220733 51.5087876227826))",0,True,True,,11
89194ad22d7ffff,95,95-5,9,1,51.504525479239476,-0.02455026592324743,200.821,"POLYGON ((-0.024980444874575 51.506272234589574, -0.0270717704757422 51.50529413569936, -0.0266415271743626 51.503547358897656, -0.0241201148791789 51.502778701719734, -0.0220288840756084 51.503756780196206, -0.0224589707700512 51.50550353626292, -0.024980444874575 51.506272234589574))",0,True,True,,5
89194ad22dbffff,95,95-6,9,1,51.50683132084128,-0.032115147692049616,200.821,"POLYGON ((-0.0325456034548565 51.50857807401688, -0.0346370203542621 51.50759984950953, -0.0342065002401445 51.505853074886566, -0.0316847198556553 51.50508454548799, -0.0295933977322846 51.50606274956892, -0.030023761217792 51.50780950347346, -0.0325456034548565 51.50857807401688))",0,True,True,,0
89194ad0603ffff,98,98-0,9,1,51.476003076975495,-0.06882407795950644,200.821,"POLYGON ((-0.0692555599120654 51.47775039245543, -0.0713458813068097 51.47677081499426, -0.070914335091455 51.47502347810514, -0.0683926239850379 51.47425573934802, -0.0663023971222328 51.47523529632799, -0.066733786834298 51.47698261254486, -0.0692555599120654 51.47775039245543))",0,True,True,,1
89194ad0607ffff,98,98-1,9,1,51.47348795796628,-0.06587103538191545,200.821,"POLYGON ((-0.0663023971222328 51.47523529632799, -0.0683926239850379 51.47425573934802, -0.0679611979860697 51.47250837957616, -0.0654397016107307 51.471740597462855, -0.0633495692829674 51.472720133966845, -0.0637808387958944 51.47446747305873, -0.0663023971222328 51.47523529632799))",0,True,True,,8
89194ad060bffff,98,98-2,9,1,51.475791174230814,-0.07343616870031103,200.821,"POLYGON ((-0.0738678071633836 51.47753851037748, -0.0759581248107899 51.476558827718094, -0.0755264220878254 51.47481147016553, -0.0730045582254603 51.474043815934394, -0.070914335091455 51.47502347810514, -0.0713458813068097 51.47677081499426, -0.0738678071633836 51.47753851037748))",0,True,True,,0
89194ad060fffff,98,98-3,9,1,51.47327611906896,-0.07048281685792789,200.821,"POLYGON ((-0.070914335091455 51.47502347810514, -0.0730045582254603 51.474043815934394, -0.0725729757361687 51.47229643549131, -0.0700513266035816 51.47152873788882, -0.0679611979860697 51.47250837957616, -0.0683926239850379 51.47425573934802, -0.070914335091455 51.47502347810514))",7,True,True,,43
89194ad0613ffff,98,98-4,9,1,51.47872990661378,-0.0671652045208339,200.821,"POLYGON ((-0.0675966501844614 51.48047717853158, -0.0696870698454792 51.47949768578468, -0.0692555599120654 51.47775039245543, -0.066733786834298 51.47698261254486, -0.0646434617206625 51.47796208481285, -0.0650748151378004 51.479709357468884, -0.0675966501844614 51.48047717853158))",0,True,True,,1
89194ad0617ffff,98,98-5,9,1,51.476214790008434,-0.06421213627424248,200.821,"POLYGON ((-0.0646434617206625 51.47796208481285, -0.066733786834298 51.47698261254486, -0.0663023971222328 51.47523529632799, -0.0637808387958944 51.47446747305873, -0.061690608232732 51.475446924853, -0.0621218414458187 51.47719422038887, -0.0646434617206625 51.47796208481285))",0,True,True,,3
89194ad061bffff,98,98-6,9,1,51.47851812973316,-0.07177745550671549,200.821,"POLYGON ((-0.0722090576937941 51.48026542231869, -0.0742994736173561 51.4792858243712, -0.0738678071633836 51.47753851037748, -0.0713458813068097 51.47677081499426, -0.0692555599120654 51.47775039245543, -0.0696870698454792 51.47949768578468, -0.0722090576937941 51.48026542231869))",0,True,True,,2
89194ad0443ffff,116,116-0,9,1,51.47957511717268,-0.04871769198575434,200.821,"POLYGON ((-0.0491485115986506 51.48132230633179, -0.05123894592529 51.480343234336075, -0.0508080620310644 51.478596023752445, -0.048286900309628 51.47782790587146, -0.0461965606045014 51.478806957418115, -0.0466272879997187 51.48055414729341, -0.0491485115986506 51.48132230633179))",0,True,True,,0
89194ad0447ffff,116,116-1,9,1,51.477059745403416,-0.04576586113972821,200.821,"POLYGON ((-0.0461965606045014 51.478806957418115, -0.048286900309628 51.47782790587146, -0.0478561365676536 51.47608067243126, -0.0453351896026797 51.4753125112524, -0.043244944522122 51.47629154235517, -0.0436755517823751 51.47803875507924, -0.0461965606045014 51.478806957418115))",0,True,True,,19
89194ad044bffff,116,116-2,9,1,51.479364099039465,-0.05332934630321786,200.821,"POLYGON ((-0.053760322422319 51.4811113089014, -0.0558507531251908 51.48013213172556, -0.055419712727635 51.47838490044238, -0.0528983981309615 51.477616867033156, -0.0508080620310644 51.478596023752445, -0.05123894592529 51.480343234336075, -0.053760322422319 51.4811113089014))",0,True,True,,4
89194ad044fffff,116,116-3,9,1,51.476848791027145,-0.050377206077367585,200.821,"POLYGON ((-0.0508080620310644 51.478596023752445, -0.0528983981309615 51.477616867033156, -0.052467477902921 51.47586961288561, -0.0499463780614742 51.475101536163315, -0.0478561365676536 51.47608067243126, -0.048286900309628 51.47782790587146, -0.0508080620310644 51.478596023752445))",0,True,True,,5
89194ad0453ffff,116,116-4,9,1,51.48230131502616,-0.04705804332803374,200.821,"POLYGON ((-0.0474888265921051 51.48404846061325, -0.0495793591510472 51.4830694733457, -0.0491485115986506 51.48132230633179, -0.0466272879997187 51.48055414729341, -0.0445368500777178 51.48153311411414, -0.0449675411181338 51.48328026041868, -0.0474888265921051 51.48404846061325))",0,True,True,,2
89194ad0457ffff,116,116-5,9,1,51.479785945666634,-0.04410618696670645,200.821,"POLYGON ((-0.0445368500777178 51.48153311411414, -0.0466272879997187 51.48055414729341, -0.0461965606045014 51.478806957418115, -0.0436755517823751 51.47803875507924, -0.0415852085004107 51.47901770145835, -0.0420157794009478 51.480764870616554, -0.0445368500777178 51.48153311411414))",0,True,True,,0
89194ad045bffff,116,116-6,9,1,51.48209042277494,-0.05166985776270359,200.821,"POLYGON ((-0.052100797545929 51.48383758906587, -0.0541913264909809 51.482858496615876, -0.053760322422319 51.4811113089014, -0.05123894592529 51.480343234336075, -0.0491485115986506 51.48132230633179, -0.0495793591510472 51.4830694733457, -0.052100797545929 51.48383758906587))",0,True,True,,0
89194ad2663ffff,118,118-0,9,1,51.50997493267651,-0.021227770104761387,200.821,"POLYGON ((-0.0216578761537876 51.511721600767444, -0.0237493982853204 51.51074367143005, -0.0233192278722422 51.50899698188296, -0.0207976919608923 51.50822824240886, -0.0187062646578782 51.50920615133706, -0.0191362784381181 51.510952820147146, -0.0216578761537876 51.511721600767444))",0,True,True,,1
89194ad2667ffff,118,118-1,9,1,51.5074594603529,-0.01827627877642958,200.821,"POLYGON ((-0.0187062646578782 51.50920615133706, -0.0207976919608923 51.50822824240886, -0.0203676417195335 51.506481529967566, -0.0178463207911157 51.50571274719776, -0.0157549883196692 51.50669063572196, -0.016184881945517 51.50843732741852, -0.0187062646578782 51.50920615133706))",0,True,True,,7
89194ad266bffff,118,118-2,9,1,51.5097656787683,-0.025840886509693312,200.821,"POLYGON ((-0.0262711491987843 51.511512367590655, -0.0283626678723918 51.5105343330579, -0.0279323408220733 51.5087876227826, -0.0254106517358292 51.50801896776687, -0.0233192278722422 51.50899698188296, -0.0237493982853204 51.51074367143005, -0.0262711491987843 51.511512367590655))",0,True,True,,4
89194ad266fffff,118,118-3,9,1,51.50725027015954,-0.022889085368024645,200.821,"POLYGON ((-0.0233192278722422 51.50899698188296, -0.0254106517358292 51.50801896776687, -0.024980444874575 51.506272234589574, -0.0224589707700512 51.50550353626292, -0.0203676417195335 51.506481529967566, -0.0207976919608923 51.50822824240886, -0.0233192278722422 51.50899698188296))",0,True,True,,12
89194ad2673ffff,118,118-4,9,1,51.51269946678001,-0.019566320119811506,200.821,"POLYGON ((-0.0199963897056154 51.514446091232536, -0.022088010110659 51.51346824667843, -0.0216578761537876 51.511721600767444, -0.0191362784381181 51.510952820147146, -0.0170447528770809 51.511930644294324, -0.0174747301881305 51.51367726946731, -0.0199963897056154 51.514446091232536))",0,True,True,,2
89194ad2677ffff,118,118-5,9,1,51.510183996943674,-0.016614803463749966,200.821,"POLYGON ((-0.0170447528770809 51.511930644294324, -0.0191362784381181 51.510952820147146, -0.0187062646578782 51.50920615133706, -0.016184881945517 51.50843732741852, -0.0140934512315078 51.50941513116397, -0.0145233083832716 51.51116177922828, -0.0170447528770809 51.511930644294324))",0,True,True,,5
89194ad267bffff,118,118-6,9,1,51.51249033879764,-0.024179596609962863,200.821,"POLYGON ((-0.0246098228488173 51.51423698398267, -0.0267014398058268 51.51325903423089, -0.0262711491987843 51.511512367590655, -0.0237493982853204 51.51074367143005, -0.0216578761537876 51.511721600767444, -0.022088010110659 51.51346824667843, -0.0246098228488173 51.51423698398267))",0,True,True,,2
89194ad2203ffff,123,123-0,9,1,51.49656003002982,-0.0249208330518657,200.821,"POLYGON ((-0.0253509647253837 51.498306895489705, -0.0274419990516897 51.49732864748325, -0.0270118030462757 51.495581760575384, -0.0244907292786964 51.49481314241325, -0.0223997897221509 51.4957913700066, -0.0228298291638547 51.49753823617376, -0.0253509647253837 51.498306895489705))",0,True,True,,11
89194ad2207ffff,123,123-1,9,1,51.49404448168539,-0.02196977817436654,200.821,"POLYGON ((-0.0223997897221509 51.4957913700066, -0.0244907292786964 51.49481314241325, -0.0240606534031528 51.493066232643066, -0.0215397945178508 51.49229757121327, -0.0194489497340773 51.49327577839875, -0.0198788690632396 51.49502266742044, -0.0223997897221509 51.4957913700066))",0,True,True,,0
89194ad220bffff,123,123-2,9,1,51.4963503361649,-0.02953299947626111,200.821,"POLYGON ((-0.0299632877206872 51.498097222359974, -0.0320543185678843 51.49711886917491, -0.0316239659944101 51.495371961535085, -0.0291027391422329 51.49460342781087, -0.0270118030462757 51.495581760575384, -0.0274419990516897 51.49732864748325, -0.0299632877206872 51.498097222359974))",0,True,True,,0
89194ad220fffff,123,123-3,9,1,51.49383485151122,-0.026581634944875854,200.821,"POLYGON ((-0.0270118030462757 51.495581760575384, -0.0291027391422329 51.49460342781087, -0.02867250671593 51.49285649730096, -0.0261514947448232 51.49208792029388, -0.0240606534031528 51.493066232643066, -0.0244907292786964 51.49481314241325, -0.0270118030462757 51.495581760575384))",0,True,True,,0
89194ad2213ffff,123,123-4,9,1,51.49928508018374,-0.023259896502154657,200.821,"POLYGON ((-0.023689991739702 51.50103190203343, -0.025781124301861 51.50005373878969, -0.0253509647253837 51.498306895489705, -0.0228298291638547 51.49753823617376, -0.0207387913868763 51.49851637900668, -0.0211687943866979 51.50026320156495, -0.023689991739702 51.50103190203343))",0,True,True,,14
89194ad2217ffff,123,123-5,9,1,51.496769534290806,-0.02030881627995915,200.821,"POLYGON ((-0.0207387913868763 51.49851637900668, -0.0228298291638547 51.49753823617376, -0.0223997897221509 51.4957913700066, -0.0198788690632396 51.49502266742044, -0.017787926074523 51.49600078984775, -0.0182178089568726 51.49774763526544, -0.0207387913868763 51.49851637900668))",0,True,True,,8
89194ad221bffff,123,123-6,9,1,51.49907551223174,-0.027872222963779898,200.821,"POLYGON ((-0.0283024747852085 51.50082235481765, -0.0303936038781737 51.49984408639295, -0.0299632877206872 51.498097222359974, -0.0274419990516897 51.49732864748325, -0.0253509647253837 51.498306895489705, -0.025781124301861 51.50005373878969, -0.0283024747852085 51.50082235481765))",0,True,True,,6
89194ad2283ffff,136,136-0,9,1,51.50221925438711,-0.016986488498144287,200.821,"POLYGON ((-0.0174163906992291 51.50396601187478, -0.0195076249336474 51.50298803857644, -0.0190776583837612 51.5012412596329, -0.0165566141851695 51.5004724747378, -0.0144654747699236 51.50145042763506, -0.0148952847345411 51.50319718582712, -0.0174163906992291 51.50396601187478))",7,True,True,,36
89194ad2287ffff,136,136-1,9,1,51.4997036472841,-0.01403569268704277,200.821,"POLYGON ((-0.0144654747699236 51.50145042763506, -0.0165566141851695 51.5004724747378, -0.0161267677576543 51.498725672930014, -0.0136059384832537 51.49795684477735, -0.0115148938901782 51.49893477727878, -0.011944583749783 51.50068155832729, -0.0144654747699236 51.50145042763506))",7,True,True,,25
89194ad228bffff,136,136-2,9,1,51.50201000196252,-0.02159882528204972,200.821,"POLYGON ((-0.0220288840756084 51.503756780196206, -0.0241201148791789 51.502778701719734, -0.023689991739702 51.50103190203343, -0.0211687943866979 51.50026320156495, -0.0190776583837612 51.5012412596329, -0.0195076249336474 51.50298803857644, -0.0220288840756084 51.503756780196206))",0,True,True,,14
89194ad228fffff,136,136-3,9,1,51.49949445852818,-0.018647719725728363,200.821,"POLYGON ((-0.0190776583837612 51.5012412596329, -0.0211687943866979 51.50026320156495, -0.0207387913868763 51.49851637900668, -0.0182178089568726 51.49774763526544, -0.0161267677576543 51.498725672930014, -0.0165566141851695 51.5004724747378, -0.0190776583837612 51.5012412596329))",0,True,True,,12
89194ad2293ffff,136,136-4,9,1,51.504943921857105,-0.01532512258356088,200.821,"POLYGON ((-0.0157549883196692 51.50669063572196, -0.0178463207911157 51.50571274719776, -0.0174163906992291 51.50396601187478, -0.0148952847345411 51.50319718582712, -0.0128040470977233 51.504175053952494, -0.0132338205913996 51.50592176852295, -0.0157549883196692 51.50669063572196))",0,True,True,,13
89194ad2297ffff,136,136-5,9,1,51.50242831721957,-0.01237430148472084,200.821,"POLYGON ((-0.0128040470977233 51.504175053952494, -0.0148952847345411 51.50319718582712, -0.0144654747699236 51.50145042763506, -0.011944583749783 51.50068155832729, -0.009853440950616 51.50165940605906, -0.0102830943343693 51.503406143490814, -0.0128040470977233 51.504175053952494))",7,True,True,,23
89194ad229bffff,136,136-6,9,1,51.504734795355695,-0.01993761937800744,200.821,"POLYGON ((-0.0203676417195335 51.506481529967566, -0.0224589707700512 51.50550353626292, -0.0220288840756084 51.503756780196206, -0.0195076249336474 51.50298803857644, -0.0174163906992291 51.50396601187478, -0.0178463207911157 51.50571274719776, -0.0203676417195335 51.506481529967566))",7,True,True,,55
89194ad2603ffff,142,142-0,9,1,51.51563268486434,-0.013291448650689734,200.821,"POLYGON ((-0.0137213251035903 51.517379244930396, -0.0158130471973224 51.51640159035897, -0.0153831063635097 51.5146550088289, -0.0128616000907709 51.513886102616624, -0.0107699728750053 51.51486373679084, -0.0111997570544382 51.51661029757314, -0.0137213251035903 51.517379244930396))",0,True,True,,2
89194ad2607ffff,142,142-1,9,1,51.513117153829604,-0.010340216582167515,200.821,"POLYGON ((-0.0107699728750053 51.51486373679084, -0.0128616000907709 51.513886102616624, -0.0124317794211571 51.51213949819042, -0.0099104881732588 51.511370548692554, -0.0078189558385159 51.512348162474765, -0.0082486198710858 51.51409474614544, -0.0107699728750053 51.51486373679084))",0,True,True,,7
89194ad260bffff,142,142-2,9,1,51.51542387245956,-0.017904735399596666,200.821,"POLYGON ((-0.0183347685141211 51.51717045326788, -0.0204264871982076 51.51619269350161, -0.0199963897056154 51.514446091232536, -0.0174747301881305 51.51367726946731, -0.0153831063635097 51.5146550088289, -0.0158130471973224 51.51640159035897, -0.0183347685141211 51.51717045326788))",0,True,True,,2
89194ad260fffff,142,142-3,9,1,51.51290840511762,-0.014953193426378249,200.821,"POLYGON ((-0.0153831063635097 51.5146550088289, -0.0174747301881305 51.51367726946731, -0.0170447528770809 51.511930644294324, -0.0145233083832716 51.51116177922828, -0.0124317794211571 51.51213949819042, -0.0128616000907709 51.513886102616624, -0.0153831063635097 51.5146550088289))",0,True,True,,10
89194ad2613ffff,142,142-4,9,1,51.51835683617335,-0.01162956912310197,200.821,"POLYGON ((-0.0120594090837091 51.52010335258839, -0.0141512294521038 51.5191257828117, -0.0137213251035903 51.517379244930396, -0.0111997570544382 51.51661029757314, -0.0091080315794881 51.517587846954896, -0.0095377792606574 51.51933436408742, -0.0120594090837091 51.52010335258839))",0,True,True,,1
89194ad2617ffff,142,142-5,9,1,51.51584130763986,-0.008678311783859721,200.821,"POLYGON ((-0.0091080315794881 51.517587846954896, -0.0111997570544382 51.51661029757314, -0.0107699728750053 51.51486373679084, -0.0082486198710858 51.51409474614544, -0.0061569892926245 51.51507227513746, -0.0065866168220422 51.516818815163205, -0.0091080315794881 51.517587846954896))",0,True,True,,0
89194ad261bffff,142,142-6,9,1,51.518148149704736,-0.01624301593051439,200.821,"POLYGON ((-0.0166730125657068 51.519894686863026, -0.0187648295343767 51.5189170118892, -0.0183347685141211 51.51717045326788, -0.0158130471973224 51.51640159035897, -0.0137213251035903 51.517379244930396, -0.0141512294521038 51.5191257828117, -0.0166730125657068 51.519894686863026))",0,True,True,,1
89194ad0623ffff,143,143-0,9,1,51.468245810043385,-0.06457711796493106,200.821,"POLYGON ((-0.0650083958059459 51.469993214820846, -0.0670984299038602 51.469013593611756, -0.0666670878152865 51.46726616742547, -0.0641458680850153 51.46649838313361, -0.0620559285098202 51.467477983869635, -0.0624871141425958 51.469225389369186, -0.0650083958059459 51.469993214820846))",0,True,True,,16
89194ad0627ffff,143,143-1,9,1,51.46573055624046,-0.06162477083177295,200.821,"POLYGON ((-0.0620559285098202 51.467477983869635, -0.0641458680850153 51.46649838313361, -0.0637146461635026 51.464750934094624, -0.0611936411057484 51.46398310648477, -0.0591037960563652 51.46496268675293, -0.0595348615393438 51.4667101150974, -0.0620559285098202 51.467477983869635))",0,True,True,,1
89194ad062bffff,143,143-2,9,1,51.468033909109124,-0.0691884300217182,200.821,"POLYGON ((-0.0696198643257339 51.46978133456782, -0.0717098947035225 51.46880160817772, -0.0712783961548439 51.46705416131344, -0.0687570236888833 51.46628646151587, -0.0666670878152865 51.46726616742547, -0.0670984299038602 51.469013593611756, -0.0696198643257339 51.46978133456782))",7,True,True,,26
89194ad062fffff,143,143-3,9,1,51.465518719107315,-0.0662357736914968,200.821,"POLYGON ((-0.0666670878152865 51.46726616742547, -0.0687570236888833 51.46628646151587, -0.0683256453245274 51.46453899179115, -0.0658044875298357 51.46377124866034, -0.0637146461635026 51.464750934094624, -0.0641458680850153 51.46649838313361, -0.0666670878152865 51.46726616742547))",0,True,True,,17
89194ad0633ffff,143,143-4,9,1,51.47097277273595,-0.06291832773273422,200.821,"POLYGON ((-0.0633495692829674 51.472720133966845, -0.0654397016107307 51.471740597462855, -0.0650083958059459 51.469993214820846, -0.0624871141425958 51.469225389369186, -0.0603970763529687 51.47020490540239, -0.060828225688975 51.47195226735664, -0.0633495692829674 51.472720133966845))",0,True,True,,0
89194ad0637ffff,143,143-5,9,1,51.46845752131493,-0.059965954970649965,200.821,"POLYGON ((-0.0603970763529687 51.47020490540239, -0.0624871141425958 51.469225389369186, -0.0620559285098202 51.467477983869635, -0.0595348615393438 51.4667101150974, -0.0574449182909492 51.46768961066498, -0.0578759474722137 51.46943699546903, -0.0603970763529687 51.47020490540239))",0,True,True,,1
89194ad063bffff,143,143-6,9,1,51.470760997663035,-0.06752979995990946,200.821,"POLYGON ((-0.0679611979860697 51.47250837957616, -0.0700513266035816 51.47152873788882, -0.0696198643257339 51.46978133456782, -0.0670984299038602 51.469013593611756, -0.0650083958059459 51.469993214820846, -0.0654397016107307 51.471740597462855, -0.0679611979860697 51.47250837957616))",7,True,True,,41
89194ad0483ffff,149,149-0,9,1,51.483142987792036,-0.028612279425640562,200.821,"POLYGON ((-0.0290424366563991 51.484890050476075, -0.0311329833867306 51.48391148388696, -0.0307027618561685 51.4821643997631, -0.0281821500903329 51.48139590297138, -0.0260916980709965 51.482374449143535, -0.0265217631069592 51.48412151252294, -0.0290424366563991 51.484890050476075))",0,True,True,,1
89194ad0487ffff,149,149-1,9,1,51.4806273636301,-0.025661660924130105,200.821,"POLYGON ((-0.0260916980709965 51.482374449143535, -0.0281821500903329 51.48139590297138, -0.0277520486478102 51.479648796017145, -0.0252316516636587 51.478880255985864, -0.0231412943583627 51.479858781746195, -0.0235712393236014 51.48160586794824, -0.0260916980709965 51.482374449143535))",0,True,True,,12
89194ad048bffff,149,149-2,9,1,51.482932853998356,-0.03322349622082257,200.821,"POLYGON ((-0.033653809953401 51.48467993742129, -0.0357443531834848 51.48370126567027, -0.0353139751539996 51.48195416081074, -0.0327932103937901 51.481185748436495, -0.0307027618561685 51.4821643997631, -0.0311329833867306 51.48391148388696, -0.033653809953401 51.48467993742129))",0,True,True,,7
89194ad048fffff,149,149-3,9,1,51.48041729350302,-0.030272568224797108,200.821,"POLYGON ((-0.0307027618561685 51.4821643997631, -0.0327932103937901 51.481185748436495, -0.0323629524695961 51.47943862073886, -0.0298424024898635 51.478670165109804, -0.0277520486478102 51.479648796017145, -0.0281821500903329 51.48139590297138, -0.0307027618561685 51.4821643997631))",0,True,True,,2
89194ad0493ffff,149,149-4,9,1,51.48586855376524,-0.02695185603461215,200.821,"POLYGON ((-0.0273819768567032 51.48761557286736, -0.0294726217852645 51.4866370910203, -0.0290424366563991 51.484890050476075, -0.0265217631069592 51.48412151252294, -0.024431212904827 51.485099973955315, -0.0248612415261344 51.48684699375409, -0.0273819768567032 51.48761557286736))",0,True,True,,0
89194ad0497ffff,149,149-5,9,1,51.48335293201899,-0.024001212171546358,200.821,"POLYGON ((-0.024431212904827 51.485099973955315, -0.0265217631069592 51.48412151252294, -0.0260916980709965 51.482374449143535, -0.0235712393236014 51.48160586794824, -0.0214807838509575 51.482584308971106, -0.0219106923966552 51.48433135159731, -0.024431212904827 51.485099973955315))",0,True,True,,0
89194ad049bffff,149,149-6,9,1,51.48565854587145,-0.03156323281907322,200.821,"POLYGON ((-0.0319935101559091 51.48740558571348, -0.0340841515941615 51.486426998702186, -0.033653809953401 51.48467993742129, -0.0311329833867306 51.48391148388696, -0.0290424366563991 51.484890050476075, -0.0294726217852645 51.4866370910203, -0.0319935101559091 51.48740558571348))",0,True,True,,3
89194ad0403ffff,152,152-0,9,1,51.47748108532507,-0.03654361927135471,200.821,"POLYGON ((-0.0369740057712744 51.47922825589229, -0.0390643526016835 51.47824941467555, -0.0386339018188314 51.476502222676324, -0.0361132606790186 51.47573389262606, -0.0340230085102122 51.47671271341381, -0.03445330282002 51.4784598846794, -0.0369740057712744 51.47922825589229))",0,True,True,,5
89194ad0407ffff,152,152-1,9,1,51.47496552001912,-0.03359274210163382,200.821,"POLYGON ((-0.0340230085102122 51.47671271341381, -0.0361132606790186 51.47573389262606, -0.0356829299916352 51.4739866777984, -0.0331625035916236 51.47321830449848, -0.0310723460874785 51.47419710486243, -0.0315025203190936 51.47594429894869, -0.0340230085102122 51.47671271341381))",0,True,True,,16
89194ad040bffff,152,152-2,9,1,51.477270510163024,-0.04115466552023364,200.821,"POLYGON ((-0.0415852085004107 51.47901770145835, -0.0436755517823751 51.47803875507924, -0.043244944522122 51.47629154235517, -0.040724150457708 51.47552329673365, -0.0386339018188314 51.476502222676324, -0.0390643526016835 51.47824941467555, -0.0415852085004107 51.47901770145835))",0,True,True,,0
89194ad040fffff,152,152-3,9,1,51.47475500854579,-0.03820347894726583,200.821,"POLYGON ((-0.0386339018188314 51.476502222676324, -0.040724150457708 51.47552329673365, -0.040293663310202 51.47377606117335, -0.0377730839843554 51.47300777228697, -0.0356829299916352 51.4739866777984, -0.0361132606790186 51.47573389262606, -0.0386339018188314 51.476502222676324))",0,True,True,,19
89194ad0413ffff,152,152-4,9,1,51.48020703381276,-0.03488362503372859,200.821,"POLYGON ((-0.0353139751539996 51.48195416081074, -0.0374044201814802 51.48097540432456, -0.0369740057712744 51.47922825589229, -0.03445330282002 51.4784598846794, -0.0323629524695961 51.47943862073886, -0.0327932103937901 51.481185748436495, -0.0353139751539996 51.48195416081074))",0,True,True,,2
89194ad0417ffff,152,152-5,9,1,51.477691470908574,-0.031932722445589416,200.821,"POLYGON ((-0.0323629524695961 51.47943862073886, -0.03445330282002 51.4784598846794, -0.0340230085102122 51.47671271341381, -0.0315025203190936 51.47594429894869, -0.0294122646487578 51.47692301458665, -0.0298424024898635 51.478670165109804, -0.0323629524695961 51.47943862073886))",0,True,True,,0
89194ad041bffff,152,152-6,9,1,51.47999658454028,-0.039494831298514686,200.821,"POLYGON ((-0.0399253379119976 51.481743732267454, -0.0420157794009478 51.480764870616554, -0.0415852085004107 51.47901770145835, -0.0390643526016835 51.47824941467555, -0.0369740057712744 51.47922825589229, -0.0374044201814802 51.48097540432456, -0.0399253379119976 51.481743732267454))",0,True,True,,0
89194ad0463ffff,160,160-0,9,1,51.471817976554085,-0.04447393030121193,200.821,"POLYGON ((-0.0449045459907388 51.473565254968264, -0.0469946928754148 51.47258613914648, -0.046564012919829 51.47083883930815, -0.0440433425314467 51.470070676013016, -0.0419532902590105 51.47104977139382, -0.0423838137631022 51.47279705050931, -0.0449045459907388 51.473565254968264))",0,True,True,,0
89194ad0467ffff,160,160-1,9,1,51.46930247015412,-0.041522794668306336,200.821,"POLYGON ((-0.0419532902590105 51.47104977139382, -0.0440433425314467 51.470070676013016, -0.043612782678791 51.46832335334819, -0.0410923269882919 51.46755514679332, -0.0390023693311469 51.46853422173831, -0.0394327727495959 51.470281523672554, -0.0419532902590105 51.47104977139382))",0,True,True,,0
89194ad046bffff,160,160-2,9,1,51.47160696003257,-0.04908480583254432,200.821,"POLYGON ((-0.0495155779807662 51.47335425916408, -0.0516057212688203 51.47237503817942, -0.0511748848574116 51.470627717627025, -0.0486540616141606 51.469859638771915, -0.046564012919829 51.47083883930815, -0.0469946928754148 51.47258613914648, -0.0495155779807662 51.47335425916408))",0,True,True,,0
89194ad046fffff,160,160-3,9,1,51.46909151734335,-0.04613336088770651,200.821,"POLYGON ((-0.046564012919829 51.47083883930815, -0.0486540616141606 51.469859638771915, -0.0482233453229517 51.468112295385225, -0.045702736776349 51.46734417325519, -0.043612782678791 51.46832335334819, -0.0440433425314467 51.470070676013016, -0.046564012919829 51.47083883930815))",0,True,True,,3
89194ad0473ffff,160,160-4,9,1,51.47454430749747,-0.04281436518326893,200.821,"POLYGON ((-0.043244944522122 51.47629154235517, -0.0453351896026797 51.4753125112524, -0.0449045459907388 51.473565254968264, -0.0423838137631022 51.47279705050931, -0.040293663310202 51.47377606117335, -0.040724150457708 51.47552329673365, -0.043244944522122 51.47629154235517))",0,True,True,,0
89194ad0477ffff,160,160-5,9,1,51.47202880348529,-0.03986320407506897,200.821,"POLYGON ((-0.040293663310202 51.47377606117335, -0.0423838137631022 51.47279705050931, -0.0419532902590105 51.47104977139382, -0.0394327727495959 51.470281523672554, -0.0373427169274233 51.4712605139031, -0.0377730839843554 51.47300777228697, -0.040293663310202 51.47377606117335))",0,True,True,,0
89194ad047bffff,160,160-6,9,1,51.4743334168552,-0.04742540075711658,200.821,"POLYGON ((-0.0478561365676536 51.47608067243126, -0.0499463780614742 51.475101536163315, -0.0495155779807662 51.47335425916408, -0.0469946928754148 51.47258613914648, -0.0449045459907388 51.473565254968264, -0.0453351896026797 51.4753125112524, -0.0478561365676536 51.47608067243126))",7,True,True,,28
89194ad2623ffff,161,161-0,9,1,51.50787727190341,-0.00905111499657059,200.821,"POLYGON ((-0.0094807876456235 51.50962392138277, -0.0115722217421791 51.50864622281491, -0.0111424847274882 51.506899551871875, -0.0086214702234295 51.50613060025757, -0.0065301309954466 51.50710827843636, -0.0069597114033666 51.508854928617126, -0.0094807876456235 51.50962392138277))",0,True,True,,4
89194ad2627ffff,161,161-1,9,1,51.50536160609186,-0.006100578457095283,200.821,"POLYGON ((-0.0065301309954466 51.50710827843636, -0.0086214702234295 51.50613060025757, -0.008191853323576 51.50438390644841, -0.005671053785602 51.50361491158665, -0.0035798094292329 51.50459256938155, -0.004009269739657 51.506339242420694, -0.0065301309954466 51.50710827843636))",0,True,True,,2
89194ad262bffff,161,161-2,9,1,51.50766846092781,-0.01366362196842551,200.821,"POLYGON ((-0.0140934512315078 51.50941513116397, -0.016184881945517 51.50843732741852, -0.0157549883196692 51.50669063572196, -0.0132338205913996 51.50592176852295, -0.0111424847274882 51.506899551871875, -0.0115722217421791 51.50864622281491, -0.0140934512315078 51.50941513116397))",0,True,True,,0
89194ad262fffff,161,161-3,9,1,51.50515285876281,-0.01071277559245364,200.821,"POLYGON ((-0.0111424847274882 51.506899551871875, -0.0132338205913996 51.50592176852295, -0.0128040470977233 51.504175053952494, -0.0102830943343693 51.503406143490814, -0.008191853323576 51.50438390644841, -0.0086214702234295 51.50613060025757, -0.0111424847274882 51.506899551871875))",0,True,True,,1
89194ad2633ffff,161,161-4,9,1,51.51060155663096,-0.00738931968352005,200.821,"POLYGON ((-0.0078189558385159 51.512348162474765, -0.0099104881732588 51.511370548692554, -0.0094807876456235 51.50962392138277, -0.0069597114033666 51.508854928617126, -0.0048682739526891 51.50983252201253, -0.0052978178606106 51.51157912855902, -0.0078189558385159 51.512348162474765))",0,True,True,,5
89194ad2637ffff,161,161-5,9,1,51.50808589329874,-0.004438757913281547,200.821,"POLYGON ((-0.0048682739526891 51.50983252201253, -0.0069597114033666 51.508854928617126, -0.0065301309954466 51.50710827843636, -0.004009269739657 51.506339242420694, -0.0019179271760435 51.507316815434514, -0.0023473509815843 51.509063444844216, -0.0048682739526891 51.50983252201253))",0,True,True,,4
89194ad263bffff,161,161-6,9,1,51.510392871588785,-0.012001986639176704,200.821,"POLYGON ((-0.0124317794211571 51.51213949819042, -0.0145233083832716 51.51116177922828, -0.0140934512315078 51.50941513116397, -0.0115722217421791 51.50864622281491, -0.0094807876456235 51.50962392138277, -0.0099104881732588 51.511370548692554, -0.0124317794211571 51.51213949819042))",0,True,True,,19
89194ad22a3ffff,165,165-0,9,1,51.49446317330901,-0.012746513702224039,200.821,"POLYGON ((-0.0131762121558554 51.496210020117964, -0.01526715854833 51.495232002851516, -0.0148373957612058 51.49348513458704, -0.0123168431196591 51.492716304353614, -0.0102259915369605 51.49369430122708, -0.0106555977864315 51.49544114872554, -0.0131762121558554 51.496210020117964))",0,True,True,,1
89194ad22a7ffff,165,165-1,9,1,51.49194743158486,-0.009796413152169824,200.821,"POLYGON ((-0.0102259915369605 51.49369430122708, -0.0123168431196591 51.492716304353614, -0.0118872004055372 51.49096941325491, -0.009366862629467 51.49020053980207, -0.0072761058595633 51.49117851628776, -0.0077055920533652 51.49292538661269, -0.0102259915369605 51.49369430122708))",0,True,True,,0
89194ad22abffff,165,165-2,9,1,51.494253922278276,-0.017358071075983115,200.821,"POLYGON ((-0.017787926074523 51.49600078984775, -0.0198788690632396 51.49502266742044, -0.0194489497340773 51.49327577839875, -0.0169282439586388 51.492507032560155, -0.0148373957612058 51.49348513458704, -0.01526715854833 51.495232002851516, -0.017787926074523 51.49600078984775))",0,True,True,,1
89194ad22afffff,165,165-3,9,1,51.49173824417657,-0.014407660848844352,200.821,"POLYGON ((-0.0148373957612058 51.49348513458704, -0.0169282439586388 51.492507032560155, -0.0164984447198044 51.49076012069645, -0.0139779538086577 51.489991331623266, -0.0118872004055372 51.49096941325491, -0.0123168431196591 51.492716304353614, -0.0148373957612058 51.49348513458704))",0,True,True,,0
89194ad22b3ffff,165,165-4,9,1,51.49718797407713,-0.011085231903277516,200.821,"POLYGON ((-0.0115148938901782 51.49893477727878, -0.0136059384832537 51.49795684477735, -0.0131762121558554 51.496210020117964, -0.0106555977864315 51.49544114872554, -0.0085646480186134 51.496419060836246, -0.0089942177954179 51.49816586472865, -0.0115148938901782 51.49893477727878))",0,True,True,,1
89194ad22b7ffff,165,165-5,9,1,51.494672234796575,-0.008135106105512773,200.821,"POLYGON ((-0.0085646480186134 51.496419060836246, -0.0106555977864315 51.49544114872554, -0.0102259915369605 51.49369430122708, -0.0077055920533652 51.49292538661269, -0.0056147371138012 51.49390327833791, -0.0060441868300046 51.49565010506158, -0.0085646480186134 51.496419060836246))",0,True,True,,3
89194ad22bbffff,165,165-6,9,1,51.49697884896688,-0.01569694921292277,200.821,"POLYGON ((-0.0161267677576543 51.498725672930014, -0.0182178089568726 51.49774763526544, -0.017787926074523 51.49600078984775, -0.01526715854833 51.495232002851516, -0.0131762121558554 51.496210020117964, -0.0136059384832537 51.49795684477735, -0.0161267677576543 51.498725672930014))",0,True,True,,19
89194ad04a3ffff,196,196-0,9,1,51.47538597431725,-0.024371716791271338,200.821,"POLYGON ((-0.0248016702869223 51.47713312621385, -0.0268919294303909 51.47615451572059, -0.0264619116501841 51.474407342384445, -0.0239417911740053 51.47363880029917, -0.0218516267321906 51.474617390383564, -0.0222814880653142 51.47636454296074, -0.0248016702869223 51.47713312621385))",0,True,True,,19
89194ad04a7ffff,196,196-1,9,1,51.4728702156876,-0.021421793271084476,200.821,"POLYGON ((-0.0218516267321906 51.474617390383564, -0.0239417911740053 51.47363880029917, -0.0235118934324904 51.47189160416272, -0.0209919876793575 51.47112301887598, -0.0189019179422421 51.472101588556676, -0.0193316592539847 51.47384876392643, -0.0218516267321906 51.474617390383564))",0,True,True,,3
89194ad04abffff,196,196-2,9,1,51.47517584193658,-0.028982154698824664,200.821,"POLYGON ((-0.0294122646487578 51.47692301458665, -0.0315025203190936 51.47594429894869, -0.0310723460874785 51.47419710486243, -0.0285520726373629 51.473428647162855, -0.0264619116501841 51.474407342384445, -0.0268919294303909 51.47615451572059, -0.0294122646487578 51.47692301458665))",0,True,True,,14
89194ad04afffff,196,196-3,9,1,51.47266014692732,-0.02603192175209086,200.821,"POLYGON ((-0.0264619116501841 51.474407342384445, -0.0285520726373629 51.473428647162855, -0.0281220184617226 51.471681430268504, -0.0256019597334618 51.47091292935229, -0.0235118934324904 51.47189160416272, -0.0239417911740053 51.47363880029917, -0.0264619116501841 51.474407342384445))",0,True,True,,4
89194ad04b3ffff,196,196-4,9,1,51.478111673415995,-0.022711377273160277,200.821,"POLYGON ((-0.0231412943583627 51.479858781746195, -0.0252316516636587 51.478880255985864, -0.0248016702869223 51.47713312621385, -0.0222814880653142 51.47636454296074, -0.0201912254771311 51.47734304831449, -0.0206210503938523 51.47909015732656, -0.0231412943583627 51.479858781746195))",0,True,True,,5
89194ad04b7ffff,196,196-5,9,1,51.47559591718006,-0.019761428431377796,200.821,"POLYGON ((-0.0201912254771311 51.47734304831449, -0.0222814880653142 51.47636454296074, -0.0218516267321906 51.474617390383564, -0.0193316592539847 51.47384876392643, -0.0172414913859074 51.47482724887878, -0.0176711962763248 51.476574380688255, -0.0201912254771311 51.47734304831449))",0,True,True,,7
89194ad04bbffff,196,196-6,9,1,51.47790166693252,-0.02732197509538641,200.821,"POLYGON ((-0.0277520486478102 51.479648796017145, -0.0298424024898635 51.478670165109804, -0.0294122646487578 51.47692301458665, -0.0268919294303909 51.47615451572059, -0.0248016702869223 51.47713312621385, -0.0252316516636587 51.478880255985864, -0.0277520486478102 51.479648796017145))",7,True,True,,23
89194ad2343ffff,199,199-0,9,1,51.48104693527112,-0.016440295057559243,200.821,"POLYGON ((-0.0168700192484602 51.48279397926485, -0.0189604781460134 51.48181564338617, -0.0185306896537319 51.480068577945076, -0.016010598732877 51.47929986915098, -0.0139202345863161 51.4802781846328, -0.0143498666100294 51.48202522930415, -0.0168700192484602 51.48279397926485))",0,True,True,,2
89194ad2347ffff,199,199-1,9,1,51.47853111783778,-0.013490630422499546,200.821,"POLYGON ((-0.0139202345863161 51.4802781846328, -0.016010598732877 51.47929986915098, -0.0155809302717854 51.47755278090764, -0.013061054115845 51.476784028922154, -0.0109707847233446 51.4777623240123, -0.0114002967331468 51.47950939147816, -0.0139202345863161 51.4802781846328))",0,True,True,,6
89194ad234bffff,199,199-2,9,1,51.480837244213156,-0.021050903184266855,200.821,"POLYGON ((-0.0214807838509575 51.482584308971106, -0.0235712393236014 51.48160586794824, -0.0231412943583627 51.479858781746195, -0.0206210503938523 51.47909015732656, -0.0185306896537319 51.480068577945076, -0.0189604781460134 51.48181564338617, -0.0214807838509575 51.482584308971106))",0,True,True,,3
89194ad234fffff,199,199-3,9,1,51.47832149037807,-0.018100929031398816,200.821,"POLYGON ((-0.0185306896537319 51.480068577945076, -0.0206210503938523 51.47909015732656, -0.0201912254771311 51.47734304831449, -0.0176711962763248 51.476574380688255, -0.0155809302717854 51.47755278090764, -0.016010598732877 51.47929986915098, -0.0185306896537319 51.480068577945076))",0,True,True,,4
89194ad2353ffff,199,199-4,9,1,51.48377225184875,-0.014779526496272212,200.821,"POLYGON ((-0.0152092142477081 51.485519252263366, -0.017299771308259 51.4845410011291, -0.0168700192484602 51.48279397926485, -0.0143498666100294 51.48202522930415, -0.0122594043159306 51.48300346004383, -0.012688999894228 51.48475046113737, -0.0152092142477081 51.485519252263366))",0,True,True,,3
89194ad2357ffff,199,199-5,9,1,51.481256436823074,-0.011829836596478377,200.821,"POLYGON ((-0.0122594043159306 51.48300346004383, -0.0143498666100294 51.48202522930415, -0.0139202345863161 51.4802781846328, -0.0114002967331468 51.47950939147816, -0.0093099292085512 51.480487601828436, -0.0097394047680452 51.48223462572132, -0.0122594043159306 51.48300346004383))",7,True,True,,46
89194ad235bffff,199,199-6,9,1,51.48356268669819,-0.01939029451093819,200.821,"POLYGON ((-0.0198201387511145 51.485309707878066, -0.0219106923966552 51.48433135159731, -0.0214807838509575 51.482584308971106, -0.0189604781460134 51.48181564338617, -0.0168700192484602 51.48279397926485, -0.017299771308259 51.4845410011291, -0.0198201387511145 51.485309707878066))",0,True,True,,0
89194ad0423ffff,201,201-0,9,1,51.46972380709175,-0.03230211025662916,200.821,"POLYGON ((-0.0327322929775055 51.471471066854974, -0.0348223523210043 51.47049218176961, -0.0343921053324248 51.46874490057472, -0.0318719554263188 51.46797652521195, -0.0297819907351188 51.46895538987642, -0.0302120812981513 51.470702650323155, -0.0327322929775055 51.471471066854974))",0,True,True,,1
89194ad0427ffff,201,201-1,9,1,51.46720810731577,-0.029351928056285313,200.821,"POLYGON ((-0.0297819907351188 51.46895538987642, -0.0318719554263188 51.46797652521195, -0.0314418284839246 51.466229221218654, -0.0289218932590015 51.46546080264435, -0.0268320232231283 51.46643964689312, -0.0272619937572673 51.46818693013053, -0.0297819907351188 51.46895538987642))",0,True,True,,0
89194ad042bffff,201,201-2,9,1,51.46951323339724,-0.03691237777379291,200.821,"POLYGON ((-0.0373427169274233 51.4712605139031, -0.0394327727495959 51.470281523672554, -0.0390023693311469 51.46853422173831, -0.0364820665208082 51.46776593077254, -0.0343921053324248 51.46874490057472, -0.0348223523210043 51.47049218176961, -0.0373427169274233 51.4712605139031))",0,True,True,,0
89194ad042fffff,201,201-3,9,1,51.466997597263706,-0.03396188623812343,200.821,"POLYGON ((-0.0343921053324248 51.46874490057472, -0.0364820665208082 51.46776593077254, -0.0360517831658031 51.466018606032165, -0.03353169503545 51.46525027183964, -0.0314418284839246 51.466229221218654, -0.0318719554263188 51.46797652521195, -0.0343921053324248 51.46874490057472))",0,True,True,,4
89194ad0433ffff,201,201-4,9,1,51.47244988865288,-0.030642199748052865,200.821,"POLYGON ((-0.0310723460874785 51.47419710486243, -0.0331625035916236 51.47321830449848, -0.0327322929775055 51.471471066854974, -0.0302120812981513 51.470702650323155, -0.0281220184617226 51.471681430268504, -0.0285520726373629 51.473428647162855, -0.0310723460874785 51.47419710486243))",0,True,True,,11
89194ad0437ffff,201,201-5,9,1,51.46993419125668,-0.027691992169228567,200.821,"POLYGON ((-0.0281220184617226 51.471681430268504, -0.0302120812981513 51.470702650323155, -0.0297819907351188 51.46895538987642, -0.0272619937572673 51.46818693013053, -0.0251720255916223 51.46916568966243, -0.0256019597334618 51.47091292935229, -0.0281220184617226 51.471681430268504))",0,True,True,,10
89194ad043bffff,201,201-6,9,1,51.47223944084519,-0.035252627206512295,200.821,"POLYGON ((-0.0356829299916352 51.4739866777984, -0.0377730839843554 51.47300777228697, -0.0373427169274233 51.4712605139031, -0.0348223523210043 51.47049218176961, -0.0327322929775055 51.471471066854974, -0.0331625035916236 51.47321830449848, -0.0356829299916352 51.4739866777984))",0,True,True,,0
89194ad0083ffff,210,210-0,9,1,51.464060433720974,-0.04023147534981922,200.821,"POLYGON ((-0.0406618872163619 51.46580780131457, -0.0427517467140628 51.46482864165967, -0.0423212705966516 51.463081252642276, -0.0398010913859822 51.46231304401569, -0.0377113264912187 51.46329218323772, -0.038141646204609 51.465039551517755, -0.0406618872163619 51.46580780131457))",0,True,True,,2
89194ad0087ffff,210,210-1,9,1,51.461544792848635,-0.037281034674172646,200.821,"POLYGON ((-0.0377113264912187 51.46329218323772, -0.0398010913859822 51.46231304401569, -0.0393707353222106 51.46056563220185, -0.0368507707508258 51.4597973803537, -0.0347611004620511 51.460776499147975, -0.035191300139095 51.46252389021675, -0.0377113264912187 51.46329218323772))",0,True,True,,1
89194ad008bffff,210,210-2,9,1,51.46384941872145,-0.04484157230540712,200.821,"POLYGON ((-0.045272140583145 51.46559680704686, -0.0473619965113565 51.464617542246344, -0.0469313639856248 51.46287013250036, -0.0444110319404325 51.46210200828207, -0.0423212705966516 51.463081252642276, -0.0427517467140628 51.46482864165967, -0.045272140583145 51.46559680704686))",0,True,True,,0
89194ad008fffff,210,210-3,9,1,51.46133384151362,-0.04189082238570291,200.821,"POLYGON ((-0.0423212705966516 51.463081252642276, -0.0444110319404325 51.46210200828207, -0.0439805194856054 51.460354575731905, -0.0414604020784892 51.45958640827683, -0.0393707353222106 51.46056563220185, -0.0398010913859822 51.46231304401569, -0.0423212705966516 51.463081252642276))",0,True,True,,1
89194ad0093ffff,210,210-4,9,1,51.46678689768568,-0.03857199381702465,200.821,"POLYGON ((-0.0390023693311469 51.46853422173831, -0.0410923269882919 51.46755514679332, -0.0406618872163619 51.46580780131457, -0.038141646204609 51.465039551517755, -0.0360517831658031 51.466018606032165, -0.0364820665208082 51.46776593077254, -0.0390023693311469 51.46853422173831))",0,True,True,,1
89194ad0097ffff,210,210-5,9,1,51.4642712591792,-0.035621527706132444,200.821,"POLYGON ((-0.0360517831658031 51.466018606032165, -0.038141646204609 51.465039551517755, -0.0377113264912187 51.46329218323772, -0.035191300139095 51.46252389021675, -0.0331015317217138 51.46350292430571, -0.03353169503545 51.46525027183964, -0.0360517831658031 51.466018606032165))",0,True,True,,19
89194ad009bffff,210,210-6,9,1,51.466576008562654,-0.04318225074054179,200.821,"POLYGON ((-0.043612782678791 51.46832335334819, -0.045702736776349 51.46734417325519, -0.045272140583145 51.46559680704686, -0.0427517467140628 51.46482864165967, -0.0406618872163619 51.46580780131457, -0.0410923269882919 51.46755514679332, -0.043612782678791 51.46832335334819))",0,True,True,,2
89194ad20c3ffff,212,212-0,9,1,51.50577853209625,0.003123366036447135,200.821,"POLYGON ((0.0026941266782513 51.50752516288543, 0.0006027808074491 51.506547695031415, 0.0010320845328227 51.50480104277108, 0.003552577547912 51.504031879150965, 0.005643828510152 51.50500932663607, 0.0052146813654287 51.5067559581088, 0.0026941266782513 51.50752516288543))",0,True,True,,0
89194ad20c7ffff,212,212-1,9,1,51.50326267300985,0.006072947814531493,200.821,"POLYGON ((0.005643828510152 51.50500932663607, 0.003552577547912 51.504031879150965, 0.00398176121537 51.502285204052605, 0.0065020392812856 51.50151599723328, 0.0085931953319149 51.50249342435464, 0.0081641682277716 51.504240078657645, 0.005643828510152 51.50500932663607))",7,True,True,,25
89194ad20cbffff,212,212-2,9,1,51.5055701638633,-0.0014885312299685806,200.821,"POLYGON ((-0.0019179271760435 51.507316815434514, -0.004009269739657 51.506339242420694, -0.0035798094292329 51.50459256938155, -0.0010591631406855 51.50382349013366, 0.0010320845328227 51.50480104277108, 0.0006027808074491 51.506547695031415, -0.0019179271760435 51.507316815434514))",0,True,True,,1
89194ad20cfffff,212,212-3,9,1,51.50305436835506,0.0014613604077615065,200.821,"POLYGON ((0.0010320845328227 51.50480104277108, -0.0010591631406855 51.50382349013366, -0.0006298229055256 51.502076794248744, 0.0018906084349847 51.501307671786385, 0.00398176121537 51.502285204052605, 0.003552577547912 51.504031879150965, 0.0010320845328227 51.50480104277108))",0,True,True,,11
89194ad20d3ffff,212,212-4,9,1,51.50850256742492,0.004785506377719277,200.821,"POLYGON ((0.0043563035443661 51.510249154581345, 0.0022648594707074 51.50927177151529, 0.0026941266782513 51.50752516288543, 0.0052146813654287 51.5067559581088, 0.0073060305150224 51.50773332080819, 0.0068769199010666 51.509479908649475, 0.0043563035443661 51.510249154581345))",0,True,True,,0
89194ad20d7ffff,212,212-5,9,1,51.50598671080987,0.007735113289711777,200.821,"POLYGON ((0.0073060305150224 51.50773332080819, 0.0052146813654287 51.5067559581088, 0.005643828510152 51.50500932663607, 0.0081641682277716 51.504240078657645, 0.0102554224503146 51.505217420995585, 0.0098264318818405 51.50696403167197, 0.0073060305150224 51.50773332080819))",0,True,True,,0
89194ad20dbffff,212,212-6,9,1,51.50829432513286,0.00017344922898745508,200.821,"POLYGON ((-0.0002559102052206 51.51004093307237, -0.0023473509815843 51.509063444844216, -0.0019179271760435 51.507316815434514, 0.0006027808074491 51.506547695031415, 0.0026941266782513 51.50752516288543, 0.0022648594707074 51.50927177151529, -0.0002559102052206 51.51004093307237))",0,True,True,,1
89194ad2363ffff,245,245-0,9,1,51.473289784741816,-0.012201985063549643,200.821,"POLYGON ((-0.0126315056637561 51.475036917889135, -0.0147216769296907 51.47405853806371, -0.0142920920433716 51.4723113834694, -0.0117724923125786 51.47154262948331, -0.0096824157882897 51.47252098891995, -0.0101118442535605 51.47426812273008, -0.0126315056637561 51.475036917889135))",0,True,True,,3
89194ad2367ffff,245,245-1,9,1,51.4707738330014,-0.009253015165883846,200.821,"POLYGON ((-0.0096824157882897 51.47252098891995, -0.0117724923125786 51.47154262948331, -0.0113430274081757 51.46979545211677, -0.0088236423836404 51.46902665497742, -0.0067336606040246 51.470004994030475, -0.0071629691046841 51.47175215060506, -0.0096824157882897 51.47252098891995))",0,True,True,,0
89194ad236bffff,245,245-2,9,1,51.47308009495275,-0.01681181435745265,200.821,"POLYGON ((-0.0172414913859074 51.47482724887878, -0.0193316592539847 51.47384876392643, -0.0189019179422421 51.472101588556676, -0.0163821651882718 51.471332918913305, -0.0142920920433716 51.4723113834694, -0.0147216769296907 51.47405853806371, -0.0172414913859074 51.47482724887878))",0,True,True,,16
89194ad236fffff,245,245-3,9,1,51.47056420676438,-0.01386253501001159,200.821,"POLYGON ((-0.0142920920433716 51.4723113834694, -0.0163821651882718 51.471332918913305, -0.0159525438757581 51.46958572076356, -0.0134330058268767 51.46881700795171, -0.0113430274081757 51.46979545211677, -0.0117724923125786 51.47154262948331, -0.0142920920433716 51.4723113834694))",0,True,True,,4
89194ad2373ffff,245,245-4,9,1,51.476015234428544,-0.010541300564368269,200.821,"POLYGON ((-0.0109707847233446 51.4777623240123, -0.013061054115845 51.476784028922154, -0.0126315056637561 51.475036917889135, -0.0101118442535605 51.47426812273008, -0.0080216696181393 51.47524639743371, -0.0084510616362529 51.4769934876815, -0.0109707847233446 51.4777623240123))",0,True,True,,2
89194ad2377ffff,245,245-5,9,1,51.47349928507388,-0.0075923054418539785,200.821,"POLYGON ((-0.0080216696181393 51.47524639743371, -0.0101118442535605 51.47426812273008, -0.0096824157882897 51.47252098891995, -0.0071629691046841 51.47175215060506, -0.005072889229363 51.4727304049274, -0.0055021612779768 51.47447751794452, -0.0080216696181393 51.47524639743371))",0,True,True,,0
89194ad237bffff,245,245-6,9,1,51.47580567054415,-0.015151289671600838,200.821,"POLYGON ((-0.0155809302717854 51.47755278090764, -0.0176711962763248 51.476574380688255, -0.0172414913859074 51.47482724887878, -0.0147216769296907 51.47405853806371, -0.0126315056637561 51.475036917889135, -0.013061054115845 51.476784028922154, -0.0155809302717854 51.47755278090764))",0,True,True,,6
89194ad2303ffff,250,250-0,9,1,51.47894980432625,-0.004270482312881048,200.821,"POLYGON ((-0.0046997735728236 51.48069682955106, -0.0067901444470879 51.47971872432719, -0.0063607888841726 51.47797167764755, -0.003841218889974 51.47720275698537, -0.001750942806686 51.47818084183247, -0.0021801419270769 51.47992786771711, -0.0046997735728236 51.48069682955106))",0,True,True,,0
89194ad2307ffff,250,250-1,9,1,51.476433793834445,-0.0013217715169801668,200.821,"POLYGON ((-0.001750942806686 51.47818084183247, -0.003841218889974 51.47720275698537, -0.0034119833014411 51.475455687531536, -0.0008926280553138 51.474686723726165, 0.0011975532339632 51.47566478820173, 0.0007684740706512 51.477411836852795, -0.001750942806686 51.47818084183247))",0,True,True,,0
89194ad230bffff,250,250-2,9,1,51.47874055581412,-0.008880481498841263,200.821,"POLYGON ((-0.0093099292085512 51.480487601828436, -0.0114002967331468 51.47950939147816, -0.0109707847233446 51.4777623240123, -0.0084510616362529 51.4769934876815, -0.0063607888841726 51.47797167764755, -0.0067901444470879 51.47971872432719, -0.0093099292085512 51.480487601828436))",0,True,True,,6
89194ad230fffff,250,250-3,9,1,51.47622460885229,-0.005931461162048294,200.821,"POLYGON ((-0.0063607888841726 51.47797167764755, -0.0084510616362529 51.4769934876815, -0.0080216696181393 51.47524639743371, -0.0055021612779768 51.47447751794452, -0.0034119833014411 51.475455687531536, -0.003841218889974 51.47720275698537, -0.0063607888841726 51.47797167764755))",0,True,True,,0
89194ad2313ffff,250,250-4,9,1,51.48167487148526,-0.002609368880778099,200.821,"POLYGON ((-0.0030386236705226 51.4834218531338, -0.0051290926724888 51.4824438326567, -0.0046997735728236 51.48069682955106, -0.0021801419270769 51.47992786771711, -8.976773154675321e-5 51.48090586781974, -0.0005189303757541 51.482652850129355, -0.0030386236705226 51.4834218531338))",0,True,True,,0
89194ad2317ffff,250,250-5,9,1,51.47915886339315,0.000339367083050029,200.821,"POLYGON ((-8.976773154675321e-5 51.48090586781974, -0.0021801419270769 51.47992786771711, -0.001750942806686 51.47818084183247, 0.0007684740706512 51.477411836852795, 0.0028587534567173 51.478389816586116, 0.0024297107744877 51.48013682166699, -8.976773154675321e-5 51.48090586781974))",0,True,True,,0
89194ad231bffff,250,250-6,9,1,51.48146574888811,-0.00721952785342042,200.821,"POLYGON ((-0.0076489391058271 51.483212751327116, -0.0097394047680452 51.48223462572132, -0.0093099292085512 51.480487601828436, -0.0067901444470879 51.47971872432719, -0.0046997735728236 51.48069682955106, -0.0051290926724888 51.4824438326567, -0.0076489391058271 51.483212751327116))",7,True,True,,41
89194ad2383ffff,260,260-0,9,1,51.48460861754545,0.0036620480543909186,200.821,"POLYGON ((0.0032329862141785 51.48635553481153, 0.0011424157775599 51.48537770421165, 0.0015715419375621 51.48363076548291, 0.0040910820697479 51.48286167815837, 0.00618155766603 51.48383948839351, 0.0057525879700335 51.48558640631649, 0.0032329862141785 51.48635553481153))",0,True,True,,18
89194ad2387ffff,260,260-1,9,1,51.48209254835227,0.006610499543557782,200.821,"POLYGON ((0.00618155766603 51.48383948839351, 0.0040910820697479 51.48286167815837, 0.0045200882629048 51.48111471665352, 0.0070394136052411 51.48034558619592, 0.00912979435815 51.481323376071494, 0.0087009446116811 51.48307031676284, 0.00618155766603 51.48383948839351))",0,True,True,,0
89194ad238bffff,260,260-2,9,1,51.484399810318926,-0.0009481208522688615,200.821,"POLYGON ((-0.0013773391637064 51.48614674838532, -0.0034679062989004 51.485168812659566, -0.0030386236705226 51.4834218531338, -0.0005189303757541 51.482652850129355, 0.0015715419375621 51.48363076548291, 0.0011424157775599 51.48537770421165, -0.0013773391637064 51.48614674838532))",0,True,True,,10
89194ad238fffff,260,260-3,9,1,51.48188380463364,0.0020006402689775747,200.821,"POLYGON ((0.0015715419375621 51.48363076548291, -0.0005189303757541 51.482652850129355, -8.976773154675321e-5 51.48090586781974, 0.0024297107744877 51.48013682166699, 0.0045200882629048 51.48111471665352, 0.0040910820697479 51.48286167815837, 0.0015715419375621 51.48363076548291))",0,True,True,,0
89194ad2393ffff,260,260-4,9,1,51.48733330211809,0.005323590452846462,200.821,"POLYGON ((0.0048945651119004 51.48908017579519, 0.0028038965464446 51.48810242995357, 0.0032329862141785 51.48635553481153, 0.0057525879700335 51.48558640631649, 0.0078431616796823 51.48656413179565, 0.0074142284888682 51.48831100613089, 0.0048945651119004 51.48908017579519))",0,True,True,,0
89194ad2397ffff,260,260-5,9,1,51.484817235338596,0.008272067053063154,200.821,"POLYGON ((0.0078431616796823 51.48656413179565, 0.0057525879700335 51.48558640631649, 0.00618155766603 51.48383948839351, 0.0087009446116811 51.48307031676284, 0.0107914234625287 51.48404802188472, 0.0103626102261209 51.48579491899315, 0.0078431616796823 51.48656413179565))",0,True,True,,6
89194ad239bffff,260,260-6,9,1,51.48712462081677,0.0007132617863099265,200.821,"POLYGON ((0.0002840799611917 51.488871515295166, -0.0018065853127489 51.48789366432539, -0.0013773391637064 51.48614674838532, 0.0011424157775599 51.48537770421165, 0.0032329862141785 51.48635553481153, 0.0028038965464446 51.48810242995357, 0.0002840799611917 51.488871515295166))",0,True,True,,4
89194ad2023ffff,273,273-0,9,1,51.49026622427346,0.01159560593380093,200.821,"POLYGON ((0.0111667735928167 51.492013033544616, 0.0090760036398458 51.491035477591154, 0.0095049003174292 51.48928864684951, 0.0120244104621357 51.48851939287647, 0.0141150855254114 51.489496928477216, 0.0136863453332686 51.49124373840231, 0.0111667735928167 51.492013033544616))",0,True,True,,3
89194ad2027ffff,273,273-1,9,1,51.48775009642897,0.014543797911276584,200.821,"POLYGON ((0.0141150855254114 51.489496928477216, 0.0120244104621357 51.48851939287647, 0.012453187180435 51.486772539356785, 0.0149724824934622 51.48600324226074, 0.0170630626640498 51.48698075751397, 0.0166344424138545 51.48872759020935, 0.0141150855254114 51.489496928477216))",0,True,True,,3
89194ad202bffff,273,273-2,9,1,51.4900578583412,0.006985267477929856,200.821,"POLYGON ((0.0065562786442732 51.491804688423436, 0.0044655119444424 51.49082702734463, 0.0048945651119004 51.48908017579519, 0.0074142284888682 51.48831100613089, 0.0095049003174292 51.48928864684951, 0.0090760036398458 51.491035477591154, 0.0065562786442732 51.491804688423436))",0,True,True,,0
89194ad202fffff,273,273-3,9,1,51.48754179398247,0.009933769178620629,200.821,"POLYGON ((0.0095049003174292 51.48928864684951, 0.0074142284888682 51.48831100613089, 0.0078431616796823 51.48656413179565, 0.0103626102261209 51.48579491899315, 0.012453187180435 51.486772539356785, 0.0120244104621357 51.48851939287647, 0.0095049003174292 51.48928864684951))",0,True,True,,3
89194ad2033ffff,273,273-4,9,1,51.492990526201154,0.013257577332147837,200.821,"POLYGON ((0.0128287815194454 51.49473729187062, 0.0107379134365077 51.49375982068686, 0.0111667735928167 51.492013033544616, 0.0136863453332686 51.49124373840231, 0.0157771185110348 51.49222118923562, 0.015348414853087 51.4939679555603, 0.0128287815194454 51.49473729187062))",0,True,True,,0
89194ad2037ffff,273,273-5,9,1,51.49047440078428,0.016205794363722256,200.821,"POLYGON ((0.0157771185110348 51.49222118923562, 0.0136863453332686 51.49124373840231, 0.0141150855254114 51.489496928477216, 0.0166344424138545 51.48872759020935, 0.018725120683458 51.489705020697414, 0.0182965369723569 51.4914518097972, 0.0157771185110348 51.49222118923562))",0,True,True,,2
89194ad203bffff,273,273-6,9,1,51.492782286204324,0.008647079143184487,200.821,"POLYGON ((0.0082181268248613 51.49452907268586, 0.0061272619851657 51.49355149637447, 0.0065562786442732 51.491804688423436, 0.0090760036398458 51.491035477591154, 0.0111667735928167 51.492013033544616, 0.0107379134365077 51.49375982068686, 0.0082181268248613 51.49452907268586))",0,True,True,,2
89194ad0583ffff,289,289-0,9,1,51.46553223262595,-0.007964980329143664,200.821,"POLYGON ((-0.0083942974389696 51.46727945485123, -0.0104841811284168 51.46630103107205, -0.0100547997477531 51.46455378740013, -0.0075356910515784 51.46378498830466, -0.0054459020943801 51.46476339170318, -0.0058751271015308 51.466510614576414, -0.0083942974389696 51.46727945485123))",0,True,True,,0
89194ad0587ffff,289,289-1,9,1,51.46301614673663,-0.0050167049130966455,200.821,"POLYGON ((-0.0054459020943801 51.46476339170318, -0.0075356910515784 51.46378498830466, -0.0071064296035571 51.462037721890525, -0.0045875355549947 51.461268879679935, -0.0024978413330884 51.462247262702924, -0.0029269464248766 51.463994508310634, -0.0054459020943801 51.46476339170318))",0,True,True,,4
89194ad058bffff,289,289-2,9,1,51.46532254401609,-0.01257403100082313,200.821,"POLYGON ((-0.0130035044913764 51.467069787034596, -0.015093384809995 51.46609125814571, -0.0146638470514262 51.46434399368385, -0.0121445853525706 51.46357527889938, -0.0100547997477531 51.46455378740013, -0.0104841811284168 51.46630103107205, -0.0130035044913764 51.467069787034596))",0,True,True,,3
89194ad058fffff,289,289-3,9,1,51.462806521632665,-0.009625446203026636,200.821,"POLYGON ((-0.0100547997477531 51.46455378740013, -0.0121445853525706 51.46357527889938, -0.0117151675439471 51.46182799168759, -0.0091961204915409 51.46105923377277, -0.0071064296035571 51.462037721890525, -0.0075356910515784 51.46378498830466, -0.0100547997477531 51.46455378740013))",7,True,True,,26
89194ad0593ffff,289,289-4,9,1,51.46825781535322,-0.006304379937209126,200.821,"POLYGON ((-0.0067336606040246 51.470004994030475, -0.0088236423836404 51.46902665497742, -0.0083942974389696 51.46727945485123, -0.0058751271015308 51.466510614576414, -0.0037852400696021 51.46748893325105, -0.004214428627839 51.46923611257753, -0.0067336606040246 51.470004994030475))",0,True,True,,0
89194ad0597ffff,289,289-5,9,1,51.46574173182771,-0.003356079336174824,200.821,"POLYGON ((-0.0037852400696021 51.46748893325105, -0.0058751271015308 51.466510614576414, -0.0054459020943801 51.46476339170318, -0.0029269464248766 51.463994508310634, -0.0008371541436764 51.464972806612046, -0.0012662227816609 51.46672000867784, -0.0037852400696021 51.46748893325105))",0,True,True,,0
89194ad059bffff,289,289-6,9,1,51.4680482526453,-0.010913590347673974,200.821,"POLYGON ((-0.0113430274081757 51.46979545211677, -0.0134330058268767 51.46881700795171, -0.0130035044913764 51.467069787034596, -0.0104841811284168 51.46630103107205, -0.0083942974389696 51.46727945485123, -0.0088236423836404 51.46902665497742, -0.0113430274081757 51.46979545211677))",0,True,True,,0
8a194ad060c7fff,98,98-3-0,10,2,51.47327611906898,-0.070482816857933,75.864,"POLYGON ((-0.070307505403292 51.47391531552342, -0.0712649494055784 51.47374508942575, -0.0714402510800468 51.473105887815294, -0.0706581246574324 51.472636917767495, -0.0697007024102731 51.472807144720385, -0.0695253848309173 51.473446340865785, -0.070307505403292 51.47391531552342))",0,True,True,,6
8a194ad060cffff,98,98-3-1,10,2,51.47216794372801,-0.0698760163344479,75.864,"POLYGON ((-0.0697007024102731 51.472807144720385, -0.0706581246574324 51.472636917767495, -0.0708334288019656 51.4719977116191, -0.0700513266035816 51.47152873788882, -0.0690939261107595 51.47169896569719, -0.0689186060623106 51.472338166380325, -0.0697007024102731 51.472807144720385))",0,True,True,,17
8a194ad060d7fff,98,98-3-2,10,2,51.47357485387106,-0.07222239560260464,75.864,"POLYGON ((-0.0720471000535841 51.47421405579035, -0.0730045582254603 51.474043815934394, -0.0731798439938189 51.473404608859184, -0.0723976874967427 51.472935647104656, -0.0714402510800468 51.473105887815294, -0.0712649494055784 51.47374508942575, -0.0720471000535841 51.47421405579035))",0,True,True,,13
8a194ad060dffff,98,98-3-3,10,2,51.47246668135785,-0.07161554909957805,75.864,"POLYGON ((-0.0714402510800468 51.473105887815294, -0.0723976874967427 51.472935647104656, -0.0725729757361687 51.47229643549131, -0.0717908434642866 51.47182747005351, -0.0708334288019656 51.4719977116191, -0.0706581246574324 51.472636917767495, -0.0714402510800468 51.473105887815294))",0,True,True,,0
8a194ad060e7fff,98,98-3-4,10,2,51.474085532164146,-0.06935006359626127,75.864,"POLYGON ((-0.0691747387062212 51.47472471861529, -0.070132190293446 51.47455450713069, -0.070307505403292 51.47391531552342, -0.0695253848309173 51.473446340865785, -0.0685679549995667 51.47361655320586, -0.0683926239850379 51.47425573934802, -0.0691747387062212 51.47472471861529))",0,True,True,,5
8a194ad060effff,98,98-3-5,10,2,51.47297736221659,-0.0687432823586212,75.864,"POLYGON ((-0.0685679549995667 51.47361655320586, -0.0695253848309173 51.473446340865785, -0.0697007024102731 51.472807144720385, -0.0689186060623106 51.472338166380325, -0.0679611979860697 51.47250837957616, -0.0677858645029876 51.47314757025625, -0.0685679549995667 51.47361655320586))",0,True,True,,1
8a194ad060f7fff,98,98-3-6,10,2,51.474384286189085,-0.07108964407608424,75.864,"POLYGON ((-0.070914335091455 51.47502347810514, -0.0718718008496229 51.47485325286246, -0.0720471000535841 51.47421405579035, -0.0712649494055784 51.47374508942575, -0.070307505403292 51.47391531552342, -0.070132190293446 51.47455450713069, -0.070914335091455 51.47502347810514))",0,True,True,,0
8a194ad22807fff,136,136-0-0,10,2,51.50221925438709,-0.016986488498139173,75.864,"POLYGON ((-0.01681057090536 51.50285803770856, -0.0177682173303557 51.50268844946811, -0.0179441251443464 51.50204966098539, -0.0171624024231773 51.501580466212836, -0.0162047777815076 51.50175005532176, -0.0160288540779981 51.50238883833472, -0.01681057090536 51.50285803770856))",0,True,True,,1
8a194ad2280ffff,136,136-0-1,10,2,51.50111126745605,-0.01638069781718143,75.864,"POLYGON ((-0.0162047777815076 51.50175005532176, -0.0171624024231773 51.501580466212836, -0.0173383126805734 51.50094167318589, -0.0165566141851695 51.5004724747378, -0.0155990113260744 51.50064206471544, -0.015423085180136 51.501280852272416, -0.0162047777815076 51.50175005532176))",0,True,True,,10
8a194ad22817fff,136,136-0-2,10,2,51.502518851773374,-0.01872586598105967,75.864,"POLYGON ((-0.018549964278508 51.50315764056442, -0.0195076249336474 51.50298803857644, -0.0196835168569137 51.50234924462427, -0.0189017640161077 51.50188005812949, -0.0179441251443464 51.50204966098539, -0.0177682173303557 51.50268844946811, -0.018549964278508 51.50315764056442))",0,True,True,,19
8a194ad2281ffff,136,136-0-3,10,2,51.50141086764991,-0.018120029290769248,75.864,"POLYGON ((-0.0179441251443464 51.50204966098539, -0.0189017640161077 51.50188005812949, -0.0190776583837612 51.5012412596329, -0.0182959297697284 51.50077206946181, -0.0173383126805734 51.50094167318589, -0.0171624024231773 51.501580466212836, -0.0179441251443464 51.50204966098539))",0,True,True,,3
8a194ad22827fff,136,136-0-4,10,2,51.50302761649486,-0.015852926706574174,75.864,"POLYGON ((-0.0156769956670961 51.50366638980208, -0.0166346496447151 51.503496816177126, -0.01681057090536 51.50285803770856, -0.0160288540779981 51.50238883833472, -0.0150712218844811 51.502558412828364, -0.0148952847345411 51.50319718582712, -0.0156769956670961 51.50366638980208))",0,True,True,,1
8a194ad2282ffff,136,136-0-5,10,2,51.50191963497676,-0.015247155366307961,75.864,"POLYGON ((-0.0150712218844811 51.502558412828364, -0.0160288540779981 51.50238883833472, -0.0162047777815076 51.50175005532176, -0.015423085180136 51.501280852272416, -0.0144654747699236 51.50145042763506, -0.0142895351780954 51.50208920517801, -0.0150712218844811 51.502558412828364))",0,True,True,,1
8a194ad22837fff,136,136-0-6,10,2,51.50332723309795,-0.017592305848693198,75.864,"POLYGON ((-0.0174163906992291 51.50396601187478, -0.0183740589083536 51.5037964245025, -0.018549964278508 51.50315764056442, -0.0177682173303557 51.50268844946811, -0.01681057090536 51.50285803770856, -0.0166346496447151 51.503496816177126, -0.0174163906992291 51.50396601187478))",0,True,True,,14
8a194ad22847fff,136,136-1-0,10,2,51.499703647284115,-0.014035692687032555,75.864,"POLYGON ((-0.0138597543217902 51.500342434223285, -0.0148173429494699 51.50017285799134, -0.0149932715374065 51.49953406589079, -0.0142116273843818 51.499064855492634, -0.0132540605384576 51.499234432594115, -0.0130781160641452 51.49987321922419, -0.0138597543217902 51.500342434223285))",0,True,True,,2
8a194ad2284ffff,136,136-1-1,10,2,51.4985956411118,-0.013430001344777086,75.864,"POLYGON ((-0.0132540605384576 51.499234432594115, -0.0142116273843818 51.499064855492634, -0.0143875584139011 51.498426058848935, -0.0136059384832537 51.49795684477735, -0.0126483934182979 51.49812642274873, -0.0124724465033638 51.49876521392172, -0.0132540605384576 51.499234432594115))",0,True,True,,8
8a194ad22857fff,136,136-1-2,10,2,51.50000327230599,-0.015774933804227353,75.864,"POLYGON ((-0.0155990113260744 51.50064206471544, -0.0165566141851695 51.5004724747378, -0.0167325268855453 51.49983367716707, -0.0159508526147193 51.49936447504414, -0.0149932715374065 51.49953406589079, -0.0148173429494699 51.50017285799134, -0.0155990113260744 51.50064206471544))",0,True,True,,0
8a194ad2285ffff,136,136-1-3,10,2,51.49889526893795,-0.015169196457612888,75.864,"POLYGON ((-0.0149932715374065 51.49953406589079, -0.0159508526147193 51.49936447504414, -0.0161267677576543 51.498725672930014, -0.0153451177101932 51.498256467132954, -0.0143875584139011 51.498426058848935, -0.0142116273843818 51.499064855492634, -0.0149932715374065 51.49953406589079))",0,True,True,,2
8a194ad22867fff,136,136-1-4,10,2,51.50051200100189,-0.012902167921705116,75.864,"POLYGON ((-0.0127262161110792 51.501150777927094, -0.0136838122884994 51.50098121631001, -0.0138597543217902 51.500342434223285, -0.0130781160641452 51.49987321922419, -0.0121205416692207 51.50004278171112, -0.011944583749783 51.50068155832729, -0.0127262161110792 51.501150777927094))",0,True,True,,5
8a194ad2286ffff,136,136-1-5,10,2,51.49940400024258,-0.012296495920382964,75.864,"POLYGON ((-0.0121205416692207 51.50004278171112, -0.0130781160641452 51.49987321922419, -0.0132540605384576 51.499234432594115, -0.0124724465033638 51.49876521392172, -0.0115148938901782 51.49893477727878, -0.01133893353068 51.499573558438065, -0.0121205416692207 51.50004278171112))",0,True,True,,14
8a194ad22877fff,136,136-1-6,10,2,51.50081164523948,-0.014641410693673595,75.864,"POLYGON ((-0.0144654747699236 51.50145042763506, -0.015423085180136 51.501280852272416, -0.0155990113260744 51.50064206471544, -0.0148173429494699 51.50017285799134, -0.0138597543217902 51.500342434223285, -0.0136838122884994 51.50098121631001, -0.0144654747699236 51.50145042763506))",0,True,True,,0
8a194ad22947fff,136,136-5-0,10,2,51.50242831721957,-0.012374301484736172,75.864,"POLYGON ((-0.0121983386688006 51.50306707958659, -0.0131559641793524 51.50289753345421, -0.0133319172173872 51.50225876592556, -0.0125502606321328 51.50178954999972, -0.0115926569055989 51.50195909700189, -0.0114166879806493 51.50259785906011, -0.0121983386688006 51.50306707958659))",0,True,True,,1
8a194ad2294ffff,136,136-5-1,10,2,51.50132033009091,-0.011768622161940353,75.864,"POLYGON ((-0.0115926569055989 51.50195909700189, -0.0125502606321328 51.50178954999972, -0.0127262161110792 51.501150777927094, -0.011944583749783 51.50068155832729, -0.0109870018065102 51.50085110619956, -0.0108110304416153 51.50148987280152, -0.0115926569055989 51.50195909700189))",0,True,True,,0
8a194ad22957fff,136,136-5-2,10,2,51.502727977868155,-0.0141135919180952,75.864,"POLYGON ((-0.0139376449897779 51.50336674570542, -0.0148952847345411 51.50319718582712, -0.0150712218844811 51.502558412828364, -0.0142895351780954 51.50208920517801, -0.0133319172173872 51.50225876592556, -0.0131559641793524 51.50289753345421, -0.0139376449897779 51.50336674570542))",0,True,True,,9
8a194ad2295ffff,136,136-5-3,10,2,51.50161999354413,-0.013507866587076678,75.864,"POLYGON ((-0.0133319172173872 51.50225876592556, -0.0142895351780954 51.50208920517801, -0.0144654747699236 51.50145042763506, -0.0136838122884994 51.50098121631001, -0.0127262161110792 51.501150777927094, -0.0125502606321328 51.50178954999972, -0.0133319172173872 51.50225876592556))",0,True,True,,7
8a194ad22967fff,136,136-5-4,10,2,51.503236616265404,-0.011240715386967167,75.864,"POLYGON ((-0.0110647391244432 51.503875368617706, -0.0120223721841965 51.50370583710062, -0.0121983386688006 51.50306707958659, -0.0114166879806493 51.50259785906011, -0.0104590767056591 51.50276739144728, -0.0102830943343693 51.503406143490814, -0.0110647391244432 51.503875368617706))",0,True,True,,2
8a194ad2296ffff,136,136-5-5,10,2,51.5021286345508,-0.010635055408032914,75.864,"POLYGON ((-0.0104590767056591 51.50276739144728, -0.0114166879806493 51.50259785906011, -0.0115926569055989 51.50195909700189, -0.0108110304416153 51.50148987280152, -0.009853440950616 51.50165940605906, -0.0096774561399368 51.502298162646554, -0.0104590767056591 51.50276739144728))",0,True,True,,4
8a194ad22977fff,136,136-5-6,10,2,51.50353629612988,-0.012980007472832504,75.864,"POLYGON ((-0.0128040470977233 51.504175053952494, -0.0137616943930804 51.50400550868963, -0.0139376449897779 51.50336674570542, -0.0131559641793524 51.50289753345421, -0.0121983386688006 51.50306707958659, -0.0120223721841965 51.50370583710062, -0.0128040470977233 51.504175053952494))",0,True,True,,5
8a194ad22987fff,136,136-6-0,10,2,51.50473479535571,-0.019937619377997224,75.864,"POLYGON ((-0.0197617225644703 51.505373575056616, -0.0207194267886818 51.50520397480363, -0.020895313821927 51.50456518994157, -0.0201135125239557 51.504096010801504, -0.0191558300846714 51.50426561192187, -0.0189799271587688 51.5049043913149, -0.0197617225644703 51.505373575056616))",7,True,True,,23
8a194ad2298ffff,136,136-6-1,10,2,51.50362682767569,-0.019331729342931245,75.864,"POLYGON ((-0.0191558300846714 51.50426561192187, -0.0201135125239557 51.504096010801504, -0.0202894020024347 51.50345722139422, -0.0195076249336474 51.50298803857644, -0.018549964278508 51.50315764056442, -0.0183740589083536 51.5037964245025, -0.0191558300846714 51.50426561192187))",0,True,True,,11
8a194ad22997fff,136,136-6-2,10,2,51.50503436509549,-0.02167713323718041,75.864,"POLYGON ((-0.0215012523170246 51.50567315026525, -0.0224589707700512 51.50550353626292, -0.0226348419094592 51.504864745932174, -0.0218530104900002 51.50439557507244, -0.020895313821927 51.50456518994157, -0.0207194267886818 51.50520397480363, -0.0215012523170246 51.50567315026525))",0,True,True,,7
8a194ad2299ffff,136,136-6-3,10,2,51.503926400226334,-0.02107119718777724,75.864,"POLYGON ((-0.020895313821927 51.50456518994157, -0.0218530104900002 51.50439557507244, -0.0220288840756084 51.503756780196206, -0.0212470768863314 51.503287605658, -0.0202894020024347 51.50345722139422, -0.0201135125239557 51.504096010801504, -0.020895313821927 51.50456518994157))",0,True,True,,2
8a194ad229a7fff,136,136-6-4,10,2,51.50554316585463,-0.0188040205651041,75.864,"POLYGON ((-0.0186281103035834 51.50618193554096, -0.0195858220832607 51.50601234990417, -0.0197617225644703 51.505373575056616, -0.0189799271587688 51.5049043913149, -0.0180222371647641 51.50507397781929, -0.0178463207911157 51.50571274719776, -0.0186281103035834 51.50618193554096))",0,True,True,,5
8a194ad229affff,136,136-6-5,10,2,51.50443520358752,-0.018198149870477093,75.864,"POLYGON ((-0.0180222371647641 51.50507397781929, -0.0189799271587688 51.5049043913149, -0.0191558300846714 51.50426561192187, -0.0183740589083536 51.5037964245025, -0.0174163906992291 51.50396601187478, -0.0172404718818697 51.50460478579851, -0.0180222371647641 51.50507397781929))",0,True,True,,10
8a194ad229b7fff,136,136-6-6,10,2,51.50584275481233,-0.020543536087906704,75.864,"POLYGON ((-0.0203676417195335 51.506481529967566, -0.0213253677294338 51.50631193058161, -0.0215012523170246 51.50567315026525, -0.0207194267886818 51.50520397480363, -0.0197617225644703 51.505373575056616, -0.0195858220832607 51.50601234990417, -0.0203676417195335 51.506481529967566))",0,True,True,,12
8a194ad06287fff,143,143-2-0,10,2,51.468033909109124,-0.06918843002172842,75.864,"POLYGON ((-0.0690131221243317 51.46867313371497, -0.0699704715281654 51.4685028895828, -0.0701457696474636 51.46786365982105, -0.0693637342644698 51.467394679657225, -0.0684064066119228 51.467564924645494, -0.0682310925914093 51.46820414894141, -0.0690131221243317 51.46867313371497))",0,True,True,,2
8a194ad0628ffff,143,143-2-1,10,2,51.46692569550359,-0.06858171697771111,75.864,"POLYGON ((-0.0684064066119228 51.467564924645494, -0.0693637342644698 51.467394679657225, -0.0695390348526548 51.466755445359404, -0.0687570236888833 51.46628646151587, -0.0677997177868486 51.4664567073605, -0.0676244012984045 51.46709593619224, -0.0684064066119228 51.467564924645494))",0,True,True,,0
8a194ad06297fff,143,143-2-2,10,2,51.46833263599467,-0.07092782312703143,75.864,"POLYGON ((-0.0707525311315778 51.46897186606618, -0.0717098947035225 51.46880160817772, -0.0718851769203987 51.46816237295039, -0.0711031114680838 51.46769340107705, -0.0701457696474636 51.46786365982105, -0.0699704715281654 51.4685028895828, -0.0707525311315778 51.46897186606618))",0,True,True,,0
8a194ad0629ffff,143,143-2-3,10,2,51.467224425213274,-0.07032106411227018,75.864,"POLYGON ((-0.0701457696474636 51.46786365982105, -0.0711031114680838 51.46769340107705, -0.0712783961548439 51.46705416131344, -0.0704963549227453 51.466585185759584, -0.0695390348526548 51.466755445359404, -0.0693637342644698 51.467394679657225, -0.0701457696474636 51.46786365982105))",0,True,True,,0
8a194ad062a7fff,143,143-2-4,10,2,51.46884336839127,-0.06805577491605634,75.864,"POLYGON ((-0.06788045358577 51.46948258299488, -0.0688378105721959 51.46931235347464, -0.0690131221243317 51.46867313371497, -0.0682310925914093 51.46820414894141, -0.067273757357017 51.468374379318014, -0.0670984299038602 51.469013593611756, -0.06788045358577 51.46948258299488))",0,True,True,,8
8a194ad062affff,143,143-2-5,10,2,51.467735160178115,-0.06744908115516031,75.864,"POLYGON ((-0.067273757357017 51.468374379318014, -0.0682310925914093 51.46820414894141, -0.0684064066119228 51.467564924645494, -0.0676244012984045 51.46709593619224, -0.0666670878152865 51.46726616742547, -0.0664917578947388 51.467905386255254, -0.067273757357017 51.468374379318014))",0,True,True,,7
8a194ad062b7fff,143,143-2-6,10,2,51.46914211449846,-0.0697951697542919,75.864,"POLYGON ((-0.0696198643257339 51.46978133456782, -0.070577235481629 51.46961109129148, -0.0707525311315778 51.46897186606618, -0.0699704715281654 51.4685028895828, -0.0690131221243317 51.46867313371497, -0.0688378105721959 51.46931235347464, -0.0696198643257339 51.46978133456782))",0,True,True,,5
8a194ad06387fff,143,143-6-0,10,2,51.470760997663035,-0.06752979995989924,75.864,"POLYGON ((-0.0673544676641016 51.471400197727306, -0.0683118539860229 51.471229983675414, -0.068487176503138 51.470590778455005, -0.0677051286004105 51.47012179275219, -0.0667477640320494 51.470292007660404, -0.0665724256131616 51.470931207415035, -0.0673544676641016 51.471400197727306))",0,True,True,,3
8a194ad0638ffff,143,143-6-1,10,2,51.46965280305927,-0.06692309879557579,75.864,"POLYGON ((-0.0667477640320494 51.470292007660404, -0.0677051286004105 51.47012179275219, -0.06788045358577 51.46948258299488, -0.0670984299038602 51.469013593611756, -0.0661410870882642 51.46918380937657, -0.065965746202124 51.46982301366788, -0.0667477640320494 51.470292007660404))",0,True,True,,3
8a194ad06397fff,143,143-6-2,10,2,51.47105976016732,-0.06926924250407179,75.864,"POLYGON ((-0.0690939261107595 51.47169896569719, -0.0700513266035816 51.47152873788882, -0.0702266332177375 51.47088952720291, -0.069444555242367 51.47042054979083, -0.068487176503138 51.470590778455005, -0.0683118539860229 51.471229983675414, -0.0690939261107595 51.47169896569719))",0,True,True,,16
8a194ad0639ffff,143,143-6-3,10,2,51.46995156838803,-0.06866249536516605,75.864,"POLYGON ((-0.068487176503138 51.470590778455005, -0.069444555242367 51.47042054979083, -0.0696198643257339 51.46978133456782, -0.0688378105721959 51.46931235347464, -0.06788045358577 51.46948258299488, -0.0677051286004105 51.47012179275219, -0.068487176503138 51.470590778455005))",0,True,True,,16
8a194ad063a7fff,143,143-6-4,10,2,51.471570402323074,-0.06639708353882881,75.864,"POLYGON ((-0.0662217378089061 51.47220959238438, -0.0671791317129186 51.47203939294485, -0.0673544676641016 51.471400197727306, -0.0665724256131616 51.470931207415035, -0.0656150534634562 51.47110140771114, -0.0654397016107307 51.471740597462855, -0.0662217378089061 51.47220959238438))",0,True,True,,1
8a194ad063affff,143,143-6-5,10,2,51.47046221311278,-0.06579040166055265,75.864,"POLYGON ((-0.0656150534634562 51.47110140771114, -0.0665724256131616 51.470931207415035, -0.0667477640320494 51.470292007660404, -0.065965746202124 51.46982301366788, -0.0650083958059459 51.469993214820846, -0.0648330414864924 51.47063240910941, -0.0656150534634562 51.47110140771114))",0,True,True,,2
8a194ad063b7fff,143,143-6-6,10,2,51.47186918404918,-0.06813652781370153,75.864,"POLYGON ((-0.0679611979860697 51.47250837957616, -0.0689186060623106 51.472338166380325, -0.0690939261107595 51.47169896569719, -0.0683118539860229 51.471229983675414, -0.0673544676641016 51.471400197727306, -0.0671791317129186 51.47203939294485, -0.0679611979860697 51.47250837957616))",0,True,True,,0
8a194ad04787fff,160,160-6-0,10,2,51.474333416855245,-0.04742540075713703,75.864,"POLYGON ((-0.0472498631420755 51.47497250862153, -0.0482072032236178 51.474802493125374, -0.0483827310630163 51.4741633962012, -0.0476009347131096 51.47369432024155, -0.0466436163901684 51.47386433659972, -0.0464680726588544 51.474503428055485, -0.0472498631420755 51.47497250862153))",0,True,True,,5
8a194ad0478ffff,160,160-6-1,10,2,51.473225240296664,-0.04681915646231373,75.864,"POLYGON ((-0.0466436163901684 51.47386433659972, -0.0476009347131096 51.47369432024155, -0.0477764650101025 51.473055218780644, -0.0469946928754148 51.47258613914648, -0.0460373963102944 51.472756156366884, -0.0458618501223521 51.47339525235916, -0.0466436163901684 51.47386433659972))",0,True,True,,0
8a194ad04797fff,160,160-6-2,10,2,51.47463246817524,-0.04916454551235803,75.864,"POLYGON ((-0.0489890237899452 51.4752715654098, -0.0499463780614742 51.475101536163315, -0.0501218900077444 51.47446243377104, -0.0493400635759202 51.47399336609331, -0.0483827310630163 51.4741633962012, -0.0482072032236178 51.474802493125374, -0.0489890237899452 51.4752715654098))",0,True,True,,0
8a194ad0479ffff,160,160-6-3,10,2,51.473524294429716,-0.04855825524348428,75.864,"POLYGON ((-0.0483827310630163 51.4741633962012, -0.0493400635759202 51.47399336609331, -0.0495155779807662 51.47335425916408, -0.0487337757651563 51.47288518781104, -0.0477764650101025 51.473055218780644, -0.0476009347131096 51.47369432024155, -0.0483827310630163 51.4741633962012))",0,True,True,,0
8a194ad047a7fff,160,160-6-4,10,2,51.47514251466385,-0.04629252526825747,75.864,"POLYGON ((-0.0461169742182837 51.4757815964247, -0.0470743218678006 51.47561159554038, -0.0472498631420755 51.47497250862153, -0.0464680726588544 51.474503428055485, -0.0455107467686642 51.47467342980203, -0.0453351896026797 51.4753125112524, -0.0461169742182837 51.4757815964247))",0,True,True,,18
8a194ad047affff,160,160-6-5,10,2,51.474034343504265,-0.04568630027518698,75.864,"POLYGON ((-0.0455107467686642 51.47467342980203, -0.0464680726588544 51.474503428055485, -0.0466436163901684 51.47386433659972, -0.0458618501223521 51.47339525235916, -0.0449045459907388 51.473565254968264, -0.0447289863686762 51.47420434095534, -0.0455107467686642 51.47467342980203))",0,True,True,,0
8a194ad047b7fff,160,160-6-6,10,2,51.47544158520209,-0.048031671725194854,75.864,"POLYGON ((-0.0478561365676536 51.47608067243126, -0.0488134984085825 51.475910657796796, -0.0489890237899452 51.4752715654098, -0.0482072032236178 51.474802493125374, -0.0472498631420755 51.47497250862153, -0.0470743218678006 51.47561159554038, -0.0478561365676536 51.47608067243126))",0,True,True,,8
8a194ad04b87fff,196,196-6-0,10,2,51.4779016669325,-0.027321975095376184,75.864,"POLYGON ((-0.0271462322243592 51.47854065036517, -0.0281035258331355 51.47837083337748, -0.0282792589314988 51.47773184478526, -0.0274977143034872 51.47726267865171, -0.0265404424583268 51.477432496507014, -0.0263646934778838 51.478071479628234, -0.0271462322243592 51.47854065036517))",0,True,True,,3
8a194ad04b8ffff,196,196-6-1,10,2,51.47679350853774,-0.026716187775799555,75.864,"POLYGON ((-0.0265404424583268 51.477432496507014, -0.0274977143034872 51.47726267865171, -0.0276734498488014 51.47662368552287, -0.0268919294303909 51.47615451572059, -0.0259346793480756 51.4763243344438, -0.0257589279216627 51.47696332210137, -0.0265404424583268 51.477432496507014))",0,True,True,,2
8a194ad04b97fff,196,196-6-2,10,2,51.47820100693809,-0.029060821660184425,75.864,"POLYGON ((-0.028885094671965 51.4788399958416, -0.0298424024898635 51.478670165109804, -0.0300181197049641 51.47803117104686, -0.0292365449857456 51.477562013186386, -0.0282792589314988 51.47773184478526, -0.0281035258331355 51.47837083337748, -0.028885094671965 51.4788399958416))",0,True,True,,0
8a194ad04b9ffff,196,196-6-3,10,2,51.47709285134495,-0.028454988367139722,75.864,"POLYGON ((-0.0282792589314988 51.47773184478526, -0.0292365449857456 51.477562013186386, -0.0294122646487578 51.47692301458665, -0.0286307141401674 51.47645385305665, -0.0276734498488014 51.47662368552287, -0.0274977143034872 51.47726267865171, -0.0282792589314988 51.47773184478526))",0,True,True,,0
8a194ad04ba7fff,196,196-6-4,10,2,51.47871045790127,-0.02618894083435128,75.864,"POLYGON ((-0.0260131845276354 51.47934943132599, -0.026970485690327 51.47917962894958, -0.0271462322243592 51.47854065036517, -0.0263646934778838 51.478071479628234, -0.0254074140795583 51.47824128287253, -0.0252316516636587 51.478880255985864, -0.0260131845276354 51.47934943132599))",0,True,True,,12
8a194ad04baffff,196,196-6-5,10,2,51.47760230491099,-0.0255831728321797,75.864,"POLYGON ((-0.0254074140795583 51.47824128287253, -0.0263646934778838 51.478071479628234, -0.0265404424583268 51.477432496507014, -0.0257589279216627 51.47696332210137, -0.0248016702869223 51.47713312621385, -0.024625905425598 51.47777210386375, -0.0254074140795583 51.47824128287253))",0,True,True,,7
8a194ad04bb7fff,196,196-6-6,10,2,51.479009817121494,-0.027927789071945774,75.864,"POLYGON ((-0.0277520486478102 51.479648796017145, -0.0287093640210039 51.4794789798968, -0.028885094671965 51.4788399958416, -0.0281035258331355 51.47837083337748, -0.0271462322243592 51.47854065036517, -0.026970485690327 51.47917962894958, -0.0277520486478102 51.479648796017145))",0,True,True,,1
8a194ad23547fff,199,199-5-0,10,2,51.481256436823074,-0.011829836596468161,75.864,"POLYGON ((-0.0116539337166231 51.481895332843045, -0.0126112015322045 51.481725672229025, -0.0127870946415183 51.48108677104814, -0.0120057358103882 51.48061753595421, -0.0110484897627512 51.48078719744018, -0.0108725807786219 51.4814260931481, -0.0116539337166231 51.481895332843045))",0,True,True,,2
8a194ad2354ffff,199,199-5-1,10,2,51.48014829688351,-0.011224395080881314,75.864,"POLYGON ((-0.0110484897627512 51.48078719744018, -0.0120057358103882 51.48061753595421, -0.0121816313584974 51.47997863023665, -0.0114002967331468 51.47950939147816, -0.010443072452683 51.479679053836335, -0.0102671610307288 51.48031795408072, -0.0110484897627512 51.48078719744018))",0,True,True,,0
8a194ad23557fff,199,199-5-2,10,2,51.48155600216492,-0.013568471574601625,75.864,"POLYGON ((-0.0133925845703208 51.4821949036577, -0.0143498666100294 51.48202522930415, -0.0145257438433339 51.481386322650636, -0.0137443549132406 51.48091709582326, -0.0127870946415183 51.48108677104814, -0.0126112015322045 51.481725672229025, -0.0133925845703208 51.4821949036577))",0,True,True,,0
8a194ad2355ffff,199,199-5-3,10,2,51.480447865018455,-0.012962984085075135,75.864,"POLYGON ((-0.0127870946415183 51.48108677104814, -0.0137443549132406 51.48091709582326, -0.0139202345863161 51.4802781846328, -0.0131388698630148 51.4798089541401, -0.0121816313584974 51.47997863023665, -0.0120057358103882 51.48061753595421, -0.0127870946415183 51.48108677104814))",0,True,True,,1
8a194ad23567fff,199,199-5-4,10,2,51.48206498400712,-0.010696668128394482,75.864,"POLYGON ((-0.0105207518119495 51.482703870017126, -0.011478027170749 51.48253422401407, -0.0116539337166231 51.481895332843045, -0.0108725807786219 51.4814260931481, -0.0099153271885267 51.481595740023344, -0.0097394047680452 51.48223462572132, -0.0105207518119495 51.482703870017126))",0,True,True,,7
8a194ad2356ffff,199,199-5-5,10,2,51.480956849476435,-0.010091245942706273,75.864,"POLYGON ((-0.0099153271885267 51.481595740023344, -0.0108725807786219 51.4814260931481, -0.0110484897627512 51.48078719744018, -0.0102671610307288 51.48031795408072, -0.0093099292085512 51.480487601828436, -0.0091340043507902 51.48112649206311, -0.0099153271885267 51.481595740023344))",7,True,True,,20
8a194ad23577fff,199,199-5-6,10,2,51.48236456856096,-0.01243530475706029,75.864,"POLYGON ((-0.0122594043159306 51.48300346004383, -0.013216693900243 51.48283380030144, -0.0133925845703208 51.4821949036577, -0.0126112015322045 51.481725672229025, -0.0116539337166231 51.481895332843045, -0.011478027170749 51.48253422401407, -0.0122594043159306 51.48300346004383))",0,True,True,,1
8a194ad20c47fff,212,212-1-0,10,2,51.503262673009836,0.006072947814536603,75.864,"POLYGON ((0.0062490914699531 51.50390135154132, 0.0052915497327874 51.50373197380663, 0.0051154158516395 51.503093290112076, 0.0058968078308678 51.502623989625256, 0.0068543277812825 51.50279336823515, 0.0070304775389231 51.50343204645663, 0.0062490914699531 51.50390135154132))",0,True,True,,5
8a194ad20c4ffff,212,212-1-1,10,2,51.502154685160654,0.0066781816954431215,75.864,"POLYGON ((0.0068543277812825 51.50279336823515, 0.0058968078308678 51.502623989625256, 0.0057206715187863 51.501985301387684, 0.0065020392812856 51.50151599723328, 0.0074595374457371 51.50168537671868, 0.0076356896333251 51.502324059482966, 0.0068543277812825 51.50279336823515))",0,True,True,,0
8a194ad20c57fff,212,212-1-2,10,2,51.503562586620774,0.0043340057574430485,75.864,"POLYGON ((0.0045101335356326 51.504201270625174, 0.003552577547912 51.504031879150965, 0.0033764595444783 51.503393189983605, 0.0041578816507235 51.5029238977632, 0.0051154158516395 51.503093290112076, 0.0052915497327874 51.50373197380663, 0.0045101335356326 51.504201270625174))",0,True,True,,12
8a194ad20c5ffff,212,212-1-3,10,2,51.50245460156446,0.004939285642045914,75.864,"POLYGON ((0.0051154158516395 51.503093290112076, 0.0041578816507235 51.5029238977632, 0.00398176121537 51.502285204052605, 0.0047631591038974 51.50181590816384, 0.0057206715187863 51.501985301387684, 0.0058968078308678 51.502623989625256, 0.0051154158516395 51.503093290112076))",0,True,True,,11
8a194ad20c67fff,212,212-1-4,10,2,51.504070719824966,0.007206630968474045,75.864,"POLYGON ((0.0073827880700395 51.50470938834004, 0.0064252387972214 51.50454002521958, 0.0062490914699531 51.50390135154132, 0.0070304775389231 51.50343204645663, 0.0079880050242357 51.50360141045255, 0.0081641682277716 51.504240078657645, 0.0073827880700395 51.50470938834004))",0,True,True,,0
8a194ad20c6ffff,212,212-1-5,10,2,51.50296273739426,0.007811845492788192,75.864,"POLYGON ((0.0079880050242357 51.50360141045255, 0.0070304775389231 51.50343204645663, 0.0068543277812825 51.50279336823515, 0.0076356896333251 51.502324059482966, 0.0085931953319149 51.50249342435464, 0.0087693609648625 51.503132097102714, 0.0079880050242357 51.50360141045255))",0,True,True,,0
8a194ad20c77fff,212,212-1-6,10,2,51.50437065264799,0.005467687285568059,75.864,"POLYGON ((0.005643828510152 51.50500932663607, 0.0046862649854066 51.5048399497763, 0.0045101335356326 51.504201270625174, 0.0052915497327874 51.50373197380663, 0.0062490914699531 51.50390135154132, 0.0064252387972214 51.50454002521958, 0.005643828510152 51.50500932663607))",0,True,True,,1
8a194ad23187fff,250,250-6-0,10,2,51.4814657488881,-0.007219527853410204,75.864,"POLYGON ((-0.0070435797899065 51.48210462395151, -0.0080008266936346 51.48193500542493, -0.0081767649875142 51.481296125200295, -0.0073954722502172 51.48082686897579, -0.0064382471151191 51.48099648837562, -0.0062622929490099 51.481635363126635, -0.0070435797899065 51.48210462395151))",0,True,True,,0
8a194ad2318ffff,250,250-6-1,10,2,51.48035760877576,-0.0066141976144267495,75.864,"POLYGON ((-0.0064382471151191 51.48099648837562, -0.0073954722502172 51.48082686897579, -0.0075714129804212 51.48018798421466, -0.0067901444470879 51.47971872432719, -0.0058329410798384 51.4798883446006, -0.0056569844783904 51.48052722388787, -0.0064382471151191 51.48099648837562))",0,True,True,,0
8a194ad23197fff,250,250-6-2,10,2,51.48176537744893,-0.008958075826673387,75.864,"POLYGON ((-0.0087821436361071 51.48240425798577, -0.0097394047680452 51.48223462572132, -0.0099153271885267 51.481595740023344, -0.0091340043507902 51.48112649206311, -0.0081767649875142 51.481296125200295, -0.0080008266936346 51.48193500542493, -0.0087821436361071 51.48240425798577))",7,True,True,,22
8a194ad2319ffff,250,250-6-3,10,2,51.480657240126746,-0.008352699614875222,75.864,"POLYGON ((-0.0081767649875142 51.481296125200295, -0.0091340043507902 51.48112649206311, -0.0093099292085512 51.480487601828436, -0.008528630575786 51.48001835020448, -0.0075714129804212 51.48018798421466, -0.0073954722502172 51.48082686897579, -0.0081767649875142 51.481296125200295))",0,True,True,,9
8a194ad231a7fff,250,250-6-4,10,2,51.48227423302871,-0.006086335116005404,75.864,"POLYGON ((-0.0059103736159964 51.48291309808174, -0.0068676280595458 51.48274349416589, -0.0070435797899065 51.48210462395151, -0.0062622929490099 51.481635363126635, -0.0053050602748401 51.48180496791603, -0.0051290926724888 51.4824438326567, -0.0059103736159964 51.48291309808174))",0,True,True,,0
8a194ad231affff,250,250-6-5,10,2,51.48116609832638,-0.0054810242101076614,75.864,"POLYGON ((-0.0053050602748401 51.48180496791603, -0.0062622929490099 51.481635363126635, -0.0064382471151191 51.48099648837562, -0.0056569844783904 51.48052722388787, -0.0046997735728236 51.48069682955106, -0.0045238035356942 51.481335698828175, -0.0053050602748401 51.48180496791603))",0,True,True,,0
8a194ad231b7fff,250,250-6-6,10,2,51.48257388080059,-0.007824884733101816,75.864,"POLYGON ((-0.0076489391058271 51.483212751327116, -0.0086062077789567 51.483043133673554, -0.0087821436361071 51.48240425798577, -0.0080008266936346 51.48193500542493, -0.0070435797899065 51.48210462395151, -0.0068676280595458 51.48274349416589, -0.0076489391058271 51.483212751327116))",0,True,True,,0
8a194ad058c7fff,289,289-3-0,10,2,51.46280652163264,-0.009625446202996001,75.864,"POLYGON ((-0.0094495788007896 51.46344552662953, -0.0104065260163069 51.46327578162209, -0.0105823836547675 51.462636771464844, -0.0098013099413108 51.462167511790405, -0.0088443844799429 51.46233725767212, -0.0086685109782091 51.46297626235394, -0.0094495788007896 51.46344552662953))",0,True,True,,4
8a194ad058cffff,289,289-3-1,10,2,51.461698248145005,-0.009020254317675334,75.864,"POLYGON ((-0.0088443844799429 51.46233725767212, -0.0098013099413108 51.462167511790405, -0.0099771700157768 51.461528497102925, -0.0091961204915409 51.46105923377277, -0.0082392167835517 51.46122898052902, -0.0080633408467516 51.46186798974085, -0.0088443844799429 51.46233725767212))",0,True,True,,9
8a194ad058d7fff,289,289-3-2,10,2,51.46310602716796,-0.011363475458400656,75.864,"POLYGON ((-0.0111876239201901 51.46374503764011, -0.0121445853525706 51.46357527889938, -0.0123204271265499 51.46293626326701, -0.0115393233329568 51.462467011850414, -0.0105823836547675 51.462636771464844, -0.0104065260163069 51.46327578162209, -0.0111876239201901 51.46374503764011))",0,True,True,,2
8a194ad058dffff,289,289-3-3,10,2,51.461997756462274,-0.010758237629484146,75.864,"POLYGON ((-0.0105823836547675 51.462636771464844, -0.0115393233329568 51.462467011850414, -0.0117151675439471 51.46182799168759, -0.0109340879405659 51.46135873661448, -0.0099771700157768 51.461528497102925, -0.0098013099413108 51.462167511790405, -0.0105823836547675 51.462636771464844))",0,True,True,,6
8a194ad058e7fff,289,289-3-4,10,2,51.463615262190345,-0.008492633812369754,75.864,"POLYGON ((-0.008316752982321 51.46425425718123, -0.0092737077345418 51.464084526780915, -0.0094495788007896 51.46344552662953, -0.0086685109782091 51.46297626235394, -0.0077115779808817 51.46314599362878, -0.0075356910515784 51.46378498830466, -0.008316752982321 51.46425425718123))",0,True,True,,0
8a194ad058effff,289,289-3-5,10,2,51.46250699410748,-0.007887461245906422,75.864,"POLYGON ((-0.0077115779808817 51.46314599362878, -0.0086685109782091 51.46297626235394, -0.0088443844799429 51.46233725767212, -0.0080633408467516 51.46186798974085, -0.0071064296035571 51.462037721890525, -0.0069305402397376 51.462676721096614, -0.0077115779808817 51.46314599362878))",0,True,True,,11
8a194ad058f7fff,289,289-3-6,10,2,51.4639147869339,-0.010230664714008521,75.864,"POLYGON ((-0.0100547997477531 51.46455378740013, -0.0110117687181955 51.46438404326669, -0.0111876239201901 51.46374503764011, -0.0104065260163069 51.46327578162209, -0.0094495788007896 51.46344552662953, -0.0092737077345418 51.464084526780915, -0.0100547997477531 51.46455378740013))",0,True,True,,0
8b194ad22980fff,136,136-6-0-0,11,3,51.50473479535571,-0.019937619377987006,28.827,"POLYGON ((-0.0199990494330284 51.504984330228936, -0.0202978049209856 51.50484461809201, -0.0202363735526127 51.50459508278092, -0.0198761898923035 51.50448526003005, -0.0195774363393814 51.50462497175052, -0.0196388645117522 51.504874506638295, -0.0199990494330284 51.504984330228936))",0,True,True,,3
8b194ad22981fff,136,136-6-0-1,11,3,51.50437543641038,-0.019516008736331688,28.827,"POLYGON ((-0.0195774363393814 51.50462497175052, -0.0198761898923035 51.50448526003005, -0.0198147609759463 51.50423572425204, -0.0194545817025459 51.504125900617865, -0.0191558300846612 51.50426561192188, -0.0192172558051276 51.50451514727653, -0.0195774363393814 51.50462497175052))",0,True,True,,2
8b194ad22982fff,136,136-6-0-2,11,3,51.50470490466289,-0.02059655971726999,28.827,"POLYGON ((-0.0206579929682856 51.50495443995946, -0.020956748386245 51.504814725676006, -0.0208953138219321 51.50456518994157, -0.0205351270356187 51.50445536891394, -0.0202363735526127 51.50459508278092, -0.0202978049209856 51.50484461809201, -0.0206579929682856 51.50495443995946))",0,True,True,,0
8b194ad22983fff,136,136-6-0-3,11,3,51.504345547017415,-0.02017494275360818,28.827,"POLYGON ((-0.0202363735526127 51.50459508278092, -0.0205351270356187 51.50445536891394, -0.0204736949233052 51.504205832712564, -0.0201135125239455 51.50409601080152, -0.0198147609759463 51.50423572425204, -0.0198761898923035 51.50448526003005, -0.0202363735526127 51.50459508278092))",0,True,True,,1
8b194ad22984fff,136,136-6-0-4,11,3,51.505124041073685,-0.01970029325345499,28.827,"POLYGON ((-0.0197617225644703 51.505373575056616, -0.0200604800573825 51.50523386464977, -0.0199990494330284 51.504984330228936, -0.0196388645117522 51.504874506638295, -0.019340108953924 51.505014216628695, -0.0194015363822659 51.5052637506262, -0.0197617225644703 51.505373575056616))",0,True,True,,2
8b194ad22985fff,136,136-6-0-5,11,3,51.50476468217882,-0.019278682094873115,28.827,"POLYGON ((-0.019340108953924 51.505014216628695, -0.0196388645117522 51.504874506638295, -0.0195774363393814 51.50462497175052, -0.0192172558051276 51.50451514727653, -0.0189185021823653 51.50465485685051, -0.0189799271587688 51.5049043913149, -0.019340108953924 51.505014216628695))",0,True,True,,4
8b194ad22986fff,136,136-6-0-6,11,3,51.505094152950726,-0.020359236858651007,28.827,"POLYGON ((-0.0204206693657069 51.505343687357005, -0.0207194267886818 51.50520397480363, -0.0206579929682856 51.50495443995946, -0.0202978049209856 51.50484461809201, -0.0199990494330284 51.504984330228936, -0.0200604800573825 51.50523386464977, -0.0204206693657069 51.505343687357005))",0,True,True,,9
8b194ad23568fff,199,199-5-5-0,11,3,51.480956849476414,-0.010091245942690948,28.827,"POLYGON ((-0.0101526022187445 51.48120642519392, -0.0104512320905798 51.481066683901, -0.0103898745022015 51.48081710774572, -0.0100298902350773 51.480707273307466, -0.009731262297437 51.48084701418435, -0.0097926166927242 51.48109658991548, -0.0101526022187445 51.48120642519392))",0,True,True,,5
8b194ad23569fff,199,199-5-5-1,11,3,51.48059743800169,-0.009669908470501854,28.827,"POLYGON ((-0.009731262297437 51.48084701418435, -0.0100298902350773 51.480707273307466, -0.0099685350958671 51.48045769668702, -0.0096085552119945 51.480347861367605, -0.0093099292085359 51.480487601828436, -0.0093712811547562 51.48073717802473, -0.009731262297437 51.48084701418435))",0,True,True,,0
8b194ad2356afff,199,199-5-5-2,11,3,51.480926941316405,-0.010749861271915486,28.827,"POLYGON ((-0.0108112207410374 51.48117651745801, -0.0111098505441892 51.48103677401957, -0.0110484897627512 51.48078719744018, -0.0106885023712246 51.480677364723356, -0.0103898745022015 51.48081710774572, -0.0104512320905798 51.481066683901, -0.0108112207410374 51.48117651745801))",0,True,True,,0
8b194ad2356bfff,199,199-5-5-3,11,3,51.48056753113896,-0.010328517482288883,28.827,"POLYGON ((-0.0103898745022015 51.48081710774572, -0.0106885023712246 51.480677364723356, -0.0106271440389639 51.48042778767878, -0.0102671610307186 51.48031795408072, -0.0099685350958671 51.48045769668702, -0.0100298902350773 51.480707273307466, -0.0103898745022015 51.48081710774572))",0,True,True,,0
8b194ad2356cfff,199,199-5-5-4,11,3,51.48134616519514,-0.009853971656405152,28.827,"POLYGON ((-0.0099153271885114 51.481595740023344, -0.0102139590631827 51.48145600045991, -0.0101526022187445 51.48120642519392, -0.0097926166927242 51.48109658991548, -0.0094939867522812 51.481236329062895, -0.0095553404036183 51.48148590390476, -0.0099153271885114 51.481595740023344))",0,True,True,,9
8b194ad2356dfff,199,199-5-5-5,11,3,51.480986753769564,-0.009432633669342817,28.827,"POLYGON ((-0.0094939867522812 51.481236329062895, -0.0097926166927242 51.48109658991548, -0.009731262297437 51.48084701418435, -0.0093712811547562 51.48073717802473, -0.0090726531485489 51.48087691675609, -0.0091340043507902 51.48112649206311, -0.0094939867522812 51.481236329062895))",0,True,True,,3
8b194ad2356efff,199,199-5-5-6,11,3,51.48131625960478,-0.010512590247373575,28.827,"POLYGON ((-0.0105739489725991 51.48156583485707, -0.0108725807786168 51.4814260931481, -0.0108112207410374 51.48117651745801, -0.0104512320905798 51.481066683901, -0.0101526022187445 51.48120642519392, -0.0102139590631827 51.48145600045991, -0.0105739489725991 51.48156583485707))",0,True,True,,4
8b194ad23190fff,250,250-6-2-0,11,3,51.48176537744891,-0.008958075826673384,28.827,"POLYGON ((-0.0090194274216495 51.48201495096365, -0.0093180613677239 51.481875215275224, -0.0092567084603742 51.48162564132266, -0.0088967248000605 51.48151580348271, -0.0085980927883195 51.48165553875513, -0.0086594425025571 51.48190511228352, -0.0090194274216495 51.48201495096365))",0,True,True,,6
8b194ad23191fff,250,250-6-2-1,11,3,51.481405964775234,-0.008536743642433856,28.827,"POLYGON ((-0.0085980927883195 51.48165553875513, -0.0088967248000605 51.48151580348271, -0.0088353743418203 51.48126622906499, -0.0084753950649198 51.481156390343884, -0.0081767649875091 51.48129612520029, -0.0082381122526669 51.48154569919381, -0.0085980927883195 51.48165553875513))",0,True,True,,2
8b194ad23192fff,250,250-6-2-2,11,3,51.48173547829514,-0.0096166946233804,28.827,"POLYGON ((-0.0096780494114867 51.48198505223397, -0.0099766832890182 51.48184531440001, -0.0099153271885114 51.481595740023344, -0.0095553404036183 51.48148590390476, -0.0092567084603742 51.48162564132266, -0.0093180613677239 51.481875215275224, -0.0096780494114867 51.48198505223397))",0,True,True,,10
8b194ad23193fff,250,250-6-2-3,11,3,51.48137606691863,-0.009195356121377866,28.827,"POLYGON ((-0.0092567084603742 51.48162564132266, -0.0095553404036183 51.48148590390476, -0.0094939867522812 51.481236329062895, -0.0091340043507902 51.48112649206311, -0.0088353743418203 51.48126622906499, -0.0088967248000605 51.48151580348271, -0.0092567084603742 51.48162564132266))",0,True,True,,8
8b194ad23194fff,250,250-6-2-4,11,3,51.4821546853604,-0.008720792785142518,28.827,"POLYGON ((-0.0087821436361071 51.48240425798577, -0.0090807795850204 51.48226452402685, -0.0090194274216495 51.48201495096365, -0.0086594425025571 51.48190511228352, -0.0083608084880004 51.48204484582643, -0.0084221574582033 51.48229441846547, -0.0087821436361071 51.48240425798577))",0,True,True,,0
8b194ad23195fff,250,250-6-2-5,11,3,51.48179527273585,-0.008299460086155239,28.827,"POLYGON ((-0.0083608084880004 51.48204484582643, -0.0086594425025571 51.48190511228352, -0.0085980927883195 51.48165553875513, -0.0082381122526669 51.48154569919381, -0.0079394801725098 51.481685432320724, -0.0080008266936193 51.48193500542495, -0.0083608084880004 51.48204484582643))",0,True,True,,0
8b194ad23196fff,250,250-6-2-6,11,3,51.48212478877624,-0.009379414843483853,28.827,"POLYGON ((-0.0094407688876346 51.4823743618258, -0.0097394047680248 51.48223462572134, -0.0096780494114867 51.48198505223397, -0.0093180613677239 51.481875215275224, -0.0090194274216495 51.48201495096365, -0.0090807795850204 51.48226452402685, -0.0094407688876346 51.4823743618258))",0,True,True,,1
