local_tile,local_tiles,density,local_density
891946cb60bffff,"{'891946cb657ffff', '891946cb663ffff', '891946cb60bffff', '891946cb647ffff', '891946cb613ffff', '891946cb643ffff', '891946cb673ffff', '891946cb6c7ffff', '891946cb64fffff', '891946cb677ffff', '891946cb653ffff', '891946cb607ffff', '891946cb63bffff', '891946cb61bffff', '891946cb67bffff', '891946cb6cfffff', '891946cb617ffff', '891946cb60fffff', '891946cb603ffff'}",1.0,3.0
891946cb647ffff,"{'891946cb657ffff', '891946cb66bffff', '891946cb663ffff', '891946cb64bffff', '891946cb60bffff', '891946cb643ffff', '891946cb647ffff', '89197334db3ffff', '891946cb673ffff', '891946cb64fffff', '891946cb677ffff', '891946cb653ffff', '891946cb65bffff', '89197334db7ffff', '891946cb61bffff', '891946cb67bffff', '891946cb6cfffff', '891946cb60fffff', '891946cb603ffff'}",1.0,3.0
891946cb67bffff,"{'891946cb2d3ffff', '891946cb66bffff', '891946cb657ffff', '891946cb663ffff', '891946cb64bffff', '89197334da7ffff', '891946cb60bffff', '891946cb643ffff', '891946cb647ffff', '89197334db3ffff', '891946cb673ffff', '891946cb64fffff', '891946cb677ffff', '891946cb66fffff', '89197334db7ffff', '891946cb67bffff', '89197334da3ffff', '891946cb60fffff', '891946cb667ffff'}",1.0,3.0
891946cb687ffff,"{'891946cb6bbffff', '891946cb6abffff', '891946cb697ffff', '891946cb68fffff', '891946cb687ffff', '891946cb6a3ffff', '891946cb69bffff', '891946cb44fffff', '891946cb45bffff', '891946cb683ffff', '891946cb613ffff', '891946cb6b7ffff', '891946cb68bffff', '891946cb443ffff', '891946cb617ffff', '891946cb693ffff', '8919733692fffff', '891946cb44bffff', '891946cb6b3ffff'}",2.0,6.0
891946cb697ffff,"{'891946cb6bbffff', '891946cb697ffff', '891946cb687ffff', '891946cb68fffff', '891946cb453ffff', '8919733692bffff', '891946cb69bffff', '891946cb44fffff', '891946cb45bffff', '891946cb683ffff', '89197336923ffff', '89197336927ffff', '891946cb68bffff', '891946cb443ffff', '891946cb693ffff', '8919733692fffff', '89197336967ffff', '891946cb44bffff', '891946cb6b3ffff'}",2.0,6.0
891946cb6bbffff,"{'891946cb6bbffff', '891946cb6afffff', '891946cb6abffff', '891946cb697ffff', '891946cb68fffff', '891946cb687ffff', '891946cb6a3ffff', '891946cb44fffff', '891946cb683ffff', '891946cb613ffff', '891946cb6a7ffff', '891946cb607ffff', '891946cb633ffff', '891946cb68bffff', '891946cb617ffff', '891946cb44bffff', '891946cb603ffff', '891946cb6b7ffff', '891946cb6b3ffff'}",1.0,5.0
89197320027ffff,"{'89197320157ffff', '89197320153ffff', '8919732014bffff', '89197320143ffff', '891973201dbffff', '8919732003bffff', '89197320397ffff', '891973200afffff', '89197320033ffff', '8919732015bffff', '891973201cbffff', '89197320023ffff', '89197320037ffff', '8919732002fffff', '891973201cfffff', '8919732002bffff', '89197320027ffff', '891973201c3ffff', '89197320393ffff'}",1.0,8.0
8919732004bffff,"{'8919732007bffff', '89197320293ffff', '89197320287ffff', '89197320047ffff', '89197320297ffff', '8919732004fffff', '891973202b7ffff', '891973202b3ffff', '89197320283ffff', '8919732028fffff', '891973202bbffff', '8919732062fffff', '89197320627ffff', '891973202a3ffff', '89197320053ffff', '8919732004bffff', '89197320043ffff', '8919732005bffff', '89197320057ffff'}",1.0,11.0
8919732005bffff,"{'89197320637ffff', '89197320293ffff', '89197320287ffff', '89197320047ffff', '89197320297ffff', '891973200cbffff', '891973200cfffff', '8919732062bffff', '8919732004fffff', '89197320283ffff', '891973202b3ffff', '8919732062fffff', '89197320627ffff', '89197320053ffff', '8919732004bffff', '89197320043ffff', '89197320623ffff', '8919732005bffff', '89197320057ffff'}",1.0,7.0
8919732007bffff,"{'8919732000fffff', '89197320063ffff', '89197320067ffff', '8919732007bffff', '89197320047ffff', '891973202a7ffff', '8919732004fffff', '891973202b7ffff', '891973202b3ffff', '8919732006fffff', '89197320077ffff', '891973202a3ffff', '89197320073ffff', '8919732004bffff', '8919732000bffff', '89197320043ffff', '891973203d3ffff', '89197320057ffff', '8919732006bffff'}",4.0,7.0
891973200b3ffff,"{'8919732054fffff', '8919732054bffff', '8919732057bffff', '891973200a3ffff', '891973200abffff', '8919732055bffff', '89197320083ffff', '89197320017ffff', '891973200b7ffff', '891973200afffff', '891973200b3ffff', '89197320087ffff', '8919732056bffff', '891973200a7ffff', '8919732008fffff', '891973200bbffff', '89197320547ffff', '89197320097ffff', '89197320543ffff'}",2.0,6.0
891973200bbffff,"{'8919732054fffff', '89197320097ffff', '8919732054bffff', '891973200a3ffff', '891973200abffff', '89197320083ffff', '89197320017ffff', '891973200b7ffff', '891973200afffff', '89197320033ffff', '891973200b3ffff', '89197320087ffff', '89197320007ffff', '89197320003ffff', '89197320013ffff', '8919732008fffff', '891973200bbffff', '8919732008bffff', '891973200a7ffff'}",3.0,6.0
891973200cbffff,"{'89197320637ffff', '891973200c7ffff', '891973200d3ffff', '891973200cbffff', '891973200cfffff', '89197320633ffff', '8919732001bffff', '891973206afffff', '8919732062fffff', '89197320627ffff', '891973206a7ffff', '891973200dbffff', '89197320053ffff', '891973200c3ffff', '89197320043ffff', '89197320623ffff', '8919732005bffff', '891973200d7ffff', '89197320057ffff'}",2.0,6.0
89197320143ffff,"{'89197320157ffff', '89197320153ffff', '8919732014bffff', '89197320173ffff', '8919732014fffff', '8919732010bffff', '8919732011bffff', '89197320143ffff', '89197320397ffff', '8919732017bffff', '8919732015bffff', '891973201cbffff', '891973203b3ffff', '89197320147ffff', '89197320387ffff', '8919732002fffff', '891973201cfffff', '891973203b7ffff', '89197320027ffff'}",1.0,14.0
8919732014bffff,"{'89197320157ffff', '89197320153ffff', '8919732014bffff', '8919732014fffff', '89197320143ffff', '891973203bbffff', '89197320397ffff', '8919732017bffff', '89197320383ffff', '8919732015bffff', '891973203b3ffff', '8919732038fffff', '89197320147ffff', '89197320387ffff', '8919732002fffff', '891973203a3ffff', '891973203b7ffff', '89197320027ffff', '89197320393ffff'}",1.0,13.0
8919732014fffff,"{'89197320157ffff', '89197320153ffff', '8919732014bffff', '89197320173ffff', '8919732014fffff', '8919732010bffff', '89197320143ffff', '891973203bbffff', '89197320397ffff', '8919732017bffff', '8919732016bffff', '891973203a7ffff', '8919732015bffff', '891973203b3ffff', '89197320163ffff', '89197320147ffff', '89197320387ffff', '891973203a3ffff', '891973203b7ffff'}",1.0,15.0
89197320173ffff,"{'89197320157ffff', '8919732012bffff', '89197320173ffff', '8919732014fffff', '8919732010bffff', '8919732011bffff', '89197320143ffff', '89197320167ffff', '89197320177ffff', '8919732017bffff', '8919732016bffff', '89197320107ffff', '89197320163ffff', '8919732016fffff', '8919732010fffff', '89197320147ffff', '89197320103ffff', '8919732013bffff', '891973203b7ffff'}",3.0,6.0
8919732019bffff,"{'89197320113ffff', '8919732018bffff', '89197320567ffff', '8919732052fffff', '89197320187ffff', '891973201c7ffff', '8919732052bffff', '8919732018fffff', '8919732019bffff', '891973201d3ffff', '89197320577ffff', '89197320193ffff', '891973201d7ffff', '89197320563ffff', '8919732056bffff', '89197320183ffff', '8919732056fffff', '891973201c3ffff', '89197320197ffff'}",1.0,4.0
891973201a7ffff,"{'891973201afffff', '891973201a7ffff', '89197320137ffff', '89197320cc3ffff', '89197322a63ffff', '89197320ccbffff', '891973201b3ffff', '891973201b7ffff', '89197320cd3ffff', '89197320cd7ffff', '891973201abffff', '89197320cdbffff', '89197322a6fffff', '89197322a7bffff', '891973201a3ffff', '891973201bbffff', '89197322a6bffff', '89197320133ffff', '89197322a4fffff'}",7.0,17.0
891973201afffff,"{'891973201a7ffff', '891973201afffff', '89197320133ffff', '89197320137ffff', '89197320cc3ffff', '89197320127ffff', '89197320ccbffff', '891973201b3ffff', '89197320123ffff', '891973201b7ffff', '89197320cd3ffff', '89197320107ffff', '89197320cdbffff', '891973201a3ffff', '8919732013bffff', '891973201bbffff', '89197322a6bffff', '89197320117ffff', '891973201abffff'}",1.0,17.0
891973201cbffff,"{'89197320157ffff', '89197320153ffff', '8919732011bffff', '89197320143ffff', '891973201dbffff', '891973200afffff', '89197320033ffff', '891973201d3ffff', '8919732015bffff', '89197320023ffff', '89197320027ffff', '891973201cbffff', '891973201d7ffff', '89197320037ffff', '8919732002fffff', '891973201cfffff', '891973201c3ffff', '891973201c7ffff', '891973200a7ffff'}",4.0,8.0
891973201cfffff,"{'89197320157ffff', '8919732018bffff', '89197320153ffff', '8919732010bffff', '8919732011bffff', '89197320143ffff', '891973201dbffff', '891973201d3ffff', '8919732015bffff', '891973201cbffff', '89197320027ffff', '891973201d7ffff', '89197320037ffff', '89197320147ffff', '89197320103ffff', '891973201cfffff', '89197320113ffff', '891973201c3ffff', '891973201c7ffff'}",1.0,8.0
891973201d3ffff,"{'8919732018bffff', '89197320567ffff', '8919732057bffff', '891973200a3ffff', '891973201dbffff', '891973200b7ffff', '8919732019bffff', '891973200afffff', '891973201d3ffff', '891973201cbffff', '891973201d7ffff', '89197320563ffff', '8919732056bffff', '89197320037ffff', '891973201cfffff', '8919732056fffff', '891973201c3ffff', '891973201c7ffff', '891973200a7ffff'}",1.0,7.0
89197320203ffff,"{'8919732021bffff', '891973202c7ffff', '8919732020bffff', '89197320207ffff', '89197320257ffff', '89197320233ffff', '89197320203ffff', '8919732023bffff', '89197320277ffff', '891973202abffff', '89197320213ffff', '8919732028fffff', '89197320247ffff', '89197320273ffff', '891973202cfffff', '8919732028bffff', '89197320217ffff', '891973202bbffff', '8919732020fffff'}",2.0,6.0
89197320207ffff,"{'8919732021bffff', '8919732020bffff', '89197320207ffff', '89197320233ffff', '89197320203ffff', '8919732023bffff', '891973202afffff', '89197320277ffff', '891973202abffff', '89197320213ffff', '89197320237ffff', '8919732028fffff', '89197320273ffff', '891973202a3ffff', '89197320223ffff', '8919732022bffff', '89197320217ffff', '891973202bbffff', '8919732020fffff'}",1.0,6.0
8919732020bffff,"{'8919732021bffff', '8919732024fffff', '891973202c7ffff', '8919732020bffff', '89197320207ffff', '89197320253ffff', '89197320257ffff', '89197320203ffff', '8919732023bffff', '89197320277ffff', '89197320213ffff', '89197320247ffff', '89197320273ffff', '89197320243ffff', '89197320263ffff', '891973202cfffff', '8919732027bffff', '89197320217ffff', '8919732020fffff'}",1.0,5.0
89197320213ffff,"{'8919732021bffff', '891973202c7ffff', '891973202d7ffff', '8919732020bffff', '89197320287ffff', '89197320207ffff', '89197320257ffff', '8919732029bffff', '89197320203ffff', '89197320283ffff', '891973202c3ffff', '8919732028fffff', '891973202abffff', '89197320213ffff', '891973202cfffff', '8919732028bffff', '89197320217ffff', '891973202bbffff', '8919732020fffff'}",1.0,6.0
891973202abffff,"{'89197320287ffff', '89197320207ffff', '89197320233ffff', '89197320203ffff', '891973202a7ffff', '8919732023bffff', '891973203dbffff', '891973202b7ffff', '891973202afffff', '891973202b3ffff', '8919732028fffff', '89197320213ffff', '89197320237ffff', '891973202abffff', '891973202a3ffff', '89197320223ffff', '89197320217ffff', '891973202bbffff', '8919732020fffff'}",1.0,8.0
891973202b7ffff,"{'8919732007bffff', '89197320063ffff', '89197320287ffff', '89197320047ffff', '891973202a7ffff', '8919732004fffff', '891973202b3ffff', '891973203dbffff', '891973202afffff', '8919732006fffff', '891973202b7ffff', '891973202abffff', '891973202a3ffff', '89197320073ffff', '8919732004bffff', '89197320043ffff', '891973203d3ffff', '891973202bbffff', '8919732006bffff'}",2.0,9.0
89197320387ffff,"{'89197320317ffff', '8919732039bffff', '8919732014bffff', '8919732014fffff', '89197320143ffff', '891973203bbffff', '89197320397ffff', '89197320313ffff', '891973203abffff', '89197320383ffff', '8919732015bffff', '8919732038bffff', '891973203b3ffff', '8919732038fffff', '8919732002fffff', '89197320387ffff', '891973203a3ffff', '891973203b7ffff', '89197320393ffff'}",1.0,12.0
891973203a3ffff,"{'89197320317ffff', '89197320ed3ffff', '8919732014bffff', '891973203afffff', '8919732014fffff', '89197320edbffff', '89197320337ffff', '8919732017bffff', '89197320333ffff', '891973203bbffff', '89197320307ffff', '8919732016bffff', '891973203a7ffff', '891973203abffff', '891973203b3ffff', '8919732038fffff', '89197320387ffff', '891973203a3ffff', '891973203b7ffff'}",7.0,15.0
891973203afffff,"{'89197320317ffff', '89197320ed3ffff', '891973203afffff', '89197320ecbffff', '89197320edbffff', '89197320337ffff', '891973203bbffff', '89197320333ffff', '8919732016bffff', '89197320307ffff', '891973203a7ffff', '89197320327ffff', '891973203abffff', '891973203b3ffff', '89197320323ffff', '8919732033bffff', '89197320ec3ffff', '891973203a3ffff', '891973203b7ffff'}",4.0,12.0
891973203b7ffff,"{'89197320ed3ffff', '8919732014bffff', '891973203afffff', '89197320173ffff', '8919732014fffff', '89197320143ffff', '89197320edbffff', '891973203bbffff', '8919732017bffff', '8919732016bffff', '891973203abffff', '891973203a7ffff', '891973203b3ffff', '89197320163ffff', '8919732016fffff', '89197320147ffff', '89197320387ffff', '891973203a3ffff', '891973203b7ffff'}",1.0,19.0
891973203dbffff,"{'89197320233ffff', '891973202a7ffff', '891973202b7ffff', '891973203dbffff', '8919732006fffff', '891973202afffff', '891973202abffff', '891973203cfffff', '89197320237ffff', '89197320353ffff', '891973203c7ffff', '891973202a3ffff', '89197320227ffff', '891973203c3ffff', '89197320223ffff', '891973203d3ffff', '891973203d7ffff', '891973203cbffff', '8919732006bffff'}",1.0,4.0
89197320403ffff,"{'89197320473ffff', '89197320413ffff', '8919732041bffff', '8919732040bffff', '89197320403ffff', '8919732048bffff', '89197320457ffff', '8919732048fffff', '891973204abffff', '89197320407ffff', '891973204c7ffff', '89197320477ffff', '891973204cfffff', '8919732040fffff', '89197320417ffff', '89197320447ffff', '8919732043bffff', '89197320433ffff', '891973204bbffff'}",3.0,6.0
89197320407ffff,"{'891973204a3ffff', '89197320473ffff', '89197320413ffff', '8919732041bffff', '8919732040bffff', '89197320403ffff', '8919732048fffff', '89197320437ffff', '891973204abffff', '89197320407ffff', '89197320477ffff', '89197320423ffff', '8919732040fffff', '8919732042bffff', '89197320417ffff', '8919732043bffff', '891973204afffff', '89197320433ffff', '891973204bbffff'}",1.0,8.0
89197320417ffff,"{'891973204a3ffff', '89197320413ffff', '8919732041bffff', '8919732040bffff', '89197320483ffff', '89197320403ffff', '8919732048bffff', '8919732048fffff', '891973204b3ffff', '891973204abffff', '89197320407ffff', '891973204c7ffff', '8919732040fffff', '89197320417ffff', '8919732043bffff', '89197320487ffff', '891973204afffff', '89197320433ffff', '891973204bbffff'}",1.0,8.0
89197320433ffff,"{'891973204a3ffff', '891973205dbffff', '891973205cbffff', '89197320403ffff', '89197320437ffff', '891973204abffff', '89197320407ffff', '89197320477ffff', '89197320423ffff', '89197320427ffff', '8919732040fffff', '8919732042bffff', '89197320417ffff', '8919732043bffff', '8919732042fffff', '891973204a7ffff', '891973204afffff', '89197320433ffff', '891973204bbffff'}",1.0,12.0
8919732044fffff,"{'891973206a3ffff', '89197320473ffff', '8919732040bffff', '89197320687ffff', '891973206bbffff', '8919732047bffff', '8919732045bffff', '89197320697ffff', '89197320453ffff', '89197320457ffff', '8919732044bffff', '8919732044fffff', '891973206b7ffff', '891973206b3ffff', '89197320443ffff', '89197320447ffff', '891973206a7ffff', '89197320463ffff', '8919732046bffff'}",1.0,5.0
8919732047bffff,"{'891973206a3ffff', '89197320473ffff', '8919732040bffff', '8919732046fffff', '8919732047bffff', '891973200d3ffff', '89197320457ffff', '8919732044bffff', '8919732044fffff', '891973206b7ffff', '891973206b3ffff', '89197320477ffff', '89197320467ffff', '89197320443ffff', '8919732040fffff', '89197320447ffff', '89197320463ffff', '891973206a7ffff', '8919732046bffff'}",1.0,5.0
89197320497ffff,"{'89197322353ffff', '89197320493ffff', '8919732222fffff', '89197322223ffff', '89197320497ffff', '8919732235bffff', '89197320483ffff', '89197322343ffff', '8919732048bffff', '8919732048fffff', '891973204b3ffff', '89197322267ffff', '8919732234fffff', '8919732222bffff', '8919732234bffff', '89197322227ffff', '8919732049bffff', '89197320487ffff', '891973204bbffff'}",3.0,16.0
891973204a3ffff,"{'891973204a3ffff', '891973205dbffff', '891973204b7ffff', '8919732048fffff', '891973204b3ffff', '89197320437ffff', '891973204abffff', '89197320407ffff', '8919732234fffff', '89197320417ffff', '8919732234bffff', '8919732236bffff', '89197320487ffff', '891973205d3ffff', '891973204a7ffff', '891973204afffff', '89197320433ffff', '8919732237bffff', '891973204bbffff'}",2.0,10.0
891973204a7ffff,"{'891973204a3ffff', '891973205dbffff', '891973205cbffff', '891973204b7ffff', '8919732236fffff', '891973205d7ffff', '891973204b3ffff', '89197320437ffff', '891973204abffff', '89197322363ffff', '8919732234fffff', '891973205c3ffff', '8919732236bffff', '891973205d3ffff', '891973204a7ffff', '891973204afffff', '89197320433ffff', '8919732237bffff', '891973204bbffff'}",1.0,8.0
891973204b7ffff,"{'891973204a3ffff', '891973205dbffff', '891973204b7ffff', '89197322343ffff', '8919732236fffff', '891973204b3ffff', '891973204abffff', '89197322347ffff', '89197322363ffff', '8919732234fffff', '891973205d3ffff', '8919732234bffff', '8919732236bffff', '89197320487ffff', '89197322373ffff', '891973204a7ffff', '891973204afffff', '8919732237bffff', '891973204bbffff'}",1.0,7.0
89197320513ffff,"{'8919732058fffff', '8919732050fffff', '891973205c7ffff', '8919732051bffff', '891973205cfffff', '89197320587ffff', '89197320513ffff', '891973205d7ffff', '8919732059bffff', '89197320503ffff', '891973205abffff', '89197320507ffff', '89197320583ffff', '8919732058bffff', '891973205c3ffff', '8919732050bffff', '89197320517ffff', '891973205bbffff', '89197320557ffff'}",4.0,14.0
89197320523ffff,"{'8919732053bffff', '8919732050fffff', '89197320567ffff', '8919732052fffff', '89197320537ffff', '8919732052bffff', '89197322adbffff', '89197320527ffff', '89197320533ffff', '891973205abffff', '89197320577ffff', '89197320507ffff', '89197320193ffff', '89197322a5bffff', '89197320197ffff', '89197320523ffff', '89197322acbffff', '891973205afffff', '89197322a53ffff'}",1.0,6.0
8919732052bffff,"{'89197320573ffff', '8919732053bffff', '89197320567ffff', '8919732050fffff', '8919732052fffff', '89197320537ffff', '8919732052bffff', '89197320527ffff', '89197320533ffff', '8919732019bffff', '89197320577ffff', '89197320507ffff', '89197320193ffff', '89197320563ffff', '89197322a5bffff', '89197320523ffff', '89197320183ffff', '8919732056fffff', '89197320197ffff'}",1.0,4.0
8919732054fffff,"{'8919732054fffff', '89197320573ffff', '8919732054bffff', '8919732057bffff', '891973200a3ffff', '8919732055bffff', '891973200b7ffff', '89197320553ffff', '891973200b3ffff', '89197320087ffff', '89197320563ffff', '8919732050bffff', '8919732056bffff', '891973200a7ffff', '891973200bbffff', '89197320557ffff', '89197320547ffff', '89197320097ffff', '89197320543ffff'}",1.0,7.0
89197320557ffff,"{'8919732054fffff', '89197320573ffff', '89197320557ffff', '891973205cbffff', '8919732054bffff', '8919732050fffff', '8919732057bffff', '891973205c7ffff', '8919732051bffff', '891973205cfffff', '8919732055bffff', '89197320513ffff', '89197320553ffff', '89197320427ffff', '891973205c3ffff', '8919732050bffff', '89197320503ffff', '89197320547ffff', '89197320543ffff'}",1.0,6.0
89197320577ffff,"{'89197320573ffff', '8919732053bffff', '89197320567ffff', '8919732050fffff', '8919732057bffff', '8919732052fffff', '8919732052bffff', '89197320533ffff', '8919732019bffff', '89197320577ffff', '89197320507ffff', '89197320193ffff', '89197320563ffff', '89197320523ffff', '8919732050bffff', '8919732056bffff', '8919732056fffff', '89197320503ffff', '89197320547ffff'}",1.0,4.0
89197320583ffff,"{'8919732232bffff', '8919732058fffff', '89197320593ffff', '89197322e5bffff', '891973205c7ffff', '89197322e4bffff', '89197320587ffff', '89197320513ffff', '8919732236fffff', '891973205d7ffff', '8919732059bffff', '891973205b3ffff', '89197320583ffff', '8919732058bffff', '89197320597ffff', '89197322367ffff', '89197320517ffff', '891973205bbffff', '8919732232fffff'}",3.0,11.0
8919732058bffff,"{'8919732058fffff', '89197320593ffff', '891973205c7ffff', '8919732051bffff', '891973205cfffff', '89197320587ffff', '89197320513ffff', '8919732236fffff', '891973205d7ffff', '8919732059bffff', '89197320583ffff', '891973205c3ffff', '89197320597ffff', '8919732058bffff', '89197322367ffff', '89197320517ffff', '891973205bbffff', '89197320503ffff', '891973205d3ffff'}",1.0,11.0
8919732058fffff,"{'891973205a3ffff', '8919732058fffff', '89197320593ffff', '891973205c7ffff', '8919732051bffff', '89197322e4bffff', '89197320587ffff', '89197320513ffff', '891973205d7ffff', '8919732059bffff', '891973205abffff', '891973205b3ffff', '89197320507ffff', '89197320583ffff', '8919732058bffff', '89197320597ffff', '89197320517ffff', '891973205bbffff', '89197320503ffff'}",2.0,13.0
8919732059bffff,"{'8919732232bffff', '8919732058fffff', '89197320593ffff', '891973205c7ffff', '89197322377ffff', '89197320587ffff', '89197320513ffff', '8919732236fffff', '891973205d7ffff', '8919732059bffff', '89197322363ffff', '89197320583ffff', '8919732058bffff', '891973205c3ffff', '89197320597ffff', '89197322367ffff', '8919732236bffff', '891973205d3ffff', '8919732232fffff'}",1.0,11.0
891973205abffff,"{'891973205a3ffff', '8919732053bffff', '8919732058fffff', '8919732050fffff', '891973205b7ffff', '89197320537ffff', '891973205a7ffff', '89197322adbffff', '89197320587ffff', '89197320513ffff', '89197320533ffff', '891973205abffff', '891973205b3ffff', '89197320507ffff', '89197320523ffff', '89197320517ffff', '891973205bbffff', '89197320503ffff', '891973205afffff'}",2.0,10.0
891973205afffff,"{'89197322ac3ffff', '891973205a3ffff', '8919732053bffff', '891973205b7ffff', '89197320537ffff', '891973205a7ffff', '89197322adbffff', '89197320527ffff', '89197320533ffff', '891973205abffff', '891973205b3ffff', '89197322ad3ffff', '89197320507ffff', '89197320523ffff', '89197322acbffff', '89197320517ffff', '891973205bbffff', '891973205afffff', '89197322e6bffff'}",1.0,4.0
891973205dbffff,"{'891973204a3ffff', '891973205cbffff', '891973204b7ffff', '891973205c7ffff', '891973205cfffff', '8919732236fffff', '89197320553ffff', '891973205d7ffff', '89197320437ffff', '891973204abffff', '89197320423ffff', '89197320427ffff', '891973205c3ffff', '8919732236bffff', '891973205d3ffff', '891973204a7ffff', '891973204afffff', '89197320433ffff', '891973205dbffff'}",3.0,8.0
89197320603ffff,"{'891973206abffff', '89197320603ffff', '891973206bbffff', '891973206cfffff', '8919732068fffff', '89197320673ffff', '89197320657ffff', '8919732060fffff', '8919732068bffff', '8919732061bffff', '89197320633ffff', '8919732060bffff', '8919732063bffff', '89197320677ffff', '891973206c7ffff', '89197320613ffff', '89197320617ffff', '89197320607ffff', '89197320647ffff'}",2.0,6.0
8919732061bffff,"{'891973206cbffff', '89197320603ffff', '89197320653ffff', '891973206cfffff', '89197320643ffff', '8919732068fffff', '89197320673ffff', '89197320657ffff', '8919732060fffff', '8919732068bffff', '8919732061bffff', '8919732060bffff', '891973206c3ffff', '891973206c7ffff', '89197320613ffff', '89197320617ffff', '89197320607ffff', '89197320647ffff', '891973206d7ffff'}",2.0,8.0
89197320627ffff,"{'89197320637ffff', '89197320293ffff', '89197320297ffff', '891973200cbffff', '891973200cfffff', '89197320633ffff', '8919732062bffff', '8919732063bffff', '891973206afffff', '8919732062fffff', '89197320627ffff', '891973200dbffff', '89197320053ffff', '8919732004bffff', '891973200c3ffff', '89197320043ffff', '89197320623ffff', '8919732005bffff', '89197320057ffff'}",3.0,7.0
89197320657ffff,"{'891973206cbffff', '89197323327ffff', '8919732064bffff', '89197320603ffff', '89197320653ffff', '8919732065bffff', '891973206cfffff', '89197320643ffff', '89197320673ffff', '89197320657ffff', '8919732067bffff', '8919732060fffff', '8919732061bffff', '8919732060bffff', '891973206c3ffff', '891973206c7ffff', '89197320613ffff', '89197320647ffff', '8919732064fffff'}",2.0,7.0
891973206b3ffff,"{'891973206a3ffff', '891973206abffff', '89197320687ffff', '891973206bbffff', '8919732047bffff', '89197320697ffff', '8919732045bffff', '8919732068fffff', '89197320683ffff', '8919732044bffff', '8919732044fffff', '891973206b7ffff', '891973206b3ffff', '89197320443ffff', '891973206afffff', '89197320617ffff', '89197320447ffff', '891973206a7ffff', '8919732046bffff'}",2.0,5.0
891973206b7ffff,"{'891973206a3ffff', '89197320473ffff', '891973206abffff', '89197320687ffff', '891973206bbffff', '8919732046fffff', '8919732047bffff', '891973200d3ffff', '8919732044bffff', '8919732044fffff', '891973206b7ffff', '891973206b3ffff', '89197320443ffff', '891973206afffff', '89197320447ffff', '891973206a7ffff', '89197320463ffff', '8919732046bffff', '891973200dbffff'}",1.0,5.0
891973206c3ffff,"{'891973206cbffff', '89197323327ffff', '8919732069bffff', '89197320653ffff', '891973206dbffff', '891973206cfffff', '891973233a7ffff', '89197320657ffff', '8919732316fffff', '8919732068bffff', '89197323337ffff', '8919732061bffff', '891973206c3ffff', '891973206d3ffff', '891973233afffff', '891973206c7ffff', '89197320613ffff', '8919732316bffff', '891973206d7ffff'}",1.0,6.0
891973206d7ffff,"{'891973206cbffff', '89197323167ffff', '8919732069bffff', '891973206dbffff', '891973206cfffff', '8919732068fffff', '891973233a7ffff', '8919732316fffff', '89197320683ffff', '8919732068bffff', '89197323163ffff', '8919732061bffff', '891973206c3ffff', '891973206d3ffff', '891973206c7ffff', '89197320613ffff', '8919732316bffff', '89197320693ffff', '891973206d7ffff'}",1.0,4.0
8919732081bffff,"{'891973208c3ffff', '89197320857ffff', '89197320847ffff', '891973208d7ffff', '89197320803ffff', '8919732088bffff', '8919732080bffff', '891973208cfffff', '8919732088fffff', '89197320813ffff', '89197320873ffff', '89197320807ffff', '89197320843ffff', '8919732080fffff', '89197320853ffff', '89197320817ffff', '891973208c7ffff', '891973208cbffff', '8919732081bffff'}",1.0,1.0
891973208b7ffff,"{'89197320d4bffff', '891973209dbffff', '89197320d47ffff', '891973208bbffff', '891973208abffff', '89197320d7bffff', '891973208b3ffff', '891973208a7ffff', '891973208afffff', '89197320d43ffff', '89197320d63ffff', '89197320887ffff', '89197320d4fffff', '891973208b7ffff', '89197320d6bffff', '891973209d3ffff', '89197320d73ffff', '89197320d6fffff', '891973208a3ffff'}",2.0,4.0
89197320963ffff,"{'891973256d3ffff', '891973256d7ffff', '8919732090fffff', '89197320947ffff', '89197325693ffff', '8919732569bffff', '8919732094fffff', '89197320977ffff', '8919732092bffff', '89197320973ffff', '89197320bb7ffff', '8919732096bffff', '89197320967ffff', '8919732093bffff', '89197320963ffff', '89197320ba7ffff', '8919732096fffff', '8919732090bffff', '8919732097bffff'}",2.0,2.0
89197320a47ffff,"{'89197320a53ffff', '89197320a57ffff', '89197320a77ffff', '89197320a0fffff', '89197320a7bffff', '89197320a43ffff', '89197320a73ffff', '89197320a0bffff', '89197320a1bffff', '89197320a63ffff', '89197320a4fffff', '89197320a47ffff', '891973219b7ffff', '891973219b3ffff', '89197320a03ffff', '89197320acfffff', '89197320a6bffff', '89197320a5bffff', '89197320a4bffff'}",1.0,4.0
89197320a4fffff,"{'89197320a53ffff', '89197320a57ffff', '89197321987ffff', '89197320a7bffff', '89197320a43ffff', '89197320a73ffff', '89197320a0bffff', '89197320a63ffff', '89197320a4fffff', '89197320a47ffff', '891973219a7ffff', '891973219b7ffff', '891973219a3ffff', '891973219b3ffff', '891973219bbffff', '89197320a4bffff', '89197320a6bffff', '89197320a5bffff', '89197321997ffff'}",1.0,4.0
89197320b4bffff,"{'89197320a2fffff', '8919732e497ffff', '8919732e487ffff', '89197320a27ffff', '8919732e4bbffff', '89197320b4bffff', '89197320b5bffff', '8919732e4a3ffff', '89197320b57ffff', '8919732e4b7ffff', '89197320b7bffff', '89197320b47ffff', '89197320b53ffff', '8919732e493ffff', '89197320b4fffff', '8919732e483ffff', '8919732e48fffff', '8919732e4b3ffff', '89197320b43ffff'}",6.0,7.0
89197320b53ffff,"{'89197320a23ffff', '89197320a2fffff', '8919732e497ffff', '89197320a27ffff', '89197320b4bffff', '89197320bc7ffff', '89197320b5bffff', '89197320b57ffff', '89197320bdbffff', '89197320a37ffff', '89197320b47ffff', '89197320b53ffff', '89197320b1bffff', '89197320b4fffff', '89197320bcbffff', '89197320bc3ffff', '89197320b0bffff', '89197320b43ffff', '89197320bcfffff'}",1.0,8.0
89197320bcfffff,"{'89197320a27ffff', '89197320bc7ffff', '89197320b5bffff', '89197320b57ffff', '89197320bdbffff', '89197320bd3ffff', '89197320a37ffff', '89197320b47ffff', '89197320b53ffff', '89197320bcfffff', '89197320b1bffff', '89197320bcbffff', '89197320bc3ffff', '89197320b43ffff', '89197320b03ffff', '89197320b8bffff', '89197320b13ffff', '89197320bd7ffff', '89197320b0bffff'}",1.0,2.0
89197320c63ffff,"{'89197320c7bffff', '89197320c73ffff', '89197320c6fffff', '89197320ea7ffff', '891973208d7ffff', '89197320893ffff', '89197320c0bffff', '89197320c2bffff', '89197320eb7ffff', '89197320c47ffff', '89197320c0fffff', '89197320c77ffff', '891973208d3ffff', '89197320c4fffff', '89197320c3bffff', '89197320c63ffff', '8919732089bffff', '89197320c6bffff', '89197320c67ffff'}",1.0,2.0
89197320c7bffff,"{'89197320c7bffff', '89197320c73ffff', '89197320c6fffff', '89197320ea3ffff', '89197320ea7ffff', '89197320c57ffff', '89197320c0bffff', '89197320eb7ffff', '89197320c43ffff', '89197320c47ffff', '89197320c0fffff', '89197320c77ffff', '891973208d3ffff', '89197320c4fffff', '89197320c63ffff', '89197320c4bffff', '89197320c6bffff', '89197320eb3ffff', '89197320c67ffff'}",1.0,2.0
89197320c83ffff,"{'89197322b5bffff', '89197320c83ffff', '89197320c13ffff', '89197320c87ffff', '89197320cc7ffff', '89197320c8bffff', '89197322a67ffff', '89197322b4bffff', '89197320c9bffff', '89197322a2fffff', '89197320cd7ffff', '89197320c97ffff', '89197322a6fffff', '89197320c17ffff', '89197320c8fffff', '89197322a2bffff', '89197320cb3ffff', '89197320cbbffff', '89197320c93ffff'}",1.0,15.0
89197320c8bffff,"{'89197320c83ffff', '89197320cc3ffff', '89197320c13ffff', '89197320cc7ffff', '89197320c87ffff', '89197320c8bffff', '89197322a67ffff', '89197320c03ffff', '89197320c9bffff', '89197320cd3ffff', '89197320cd7ffff', '89197320c97ffff', '89197322a6fffff', '89197320c17ffff', '89197320c8fffff', '89197320c1bffff', '89197320cbbffff', '89197320c93ffff', '89197320ccfffff'}",2.0,19.0
89197320c8fffff,"{'89197320c83ffff', '89197320c13ffff', '89197320c87ffff', '89197320cc7ffff', '89197320c8bffff', '89197322b4bffff', '89197320c03ffff', '89197320c9bffff', '89197320c07ffff', '89197320ca3ffff', '89197320cd7ffff', '89197320c97ffff', '89197320c17ffff', '89197320c8fffff', '89197320cabffff', '89197320c1bffff', '89197320cb3ffff', '89197320cbbffff', '89197320c93ffff'}",3.0,15.0
89197320cc7ffff,"{'89197320cc3ffff', '89197320c83ffff', '89197320c13ffff', '89197320cc7ffff', '89197320c8bffff', '89197320c57ffff', '89197320c0bffff', '89197320ccbffff', '89197320c03ffff', '89197320c9bffff', '89197320cd3ffff', '89197320cd7ffff', '89197320cdbffff', '89197322a6fffff', '89197320c17ffff', '89197320c8fffff', '89197320c53ffff', '89197320c1bffff', '89197320ccfffff'}",9.0,20.0
89197320cd3ffff,"{'891973201a7ffff', '891973201afffff', '89197320137ffff', '89197320cc3ffff', '89197322a63ffff', '89197320cc7ffff', '89197320c8bffff', '89197322a67ffff', '89197320ccbffff', '89197320c9bffff', '891973201b7ffff', '89197320cd3ffff', '89197320cd7ffff', '89197320cdbffff', '89197322a6fffff', '89197322a7bffff', '891973201a3ffff', '89197322a6bffff', '89197320ccfffff'}",4.0,28.0
89197320cdbffff,"{'891973201a7ffff', '891973201afffff', '89197320137ffff', '89197320cc3ffff', '89197320cc7ffff', '89197320127ffff', '89197320ccbffff', '89197320123ffff', '891973201b7ffff', '89197320cd3ffff', '89197320cd7ffff', '89197320cdbffff', '89197322a6fffff', '89197320c53ffff', '891973201a3ffff', '89197320133ffff', '89197322a6bffff', '89197320ccfffff', '891973201abffff'}",1.0,26.0
89197320d4fffff,"{'89197320d4bffff', '89197320d53ffff', '89197320897ffff', '89197320d47ffff', '891973208bbffff', '89197320d7bffff', '891973208b3ffff', '891973208a7ffff', '89197320d57ffff', '89197320d43ffff', '89197320d63ffff', '89197320887ffff', '891973208b7ffff', '89197320d4fffff', '89197320d5bffff', '89197320d6bffff', '89197320d73ffff', '89197320d0bffff', '891973208a3ffff'}",2.0,4.0
89197320dc3ffff,"{'89197320d53ffff', '89197320d1bffff', '89197320ca7ffff', '89197320dc7ffff', '89197320d57ffff', '89197320c27ffff', '89197320dc3ffff', '89197320d9bffff', '89197320dd7ffff', '89197320ddbffff', '89197320d8bffff', '89197322b6bffff', '89197320d13ffff', '89197320c37ffff', '89197320cafffff', '89197320dcfffff', '89197322b6fffff', '89197320dd3ffff', '89197320dcbffff'}",1.0,2.0
89197320dcfffff,"{'89197320d53ffff', '89197320d47ffff', '89197320d1bffff', '89197320d03ffff', '89197320dc7ffff', '89197320d57ffff', '89197320c27ffff', '89197320d43ffff', '89197320dc3ffff', '89197320dd7ffff', '89197320ddbffff', '89197320d5bffff', '89197320d8bffff', '89197320d13ffff', '89197320d0bffff', '89197320c37ffff', '89197320dcfffff', '89197320dd3ffff', '89197320dcbffff'}",1.0,2.0
89197320e8fffff,"{'89197320e83ffff', '89197320e17ffff', '89197320ebbffff', '89197320e97ffff', '89197320ea3ffff', '89197320e93ffff', '89197320e87ffff', '89197320e1bffff', '89197320e07ffff', '89197320e9bffff', '89197320e8fffff', '89197320e8bffff', '89197320e03ffff', '89197320ed7ffff', '89197320c4bffff', '89197320ec7ffff', '89197320e13ffff', '89197320eb3ffff', '89197320eabffff'}",1.0,1.0
89197321123ffff,"{'89197321ccbffff', '89197321127ffff', '8919732110fffff', '89197321107ffff', '89197321137ffff', '89197321167ffff', '8919732113bffff', '89197321e93ffff', '89197321e97ffff', '89197321133ffff', '8919732112fffff', '89197321177ffff', '8919732112bffff', '891973211afffff', '89197321cdbffff', '89197321c5bffff', '89197321123ffff', '89197321c53ffff', '891973211abffff'}",2.0,7.0
89197321133ffff,"{'89197321ccbffff', '89197321127ffff', '8919732110fffff', '89197321107ffff', '89197321137ffff', '89197321117ffff', '891973211a7ffff', '8919732113bffff', '89197321133ffff', '8919732112fffff', '89197321177ffff', '8919732112bffff', '891973211afffff', '891973211bbffff', '89197321cdbffff', '89197321123ffff', '89197321103ffff', '891973211abffff', '891973211a3ffff'}",1.0,7.0
89197321137ffff,"{'89197321ccbffff', '89197321127ffff', '89197321ccfffff', '89197321107ffff', '89197321137ffff', '891973211a7ffff', '8919732113bffff', '89197321133ffff', '8919732112fffff', '8919732112bffff', '891973211afffff', '89197321cd3ffff', '89197321cdbffff', '89197321c5bffff', '89197321cc3ffff', '89197321123ffff', '89197321c53ffff', '891973211a3ffff', '891973211abffff'}",3.0,7.0
89197321163ffff,"{'891973213b7ffff', '8919732110fffff', '89197321167ffff', '8919732113bffff', '89197321e93ffff', '891973213a7ffff', '89197321173ffff', '8919732110bffff', '89197321177ffff', '89197321ed3ffff', '89197321163ffff', '8919732112bffff', '89197321147ffff', '8919732117bffff', '8919732116fffff', '8919732114fffff', '89197321e9bffff', '8919732116bffff', '89197321ed7ffff'}",1.0,1.0
891973211afffff,"{'89197321ccbffff', '89197321127ffff', '89197321107ffff', '89197321137ffff', '89197321117ffff', '8919732026bffff', '891973211a7ffff', '8919732113bffff', '89197321133ffff', '891973211b3ffff', '891973211b7ffff', '891973211afffff', '89197321cd3ffff', '891973211bbffff', '89197321cdbffff', '89197321cc3ffff', '89197321123ffff', '891973211a3ffff', '891973211abffff'}",1.0,7.0
89197321807ffff,"{'89197321833ffff', '8919732180bffff', '89197321873ffff', '89197321803ffff', '89197321813ffff', '891973218afffff', '891973218a3ffff', '8919732182bffff', '891973218abffff', '89197321807ffff', '8919732183bffff', '89197321823ffff', '89197321837ffff', '89197321877ffff', '891973218bbffff', '8919732180fffff', '89197321817ffff', '8919732181bffff', '8919732188fffff'}",1.0,2.0
8919732183bffff,"{'89197321833ffff', '8919732182fffff', '8919732180bffff', '89197321873ffff', '89197321803ffff', '891973218afffff', '89197321b93ffff', '8919732182bffff', '891973218abffff', '89197321807ffff', '8919732183bffff', '89197321823ffff', '89197321837ffff', '89197321877ffff', '89197321867ffff', '89197321863ffff', '8919732180fffff', '89197321827ffff', '89197321817ffff'}",1.0,2.0
89197321913ffff,"{'89197321903ffff', '89197321987ffff', '891973219abffff', '8919732199bffff', '8919732198fffff', '8919732191bffff', '89197321913ffff', '8919732198bffff', '891973219bbffff', '891973219c3ffff', '89197321957ffff', '89197321983ffff', '89197321917ffff', '891973219d7ffff', '891973219c7ffff', '8919732190bffff', '8919732190fffff', '89197321907ffff', '891973219cfffff'}",1.0,2.0
8919732191bffff,"{'89197321903ffff', '89197321947ffff', '8919732198fffff', '8919732191bffff', '89197321913ffff', '89197321943ffff', '8919732198bffff', '891973219c3ffff', '89197321957ffff', '89197321953ffff', '891973219cbffff', '89197321917ffff', '891973219d7ffff', '891973219c7ffff', '8919732190bffff', '8919732190fffff', '89197321907ffff', '891973219cfffff', '89197321973ffff'}",1.0,2.0
891973219b7ffff,"{'89197321987ffff', '89197320a6fffff', '89197320a7bffff', '89197320a43ffff', '89197320a73ffff', '891973219abffff', '8919732e4dbffff', '8919732e4d3ffff', '89197320a4fffff', '89197320a63ffff', '89197320a47ffff', '891973219a7ffff', '891973219b7ffff', '891973219a3ffff', '891973219b3ffff', '891973219bbffff', '89197320a6bffff', '891973219afffff', '89197320a4bffff'}",2.0,4.0
89197321b43ffff,"{'89197321b53ffff', '8919732f497ffff', '89197321b4fffff', '89197321b73ffff', '89197321a2fffff', '89197321b43ffff', '89197321b5bffff', '89197321a27ffff', '89197321b4bffff', '89197321b57ffff', '89197321b47ffff', '89197321bcfffff', '89197321bcbffff', '8919732f4b3ffff', '89197321b1bffff', '8919732f4b7ffff', '89197321b0bffff', '89197321b7bffff', '8919732f487ffff'}",1.0,5.0
89197321b4bffff,"{'89197321b53ffff', '8919732f497ffff', '89197321b4fffff', '89197321a2fffff', '89197321b43ffff', '8919732f493ffff', '89197321b5bffff', '89197321a27ffff', '8919732f483ffff', '89197321b4bffff', '89197321b57ffff', '89197321b47ffff', '8919732f4a3ffff', '8919732f4b3ffff', '8919732f4b7ffff', '89197321b7bffff', '8919732f48fffff', '8919732f487ffff', '8919732f4bbffff'}",3.0,5.0
89197321bdbffff,"{'89197321b53ffff', '89197321aa7ffff', '89197321bc3ffff', '89197321a23ffff', '89197321a27ffff', '89197321bd7ffff', '89197321a33ffff', '89197321bcfffff', '8919732186bffff', '89197321a37ffff', '89197321aafffff', '89197321bd3ffff', '89197321bcbffff', '89197321aabffff', '89197321aa3ffff', '89197321bdbffff', '89197321ab7ffff', '8919732186fffff', '89197321bc7ffff'}",1.0,1.0
89197321c0bffff,"{'89197321c1bffff', '89197321ccfffff', '89197321cc7ffff', '89197321c47ffff', '89197321c13ffff', '89197321c3bffff', '89197321c63ffff', '89197321c0fffff', '89197321c17ffff', '89197321c73ffff', '89197321c0bffff', '89197321c57ffff', '89197321c43ffff', '89197321c03ffff', '89197321c77ffff', '89197321c07ffff', '89197321c53ffff', '89197321c7bffff', '89197321c4fffff'}",1.0,1.0
89197322007ffff,"{'891973220afffff', '89197322017ffff', '8919732202bffff', '89197322023ffff', '89197322007ffff', '89197322037ffff', '891973220a3ffff', '89197322033ffff', '89197322077ffff', '891973220bbffff', '891973220abffff', '89197322013ffff', '8919732208fffff', '89197322003ffff', '8919732203bffff', '8919732200bffff', '8919732201bffff', '89197322073ffff', '8919732200fffff'}",2.0,13.0
89197322017ffff,"{'891973220afffff', '89197322017ffff', '8919732208bffff', '89197322007ffff', '89197322087ffff', '891973220a3ffff', '89197322033ffff', '891973220bbffff', '891973220abffff', '89197322013ffff', '8919732208fffff', '89197322003ffff', '891973220b3ffff', '8919732203bffff', '8919732200bffff', '8919732201bffff', '891973220c7ffff', '8919732200fffff', '89197322083ffff'}",5.0,10.0
89197322023ffff,"{'891973220afffff', '891973221dbffff', '8919732202bffff', '89197322023ffff', '89197322007ffff', '89197322067ffff', '89197322037ffff', '89197322397ffff', '89197322033ffff', '89197322077ffff', '891973220abffff', '8919732203bffff', '89197322393ffff', '89197322027ffff', '891973221cbffff', '8919732202fffff', '8919732215bffff', '8919732200fffff', '89197322153ffff'}",2.0,17.0
8919732202bffff,"{'89197322023ffff', '8919732202bffff', '89197322007ffff', '89197322067ffff', '89197322037ffff', '89197322383ffff', '89197322397ffff', '89197322063ffff', '89197322033ffff', '89197322077ffff', '8919732203bffff', '89197322393ffff', '8919732206fffff', '89197322027ffff', '89197322073ffff', '8919732239bffff', '8919732202fffff', '8919732215bffff', '8919732200fffff'}",1.0,7.0
8919732203bffff,"{'891973220afffff', '89197322017ffff', '8919732202bffff', '89197322023ffff', '89197322007ffff', '89197322067ffff', '89197322037ffff', '89197322063ffff', '89197322033ffff', '89197322077ffff', '891973220abffff', '89197322003ffff', '89197322393ffff', '8919732203bffff', '89197322027ffff', '8919732200bffff', '89197322073ffff', '8919732202fffff', '8919732200fffff'}",1.0,13.0
891973220abffff,"{'891973220afffff', '89197322017ffff', '89197322023ffff', '891973221dbffff', '891973220a7ffff', '89197322007ffff', '89197322087ffff', '89197322037ffff', '891973220a3ffff', '89197322033ffff', '891973220b7ffff', '891973220bbffff', '891973220abffff', '89197322013ffff', '8919732208fffff', '89197322003ffff', '891973220b3ffff', '8919732203bffff', '8919732200fffff'}",2.0,21.0
89197322113ffff,"{'891973221d7ffff', '8919732210fffff', '8919732219bffff', '891973221bbffff', '89197322157ffff', '89197322103ffff', '89197322107ffff', '891973221abffff', '89197322183ffff', '8919732211bffff', '891973221c3ffff', '8919732218bffff', '891973221c7ffff', '8919732218fffff', '891973221cfffff', '89197322113ffff', '89197322187ffff', '8919732210bffff', '89197322117ffff'}",1.0,2.0
8919732214bffff,"{'89197322143ffff', '891973223a3ffff', '891973223b3ffff', '8919732214fffff', '8919732238fffff', '891973223bbffff', '89197322387ffff', '89197322383ffff', '89197322397ffff', '89197322157ffff', '8919732217bffff', '89197322393ffff', '89197322027ffff', '8919732214bffff', '89197322147ffff', '8919732202fffff', '8919732215bffff', '891973223b7ffff', '89197322153ffff'}",4.0,7.0
89197322163ffff,"{'8919732212bffff', '8919732213bffff', '89197322173ffff', '89197322163ffff', '8919732214fffff', '8919732210fffff', '89197322ed7ffff', '89197322e9bffff', '89197322177ffff', '8919732216bffff', '89197322e93ffff', '8919732217bffff', '89197322ed3ffff', '89197322167ffff', '891973223a7ffff', '89197322147ffff', '8919732216fffff', '8919732210bffff', '891973223b7ffff'}",2.0,10.0
89197322167ffff,"{'8919732212bffff', '8919732213bffff', '89197322173ffff', '89197322163ffff', '8919732210fffff', '89197322ed7ffff', '89197322e8bffff', '89197322e9bffff', '89197322177ffff', '8919732212fffff', '8919732216bffff', '89197322123ffff', '89197322e93ffff', '89197322e83ffff', '8919732217bffff', '89197322ed3ffff', '89197322167ffff', '8919732216fffff', '89197322e97ffff'}",1.0,10.0
8919732216fffff,"{'8919732212bffff', '89197322edbffff', '89197322173ffff', '89197322163ffff', '89197322ed7ffff', '89197322e8bffff', '89197322e9bffff', '89197322177ffff', '8919732216bffff', '89197322ec7ffff', '89197322e93ffff', '89197322e83ffff', '89197322ed3ffff', '89197322167ffff', '8919732217bffff', '891973223a7ffff', '89197322ec3ffff', '8919732216fffff', '891973223b7ffff'}",4.0,19.0
89197322197ffff,"{'8919732219bffff', '891973221bbffff', '89197322197ffff', '89197322193ffff', '8919732252fffff', '8919733524fffff', '89197322183ffff', '8919732252bffff', '8919733524bffff', '89197322527ffff', '8919732218bffff', '891973221b3ffff', '89197322567ffff', '89197335253ffff', '89197322523ffff', '8919732218fffff', '89197335243ffff', '89197322187ffff', '8919733525bffff'}",1.0,8.0
8919732219bffff,"{'891973221d7ffff', '8919732256bffff', '8919732219bffff', '89197322197ffff', '89197322193ffff', '8919732252fffff', '8919732256fffff', '89197322183ffff', '8919732252bffff', '891973221c3ffff', '89197322563ffff', '8919732218bffff', '891973221c7ffff', '89197322567ffff', '89197322577ffff', '8919732218fffff', '891973221d3ffff', '89197322113ffff', '89197322187ffff'}",1.0,6.0
891973221dbffff,"{'891973220afffff', '891973220a7ffff', '89197322023ffff', '891973221d7ffff', '891973221dbffff', '89197322037ffff', '891973220a3ffff', '8919732256bffff', '89197322033ffff', '891973220b7ffff', '891973220abffff', '8919732256fffff', '891973221c3ffff', '89197322027ffff', '891973221c7ffff', '891973221cbffff', '891973221d3ffff', '891973221cfffff', '89197322153ffff'}",9.0,13.0
89197322227ffff,"{'89197322353ffff', '89197320493ffff', '8919732222fffff', '89197320497ffff', '891973223dbffff', '89197322223ffff', '8919732235bffff', '891973223c3ffff', '891973223cbffff', '89197322357ffff', '89197322343ffff', '89197322233ffff', '89197322237ffff', '891973223cfffff', '8919732222bffff', '8919732234bffff', '89197322227ffff', '891973222afffff', '8919732223bffff'}",7.0,20.0
89197322267ffff,"{'8919732226bffff', '89197320493ffff', '8919732222fffff', '89197320497ffff', '89197322223ffff', '891973204d3ffff', '891973204d7ffff', '89197320483ffff', '8919732048bffff', '89197322263ffff', '8919732220fffff', '89197322267ffff', '89197322277ffff', '8919732222bffff', '89197322273ffff', '8919732227bffff', '8919732049bffff', '8919732226fffff', '8919732223bffff'}",1.0,4.0
891973222afffff,"{'89197322223ffff', '891973223dbffff', '891973222bbffff', '89197322217ffff', '8919732206bffff', '891973222b7ffff', '891973223c3ffff', '891973223cbffff', '891973222b3ffff', '891973222a7ffff', '89197322207ffff', '89197322233ffff', '89197322237ffff', '891973222abffff', '89197322227ffff', '891973222afffff', '891973222a3ffff', '891973223d3ffff', '8919732223bffff'}",1.0,10.0
89197322303ffff,"{'89197322317ffff', '89197322307ffff', '891973223c7ffff', '8919732230bffff', '891973223bbffff', '8919732230fffff', '8919732238fffff', '8919732238bffff', '89197322377ffff', '89197322313ffff', '89197322357ffff', '8919732233bffff', '89197322333ffff', '89197322347ffff', '89197322303ffff', '891973223cfffff', '8919732231bffff', '89197322373ffff', '891973223abffff'}",1.0,7.0
8919732230bffff,"{'89197322353ffff', '89197322317ffff', '89197322307ffff', '891973223c7ffff', '8919732230bffff', '8919732230fffff', '89197322377ffff', '89197322357ffff', '89197322313ffff', '89197322343ffff', '8919732233bffff', '89197322347ffff', '89197322363ffff', '89197322303ffff', '891973223cfffff', '8919732231bffff', '8919732234fffff', '89197322373ffff', '8919732237bffff'}",1.0,5.0
89197322353ffff,"{'89197322353ffff', '8919732222fffff', '89197320497ffff', '891973223dbffff', '89197322223ffff', '891973223c7ffff', '8919732235bffff', '8919732230bffff', '891973223c3ffff', '891973223cbffff', '89197322357ffff', '89197322343ffff', '89197322347ffff', '89197322237ffff', '891973223cfffff', '8919732231bffff', '8919732234fffff', '89197322227ffff', '8919732234bffff'}",1.0,20.0
89197322357ffff,"{'89197322353ffff', '891973223c7ffff', '8919732235bffff', '8919732230bffff', '8919732230fffff', '891973223c3ffff', '891973223cbffff', '89197322313ffff', '89197322357ffff', '89197322343ffff', '89197322347ffff', '89197322303ffff', '891973223cfffff', '8919732231bffff', '8919732234fffff', '89197322227ffff', '8919732234bffff', '89197322373ffff', '8919732237bffff'}",2.0,17.0
8919732235bffff,"{'89197322353ffff', '89197320493ffff', '8919732222fffff', '89197320497ffff', '89197322223ffff', '8919732235bffff', '89197320483ffff', '891973223cbffff', '89197322357ffff', '89197322343ffff', '891973204b3ffff', '89197322347ffff', '89197322237ffff', '891973223cfffff', '8919732234fffff', '8919732222bffff', '8919732234bffff', '89197322227ffff', '89197320487ffff'}",4.0,17.0
8919732239bffff,"{'8919732202bffff', '891973223c7ffff', '8919732238bffff', '8919732238fffff', '89197322067ffff', '89197322387ffff', '89197322383ffff', '8919732206bffff', '891973223c3ffff', '89197322397ffff', '89197322063ffff', '89197322313ffff', '89197322077ffff', '89197322393ffff', '8919732206fffff', '891973223d7ffff', '8919732239bffff', '8919732202fffff', '891973223d3ffff'}",1.0,3.0
891973223bbffff,"{'891973223a3ffff', '89197322317ffff', '891973223b3ffff', '89197322307ffff', '8919732214fffff', '8919732238fffff', '8919732238bffff', '891973223bbffff', '89197322387ffff', '89197322383ffff', '89197322397ffff', '89197322313ffff', '89197322333ffff', '89197322303ffff', '891973223a7ffff', '8919732214bffff', '891973223b7ffff', '891973223afffff', '891973223abffff'}",3.0,8.0
891973223c3ffff,"{'89197322353ffff', '891973223dbffff', '891973223c7ffff', '8919732238bffff', '8919732206bffff', '891973223c3ffff', '891973223cbffff', '89197322357ffff', '89197322313ffff', '891973222a7ffff', '89197322237ffff', '891973223cfffff', '8919732231bffff', '8919732206fffff', '891973223d7ffff', '89197322227ffff', '8919732239bffff', '891973222afffff', '891973223d3ffff'}",1.0,14.0
891973223dbffff,"{'89197322353ffff', '89197322223ffff', '891973223dbffff', '891973223c7ffff', '8919732206bffff', '891973222b7ffff', '891973223c3ffff', '891973223cbffff', '891973222a7ffff', '89197322233ffff', '89197322237ffff', '891973222abffff', '891973223cfffff', '8919732206fffff', '891973223d7ffff', '89197322227ffff', '891973222afffff', '891973222a3ffff', '891973223d3ffff'}",1.0,11.0
891973224abffff,"{'891973224afffff', '891973224a7ffff', '891973224abffff', '89197322433ffff', '8919732248fffff', '8919732243bffff', '891973224b3ffff', '89197322413ffff', '89197322437ffff', '89197322403ffff', '891973224b7ffff', '891973224bbffff', '89197322487ffff', '8919732240fffff', '89197322407ffff', '891973224a3ffff', '89197322417ffff', '89197322423ffff', '891973225dbffff'}",2.0,2.0
8919732250fffff,"{'89197322547ffff', '89197322557ffff', '89197322573ffff', '89197322503ffff', '89197322517ffff', '8919732253bffff', '8919732250bffff', '8919732252bffff', '89197322533ffff', '8919732250fffff', '89197322563ffff', '891973225abffff', '89197322567ffff', '89197322577ffff', '89197322523ffff', '89197322513ffff', '89197322507ffff', '8919732251bffff', '8919732257bffff'}",7.0,14.0
89197322547ffff,"{'89197322553ffff', '89197322547ffff', '89197322557ffff', '89197322573ffff', '89197322503ffff', '8919732254bffff', '8919732256bffff', '891973220b7ffff', '8919732250bffff', '891973225cfffff', '891973220b3ffff', '8919732250fffff', '89197322563ffff', '8919732255bffff', '89197322543ffff', '89197322577ffff', '8919732251bffff', '8919732257bffff', '8919732254fffff'}",1.0,13.0
89197322553ffff,"{'89197322553ffff', '89197322547ffff', '89197322557ffff', '891973225cbffff', '89197322423ffff', '8919732254bffff', '89197322437ffff', '89197322427ffff', '8919732250bffff', '891973225cfffff', '891973225c3ffff', '891973225c7ffff', '8919732255bffff', '89197322543ffff', '8919732251bffff', '8919732242fffff', '8919732254fffff', '89197322097ffff', '891973225dbffff'}",1.0,2.0
89197322567ffff,"{'891973221d7ffff', '89197322573ffff', '8919732256bffff', '8919732219bffff', '8919732253bffff', '89197322197ffff', '89197322193ffff', '8919732252fffff', '8919732256fffff', '89197322183ffff', '8919732252bffff', '8919732250fffff', '89197322563ffff', '8919732218bffff', '89197322567ffff', '89197322577ffff', '89197322523ffff', '891973221d3ffff', '8919732257bffff'}",2.0,15.0
89197322577ffff,"{'89197322547ffff', '89197322573ffff', '89197322503ffff', '8919732256bffff', '8919732219bffff', '8919732253bffff', '89197322193ffff', '8919732252fffff', '8919732250bffff', '8919732256fffff', '8919732252bffff', '8919732250fffff', '89197322533ffff', '89197322563ffff', '89197322567ffff', '89197322577ffff', '89197322523ffff', '89197322507ffff', '8919732257bffff'}",1.0,15.0
8919732257bffff,"{'891973220a7ffff', '89197322547ffff', '89197322557ffff', '89197322573ffff', '8919732254bffff', '891973220a3ffff', '8919732256bffff', '891973220b7ffff', '8919732250bffff', '8919732256fffff', '891973220b3ffff', '8919732250fffff', '89197322563ffff', '89197322543ffff', '89197322567ffff', '89197322577ffff', '891973221d3ffff', '8919732257bffff', '8919732254fffff'}",3.0,14.0
89197322587ffff,"{'891973225b3ffff', '8919733564bffff', '8919732258bffff', '8919732259bffff', '8919733565bffff', '8919733564fffff', '89197322517ffff', '89197322593ffff', '891973225a3ffff', '891973225b7ffff', '8919732258fffff', '89197322583ffff', '891973225bbffff', '89197322597ffff', '891973225abffff', '89197322513ffff', '89197330b2fffff', '89197322587ffff', '89197335643ffff'}",1.0,5.0
891973225a3ffff,"{'891973225b3ffff', '8919733564bffff', '89197322537ffff', '8919733566bffff', '8919733564fffff', '89197322517ffff', '891973225a3ffff', '891973225a7ffff', '8919733567bffff', '891973352d3ffff', '891973225b7ffff', '8919732258fffff', '891973225bbffff', '89197322533ffff', '891973225afffff', '891973225abffff', '89197322587ffff', '89197322507ffff', '891973352dbffff'}",2.0,15.0
891973225bbffff,"{'891973225b3ffff', '8919733564bffff', '8919732258bffff', '8919733564fffff', '89197322503ffff', '89197322517ffff', '891973225a3ffff', '891973225a7ffff', '891973225b7ffff', '8919732258fffff', '89197322583ffff', '89197322533ffff', '89197322597ffff', '891973225bbffff', '891973225afffff', '891973225abffff', '89197322513ffff', '89197322587ffff', '89197322507ffff'}",2.0,5.0
8919732267bffff,"{'8919732266bffff', '891973235b7ffff', '8919732264fffff', '891973235a3ffff', '89197322673ffff', '8919732264bffff', '8919732266fffff', '89197322643ffff', '8919732260bffff', '89197322647ffff', '891973235a7ffff', '891973222d3ffff', '89197322663ffff', '8919732260fffff', '89197322657ffff', '89197322677ffff', '89197322667ffff', '891973235b3ffff', '8919732267bffff'}",2.0,2.0
89197322803ffff,"{'89197322807ffff', '89197322847ffff', '891973228bbffff', '8919732288fffff', '8919732288bffff', '891973228c7ffff', '89197322833ffff', '89197322873ffff', '8919732283bffff', '8919732280bffff', '89197322857ffff', '89197322877ffff', '891973228cfffff', '8919732280fffff', '89197322817ffff', '89197322813ffff', '8919732281bffff', '891973228abffff', '89197322803ffff'}",1.0,6.0
8919732280bffff,"{'89197322847ffff', '8919732287bffff', '89197322807ffff', '89197322863ffff', '891973228c7ffff', '8919732284fffff', '89197322873ffff', '8919732283bffff', '8919732280bffff', '89197322857ffff', '89197322877ffff', '891973228cfffff', '8919732280fffff', '89197322843ffff', '89197322853ffff', '89197322817ffff', '89197322813ffff', '8919732281bffff', '89197322803ffff'}",2.0,5.0
89197322833ffff,"{'89197322837ffff', '89197322807ffff', '891973228bbffff', '89197322833ffff', '891973228a3ffff', '8919732282bffff', '8919732283bffff', '891973228a7ffff', '891973228afffff', '8919732282fffff', '891973228abffff', '891973229cbffff', '89197322877ffff', '89197322827ffff', '8919732280fffff', '89197322817ffff', '89197322823ffff', '891973229dbffff', '89197322803ffff'}",1.0,5.0
89197322837ffff,"{'89197322837ffff', '89197322807ffff', '891973229d3ffff', '891973229cfffff', '89197322833ffff', '891973228a3ffff', '8919732282bffff', '8919732283bffff', '891973228a7ffff', '891973228afffff', '8919732282fffff', '89197322953ffff', '891973228abffff', '891973229cbffff', '89197322827ffff', '891973229c3ffff', '8919732295bffff', '89197322823ffff', '891973229dbffff'}",1.0,5.0
89197322867ffff,"{'89197322b97ffff', '8919732287bffff', '8919732286bffff', '89197322bd3ffff', '89197322863ffff', '89197322b9bffff', '89197322b83ffff', '89197322873ffff', '8919732282bffff', '8919732286fffff', '8919732283bffff', '8919732282fffff', '89197322867ffff', '89197322877ffff', '8919732280fffff', '89197322bd7ffff', '89197322b93ffff', '89197322b8bffff', '89197322823ffff'}",3.0,8.0
8919732286bffff,"{'89197322bdbffff', '8919732287bffff', '89197322847ffff', '89197322aa3ffff', '8919732286bffff', '89197322bd3ffff', '89197322863ffff', '89197322b9bffff', '89197322ab7ffff', '89197322aafffff', '8919732284fffff', '89197322873ffff', '8919732286fffff', '89197322867ffff', '89197322877ffff', '89197322aa7ffff', '89197322ab3ffff', '89197322bd7ffff', '89197322bc3ffff'}",1.0,11.0
89197322877ffff,"{'89197322847ffff', '8919732287bffff', '8919732286bffff', '89197322807ffff', '89197322863ffff', '89197322b9bffff', '89197322833ffff', '89197322873ffff', '8919732282bffff', '8919732286fffff', '8919732283bffff', '8919732282fffff', '8919732280bffff', '89197322867ffff', '89197322877ffff', '8919732280fffff', '89197322b93ffff', '89197322823ffff', '89197322803ffff'}",2.0,10.0
89197322883ffff,"{'89197322c67ffff', '891973228bbffff', '89197322d5bffff', '8919732288fffff', '891973228d7ffff', '8919732288bffff', '89197322c6fffff', '891973228c7ffff', '89197322c2bffff', '89197322897ffff', '89197322c2fffff', '8919732289bffff', '89197322887ffff', '891973228b3ffff', '89197322817ffff', '89197322883ffff', '89197322813ffff', '89197322893ffff', '89197322d4bffff'}",9.0,89.0
89197322893ffff,"{'89197322c27ffff', '89197322c23ffff', '89197322c67ffff', '89197322d5bffff', '8919732288fffff', '891973228d7ffff', '8919732288bffff', '89197322c6fffff', '89197322c3bffff', '89197322c2bffff', '89197322897ffff', '89197322c2fffff', '89197322c77ffff', '8919732289bffff', '89197322c63ffff', '89197322887ffff', '89197322883ffff', '89197322893ffff', '89197322d4bffff'}",6.0,187.0
89197322897ffff,"{'89197322c27ffff', '89197322c23ffff', '89197322c67ffff', '891973228bbffff', '89197322d53ffff', '89197322d5bffff', '8919732288fffff', '8919732288bffff', '89197322c2bffff', '89197322897ffff', '89197322c2fffff', '89197322d43ffff', '8919732289bffff', '89197322887ffff', '891973228b3ffff', '89197322883ffff', '89197322d4fffff', '89197322893ffff', '89197322d4bffff'}",16.0,187.0
8919732289bffff,"{'89197322c67ffff', '89197322c6bffff', '891973228c3ffff', '891973228d7ffff', '8919732288fffff', '8919732288bffff', '89197322c6fffff', '891973228c7ffff', '89197322897ffff', '89197322c2fffff', '89197322c77ffff', '8919732289bffff', '89197322c63ffff', '89197322887ffff', '89197322883ffff', '891973228d3ffff', '89197322813ffff', '89197322893ffff', '89197322c2bffff'}",1.0,89.0
891973228c3ffff,"{'89197322c6bffff', '891973228cbffff', '89197322e37ffff', '891973228c3ffff', '891973228d7ffff', '8919732288bffff', '891973228c7ffff', '89197322c6fffff', '8919732289bffff', '89197322857ffff', '891973228cfffff', '89197322853ffff', '891973228dbffff', '891973228d3ffff', '89197322813ffff', '8919732281bffff', '89197322eafffff', '89197322ea7ffff', '89197322e27ffff'}",3.0,25.0
891973228cbffff,"{'89197322e33ffff', '891973228cbffff', '89197322e37ffff', '891973228c3ffff', '891973228d7ffff', '8919732285bffff', '891973228c7ffff', '89197322e2fffff', '89197322857ffff', '891973228cfffff', '89197322843ffff', '89197322853ffff', '891973228dbffff', '891973228d3ffff', '8919732281bffff', '89197322eafffff', '89197322ea7ffff', '89197322e27ffff', '89197322e23ffff'}",3.0,30.0
891973228dbffff,"{'89197322e33ffff', '89197322eb7ffff', '89197322ea3ffff', '89197322c6bffff', '891973228cbffff', '89197322e37ffff', '891973228c3ffff', '891973228d7ffff', '891973228c7ffff', '89197322c6fffff', '89197322eabffff', '891973228cfffff', '89197322853ffff', '891973228dbffff', '891973228d3ffff', '89197322eafffff', '89197322ea7ffff', '89197322e27ffff', '89197322e23ffff'}",1.0,43.0
8919732291bffff,"{'89197322943ffff', '8919732298bffff', '8919732290bffff', '891973229c7ffff', '891973229cfffff', '89197322957ffff', '8919732298fffff', '89197322973ffff', '89197322953ffff', '89197322947ffff', '891973229cbffff', '8919732291bffff', '89197322917ffff', '8919732290fffff', '89197322913ffff', '891973229c3ffff', '89197322903ffff', '891973229d7ffff', '89197322907ffff'}",2.0,11.0
89197322937ffff,"{'891973274cfffff', '89197322927ffff', '89197327453ffff', '8919732292bffff', '89197322933ffff', '891973229abffff', '8919732292fffff', '891973229a7ffff', '891973274c3ffff', '89197322923ffff', '891973274dbffff', '8919732293bffff', '891973229a3ffff', '891973229afffff', '891973274cbffff', '891973274d3ffff', '89197322937ffff', '89197322907ffff', '8919732745bffff'}",1.0,27.0
89197322947ffff,"{'89197322943ffff', '8919732290bffff', '89197322963ffff', '891973229cfffff', '8919732294bffff', '8919732296bffff', '89197322957ffff', '89197322973ffff', '89197322953ffff', '89197322bb7ffff', '89197322977ffff', '89197322bb3ffff', '8919732290fffff', '8919732295bffff', '8919732294fffff', '89197322903ffff', '8919732291bffff', '89197322947ffff', '8919732297bffff'}",3.0,8.0
89197322967ffff,"{'8919732769bffff', '891973276d3ffff', '89197327683ffff', '8919732292bffff', '89197322963ffff', '891973276d7ffff', '8919732296bffff', '8919732292fffff', '89197322923ffff', '89197322973ffff', '8919732293bffff', '89197327693ffff', '89197327697ffff', '8919732768bffff', '89197322977ffff', '8919732290fffff', '8919732296fffff', '89197322967ffff', '8919732297bffff'}",2.0,10.0
89197322977ffff,"{'8919732769bffff', '8919732290bffff', '8919732292bffff', '89197322933ffff', '89197322963ffff', '8919732292fffff', '8919732296bffff', '89197322923ffff', '89197322973ffff', '8919732293bffff', '89197327693ffff', '89197322947ffff', '89197322977ffff', '8919732290fffff', '8919732296fffff', '89197322903ffff', '89197322967ffff', '89197322907ffff', '8919732297bffff'}",1.0,13.0
8919732297bffff,"{'89197322943ffff', '891973276d3ffff', '8919732290bffff', '89197322963ffff', '8919732294bffff', '8919732296bffff', '89197322957ffff', '89197322ba3ffff', '89197322ba7ffff', '89197322973ffff', '89197322bb7ffff', '89197322977ffff', '89197322bb3ffff', '8919732290fffff', '8919732296fffff', '8919732294fffff', '89197322967ffff', '89197322947ffff', '8919732297bffff'}",1.0,8.0
89197322983ffff,"{'89197322987ffff', '8919732299bffff', '8919732298bffff', '891973229c7ffff', '89197322997ffff', '8919732298fffff', '89197335a5bffff', '89197322d6fffff', '89197322917ffff', '89197322d2fffff', '89197322983ffff', '89197322913ffff', '89197322d2bffff', '89197322993ffff', '89197322d67ffff', '89197335a4bffff', '891973229d7ffff', '891973229bbffff', '891973229b3ffff'}",3.0,30.0
89197322987ffff,"{'89197322987ffff', '891973229b7ffff', '8919732299bffff', '8919732298bffff', '891973229abffff', '89197322997ffff', '8919732298fffff', '89197335a5bffff', '891973229a3ffff', '89197322917ffff', '89197322d2fffff', '89197322983ffff', '89197322913ffff', '89197322993ffff', '89197335a4bffff', '89197335a43ffff', '891973229bbffff', '891973229b3ffff', '89197335a4fffff'}",2.0,18.0
89197322993ffff,"{'89197322987ffff', '8919732299bffff', '8919732298bffff', '89197322d77ffff', '89197322d63ffff', '89197322997ffff', '8919732298fffff', '89197335a5bffff', '89197322d27ffff', '89197322d23ffff', '89197322d6fffff', '89197322d2fffff', '89197322983ffff', '89197322d2bffff', '89197322993ffff', '89197322d67ffff', '89197335a4bffff', '891973229d7ffff', '89197322d3bffff'}",1.0,30.0
89197322997ffff,"{'89197322987ffff', '8919732299bffff', '8919732298bffff', '89197322997ffff', '8919732298fffff', '89197335a5bffff', '89197322d27ffff', '89197335a53ffff', '89197322d23ffff', '89197322d2fffff', '89197322983ffff', '89197322d2bffff', '89197322993ffff', '89197322d67ffff', '89197335a4bffff', '89197335a43ffff', '891973229bbffff', '891973229b3ffff', '89197335a4fffff'}",4.0,26.0
8919732299bffff,"{'89197322987ffff', '8919732298bffff', '8919732299bffff', '89197322d63ffff', '891973229c7ffff', '89197322d77ffff', '891973229d3ffff', '89197322997ffff', '8919732298fffff', '89197322d6fffff', '89197322d2fffff', '89197322983ffff', '89197322913ffff', '89197322d2bffff', '89197322993ffff', '89197322d67ffff', '89197322d6bffff', '891973229c3ffff', '891973229d7ffff'}",5.0,36.0
891973229c3ffff,"{'89197322837ffff', '8919732298bffff', '8919732299bffff', '891973229c7ffff', '891973229d3ffff', '891973229cfffff', '89197322957ffff', '891973228a7ffff', '891973228afffff', '89197322953ffff', '891973229cbffff', '89197322d6fffff', '89197322827ffff', '8919732291bffff', '89197322913ffff', '891973229c3ffff', '89197322d6bffff', '891973229d7ffff', '891973229dbffff'}",1.0,19.0
891973229c7ffff,"{'891973229d7ffff', '8919732298bffff', '8919732299bffff', '8919732290bffff', '891973229c7ffff', '891973229d3ffff', '891973229cfffff', '89197322957ffff', '8919732298fffff', '89197322953ffff', '891973229cbffff', '89197322d6fffff', '89197322917ffff', '89197322983ffff', '89197322913ffff', '891973229c3ffff', '89197322903ffff', '8919732291bffff', '891973229dbffff'}",5.0,21.0
891973229d3ffff,"{'89197322837ffff', '89197322d7bffff', '8919732298bffff', '8919732299bffff', '891973229c7ffff', '89197322d63ffff', '891973229d3ffff', '891973229cfffff', '891973228a3ffff', '891973228a7ffff', '891973228afffff', '89197322d6fffff', '891973229cbffff', '891973228b7ffff', '891973229c3ffff', '89197322d67ffff', '89197322d6bffff', '891973229d7ffff', '891973229dbffff'}",2.0,24.0
89197322a03ffff,"{'89197322a0bffff', '89197322ac7ffff', '89197322a73ffff', '89197322a33ffff', '89197322a8fffff', '89197322a0fffff', '89197322a57ffff', '89197322a07ffff', '89197322a1bffff', '89197322a8bffff', '89197322a17ffff', '89197322abbffff', '89197322a13ffff', '89197322aabffff', '89197322acfffff', '89197322a47ffff', '89197322a03ffff', '89197322a77ffff', '89197322a3bffff'}",7.0,48.0
89197322a07ffff,"{'89197322a0bffff', '89197322aa3ffff', '89197322a73ffff', '89197322a33ffff', '89197322a23ffff', '89197322a8fffff', '89197322a0fffff', '89197322aafffff', '89197322a1bffff', '89197322a07ffff', '89197322a17ffff', '89197322abbffff', '89197322a13ffff', '89197322a37ffff', '89197322aabffff', '89197322a2bffff', '89197322a03ffff', '89197322a77ffff', '89197322a3bffff'}",16.0,45.0
89197322a0bffff,"{'89197322a0bffff', '89197322ac7ffff', '89197322a3bffff', '89197322a73ffff', '89197322a63ffff', '89197322a0fffff', '89197322a57ffff', '89197322a07ffff', '89197322a1bffff', '89197322a17ffff', '89197322a13ffff', '89197322a43ffff', '89197322a03ffff', '89197322a7bffff', '89197322acfffff', '89197322a47ffff', '89197322a53ffff', '89197322a77ffff', '89197322a4fffff'}",4.0,49.0
89197322a0fffff,"{'89197322a0bffff', '89197322a73ffff', '89197322a63ffff', '89197322a33ffff', '89197322a23ffff', '89197322a0fffff', '89197322a67ffff', '89197322a57ffff', '89197322a1bffff', '89197322a07ffff', '89197322a17ffff', '89197322a13ffff', '89197322a7bffff', '89197322aabffff', '89197322a2bffff', '89197322a47ffff', '89197322a03ffff', '89197322a77ffff', '89197322a3bffff'}",12.0,47.0
89197322a1bffff,"{'89197322a0bffff', '89197322ac3ffff', '89197322ac7ffff', '89197322a73ffff', '89197322a8fffff', '89197322a0fffff', '89197322a57ffff', '89197322a07ffff', '89197322a1bffff', '89197322a8bffff', '89197322a17ffff', '89197322a13ffff', '89197322ad7ffff', '89197322a43ffff', '89197322a03ffff', '89197322acfffff', '89197322acbffff', '89197322a47ffff', '89197322a53ffff'}",1.0,49.0
89197322a33ffff,"{'89197322bdbffff', '89197322aa3ffff', '89197322a33ffff', '89197322a23ffff', '89197322a0fffff', '89197322aafffff', '89197322a07ffff', '89197322a17ffff', '89197322a2fffff', '89197322abbffff', '89197322a37ffff', '89197322bcbffff', '89197322aa7ffff', '89197322aabffff', '89197322a2bffff', '89197322a27ffff', '89197322a03ffff', '89197322a77ffff', '89197322a3bffff'}",1.0,38.0
89197322a43ffff,"{'89197322a0bffff', '89197322a4bffff', '89197322a73ffff', '8919732052fffff', '89197320187ffff', '89197322a57ffff', '89197320527ffff', '891973201b3ffff', '89197322a1bffff', '891973201b7ffff', '89197322a43ffff', '89197322a5bffff', '89197322a7bffff', '89197322acfffff', '89197322acbffff', '89197322a47ffff', '89197322a53ffff', '89197320197ffff', '89197322a4fffff'}",3.0,15.0
89197322a47ffff,"{'89197322a0bffff', '89197322a4bffff', '89197322a73ffff', '89197322a63ffff', '89197322a0fffff', '89197322a57ffff', '891973201b3ffff', '89197322a1bffff', '891973201b7ffff', '89197322a43ffff', '89197322a03ffff', '89197322a7bffff', '89197322a5bffff', '89197322acfffff', '89197322a47ffff', '89197322a6bffff', '89197322a53ffff', '89197322a77ffff', '89197322a4fffff'}",3.0,38.0
89197322a4bffff,"{'89197322a4bffff', '8919732052fffff', '89197320187ffff', '89197322a57ffff', '89197320527ffff', '891973201b3ffff', '8919732018fffff', '891973201b7ffff', '89197322a43ffff', '89197320193ffff', '89197322a5bffff', '89197322a7bffff', '89197320197ffff', '89197322a47ffff', '891973201a3ffff', '89197320183ffff', '891973201bbffff', '89197322a53ffff', '89197322a4fffff'}",1.0,7.0
89197322a6bffff,"{'891973201a7ffff', '891973201afffff', '89197320cc3ffff', '89197322a63ffff', '89197322a73ffff', '89197322a67ffff', '891973201b3ffff', '89197320c9bffff', '891973201b7ffff', '89197320cd3ffff', '89197320cd7ffff', '89197320cdbffff', '89197322a6fffff', '89197322a7bffff', '89197322a47ffff', '891973201a3ffff', '89197322a6bffff', '89197322a77ffff', '89197322a4fffff'}",4.0,23.0
89197322a73ffff,"{'89197322a0bffff', '89197322a3bffff', '89197322a63ffff', '89197322a73ffff', '89197322a0fffff', '89197322a67ffff', '89197322a57ffff', '89197322a07ffff', '89197322a1bffff', '891973201b7ffff', '89197322a43ffff', '89197322a6fffff', '89197322a7bffff', '89197322a2bffff', '89197322a47ffff', '89197322a6bffff', '89197322a03ffff', '89197322a77ffff', '89197322a4fffff'}",3.0,53.0
89197322aa7ffff,"{'89197322bdbffff', '8919732287bffff', '89197322aa3ffff', '8919732286bffff', '89197322bd3ffff', '89197322a33ffff', '89197322863ffff', '89197322ab7ffff', '89197322aafffff', '8919732284fffff', '8919732286fffff', '89197322abbffff', '89197322a37ffff', '89197322bcbffff', '89197322aabffff', '89197322aa7ffff', '89197322ab3ffff', '89197322bd7ffff', '89197322bc3ffff'}",1.0,8.0
89197322ab7ffff,"{'89197322bdbffff', '8919732287bffff', '89197322847ffff', '8919732286bffff', '89197322aa3ffff', '89197322bd3ffff', '89197322a87ffff', '89197322863ffff', '8919732284bffff', '89197322ab7ffff', '89197322aafffff', '8919732284fffff', '89197322873ffff', '8919732286fffff', '89197322abbffff', '89197322843ffff', '89197322aa7ffff', '89197322aabffff', '89197322ab3ffff'}",4.0,7.0
89197322abbffff,"{'89197322aa3ffff', '89197322a33ffff', '89197322a87ffff', '8919732284bffff', '89197322a8fffff', '89197322ab7ffff', '89197322aafffff', '8919732284fffff', '89197322a07ffff', '89197322a97ffff', '89197322a8bffff', '89197322a17ffff', '89197322abbffff', '89197322a13ffff', '89197322a03ffff', '89197322aa7ffff', '89197322aabffff', '89197322ab3ffff', '89197322a83ffff'}",1.0,30.0
89197322b0bffff,"{'89197322b1bffff', '89197322b77ffff', '89197322b07ffff', '89197322bc7ffff', '89197322b17ffff', '89197322b4fffff', '89197322b0bffff', '89197322b13ffff', '89197322b53ffff', '89197322b63ffff', '89197322b3bffff', '89197322b57ffff', '89197322bcfffff', '89197322b03ffff', '89197322b73ffff', '89197322b0fffff', '89197322b47ffff', '89197322b7bffff', '89197322b43ffff'}",1.0,2.0
89197322b8bffff,"{'89197322b97ffff', '89197322b1bffff', '89197322bd3ffff', '89197322b8fffff', '89197322b83ffff', '89197322b9bffff', '89197322bc7ffff', '89197322b17ffff', '89197322b13ffff', '8919732286fffff', '89197322bcfffff', '89197322bbbffff', '89197322b03ffff', '89197322867ffff', '89197322b87ffff', '89197322bd7ffff', '89197322b93ffff', '89197322bc3ffff', '89197322b8bffff'}",2.0,8.0
89197322b8fffff,"{'89197322babffff', '89197322b97ffff', '89197322b1bffff', '89197322b07ffff', '89197322b8fffff', '89197322b83ffff', '89197322b9bffff', '89197322bc7ffff', '8919732294bffff', '89197322b17ffff', '89197322b13ffff', '89197322ba3ffff', '89197322bbbffff', '89197322b03ffff', '89197322bb3ffff', '89197322b87ffff', '89197322bd7ffff', '89197322b93ffff', '89197322b8bffff'}",2.0,7.0
89197322babffff,"{'89197322babffff', '89197322b37ffff', '89197322b07ffff', '89197322b8fffff', '89197322b17ffff', '89197322b23ffff', '89197322b13ffff', '89197322ba3ffff', '89197322b3bffff', '89197322ba7ffff', '89197322bafffff', '89197322bbbffff', '89197322b03ffff', '89197322bb7ffff', '89197322bb3ffff', '89197322b33ffff', '89197322b87ffff', '89197322b0fffff', '891973276dbffff'}",2.0,5.0
89197322bb7ffff,"{'89197322babffff', '89197322943ffff', '891973276d3ffff', '89197322963ffff', '8919732294bffff', '8919732296bffff', '89197322ba3ffff', '89197322ba7ffff', '89197322973ffff', '89197322bafffff', '89197322bbbffff', '89197322bb7ffff', '89197322bb3ffff', '8919732296fffff', '89197322b87ffff', '8919732294fffff', '891973276dbffff', '89197322947ffff', '8919732297bffff'}",1.0,7.0
89197322bc7ffff,"{'89197322bdbffff', '89197322b1bffff', '89197322bd3ffff', '89197322b8fffff', '89197322b83ffff', '89197322b9bffff', '89197322bc7ffff', '89197322b17ffff', '89197322b0bffff', '89197322b53ffff', '8919732286fffff', '89197322b13ffff', '89197322bcfffff', '89197322b57ffff', '89197322b03ffff', '89197322bcbffff', '89197322bd7ffff', '89197322bc3ffff', '89197322b8bffff'}",1.0,6.0
89197322c07ffff,"{'89197322c23ffff', '89197322c73ffff', '89197322c33ffff', '89197322c8fffff', '89197322c0fffff', '89197322c07ffff', '89197322c3bffff', '89197322cabffff', '89197322c37ffff', '89197322c77ffff', '89197322c13ffff', '89197322c0bffff', '89197322cafffff', '89197322c03ffff', '89197322c1bffff', '89197322ca3ffff', '89197322c17ffff', '89197322c2bffff', '89197322cbbffff'}",1.0,230.0
89197322c1bffff,"{'89197322c43ffff', '89197322c73ffff', '89197322c57ffff', '89197322c8fffff', '89197322c0fffff', '89197322c07ffff', '89197322c8bffff', '89197322cc7ffff', '89197322c53ffff', '89197322c13ffff', '89197322ccfffff', '89197322c0bffff', '89197322cc3ffff', '89197322ccbffff', '89197322c03ffff', '89197322cd7ffff', '89197322c1bffff', '89197322c47ffff', '89197322c17ffff'}",2.0,3.0
89197322c23ffff,"{'89197322c27ffff', '89197322c23ffff', '89197322c33ffff', '89197322c67ffff', '89197322d53ffff', '89197322d5bffff', '89197322c07ffff', '89197322c0fffff', '89197322dcbffff', '89197322c3bffff', '89197322cabffff', '89197322897ffff', '89197322c37ffff', '89197322c2fffff', '89197322c77ffff', '89197322ddbffff', '89197322cafffff', '89197322893ffff', '89197322c2bffff'}",48.0,373.0
89197322c27ffff,"{'89197322c27ffff', '89197322c23ffff', '89197322c33ffff', '89197322d53ffff', '89197322d5bffff', '89197322d57ffff', '89197322dcbffff', '89197322c3bffff', '89197322c2bffff', '89197322897ffff', '89197322c37ffff', '89197322c2fffff', '89197322d43ffff', '89197322ddbffff', '89197322cafffff', '89197322dc3ffff', '89197322dcfffff', '89197322893ffff', '89197322d4bffff'}",40.0,372.0
89197322c2bffff,"{'89197322c27ffff', '89197322c23ffff', '89197322c73ffff', '89197322c33ffff', '89197322c67ffff', '89197322d5bffff', '89197322c0fffff', '89197322c07ffff', '89197322c6fffff', '89197322c3bffff', '89197322c37ffff', '89197322897ffff', '89197322c2fffff', '89197322c77ffff', '8919732289bffff', '89197322c63ffff', '89197322883ffff', '89197322893ffff', '89197322c2bffff'}",7.0,294.0
89197322c2fffff,"{'89197322c27ffff', '89197322c23ffff', '89197322c33ffff', '89197322c67ffff', '89197322d53ffff', '89197322d5bffff', '89197322dcbffff', '89197322c3bffff', '89197322c2bffff', '89197322c37ffff', '89197322897ffff', '89197322c77ffff', '89197322c2fffff', '89197322d43ffff', '8919732289bffff', '89197322887ffff', '89197322883ffff', '89197322893ffff', '89197322d4bffff'}",35.0,330.0
89197322c33ffff,"{'89197322c27ffff', '89197322c23ffff', '89197322c33ffff', '89197322c07ffff', '89197322c0fffff', '89197322dcbffff', '89197322c3bffff', '89197322cabffff', '89197322c37ffff', '89197322c2fffff', '89197322c77ffff', '89197322ddbffff', '89197322cafffff', '89197322c03ffff', '89197322ca3ffff', '89197322ca7ffff', '89197322c17ffff', '89197322c2bffff', '89197322cbbffff'}",25.0,338.0
89197322c37ffff,"{'89197322c27ffff', '89197322c23ffff', '89197322c33ffff', '89197322d53ffff', '89197322d5bffff', '89197322c07ffff', '89197322dcbffff', '89197322c3bffff', '89197322cabffff', '89197322c37ffff', '89197322c2fffff', '89197322ddbffff', '89197322cafffff', '89197322dd3ffff', '89197322dc3ffff', '89197322ca3ffff', '89197322dcfffff', '89197322ca7ffff', '89197322c2bffff'}",81.0,384.0
89197322c3bffff,"{'89197322c27ffff', '89197322c23ffff', '89197322c73ffff', '89197322c33ffff', '89197322c67ffff', '89197322c0fffff', '89197322c07ffff', '89197322c3bffff', '89197322cabffff', '89197322c37ffff', '89197322c2fffff', '89197322c77ffff', '89197322c0bffff', '89197322c63ffff', '89197322cafffff', '89197322c03ffff', '89197322893ffff', '89197322c17ffff', '89197322c2bffff'}",7.0,306.0
89197322c4fffff,"{'89197322c43ffff', '89197322eb7ffff', '89197322c5bffff', '89197322c57ffff', '89197322c73ffff', '89197322c7bffff', '89197322ea3ffff', '89197322c6bffff', '89197322eb3ffff', '89197322c4bffff', '89197322c53ffff', '89197322c63ffff', '89197322c0bffff', '89197322ebbffff', '89197322c4fffff', '89197322c47ffff', '89197322e87ffff', '89197322e97ffff', '89197322ea7ffff'}",3.0,23.0
89197322c63ffff,"{'89197322c73ffff', '89197322eb7ffff', '89197322c67ffff', '89197322c7bffff', '89197322c6bffff', '89197322c0fffff', '891973228d7ffff', '89197322893ffff', '89197322c6fffff', '89197322c3bffff', '89197322c77ffff', '8919732289bffff', '89197322c0bffff', '89197322c63ffff', '89197322c4fffff', '89197322c47ffff', '891973228d3ffff', '89197322ea7ffff', '89197322c2bffff'}",1.0,54.0
89197322c67ffff,"{'89197322c23ffff', '89197322c73ffff', '89197322c67ffff', '89197322c7bffff', '89197322c6bffff', '89197322c0fffff', '891973228d7ffff', '8919732288bffff', '89197322c6fffff', '89197322c3bffff', '89197322897ffff', '89197322c2fffff', '89197322c77ffff', '8919732289bffff', '89197322c63ffff', '89197322883ffff', '891973228d3ffff', '89197322893ffff', '89197322c2bffff'}",7.0,141.0
89197322c6bffff,"{'89197322c73ffff', '89197322eb7ffff', '89197322c67ffff', '89197322c7bffff', '89197322ea3ffff', '89197322eb3ffff', '89197322c6bffff', '891973228c3ffff', '891973228d7ffff', '89197322c6fffff', '89197322c77ffff', '8919732289bffff', '89197322c63ffff', '89197322c4fffff', '891973228dbffff', '89197322c47ffff', '891973228d3ffff', '89197322eafffff', '89197322ea7ffff'}",1.0,42.0
89197322c6fffff,"{'89197322c73ffff', '89197322eb7ffff', '89197322c67ffff', '89197322c7bffff', '89197322c6bffff', '891973228c3ffff', '891973228d7ffff', '89197322893ffff', '8919732288bffff', '891973228c7ffff', '89197322c6fffff', '89197322c77ffff', '8919732289bffff', '89197322c63ffff', '891973228dbffff', '89197322883ffff', '891973228d3ffff', '89197322ea7ffff', '89197322c2bffff'}",1.0,57.0
89197322c77ffff,"{'89197322c23ffff', '89197322c73ffff', '89197322c33ffff', '89197322c67ffff', '89197322c7bffff', '89197322c6bffff', '89197322c0fffff', '89197322c07ffff', '89197322c6fffff', '89197322c3bffff', '89197322c2fffff', '89197322c77ffff', '8919732289bffff', '89197322c63ffff', '89197322c0bffff', '89197322c03ffff', '89197322c47ffff', '89197322893ffff', '89197322c2bffff'}",2.0,142.0
89197322c83ffff,"{'8919733522fffff', '89197322c83ffff', '89197322c9bffff', '89197322c8fffff', '89197322c87ffff', '89197322c8bffff', '89197335267ffff', '89197322cc7ffff', '8919733534bffff', '8919733535bffff', '89197322c13ffff', '89197322c93ffff', '8919733526fffff', '89197322c97ffff', '8919733522bffff', '89197322cd7ffff', '89197322cb3ffff', '89197322c17ffff', '89197322cbbffff'}",1.0,11.0
89197322c97ffff,"{'8919733522fffff', '89197322c83ffff', '89197322c9bffff', '89197322c8fffff', '89197335353ffff', '89197322c87ffff', '89197322c8bffff', '89197335267ffff', '8919733534bffff', '8919733535bffff', '89197335223ffff', '89197335343ffff', '89197322c93ffff', '89197322c97ffff', '89197335227ffff', '8919733534fffff', '8919733522bffff', '89197322cb3ffff', '89197322cbbffff'}",2.0,29.0
89197322ca3ffff,"{'89197322c33ffff', '8919733537bffff', '89197322c8fffff', '89197322c87ffff', '89197322c07ffff', '8919733534bffff', '89197322cabffff', '89197322c37ffff', '89197322ddbffff', '89197322cafffff', '8919733534fffff', '89197322dd3ffff', '89197322cb3ffff', '89197322ca3ffff', '89197322cb7ffff', '89197322ca7ffff', '8919733536bffff', '89197322c17ffff', '89197322cbbffff'}",9.0,184.0
89197322cabffff,"{'89197322c23ffff', '89197322c33ffff', '89197322c8fffff', '89197322c87ffff', '89197322c07ffff', '89197322c0fffff', '89197322c3bffff', '89197322cabffff', '89197322c37ffff', '89197322c13ffff', '89197322ddbffff', '89197322cafffff', '89197322c03ffff', '89197322cb3ffff', '89197322ca3ffff', '89197322cb7ffff', '89197322ca7ffff', '89197322c17ffff', '89197322cbbffff'}",24.0,227.0
89197322cafffff,"{'89197322c27ffff', '89197322c23ffff', '89197322c33ffff', '89197322c07ffff', '89197322dcbffff', '89197322c3bffff', '89197322cabffff', '89197322c37ffff', '89197322ddbffff', '89197322cafffff', '89197322dd3ffff', '89197322cb3ffff', '89197322dc3ffff', '89197322ca3ffff', '89197322cb7ffff', '89197322ca7ffff', '8919733536bffff', '89197322c17ffff', '89197322cbbffff'}",22.0,316.0
89197322cb3ffff,"{'89197322c83ffff', '8919733537bffff', '89197322c8fffff', '89197322c87ffff', '8919733534bffff', '89197322cabffff', '8919733535bffff', '89197335343ffff', '89197322cafffff', '89197322c97ffff', '8919733534fffff', '89197322cb3ffff', '89197322ca3ffff', '89197335347ffff', '89197322cb7ffff', '89197322ca7ffff', '8919733536bffff', '89197322c17ffff', '89197322cbbffff'}",1.0,81.0
89197322cbbffff,"{'89197322c33ffff', '89197322c83ffff', '89197322c8fffff', '89197322c87ffff', '89197322c8bffff', '89197322c07ffff', '8919733534bffff', '89197322cabffff', '89197322c13ffff', '89197322cafffff', '89197322c97ffff', '89197322c03ffff', '8919733534fffff', '89197322cb3ffff', '89197322ca3ffff', '89197322cb7ffff', '89197322ca7ffff', '89197322c17ffff', '89197322cbbffff'}",2.0,92.0
89197322d03ffff,"{'89197322dabffff', '89197322d13ffff', '89197322d47ffff', '89197322d73ffff', '89197322d57ffff', '89197322d77ffff', '89197322d0bffff', '89197322dbbffff', '89197322d03ffff', '89197322d1bffff', '89197322dc7ffff', '89197322d17ffff', '89197322d8bffff', '89197322d07ffff', '89197322d8fffff', '89197322d33ffff', '89197322dcfffff', '89197322d0fffff', '89197322d3bffff'}",5.0,39.0
89197322d0bffff,"{'89197322d13ffff', '89197322d7bffff', '89197322d47ffff', '89197322d73ffff', '89197322d53ffff', '89197322d57ffff', '89197322d63ffff', '89197322d77ffff', '89197322d0bffff', '89197322d03ffff', '89197322d1bffff', '89197322dc7ffff', '89197322d43ffff', '89197322d17ffff', '89197322d07ffff', '89197322d4fffff', '89197322d0fffff', '89197322dcfffff', '89197322d3bffff'}",3.0,52.0
89197322d0fffff,"{'89197322dabffff', '89197322d13ffff', '89197322d7bffff', '89197322d73ffff', '89197322d47ffff', '89197322d57ffff', '89197322d77ffff', '89197322d63ffff', '89197322d0bffff', '89197322d03ffff', '89197322d1bffff', '89197322d23ffff', '89197322d17ffff', '89197322d2bffff', '89197322d07ffff', '89197322d67ffff', '89197322d33ffff', '89197322d0fffff', '89197322d3bffff'}",4.0,27.0
89197322d13ffff,"{'89197322dabffff', '89197322d13ffff', '89197322d87ffff', '89197322d9bffff', '89197322d57ffff', '89197322d0bffff', '89197322dbbffff', '89197322d03ffff', '89197322d1bffff', '89197322dc7ffff', '89197322dd7ffff', '89197322d17ffff', '89197322d8bffff', '89197322d83ffff', '89197322d8fffff', '89197322d07ffff', '89197322dc3ffff', '89197322dcfffff', '89197322d0fffff'}",2.0,66.0
89197322d17ffff,"{'89197322dabffff', '89197322d13ffff', '89197322db3ffff', '89197322d87ffff', '89197322da3ffff', '89197322d0bffff', '89197322dbbffff', '89197322d03ffff', '89197322d1bffff', '89197322dc7ffff', '89197322d17ffff', '89197322d8bffff', '89197322d83ffff', '89197322d07ffff', '89197322d8fffff', '89197322dafffff', '89197322d33ffff', '89197322d0fffff', '89197322d3bffff'}",2.0,25.0
89197322d1bffff,"{'89197322d13ffff', '89197322d47ffff', '89197322d53ffff', '89197322d73ffff', '89197322d57ffff', '89197322d0bffff', '89197322d03ffff', '89197322dcbffff', '89197322d1bffff', '89197322dc7ffff', '89197322d43ffff', '89197322dd7ffff', '89197322d17ffff', '89197322d8bffff', '89197322d07ffff', '89197322d8fffff', '89197322dc3ffff', '89197322dcfffff', '89197322d0fffff'}",2.0,102.0
89197322d2bffff,"{'89197322d73ffff', '8919732299bffff', '89197322d77ffff', '89197322d63ffff', '89197322997ffff', '89197335a5bffff', '89197322d27ffff', '89197322d23ffff', '89197322d6fffff', '89197322d2fffff', '89197322983ffff', '89197322d2bffff', '89197322d37ffff', '89197322d67ffff', '89197322993ffff', '89197322d07ffff', '89197322d33ffff', '89197322d0fffff', '89197322d3bffff'}",2.0,32.0
89197322d2fffff,"{'89197322987ffff', '8919732299bffff', '89197322d77ffff', '89197322997ffff', '89197335a5bffff', '89197322d27ffff', '89197335acbffff', '89197322d23ffff', '89197335a53ffff', '89197322d2fffff', '89197322983ffff', '89197322d2bffff', '89197322d37ffff', '89197322d67ffff', '89197322993ffff', '89197335a4bffff', '89197335a43ffff', '89197322d33ffff', '89197322d3bffff'}",1.0,26.0
89197322d43ffff,"{'89197322c27ffff', '89197322d7bffff', '89197322d47ffff', '89197322d53ffff', '89197322d5bffff', '89197322d73ffff', '89197322d57ffff', '89197322d0bffff', '89197322dcbffff', '89197322897ffff', '89197322c2fffff', '89197322d1bffff', '89197322d43ffff', '89197322887ffff', '891973228b3ffff', '891973228b7ffff', '89197322d4fffff', '89197322dcfffff', '89197322d4bffff'}",1.0,158.0
89197322d53ffff,"{'89197322c27ffff', '89197322c23ffff', '89197322d47ffff', '89197322d53ffff', '89197322d5bffff', '89197322d57ffff', '89197322d0bffff', '89197322dcbffff', '89197322897ffff', '89197322c37ffff', '89197322c2fffff', '89197322d1bffff', '89197322dc7ffff', '89197322d43ffff', '89197322ddbffff', '89197322dc3ffff', '89197322d4fffff', '89197322dcfffff', '89197322d4bffff'}",10.0,312.0
89197322d5bffff,"{'89197322c27ffff', '89197322c23ffff', '89197322d47ffff', '89197322d53ffff', '89197322d5bffff', '89197322d57ffff', '89197322dcbffff', '89197322c2bffff', '89197322c37ffff', '89197322897ffff', '89197322c2fffff', '89197322d43ffff', '89197322887ffff', '891973228b3ffff', '89197322883ffff', '89197322d4fffff', '89197322dcfffff', '89197322893ffff', '89197322d4bffff'}",7.0,304.0
89197322d63ffff,"{'89197322d7bffff', '89197322d73ffff', '89197322d47ffff', '8919732299bffff', '89197322d77ffff', '89197322d0bffff', '891973229d3ffff', '89197322d63ffff', '891973228a7ffff', '89197322d6fffff', '89197322d2bffff', '891973228b7ffff', '89197322993ffff', '89197322d67ffff', '89197322d6bffff', '89197322d4fffff', '891973229d7ffff', '89197322d0fffff', '89197322d3bffff'}",5.0,27.0
89197322d67ffff,"{'89197322d7bffff', '89197322d73ffff', '8919732299bffff', '8919732298bffff', '89197322d63ffff', '89197322d77ffff', '891973229d3ffff', '89197322997ffff', '89197322d23ffff', '89197322d6fffff', '89197322d2fffff', '89197322983ffff', '89197322d2bffff', '89197322993ffff', '89197322d6bffff', '89197322d67ffff', '891973229d7ffff', '89197322d0fffff', '89197322d3bffff'}",2.0,32.0
89197322d6fffff,"{'89197322d7bffff', '89197322d73ffff', '8919732299bffff', '8919732298bffff', '89197322d63ffff', '891973229c7ffff', '89197322d77ffff', '891973229d3ffff', '891973228a7ffff', '89197322d6fffff', '89197322983ffff', '89197322d2bffff', '891973228b7ffff', '891973229c3ffff', '89197322d67ffff', '89197322d6bffff', '89197322993ffff', '891973229d7ffff', '891973229dbffff'}",3.0,29.0
89197322d87ffff,"{'89197322d97ffff', '89197322dabffff', '89197322d13ffff', '89197322db3ffff', '89197322d9bffff', '89197335e4fffff', '89197322da3ffff', '89197322d93ffff', '89197335e5bffff', '89197335e43ffff', '89197322d87ffff', '89197322dbbffff', '89197322db7ffff', '8919733532fffff', '89197335e4bffff', '89197322d17ffff', '89197322d8bffff', '89197322d83ffff', '89197322d8fffff'}",1.0,17.0
89197322d8bffff,"{'89197322d97ffff', '89197335367ffff', '89197322d13ffff', '89197322d9bffff', '89197322d87ffff', '89197322d93ffff', '89197322dbbffff', '89197322d03ffff', '89197322d1bffff', '89197322dc7ffff', '89197322dd7ffff', '89197322d17ffff', '8919733536fffff', '89197322d8bffff', '89197322d83ffff', '89197322d8fffff', '89197322dd3ffff', '89197322dc3ffff', '89197322dcfffff'}",3.0,67.0
89197322d93ffff,"{'89197322d97ffff', '89197335367ffff', '89197322d9bffff', '89197322d87ffff', '89197335e5bffff', '89197322d93ffff', '8919733533bffff', '8919733532bffff', '89197335377ffff', '89197335323ffff', '89197322dd7ffff', '8919733532fffff', '89197335e4bffff', '8919733536fffff', '89197322d8bffff', '89197322d83ffff', '89197335363ffff', '89197322d8fffff', '89197335327ffff'}",4.0,52.0
89197322d9bffff,"{'89197322d97ffff', '89197335367ffff', '89197322d13ffff', '89197322d87ffff', '89197322d9bffff', '89197322d93ffff', '8919733532bffff', '89197322dc7ffff', '89197335377ffff', '89197322dd7ffff', '8919733532fffff', '8919733536fffff', '89197322d8bffff', '89197322d83ffff', '89197335363ffff', '89197322dd3ffff', '89197322d8fffff', '89197322dc3ffff', '8919733536bffff'}",2.0,65.0
89197322da3ffff,"{'89197322dabffff', '89197322db3ffff', '89197322d87ffff', '89197335e4fffff', '89197322da3ffff', '89197335e6bffff', '89197322dbbffff', '89197322db7ffff', '89197322da7ffff', '89197335adbffff', '89197335e4bffff', '89197322d17ffff', '89197335e7bffff', '89197322d37ffff', '89197322d8fffff', '89197322d07ffff', '89197322dafffff', '89197322d33ffff', '89197335ad3ffff'}",1.0,6.0
89197322dc3ffff,"{'89197322c27ffff', '89197322d13ffff', '89197322d9bffff', '89197322d53ffff', '89197322d57ffff', '89197322dcbffff', '89197322c37ffff', '89197322d1bffff', '89197322dc7ffff', '89197322dd7ffff', '89197322ddbffff', '89197322cafffff', '89197322d8bffff', '8919733536fffff', '89197322dd3ffff', '89197322dc3ffff', '89197322dcfffff', '89197322ca7ffff', '8919733536bffff'}",16.0,245.0
89197322dc7ffff,"{'89197322d13ffff', '89197322d9bffff', '89197322d53ffff', '89197322d57ffff', '89197322d0bffff', '89197322d03ffff', '89197322dcbffff', '89197322d1bffff', '89197322dc7ffff', '89197322dd7ffff', '89197322ddbffff', '89197322d17ffff', '89197322d8bffff', '8919733536fffff', '89197322d83ffff', '89197322dd3ffff', '89197322d8fffff', '89197322dc3ffff', '89197322dcfffff'}",2.0,108.0
89197322dcbffff,"{'89197322c27ffff', '89197322c23ffff', '89197322c33ffff', '89197322d53ffff', '89197322d5bffff', '89197322d57ffff', '89197322dcbffff', '89197322c37ffff', '89197322c2fffff', '89197322d1bffff', '89197322dc7ffff', '89197322d43ffff', '89197322dd7ffff', '89197322ddbffff', '89197322cafffff', '89197322dd3ffff', '89197322dc3ffff', '89197322dcfffff', '89197322ca7ffff'}",28.0,349.0
89197322dcfffff,"{'89197322c27ffff', '89197322d13ffff', '89197322d47ffff', '89197322d53ffff', '89197322d5bffff', '89197322d57ffff', '89197322d0bffff', '89197322d03ffff', '89197322dcbffff', '89197322c37ffff', '89197322d1bffff', '89197322dc7ffff', '89197322d43ffff', '89197322dd7ffff', '89197322ddbffff', '89197322d8bffff', '89197322dd3ffff', '89197322dc3ffff', '89197322dcfffff'}",16.0,232.0
89197322dd3ffff,"{'89197335367ffff', '8919733537bffff', '89197322d9bffff', '89197322dcbffff', '89197322c37ffff', '89197322dc7ffff', '89197322dd7ffff', '89197322ddbffff', '89197322cafffff', '8919733536fffff', '89197322d8bffff', '89197335363ffff', '89197322dd3ffff', '89197322dc3ffff', '89197322ca3ffff', '89197322cb7ffff', '89197322dcfffff', '89197322ca7ffff', '8919733536bffff'}",1.0,215.0
89197322dd7ffff,"{'89197335367ffff', '89197322d13ffff', '89197322d9bffff', '89197322d93ffff', '89197322dcbffff', '89197322d1bffff', '89197322dc7ffff', '89197322dd7ffff', '89197322ddbffff', '89197322d8bffff', '8919733536fffff', '89197322d83ffff', '89197335363ffff', '89197322dd3ffff', '89197322d8fffff', '89197322dc3ffff', '89197322dcfffff', '89197322ca7ffff', '8919733536bffff'}",8.0,109.0
89197322ddbffff,"{'89197322c27ffff', '89197322c23ffff', '89197322c33ffff', '89197322d53ffff', '89197322dcbffff', '89197322cabffff', '89197322c37ffff', '89197322dc7ffff', '89197322dd7ffff', '89197322ddbffff', '89197322cafffff', '8919733536fffff', '89197322dd3ffff', '89197322dc3ffff', '89197322ca3ffff', '89197322cb7ffff', '89197322dcfffff', '89197322ca7ffff', '8919733536bffff'}",7.0,342.0
89197322e07ffff,"{'89197322e0bffff', '89197322e33ffff', '89197322e73ffff', '89197322e8fffff', '89197322ea3ffff', '89197322e37ffff', '89197322e1bffff', '89197322e07ffff', '89197322e77ffff', '89197322e17ffff', '89197322ebbffff', '89197322eabffff', '89197322e3bffff', '89197322e13ffff', '89197322e03ffff', '89197322e2bffff', '89197322eafffff', '89197322e0fffff', '89197322e23ffff'}",17.0,54.0
89197322e0bffff,"{'89197322e0bffff', '89197322e73ffff', '89197322e53ffff', '89197322e1bffff', '89197322ecfffff', '89197322e47ffff', '89197322e07ffff', '89197322e77ffff', '89197322ec7ffff', '89197322e17ffff', '89197322e63ffff', '89197322e7bffff', '89197322e57ffff', '89197322e3bffff', '89197322e4fffff', '89197322e03ffff', '89197322e13ffff', '89197322e43ffff', '89197322e0fffff'}",2.0,33.0
89197322e0fffff,"{'89197322e0bffff', '89197322e33ffff', '89197322e73ffff', '89197322e1bffff', '89197322e47ffff', '89197322e07ffff', '89197322e77ffff', '89197322e67ffff', '89197322e17ffff', '89197322e63ffff', '89197322e7bffff', '89197322eabffff', '89197322e57ffff', '89197322e3bffff', '89197322e13ffff', '89197322e03ffff', '89197322e2bffff', '89197322e0fffff', '89197322e23ffff'}",1.0,53.0
89197322e17ffff,"{'89197322e0bffff', '89197322e33ffff', '89197322e8fffff', '89197322ea3ffff', '89197322eb3ffff', '89197322e1bffff', '89197322e8bffff', '89197322e07ffff', '89197322ec7ffff', '89197322e83ffff', '89197322ebbffff', '89197322e17ffff', '89197322eabffff', '89197322e3bffff', '89197322e13ffff', '89197322e03ffff', '89197322e87ffff', '89197322eafffff', '89197322e0fffff'}",1.0,40.0
89197322e1bffff,"{'89197322e0bffff', '89197322e73ffff', '89197322e53ffff', '89197322e8fffff', '89197322ed7ffff', '89197322ecfffff', '89197322e8bffff', '89197322e1bffff', '89197322e47ffff', '89197322e07ffff', '89197322ecbffff', '89197322ec7ffff', '89197322e17ffff', '89197322e57ffff', '89197322ec3ffff', '89197322e13ffff', '89197322e03ffff', '89197322e43ffff', '89197322e0fffff'}",1.0,35.0
89197322e23ffff,"{'89197322e33ffff', '891973228cbffff', '89197322e37ffff', '8919732285bffff', '89197322e07ffff', '89197322a97ffff', '89197322e77ffff', '89197322a93ffff', '89197322e2fffff', '89197322e67ffff', '89197322eabffff', '89197322853ffff', '89197322e3bffff', '891973228dbffff', '89197322e2bffff', '89197322eafffff', '89197322e0fffff', '89197322e27ffff', '89197322e23ffff'}",1.0,58.0
89197322e2bffff,"{'89197322a9bffff', '89197322e33ffff', '89197322e73ffff', '89197322e37ffff', '8919732285bffff', '89197322e07ffff', '89197322a97ffff', '89197322e77ffff', '89197322a93ffff', '89197322e67ffff', '89197322e2fffff', '89197322e63ffff', '89197322e3bffff', '89197322e6fffff', '89197322e2bffff', '89197322e0fffff', '89197322a83ffff', '89197322e27ffff', '89197322e23ffff'}",15.0,44.0
89197322e2fffff,"{'89197322a9bffff', '89197322e33ffff', '89197322a87ffff', '891973228cbffff', '8919732284bffff', '89197322e37ffff', '8919732285bffff', '89197322a97ffff', '89197322e77ffff', '89197322a93ffff', '89197322e67ffff', '89197322e2fffff', '89197322843ffff', '89197322853ffff', '89197322e3bffff', '89197322e2bffff', '89197322a83ffff', '89197322e27ffff', '89197322e23ffff'}",4.0,27.0
89197322e33ffff,"{'89197322e33ffff', '89197322ea3ffff', '891973228cbffff', '89197322e37ffff', '89197322e07ffff', '89197322e77ffff', '89197322e2fffff', '89197322e17ffff', '89197322ebbffff', '89197322eabffff', '89197322e3bffff', '891973228dbffff', '89197322e03ffff', '89197322e2bffff', '89197322eafffff', '89197322e0fffff', '89197322ea7ffff', '89197322e27ffff', '89197322e23ffff'}",3.0,70.0
89197322e3bffff,"{'89197322e0bffff', '89197322e33ffff', '89197322e73ffff', '89197322e37ffff', '89197322e07ffff', '89197322e77ffff', '89197322a93ffff', '89197322e67ffff', '89197322e2fffff', '89197322e63ffff', '89197322e17ffff', '89197322eabffff', '89197322e3bffff', '89197322e03ffff', '89197322e2bffff', '89197322eafffff', '89197322e0fffff', '89197322e27ffff', '89197322e23ffff'}",1.0,59.0
89197322e43ffff,"{'89197322e0bffff', '89197322e73ffff', '89197322e53ffff', '89197322e5bffff', '891973205b7ffff', '89197322e1bffff', '89197322ecfffff', '89197322e4bffff', '89197322e47ffff', '89197320587ffff', '89197322ecbffff', '891973205b3ffff', '89197322e7bffff', '89197322e57ffff', '89197320597ffff', '89197322e4fffff', '89197322327ffff', '89197322e43ffff', '8919732232fffff'}",2.0,9.0
89197322e4fffff,"{'89197322e0bffff', '89197322e73ffff', '891973205a3ffff', '89197322e53ffff', '89197322e5bffff', '891973205b7ffff', '891973205a7ffff', '89197322e4bffff', '89197322e47ffff', '89197320587ffff', '891973205b3ffff', '89197322e63ffff', '89197322e7bffff', '89197322e57ffff', '89197320597ffff', '89197322e4fffff', '89197322e43ffff', '891973205bbffff', '89197322e6bffff'}",2.0,9.0
89197322e57ffff,"{'89197322e0bffff', '89197322e73ffff', '89197322e53ffff', '89197322e5bffff', '89197322e1bffff', '89197322ecfffff', '89197322e4bffff', '89197322e47ffff', '89197322ecbffff', '89197322ec7ffff', '89197322e7bffff', '89197322e57ffff', '89197322ec3ffff', '89197322e4fffff', '89197322e03ffff', '89197322e13ffff', '89197322e43ffff', '89197322e0fffff', '89197322327ffff'}",1.0,19.0
89197322e63ffff,"{'89197322a9bffff', '89197322e0bffff', '89197322e73ffff', '891973205b7ffff', '891973205a7ffff', '89197322e47ffff', '89197322e77ffff', '89197322a93ffff', '89197322e67ffff', '89197322ad7ffff', '89197322ad3ffff', '89197322e7bffff', '89197322e63ffff', '89197322e3bffff', '89197322e4fffff', '89197322e6fffff', '89197322e2bffff', '89197322e0fffff', '89197322e6bffff'}",2.0,23.0
89197322ea7ffff,"{'89197322e33ffff', '89197322eb7ffff', '89197322ea3ffff', '89197322c7bffff', '89197322c6bffff', '89197322eb3ffff', '891973228cbffff', '89197322e37ffff', '891973228c3ffff', '891973228d7ffff', '89197322c6fffff', '89197322c63ffff', '89197322ebbffff', '89197322eabffff', '89197322c4fffff', '891973228dbffff', '891973228d3ffff', '89197322eafffff', '89197322ea7ffff'}",11.0,46.0
89197322eabffff,"{'89197322e33ffff', '89197322eb7ffff', '89197322e8fffff', '89197322ea3ffff', '89197322eb3ffff', '89197322e37ffff', '89197322e07ffff', '89197322e17ffff', '89197322ebbffff', '89197322eabffff', '89197322e3bffff', '891973228dbffff', '89197322e13ffff', '89197322e03ffff', '89197322e87ffff', '89197322eafffff', '89197322e0fffff', '89197322ea7ffff', '89197322e23ffff'}",8.0,55.0
89197322eafffff,"{'89197322e33ffff', '89197322eb7ffff', '89197322ea3ffff', '89197322c6bffff', '89197322eb3ffff', '891973228cbffff', '89197322e37ffff', '891973228c3ffff', '89197322e07ffff', '89197322e17ffff', '89197322ebbffff', '89197322eabffff', '89197322e3bffff', '891973228dbffff', '891973228d3ffff', '89197322eafffff', '89197322ea7ffff', '89197322e27ffff', '89197322e23ffff'}",4.0,61.0
89197322eb7ffff,"{'89197322c73ffff', '89197322c43ffff', '89197322eb7ffff', '89197322ea3ffff', '89197322c7bffff', '89197322c6bffff', '89197322eb3ffff', '89197322c4bffff', '89197322c6fffff', '89197322c63ffff', '89197322ebbffff', '89197322eabffff', '89197322c4fffff', '891973228dbffff', '89197322c47ffff', '891973228d3ffff', '89197322e87ffff', '89197322eafffff', '89197322ea7ffff'}",7.0,37.0
89197322ec3ffff,"{'89197322edbffff', '89197322e53ffff', '89197322ed7ffff', '89197322e1bffff', '89197322e8bffff', '89197322ecfffff', '89197322e9bffff', '8919732216bffff', '89197322ecbffff', '89197322ec7ffff', '89197322ed3ffff', '89197322e57ffff', '891973223a7ffff', '89197322ec3ffff', '8919732216fffff', '89197322337ffff', '89197322e13ffff', '89197322327ffff', '891973223afffff'}",7.0,19.0
89197322ec7ffff,"{'89197322edbffff', '89197322e0bffff', '89197322e53ffff', '89197322e8fffff', '89197322ed7ffff', '89197322e1bffff', '89197322e8bffff', '89197322ecfffff', '89197322e9bffff', '89197322ecbffff', '89197322ec7ffff', '89197322ed3ffff', '89197322e83ffff', '89197322e17ffff', '89197322e57ffff', '89197322ec3ffff', '8919732216fffff', '89197322e13ffff', '89197322e03ffff'}",2.0,22.0
89197322ecfffff,"{'89197322edbffff', '89197322e0bffff', '89197322e53ffff', '89197322e5bffff', '89197322ed7ffff', '89197322e1bffff', '89197322e8bffff', '89197322ecfffff', '89197322e47ffff', '89197322ecbffff', '89197322ec7ffff', '89197322ed3ffff', '89197322e57ffff', '89197322ec3ffff', '89197322337ffff', '89197322e13ffff', '89197322e03ffff', '89197322e43ffff', '89197322327ffff'}",1.0,19.0
89197322ed3ffff,"{'89197322edbffff', '891973223a3ffff', '89197322163ffff', '89197322ed7ffff', '89197322ecfffff', '89197322e8bffff', '89197322e9bffff', '8919732216bffff', '89197322ecbffff', '89197322ec7ffff', '8919732217bffff', '89197322ed3ffff', '89197322167ffff', '891973223a7ffff', '89197322ec3ffff', '8919732216fffff', '89197322337ffff', '891973223afffff', '891973223b7ffff'}",3.0,20.0
891973231b3ffff,"{'8919732226bffff', '891973231a3ffff', '891973231afffff', '8919732224fffff', '891973231b3ffff', '8919732224bffff', '89197323183ffff', '89197323187ffff', '89197322243ffff', '891973231bbffff', '8919732225bffff', '891973231a7ffff', '891973231abffff', '8919732227bffff', '891973231b7ffff', '8919732318fffff', '89197323117ffff', '89197323197ffff', '89197322247ffff'}",1.0,1.0
89197323593ffff,"{'8919732358bffff', '89197323593ffff', '89197331b6fffff', '891973235d7ffff', '8919732264bffff', '89197331b2fffff', '89197331b63ffff', '89197323587ffff', '89197331b23ffff', '89197323583ffff', '8919732358fffff', '89197323597ffff', '89197331b77ffff', '89197331b2bffff', '89197331b67ffff', '89197331b27ffff', '8919732359bffff', '8919732265bffff', '89197331b3bffff'}",2.0,7.0
89197323597ffff,"{'8919732358bffff', '89197323593ffff', '89197322653ffff', '8919732264fffff', '8919732264bffff', '89197331b2fffff', '89197322643ffff', '89197323587ffff', '89197323583ffff', '89197331b23ffff', '891973235bbffff', '8919732358fffff', '89197323597ffff', '89197331b2bffff', '89197331b67ffff', '89197331b27ffff', '8919732359bffff', '891973235b3ffff', '8919732265bffff'}",2.0,7.0
8919732444bffff,"{'8919732468fffff', '89197324453ffff', '89197324457ffff', '8919732445bffff', '891973246b3ffff', '8919732444bffff', '891973246b7ffff', '891973246bbffff', '89197324443ffff', '89197324687ffff', '89197327127ffff', '8919732447bffff', '89197324683ffff', '89197324697ffff', '89197324693ffff', '8919732444fffff', '891973246a3ffff', '89197324447ffff', '8919732712fffff'}",1.0,5.0
89197324697ffff,"{'8919732468fffff', '89197324453ffff', '8919732445bffff', '891973246b3ffff', '8919732444bffff', '89197327123ffff', '891973246bbffff', '89197324443ffff', '89197324687ffff', '8919732469bffff', '89197327127ffff', '89197327167ffff', '89197324683ffff', '89197324697ffff', '89197324693ffff', '8919732712bffff', '8919732444fffff', '8919732468bffff', '8919732712fffff'}",2.0,5.0
89197325097ffff,"{'89197325553ffff', '8919732542fffff', '891973250bbffff', '8919732554bffff', '89197325543ffff', '89197325097ffff', '89197325093ffff', '891973250b3ffff', '8919732508bffff', '8919732554fffff', '8919732542bffff', '8919732509bffff', '8919732555bffff', '8919732508fffff', '89197325427ffff', '89197325467ffff', '89197325423ffff', '89197325087ffff', '89197325083ffff'}",2.0,2.0
89197325447ffff,"{'89197325443ffff', '891973256b7ffff', '89197325473ffff', '89197325453ffff', '89197325403ffff', '8919732544bffff', '89197325447ffff', '8919732540fffff', '8919732546bffff', '8919732544fffff', '89197325477ffff', '89197325457ffff', '8919732545bffff', '89197325463ffff', '8919732541bffff', '891973256b3ffff', '8919732547bffff', '891973254cfffff', '8919732540bffff'}",1.0,2.0
8919732546bffff,"{'891973250dbffff', '891973256b7ffff', '891973256afffff', '8919732546fffff', '89197325473ffff', '891973256a7ffff', '89197325447ffff', '891973250d3ffff', '8919732546bffff', '8919732509bffff', '8919732544fffff', '89197325477ffff', '89197325463ffff', '89197325467ffff', '891973250c3ffff', '891973256b3ffff', '8919732547bffff', '891973256a3ffff', '891973250d7ffff'}",1.0,2.0
89197326263ffff,"{'89197326247ffff', '8919732624fffff', '8919732626fffff', '89197326263ffff', '8919732449bffff', '891973271a7ffff', '8919732627bffff', '891973271b7ffff', '89197326277ffff', '891973244d7ffff', '8919732623bffff', '8919732620bffff', '891973244d3ffff', '8919732626bffff', '89197326267ffff', '8919732620fffff', '89197324493ffff', '8919732622bffff', '89197326273ffff'}",3.0,7.0
89197326273ffff,"{'89197326247ffff', '8919732624fffff', '89197326207ffff', '8919732626fffff', '89197326263ffff', '89197326257ffff', '89197326243ffff', '8919732621bffff', '8919732627bffff', '891973271b7ffff', '89197326277ffff', '8919732620bffff', '8919732623bffff', '8919732626bffff', '89197326267ffff', '8919732620fffff', '8919732622bffff', '89197326273ffff', '89197326203ffff'}",1.0,7.0
8919732667bffff,"{'891973275a7ffff', '8919732660bffff', '8919732664fffff', '89197326643ffff', '891973275b3ffff', '8919732666fffff', '891973275b7ffff', '8919732667bffff', '89197326657ffff', '8919732666bffff', '891973275a3ffff', '89197326647ffff', '8919732664bffff', '891973262d3ffff', '89197326677ffff', '89197326667ffff', '8919732660fffff', '89197326673ffff', '89197326663ffff'}",1.0,1.0
891973270cfffff,"{'891973270cfffff', '891973270c7ffff', '8919732701bffff', '891973270cbffff', '89197327627ffff', '891973270d7ffff', '89197327057ffff', '89197327013ffff', '8919732708bffff', '891973270d3ffff', '8919732705bffff', '89197327053ffff', '89197327637ffff', '89197327043ffff', '89197327003ffff', '89197327047ffff', '891973270dbffff', '891973270c3ffff', '8919732700bffff'}",1.0,1.0
89197327103ffff,"{'891973271c7ffff', '89197327157ffff', '89197327173ffff', '89197327107ffff', '8919732718bffff', '89197327117ffff', '8919732711bffff', '891973271cfffff', '89197327133ffff', '891973271abffff', '8919732710bffff', '89197327103ffff', '89197327177ffff', '8919732713bffff', '8919732710fffff', '89197327113ffff', '89197327147ffff', '8919732718fffff', '891973271bbffff'}",1.0,18.0
89197327113ffff,"{'891973271d7ffff', '891973271c7ffff', '89197327157ffff', '89197327107ffff', '8919732718bffff', '89197327187ffff', '8919732719bffff', '89197327117ffff', '8919732711bffff', '891973271cfffff', '891973271abffff', '89197327103ffff', '8919732710bffff', '89197327183ffff', '8919732710fffff', '89197327113ffff', '8919732718fffff', '891973271bbffff', '891973271c3ffff'}",13.0,19.0
8919732712fffff,"{'89197324453ffff', '8919732445bffff', '89197327123ffff', '8919732444bffff', '891973244cbffff', '89197324443ffff', '89197327137ffff', '89197324687ffff', '8919732469bffff', '89197327127ffff', '89197327167ffff', '89197324683ffff', '89197327133ffff', '89197327177ffff', '89197324697ffff', '89197324693ffff', '8919732713bffff', '8919732712bffff', '8919732712fffff'}",2.0,5.0
8919732718bffff,"{'891973271d7ffff', '89197327197ffff', '891973271c7ffff', '8919732718bffff', '89197327187ffff', '8919732719bffff', '891973271d3ffff', '8919732756fffff', '89197327117ffff', '89197327193ffff', '8919732711bffff', '891973271cfffff', '89197327103ffff', '89197327183ffff', '89197327113ffff', '89197327567ffff', '8919732718fffff', '891973271bbffff', '891973271c3ffff'}",2.0,20.0
891973271b7ffff,"{'89197326247ffff', '8919732624fffff', '8919732626fffff', '89197326263ffff', '891973271afffff', '89197326243ffff', '891973271a7ffff', '8919732627bffff', '8919732624bffff', '891973271b7ffff', '89197327187ffff', '891973271a3ffff', '891973271b3ffff', '891973271abffff', '891973244dbffff', '891973244d3ffff', '8919732626bffff', '891973271bbffff', '89197326273ffff'}",3.0,7.0
891973271c7ffff,"{'891973271d7ffff', '891973271c7ffff', '89197327157ffff', '891973271dbffff', '8919732718bffff', '8919732756fffff', '8919732719bffff', '891973271d3ffff', '89197327153ffff', '89197327117ffff', '8919732711bffff', '891973271cbffff', '891973271cfffff', '89197327103ffff', '8919732710bffff', '89197327183ffff', '89197327113ffff', '8919732718fffff', '891973271c3ffff'}",2.0,20.0
891973271d7ffff,"{'891973271d7ffff', '891973271c7ffff', '891973271dbffff', '89197327563ffff', '8919732718bffff', '8919732756fffff', '8919732719bffff', '891973271d3ffff', '89197327193ffff', '8919732711bffff', '891973271cbffff', '891973271cfffff', '891973270a7ffff', '89197327183ffff', '89197327113ffff', '89197327567ffff', '8919732718fffff', '891973271c3ffff', '8919732756bffff'}",1.0,19.0
891973272b7ffff,"{'891973272bbffff', '891973272afffff', '891973272a7ffff', '891973273d3ffff', '8919732706fffff', '89197327043ffff', '8919732706bffff', '8919732704fffff', '89197327287ffff', '8919732707bffff', '891973272a3ffff', '89197327063ffff', '891973273dbffff', '891973272abffff', '891973272b3ffff', '89197327047ffff', '891973272b7ffff', '89197327073ffff', '8919732704bffff'}",2.0,2.0
89197327403ffff,"{'89197327477ffff', '891973274cfffff', '89197327447ffff', '89197327407ffff', '89197327473ffff', '8919732743bffff', '8919732740fffff', '8919732748bffff', '891973274abffff', '89197327457ffff', '89197327433ffff', '8919732748fffff', '8919732741bffff', '8919732740bffff', '891973274bbffff', '891973274c7ffff', '89197327417ffff', '89197327403ffff', '89197327413ffff'}",1.0,8.0
8919732740bffff,"{'89197327477ffff', '891973274cfffff', '89197327453ffff', '89197327447ffff', '89197327463ffff', '89197327407ffff', '8919732744fffff', '89197327473ffff', '8919732743bffff', '8919732740fffff', '89197327457ffff', '89197327443ffff', '8919732741bffff', '8919732747bffff', '8919732740bffff', '891973274c7ffff', '89197327417ffff', '89197327403ffff', '89197327413ffff'}",1.0,8.0
8919732743bffff,"{'89197327427ffff', '89197327477ffff', '89197327463ffff', '89197327407ffff', '89197327473ffff', '8919732743bffff', '8919732740fffff', '891973274abffff', '8919732742bffff', '89197327433ffff', '89197327423ffff', '8919732742fffff', '8919732740bffff', '891973274afffff', '89197327437ffff', '89197327467ffff', '89197327417ffff', '89197327403ffff', '89197327093ffff'}",1.0,4.0
89197327477ffff,"{'89197327477ffff', '89197327447ffff', '89197327463ffff', '89197327407ffff', '89197327473ffff', '8919732743bffff', '8919732740fffff', '8919732742bffff', '89197327433ffff', '8919732709bffff', '8919732746bffff', '8919732746fffff', '8919732742fffff', '8919732747bffff', '8919732740bffff', '89197327423ffff', '89197327467ffff', '89197327403ffff', '89197327093ffff'}",1.0,5.0
8919732747bffff,"{'89197327477ffff', '891973276b7ffff', '89197327447ffff', '89197327463ffff', '8919732744fffff', '89197327473ffff', '8919732740fffff', '891973270d3ffff', '89197327457ffff', '8919732746bffff', '89197327443ffff', '891973276b3ffff', '8919732746fffff', '8919732740bffff', '8919732747bffff', '891973276a3ffff', '89197327467ffff', '8919732744bffff', '891973276a7ffff'}",1.0,5.0
8919732748bffff,"{'891973274cfffff', '891973274d7ffff', '8919732749bffff', '8919732748bffff', '891973274c3ffff', '89197335a6fffff', '89197327497ffff', '8919732748fffff', '89197327483ffff', '89197327493ffff', '8919732741bffff', '891973274bbffff', '891973274c7ffff', '89197327487ffff', '891973274d3ffff', '89197335a67ffff', '89197327417ffff', '89197327403ffff', '89197327413ffff'}",1.0,6.0
891973274a3ffff,"{'891973274b7ffff', '891973274a3ffff', '89197327407ffff', '89197327417ffff', '89197335b4fffff', '891973274abffff', '89197327433ffff', '891973275d3ffff', '891973274b3ffff', '8919732748fffff', '89197335b4bffff', '891973274bbffff', '891973274afffff', '891973275dbffff', '89197327487ffff', '891973274a7ffff', '89197327437ffff', '89197335b6bffff', '89197335b7bffff'}",6.0,8.0
891973274b3ffff,"{'891973274b7ffff', '89197335b43ffff', '891973274a3ffff', '89197335b47ffff', '89197327417ffff', '89197335b5bffff', '89197335b4fffff', '891973274abffff', '89197327497ffff', '89197327483ffff', '8919732748fffff', '891973274b3ffff', '89197335b4bffff', '891973274bbffff', '891973274afffff', '89197327487ffff', '891973274a7ffff', '89197335b6bffff', '89197335b7bffff'}",2.0,8.0
891973274cbffff,"{'891973274cfffff', '89197322927ffff', '89197327453ffff', '891973274d7ffff', '89197322933ffff', '8919732292fffff', '891973229a7ffff', '891973274c3ffff', '89197322923ffff', '891973274dbffff', '89197327457ffff', '89197327443ffff', '8919732741bffff', '891973229afffff', '891973274c7ffff', '891973274cbffff', '891973274d3ffff', '89197322937ffff', '8919732745bffff'}",16.0,27.0
891973274cfffff,"{'891973274cfffff', '89197322927ffff', '89197327453ffff', '89197327447ffff', '891973274d7ffff', '8919732748bffff', '891973274c3ffff', '89197327457ffff', '891973274dbffff', '89197327413ffff', '89197327443ffff', '8919732741bffff', '8919732740bffff', '891973274c7ffff', '891973274cbffff', '891973274d3ffff', '89197322937ffff', '89197327403ffff', '8919732745bffff'}",3.0,30.0
891973274dbffff,"{'891973274cfffff', '891973229b7ffff', '89197322927ffff', '89197327453ffff', '891973274d7ffff', '89197322933ffff', '891973229abffff', '891973229a7ffff', '89197335a6bffff', '891973274c3ffff', '89197322923ffff', '891973274dbffff', '89197335a6fffff', '891973229a3ffff', '891973229afffff', '891973274c7ffff', '891973274cbffff', '891973274d3ffff', '89197322937ffff'}",7.0,27.0
8919732750fffff,"{'8919732750bffff', '89197327577ffff', '8919732757bffff', '8919732752bffff', '89197327513ffff', '8919732753bffff', '891973275abffff', '89197327533ffff', '8919732751bffff', '89197327557ffff', '89197327563ffff', '89197327503ffff', '89197327523ffff', '89197327517ffff', '89197327573ffff', '89197327507ffff', '89197327547ffff', '89197327567ffff', '8919732750fffff'}",1.0,4.0
89197327537ffff,"{'891973262cfffff', '891973262cbffff', '8919732625bffff', '8919732752bffff', '891973275a7ffff', '891973262c3ffff', '8919732753bffff', '891973275abffff', '89197327533ffff', '89197327527ffff', '8919732752fffff', '891973275afffff', '89197327523ffff', '891973275a3ffff', '89197327507ffff', '89197326253ffff', '891973262d3ffff', '89197327537ffff', '891973262dbffff'}",1.0,1.0
8919732754bffff,"{'89197327427ffff', '891973270b7ffff', '891973270bbffff', '89197327097ffff', '8919732757bffff', '89197327083ffff', '89197327087ffff', '89197327543ffff', '89197327557ffff', '8919732755bffff', '8919732708fffff', '8919732754bffff', '89197327553ffff', '891973270a3ffff', '891973270b3ffff', '8919732742fffff', '89197327547ffff', '8919732754fffff', '89197327093ffff'}",1.0,4.0
8919732756fffff,"{'891973271d7ffff', '891973270b7ffff', '89197327577ffff', '8919732757bffff', '891973271c7ffff', '8919732752bffff', '89197327563ffff', '891973271dbffff', '8919732718bffff', '8919732756fffff', '8919732719bffff', '891973271d3ffff', '89197327193ffff', '891973270a7ffff', '89197327573ffff', '89197327183ffff', '89197327567ffff', '891973271c3ffff', '8919732756bffff'}",1.0,9.0
8919732757bffff,"{'8919732750bffff', '891973270b7ffff', '89197327577ffff', '8919732757bffff', '89197327563ffff', '89197327557ffff', '89197327543ffff', '8919732756fffff', '891973271d3ffff', '8919732754bffff', '891973270a7ffff', '89197327573ffff', '891973270a3ffff', '891973270b3ffff', '89197327547ffff', '89197327567ffff', '8919732754fffff', '8919732750fffff', '8919732756bffff'}",3.0,6.0
8919732758bffff,"{'89197327583ffff', '8919732758bffff', '89197327513ffff', '891973275cfffff', '8919732751bffff', '89197327503ffff', '89197335b6fffff', '891973275c3ffff', '891973275c7ffff', '8919732758fffff', '891973275d3ffff', '89197327517ffff', '89197335b67ffff', '891973275d7ffff', '8919732759bffff', '89197327597ffff', '89197327587ffff', '89197327593ffff', '891973275bbffff'}",1.0,2.0
891973275cbffff,"{'89197327427ffff', '891973275cfffff', '8919732755bffff', '89197327557ffff', '8919732751bffff', '89197327543ffff', '891973275c3ffff', '89197327553ffff', '89197327433ffff', '891973275c7ffff', '891973275d3ffff', '891973275cbffff', '89197327423ffff', '8919732742fffff', '891973275d7ffff', '891973274afffff', '891973275dbffff', '89197327437ffff', '891973274a7ffff'}",1.0,2.0
891973275d7ffff,"{'89197327583ffff', '8919732758bffff', '89197327513ffff', '891973275cfffff', '8919732751bffff', '89197335b6fffff', '891973275c3ffff', '891973275c7ffff', '891973275d3ffff', '8919732758fffff', '891973275cbffff', '89197335b67ffff', '891973275d7ffff', '8919732759bffff', '891973275dbffff', '89197327593ffff', '891973274a7ffff', '89197335b63ffff', '89197335b6bffff'}",1.0,3.0
89197327607ffff,"{'8919732762bffff', '89197327677ffff', '89197327613ffff', '89197327673ffff', '891973276afffff', '8919732761bffff', '89197327603ffff', '891973276bbffff', '8919732760bffff', '89197327633ffff', '89197327623ffff', '89197327637ffff', '8919732760fffff', '891973276abffff', '89197327607ffff', '8919732768fffff', '891973276a3ffff', '8919732763bffff', '89197327617ffff'}",2.0,6.0
8919732769bffff,"{'8919732769bffff', '891973276d3ffff', '89197327683ffff', '89197327613ffff', '89197327687ffff', '8919732292bffff', '89197322963ffff', '891973276d7ffff', '8919732296bffff', '8919732292fffff', '89197327693ffff', '891973276c3ffff', '89197327697ffff', '8919732768bffff', '89197322977ffff', '8919732296fffff', '891973276c7ffff', '8919732768fffff', '89197322967ffff'}",6.0,10.0
891973276a3ffff,"{'891973276b7ffff', '89197327687ffff', '8919732744fffff', '89197327617ffff', '891973276afffff', '891973270d3ffff', '891973276bbffff', '8919732746bffff', '891973276b3ffff', '89197327637ffff', '8919732747bffff', '891973276abffff', '89197327607ffff', '8919732768fffff', '891973276a3ffff', '891973270dbffff', '89197327633ffff', '8919732744bffff', '891973276a7ffff'}",2.0,7.0
891973276abffff,"{'891973276b7ffff', '89197327613ffff', '89197327687ffff', '891973276afffff', '89197327603ffff', '891973276bbffff', '891973276b3ffff', '89197327623ffff', '89197327637ffff', '8919732760fffff', '89197327607ffff', '891973270dbffff', '89197327633ffff', '891973276abffff', '8919732768fffff', '891973276a3ffff', '8919732763bffff', '89197327617ffff', '891973276a7ffff'}",2.0,6.0
891973276c7ffff,"{'8919732769bffff', '891973276d3ffff', '89197327683ffff', '89197327613ffff', '891973276cbffff', '891973276d7ffff', '891973276cfffff', '8919732761bffff', '89197327653ffff', '89197327603ffff', '891973276c3ffff', '8919732768bffff', '8919732760bffff', '8919732296fffff', '89197327657ffff', '891973276c7ffff', '8919732768fffff', '891973276dbffff', '89197327617ffff'}",1.0,7.0
8919732ad9bffff,"{'8919732add3ffff', '8919732ad13ffff', '8919732136fffff', '8919732ad83ffff', '8919732ad97ffff', '8919732ad8bffff', '8919732ad8fffff', '8919732ad93ffff', '8919732adc3ffff', '89197321363ffff', '89197321367ffff', '8919732add7ffff', '8919732132bffff', '8919732132fffff', '8919732136bffff', '89197321377ffff', '8919732ad87ffff', '8919732adc7ffff', '8919732ad9bffff'}",4.0,4.0
8919732f4b7ffff,"{'89197321b4fffff', '8919732f4afffff', '89197321b63ffff', '89197321b73ffff', '89197321b6fffff', '8919732f5d3ffff', '8919732f4a7ffff', '89197321b43ffff', '89197321b4bffff', '89197321b47ffff', '8919732f4a3ffff', '8919732f5dbffff', '8919732f4abffff', '8919732f4b3ffff', '89197321b6bffff', '8919732f4b7ffff', '89197321b7bffff', '8919732f487ffff', '8919732f4bbffff'}",1.0,5.0
8919732f553ffff,"{'8919732f5cbffff', '8919732f553ffff', '8919732f54bffff', '8919732f5c3ffff', '8919732f5cfffff', '8919732f423ffff', '8919732f427ffff', '8919732f42fffff', '8919732f097ffff', '8919732f5dbffff', '8919732f543ffff', '8919732f547ffff', '8919732f437ffff', '8919732f5c7ffff', '8919732f55bffff', '8919732f557ffff', '8919732f54fffff', '8919732f51bffff', '8919732f50bffff'}",1.0,2.0
8919732f5c7ffff,"{'8919732f5cbffff', '8919732f553ffff', '8919732f5c3ffff', '8919732f5cfffff', '89197321b6fffff', '8919732f5d3ffff', '8919732f503ffff', '8919732f513ffff', '8919732f517ffff', '8919732f5dbffff', '8919732f5c7ffff', '8919732f58bffff', '8919732f583ffff', '8919732f58fffff', '8919732f557ffff', '8919732f51bffff', '8919732f50bffff', '8919732f59bffff', '8919732f5d7ffff'}",1.0,2.0
8919733085bffff,"{'89197330e23ffff', '89197330857ffff', '89197330853ffff', '89197330a87ffff', '89197330e2fffff', '891973308cfffff', '89197330e27ffff', '89197330ab3ffff', '89197330e37ffff', '8919733084bffff', '8919733085bffff', '89197330a93ffff', '89197330e2bffff', '89197330a83ffff', '89197330847ffff', '8919733084fffff', '891973308cbffff', '89197330843ffff', '89197330a97ffff'}",1.0,2.0
8919733086bffff,"{'8919733087bffff', '89197330aa3ffff', '89197330bd7ffff', '8919733086bffff', '89197330aa7ffff', '89197330aafffff', '8919733086fffff', '89197330863ffff', '89197330ab3ffff', '89197330877ffff', '89197330bd3ffff', '89197330873ffff', '89197330bdbffff', '89197330867ffff', '89197330b9bffff', '89197330847ffff', '8919733084fffff', '89197330bc3ffff', '89197330ab7ffff'}",1.0,1.0
8919733090fffff,"{'89197330917ffff', '8919733090bffff', '891973309abffff', '89197330923ffff', '8919733093bffff', '8919733097bffff', '8919733091bffff', '89197330933ffff', '8919733092bffff', '89197330973ffff', '89197330947ffff', '8919733090fffff', '89197330913ffff', '89197330963ffff', '89197330967ffff', '89197330957ffff', '89197330903ffff', '89197330977ffff', '89197330907ffff'}",1.0,1.0
89197330937ffff,"{'891973354c3ffff', '891973309abffff', '89197330923ffff', '891973309afffff', '8919733093bffff', '891973354dbffff', '89197335453ffff', '891973309a3ffff', '89197330933ffff', '8919733092bffff', '8919733092fffff', '891973354d3ffff', '891973354cbffff', '891973354cfffff', '8919733545bffff', '89197330937ffff', '89197330927ffff', '89197330907ffff', '891973309a7ffff'}",4.0,5.0
89197330993ffff,"{'89197330d3bffff', '89197330d2fffff', '89197330d27ffff', '89197330d63ffff', '8919733725bffff', '89197330983ffff', '89197330d6fffff', '8919733098bffff', '89197330d67ffff', '89197330993ffff', '89197330d23ffff', '8919733724bffff', '89197330d2bffff', '891973309d7ffff', '8919733098fffff', '89197330d77ffff', '89197330997ffff', '8919733099bffff', '89197330987ffff'}",2.0,5.0
8919733099bffff,"{'891973309c3ffff', '89197330d2fffff', '89197330d6bffff', '891973309c7ffff', '89197330d63ffff', '89197330983ffff', '89197330d6fffff', '8919733098bffff', '89197330d67ffff', '89197330993ffff', '89197330913ffff', '891973309d3ffff', '891973309d7ffff', '89197330d2bffff', '8919733098fffff', '89197330d77ffff', '89197330997ffff', '8919733099bffff', '89197330987ffff'}",1.0,5.0
891973309d7ffff,"{'891973308a7ffff', '891973309dbffff', '891973309cfffff', '891973309c3ffff', '891973309c7ffff', '89197330d6bffff', '89197330d63ffff', '89197330983ffff', '89197330d6fffff', '8919733091bffff', '8919733098bffff', '89197330d67ffff', '891973309cbffff', '89197330993ffff', '89197330913ffff', '891973309d3ffff', '891973309d7ffff', '8919733098fffff', '8919733099bffff'}",1.0,5.0
89197330a27ffff,"{'89197330a33ffff', '89197322497ffff', '89197330b43ffff', '89197330bcbffff', '89197330b4bffff', '89197330aafffff', '89197330a2bffff', '89197330b5bffff', '89197330b57ffff', '89197322493ffff', '89197330bdbffff', '89197330a23ffff', '89197330a37ffff', '89197330a27ffff', '89197330b53ffff', '89197330a2fffff', '89197330bc3ffff', '89197330a3bffff', '89197330bcfffff'}",1.0,3.0
89197330a3bffff,"{'89197330a33ffff', '89197330aabffff', '89197330a17ffff', '89197330a63ffff', '89197330a67ffff', '89197330aafffff', '89197330a2bffff', '89197322493ffff', '89197330a03ffff', '89197330a23ffff', '89197330a37ffff', '89197330a27ffff', '89197330a07ffff', '89197330a73ffff', '89197330a2fffff', '89197330a77ffff', '89197330a0fffff', '89197330a0bffff', '89197330a3bffff'}",2.0,4.0
89197330aabffff,"{'89197330a17ffff', '89197330a33ffff', '89197330aa3ffff', '89197330aabffff', '89197330aa7ffff', '89197330aafffff', '89197330a87ffff', '89197330ab3ffff', '89197330a13ffff', '89197330a03ffff', '89197330bdbffff', '89197330a23ffff', '89197330a37ffff', '89197330a07ffff', '89197330ab7ffff', '89197330a8fffff', '89197330a0fffff', '89197330abbffff', '89197330a3bffff'}",1.0,3.0
89197330b03ffff,"{'89197330b13ffff', '89197330bc7ffff', '89197330b33ffff', '89197330b77ffff', '89197330b1bffff', '89197330b03ffff', '89197330b3bffff', '89197330b57ffff', '89197330b07ffff', '89197330bbbffff', '89197330b73ffff', '89197330b8bffff', '89197330babffff', '89197330b47ffff', '89197330b0fffff', '89197330b0bffff', '89197330b17ffff', '89197330b8fffff', '89197330bcfffff'}",2.0,6.0
89197330b1bffff,"{'89197330b43ffff', '89197330bcbffff', '89197330bd7ffff', '89197330b13ffff', '89197330bc7ffff', '89197330b1bffff', '89197330b03ffff', '89197330b57ffff', '89197330b07ffff', '89197330b73ffff', '89197330b53ffff', '89197330b8bffff', '89197330b47ffff', '89197330bc3ffff', '89197330b0fffff', '89197330b0bffff', '89197330b17ffff', '89197330b8fffff', '89197330bcfffff'}",4.0,6.0
89197330b67ffff,"{'8919732258bffff', '89197330b2bffff', '8919732259bffff', '89197330b7bffff', '891973225d3ffff', '89197322593ffff', '89197330b63ffff', '891973225d7ffff', '89197330b6bffff', '89197330b3bffff', '89197330b67ffff', '89197322583ffff', '89197322597ffff', '89197330b73ffff', '89197330b2fffff', '89197330b0fffff', '89197330b77ffff', '89197330b23ffff', '89197330b6fffff'}",1.0,1.0
89197330c2fffff,"{'89197330d4bffff', '89197330c27ffff', '89197330d43ffff', '89197330c3bffff', '89197330c77ffff', '89197330883ffff', '89197330893ffff', '89197330897ffff', '89197330c67ffff', '89197330c2bffff', '89197330c2fffff', '89197330887ffff', '89197330dcbffff', '89197330c37ffff', '89197330c33ffff', '8919733089bffff', '89197330d53ffff', '89197330d5bffff', '89197330c23ffff'}",3.0,8.0
89197330c33ffff,"{'89197330c0fffff', '89197330ddbffff', '89197330c03ffff', '89197330c27ffff', '89197330c3bffff', '89197330c77ffff', '89197330ca3ffff', '89197330ca7ffff', '89197330c2bffff', '89197330c2fffff', '89197330cafffff', '89197330dcbffff', '89197330c07ffff', '89197330c37ffff', '89197330cabffff', '89197330cbbffff', '89197330c33ffff', '89197330c17ffff', '89197330c23ffff'}",1.0,7.0
89197330ca7ffff,"{'89197330ddbffff', '89197332b63ffff', '89197332b6bffff', '89197330dc3ffff', '89197332b6fffff', '89197330cb7ffff', '89197330ca3ffff', '89197332b7bffff', '89197330ca7ffff', '89197330cafffff', '89197330dd7ffff', '89197330dcbffff', '89197330dd3ffff', '89197330c37ffff', '89197330cbbffff', '89197330cabffff', '89197330c33ffff', '89197332b4fffff', '89197330cb3ffff'}",1.0,6.0
89197330d4bffff,"{'89197330d47ffff', '89197330d7bffff', '89197330d4bffff', '89197330c27ffff', '89197330d43ffff', '89197330883ffff', '8919733088fffff', '89197330897ffff', '89197330c2fffff', '89197330d57ffff', '891973308b7ffff', '89197330887ffff', '891973308b3ffff', '89197330d4fffff', '891973308a3ffff', '891973308bbffff', '89197330d53ffff', '89197330d5bffff', '89197330893ffff'}",3.0,7.0
89197330d5bffff,"{'89197330d47ffff', '89197330d4bffff', '89197330c27ffff', '89197330d43ffff', '89197330dcfffff', '89197330883ffff', '89197330897ffff', '89197330c23ffff', '89197330c2fffff', '89197330c2bffff', '89197330d57ffff', '89197330887ffff', '89197330dcbffff', '891973308b3ffff', '89197330c37ffff', '89197330d4fffff', '89197330d53ffff', '89197330d5bffff', '89197330893ffff'}",1.0,7.0
89197330d67ffff,"{'89197330d3bffff', '89197330d7bffff', '89197330d2fffff', '89197330d73ffff', '89197330d6bffff', '89197330d63ffff', '89197330983ffff', '89197330d6fffff', '8919733098bffff', '89197330d67ffff', '89197330993ffff', '89197330d23ffff', '891973309d3ffff', '89197330d2bffff', '891973309d7ffff', '89197330d77ffff', '89197330997ffff', '8919733099bffff', '89197330d0fffff'}",1.0,5.0
89197330dc3ffff,"{'89197330d9bffff', '89197330ddbffff', '89197330c27ffff', '89197330dcfffff', '89197332b6bffff', '89197330d13ffff', '89197332b6fffff', '89197330d8bffff', '89197330dc3ffff', '89197330dc7ffff', '89197330ca7ffff', '89197330d57ffff', '89197330cafffff', '89197330dd7ffff', '89197330dcbffff', '89197330dd3ffff', '89197330d1bffff', '89197330c37ffff', '89197330d53ffff'}",2.0,6.0
89197330dc7ffff,"{'89197330d9bffff', '89197330ddbffff', '89197330dcfffff', '89197330d13ffff', '89197330dc3ffff', '89197330d8bffff', '89197330d03ffff', '89197332b6fffff', '89197330d83ffff', '89197330d57ffff', '89197330dc7ffff', '89197330dd7ffff', '89197330dcbffff', '89197330d17ffff', '89197330dd3ffff', '89197330d1bffff', '89197330d8fffff', '89197330d0bffff', '89197330d53ffff'}",1.0,5.0
89197330ddbffff,"{'89197330ddbffff', '89197330c27ffff', '89197330dcfffff', '89197332b6bffff', '89197330dc3ffff', '89197332b6fffff', '89197330cb7ffff', '89197330ca3ffff', '89197330ca7ffff', '89197330dc7ffff', '89197330cafffff', '89197330dd7ffff', '89197330dcbffff', '89197330dd3ffff', '89197330c37ffff', '89197330cabffff', '89197330c33ffff', '89197330d53ffff', '89197330c23ffff'}",2.0,7.0
89197330e0fffff,"{'89197330e0bffff', '89197330e23ffff', '89197330e17ffff', '89197330e33ffff', '89197330e73ffff', '89197330e63ffff', '89197330e3bffff', '89197330e2bffff', '89197330e67ffff', '89197330eabffff', '89197330e77ffff', '89197330e57ffff', '89197330e03ffff', '89197330e47ffff', '89197330e07ffff', '89197330e7bffff', '89197330e0fffff', '89197330e13ffff', '89197330e1bffff'}",1.0,1.0
89197330e2fffff,"{'89197330e23ffff', '89197330853ffff', '89197330a87ffff', '89197330e2fffff', '89197330e27ffff', '89197330e33ffff', '89197330e37ffff', '8919733084bffff', '8919733085bffff', '89197330a9bffff', '89197330e3bffff', '89197330a93ffff', '89197330e2bffff', '89197330e67ffff', '89197330e77ffff', '89197330a83ffff', '891973308cbffff', '89197330843ffff', '89197330a97ffff'}",1.0,2.0
8919733188bffff,"{'891973318d3ffff', '891973318c7ffff', '89197331c6fffff', '891973318d7ffff', '89197331887ffff', '8919733188bffff', '891973318bbffff', '89197331897ffff', '89197331883ffff', '891973318cfffff', '8919733189bffff', '89197331803ffff', '89197331817ffff', '8919733181bffff', '89197331813ffff', '8919733188fffff', '89197331c67ffff', '89197331893ffff', '891973318c3ffff'}",1.0,1.0
891973319c7ffff,"{'891973319d3ffff', '89197331983ffff', '89197331953ffff', '89197331957ffff', '891973319d7ffff', '891973319cbffff', '8919733198fffff', '8919733191bffff', '89197331913ffff', '891973319c3ffff', '891973319dbffff', '89197331917ffff', '8919733190bffff', '89197331903ffff', '891973319cfffff', '8919733198bffff', '8919733199bffff', '891973319c7ffff', '89197331d6fffff'}",1.0,1.0
89197331b2fffff,"{'89197323593ffff', '89197331b33ffff', '89197322653ffff', '89197331b37ffff', '8919732264bffff', '89197322643ffff', '891973226cbffff', '89197331b2fffff', '89197323587ffff', '89197323583ffff', '89197331b23ffff', '89197323597ffff', '89197331b77ffff', '89197331b2bffff', '89197331b67ffff', '89197331b27ffff', '8919732359bffff', '8919732265bffff', '89197331b3bffff'}",3.0,7.0
8919733403bffff,"{'89197334017ffff', '89197334023ffff', '8919733402bffff', '8919733403bffff', '8919733400bffff', '89197334033ffff', '89197334073ffff', '89197334037ffff', '891973340afffff', '89197334003ffff', '89197334077ffff', '8919733402fffff', '89197334027ffff', '8919733400fffff', '891973340abffff', '89197334067ffff', '89197334393ffff', '89197334063ffff', '89197334007ffff'}",3.0,18.0
89197334053ffff,"{'89197334627ffff', '89197334043ffff', '89197334057ffff', '89197334297ffff', '89197334637ffff', '8919733405bffff', '8919733404bffff', '8919733400bffff', '891973340c7ffff', '891973340dbffff', '891973340cfffff', '89197334047ffff', '891973340c3ffff', '8919733462fffff', '8919733404fffff', '89197334623ffff', '89197334053ffff', '8919733401bffff', '891973340cbffff'}",1.0,2.0
8919733406fffff,"{'89197334383ffff', '8919733402bffff', '8919733406fffff', '891973343c3ffff', '8919733438bffff', '89197334073ffff', '89197334077ffff', '891973343d7ffff', '891973342b7ffff', '891973342a7ffff', '89197334067ffff', '89197334393ffff', '89197334063ffff', '8919733406bffff', '891973343dbffff', '891973343d3ffff', '8919733439bffff', '891973343c7ffff', '8919733407bffff'}",1.0,20.0
89197334073ffff,"{'89197334043ffff', '89197334057ffff', '8919733403bffff', '8919733402bffff', '8919733406fffff', '8919733400bffff', '89197334073ffff', '89197334003ffff', '89197334077ffff', '89197334047ffff', '891973342b7ffff', '8919733400fffff', '8919733404fffff', '89197334067ffff', '89197334063ffff', '8919733406bffff', '89197334007ffff', '8919733401bffff', '8919733407bffff'}",11.0,20.0
89197334077ffff,"{'8919733403bffff', '8919733402bffff', '89197334023ffff', '8919733406fffff', '8919733400bffff', '89197334033ffff', '89197334073ffff', '89197334003ffff', '89197334077ffff', '89197334047ffff', '8919733402fffff', '8919733400fffff', '89197334067ffff', '89197334393ffff', '89197334063ffff', '8919733406bffff', '8919733439bffff', '89197334007ffff', '8919733407bffff'}",3.0,20.0
8919733407bffff,"{'89197334043ffff', '89197334057ffff', '8919733404bffff', '8919733406fffff', '8919733400bffff', '89197334073ffff', '89197334077ffff', '89197334047ffff', '891973342b7ffff', '891973342a7ffff', '8919733400fffff', '891973342a3ffff', '89197334067ffff', '89197334063ffff', '8919733406bffff', '891973343d3ffff', '891973342b3ffff', '8919733404fffff', '8919733407bffff'}",2.0,20.0
8919733408bffff,"{'89197334087ffff', '89197334013ffff', '89197334017ffff', '891973340d7ffff', '8919733409bffff', '89197334093ffff', '891973340c7ffff', '89197334003ffff', '891973340cfffff', '891973340c3ffff', '89197334467ffff', '891973340d3ffff', '89197334083ffff', '89197334097ffff', '891973340bbffff', '8919733408bffff', '8919733446fffff', '8919733408fffff', '8919733401bffff'}",1.0,1.0
891973340afffff,"{'891973340a3ffff', '891973341cbffff', '8919733456bffff', '89197334017ffff', '891973341c3ffff', '891973340b7ffff', '8919733403bffff', '891973341d3ffff', '89197334023ffff', '891973340b3ffff', '89197334033ffff', '89197334037ffff', '891973340afffff', '891973341dbffff', '89197334027ffff', '891973340a7ffff', '891973340abffff', '891973340bbffff', '89197334007ffff'}",1.0,4.0
89197334117ffff,"{'8919733411bffff', '89197334113ffff', '8919733410bffff', '891973341b3ffff', '891973341afffff', '8919733410fffff', '8919733418bffff', '891973341abffff', '8919733413bffff', '89197334133ffff', '891973341a3ffff', '89197334117ffff', '891973341bbffff', '89197334187ffff', '89197334183ffff', '891973341c7ffff', '8919733418fffff', '89197334107ffff', '89197334103ffff'}",1.0,6.0
8919733411bffff,"{'89197334103ffff', '891973341cbffff', '8919733411bffff', '891973341c3ffff', '89197334113ffff', '89197334157ffff', '891973341cfffff', '8919733410bffff', '891973341d7ffff', '8919733410fffff', '8919733418bffff', '89197334143ffff', '89197334117ffff', '89197334153ffff', '89197334147ffff', '891973341c7ffff', '8919733418fffff', '89197334107ffff', '89197334173ffff'}",2.0,4.0
89197334137ffff,"{'8919733412fffff', '89197334cdbffff', '89197334123ffff', '8919733412bffff', '89197334c53ffff', '891973341a7ffff', '89197334cd3ffff', '89197334c5bffff', '89197334ccfffff', '89197334127ffff', '891973341afffff', '89197334137ffff', '891973341abffff', '8919733413bffff', '89197334133ffff', '89197334cc3ffff', '89197334ccbffff', '891973341a3ffff', '89197334107ffff'}",1.0,3.0
8919733413bffff,"{'8919733412fffff', '89197334103ffff', '89197334123ffff', '8919733412bffff', '89197334167ffff', '8919733410bffff', '89197334127ffff', '891973341afffff', '8919733410fffff', '89197334177ffff', '89197334137ffff', '891973341abffff', '8919733413bffff', '89197334e93ffff', '89197334133ffff', '89197334117ffff', '89197334163ffff', '89197334107ffff', '89197334173ffff'}",1.0,6.0
89197334143ffff,"{'891973341cbffff', '8919733414bffff', '8919733411bffff', '8919733415bffff', '89197334157ffff', '891973341cfffff', '89197334027ffff', '8919733402fffff', '891973343b7ffff', '8919733410bffff', '89197334397ffff', '891973343b3ffff', '89197334143ffff', '8919733414fffff', '89197334153ffff', '89197334147ffff', '8919733417bffff', '89197334387ffff', '89197334173ffff'}",1.0,4.0
8919733416bffff,"{'891973343afffff', '89197334ed7ffff', '891973343a3ffff', '89197334edbffff', '89197334ec3ffff', '89197334167ffff', '891973343b7ffff', '8919733416fffff', '891973343b3ffff', '89197334177ffff', '89197334163ffff', '89197334ed3ffff', '8919733416bffff', '891973343a7ffff', '8919733414fffff', '89197334e9bffff', '89197334147ffff', '8919733417bffff', '89197334173ffff'}",1.0,6.0
89197334177ffff,"{'8919733412fffff', '89197334123ffff', '8919733412bffff', '89197334167ffff', '8919733410bffff', '8919733410fffff', '8919733416fffff', '89197334177ffff', '89197334173ffff', '8919733413bffff', '89197334e93ffff', '89197334133ffff', '89197334163ffff', '8919733416bffff', '89197334e9bffff', '89197334147ffff', '8919733417bffff', '89197334107ffff', '89197334103ffff'}",3.0,5.0
89197334183ffff,"{'8919733419bffff', '8919733456fffff', '89197334113ffff', '8919733452fffff', '89197336a4bffff', '89197334193ffff', '891973341b3ffff', '891973341d7ffff', '89197334567ffff', '8919733418bffff', '89197336a5bffff', '8919733418fffff', '89197334117ffff', '891973341bbffff', '89197334187ffff', '8919733452bffff', '89197334183ffff', '891973341c7ffff', '89197334197ffff'}",1.0,6.0
89197334193ffff,"{'8919733419bffff', '8919733456fffff', '89197334563ffff', '89197334197ffff', '89197334577ffff', '89197334527ffff', '8919733452fffff', '89197336a4bffff', '89197334193ffff', '891973341d7ffff', '89197334567ffff', '8919733418bffff', '89197336a5bffff', '89197334523ffff', '8919733453bffff', '89197334187ffff', '8919733452bffff', '89197334183ffff', '8919733418fffff'}",1.0,5.0
891973341bbffff,"{'89197334103ffff', '89197334113ffff', '891973341b7ffff', '891973341a7ffff', '89197336a4bffff', '891973341b3ffff', '891973341afffff', '8919733418bffff', '891973341abffff', '8919733418fffff', '89197334133ffff', '89197334117ffff', '891973341bbffff', '89197334187ffff', '89197334183ffff', '891973341a3ffff', '89197334197ffff', '89197334107ffff', '89197336a4fffff'}",1.0,8.0
8919733422fffff,"{'89197334353ffff', '8919733423bffff', '891973343cbffff', '89197334227ffff', '89197334223ffff', '8919733435bffff', '89197334277ffff', '89197335c9bffff', '8919733422bffff', '89197334267ffff', '89197334237ffff', '89197335c97ffff', '8919733422fffff', '8919733434bffff', '89197335c87ffff', '89197334233ffff', '89197335c93ffff', '89197335c83ffff', '89197334343ffff'}",1.0,12.0
89197334233ffff,"{'8919733423bffff', '891973343cbffff', '8919733420fffff', '89197334227ffff', '89197334223ffff', '89197334277ffff', '891973342abffff', '8919733422bffff', '89197334237ffff', '891973342afffff', '89197334203ffff', '891973342a7ffff', '891973342a3ffff', '8919733422fffff', '891973343dbffff', '89197334207ffff', '89197334233ffff', '891973342bbffff', '89197334217ffff'}",1.0,8.0
89197334267ffff,"{'8919733423bffff', '8919733420fffff', '8919733426bffff', '89197334263ffff', '89197334223ffff', '89197335cd7ffff', '89197334277ffff', '89197335cd3ffff', '89197335c9bffff', '8919733422bffff', '89197334267ffff', '89197335c8bffff', '89197335c97ffff', '8919733427bffff', '8919733422fffff', '8919733426fffff', '89197334273ffff', '89197335c93ffff', '89197335c83ffff'}",1.0,9.0
89197334277ffff,"{'8919733423bffff', '8919733420fffff', '8919733420bffff', '8919733426bffff', '89197334263ffff', '89197334223ffff', '89197334277ffff', '89197335c9bffff', '8919733422bffff', '89197334267ffff', '89197334203ffff', '8919733427bffff', '8919733422fffff', '8919733426fffff', '89197334207ffff', '89197334273ffff', '89197334233ffff', '89197335c93ffff', '89197334247ffff'}",2.0,9.0
891973342afffff,"{'891973342b3ffff', '8919733423bffff', '891973343cbffff', '89197334227ffff', '89197334223ffff', '891973343c3ffff', '891973342abffff', '89197334237ffff', '891973342afffff', '891973342b7ffff', '891973342a7ffff', '891973342a3ffff', '8919733406bffff', '891973343dbffff', '89197334207ffff', '891973343d3ffff', '89197334233ffff', '891973342bbffff', '89197334217ffff'}",2.0,8.0
891973342b3ffff,"{'8919733428fffff', '891973342b3ffff', '89197334043ffff', '89197334297ffff', '8919733404bffff', '8919733405bffff', '89197334283ffff', '891973342abffff', '891973342afffff', '89197334047ffff', '891973342b7ffff', '891973342a7ffff', '891973342a3ffff', '8919733406bffff', '89197334287ffff', '891973342bbffff', '89197334217ffff', '8919733404fffff', '8919733407bffff'}",1.0,5.0
891973342c3ffff,"{'89197335537ffff', '8919733428bffff', '8919733466bffff', '891973342c7ffff', '8919733429bffff', '89197334213ffff', '891973342dbffff', '891973355a7ffff', '891973342cfffff', '891973355afffff', '891973342cbffff', '89197334257ffff', '8919733466fffff', '891973342c3ffff', '89197335527ffff', '891973342d3ffff', '8919733421bffff', '891973342d7ffff', '89197334253ffff'}",2.0,40.0
891973342cbffff,"{'89197335537ffff', '891973342c7ffff', '8919733425bffff', '891973342dbffff', '891973355a7ffff', '8919733552fffff', '89197335523ffff', '89197334243ffff', '891973342cfffff', '891973355afffff', '89197335533ffff', '891973342cbffff', '89197334257ffff', '891973342c3ffff', '89197335527ffff', '891973342d3ffff', '8919733421bffff', '891973342d7ffff', '89197334253ffff'}",23.0,60.0
891973342d7ffff,"{'8919733428fffff', '8919733428bffff', '8919733466bffff', '891973342c7ffff', '8919733429bffff', '89197334667ffff', '89197334213ffff', '891973342dbffff', '891973355a7ffff', '89197334283ffff', '891973342cfffff', '891973342cbffff', '8919733466fffff', '891973342c3ffff', '89197334663ffff', '891973342d3ffff', '89197334293ffff', '8919733421bffff', '891973342d7ffff'}",1.0,27.0
89197334323ffff,"{'89197335d97ffff', '891973343afffff', '89197334323ffff', '89197334e53ffff', '89197334307ffff', '89197335d93ffff', '8919733432bffff', '89197334edbffff', '891973343abffff', '8919733433bffff', '8919733432fffff', '8919733430fffff', '89197334367ffff', '89197334327ffff', '89197334333ffff', '89197334e5bffff', '89197334337ffff', '89197334377ffff', '89197334ecbffff'}",1.0,5.0
89197334337ffff,"{'89197334323ffff', '891973343afffff', '89197334e53ffff', '89197334307ffff', '891973343a3ffff', '8919733432bffff', '89197334edbffff', '89197334ec3ffff', '891973343abffff', '8919733433bffff', '8919733432fffff', '89197334ecfffff', '89197334327ffff', '89197334333ffff', '89197334e5bffff', '891973343a7ffff', '89197334337ffff', '89197334ed3ffff', '89197334ecbffff'}",1.0,7.0
89197334353ffff,"{'8919733430bffff', '89197334353ffff', '891973343cbffff', '89197334227ffff', '89197334223ffff', '8919733435bffff', '891973343cfffff', '891973343c3ffff', '89197334237ffff', '89197334347ffff', '8919733434fffff', '89197334357ffff', '89197335c97ffff', '8919733431bffff', '8919733422fffff', '891973343dbffff', '8919733434bffff', '89197334343ffff', '891973343c7ffff'}",1.0,5.0
89197334377ffff,"{'8919733430bffff', '89197334323ffff', '89197334303ffff', '89197334307ffff', '89197335d93ffff', '8919733436fffff', '8919733432bffff', '8919733433bffff', '89197334347ffff', '8919733436bffff', '8919733432fffff', '8919733430fffff', '8919733437bffff', '89197334367ffff', '89197335d9bffff', '89197334333ffff', '89197334377ffff', '89197334373ffff', '89197334363ffff'}",1.0,2.0
891973343abffff,"{'89197334323ffff', '891973343afffff', '89197334317ffff', '89197334303ffff', '89197334307ffff', '891973343a3ffff', '89197334edbffff', '891973343abffff', '8919733433bffff', '8919733430fffff', '891973343b7ffff', '891973343bbffff', '891973343b3ffff', '89197334333ffff', '8919733438fffff', '89197334337ffff', '891973343a7ffff', '89197334313ffff', '89197334387ffff'}",1.0,5.0
891973343b7ffff,"{'891973343afffff', '8919733414bffff', '891973343a3ffff', '89197334edbffff', '891973343abffff', '891973343b7ffff', '891973343bbffff', '8919733416fffff', '891973343b3ffff', '89197334143ffff', '89197334163ffff', '8919733416bffff', '89197334ed3ffff', '891973343a7ffff', '8919733414fffff', '89197334147ffff', '8919733417bffff', '89197334387ffff', '89197334173ffff'}",1.0,5.0
891973343cbffff,"{'89197334353ffff', '891973343cbffff', '89197334227ffff', '89197334223ffff', '8919733435bffff', '891973343cfffff', '891973343c3ffff', '89197334237ffff', '891973342afffff', '891973343d7ffff', '89197334357ffff', '891973342a7ffff', '8919733431bffff', '8919733422fffff', '891973343dbffff', '891973343d3ffff', '89197334233ffff', '89197334343ffff', '891973343c7ffff'}",1.0,9.0
891973343d3ffff,"{'891973343cbffff', '8919733406fffff', '891973343cfffff', '891973343c3ffff', '8919733438bffff', '89197334237ffff', '891973342afffff', '891973343d7ffff', '891973342b7ffff', '891973342a7ffff', '891973342a3ffff', '89197334067ffff', '89197334063ffff', '8919733406bffff', '891973343dbffff', '891973343d3ffff', '8919733439bffff', '891973343c7ffff', '8919733407bffff'}",2.0,9.0
891973343dbffff,"{'89197334353ffff', '891973343cbffff', '89197334227ffff', '89197334223ffff', '8919733406fffff', '891973343cfffff', '891973343c3ffff', '891973342abffff', '89197334237ffff', '891973342afffff', '891973343d7ffff', '891973342b7ffff', '891973342a7ffff', '891973342a3ffff', '8919733406bffff', '891973343dbffff', '891973343d3ffff', '89197334233ffff', '891973343c7ffff'}",1.0,9.0
89197334403ffff,"{'891973344bbffff', '8919733441bffff', '8919733448fffff', '89197334417ffff', '891973344c7ffff', '891973344cfffff', '89197334407ffff', '8919733440bffff', '89197334477ffff', '89197334447ffff', '89197334403ffff', '8919733440fffff', '89197334413ffff', '89197334473ffff', '89197334457ffff', '89197334433ffff', '891973344abffff', '8919733448bffff', '8919733443bffff'}",2.0,9.0
89197334417ffff,"{'891973344bbffff', '8919733441bffff', '8919733448fffff', '89197334417ffff', '891973344c7ffff', '89197334483ffff', '89197334407ffff', '8919733440bffff', '89197334403ffff', '891973344afffff', '8919733440fffff', '891973344a3ffff', '89197334487ffff', '89197334413ffff', '891973344b3ffff', '89197334433ffff', '891973344abffff', '8919733448bffff', '8919733443bffff'}",1.0,9.0
89197334423ffff,"{'89197334553ffff', '89197334427ffff', '891973345dbffff', '891973345cbffff', '89197334423ffff', '8919733442bffff', '89197334407ffff', '89197334093ffff', '89197334477ffff', '89197334437ffff', '891973344afffff', '8919733440fffff', '89197334467ffff', '89197334097ffff', '8919733455bffff', '89197334433ffff', '8919733442fffff', '891973344abffff', '8919733443bffff'}",2.0,9.0
89197334427ffff,"{'89197334553ffff', '89197334427ffff', '891973345dbffff', '89197334423ffff', '891973345cbffff', '8919733442bffff', '891973345cfffff', '89197334093ffff', '89197334437ffff', '891973344afffff', '891973345c3ffff', '8919733454bffff', '89197334097ffff', '8919733455bffff', '89197334433ffff', '89197334543ffff', '89197334557ffff', '8919733442fffff', '8919733443bffff'}",2.0,7.0
89197334437ffff,"{'89197334553ffff', '89197334427ffff', '891973344a7ffff', '891973345dbffff', '891973345cbffff', '89197334423ffff', '891973345d3ffff', '8919733442bffff', '891973345cfffff', '89197334407ffff', '89197334437ffff', '891973344afffff', '891973345c3ffff', '891973344a3ffff', '8919733455bffff', '89197334433ffff', '8919733442fffff', '891973344abffff', '8919733443bffff'}",1.0,8.0
89197334477ffff,"{'8919733447bffff', '89197334423ffff', '8919733442bffff', '89197334407ffff', '8919733440bffff', '89197334093ffff', '89197334403ffff', '8919733409bffff', '89197334447ffff', '89197334477ffff', '8919733440fffff', '8919733446bffff', '89197334463ffff', '89197334467ffff', '89197334473ffff', '89197334433ffff', '8919733446fffff', '8919733442fffff', '8919733443bffff'}",2.0,6.0
89197334483ffff,"{'891973344bbffff', '89197336267ffff', '89197334497ffff', '8919733448fffff', '89197334417ffff', '891973344c7ffff', '89197334483ffff', '89197334493ffff', '8919733622bffff', '8919733626fffff', '89197334487ffff', '89197334413ffff', '8919733622fffff', '891973344b3ffff', '8919733634bffff', '891973344d7ffff', '8919733635bffff', '8919733449bffff', '8919733448bffff'}",1.0,10.0
89197334487ffff,"{'891973344bbffff', '89197336343ffff', '89197334497ffff', '8919733448fffff', '89197334417ffff', '8919733448bffff', '89197334483ffff', '89197334493ffff', '891973344a3ffff', '89197334413ffff', '8919733622fffff', '89197334487ffff', '891973344b3ffff', '8919733634fffff', '8919733634bffff', '8919733635bffff', '8919733449bffff', '891973344abffff', '891973344b7ffff'}",1.0,9.0
8919733448fffff,"{'891973344bbffff', '8919733441bffff', '89197334497ffff', '8919733448fffff', '89197334417ffff', '891973344c7ffff', '89197334483ffff', '89197334407ffff', '89197334493ffff', '89197334403ffff', '891973344a3ffff', '89197334487ffff', '89197334413ffff', '891973344b3ffff', '8919733634bffff', '891973344d7ffff', '8919733449bffff', '891973344abffff', '8919733448bffff'}",2.0,10.0
891973344afffff,"{'89197334427ffff', '891973344bbffff', '891973344a7ffff', '891973345dbffff', '89197334423ffff', '891973345cbffff', '891973345d3ffff', '89197334417ffff', '89197334407ffff', '89197334437ffff', '891973344afffff', '891973345c3ffff', '891973344a3ffff', '8919733636bffff', '89197334433ffff', '891973344b3ffff', '891973344abffff', '891973344b7ffff', '8919733443bffff'}",1.0,9.0
891973344c7ffff,"{'89197334453ffff', '891973344d3ffff', '8919733441bffff', '8919733448fffff', '89197334417ffff', '891973344c7ffff', '89197334483ffff', '891973344cfffff', '8919733440bffff', '89197334403ffff', '891973344dbffff', '8919733626fffff', '89197334413ffff', '89197334457ffff', '891973344c3ffff', '891973344d7ffff', '8919733449bffff', '891973344cbffff', '8919733448bffff'}",1.0,9.0
891973344cfffff,"{'89197334443ffff', '89197334453ffff', '891973344d3ffff', '8919733441bffff', '891973344c7ffff', '891973344cfffff', '8919733440bffff', '89197334403ffff', '89197334447ffff', '89197337137ffff', '891973344dbffff', '89197337127ffff', '8919733445bffff', '89197334413ffff', '89197334457ffff', '891973344c3ffff', '891973344d7ffff', '891973344cbffff', '8919733448bffff'}",1.0,5.0
89197334517ffff,"{'891973345bbffff', '891973345b3ffff', '8919733450bffff', '8919733450fffff', '89197334513ffff', '8919733458bffff', '891973345abffff', '89197334507ffff', '891973345c7ffff', '89197334503ffff', '891973345afffff', '8919733453bffff', '89197334517ffff', '89197334583ffff', '8919733451bffff', '89197334533ffff', '891973345a3ffff', '89197334587ffff', '8919733458fffff'}",2.0,19.0
89197334523ffff,"{'8919733450fffff', '89197334577ffff', '89197334527ffff', '8919733452fffff', '89197334193ffff', '89197336adbffff', '89197336a53ffff', '891973345abffff', '89197334567ffff', '89197334507ffff', '89197334537ffff', '89197336a5bffff', '891973345afffff', '89197336acbffff', '8919733453bffff', '89197334523ffff', '89197334533ffff', '8919733452bffff', '89197334197ffff'}",1.0,19.0
8919733452fffff,"{'8919733419bffff', '89197334577ffff', '89197334527ffff', '8919733452fffff', '89197336a4bffff', '89197334193ffff', '89197336a53ffff', '89197334567ffff', '89197334537ffff', '89197336a5bffff', '89197334523ffff', '89197336acbffff', '8919733453bffff', '89197334533ffff', '89197334187ffff', '8919733452bffff', '89197334183ffff', '89197336a43ffff', '89197334197ffff'}",2.0,20.0
89197334587ffff,"{'891973345bbffff', '89197336e43ffff', '89197334587ffff', '891973345b3ffff', '89197336e4fffff', '89197334513ffff', '8919733458bffff', '89197334593ffff', '891973345abffff', '89197336e5bffff', '89197334517ffff', '89197334583ffff', '8919733459bffff', '891973345b7ffff', '891973345a3ffff', '8919733632fffff', '89197336e4bffff', '89197334597ffff', '8919733458fffff'}",12.0,39.0
8919733458fffff,"{'891973345bbffff', '891973345b3ffff', '891973345d7ffff', '89197334513ffff', '8919733458bffff', '89197334593ffff', '891973345abffff', '891973345c7ffff', '89197334507ffff', '89197334503ffff', '89197334517ffff', '89197334583ffff', '8919733459bffff', '8919733451bffff', '891973345a3ffff', '89197334587ffff', '89197336e4bffff', '89197334597ffff', '8919733458fffff'}",1.0,24.0
89197334593ffff,"{'89197336327ffff', '891973345d7ffff', '8919733458bffff', '89197336377ffff', '89197334593ffff', '89197336363ffff', '8919733636fffff', '89197336e5bffff', '8919733632bffff', '89197336367ffff', '89197334583ffff', '8919733459bffff', '8919733633bffff', '8919733632fffff', '89197334587ffff', '89197336e4bffff', '89197334597ffff', '89197336323ffff', '8919733458fffff'}",3.0,42.0
89197334597ffff,"{'891973345bbffff', '89197336e43ffff', '89197336327ffff', '891973345b3ffff', '89197336e4fffff', '8919733458bffff', '89197334593ffff', '89197336e53ffff', '89197336e5bffff', '8919733632bffff', '89197336367ffff', '89197334583ffff', '8919733459bffff', '8919733632fffff', '89197334587ffff', '89197336e4bffff', '89197334597ffff', '89197336323ffff', '8919733458fffff'}",2.0,48.0
891973345abffff,"{'891973345bbffff', '891973345b3ffff', '8919733450fffff', '89197334513ffff', '89197336adbffff', '891973345abffff', '89197334507ffff', '89197334537ffff', '891973345afffff', '89197334503ffff', '89197334523ffff', '8919733453bffff', '89197334517ffff', '891973345b7ffff', '89197334533ffff', '891973345a7ffff', '891973345a3ffff', '89197334587ffff', '8919733458fffff'}",2.0,24.0
891973345b3ffff,"{'891973345bbffff', '89197336e43ffff', '891973345b3ffff', '89197336e4fffff', '89197336e7bffff', '891973345abffff', '89197336e5bffff', '891973345afffff', '89197334517ffff', '89197336e47ffff', '89197334583ffff', '891973345b7ffff', '891973345a7ffff', '891973345a3ffff', '89197334587ffff', '89197336e6bffff', '89197336e4bffff', '89197334597ffff', '8919733458fffff'}",2.0,49.0
891973345b7ffff,"{'891973345bbffff', '89197336e43ffff', '891973345b3ffff', '89197336e4fffff', '89197336ad3ffff', '89197336e7bffff', '89197336adbffff', '89197336e63ffff', '891973345abffff', '89197336e6fffff', '891973345afffff', '89197336e47ffff', '891973345b7ffff', '891973345a7ffff', '891973345a3ffff', '89197334587ffff', '89197336e6bffff', '89197336e4bffff', '89197336e73ffff'}",4.0,41.0
891973345cbffff,"{'89197334553ffff', '89197334427ffff', '891973344a7ffff', '891973345dbffff', '89197334423ffff', '891973345d3ffff', '891973345cbffff', '891973345d7ffff', '891973345cfffff', '89197334437ffff', '891973344afffff', '891973345c3ffff', '891973345c7ffff', '8919733455bffff', '89197334433ffff', '89197334543ffff', '89197334557ffff', '8919733451bffff', '8919733442fffff'}",1.0,8.0
891973345d3ffff,"{'8919733637bffff', '891973344a7ffff', '891973345dbffff', '891973345cbffff', '891973345d3ffff', '891973345d7ffff', '891973345cfffff', '89197334437ffff', '891973344afffff', '891973345c3ffff', '8919733458bffff', '891973344a3ffff', '8919733636fffff', '89197336363ffff', '891973345c7ffff', '8919733636bffff', '89197336367ffff', '8919733459bffff', '891973344b7ffff'}",1.0,4.0
89197334617ffff,"{'8919733460fffff', '8919733461bffff', '8919733460bffff', '8919733463bffff', '8919733468bffff', '891973346abffff', '89197334633ffff', '891973346c7ffff', '89197334687ffff', '891973346bbffff', '89197334603ffff', '89197334617ffff', '89197334613ffff', '891973346b3ffff', '89197334607ffff', '891973346afffff', '8919733468fffff', '89197334683ffff', '891973346a3ffff'}",1.0,4.0
89197334623ffff,"{'89197334627ffff', '8919733462bffff', '8919733460fffff', '8919733463bffff', '89197334297ffff', '891973346abffff', '89197334637ffff', '89197334667ffff', '8919733405bffff', '89197334633ffff', '89197334677ffff', '891973340dbffff', '8919733462fffff', '89197334053ffff', '89197334623ffff', '89197334607ffff', '89197334293ffff', '891973346afffff', '891973340cbffff'}",1.0,6.0
89197334643ffff,"{'89197335597ffff', '89197334647ffff', '891973355b3ffff', '8919733461bffff', '8919733460bffff', '8919733464bffff', '891973346cfffff', '8919733732fffff', '891973355b7ffff', '89197334653ffff', '8919733464fffff', '89197335587ffff', '89197337327ffff', '89197334673ffff', '89197334643ffff', '891973346cbffff', '8919733467bffff', '8919733465bffff', '89197334657ffff'}",2.0,5.0
89197334653ffff,"{'89197335597ffff', '891973346dbffff', '89197334647ffff', '8919733461bffff', '8919733460bffff', '8919733464bffff', '89197337323ffff', '891973346c7ffff', '891973346c3ffff', '8919733732fffff', '891973346cfffff', '8919733464fffff', '89197334653ffff', '89197337337ffff', '89197334643ffff', '89197337327ffff', '891973346cbffff', '8919733465bffff', '89197334657ffff'}",2.0,6.0
89197334667ffff,"{'8919733462bffff', '8919733460fffff', '8919733466bffff', '8919733428bffff', '89197334297ffff', '8919733463bffff', '8919733429bffff', '89197334667ffff', '89197334677ffff', '89197334283ffff', '8919733462fffff', '8919733466fffff', '89197334673ffff', '89197334663ffff', '8919733467bffff', '89197334623ffff', '891973342d3ffff', '89197334293ffff', '891973342d7ffff'}",1.0,5.0
89197334677ffff,"{'89197334647ffff', '8919733462bffff', '8919733460fffff', '8919733466bffff', '8919733460bffff', '8919733463bffff', '8919733429bffff', '89197334667ffff', '89197334633ffff', '89197334677ffff', '8919733462fffff', '8919733466fffff', '89197334673ffff', '89197334603ffff', '89197334663ffff', '8919733467bffff', '89197334623ffff', '89197334293ffff', '89197334607ffff'}",2.0,4.0
89197334693ffff,"{'8919733444bffff', '8919733713bffff', '8919733712fffff', '8919733468bffff', '89197334693ffff', '8919733712bffff', '89197334687ffff', '89197337177ffff', '8919733716fffff', '89197334697ffff', '8919733445bffff', '89197337127ffff', '89197337123ffff', '891973346d7ffff', '89197337167ffff', '8919733469bffff', '8919733468fffff', '89197337163ffff', '89197334683ffff'}",2.0,10.0
89197334697ffff,"{'8919733444bffff', '89197334443ffff', '89197334453ffff', '8919733712fffff', '89197334693ffff', '8919733468bffff', '8919733712bffff', '89197334687ffff', '891973346bbffff', '89197334697ffff', '8919733444fffff', '89197337127ffff', '8919733445bffff', '89197337123ffff', '89197337167ffff', '891973346b3ffff', '8919733469bffff', '8919733468fffff', '89197334683ffff'}",1.0,8.0
891973346a7ffff,"{'8919733447bffff', '891973346abffff', '89197334637ffff', '891973340d7ffff', '89197334633ffff', '891973340dbffff', '891973340c3ffff', '8919733446bffff', '89197334463ffff', '891973346a7ffff', '8919733444fffff', '891973340d3ffff', '8919733446fffff', '891973346b7ffff', '891973346b3ffff', '891973346a3ffff', '891973346afffff', '891973346bbffff', '891973340cbffff'}",3.0,4.0
891973346afffff,"{'89197334627ffff', '8919733463bffff', '891973346abffff', '89197334637ffff', '89197334633ffff', '891973340dbffff', '891973340c3ffff', '8919733446bffff', '891973346a7ffff', '891973340d3ffff', '89197334617ffff', '891973346b7ffff', '89197334623ffff', '89197334607ffff', '891973346b3ffff', '891973346a3ffff', '891973346afffff', '891973346bbffff', '891973340cbffff'}",1.0,6.0
891973346c7ffff,"{'891973346dbffff', '8919733461bffff', '8919733460bffff', '891973346d3ffff', '8919733468bffff', '891973346c7ffff', '891973346c3ffff', '891973346cfffff', '89197334653ffff', '8919733716fffff', '891973346d7ffff', '89197334603ffff', '89197334617ffff', '891973346cbffff', '89197334613ffff', '8919733469bffff', '8919733468fffff', '89197334657ffff', '89197334683ffff'}",2.0,6.0
891973346d7ffff,"{'891973373a7ffff', '891973346dbffff', '8919733461bffff', '891973346d3ffff', '8919733468bffff', '89197334693ffff', '891973346c7ffff', '891973346c3ffff', '891973346cfffff', '8919733716fffff', '891973346d7ffff', '8919733716bffff', '891973346cbffff', '89197334613ffff', '89197337167ffff', '8919733469bffff', '8919733468fffff', '89197337163ffff', '89197334683ffff'}",1.0,7.0
89197334807ffff,"{'89197334817ffff', '891973348abffff', '89197334873ffff', '891973348afffff', '89197334837ffff', '8919733481bffff', '89197334833ffff', '8919733480bffff', '8919733480fffff', '891973348bbffff', '8919733488fffff', '8919733483bffff', '89197334807ffff', '8919733482bffff', '89197334813ffff', '89197334877ffff', '89197334823ffff', '891973348a3ffff', '89197334803ffff'}",1.0,5.0
8919733486fffff,"{'8919733486fffff', '89197334b83ffff', '8919733486bffff', '89197334873ffff', '89197334bc3ffff', '89197334bd3ffff', '89197334bc7ffff', '89197334863ffff', '89197334b93ffff', '8919733487bffff', '89197334b8bffff', '89197334bdbffff', '8919733482bffff', '89197334bd7ffff', '89197334ab7ffff', '89197334aa7ffff', '89197334b9bffff', '89197334877ffff', '89197334867ffff'}",1.0,5.0
89197334873ffff,"{'8919733486fffff', '89197334847ffff', '8919733486bffff', '89197334873ffff', '89197334863ffff', '89197334843ffff', '8919733487bffff', '8919733481bffff', '8919733480bffff', '8919733480fffff', '89197334857ffff', '89197334807ffff', '8919733483bffff', '8919733482bffff', '89197334ab7ffff', '8919733484fffff', '89197334867ffff', '89197334877ffff', '89197334803ffff'}",1.0,4.0
89197334877ffff,"{'8919733486fffff', '89197334847ffff', '8919733486bffff', '89197334873ffff', '89197334863ffff', '89197334b93ffff', '8919733487bffff', '89197334833ffff', '8919733480bffff', '8919733480fffff', '8919733482fffff', '89197334807ffff', '8919733483bffff', '8919733482bffff', '89197334867ffff', '89197334877ffff', '89197334823ffff', '89197334803ffff', '89197334b9bffff'}",1.0,6.0
891973348afffff,"{'89197334817ffff', '891973348abffff', '891973349dbffff', '891973349d3ffff', '89197334d6bffff', '891973348afffff', '89197334837ffff', '89197334833ffff', '891973348bbffff', '89197334807ffff', '8919733483bffff', '891973348a7ffff', '891973348b7ffff', '891973348a3ffff', '891973348b3ffff', '89197334827ffff', '891973349cbffff', '89197334823ffff', '891973349c3ffff'}",2.0,3.0
891973348d3ffff,"{'89197334c6fffff', '89197334c6bffff', '89197334c67ffff', '891973348dbffff', '891973348d7ffff', '891973348c7ffff', '8919733488bffff', '89197334c63ffff', '89197334ea7ffff', '89197334ea3ffff', '891973348c3ffff', '891973348cfffff', '89197334c7bffff', '89197334eafffff', '8919733489bffff', '891973348cbffff', '891973348d3ffff', '89197334eb7ffff', '89197334e37ffff'}",4.0,7.0
89197334b9bffff,"{'8919733486fffff', '89197334b97ffff', '89197334b83ffff', '89197334b8fffff', '8919733486bffff', '89197334bc3ffff', '89197334bd3ffff', '89197334bc7ffff', '89197334863ffff', '89197334b93ffff', '89197334b8bffff', '8919733482fffff', '8919733482bffff', '89197334bd7ffff', '89197334b87ffff', '89197334b13ffff', '89197334867ffff', '89197334877ffff', '89197334b9bffff'}",2.0,4.0
89197334c33ffff,"{'89197334c2fffff', '89197334c3bffff', '89197334c0fffff', '89197334ddbffff', '89197334c77ffff', '89197334ca3ffff', '89197334cafffff', '89197334c27ffff', '89197334cabffff', '89197334ca7ffff', '89197334c07ffff', '89197334c2bffff', '89197334c37ffff', '89197334c33ffff', '89197334c23ffff', '89197334c17ffff', '89197334dcbffff', '89197334c03ffff', '89197334cbbffff'}",2.0,9.0
89197334c37ffff,"{'89197334c2fffff', '89197334c3bffff', '89197334ddbffff', '89197334ca3ffff', '89197334cafffff', '89197334d5bffff', '89197334dd3ffff', '89197334dcfffff', '89197334c27ffff', '89197334cabffff', '89197334ca7ffff', '89197334c07ffff', '89197334c2bffff', '89197334c37ffff', '89197334d53ffff', '89197334c23ffff', '89197334dc3ffff', '89197334dcbffff', '89197334c33ffff'}",3.0,7.0
89197334c3bffff,"{'89197334c2fffff', '89197334c67ffff', '89197334c3bffff', '89197334c0fffff', '89197334c77ffff', '89197334c0bffff', '89197334cafffff', '89197334893ffff', '89197334c27ffff', '89197334cabffff', '89197334c63ffff', '89197334c07ffff', '89197334c2bffff', '89197334c37ffff', '89197334c23ffff', '89197334c17ffff', '89197334c03ffff', '89197334c73ffff', '89197334c33ffff'}",1.0,7.0
89197334c77ffff,"{'89197334c6bffff', '89197334c6fffff', '89197334c2fffff', '89197334c67ffff', '89197334c3bffff', '89197334c0fffff', '89197334c0bffff', '89197334c77ffff', '89197334c47ffff', '89197334893ffff', '89197334c63ffff', '89197334c07ffff', '89197334c2bffff', '89197334c23ffff', '89197334c7bffff', '8919733489bffff', '89197334c03ffff', '89197334c73ffff', '89197334c33ffff'}",1.0,4.0
89197334c9bffff,"{'89197334cc7ffff', '89197334c13ffff', '89197336a77ffff', '89197334c8fffff', '89197336a6bffff', '89197334c9bffff', '89197336a67ffff', '89197334c8bffff', '89197334cd3ffff', '89197334c97ffff', '89197336a63ffff', '89197336a6fffff', '89197334cd7ffff', '89197334cc3ffff', '89197334c93ffff', '89197336a2fffff', '89197334c83ffff', '89197334c87ffff', '89197336a2bffff'}",2.0,5.0
89197334ca7ffff,"{'89197334ddbffff', '89197336b7bffff', '89197334ca3ffff', '89197336b6fffff', '89197334cafffff', '89197334dd3ffff', '89197336b63ffff', '89197334cabffff', '89197334ca7ffff', '89197334cb7ffff', '89197334c37ffff', '89197334dc3ffff', '89197334cb3ffff', '89197334dcbffff', '89197334cbbffff', '89197336b6bffff', '89197336b4fffff', '89197334dd7ffff', '89197334c33ffff'}",1.0,9.0
89197334cb7ffff,"{'89197334ddbffff', '89197336b7bffff', '89197334ca3ffff', '89197334cafffff', '89197334dd3ffff', '89197336b63ffff', '89197336b47ffff', '89197336b73ffff', '89197334cabffff', '89197334ca7ffff', '89197336b4bffff', '89197334cb7ffff', '89197336b43ffff', '89197334cb3ffff', '89197334cbbffff', '89197336b6bffff', '89197336b4fffff', '89197336b6fffff', '89197334c87ffff'}",2.0,4.0
89197334cbbffff,"{'89197334ca3ffff', '89197334c13ffff', '89197334cafffff', '89197334c8fffff', '89197334cabffff', '89197334ca7ffff', '89197334c8bffff', '89197334c07ffff', '89197336b4bffff', '89197334c97ffff', '89197334cb7ffff', '89197334c17ffff', '89197334cb3ffff', '89197334cbbffff', '89197334c03ffff', '89197336b4fffff', '89197334c33ffff', '89197334c83ffff', '89197334c87ffff'}",1.0,6.0
89197334cd3ffff,"{'89197334cc7ffff', '89197336a7bffff', '89197334cdbffff', '89197334c9bffff', '89197336a6bffff', '89197336a67ffff', '891973341b7ffff', '89197334c8bffff', '891973341a7ffff', '89197334cd3ffff', '89197334ccfffff', '89197336a63ffff', '89197336a6fffff', '891973341afffff', '89197334137ffff', '89197334cd7ffff', '89197334cc3ffff', '89197334ccbffff', '891973341a3ffff'}",1.0,4.0
89197334d3bffff,"{'89197334d3bffff', '89197334d07ffff', '89197334d0bffff', '89197334d63ffff', '89197334dabffff', '89197334d37ffff', '89197334d33ffff', '89197334dafffff', '89197334d23ffff', '89197334d73ffff', '89197334d2fffff', '89197334d03ffff', '89197334d67ffff', '89197334993ffff', '89197334d2bffff', '89197334d0fffff', '89197334d27ffff', '89197334d17ffff', '89197334d77ffff'}",1.0,2.0
89197334d67ffff,"{'89197334d6fffff', '89197334d3bffff', '8919733498bffff', '89197334d63ffff', '891973349d7ffff', '89197334d6bffff', '891973349d3ffff', '8919733499bffff', '89197334d23ffff', '89197334d73ffff', '89197334d2fffff', '89197334983ffff', '89197334997ffff', '89197334d7bffff', '89197334d67ffff', '89197334993ffff', '89197334d2bffff', '89197334d0fffff', '89197334d77ffff'}",1.0,2.0
89197334d83ffff,"{'89197334d13ffff', '89197334d97ffff', '89197334dc7ffff', '891946cb64bffff', '89197334d87ffff', '89197334db3ffff', '89197334d83ffff', '89197336b2fffff', '89197334d8bffff', '89197334d9bffff', '891946cb65bffff', '89197334d8fffff', '89197334dbbffff', '89197336b2bffff', '89197334d93ffff', '89197334dd7ffff', '89197336b67ffff', '89197336b6fffff', '89197334d17ffff'}",1.0,1.0
89197334e37ffff,"{'891973348dbffff', '89197334e07ffff', '89197334e3bffff', '89197334e2bffff', '89197334e37ffff', '89197334e27ffff', '8919733485bffff', '89197334eabffff', '89197334e33ffff', '89197334ea7ffff', '89197334ea3ffff', '891973348c3ffff', '891973348cfffff', '89197334853ffff', '891973348d3ffff', '89197334eafffff', '891973348cbffff', '89197334e2fffff', '89197334e23ffff'}",1.0,12.0
89197334e87ffff,"{'8919733412fffff', '89197334e8fffff', '89197334c4fffff', '89197334c4bffff', '89197334eabffff', '89197334c5bffff', '89197334e13ffff', '89197334ea3ffff', '89197334e83ffff', '89197334ebbffff', '89197334e93ffff', '89197334e97ffff', '89197334c43ffff', '89197334e8bffff', '89197334e17ffff', '89197334eb7ffff', '89197334e9bffff', '89197334e87ffff', '89197334eb3ffff'}",3.0,13.0
89197334e8fffff,"{'89197334e03ffff', '89197334ec7ffff', '89197334e07ffff', '89197334e1bffff', '89197334ed7ffff', '89197334e8fffff', '89197334c4bffff', '89197334eabffff', '89197334e13ffff', '89197334ea3ffff', '89197334e83ffff', '89197334ebbffff', '89197334e93ffff', '89197334e97ffff', '89197334e8bffff', '89197334e17ffff', '89197334e9bffff', '89197334e87ffff', '89197334eb3ffff'}",1.0,13.0
89197334ea3ffff,"{'89197334c6bffff', '891973348dbffff', '89197334e07ffff', '89197334e8fffff', '89197334c4fffff', '89197334c4bffff', '89197334eabffff', '89197334e33ffff', '89197334ea7ffff', '89197334ea3ffff', '89197334ebbffff', '891973348d3ffff', '89197334c7bffff', '89197334eafffff', '89197334e17ffff', '89197334eb7ffff', '89197334e87ffff', '89197334eb3ffff', '89197334e37ffff'}",2.0,18.0
89197334eabffff,"{'89197334e03ffff', '891973348dbffff', '89197334e07ffff', '89197334e3bffff', '89197334e0fffff', '89197334e8fffff', '89197334e37ffff', '89197334eabffff', '89197334e33ffff', '89197334ea7ffff', '89197334e13ffff', '89197334ea3ffff', '89197334ebbffff', '89197334eafffff', '89197334e17ffff', '89197334eb7ffff', '89197334e87ffff', '89197334eb3ffff', '89197334e23ffff'}",5.0,14.0
89197334ebbffff,"{'89197334e03ffff', '89197334e07ffff', '89197334e8fffff', '89197334c4fffff', '89197334c4bffff', '89197334eabffff', '89197334e33ffff', '89197334ea7ffff', '89197334e13ffff', '89197334ea3ffff', '89197334e83ffff', '89197334ebbffff', '89197334eafffff', '89197334e97ffff', '89197334e8bffff', '89197334e17ffff', '89197334eb7ffff', '89197334e87ffff', '89197334eb3ffff'}",2.0,13.0
89197334ecfffff,"{'89197334e03ffff', '89197334e57ffff', '89197334ec7ffff', '89197334e53ffff', '89197334e1bffff', '89197334ed7ffff', '89197334ec3ffff', '89197334edbffff', '89197334ecfffff', '89197334e43ffff', '89197334e13ffff', '89197334327ffff', '89197334e5bffff', '89197334e8bffff', '89197334337ffff', '89197334ed3ffff', '89197334ecbffff', '89197334e47ffff', '89197334e0bffff'}",3.0,5.0
89197334edbffff,"{'89197334323ffff', '891973343afffff', '89197334ec7ffff', '89197334e53ffff', '89197334ed7ffff', '891973343a3ffff', '89197334ec3ffff', '89197334edbffff', '891973343abffff', '89197334ecfffff', '891973343b7ffff', '8919733416fffff', '89197334333ffff', '89197334327ffff', '8919733416bffff', '89197334337ffff', '891973343a7ffff', '89197334ed3ffff', '89197334ecbffff'}",1.0,9.0
8919733502bffff,"{'89197335037ffff', '8919733502bffff', '89197335033ffff', '89197335393ffff', '8919733503bffff', '8919733502fffff', '89197335073ffff', '8919733539bffff', '89197335077ffff', '89197335397ffff', '89197335067ffff', '89197335007ffff', '89197335027ffff', '8919733506fffff', '89197335023ffff', '89197335063ffff', '8919733500fffff', '8919733515bffff', '89197335383ffff'}",1.0,33.0
8919733502fffff,"{'89197335037ffff', '8919733502bffff', '89197335033ffff', '8919733514bffff', '89197335393ffff', '8919733503bffff', '891973351cbffff', '8919733502fffff', '8919733539bffff', '89197335077ffff', '89197335397ffff', '89197335143ffff', '89197335153ffff', '89197335067ffff', '8919733515bffff', '89197335023ffff', '89197335387ffff', '89197335027ffff', '89197335383ffff'}",1.0,42.0
8919733504fffff,"{'8919733507bffff', '8919733504fffff', '8919733506bffff', '8919733500bffff', '891973352b3ffff', '89197335073ffff', '89197335043ffff', '89197335057ffff', '891973352b7ffff', '891973352bbffff', '89197335053ffff', '89197335287ffff', '891973352a3ffff', '891973352a7ffff', '8919733504bffff', '89197335047ffff', '89197335063ffff', '89197335297ffff', '8919733505bffff'}",5.0,8.0
89197335063ffff,"{'8919733507bffff', '8919733504fffff', '8919733502bffff', '891973353d7ffff', '8919733506bffff', '8919733500bffff', '89197335393ffff', '8919733503bffff', '89197335073ffff', '8919733539bffff', '89197335077ffff', '891973352b7ffff', '89197335067ffff', '8919733506fffff', '891973353d3ffff', '891973352a7ffff', '89197335047ffff', '89197335063ffff', '8919733500fffff'}",1.0,19.0
89197335067ffff,"{'8919733507bffff', '8919733502bffff', '891973353d7ffff', '8919733506bffff', '89197335393ffff', '8919733503bffff', '8919733502fffff', '89197335073ffff', '8919733539bffff', '89197335077ffff', '89197335397ffff', '89197335067ffff', '8919733506fffff', '89197335023ffff', '8919733538bffff', '891973353d3ffff', '89197335063ffff', '8919733500fffff', '89197335383ffff'}",1.0,34.0
89197335077ffff,"{'8919733507bffff', '8919733502bffff', '89197335033ffff', '8919733506bffff', '8919733500bffff', '89197335393ffff', '8919733503bffff', '8919733502fffff', '89197335073ffff', '8919733539bffff', '89197335077ffff', '89197335067ffff', '89197335007ffff', '89197335003ffff', '8919733506fffff', '89197335023ffff', '89197335047ffff', '89197335063ffff', '8919733500fffff'}",2.0,15.0
8919733507bffff,"{'8919733507bffff', '8919733504fffff', '8919733506bffff', '8919733500bffff', '891973352b3ffff', '89197335073ffff', '89197335043ffff', '89197335077ffff', '89197335057ffff', '891973352b7ffff', '89197335067ffff', '8919733506fffff', '891973352a3ffff', '891973353d3ffff', '891973352a7ffff', '8919733504bffff', '89197335047ffff', '89197335063ffff', '8919733500fffff'}",1.0,10.0
891973350abffff,"{'89197335037ffff', '891973350afffff', '891973350abffff', '8919733508fffff', '89197335013ffff', '89197335033ffff', '8919733503bffff', '891973350bbffff', '891973350a3ffff', '89197335007ffff', '891973350b7ffff', '89197335003ffff', '891973350b3ffff', '89197335017ffff', '89197335023ffff', '891973351dbffff', '891973350a7ffff', '8919733500fffff', '89197335087ffff'}",1.0,7.0
891973350afffff,"{'89197335037ffff', '891973350afffff', '891973350abffff', '89197335033ffff', '891973351cbffff', '8919733503bffff', '891973351c3ffff', '891973350a3ffff', '89197335007ffff', '891973350b7ffff', '891973350b3ffff', '89197335017ffff', '89197335023ffff', '891973351d3ffff', '891973351dbffff', '891973350a7ffff', '8919733556bffff', '891973350bbffff', '89197335027ffff'}",6.0,7.0
891973350cfffff,"{'89197335013ffff', '8919733500bffff', '891973350c3ffff', '89197335043ffff', '89197335627ffff', '891973350d7ffff', '891973350c7ffff', '89197335057ffff', '89197335053ffff', '89197335003ffff', '89197335637ffff', '891973350dbffff', '891973350d3ffff', '8919733508bffff', '891973350cfffff', '891973350cbffff', '89197335047ffff', '8919733505bffff', '8919733501bffff'}",1.0,10.0
891973350d3ffff,"{'891973356afffff', '89197335463ffff', '8919733546fffff', '891973356a3ffff', '891973350c3ffff', '891973350d7ffff', '891973350c7ffff', '891973356b7ffff', '891973356a7ffff', '8919733509bffff', '8919733547bffff', '8919733546bffff', '89197335637ffff', '891973350dbffff', '89197335467ffff', '891973350cfffff', '8919733508bffff', '891973350d3ffff', '891973350cbffff'}",3.0,15.0
891973350d7ffff,"{'89197335463ffff', '8919733546fffff', '89197335013ffff', '8919733508fffff', '891973350c3ffff', '891973350c7ffff', '891973350d7ffff', '891973356a7ffff', '8919733509bffff', '8919733546bffff', '891973350dbffff', '891973350d3ffff', '89197335467ffff', '891973350cfffff', '8919733508bffff', '891973350cbffff', '8919733501bffff', '89197335083ffff', '89197335093ffff'}",3.0,12.0
89197335103ffff,"{'89197335113ffff', '8919733518fffff', '8919733513bffff', '891973351cfffff', '89197335157ffff', '89197335117ffff', '89197335103ffff', '8919733510fffff', '89197335147ffff', '89197335133ffff', '89197335107ffff', '8919733511bffff', '891973351c7ffff', '891973351bbffff', '8919733518bffff', '89197335173ffff', '8919733510bffff', '89197335177ffff', '891973351abffff'}",3.0,16.0
89197335107ffff,"{'89197335113ffff', '8919733518fffff', '891973351afffff', '8919733513bffff', '891973351a3ffff', '8919733512bffff', '89197335123ffff', '89197335117ffff', '89197335103ffff', '8919733510fffff', '89197335133ffff', '89197335107ffff', '8919733511bffff', '891973351bbffff', '89197335173ffff', '8919733510bffff', '89197335137ffff', '89197335177ffff', '891973351abffff'}",1.0,14.0
8919733510bffff,"{'89197335113ffff', '8919733513bffff', '891973351cfffff', '89197335163ffff', '89197335157ffff', '8919733514fffff', '89197335103ffff', '89197335117ffff', '8919733510fffff', '89197335147ffff', '89197335107ffff', '891973351c7ffff', '8919733511bffff', '89197335143ffff', '89197335153ffff', '8919733517bffff', '89197335173ffff', '8919733510bffff', '89197335177ffff'}",5.0,17.0
8919733511bffff,"{'89197335113ffff', '8919733518fffff', '891973351cfffff', '89197335157ffff', '89197335117ffff', '89197335103ffff', '891973351cbffff', '891973351c3ffff', '8919733510fffff', '89197335147ffff', '891973351c7ffff', '89197335107ffff', '8919733511bffff', '89197335143ffff', '89197335153ffff', '8919733518bffff', '89197335173ffff', '8919733510bffff', '891973351d7ffff'}",2.0,16.0
8919733512bffff,"{'89197335127ffff', '8919733513bffff', '89197335e93ffff', '8919733512bffff', '89197335123ffff', '89197335163ffff', '8919733516fffff', '8919733510fffff', '89197335133ffff', '89197335107ffff', '89197335167ffff', '89197335c5bffff', '89197335e9bffff', '89197335173ffff', '89197335177ffff', '89197335e97ffff', '89197335137ffff', '89197335e83ffff', '8919733512fffff'}",2.0,11.0
8919733512fffff,"{'89197335127ffff', '8919733513bffff', '89197335ccbffff', '8919733512bffff', '89197335e93ffff', '89197335123ffff', '89197335c43ffff', '89197335133ffff', '89197335167ffff', '89197335c5bffff', '89197335e87ffff', '89197335e9bffff', '89197335c53ffff', '89197335177ffff', '89197335e97ffff', '89197335c4bffff', '89197335137ffff', '89197335e83ffff', '8919733512fffff'}",1.0,10.0
89197335157ffff,"{'89197335113ffff', '891973351cfffff', '89197335157ffff', '8919733514fffff', '89197335103ffff', '8919733514bffff', '891973351cbffff', '891973351c3ffff', '8919733510fffff', '89197335147ffff', '891973351c7ffff', '8919733511bffff', '89197335143ffff', '89197335153ffff', '8919733517bffff', '8919733515bffff', '89197335173ffff', '8919733510bffff', '89197335027ffff'}",4.0,15.0
89197335163ffff,"{'89197335ed3ffff', '89197335ed7ffff', '8919733513bffff', '8919733512bffff', '891973353b7ffff', '89197335e93ffff', '89197335163ffff', '891973353a7ffff', '8919733514fffff', '8919733516fffff', '8919733510fffff', '89197335147ffff', '8919733517bffff', '89197335167ffff', '89197335e9bffff', '89197335173ffff', '8919733510bffff', '89197335177ffff', '8919733516bffff'}",1.0,15.0
89197335167ffff,"{'89197335ed3ffff', '89197335ed7ffff', '8919733513bffff', '8919733512bffff', '89197335e93ffff', '89197335123ffff', '89197335163ffff', '89197335e8bffff', '8919733516fffff', '8919733510fffff', '8919733517bffff', '89197335167ffff', '89197335e9bffff', '89197335173ffff', '89197335177ffff', '89197335e97ffff', '89197335e83ffff', '8919733516bffff', '8919733512fffff'}",5.0,13.0
8919733516bffff,"{'89197335ed3ffff', '89197335ed7ffff', '891973353b7ffff', '891973353afffff', '891973353b3ffff', '89197335163ffff', '891973353a7ffff', '89197335ec3ffff', '89197335edbffff', '8919733514fffff', '8919733516fffff', '89197335147ffff', '8919733517bffff', '89197335167ffff', '89197335e9bffff', '89197335173ffff', '89197335177ffff', '8919733516bffff', '891973353a3ffff'}",1.0,24.0
89197335173ffff,"{'8919733513bffff', '891973353b7ffff', '8919733512bffff', '89197335163ffff', '89197335157ffff', '8919733514fffff', '89197335103ffff', '8919733516fffff', '8919733510fffff', '89197335147ffff', '89197335107ffff', '8919733511bffff', '89197335143ffff', '8919733517bffff', '89197335167ffff', '89197335173ffff', '8919733510bffff', '89197335177ffff', '8919733516bffff'}",1.0,25.0
89197335203ffff,"{'8919733520bffff', '8919733521bffff', '89197335247ffff', '89197335207ffff', '8919733520fffff', '8919733528bffff', '89197335203ffff', '89197335217ffff', '89197335233ffff', '8919733523bffff', '89197335277ffff', '891973352cfffff', '891973352bbffff', '891973352c7ffff', '8919733528fffff', '891973352abffff', '89197335273ffff', '89197335213ffff', '89197335257ffff'}",1.0,28.0
89197335207ffff,"{'891973352afffff', '8919733520bffff', '8919733521bffff', '89197335237ffff', '89197335207ffff', '8919733520fffff', '89197335203ffff', '89197335217ffff', '89197335233ffff', '8919733523bffff', '89197335277ffff', '891973352bbffff', '89197335223ffff', '8919733528fffff', '891973352abffff', '891973352a3ffff', '8919733522bffff', '89197335273ffff', '89197335213ffff'}",1.0,35.0
89197335223ffff,"{'891973352afffff', '8919733522fffff', '89197335237ffff', '89197335207ffff', '89197335353ffff', '8919733520fffff', '891973353cbffff', '89197335267ffff', '89197335233ffff', '8919733523bffff', '8919733535bffff', '89197335277ffff', '89197335223ffff', '89197322c93ffff', '89197322c97ffff', '89197335227ffff', '891973352abffff', '8919733522bffff', '891973353dbffff'}",9.0,44.0
89197335227ffff,"{'891973352afffff', '8919733522fffff', '89197335237ffff', '891973353cfffff', '89197335353ffff', '891973353cbffff', '89197335233ffff', '8919733534bffff', '8919733523bffff', '8919733535bffff', '89197335223ffff', '89197335343ffff', '89197322c93ffff', '89197322c97ffff', '89197335227ffff', '89197335357ffff', '8919733522bffff', '891973353c3ffff', '891973353dbffff'}",2.0,54.0
8919733522bffff,"{'8919733522fffff', '89197322c83ffff', '89197335237ffff', '89197335207ffff', '89197322c9bffff', '8919733520fffff', '89197335267ffff', '89197335233ffff', '8919733523bffff', '8919733535bffff', '89197335277ffff', '89197335223ffff', '89197335263ffff', '89197322c93ffff', '8919733526fffff', '89197322c97ffff', '89197335227ffff', '8919733522bffff', '89197335273ffff'}",1.0,42.0
8919733522fffff,"{'8919733522fffff', '89197322c83ffff', '89197335237ffff', '89197322c9bffff', '89197335353ffff', '89197322c87ffff', '891973353cbffff', '89197335267ffff', '89197335233ffff', '8919733534bffff', '8919733523bffff', '8919733535bffff', '89197335277ffff', '89197335223ffff', '89197335343ffff', '89197322c93ffff', '89197322c97ffff', '89197335227ffff', '8919733522bffff'}",4.0,43.0
89197335233ffff,"{'891973352afffff', '8919733522fffff', '89197335237ffff', '89197335207ffff', '8919733520fffff', '891973353cbffff', '89197335203ffff', '89197335217ffff', '89197335233ffff', '8919733523bffff', '89197335277ffff', '891973352bbffff', '89197335223ffff', '89197335227ffff', '891973352abffff', '891973352a3ffff', '8919733522bffff', '891973352a7ffff', '891973353dbffff'}",16.0,44.0
89197335237ffff,"{'891973352afffff', '8919733522fffff', '89197335237ffff', '89197335207ffff', '891973353cfffff', '89197335353ffff', '891973353cbffff', '89197335233ffff', '8919733523bffff', '8919733535bffff', '89197335223ffff', '89197335227ffff', '891973352abffff', '891973352a3ffff', '8919733522bffff', '891973353c3ffff', '891973353d3ffff', '891973352a7ffff', '891973353dbffff'}",2.0,50.0
8919733523bffff,"{'891973352afffff', '8919733522fffff', '8919733520bffff', '89197335237ffff', '89197335207ffff', '8919733520fffff', '89197335203ffff', '89197335267ffff', '89197335217ffff', '89197335233ffff', '89197335277ffff', '8919733523bffff', '89197335223ffff', '89197335263ffff', '89197322c93ffff', '89197335227ffff', '891973352abffff', '8919733522bffff', '89197335273ffff'}",4.0,40.0
89197335253ffff,"{'8919733520bffff', '8919733521bffff', '89197335247ffff', '89197322537ffff', '891973352c3ffff', '89197322197ffff', '891973352cfffff', '8919732252fffff', '891973352cbffff', '891973352c7ffff', '8919733524fffff', '8919733524bffff', '89197322527ffff', '89197335253ffff', '89197322523ffff', '8919733525bffff', '89197335243ffff', '891973352dbffff', '89197335257ffff'}",4.0,34.0
89197335283ffff,"{'89197335667ffff', '891973352b3ffff', '8919733528bffff', '89197335217ffff', '89197335293ffff', '8919733562bffff', '891973352bbffff', '891973352d7ffff', '891973352c7ffff', '8919733562fffff', '8919733528fffff', '89197335287ffff', '89197335283ffff', '8919733529bffff', '8919733566fffff', '8919733504bffff', '89197335297ffff', '89197335213ffff', '8919733505bffff'}",1.0,14.0
89197335293ffff,"{'8919733563bffff', '89197335667ffff', '8919733528bffff', '89197335627ffff', '89197335293ffff', '8919733562bffff', '89197335677ffff', '891973352d7ffff', '8919733562fffff', '8919733528fffff', '89197335287ffff', '89197335663ffff', '89197335283ffff', '8919733529bffff', '8919733566fffff', '8919733504bffff', '89197335623ffff', '89197335297ffff', '8919733505bffff'}",1.0,13.0
8919733529bffff,"{'89197335667ffff', '8919733566bffff', '891973352c3ffff', '8919733528bffff', '89197335293ffff', '8919733562bffff', '89197335677ffff', '891973352d7ffff', '891973352d3ffff', '891973352c7ffff', '8919733562fffff', '8919733528fffff', '89197335287ffff', '89197335663ffff', '89197335283ffff', '8919733529bffff', '8919733566fffff', '89197335297ffff', '89197335213ffff'}",8.0,13.0
891973352bbffff,"{'891973352afffff', '8919733504fffff', '89197335207ffff', '891973352b3ffff', '8919733528bffff', '89197335203ffff', '89197335217ffff', '89197335233ffff', '891973352b7ffff', '891973352bbffff', '8919733528fffff', '891973352abffff', '891973352a3ffff', '89197335283ffff', '89197335287ffff', '891973352a7ffff', '8919733504bffff', '89197335297ffff', '89197335213ffff'}",1.0,25.0
891973352cbffff,"{'8919733521bffff', '89197322537ffff', '891973352c3ffff', '891973225a7ffff', '891973352cfffff', '8919732252fffff', '891973352cbffff', '891973352d3ffff', '891973352d7ffff', '891973352c7ffff', '89197322533ffff', '89197322527ffff', '891973225afffff', '89197335253ffff', '89197322523ffff', '8919733525bffff', '89197335243ffff', '891973352dbffff', '89197335257ffff'}",14.0,33.0
891973352cfffff,"{'8919733520bffff', '8919733521bffff', '89197335247ffff', '89197322537ffff', '891973352c3ffff', '8919733528bffff', '89197335203ffff', '891973352cfffff', '891973352cbffff', '891973352d3ffff', '891973352d7ffff', '891973352c7ffff', '89197322527ffff', '89197335253ffff', '8919733525bffff', '89197335243ffff', '891973352dbffff', '89197335213ffff', '89197335257ffff'}",5.0,34.0
891973352dbffff,"{'89197322537ffff', '8919733566bffff', '891973352c3ffff', '891973225a3ffff', '891973225a7ffff', '891973352cfffff', '891973352cbffff', '891973352d7ffff', '891973352d3ffff', '891973352c7ffff', '891973225b7ffff', '89197322533ffff', '89197322527ffff', '891973225afffff', '891973225abffff', '89197335253ffff', '89197322523ffff', '8919733566fffff', '891973352dbffff'}",10.0,38.0
89197335303ffff,"{'89197335307ffff', '89197335313ffff', '8919733531bffff', '891973353c7ffff', '891973353cfffff', '89197335303ffff', '89197335317ffff', '8919733533bffff', '8919733530bffff', '89197335377ffff', '891973353bbffff', '891973353abffff', '89197335333ffff', '89197335357ffff', '8919733538bffff', '8919733530fffff', '89197335347ffff', '89197335373ffff', '8919733538fffff'}",1.0,58.0
89197335307ffff,"{'89197335307ffff', '89197335313ffff', '891973353afffff', '8919733531bffff', '89197335303ffff', '89197335337ffff', '89197335317ffff', '8919733533bffff', '8919733532bffff', '8919733530bffff', '89197335377ffff', '89197335323ffff', '891973353bbffff', '89197335373ffff', '891973353abffff', '89197335333ffff', '8919733530fffff', '891973353a3ffff', '8919733538fffff'}",4.0,65.0
89197335313ffff,"{'89197335307ffff', '8919733531bffff', '891973353c7ffff', '89197335313ffff', '891973353d7ffff', '891973353cfffff', '89197335303ffff', '89197335317ffff', '8919733539bffff', '8919733530bffff', '891973353bbffff', '891973353abffff', '89197335357ffff', '891973353c3ffff', '8919733538bffff', '8919733530fffff', '89197335387ffff', '89197335383ffff', '8919733538fffff'}",1.0,48.0
89197335317ffff,"{'89197335307ffff', '89197335313ffff', '891973353afffff', '891973353c7ffff', '8919733531bffff', '891973353b3ffff', '89197335303ffff', '89197335317ffff', '8919733533bffff', '8919733530bffff', '891973353bbffff', '891973353abffff', '89197335333ffff', '8919733538bffff', '8919733530fffff', '89197335387ffff', '89197335383ffff', '891973353a3ffff', '8919733538fffff'}",3.0,64.0
89197335323ffff,"{'89197322d97ffff', '89197335367ffff', '89197335307ffff', '89197335ecbffff', '891973353afffff', '89197335e5bffff', '89197322d93ffff', '89197335edbffff', '89197335337ffff', '8919733533bffff', '8919733532bffff', '89197335e53ffff', '89197335377ffff', '89197335323ffff', '891973353abffff', '8919733532fffff', '89197335333ffff', '8919733530fffff', '89197335327ffff'}",3.0,57.0
89197335327ffff,"{'89197322d97ffff', '89197335ecbffff', '891973353afffff', '89197335e5bffff', '89197322d93ffff', '89197335e43ffff', '89197335ec3ffff', '89197335edbffff', '89197335337ffff', '8919733533bffff', '8919733532bffff', '89197335e53ffff', '89197335e57ffff', '89197335323ffff', '8919733532fffff', '89197335333ffff', '89197335e4bffff', '89197335ecfffff', '89197335327ffff'}",5.0,40.0
8919733532bffff,"{'89197322d97ffff', '89197335367ffff', '89197335307ffff', '89197322d9bffff', '89197335e5bffff', '89197322d93ffff', '89197335337ffff', '8919733533bffff', '8919733532bffff', '89197335377ffff', '89197335323ffff', '8919733532fffff', '89197335333ffff', '8919733536fffff', '89197322d83ffff', '89197335363ffff', '8919733530fffff', '89197335327ffff', '89197335373ffff'}",4.0,55.0
89197335333ffff,"{'89197335307ffff', '89197335ecbffff', '891973353afffff', '891973353a7ffff', '89197335303ffff', '89197335edbffff', '89197335337ffff', '89197335317ffff', '8919733533bffff', '8919733532bffff', '89197335377ffff', '89197335323ffff', '891973353bbffff', '891973353abffff', '8919733532fffff', '89197335333ffff', '8919733530fffff', '89197335327ffff', '891973353a3ffff'}",8.0,59.0
8919733533bffff,"{'89197335367ffff', '89197335307ffff', '891973353afffff', '89197322d93ffff', '89197335303ffff', '89197335337ffff', '89197335317ffff', '8919733533bffff', '8919733532bffff', '8919733530bffff', '89197335377ffff', '89197335323ffff', '891973353abffff', '8919733532fffff', '89197335333ffff', '89197335363ffff', '8919733530fffff', '89197335327ffff', '89197335373ffff'}",3.0,74.0
89197335343ffff,"{'8919733522fffff', '8919733531bffff', '8919733537bffff', '891973353cfffff', '89197335353ffff', '89197322c87ffff', '891973353cbffff', '8919733534bffff', '8919733535bffff', '8919733530bffff', '89197335343ffff', '89197322c97ffff', '89197335227ffff', '89197335357ffff', '8919733534fffff', '89197322cb3ffff', '89197335347ffff', '89197322cb7ffff', '89197335373ffff'}",2.0,35.0
89197335347ffff,"{'8919733531bffff', '8919733537bffff', '891973353cfffff', '89197335353ffff', '89197335303ffff', '8919733534bffff', '8919733535bffff', '8919733530bffff', '89197335377ffff', '89197335343ffff', '89197335357ffff', '8919733534fffff', '89197335363ffff', '89197322cb3ffff', '8919733530fffff', '89197335347ffff', '89197322cb7ffff', '8919733536bffff', '89197335373ffff'}",7.0,47.0
8919733534fffff,"{'8919733537bffff', '89197335353ffff', '89197322c87ffff', '8919733534bffff', '8919733535bffff', '8919733530bffff', '89197335343ffff', '89197322c97ffff', '89197335357ffff', '8919733534fffff', '89197335363ffff', '89197322cb3ffff', '89197335347ffff', '89197322ca3ffff', '89197322cb7ffff', '89197322ca7ffff', '8919733536bffff', '89197335373ffff', '89197322cbbffff'}",5.0,49.0
89197335357ffff,"{'89197335313ffff', '8919733537bffff', '8919733531bffff', '891973353c7ffff', '891973353cfffff', '89197335353ffff', '89197335303ffff', '891973353cbffff', '8919733534bffff', '8919733535bffff', '8919733530bffff', '89197335343ffff', '89197335227ffff', '89197335357ffff', '8919733534fffff', '891973353c3ffff', '8919733530fffff', '89197335347ffff', '89197335373ffff'}",1.0,32.0
89197335363ffff,"{'89197335367ffff', '8919733537bffff', '89197322d9bffff', '89197322d93ffff', '8919733533bffff', '8919733532bffff', '8919733530bffff', '89197335377ffff', '89197322dd7ffff', '8919733534fffff', '8919733536fffff', '89197322dd3ffff', '89197335363ffff', '8919733530fffff', '89197335347ffff', '89197322cb7ffff', '89197322ca7ffff', '8919733536bffff', '89197335373ffff'}",11.0,61.0
89197335367ffff,"{'89197322d97ffff', '89197335367ffff', '8919733537bffff', '89197322d9bffff', '89197322d93ffff', '8919733533bffff', '8919733532bffff', '89197335377ffff', '89197335323ffff', '89197322dd7ffff', '8919733532fffff', '8919733536fffff', '89197322d8bffff', '89197322d83ffff', '89197335363ffff', '89197322dd3ffff', '8919733530fffff', '8919733536bffff', '89197335373ffff'}",2.0,55.0
8919733536bffff,"{'89197335367ffff', '8919733537bffff', '89197322d9bffff', '89197335377ffff', '89197322dd7ffff', '89197322ddbffff', '89197322cafffff', '8919733534fffff', '8919733536fffff', '89197335363ffff', '89197322cb3ffff', '89197322dd3ffff', '89197322dc3ffff', '89197322ca3ffff', '89197335347ffff', '89197322cb7ffff', '89197322ca7ffff', '8919733536bffff', '89197335373ffff'}",4.0,105.0
8919733536fffff,"{'89197335367ffff', '8919733537bffff', '89197322d9bffff', '89197322d93ffff', '8919733532bffff', '89197322dc7ffff', '89197335377ffff', '89197322dd7ffff', '89197322ddbffff', '89197322d8bffff', '8919733536fffff', '89197322d83ffff', '89197335363ffff', '89197322dd3ffff', '89197322dc3ffff', '89197322cb7ffff', '89197322ca7ffff', '8919733536bffff', '89197335373ffff'}",1.0,74.0
89197335373ffff,"{'89197335367ffff', '89197335307ffff', '8919733531bffff', '8919733537bffff', '89197335303ffff', '8919733533bffff', '8919733532bffff', '8919733530bffff', '89197335377ffff', '89197335343ffff', '89197335357ffff', '8919733534fffff', '8919733536fffff', '89197335363ffff', '8919733530fffff', '89197335347ffff', '89197322cb7ffff', '8919733536bffff', '89197335373ffff'}",3.0,54.0
89197335377ffff,"{'89197335367ffff', '89197335307ffff', '8919733537bffff', '89197322d9bffff', '89197322d93ffff', '89197335303ffff', '8919733533bffff', '8919733532bffff', '8919733530bffff', '89197335323ffff', '89197335377ffff', '8919733532fffff', '89197335333ffff', '8919733536fffff', '89197335363ffff', '8919733530fffff', '89197335347ffff', '8919733536bffff', '89197335373ffff'}",4.0,63.0
8919733537bffff,"{'89197335367ffff', '8919733537bffff', '8919733534bffff', '8919733530bffff', '89197335377ffff', '89197335343ffff', '89197335357ffff', '8919733534fffff', '8919733536fffff', '89197335363ffff', '89197322cb3ffff', '89197322dd3ffff', '8919733530fffff', '89197335347ffff', '89197322ca3ffff', '89197322cb7ffff', '89197322ca7ffff', '8919733536bffff', '89197335373ffff'}",2.0,53.0
89197335383ffff,"{'89197335313ffff', '891973353c7ffff', '891973353b3ffff', '8919733502bffff', '891973353d7ffff', '8919733514bffff', '89197335393ffff', '89197335317ffff', '8919733502fffff', '8919733539bffff', '89197335397ffff', '89197335067ffff', '891973353bbffff', '8919733506fffff', '8919733538bffff', '89197335387ffff', '8919733515bffff', '89197335383ffff', '8919733538fffff'}",2.0,52.0
89197335387ffff,"{'891973353b7ffff', '89197335313ffff', '891973353b3ffff', '8919733514fffff', '8919733514bffff', '89197335393ffff', '89197335317ffff', '8919733502fffff', '8919733539bffff', '89197335397ffff', '89197335143ffff', '891973353bbffff', '891973353abffff', '8919733538bffff', '89197335387ffff', '8919733515bffff', '89197335383ffff', '891973353a3ffff', '8919733538fffff'}",10.0,65.0
8919733538fffff,"{'89197335307ffff', '89197335313ffff', '891973353c7ffff', '8919733531bffff', '891973353b3ffff', '891973353d7ffff', '89197335303ffff', '8919733514bffff', '89197335393ffff', '89197335317ffff', '8919733539bffff', '89197335397ffff', '891973353bbffff', '891973353abffff', '8919733538bffff', '89197335387ffff', '89197335383ffff', '891973353a3ffff', '8919733538fffff'}",7.0,69.0
89197335393ffff,"{'8919733502bffff', '891973353d7ffff', '8919733514bffff', '89197335393ffff', '8919733503bffff', '8919733502fffff', '8919733539bffff', '89197335077ffff', '89197335397ffff', '89197335067ffff', '89197335027ffff', '8919733506fffff', '89197335023ffff', '8919733538bffff', '89197335063ffff', '89197335387ffff', '8919733515bffff', '89197335383ffff', '8919733538fffff'}",7.0,50.0
89197335397ffff,"{'891973353b3ffff', '8919733502bffff', '8919733514fffff', '8919733514bffff', '89197335393ffff', '8919733502fffff', '8919733539bffff', '89197335397ffff', '89197335143ffff', '89197335153ffff', '89197335067ffff', '89197335027ffff', '891973353bbffff', '89197335023ffff', '8919733538bffff', '89197335387ffff', '8919733515bffff', '89197335383ffff', '8919733538fffff'}",17.0,48.0
8919733539bffff,"{'89197335313ffff', '891973353c7ffff', '8919733502bffff', '891973353d7ffff', '8919733506bffff', '89197335393ffff', '8919733502fffff', '8919733539bffff', '89197335077ffff', '89197335397ffff', '89197335067ffff', '8919733506fffff', '891973353c3ffff', '8919733538bffff', '891973353d3ffff', '89197335063ffff', '89197335387ffff', '89197335383ffff', '8919733538fffff'}",1.0,53.0
891973353a3ffff,"{'89197335307ffff', '89197335ed3ffff', '891973353b7ffff', '891973353afffff', '891973353b3ffff', '891973353a7ffff', '8919733514fffff', '89197335edbffff', '8919733514bffff', '89197335337ffff', '89197335317ffff', '8919733517bffff', '891973353bbffff', '891973353abffff', '89197335333ffff', '89197335387ffff', '8919733516bffff', '891973353a3ffff', '8919733538fffff'}",5.0,58.0
891973353abffff,"{'89197335307ffff', '891973353b7ffff', '89197335313ffff', '891973353afffff', '891973353b3ffff', '891973353a7ffff', '89197335303ffff', '89197335edbffff', '89197335337ffff', '89197335317ffff', '8919733533bffff', '89197335323ffff', '891973353bbffff', '891973353abffff', '89197335333ffff', '8919733530fffff', '89197335387ffff', '891973353a3ffff', '8919733538fffff'}",10.0,65.0
891973353afffff,"{'89197335307ffff', '89197335ed3ffff', '891973353b7ffff', '89197335ecbffff', '891973353afffff', '891973353b3ffff', '891973353a7ffff', '89197335ec3ffff', '89197335edbffff', '89197335337ffff', '89197335317ffff', '8919733533bffff', '89197335323ffff', '891973353bbffff', '891973353abffff', '89197335333ffff', '89197335327ffff', '8919733516bffff', '891973353a3ffff'}",9.0,53.0
891973353b3ffff,"{'891973353b7ffff', '891973353afffff', '891973353b3ffff', '891973353a7ffff', '8919733514fffff', '8919733514bffff', '89197335317ffff', '89197335147ffff', '89197335397ffff', '89197335143ffff', '8919733517bffff', '891973353bbffff', '891973353abffff', '8919733515bffff', '89197335387ffff', '8919733516bffff', '89197335383ffff', '891973353a3ffff', '8919733538fffff'}",1.0,65.0
891973353c3ffff,"{'891973352afffff', '89197335313ffff', '891973353c7ffff', '8919733531bffff', '89197335237ffff', '891973353d7ffff', '8919733506bffff', '89197335353ffff', '891973353cfffff', '891973353cbffff', '8919733539bffff', '8919733506fffff', '89197335227ffff', '89197335357ffff', '891973353c3ffff', '8919733538bffff', '891973353d3ffff', '891973352a7ffff', '891973353dbffff'}",2.0,18.0
891973353cfffff,"{'89197335313ffff', '8919733531bffff', '891973353c7ffff', '89197335237ffff', '891973353d7ffff', '891973353cfffff', '89197335353ffff', '89197335303ffff', '891973353cbffff', '8919733535bffff', '8919733530bffff', '89197335343ffff', '89197335227ffff', '89197335357ffff', '891973353c3ffff', '8919733538bffff', '891973353d3ffff', '89197335347ffff', '891973353dbffff'}",6.0,27.0
891973353dbffff,"{'891973352afffff', '891973353c7ffff', '89197335237ffff', '891973353d7ffff', '8919733506bffff', '89197335353ffff', '891973353cfffff', '891973353cbffff', '89197335233ffff', '891973352b7ffff', '89197335223ffff', '8919733506fffff', '89197335227ffff', '891973352abffff', '891973352a3ffff', '891973353c3ffff', '891973353d3ffff', '891973352a7ffff', '891973353dbffff'}",3.0,40.0
8919733541bffff,"{'891973354c7ffff', '8919733548bffff', '89197335417ffff', '891973354c3ffff', '89197335457ffff', '89197335443ffff', '891973354d7ffff', '89197335453ffff', '8919733541bffff', '89197335473ffff', '8919733540bffff', '891973354cbffff', '891973354cfffff', '89197335447ffff', '89197335413ffff', '8919733540fffff', '8919733548fffff', '89197335403ffff', '89197335407ffff'}",9.0,16.0
8919733544bffff,"{'891973356bbffff', '89197335697ffff', '8919733568fffff', '89197335443ffff', '89197335457ffff', '891973356a3ffff', '89197335453ffff', '89197335687ffff', '89197335693ffff', '8919733092fffff', '8919733544bffff', '891973356b7ffff', '891973356b3ffff', '89197335447ffff', '8919733545bffff', '8919733547bffff', '89197335683ffff', '89197330927ffff', '8919733544fffff'}",3.0,3.0
89197335467ffff,"{'89197335463ffff', '8919733542fffff', '8919733546fffff', '89197335423ffff', '89197335477ffff', '891973350d7ffff', '89197335473ffff', '8919733542bffff', '8919733509bffff', '8919733540fffff', '8919733547bffff', '8919733546bffff', '891973350d3ffff', '8919733508bffff', '89197335467ffff', '8919733543bffff', '89197335097ffff', '89197335083ffff', '89197335093ffff'}",2.0,11.0
8919733546fffff,"{'89197335463ffff', '8919733546fffff', '89197335477ffff', '891973350c3ffff', '891973350d7ffff', '891973350c7ffff', '89197335473ffff', '891973356b7ffff', '8919733542bffff', '891973356a7ffff', '8919733509bffff', '8919733547bffff', '8919733546bffff', '891973350dbffff', '891973350d3ffff', '89197335467ffff', '8919733508bffff', '89197335083ffff', '89197335093ffff'}",3.0,11.0
8919733548bffff,"{'891973354c7ffff', '8919733548bffff', '89197335417ffff', '891973354c3ffff', '8919733549bffff', '891973354d7ffff', '89197337267ffff', '891973354bbffff', '8919733541bffff', '89197335493ffff', '891973354d3ffff', '891973354cfffff', '89197335413ffff', '8919733726fffff', '8919733548fffff', '89197335403ffff', '89197335497ffff', '89197335487ffff', '89197335483ffff'}",5.0,18.0
89197335493ffff,"{'8919733548bffff', '8919733722bffff', '8919733735bffff', '8919733549bffff', '891973354d7ffff', '8919733723bffff', '89197337263ffff', '89197337267ffff', '89197335493ffff', '89197337277ffff', '8919733726fffff', '8919733548fffff', '89197337223ffff', '89197335497ffff', '8919733734bffff', '8919733722fffff', '89197335487ffff', '89197337227ffff', '89197335483ffff'}",1.0,8.0
89197335497ffff,"{'8919733548bffff', '89197337353ffff', '8919733722bffff', '8919733735bffff', '8919733549bffff', '89197337267ffff', '8919733734fffff', '891973354bbffff', '891973354b3ffff', '89197335493ffff', '8919733548fffff', '89197337223ffff', '89197335497ffff', '8919733734bffff', '89197335487ffff', '8919733722fffff', '89197337227ffff', '89197337343ffff', '89197335483ffff'}",1.0,10.0
891973354a7ffff,"{'8919733736fffff', '891973354afffff', '89197337363ffff', '89197335437ffff', '891973355cbffff', '8919733736bffff', '8919733734fffff', '891973354bbffff', '89197335433ffff', '891973354b3ffff', '891973354abffff', '891973354b7ffff', '891973355d7ffff', '891973355dbffff', '891973355d3ffff', '891973354a7ffff', '891973355c3ffff', '8919733737bffff', '891973354a3ffff'}",1.0,2.0
891973354c3ffff,"{'891973354c7ffff', '8919733548bffff', '891973354c3ffff', '891973309afffff', '89197335457ffff', '8919733549bffff', '891973354d7ffff', '891973354dbffff', '89197335453ffff', '8919733541bffff', '891973354d3ffff', '891973354cbffff', '891973354cfffff', '89197335413ffff', '8919733726fffff', '89197330937ffff', '89197330927ffff', '8919733726bffff', '891973309a7ffff'}",1.0,20.0
891973354c7ffff,"{'891973354c7ffff', '8919733548bffff', '89197335417ffff', '891973354c3ffff', '89197335457ffff', '8919733549bffff', '891973354d7ffff', '891973354dbffff', '89197335453ffff', '8919733541bffff', '8919733540bffff', '891973354d3ffff', '891973354cbffff', '891973354cfffff', '89197335413ffff', '8919733726fffff', '8919733548fffff', '89197335403ffff', '89197335483ffff'}",1.0,16.0
8919733550fffff,"{'8919733551bffff', '8919733553bffff', '89197335557ffff', '891973355abffff', '89197335507ffff', '89197335547ffff', '89197335517ffff', '8919733550fffff', '89197335523ffff', '89197335567ffff', '89197335513ffff', '89197335533ffff', '8919733550bffff', '89197335503ffff', '89197335577ffff', '8919733557bffff', '8919733552bffff', '89197335563ffff', '89197335573ffff'}",1.0,11.0
89197335517ffff,"{'8919733551bffff', '891973355b3ffff', '8919733553bffff', '891973355abffff', '89197335507ffff', '89197335583ffff', '89197335517ffff', '8919733550fffff', '89197335513ffff', '891973355afffff', '89197335533ffff', '8919733550bffff', '89197335503ffff', '89197335587ffff', '8919733558fffff', '8919733558bffff', '891973355c7ffff', '891973355bbffff', '891973355a3ffff'}",3.0,5.0
89197335523ffff,"{'89197335537ffff', '8919733553bffff', '891973355abffff', '89197335507ffff', '8919733425bffff', '891973342dbffff', '8919733550fffff', '8919733552fffff', '89197335197ffff', '89197335523ffff', '89197335193ffff', '89197335567ffff', '891973355afffff', '891973342cbffff', '89197335533ffff', '89197335577ffff', '8919733552bffff', '89197335527ffff', '89197334253ffff'}",5.0,58.0
89197335527ffff,"{'89197335537ffff', '8919733553bffff', '8919733425bffff', '891973342dbffff', '8919733552fffff', '89197335523ffff', '89197335197ffff', '89197335193ffff', '89197334243ffff', '8919733424bffff', '891973342cfffff', '891973355afffff', '89197335533ffff', '891973342cbffff', '89197334257ffff', '8919733552bffff', '891973342c3ffff', '89197335527ffff', '89197334253ffff'}",14.0,59.0
8919733552fffff,"{'89197335537ffff', '8919733553bffff', '8919733425bffff', '89197335197ffff', '89197335523ffff', '8919733552fffff', '89197335193ffff', '89197334243ffff', '8919733424bffff', '89197335187ffff', '89197335567ffff', '89197335533ffff', '891973342cbffff', '8919733519bffff', '89197335577ffff', '89197335183ffff', '8919733552bffff', '89197335527ffff', '89197334253ffff'}",15.0,57.0
89197335557ffff,"{'8919733551bffff', '89197335553ffff', '89197335557ffff', '89197335547ffff', '891973355cbffff', '8919733554bffff', '8919733550fffff', '89197335427ffff', '89197335543ffff', '89197335513ffff', '8919733550bffff', '89197335503ffff', '8919733554fffff', '8919733557bffff', '891973355c3ffff', '8919733555bffff', '891973355c7ffff', '891973355cfffff', '89197335573ffff'}",1.0,3.0
89197335573ffff,"{'8919733551bffff', '8919733553bffff', '89197335557ffff', '89197335507ffff', '89197335547ffff', '8919733550fffff', '8919733556fffff', '89197335567ffff', '89197335543ffff', '8919733550bffff', '89197335503ffff', '8919733554fffff', '89197335577ffff', '891973350b7ffff', '8919733557bffff', '8919733552bffff', '8919733556bffff', '89197335563ffff', '89197335573ffff'}",1.0,3.0
89197335587ffff,"{'89197335597ffff', '89197335593ffff', '8919733559bffff', '891973355b3ffff', '891973355abffff', '8919733464bffff', '89197335583ffff', '89197335517ffff', '8919733732fffff', '891973355b7ffff', '89197335513ffff', '8919733464fffff', '89197334643ffff', '89197335587ffff', '8919733558fffff', '8919733558bffff', '891973355bbffff', '8919733465bffff', '891973355a3ffff'}",1.0,6.0
891973355dbffff,"{'8919733736fffff', '89197335553ffff', '891973354afffff', '89197335437ffff', '89197335423ffff', '891973355cbffff', '8919733736bffff', '89197335433ffff', '891973354abffff', '891973354b7ffff', '89197335427ffff', '891973355d7ffff', '891973355dbffff', '891973355d3ffff', '891973354a7ffff', '891973355c3ffff', '891973355c7ffff', '891973355cfffff', '891973354a3ffff'}",1.0,2.0
89197335633ffff,"{'8919733563bffff', '891973356afffff', '8919733560fffff', '891973356bbffff', '891973356a3ffff', '89197335627ffff', '891973356abffff', '8919733562bffff', '89197335677ffff', '89197335633ffff', '89197335607ffff', '891973356a7ffff', '8919733562fffff', '89197335637ffff', '891973350dbffff', '89197335603ffff', '89197335617ffff', '89197335623ffff', '891973350cbffff'}",3.0,6.0
89197335637ffff,"{'8919733563bffff', '891973356afffff', '891973356a3ffff', '891973350c3ffff', '89197335627ffff', '891973356abffff', '8919733562bffff', '89197335633ffff', '89197335053ffff', '89197335607ffff', '891973356a7ffff', '8919733562fffff', '89197335637ffff', '891973350dbffff', '891973350d3ffff', '891973350cfffff', '89197335623ffff', '891973350cbffff', '8919733505bffff'}",3.0,10.0
8919733566fffff,"{'89197335667ffff', '8919733566bffff', '891973352c3ffff', '8919733528bffff', '89197335293ffff', '891973225a7ffff', '8919733562bffff', '89197335677ffff', '8919733567bffff', '891973352d7ffff', '891973352d3ffff', '891973352c7ffff', '891973225b7ffff', '89197335663ffff', '89197335283ffff', '8919733529bffff', '8919733566fffff', '891973352dbffff', '89197335673ffff'}",3.0,23.0
8919733580fffff,"{'8919733581bffff', '89197335833ffff', '8919733582bffff', '891973358abffff', '89197335807ffff', '89197335877ffff', '8919733580fffff', '89197335873ffff', '89197335847ffff', '89197335857ffff', '89197335867ffff', '89197335803ffff', '89197335823ffff', '89197335817ffff', '89197335863ffff', '89197335813ffff', '8919733587bffff', '8919733580bffff', '8919733583bffff'}",2.0,9.0
89197335823ffff,"{'89197335833ffff', '8919733595bffff', '89197335827ffff', '8919733582bffff', '8919733582fffff', '89197335b93ffff', '891973358abffff', '89197335807ffff', '89197335877ffff', '891973358afffff', '8919733580fffff', '891973359cbffff', '89197335837ffff', '89197335867ffff', '89197335823ffff', '89197335b97ffff', '89197335953ffff', '891973359dbffff', '8919733583bffff'}",1.0,10.0
89197335837ffff,"{'891973358a7ffff', '891973359cfffff', '891973359c3ffff', '89197335833ffff', '8919733595bffff', '89197335827ffff', '8919733582bffff', '8919733582fffff', '891973358abffff', '89197335807ffff', '891973358afffff', '89197335837ffff', '891973359cbffff', '891973358a3ffff', '89197335823ffff', '89197335953ffff', '891973359d3ffff', '891973359dbffff', '8919733583bffff'}",1.0,2.0
8919733585bffff,"{'89197335e27ffff', '89197335a93ffff', '89197335a97ffff', '89197335e2bffff', '89197335a87ffff', '89197335853ffff', '891973358cfffff', '89197335843ffff', '89197335e23ffff', '8919733585bffff', '89197335ab3ffff', '89197335a83ffff', '89197335847ffff', '89197335e37ffff', '89197335857ffff', '89197335e2fffff', '8919733584bffff', '891973358cbffff', '8919733584fffff'}",1.0,15.0
89197335877ffff,"{'8919733586fffff', '89197335833ffff', '8919733582bffff', '8919733582fffff', '89197335b93ffff', '89197335807ffff', '89197335b9bffff', '89197335877ffff', '8919733580fffff', '89197335873ffff', '89197335847ffff', '8919733586bffff', '89197335803ffff', '89197335823ffff', '89197335867ffff', '89197335863ffff', '8919733587bffff', '8919733580bffff', '8919733583bffff'}",6.0,12.0
891973358c3ffff,"{'89197335e27ffff', '8919733581bffff', '89197335c6bffff', '89197335853ffff', '891973358cfffff', '89197335eafffff', '891973358d7ffff', '891973358c3ffff', '891973358dbffff', '89197335ea7ffff', '8919733588bffff', '89197335c6fffff', '89197335e37ffff', '891973358cbffff', '89197335857ffff', '891973358d3ffff', '89197335813ffff', '891973358c7ffff', '8919733589bffff'}",1.0,9.0
891973358c7ffff,"{'8919733581bffff', '89197335853ffff', '891973358cfffff', '891973358d7ffff', '891973358c3ffff', '891973358dbffff', '8919733588bffff', '89197335c6fffff', '8919733588fffff', '891973358cbffff', '89197335857ffff', '891973358d3ffff', '89197335803ffff', '89197335817ffff', '89197335813ffff', '8919733589bffff', '891973358c7ffff', '89197335883ffff', '8919733580bffff'}",3.0,9.0
891973358d7ffff,"{'89197335893ffff', '8919733581bffff', '89197335c6bffff', '89197335c67ffff', '891973358cfffff', '891973358d7ffff', '89197335c63ffff', '891973358c3ffff', '891973358dbffff', '8919733588bffff', '89197335c6fffff', '89197335ea7ffff', '8919733588fffff', '891973358cbffff', '891973358d3ffff', '89197335813ffff', '891973358c7ffff', '8919733589bffff', '89197335883ffff'}",3.0,10.0
89197335a13ffff,"{'89197335a13ffff', '89197335ac3ffff', '89197335a17ffff', '89197335a87ffff', '89197335a57ffff', '89197335a07ffff', '89197335abbffff', '89197335acfffff', '89197335aabffff', '89197335a83ffff', '89197335a0fffff', '89197335ad7ffff', '89197335a9bffff', '89197335a8bffff', '89197335a1bffff', '89197335a03ffff', '89197335a8fffff', '89197335ac7ffff', '89197335a0bffff'}",1.0,28.0
89197335a2fffff,"{'89197335a23ffff', '89197335a27ffff', '89197335a33ffff', '89197335bcbffff', '89197335b43ffff', '89197335a37ffff', '8919732749bffff', '89197335b5bffff', '89197335a77ffff', '89197327497ffff', '89197327483ffff', '89197327493ffff', '89197335b4bffff', '89197335a3bffff', '89197335b53ffff', '89197327487ffff', '89197335a67ffff', '89197335a2bffff', '89197335a2fffff'}",1.0,2.0
89197335a53ffff,"{'89197335ac3ffff', '89197335a57ffff', '89197322997ffff', '89197335adbffff', '89197335acfffff', '89197335a5bffff', '89197322d27ffff', '89197335acbffff', '89197322d23ffff', '89197335a53ffff', '89197322d2fffff', '89197335a47ffff', '89197335a1bffff', '89197322d37ffff', '89197335a4bffff', '89197335a43ffff', '89197335ac7ffff', '89197335a0bffff', '89197335a4fffff'}",4.0,12.0
89197335a5bffff,"{'89197322987ffff', '89197335a57ffff', '89197322997ffff', '89197335acfffff', '89197335a5bffff', '89197322d27ffff', '89197335acbffff', '89197335a53ffff', '89197322d23ffff', '89197322d2fffff', '89197335a47ffff', '89197322983ffff', '89197322d2bffff', '89197322d37ffff', '89197322993ffff', '89197335a4bffff', '89197335a43ffff', '891973229b3ffff', '89197335a4fffff'}",2.0,19.0
89197335a63ffff,"{'891973229b7ffff', '891973274d7ffff', '89197335a73ffff', '8919732749bffff', '891973229a7ffff', '89197335a6bffff', '89197335a77ffff', '89197335a0fffff', '89197335a6fffff', '89197335a7bffff', '89197335a47ffff', '89197327493ffff', '89197335a3bffff', '89197335a67ffff', '891973274d3ffff', '89197335a63ffff', '89197335a2bffff', '89197335a0bffff', '89197335a4fffff'}",3.0,6.0
89197335a67ffff,"{'89197335a23ffff', '891973274d7ffff', '89197335a73ffff', '8919732749bffff', '89197335a6bffff', '8919732748bffff', '89197335a77ffff', '89197335a0fffff', '89197335a6fffff', '89197327497ffff', '89197327483ffff', '89197335a7bffff', '89197327493ffff', '89197335a3bffff', '891973274d3ffff', '89197335a67ffff', '89197335a63ffff', '89197335a2bffff', '89197335a2fffff'}",1.0,8.0
89197335a7bffff,"{'891973229b7ffff', '89197335a57ffff', '89197335a73ffff', '891973229a7ffff', '89197335a6bffff', '89197335a77ffff', '89197335a0fffff', '89197335a6fffff', '891973229a3ffff', '89197335a7bffff', '89197335a47ffff', '89197335a4bffff', '891973274d3ffff', '89197335a67ffff', '89197335a43ffff', '89197335a63ffff', '891973229b3ffff', '89197335a0bffff', '89197335a4fffff'}",2.0,6.0
89197335a83ffff,"{'89197335a13ffff', '89197335a93ffff', '89197335e67ffff', '89197335a97ffff', '89197335e6fffff', '89197335e2bffff', '89197335a17ffff', '89197335a87ffff', '89197335abbffff', '8919733585bffff', '89197335ab3ffff', '89197335a83ffff', '89197335ad7ffff', '89197335e2fffff', '89197335a9bffff', '8919733584bffff', '89197335a8bffff', '89197335a8fffff', '89197335ac7ffff'}",13.0,30.0
89197335a8fffff,"{'89197335a13ffff', '89197335a93ffff', '89197335a97ffff', '89197335a17ffff', '89197335a87ffff', '89197335a07ffff', '89197335abbffff', '89197335aabffff', '89197335ab3ffff', '89197335a83ffff', '89197335ad7ffff', '89197335aa3ffff', '89197335a9bffff', '8919733584bffff', '89197335a8bffff', '89197335a1bffff', '89197335a03ffff', '89197335a8fffff', '89197335ac7ffff'}",12.0,29.0
89197335a93ffff,"{'89197335e27ffff', '89197335a93ffff', '89197335e77ffff', '89197335e67ffff', '89197335a97ffff', '89197335e6fffff', '89197335e2bffff', '89197335a87ffff', '89197335e3bffff', '89197335e23ffff', '8919733585bffff', '89197335a83ffff', '89197335ad7ffff', '89197335e2fffff', '89197335a9bffff', '8919733584bffff', '89197335a8bffff', '89197335a8fffff', '89197335e63ffff'}",1.0,29.0
89197335ab7ffff,"{'89197335ab7ffff', '8919733586fffff', '89197335aafffff', '89197335a87ffff', '89197335aa7ffff', '89197335abbffff', '89197335843ffff', '89197335aabffff', '89197335ab3ffff', '89197335873ffff', '89197335847ffff', '89197335aa3ffff', '8919733586bffff', '8919733584bffff', '89197335863ffff', '8919733587bffff', '89197335bd3ffff', '89197335bdbffff', '8919733584fffff'}",1.0,1.0
89197335ad7ffff,"{'89197335a13ffff', '89197335ac3ffff', '89197335a93ffff', '89197335e67ffff', '89197335e6fffff', '89197335e6bffff', '89197322da7ffff', '89197335adbffff', '89197335acfffff', '89197335a83ffff', '89197335acbffff', '89197335ad7ffff', '89197335a9bffff', '89197335a8bffff', '89197335a1bffff', '89197335a8fffff', '89197335ac7ffff', '89197335e63ffff', '89197335ad3ffff'}",2.0,30.0
89197335adbffff,"{'89197335ac3ffff', '89197322dabffff', '89197335e6fffff', '89197322da3ffff', '89197335e6bffff', '89197322db7ffff', '89197322da7ffff', '89197335adbffff', '89197335acfffff', '89197322d27ffff', '89197335acbffff', '89197322d23ffff', '89197335a53ffff', '89197335ad7ffff', '89197322d37ffff', '89197322dafffff', '89197322d33ffff', '89197335ac7ffff', '89197335ad3ffff'}",1.0,8.0
89197335b2fffff,"{'891973266cbffff', '89197335b77ffff', '89197327583ffff', '89197326643ffff', '89197335b33ffff', '89197335b27ffff', '89197335b3bffff', '89197335b23ffff', '89197335b2fffff', '89197335b67ffff', '89197335b2bffff', '8919732664bffff', '8919732759bffff', '89197327597ffff', '89197335b37ffff', '8919732665bffff', '89197327593ffff', '89197327587ffff', '89197326653ffff'}",2.0,2.0
89197335b9bffff,"{'8919733586fffff', '89197335bd7ffff', '89197335bc7ffff', '89197335b8bffff', '8919733582bffff', '8919733582fffff', '89197335b93ffff', '89197335b9bffff', '89197335877ffff', '89197335b83ffff', '89197335b13ffff', '89197335b87ffff', '8919733586bffff', '89197335867ffff', '89197335bc3ffff', '89197335b97ffff', '89197335863ffff', '89197335bd3ffff', '89197335b8fffff'}",3.0,9.0
89197335c07ffff,"{'89197335c3bffff', '89197335c23ffff', '89197335cbbffff', '89197335c77ffff', '89197335c2bffff', '89197335c13ffff', '89197335c07ffff', '89197335c03ffff', '89197335c0bffff', '89197335c33ffff', '89197335c1bffff', '89197335c37ffff', '89197335cabffff', '89197335cafffff', '89197335c8fffff', '89197335c0fffff', '89197335ca3ffff', '89197335c17ffff', '89197335c73ffff'}",1.0,2.0
89197335c43ffff,"{'89197335eb3ffff', '89197335127ffff', '89197335c47ffff', '89197335ccbffff', '89197335c57ffff', '89197335c4fffff', '89197335c43ffff', '89197335c5bffff', '89197335e87ffff', '89197335eb7ffff', '89197335c0bffff', '89197335c53ffff', '89197335c1bffff', '89197335e97ffff', '89197335ccfffff', '89197335c4bffff', '89197335c73ffff', '8919733512fffff', '89197335c7bffff'}",2.0,3.0
89197335c63ffff,"{'89197335c3bffff', '89197335893ffff', '89197335c47ffff', '89197335c77ffff', '89197335c6bffff', '89197335c2bffff', '89197335c67ffff', '89197335c4fffff', '891973358d7ffff', '89197335c63ffff', '89197335eb7ffff', '89197335ea7ffff', '89197335c6fffff', '89197335c0bffff', '891973358d3ffff', '8919733589bffff', '89197335c0fffff', '89197335c73ffff', '89197335c7bffff'}",1.0,6.0
89197335c6fffff,"{'89197335893ffff', '89197335c77ffff', '89197335c6bffff', '89197335c2bffff', '89197335c67ffff', '891973358d7ffff', '89197335c63ffff', '891973358c3ffff', '89197335eb7ffff', '891973358dbffff', '89197335ea7ffff', '8919733588bffff', '89197335c6fffff', '891973358d3ffff', '8919733589bffff', '891973358c7ffff', '89197335883ffff', '89197335c73ffff', '89197335c7bffff'}",2.0,10.0
89197335c93ffff,"{'8919733423bffff', '89197334227ffff', '89197334223ffff', '89197334263ffff', '8919733435bffff', '89197335cd7ffff', '89197334277ffff', '89197335c9bffff', '8919733422bffff', '89197334267ffff', '89197335c8bffff', '89197335c97ffff', '8919733422fffff', '8919733426fffff', '89197335c8fffff', '8919733434bffff', '89197335c87ffff', '89197335c93ffff', '89197335c83ffff'}",4.0,9.0
89197335c97ffff,"{'89197335cbbffff', '89197334353ffff', '89197334227ffff', '89197334223ffff', '8919733435bffff', '89197335c9bffff', '8919733422bffff', '89197334267ffff', '89197335c8bffff', '8919733434fffff', '89197335c97ffff', '8919733422fffff', '89197335c8fffff', '8919733434bffff', '89197335c87ffff', '89197335cb3ffff', '89197335c93ffff', '89197335c83ffff', '89197334343ffff'}",1.0,9.0
89197335ca3ffff,"{'89197335cbbffff', '89197335ca7ffff', '89197335dd3ffff', '8919733436bffff', '8919733434fffff', '8919733437bffff', '89197335c07ffff', '89197335cb7ffff', '89197335c33ffff', '89197335c37ffff', '89197335cabffff', '89197335cafffff', '89197335c8fffff', '8919733434bffff', '89197335c87ffff', '89197335cb3ffff', '89197335c17ffff', '89197335ddbffff', '89197335ca3ffff'}",1.0,4.0
89197335cb3ffff,"{'89197335cbbffff', '89197335cb3ffff', '89197335ca7ffff', '8919733435bffff', '89197334347ffff', '8919733436bffff', '8919733434fffff', '8919733437bffff', '89197335c97ffff', '89197335cb7ffff', '89197335cabffff', '89197335cafffff', '89197335c8fffff', '8919733434bffff', '89197335c87ffff', '89197335ca3ffff', '89197335c17ffff', '89197335c83ffff', '89197334343ffff'}",1.0,4.0
89197335cb7ffff,"{'89197335cbbffff', '89197335ca7ffff', '8919733436fffff', '89197334347ffff', '89197335dd3ffff', '8919733436bffff', '8919733434fffff', '8919733437bffff', '89197335cb7ffff', '89197335cabffff', '89197335cafffff', '8919733434bffff', '89197334363ffff', '89197335c87ffff', '89197335cb3ffff', '89197334373ffff', '89197334343ffff', '89197335ddbffff', '89197335ca3ffff'}",1.0,3.0
89197335d73ffff,"{'89197335d6bffff', '89197335d7bffff', '89197335d1bffff', '89197335d03ffff', '89197335d73ffff', '89197335d43ffff', '89197335d77ffff', '89197335d0bffff', '89197335d67ffff', '89197335d3bffff', '89197335d0fffff', '89197335d2bffff', '89197335d63ffff', '89197335d07ffff', '89197335d4fffff', '89197335d6fffff', '89197335d47ffff', '891973358b7ffff', '89197335d57ffff'}",1.0,3.0
89197335d7bffff,"{'89197335d6bffff', '891973358a7ffff', '89197335d7bffff', '89197335d73ffff', '89197335d43ffff', '89197335d77ffff', '89197335d0bffff', '89197335d67ffff', '891973358b3ffff', '89197335d4bffff', '891973358a3ffff', '89197335d0fffff', '89197335d63ffff', '89197335d4fffff', '89197335d6fffff', '89197335d47ffff', '891973359d3ffff', '891973358b7ffff', '89197335d57ffff'}",2.0,3.0
89197335d83ffff,"{'89197335d97ffff', '89197335d93ffff', '89197335d8fffff', '8919733436fffff', '8919733432bffff', '89197334e4bffff', '89197335d83ffff', '89197335d13ffff', '89197335dc7ffff', '8919733432fffff', '89197335d8bffff', '89197334367ffff', '89197335d87ffff', '89197335d9bffff', '89197335d17ffff', '89197334e5bffff', '89197335dbbffff', '89197335db3ffff', '89197335dd7ffff'}",1.0,1.0
89197335e0bffff,"{'89197335ec7ffff', '89197335e77ffff', '89197335e03ffff', '89197335e73ffff', '89197335e4fffff', '89197335e43ffff', '89197335e3bffff', '89197335e47ffff', '89197335e17ffff', '89197335e0bffff', '89197335e53ffff', '89197335e57ffff', '89197335e07ffff', '89197335e0fffff', '89197335e7bffff', '89197335e1bffff', '89197335ecfffff', '89197335e63ffff', '89197335e13ffff'}",3.0,7.0
89197335e17ffff,"{'89197335e33ffff', '89197335ec7ffff', '89197335eb3ffff', '89197335e03ffff', '89197335eabffff', '89197335e8bffff', '89197335e3bffff', '89197335eafffff', '89197335e17ffff', '89197335e0bffff', '89197335e8fffff', '89197335e87ffff', '89197335e07ffff', '89197335ebbffff', '89197335ea3ffff', '89197335e0fffff', '89197335e1bffff', '89197335e83ffff', '89197335e13ffff'}",1.0,6.0
89197335e4fffff,"{'89197322d97ffff', '89197322db3ffff', '89197322d87ffff', '89197335e73ffff', '89197322da3ffff', '89197335e5bffff', '89197335e4fffff', '89197335e43ffff', '89197335e6bffff', '89197322dbbffff', '89197322db7ffff', '89197322da7ffff', '89197335e47ffff', '89197335e0bffff', '89197335e53ffff', '89197335e57ffff', '89197335e4bffff', '89197335e7bffff', '89197335e63ffff'}",1.0,9.0
89197335e57ffff,"{'89197335ec7ffff', '89197335ecbffff', '89197335e03ffff', '89197335e4fffff', '89197335e73ffff', '89197335e5bffff', '89197335e43ffff', '89197335ec3ffff', '89197335e47ffff', '89197335e0bffff', '89197335e53ffff', '89197335e57ffff', '89197335e4bffff', '89197335e7bffff', '89197335e0fffff', '89197335e1bffff', '89197335ecfffff', '89197335327ffff', '89197335e13ffff'}",2.0,13.0
89197335e5bffff,"{'89197322d97ffff', '89197322db3ffff', '89197335ecbffff', '89197322d87ffff', '89197335e4fffff', '89197335e5bffff', '89197322d93ffff', '89197335e43ffff', '89197335337ffff', '89197335e47ffff', '8919733532bffff', '89197335e53ffff', '89197335e57ffff', '89197335323ffff', '8919733532fffff', '89197335e4bffff', '89197322d83ffff', '89197335ecfffff', '89197335327ffff'}",1.0,21.0
89197335e8bffff,"{'89197335ec7ffff', '89197335ed3ffff', '89197335ed7ffff', '89197335e93ffff', '89197335e03ffff', '89197335ec3ffff', '89197335e8bffff', '8919733516fffff', '89197335e17ffff', '89197335e8fffff', '89197335167ffff', '89197335e87ffff', '89197335ebbffff', '89197335e9bffff', '89197335e97ffff', '89197335e1bffff', '89197335ecfffff', '89197335e83ffff', '89197335e13ffff'}",2.0,9.0
89197335ec3ffff,"{'89197335ec7ffff', '89197335ed3ffff', '89197335ed7ffff', '89197335ecbffff', '891973353afffff', '891973353a7ffff', '89197335ec3ffff', '89197335edbffff', '89197335e8bffff', '89197335337ffff', '8919733516fffff', '89197335e53ffff', '89197335e57ffff', '89197335e9bffff', '89197335327ffff', '89197335e1bffff', '89197335ecfffff', '8919733516bffff', '89197335e13ffff'}",1.0,20.0
89197336003ffff,"{'8919733601bffff', '89197336047ffff', '89197336057ffff', '89197336033ffff', '8919733600bffff', '891973360cfffff', '8919733608bffff', '89197336003ffff', '89197336013ffff', '89197336077ffff', '891973360c7ffff', '891973360bbffff', '8919733603bffff', '89197336007ffff', '89197336017ffff', '89197336073ffff', '8919733608fffff', '8919733600fffff', '891973360abffff'}",2.0,28.0
89197336007ffff,"{'8919733601bffff', '8919733602bffff', '89197336033ffff', '8919733600bffff', '891973360afffff', '89197336003ffff', '89197336013ffff', '89197336077ffff', '891973360bbffff', '8919733603bffff', '89197336017ffff', '89197336007ffff', '8919733600fffff', '89197336073ffff', '891973360a3ffff', '8919733608fffff', '89197336023ffff', '891973360abffff', '89197336037ffff'}",1.0,30.0
8919733600fffff,"{'8919733601bffff', '89197336047ffff', '8919733602bffff', '89197336057ffff', '89197336033ffff', '8919733600bffff', '8919733607bffff', '89197336003ffff', '89197336013ffff', '89197336077ffff', '89197336067ffff', '8919733603bffff', '89197336007ffff', '89197336017ffff', '89197336063ffff', '8919733600fffff', '89197336073ffff', '89197336023ffff', '891973360abffff'}",1.0,32.0
8919733601bffff,"{'8919733601bffff', '891973360d7ffff', '89197336047ffff', '89197336057ffff', '8919733600bffff', '891973360cfffff', '8919733608bffff', '89197336043ffff', '89197336003ffff', '89197336013ffff', '891973360c7ffff', '89197336053ffff', '89197336007ffff', '89197336017ffff', '891973360c3ffff', '891973360cbffff', '89197336073ffff', '8919733608fffff', '8919733600fffff'}",7.0,13.0
8919733602bffff,"{'8919733602bffff', '89197336033ffff', '89197336077ffff', '8919733639bffff', '89197336067ffff', '8919733602fffff', '8919733603bffff', '89197336007ffff', '89197336027ffff', '8919733606fffff', '89197336393ffff', '89197336063ffff', '89197336073ffff', '89197336023ffff', '8919733615bffff', '8919733600fffff', '89197336037ffff', '89197336383ffff', '89197336397ffff'}",3.0,24.0
89197336033ffff,"{'891973361dbffff', '891973361cbffff', '8919733602bffff', '89197336033ffff', '891973360afffff', '89197336003ffff', '89197336077ffff', '8919733602fffff', '891973360bbffff', '8919733603bffff', '89197336007ffff', '89197336017ffff', '89197336027ffff', '891973360a7ffff', '891973360a3ffff', '89197336023ffff', '8919733600fffff', '891973360abffff', '89197336037ffff'}",1.0,23.0
8919733603bffff,"{'8919733602bffff', '89197336033ffff', '8919733600bffff', '891973360afffff', '89197336003ffff', '89197336077ffff', '89197336067ffff', '8919733602fffff', '8919733603bffff', '89197336007ffff', '89197336017ffff', '89197336027ffff', '89197336393ffff', '89197336063ffff', '8919733600fffff', '89197336073ffff', '89197336023ffff', '891973360abffff', '89197336037ffff'}",13.0,25.0
89197336063ffff,"{'891973363d7ffff', '891973362a7ffff', '89197336047ffff', '8919733604fffff', '8919733602bffff', '8919733600bffff', '8919733607bffff', '89197336077ffff', '8919733639bffff', '891973363d3ffff', '89197336067ffff', '8919733606bffff', '8919733603bffff', '8919733606fffff', '89197336063ffff', '89197336073ffff', '8919733600fffff', '891973362b7ffff', '89197336393ffff'}",2.0,25.0
89197336077ffff,"{'89197336047ffff', '8919733602bffff', '89197336033ffff', '8919733600bffff', '8919733607bffff', '89197336003ffff', '89197336077ffff', '8919733639bffff', '89197336067ffff', '8919733602fffff', '8919733606bffff', '8919733603bffff', '89197336007ffff', '8919733606fffff', '89197336063ffff', '8919733600fffff', '89197336073ffff', '89197336023ffff', '89197336393ffff'}",2.0,26.0
891973360c3ffff,"{'8919733601bffff', '891973360d7ffff', '8919733646bffff', '891973366afffff', '8919733646fffff', '8919733609bffff', '89197336057ffff', '891973360cfffff', '8919733608bffff', '89197336637ffff', '89197336013ffff', '891973360dbffff', '891973360c7ffff', '891973360d3ffff', '89197336053ffff', '89197336627ffff', '891973360c3ffff', '891973360cbffff', '891973366a7ffff'}",1.0,18.0
891973360cfffff,"{'8919733601bffff', '891973360d7ffff', '89197336047ffff', '89197336057ffff', '8919733600bffff', '891973360cfffff', '8919733608bffff', '89197336043ffff', '89197336637ffff', '89197336003ffff', '89197336013ffff', '891973360dbffff', '891973360c7ffff', '891973360d3ffff', '89197336053ffff', '89197336627ffff', '891973360c3ffff', '891973360cbffff', '8919733605bffff'}",1.0,14.0
891973360dbffff,"{'891973366b7ffff', '891973360d7ffff', '8919733646bffff', '891973366a3ffff', '891973366afffff', '8919733646fffff', '891973360cfffff', '89197336637ffff', '89197336623ffff', '89197336633ffff', '891973360c7ffff', '891973360d3ffff', '891973360dbffff', '89197336053ffff', '89197336627ffff', '891973366abffff', '891973360c3ffff', '891973360cbffff', '891973366a7ffff'}",2.0,13.0
8919733616bffff,"{'8919733616bffff', '89197336edbffff', '8919733616fffff', '89197336ec3ffff', '89197336173ffff', '89197336177ffff', '89197336163ffff', '891973363b3ffff', '89197336ed3ffff', '89197336167ffff', '891973363afffff', '891973363a7ffff', '89197336e9bffff', '8919733617bffff', '891973363a3ffff', '89197336147ffff', '89197336ed7ffff', '8919733614fffff', '891973363b7ffff'}",6.0,39.0
8919733616fffff,"{'8919733612bffff', '8919733616bffff', '89197336e8bffff', '89197336edbffff', '8919733616fffff', '89197336ec3ffff', '89197336173ffff', '89197336177ffff', '89197336163ffff', '89197336ed3ffff', '89197336167ffff', '891973363a7ffff', '89197336e9bffff', '89197336ec7ffff', '8919733617bffff', '89197336e83ffff', '89197336e93ffff', '89197336ed7ffff', '891973363b7ffff'}",1.0,14.0
89197336207ffff,"{'8919733620fffff', '89197336273ffff', '89197336217ffff', '8919733623bffff', '8919733620bffff', '89197336233ffff', '89197336213ffff', '891973362abffff', '89197336203ffff', '8919733622bffff', '891973362a3ffff', '8919733621bffff', '89197336277ffff', '89197336223ffff', '891973362afffff', '89197336207ffff', '89197336237ffff', '891973362bbffff', '8919733628fffff'}",1.0,10.0
89197336213ffff,"{'8919733620fffff', '891973362cfffff', '89197336217ffff', '89197336257ffff', '8919733620bffff', '89197336287ffff', '89197336283ffff', '89197336213ffff', '891973362abffff', '89197336203ffff', '8919733628bffff', '8919733621bffff', '8919733629bffff', '891973362c3ffff', '89197336207ffff', '891973362c7ffff', '891973362bbffff', '891973362d7ffff', '8919733628fffff'}",2.0,7.0
89197336217ffff,"{'8919733620fffff', '89197336217ffff', '8919733623bffff', '8919733620bffff', '89197336287ffff', '89197336233ffff', '89197336283ffff', '89197336213ffff', '89197336203ffff', '891973362abffff', '8919733628bffff', '891973362a3ffff', '891973362b3ffff', '8919733621bffff', '891973362afffff', '89197336207ffff', '891973362c7ffff', '891973362bbffff', '8919733628fffff'}",2.0,6.0
89197336223ffff,"{'89197336353ffff', '8919733620fffff', '8919733623bffff', '891973363cbffff', '89197336267ffff', '89197334497ffff', '89197336227ffff', '89197336233ffff', '89197334493ffff', '891973362abffff', '8919733622bffff', '8919733622fffff', '89197336277ffff', '89197336223ffff', '891973362afffff', '8919733635bffff', '89197336207ffff', '89197336237ffff', '891973363dbffff'}",1.0,22.0
89197336237ffff,"{'89197336353ffff', '891973362a7ffff', '8919733623bffff', '891973363cbffff', '89197336227ffff', '891973363c3ffff', '89197336233ffff', '891973362abffff', '8919733622bffff', '891973363d3ffff', '891973362a3ffff', '8919733622fffff', '89197336223ffff', '891973362afffff', '8919733635bffff', '89197336207ffff', '89197336237ffff', '891973363dbffff', '891973363cfffff'}",3.0,26.0
89197336247ffff,"{'89197336273ffff', '8919733624fffff', '8919733620fffff', '891973362cfffff', '89197336257ffff', '8919733620bffff', '89197336247ffff', '891973371b3ffff', '89197336203ffff', '8919733626bffff', '8919733625bffff', '8919733624bffff', '8919733627bffff', '8919733621bffff', '89197336277ffff', '89197336243ffff', '89197336253ffff', '89197336263ffff', '891973371b7ffff'}",1.0,3.0
8919733626fffff,"{'89197336273ffff', '891973344d3ffff', '89197336267ffff', '891973344c7ffff', '89197334483ffff', '89197334493ffff', '8919733626bffff', '8919733622bffff', '891973344dbffff', '8919733626fffff', '8919733627bffff', '891973344c3ffff', '89197336277ffff', '891973344d7ffff', '8919733449bffff', '89197336263ffff', '891973371a7ffff', '8919733448bffff', '891973371b7ffff'}",1.0,5.0
8919733627bffff,"{'89197336273ffff', '8919733624fffff', '8919733620fffff', '891973344d3ffff', '89197336257ffff', '891973371a3ffff', '89197336267ffff', '8919733620bffff', '89197336247ffff', '891973371b3ffff', '8919733626bffff', '8919733624bffff', '8919733626fffff', '8919733627bffff', '89197336277ffff', '89197336243ffff', '89197336263ffff', '891973371a7ffff', '891973371b7ffff'}",1.0,4.0
89197336297ffff,"{'89197336667ffff', '8919733604fffff', '89197336287ffff', '8919733662fffff', '8919733662bffff', '89197336283ffff', '89197336043ffff', '8919733628bffff', '89197336623ffff', '89197336297ffff', '89197336053ffff', '89197336293ffff', '89197336627ffff', '8919733604bffff', '8919733629bffff', '891973362b3ffff', '8919733605bffff', '891973362bbffff', '8919733628fffff'}",1.0,3.0
891973362abffff,"{'8919733620fffff', '89197336217ffff', '891973362a7ffff', '8919733623bffff', '89197336287ffff', '89197336233ffff', '89197336213ffff', '89197336203ffff', '891973362abffff', '891973362a3ffff', '891973362b3ffff', '89197336223ffff', '891973362afffff', '89197336207ffff', '89197336237ffff', '891973362b7ffff', '891973362bbffff', '891973363dbffff', '8919733628fffff'}",1.0,10.0
891973362d7ffff,"{'89197336667ffff', '891973362cfffff', '891973375a7ffff', '891973362cbffff', '8919733666bffff', '8919733666fffff', '89197336283ffff', '89197336213ffff', '8919733628bffff', '89197336293ffff', '891973362d3ffff', '8919733629bffff', '8919733621bffff', '89197336663ffff', '891973362dbffff', '891973362c3ffff', '891973362c7ffff', '891973362d7ffff', '8919733628fffff'}",1.0,5.0
89197336313ffff,"{'891973363d7ffff', '891973363c7ffff', '8919733630bffff', '89197336387ffff', '89197336303ffff', '89197336313ffff', '891973363c3ffff', '8919733638fffff', '891973363bbffff', '8919733639bffff', '89197336317ffff', '8919733630fffff', '89197336307ffff', '8919733638bffff', '89197336357ffff', '8919733631bffff', '891973363abffff', '89197336383ffff', '891973363cfffff'}",6.0,28.0
89197336317ffff,"{'891973363c7ffff', '8919733630bffff', '89197336313ffff', '89197336387ffff', '89197336303ffff', '8919733638fffff', '891973363bbffff', '891973363b3ffff', '891973363afffff', '89197336317ffff', '8919733630fffff', '89197336307ffff', '891973363a3ffff', '8919733638bffff', '89197336333ffff', '8919733631bffff', '8919733633bffff', '891973363abffff', '89197336383ffff'}",1.0,46.0
89197336323ffff,"{'89197336ecbffff', '89197336327ffff', '89197336edbffff', '89197336337ffff', '89197336377ffff', '89197334593ffff', '891973363afffff', '89197336e53ffff', '89197336e5bffff', '8919733630fffff', '89197336323ffff', '8919733632bffff', '89197334597ffff', '89197336307ffff', '89197336367ffff', '8919733632fffff', '89197336333ffff', '8919733633bffff', '891973363abffff'}",9.0,68.0
89197336327ffff,"{'89197336ecbffff', '89197336e43ffff', '89197336edbffff', '89197336327ffff', '89197336ec3ffff', '89197336337ffff', '89197336e53ffff', '89197334593ffff', '891973363afffff', '89197336e5bffff', '8919733632bffff', '89197334597ffff', '89197336e57ffff', '8919733633bffff', '8919733632fffff', '89197336333ffff', '89197336e4bffff', '89197336ecfffff', '89197336323ffff'}",4.0,74.0
8919733632bffff,"{'89197336327ffff', '89197336337ffff', '89197336377ffff', '89197334593ffff', '89197336373ffff', '89197336363ffff', '8919733630fffff', '8919733636fffff', '89197336e5bffff', '8919733632bffff', '89197334597ffff', '89197336307ffff', '89197336367ffff', '8919733459bffff', '89197334583ffff', '8919733632fffff', '89197336333ffff', '8919733633bffff', '89197336323ffff'}",4.0,44.0
89197336333ffff,"{'89197336ecbffff', '89197336303ffff', '89197336327ffff', '89197336edbffff', '89197336337ffff', '891973363bbffff', '89197336377ffff', '891973363afffff', '89197336317ffff', '8919733630fffff', '891973363a7ffff', '8919733632bffff', '89197336307ffff', '891973363a3ffff', '8919733632fffff', '891973363abffff', '8919733633bffff', '89197336323ffff', '89197336333ffff'}",7.0,61.0
89197336337ffff,"{'89197336ecbffff', '89197336327ffff', '89197336edbffff', '89197336ec3ffff', '89197336337ffff', '89197336ed3ffff', '89197336e53ffff', '891973363afffff', '89197336e5bffff', '891973363a7ffff', '8919733632bffff', '89197336307ffff', '891973363abffff', '891973363a3ffff', '8919733633bffff', '8919733632fffff', '89197336333ffff', '89197336ecfffff', '89197336323ffff'}",7.0,67.0
8919733633bffff,"{'8919733630bffff', '89197336327ffff', '89197336303ffff', '89197336337ffff', '89197336377ffff', '89197336373ffff', '891973363afffff', '89197334593ffff', '89197336363ffff', '8919733630fffff', '89197336317ffff', '8919733632bffff', '89197336307ffff', '89197336367ffff', '891973363abffff', '8919733632fffff', '89197336333ffff', '8919733633bffff', '89197336323ffff'}",3.0,64.0
89197336347ffff,"{'89197336353ffff', '89197336343ffff', '8919733637bffff', '8919733630bffff', '89197336303ffff', '89197336347ffff', '89197336377ffff', '89197336373ffff', '89197336363ffff', '8919733630fffff', '891973344b3ffff', '8919733634fffff', '8919733636bffff', '8919733634bffff', '89197336357ffff', '8919733635bffff', '8919733631bffff', '891973344b7ffff', '891973363cfffff'}",3.0,33.0
8919733634bffff,"{'89197336353ffff', '89197336343ffff', '891973344bbffff', '8919733637bffff', '89197334497ffff', '8919733448fffff', '89197336227ffff', '89197334483ffff', '89197336347ffff', '89197334493ffff', '891973344a3ffff', '89197334487ffff', '8919733622fffff', '891973344b3ffff', '8919733634fffff', '8919733634bffff', '8919733635bffff', '89197336357ffff', '891973344b7ffff'}",2.0,33.0
8919733634fffff,"{'89197336353ffff', '89197336343ffff', '891973344bbffff', '8919733637bffff', '8919733630bffff', '891973344a7ffff', '89197334497ffff', '89197336347ffff', '891973344a3ffff', '89197336373ffff', '89197336363ffff', '89197334487ffff', '891973344b3ffff', '8919733636bffff', '8919733634fffff', '8919733634bffff', '8919733635bffff', '89197336357ffff', '891973344b7ffff'}",1.0,31.0
89197336353ffff,"{'89197336353ffff', '89197336343ffff', '891973363c7ffff', '8919733630bffff', '891973363cbffff', '89197334497ffff', '89197336227ffff', '89197336347ffff', '891973363cfffff', '8919733622fffff', '8919733634fffff', '89197336223ffff', '8919733634bffff', '8919733635bffff', '89197336357ffff', '89197336237ffff', '8919733631bffff', '891973363dbffff', '891973363c3ffff'}",13.0,39.0
89197336357ffff,"{'89197336353ffff', '89197336343ffff', '8919733637bffff', '8919733630bffff', '89197336313ffff', '891973363cbffff', '89197336303ffff', '891973363c7ffff', '89197336227ffff', '89197336347ffff', '891973363cfffff', '89197336373ffff', '8919733630fffff', '8919733634fffff', '8919733634bffff', '8919733635bffff', '89197336357ffff', '8919733631bffff', '891973363c3ffff'}",9.0,42.0
8919733635bffff,"{'89197336353ffff', '89197336343ffff', '891973363cbffff', '89197334497ffff', '89197336227ffff', '89197334483ffff', '89197336347ffff', '89197334493ffff', '8919733622bffff', '89197334487ffff', '8919733622fffff', '891973344b3ffff', '8919733634fffff', '89197336223ffff', '8919733634bffff', '89197336357ffff', '8919733635bffff', '89197336237ffff', '891973363cfffff'}",1.0,40.0
89197336373ffff,"{'89197336343ffff', '8919733637bffff', '8919733630bffff', '89197336303ffff', '89197336347ffff', '89197336377ffff', '89197336373ffff', '89197336363ffff', '8919733630fffff', '8919733636fffff', '8919733632bffff', '89197336307ffff', '8919733636bffff', '8919733634fffff', '89197336367ffff', '89197336357ffff', '8919733631bffff', '8919733633bffff', '891973344b7ffff'}",1.0,21.0
8919733638bffff,"{'891973363d7ffff', '891973363c7ffff', '89197336387ffff', '89197336313ffff', '89197336303ffff', '89197336397ffff', '8919733638fffff', '891973363bbffff', '891973363cfffff', '8919733639bffff', '891973363d3ffff', '89197336067ffff', '89197336317ffff', '8919733606fffff', '8919733638bffff', '8919733631bffff', '89197336393ffff', '89197336383ffff', '891973363c3ffff'}",4.0,19.0
8919733639bffff,"{'891973363d7ffff', '891973363c7ffff', '89197336387ffff', '89197336313ffff', '8919733602bffff', '891973363c3ffff', '8919733638fffff', '89197336077ffff', '89197336067ffff', '891973363d3ffff', '8919733602fffff', '8919733639bffff', '8919733606bffff', '8919733606fffff', '89197336063ffff', '8919733638bffff', '89197336393ffff', '89197336383ffff', '89197336397ffff'}",1.0,22.0
891973363a7ffff,"{'89197336ecbffff', '8919733616bffff', '89197336edbffff', '8919733616fffff', '89197336ec3ffff', '89197336337ffff', '891973363bbffff', '89197336163ffff', '891973363b3ffff', '89197336ed3ffff', '891973363afffff', '891973363a7ffff', '891973363a3ffff', '8919733617bffff', '89197336ed7ffff', '8919733614fffff', '891973363abffff', '891973363b7ffff', '89197336333ffff'}",1.0,51.0
891973363afffff,"{'89197336ecbffff', '8919733616bffff', '89197336327ffff', '89197336edbffff', '89197336ec3ffff', '89197336337ffff', '891973363bbffff', '891973363b3ffff', '89197336ed3ffff', '891973363afffff', '89197336317ffff', '891973363a7ffff', '89197336307ffff', '891973363abffff', '891973363a3ffff', '89197336333ffff', '8919733633bffff', '89197336323ffff', '891973363b7ffff'}",25.0,67.0
891973363b7ffff,"{'8919733616bffff', '89197336387ffff', '89197336edbffff', '8919733616fffff', '89197336173ffff', '891973363bbffff', '89197336163ffff', '891973363b3ffff', '89197336ed3ffff', '891973363afffff', '891973363a7ffff', '891973363abffff', '891973363a3ffff', '8919733617bffff', '8919733614bffff', '89197336147ffff', '8919733614fffff', '89197336143ffff', '891973363b7ffff'}",2.0,35.0
891973363c3ffff,"{'89197336353ffff', '891973363d7ffff', '891973362a7ffff', '891973363c7ffff', '89197336313ffff', '891973363cbffff', '89197336227ffff', '891973363c3ffff', '8919733639bffff', '891973363d3ffff', '8919733606bffff', '8919733606fffff', '891973362afffff', '8919733638bffff', '89197336357ffff', '89197336237ffff', '8919733631bffff', '891973363dbffff', '891973363cfffff'}",1.0,45.0
891973363cbffff,"{'89197336353ffff', '89197336343ffff', '891973363d7ffff', '891973362a7ffff', '891973363c7ffff', '891973363cbffff', '89197336227ffff', '89197336233ffff', '891973363cfffff', '891973363d3ffff', '8919733622fffff', '89197336223ffff', '891973362afffff', '8919733635bffff', '89197336357ffff', '89197336237ffff', '8919733631bffff', '891973363dbffff', '891973363c3ffff'}",2.0,36.0
891973363cfffff,"{'89197336353ffff', '89197336343ffff', '891973363d7ffff', '891973363c7ffff', '8919733630bffff', '89197336313ffff', '891973363cbffff', '89197336303ffff', '89197336227ffff', '89197336347ffff', '891973363cfffff', '891973363d3ffff', '8919733638bffff', '89197336357ffff', '8919733635bffff', '89197336237ffff', '8919733631bffff', '891973363dbffff', '891973363c3ffff'}",3.0,48.0
891973363d7ffff,"{'891973363d7ffff', '891973362a7ffff', '891973363c7ffff', '89197336313ffff', '891973363cbffff', '89197336383ffff', '891973363c3ffff', '8919733638fffff', '8919733639bffff', '891973363d3ffff', '89197336067ffff', '8919733606bffff', '8919733606fffff', '89197336063ffff', '8919733638bffff', '8919733631bffff', '89197336393ffff', '891973363dbffff', '891973363cfffff'}",3.0,22.0
89197336603ffff,"{'89197336603ffff', '8919733668bffff', '89197336657ffff', '89197336607ffff', '89197336617ffff', '8919733660bffff', '89197336677ffff', '8919733661bffff', '8919733668fffff', '89197336633ffff', '89197336613ffff', '891973366c7ffff', '891973366bbffff', '8919733663bffff', '89197336673ffff', '891973366abffff', '8919733660fffff', '89197336647ffff', '891973366cfffff'}",5.0,66.0
8919733660bffff,"{'8919733664fffff', '89197336603ffff', '89197336657ffff', '89197336607ffff', '89197336617ffff', '89197336643ffff', '8919733660bffff', '89197336677ffff', '8919733661bffff', '89197336653ffff', '89197336613ffff', '891973366c7ffff', '8919733663bffff', '89197336673ffff', '89197336663ffff', '8919733660fffff', '89197336647ffff', '8919733667bffff', '891973366cfffff'}",1.0,60.0
89197336613ffff,"{'89197336603ffff', '8919733668bffff', '89197336657ffff', '89197336687ffff', '89197336607ffff', '89197336617ffff', '8919733660bffff', '8919733668fffff', '8919733661bffff', '8919733669bffff', '891973366d7ffff', '891973366c3ffff', '891973366c7ffff', '891973366bbffff', '89197336613ffff', '891973366abffff', '8919733660fffff', '89197336683ffff', '891973366cfffff'}",7.0,72.0
89197336617ffff,"{'891973366a3ffff', '891973366b3ffff', '891973366afffff', '89197336603ffff', '8919733668bffff', '89197336687ffff', '89197336607ffff', '89197336617ffff', '8919733660bffff', '8919733668fffff', '8919733661bffff', '89197336633ffff', '89197336613ffff', '891973366c7ffff', '891973366bbffff', '8919733663bffff', '891973366abffff', '8919733660fffff', '89197336683ffff'}",21.0,67.0
8919733661bffff,"{'89197336603ffff', '8919733668bffff', '89197336657ffff', '89197336607ffff', '89197336617ffff', '89197336643ffff', '8919733660bffff', '8919733668fffff', '8919733661bffff', '89197336653ffff', '891973366c3ffff', '891973366d7ffff', '89197336613ffff', '891973366c7ffff', '89197336673ffff', '8919733660fffff', '89197336647ffff', '891973366cfffff', '891973366cbffff'}",16.0,73.0
89197336623ffff,"{'89197336667ffff', '891973366afffff', '8919733662fffff', '8919733662bffff', '89197336607ffff', '89197336637ffff', '89197336623ffff', '89197336677ffff', '89197336633ffff', '891973360dbffff', '89197336297ffff', '89197336053ffff', '89197336293ffff', '89197336627ffff', '8919733663bffff', '891973366abffff', '891973360cbffff', '8919733660fffff', '8919733605bffff'}",1.0,10.0
89197336633ffff,"{'891973366a3ffff', '891973366afffff', '89197336603ffff', '8919733662fffff', '8919733662bffff', '89197336607ffff', '89197336637ffff', '89197336617ffff', '89197336623ffff', '89197336677ffff', '891973360dbffff', '89197336633ffff', '89197336627ffff', '891973366bbffff', '8919733663bffff', '891973366abffff', '891973360cbffff', '8919733660fffff', '891973366a7ffff'}",1.0,39.0
89197336637ffff,"{'891973366a3ffff', '891973366afffff', '8919733662fffff', '8919733662bffff', '891973360cfffff', '89197336607ffff', '89197336637ffff', '89197336623ffff', '89197336633ffff', '891973360dbffff', '891973360d3ffff', '89197336053ffff', '89197336627ffff', '8919733663bffff', '891973366abffff', '891973360c3ffff', '891973360cbffff', '891973366a7ffff', '8919733605bffff'}",1.0,13.0
89197336643ffff,"{'89197337587ffff', '8919733664fffff', '891973adb27ffff', '89197336657ffff', '8919733664bffff', '891973375b3ffff', '89197336643ffff', '8919733660bffff', '891973adb2fffff', '8919733661bffff', '891973375b7ffff', '89197336653ffff', '89197336673ffff', '8919733665bffff', '89197337597ffff', '89197336647ffff', '8919733667bffff', '891973366cfffff', '891973366cbffff'}",3.0,28.0
8919733664fffff,"{'89197337587ffff', '8919733664fffff', '891973375a7ffff', '89197336657ffff', '8919733664bffff', '8919733666bffff', '891973375b3ffff', '89197336643ffff', '8919733660bffff', '891973375a3ffff', '891973375b7ffff', '891973375bbffff', '89197336653ffff', '89197336673ffff', '89197336663ffff', '8919733665bffff', '89197337597ffff', '89197336647ffff', '8919733667bffff'}",2.0,14.0
89197336663ffff,"{'89197336667ffff', '8919733664fffff', '891973375a7ffff', '8919733666bffff', '8919733662bffff', '8919733666fffff', '8919733660bffff', '89197336677ffff', '891973375b7ffff', '89197336293ffff', '891973362d3ffff', '8919733629bffff', '8919733663bffff', '89197336673ffff', '89197336663ffff', '8919733660fffff', '89197336647ffff', '8919733667bffff', '891973362d7ffff'}",1.0,6.0
89197336667ffff,"{'89197336667ffff', '8919733662fffff', '8919733662bffff', '8919733666bffff', '8919733666fffff', '89197336283ffff', '8919733628bffff', '89197336623ffff', '89197336677ffff', '89197336297ffff', '89197336293ffff', '891973362d3ffff', '8919733629bffff', '8919733663bffff', '89197336673ffff', '89197336663ffff', '8919733660fffff', '8919733667bffff', '891973362d7ffff'}",1.0,5.0
8919733668bffff,"{'891973366d3ffff', '89197336603ffff', '891973ad96fffff', '8919733668bffff', '89197336687ffff', '89197336693ffff', '89197336617ffff', '89197336697ffff', '8919733668fffff', '8919733661bffff', '8919733669bffff', '891973366d7ffff', '891973366c3ffff', '89197336613ffff', '891973366bbffff', '891973366c7ffff', '891973ad967ffff', '89197336683ffff', '891973366cfffff'}",5.0,71.0
8919733668fffff,"{'891973366a3ffff', '891973366b3ffff', '89197336603ffff', '8919733668bffff', '89197336687ffff', '89197336607ffff', '89197336693ffff', '89197336617ffff', '89197336697ffff', '8919733668fffff', '8919733661bffff', '8919733669bffff', '891973366d7ffff', '8919733644bffff', '89197336613ffff', '891973366bbffff', '891973366c7ffff', '891973366abffff', '89197336683ffff'}",4.0,69.0
891973366a7ffff,"{'891973366b7ffff', '891973360d7ffff', '8919733646bffff', '891973366b3ffff', '891973366a3ffff', '891973366afffff', '8919733646fffff', '8919733647bffff', '89197336637ffff', '8919733644fffff', '891973360dbffff', '891973360d3ffff', '89197336633ffff', '891973366bbffff', '891973366abffff', '891973360c3ffff', '891973360cbffff', '891973366a7ffff', '89197336463ffff'}",3.0,13.0
891973366afffff,"{'891973366b7ffff', '891973366a3ffff', '8919733646bffff', '891973366b3ffff', '891973366afffff', '89197336607ffff', '89197336637ffff', '89197336617ffff', '89197336623ffff', '89197336633ffff', '891973360dbffff', '891973360d3ffff', '89197336627ffff', '891973366bbffff', '8919733663bffff', '891973366abffff', '891973360c3ffff', '891973360cbffff', '891973366a7ffff'}",3.0,35.0
891973366bbffff,"{'891973366b7ffff', '891973366a3ffff', '891973366b3ffff', '891973366afffff', '89197336603ffff', '8919733668bffff', '89197336687ffff', '89197336607ffff', '89197336617ffff', '8919733644fffff', '89197336697ffff', '8919733668fffff', '89197336633ffff', '8919733644bffff', '89197336613ffff', '891973366bbffff', '891973366abffff', '891973366a7ffff', '89197336683ffff'}",2.0,51.0
891973366c7ffff,"{'891973366d3ffff', '89197336603ffff', '891973ad96fffff', '8919733668bffff', '89197336657ffff', '89197336617ffff', '8919733660bffff', '8919733668fffff', '8919733661bffff', '8919733669bffff', '891973366d7ffff', '891973366c3ffff', '891973366dbffff', '89197336653ffff', '89197336613ffff', '891973366c7ffff', '89197336683ffff', '891973366cfffff', '891973366cbffff'}",2.0,70.0
891973366cfffff,"{'891973366d3ffff', '89197336603ffff', '891973adb27ffff', '8919733668bffff', '89197336657ffff', '89197336643ffff', '8919733660bffff', '8919733661bffff', '89197336653ffff', '891973366c3ffff', '891973366dbffff', '891973366d7ffff', '89197336613ffff', '891973366c7ffff', '8919733665bffff', '89197336647ffff', '891973adb37ffff', '891973366cfffff', '891973366cbffff'}",2.0,48.0
891973366d7ffff,"{'891973366d3ffff', '891973ad96fffff', '8919733668bffff', '89197336693ffff', '891973ad96bffff', '8919733661bffff', '8919733668fffff', '8919733669bffff', '891973366d7ffff', '891973366c3ffff', '891973366dbffff', '89197336613ffff', '891973366c7ffff', '891973adba7ffff', '891973ad967ffff', '891973ad963ffff', '89197336683ffff', '891973366cfffff', '891973366cbffff'}",7.0,43.0
8919733680bffff,"{'89197336857ffff', '89197336877ffff', '89197336843ffff', '89197336817ffff', '8919733683bffff', '89197336813ffff', '89197336803ffff', '89197336853ffff', '89197336847ffff', '89197336807ffff', '8919733681bffff', '891973368cfffff', '8919733680bffff', '8919733687bffff', '89197336863ffff', '891973368c7ffff', '8919733680fffff', '8919733684fffff', '89197336873ffff'}",2.0,4.0
89197336843ffff,"{'89197336857ffff', '89197336e27ffff', '89197336843ffff', '8919733685bffff', '89197336ab3ffff', '891973368cbffff', '89197336853ffff', '89197336ab7ffff', '89197336847ffff', '8919733681bffff', '89197336e2fffff', '89197336a87ffff', '8919733680bffff', '891973368cfffff', '8919733687bffff', '8919733684bffff', '8919733684fffff', '89197336873ffff', '89197336a97ffff'}",2.0,18.0
8919733684bffff,"{'89197336857ffff', '89197336a8fffff', '89197336a93ffff', '89197336e27ffff', '89197336843ffff', '8919733685bffff', '89197336ab3ffff', '89197336a97ffff', '89197336853ffff', '89197336ab7ffff', '89197336847ffff', '89197336a83ffff', '89197336a87ffff', '89197336e2fffff', '8919733687bffff', '8919733684bffff', '8919733684fffff', '89197336abbffff', '89197336aa3ffff'}",12.0,16.0
89197336883ffff,"{'891973368b3ffff', '89197336887ffff', '8919733688fffff', '89197336817ffff', '89197336813ffff', '89197336c2bffff', '8919733689bffff', '89197336c2fffff', '89197336c6fffff', '89197336883ffff', '8919733688bffff', '89197336c67ffff', '89197336d5bffff', '891973368c7ffff', '89197336d4bffff', '891973368d7ffff', '89197336893ffff', '891973368bbffff', '89197336897ffff'}",2.0,3.0
89197336897ffff,"{'891973368b3ffff', '89197336887ffff', '8919733688fffff', '89197336c2bffff', '89197336c27ffff', '8919733689bffff', '89197336c2fffff', '89197336883ffff', '891973368bbffff', '8919733688bffff', '89197336c67ffff', '89197336d4fffff', '89197336d5bffff', '89197336d53ffff', '89197336d4bffff', '89197336897ffff', '89197336893ffff', '89197336d43ffff', '89197336c23ffff'}",1.0,3.0
891973368dbffff,"{'89197336e27ffff', '89197336eb7ffff', '89197336c6bffff', '89197336ea7ffff', '89197336e37ffff', '891973368cbffff', '89197336e23ffff', '89197336eabffff', '89197336c6fffff', '89197336853ffff', '891973368c3ffff', '891973368d3ffff', '89197336ea3ffff', '891973368cfffff', '89197336eafffff', '89197336e33ffff', '891973368c7ffff', '891973368d7ffff', '891973368dbffff'}",1.0,2.0
89197336907ffff,"{'89197336917ffff', '891973369abffff', '8919733692bffff', '8919733690bffff', '8919733690fffff', '89197336923ffff', '89197336933ffff', '89197336973ffff', '89197336937ffff', '891973369bbffff', '8919733698fffff', '89197336907ffff', '8919733691bffff', '8919733693bffff', '89197336977ffff', '89197336903ffff', '891973369afffff', '89197336913ffff', '891973369a3ffff'}",3.0,4.0
8919733692fffff,"{'891946cb697ffff', '891946cb687ffff', '891946cb453ffff', '8919733692bffff', '891946cb69bffff', '891946cb45bffff', '891946cb683ffff', '89197336923ffff', '89197336933ffff', '89197336937ffff', '891946cb4cbffff', '89197336927ffff', '8919733693bffff', '89197336977ffff', '891946cb443ffff', '891946cb693ffff', '8919733692fffff', '89197336967ffff', '891946cb44bffff'}",1.0,6.0
89197336933ffff,"{'89197336917ffff', '891946cb4dbffff', '891973369abffff', '8919733692bffff', '8919733690fffff', '891973369a7ffff', '89197336923ffff', '89197336933ffff', '89197336937ffff', '891973369bbffff', '891946cb4cbffff', '89197336907ffff', '89197336927ffff', '8919733693bffff', '89197336977ffff', '89197336903ffff', '891973369afffff', '891973369a3ffff', '8919733692fffff'}",1.0,5.0
89197336a43ffff,"{'89197336a7bffff', '89197336a47ffff', '89197336a0bffff', '891973341b7ffff', '89197336acfffff', '89197334527ffff', '8919733452fffff', '89197336a4bffff', '89197336a57ffff', '891973341b3ffff', '89197336a53ffff', '89197336a5bffff', '89197336a1bffff', '89197336acbffff', '89197334187ffff', '89197336a73ffff', '89197336a43ffff', '89197334197ffff', '89197336a4fffff'}",2.0,24.0
89197336a4fffff,"{'89197336a7bffff', '89197336a47ffff', '89197336a0bffff', '89197336a43ffff', '89197336a6bffff', '891973341b7ffff', '891973341a7ffff', '89197336a4bffff', '89197336a57ffff', '891973341b3ffff', '89197336a63ffff', '89197336a53ffff', '89197336a5bffff', '891973341bbffff', '89197334187ffff', '89197336a73ffff', '891973341a3ffff', '89197334197ffff', '89197336a4fffff'}",5.0,16.0
89197336a53ffff,"{'89197336a47ffff', '89197336a0bffff', '89197336ac7ffff', '89197336acfffff', '89197334527ffff', '8919733452fffff', '89197336a4bffff', '89197336adbffff', '89197336a57ffff', '89197336a53ffff', '89197334537ffff', '89197336a5bffff', '89197334523ffff', '89197336acbffff', '89197336a1bffff', '89197336ac3ffff', '89197336a43ffff', '89197334197ffff', '89197336a4fffff'}",8.0,25.0
89197336a77ffff,"{'89197336a7bffff', '89197336a47ffff', '89197336a0fffff', '89197336a77ffff', '89197336a0bffff', '89197336a33ffff', '89197336a23ffff', '89197336a3bffff', '89197334c9bffff', '89197336a6bffff', '89197336a67ffff', '89197336a03ffff', '89197336a63ffff', '89197336a6fffff', '89197336a07ffff', '89197334c93ffff', '89197336a73ffff', '89197336a2fffff', '89197336a2bffff'}",2.0,4.0
89197336a87ffff,"{'89197336a8fffff', '89197336a93ffff', '89197336843ffff', '8919733685bffff', '89197336a17ffff', '89197336a8bffff', '89197336ab3ffff', '89197336aabffff', '89197336a9bffff', '89197336a97ffff', '89197336ab7ffff', '89197336a83ffff', '89197336e2fffff', '89197336a87ffff', '89197336a13ffff', '8919733684bffff', '8919733684fffff', '89197336abbffff', '89197336aa3ffff'}",1.0,16.0
89197336aafffff,"{'89197336aa7ffff', '89197336bc3ffff', '89197336bdbffff', '89197336a33ffff', '89197336a23ffff', '89197336a17ffff', '89197336a3bffff', '89197336a37ffff', '89197336ab3ffff', '89197336aabffff', '8919733686bffff', '89197336bcbffff', '89197336bd3ffff', '89197336ab7ffff', '89197336aafffff', '89197336a27ffff', '89197336a07ffff', '89197336abbffff', '89197336aa3ffff'}",1.0,1.0
89197336acbffff,"{'89197336ac7ffff', '89197336acfffff', '89197336ad3ffff', '89197334527ffff', '8919733452fffff', '89197336adbffff', '89197336a57ffff', '89197336a53ffff', '89197334537ffff', '891973345afffff', '89197334523ffff', '89197336a5bffff', '89197336a1bffff', '89197336acbffff', '89197336ad7ffff', '89197334533ffff', '89197336ac3ffff', '891973345a7ffff', '89197336a43ffff'}",5.0,20.0
89197336acfffff,"{'89197336a47ffff', '89197336a0bffff', '89197336a8bffff', '89197336a03ffff', '89197336ac7ffff', '89197336ad3ffff', '89197334527ffff', '89197336acfffff', '89197336adbffff', '89197336a57ffff', '89197336a53ffff', '89197334537ffff', '89197336a5bffff', '89197336a13ffff', '89197336acbffff', '89197336a1bffff', '89197336ad7ffff', '89197336ac3ffff', '89197336a43ffff'}",2.0,17.0
89197336b13ffff,"{'89197336b8fffff', '89197336b57ffff', '89197336bc3ffff', '89197336b8bffff', '89197336b13ffff', '89197336b07ffff', '89197336b17ffff', '89197336b03ffff', '89197336b83ffff', '89197336bc7ffff', '89197336b9bffff', '89197336bbbffff', '89197336bd7ffff', '89197336b1bffff', '89197336b0bffff', '89197336bcfffff', '89197336b87ffff', '89197336b0fffff', '89197336babffff'}",3.0,3.0
89197336e07ffff,"{'89197336ebbffff', '89197336e13ffff', '89197336e0bffff', '89197336e0fffff', '89197336e1bffff', '89197336e37ffff', '89197336e03ffff', '89197336e23ffff', '89197336eabffff', '89197336e77ffff', '89197336e8fffff', '89197336e07ffff', '89197336e2bffff', '89197336ea3ffff', '89197336e17ffff', '89197336e3bffff', '89197336eafffff', '89197336e33ffff', '89197336e73ffff'}",3.0,6.0
89197336e2fffff,"{'89197336a93ffff', '89197336e27ffff', '89197336843ffff', '8919733685bffff', '89197336e37ffff', '891973368cbffff', '89197336e77ffff', '89197336e23ffff', '89197336a9bffff', '89197336853ffff', '89197336e67ffff', '89197336e2bffff', '89197336a83ffff', '89197336a87ffff', '89197336e2fffff', '89197336e3bffff', '8919733684bffff', '89197336e33ffff', '89197336a97ffff'}",1.0,17.0
89197336e37ffff,"{'89197336e27ffff', '89197336ea7ffff', '8919733685bffff', '89197336e37ffff', '891973368cbffff', '89197336e23ffff', '89197336eabffff', '89197336e07ffff', '89197336853ffff', '891973368c3ffff', '891973368d3ffff', '89197336e2bffff', '89197336ea3ffff', '89197336e2fffff', '891973368cfffff', '89197336e3bffff', '89197336eafffff', '89197336e33ffff', '891973368dbffff'}",1.0,6.0
89197336e43ffff,"{'89197336ecbffff', '89197336e43ffff', '89197336e0bffff', '89197336327ffff', '891973345b3ffff', '89197336e1bffff', '89197336e4fffff', '89197336e7bffff', '89197336e53ffff', '89197336e5bffff', '89197334597ffff', '89197336e57ffff', '89197336e47ffff', '891973345b7ffff', '8919733632fffff', '89197334587ffff', '89197336e73ffff', '89197336e4bffff', '89197336ecfffff'}",2.0,50.0
89197336e47ffff,"{'89197336e43ffff', '89197336e0bffff', '891973345b3ffff', '89197336e0fffff', '89197336e1bffff', '89197336e4fffff', '89197336e7bffff', '89197336e03ffff', '89197336e77ffff', '89197336e53ffff', '89197336e63ffff', '89197336e5bffff', '89197336e57ffff', '89197336e47ffff', '891973345b7ffff', '89197336e73ffff', '89197336e6bffff', '89197336e4bffff', '89197336ecfffff'}",8.0,33.0
89197336e4fffff,"{'89197336e43ffff', '891973345bbffff', '89197336e0bffff', '891973345b3ffff', '89197336e4fffff', '89197336e7bffff', '89197336e53ffff', '89197336e63ffff', '89197336e5bffff', '89197334597ffff', '89197336e57ffff', '89197336e47ffff', '891973345b7ffff', '891973345a7ffff', '891973345a3ffff', '89197334587ffff', '89197336e6bffff', '89197336e4bffff', '89197336e73ffff'}",5.0,46.0
89197336e57ffff,"{'89197336ecfffff', '89197336ecbffff', '89197336e13ffff', '89197336e43ffff', '89197336e0bffff', '89197336327ffff', '89197336e0fffff', '89197336e1bffff', '89197336ec3ffff', '89197336e4fffff', '89197336e03ffff', '89197336e7bffff', '89197336e53ffff', '89197336e5bffff', '89197336ec7ffff', '89197336e57ffff', '89197336e47ffff', '89197336e4bffff', '89197336e73ffff'}",1.0,32.0
89197336e5bffff,"{'89197336ecbffff', '89197336e43ffff', '89197336327ffff', '891973345b3ffff', '89197336e4fffff', '89197336337ffff', '89197336e53ffff', '89197334593ffff', '89197336e5bffff', '8919733632bffff', '89197334597ffff', '89197336e57ffff', '89197336e47ffff', '89197334583ffff', '8919733632fffff', '89197334587ffff', '89197336e4bffff', '89197336ecfffff', '89197336323ffff'}",4.0,64.0
89197336e6bffff,"{'891973345b3ffff', '89197336e4fffff', '89197336ad3ffff', '89197336e7bffff', '89197336e77ffff', '89197336a9bffff', '89197336adbffff', '89197336e67ffff', '89197336e63ffff', '89197336e6fffff', '891973345afffff', '89197336e47ffff', '89197336ad7ffff', '891973345b7ffff', '891973345a7ffff', '89197336ac3ffff', '891973345a3ffff', '89197336e6bffff', '89197336e73ffff'}",1.0,25.0
89197336e73ffff,"{'89197336e43ffff', '89197336e0bffff', '89197336e0fffff', '89197336e1bffff', '89197336e4fffff', '89197336e7bffff', '89197336e03ffff', '89197336e77ffff', '89197336e07ffff', '89197336e67ffff', '89197336e63ffff', '89197336e2bffff', '89197336e6fffff', '89197336e57ffff', '89197336e3bffff', '89197336e47ffff', '891973345b7ffff', '89197336e6bffff', '89197336e73ffff'}",1.0,29.0
89197336e7bffff,"{'89197336e43ffff', '89197336e0bffff', '891973345b3ffff', '89197336e0fffff', '89197336e4fffff', '89197336ad3ffff', '89197336e7bffff', '89197336e77ffff', '89197336e67ffff', '89197336e63ffff', '89197336e6fffff', '89197336e57ffff', '89197336e47ffff', '891973345b7ffff', '891973345a7ffff', '891973345a3ffff', '89197336e6bffff', '89197336e4bffff', '89197336e73ffff'}",4.0,28.0
89197336e9bffff,"{'8919733612bffff', '89197336e13ffff', '8919733616bffff', '89197336e8bffff', '8919733616fffff', '89197336ec3ffff', '89197336177ffff', '8919733612fffff', '89197336e8fffff', '89197336163ffff', '89197336e97ffff', '89197336167ffff', '89197336ed3ffff', '89197336e87ffff', '89197336e9bffff', '89197336ec7ffff', '89197336e83ffff', '89197336e93ffff', '89197336ed7ffff'}",2.0,11.0
89197336ebbffff,"{'89197336ebbffff', '89197336e13ffff', '89197336c4fffff', '89197336e8bffff', '89197336eb7ffff', '89197336ea7ffff', '89197336c4bffff', '89197336e03ffff', '89197336eabffff', '89197336e07ffff', '89197336e8fffff', '89197336e97ffff', '89197336e87ffff', '89197336eb3ffff', '89197336ea3ffff', '89197336e17ffff', '89197336eafffff', '89197336e83ffff', '89197336e33ffff'}",1.0,4.0
89197336ec3ffff,"{'89197336ecbffff', '89197336e13ffff', '8919733616bffff', '89197336e8bffff', '89197336327ffff', '89197336edbffff', '8919733616fffff', '89197336e1bffff', '89197336ec3ffff', '89197336337ffff', '89197336ed3ffff', '89197336e53ffff', '891973363afffff', '891973363a7ffff', '89197336e9bffff', '89197336ec7ffff', '89197336e57ffff', '89197336ed7ffff', '89197336ecfffff'}",2.0,50.0
89197336ecfffff,"{'89197336ecbffff', '89197336e13ffff', '89197336e43ffff', '89197336e0bffff', '89197336e8bffff', '89197336327ffff', '89197336edbffff', '89197336e1bffff', '89197336ec3ffff', '89197336337ffff', '89197336e03ffff', '89197336ed3ffff', '89197336e53ffff', '89197336e5bffff', '89197336e57ffff', '89197336ec7ffff', '89197336e47ffff', '89197336ed7ffff', '89197336ecfffff'}",1.0,29.0
89197337007ffff,"{'89197337023ffff', '8919733708fffff', '891973370afffff', '891973370abffff', '8919733703bffff', '8919733701bffff', '8919733700fffff', '89197337077ffff', '8919733700bffff', '89197337033ffff', '89197337007ffff', '891973370a3ffff', '89197337037ffff', '89197337013ffff', '89197337017ffff', '89197337073ffff', '891973370bbffff', '8919733702bffff', '89197337003ffff'}",2.0,10.0
89197337027ffff,"{'89197337023ffff', '8919733715bffff', '8919733702fffff', '891973370afffff', '8919733703bffff', '891973371cfffff', '891973371cbffff', '89197337397ffff', '89197337033ffff', '89197337037ffff', '89197337143ffff', '89197337027ffff', '89197337393ffff', '891973371c3ffff', '891973371dbffff', '8919733714bffff', '89197337157ffff', '8919733702bffff', '89197337153ffff'}",2.0,9.0
8919733703bffff,"{'89197337023ffff', '8919733702fffff', '891973370afffff', '891973370abffff', '8919733703bffff', '8919733700fffff', '89197337077ffff', '8919733700bffff', '89197337067ffff', '89197337033ffff', '89197337007ffff', '89197337037ffff', '89197337027ffff', '89197337017ffff', '89197337393ffff', '89197337073ffff', '89197337063ffff', '8919733702bffff', '89197337003ffff'}",3.0,10.0
89197337043ffff,"{'891973370cfffff', '8919733762fffff', '89197337047ffff', '89197337627ffff', '89197337053ffff', '8919733704fffff', '89197337057ffff', '8919733701bffff', '8919733700bffff', '89197337297ffff', '8919733707bffff', '8919733705bffff', '891973372b7ffff', '8919733704bffff', '89197337073ffff', '89197337287ffff', '89197337043ffff', '891973372b3ffff', '891973370cbffff'}",2.0,4.0
89197337067ffff,"{'89197337023ffff', '8919733702fffff', '8919733738bffff', '8919733703bffff', '8919733700fffff', '89197337077ffff', '89197337397ffff', '8919733706bffff', '89197337067ffff', '8919733707bffff', '89197337383ffff', '891973373d3ffff', '8919733706fffff', '89197337393ffff', '89197337073ffff', '89197337063ffff', '8919733739bffff', '8919733702bffff', '891973373d7ffff'}",1.0,7.0
89197337073ffff,"{'89197337047ffff', '8919733704fffff', '8919733703bffff', '8919733701bffff', '89197337057ffff', '8919733700fffff', '89197337077ffff', '8919733706bffff', '8919733700bffff', '89197337067ffff', '89197337007ffff', '8919733707bffff', '891973372b7ffff', '8919733706fffff', '89197337073ffff', '89197337063ffff', '89197337043ffff', '8919733702bffff', '89197337003ffff'}",1.0,9.0
891973370a3ffff,"{'891973370a7ffff', '89197337087ffff', '891973370bbffff', '8919733708fffff', '891973370afffff', '891973370abffff', '89197337033ffff', '89197337007ffff', '891973370a3ffff', '89197337037ffff', '89197337017ffff', '891973370b7ffff', '8919733757bffff', '8919733754bffff', '891973371dbffff', '891973370b3ffff', '8919733754fffff', '8919733756bffff', '891973371d3ffff'}",1.0,7.0
891973370abffff,"{'891973370a7ffff', '89197337023ffff', '89197337087ffff', '8919733708fffff', '891973370afffff', '891973370abffff', '8919733703bffff', '8919733700fffff', '89197337033ffff', '89197337007ffff', '891973370a3ffff', '89197337037ffff', '89197337013ffff', '89197337017ffff', '891973370b7ffff', '891973371dbffff', '891973370b3ffff', '891973370bbffff', '89197337003ffff'}",1.0,10.0
891973370b3ffff,"{'891973370a7ffff', '89197337087ffff', '891973370bbffff', '8919733708fffff', '891973370afffff', '891973370abffff', '89197337543ffff', '89197337083ffff', '89197337547ffff', '891973370a3ffff', '89197337017ffff', '891973370b7ffff', '8919733755bffff', '8919733757bffff', '8919733754bffff', '891973370b3ffff', '8919733754fffff', '89197337097ffff', '8919733756bffff'}",1.0,5.0
891973370bbffff,"{'891973370a7ffff', '89197337087ffff', '891973370bbffff', '8919733708fffff', '891973370afffff', '891973370abffff', '89197337083ffff', '89197337097ffff', '89197337033ffff', '89197337007ffff', '891973370a3ffff', '89197337013ffff', '89197337017ffff', '891973370b7ffff', '8919733754bffff', '891973370b3ffff', '8919733754fffff', '8919733708bffff', '89197337003ffff'}",2.0,7.0
891973370cbffff,"{'891973370d7ffff', '891973370cfffff', '891973370dbffff', '89197337627ffff', '89197337053ffff', '891973370c3ffff', '89197337057ffff', '8919733701bffff', '891973370cbffff', '891973376afffff', '891973370c7ffff', '891973370d3ffff', '8919733705bffff', '891973376a7ffff', '89197337637ffff', '89197337043ffff', '89197337623ffff', '89197337633ffff', '8919733762fffff'}",1.0,3.0
89197337103ffff,"{'8919733713bffff', '89197337117ffff', '89197337173ffff', '891973371cfffff', '891973371abffff', '89197337133ffff', '8919733711bffff', '8919733718fffff', '89197337147ffff', '89197337177ffff', '89197337113ffff', '8919733710fffff', '89197337103ffff', '891973371c7ffff', '89197337107ffff', '891973371bbffff', '89197337157ffff', '8919733710bffff', '8919733718bffff'}",1.0,11.0
89197337117ffff,"{'8919733713bffff', '89197337117ffff', '891973371a3ffff', '891973371b3ffff', '891973371abffff', '89197337133ffff', '8919733711bffff', '8919733718fffff', '89197337187ffff', '89197337113ffff', '8919733710fffff', '891973371afffff', '89197337103ffff', '89197337183ffff', '891973371c7ffff', '89197337107ffff', '891973371bbffff', '8919733710bffff', '8919733718bffff'}",1.0,8.0
89197337127ffff,"{'8919733444bffff', '89197334443ffff', '8919733713bffff', '89197334453ffff', '8919733712fffff', '89197334693ffff', '8919733712bffff', '891973344cfffff', '89197337133ffff', '89197337137ffff', '89197334697ffff', '8919733445bffff', '891973344dbffff', '891973371afffff', '89197337127ffff', '89197337123ffff', '89197334457ffff', '891973344c3ffff', '891973344cbffff'}",1.0,10.0
8919733712bffff,"{'8919733713bffff', '8919733712fffff', '89197334693ffff', '89197337173ffff', '8919733712bffff', '89197337133ffff', '89197337137ffff', '89197337177ffff', '89197334697ffff', '8919733716fffff', '8919733710fffff', '89197337127ffff', '8919733445bffff', '89197337123ffff', '89197337107ffff', '89197337167ffff', '8919733469bffff', '89197337163ffff', '89197334683ffff'}",3.0,10.0
8919733712fffff,"{'8919733444bffff', '89197334443ffff', '8919733713bffff', '89197334453ffff', '8919733712fffff', '89197334693ffff', '8919733712bffff', '89197337133ffff', '89197337137ffff', '89197334687ffff', '89197337177ffff', '89197334697ffff', '8919733445bffff', '89197337127ffff', '89197337123ffff', '89197337167ffff', '891973344cbffff', '8919733469bffff', '89197334683ffff'}",1.0,9.0
89197337133ffff,"{'8919733713bffff', '89197337117ffff', '8919733712fffff', '891973371a3ffff', '8919733712bffff', '891973371abffff', '89197337133ffff', '89197337137ffff', '89197337177ffff', '8919733710fffff', '89197337127ffff', '891973344dbffff', '891973371afffff', '89197337123ffff', '89197337103ffff', '89197337107ffff', '891973371bbffff', '891973344cbffff', '891973371a7ffff'}",1.0,10.0
89197337147ffff,"{'8919733715bffff', '89197337173ffff', '891973371cfffff', '8919733717bffff', '8919733711bffff', '8919733714fffff', '891973373b3ffff', '891973373b7ffff', '89197337177ffff', '89197337147ffff', '89197337143ffff', '8919733710fffff', '89197337103ffff', '8919733714bffff', '89197337157ffff', '8919733710bffff', '89197337163ffff', '8919733716bffff', '89197337153ffff'}",1.0,7.0
8919733715bffff,"{'89197337023ffff', '8919733715bffff', '8919733702fffff', '891973371cfffff', '891973371cbffff', '89197337397ffff', '8919733714fffff', '891973373b3ffff', '89197337147ffff', '89197337387ffff', '89197337037ffff', '89197337143ffff', '89197337027ffff', '89197337383ffff', '89197337393ffff', '8919733714bffff', '89197337157ffff', '8919733702bffff', '89197337153ffff'}",2.0,7.0
89197337163ffff,"{'891973373a7ffff', '8919733713bffff', '891973346d3ffff', '89197334693ffff', '89197337173ffff', '8919733717bffff', '8919733712bffff', '8919733714fffff', '89197337147ffff', '891973373b7ffff', '89197337177ffff', '8919733716fffff', '8919733710fffff', '891973346d7ffff', '89197337167ffff', '8919733710bffff', '8919733469bffff', '89197337163ffff', '8919733716bffff'}",1.0,9.0
8919733718fffff,"{'891973371d7ffff', '89197337117ffff', '891973371a3ffff', '8919733719bffff', '891973371b3ffff', '891973371abffff', '8919733711bffff', '89197337197ffff', '8919733718fffff', '89197337187ffff', '89197337113ffff', '8919733624bffff', '89197337193ffff', '89197337103ffff', '89197337183ffff', '891973371c7ffff', '89197337107ffff', '891973371bbffff', '8919733718bffff'}",2.0,7.0
891973371b7ffff,"{'89197336273ffff', '8919733624fffff', '891973344d3ffff', '891973371a3ffff', '89197336247ffff', '891973371b3ffff', '891973371abffff', '89197337187ffff', '8919733626bffff', '8919733624bffff', '891973344dbffff', '891973371afffff', '8919733626fffff', '8919733627bffff', '89197336243ffff', '891973371bbffff', '89197336263ffff', '891973371a7ffff', '891973371b7ffff'}",1.0,6.0
891973371bbffff,"{'8919733624fffff', '89197337117ffff', '891973371a3ffff', '891973371b3ffff', '891973371abffff', '89197337133ffff', '89197337197ffff', '8919733718fffff', '89197337187ffff', '89197337113ffff', '8919733624bffff', '891973371afffff', '89197337103ffff', '89197337183ffff', '89197337107ffff', '891973371bbffff', '891973371a7ffff', '891973371b7ffff', '8919733718bffff'}",2.0,8.0
891973371c7ffff,"{'891973371d7ffff', '89197337117ffff', '8919733756fffff', '891973371cfffff', '891973371cbffff', '8919733719bffff', '8919733711bffff', '8919733718fffff', '89197337113ffff', '89197337103ffff', '89197337183ffff', '891973371c7ffff', '891973371c3ffff', '891973371dbffff', '89197337157ffff', '8919733710bffff', '891973371d3ffff', '89197337153ffff', '8919733718bffff'}",1.0,7.0
891973371cfffff,"{'891973371d7ffff', '8919733715bffff', '891973371cfffff', '891973371cbffff', '8919733711bffff', '89197337147ffff', '89197337113ffff', '89197337037ffff', '89197337143ffff', '89197337027ffff', '89197337103ffff', '891973371c7ffff', '891973371c3ffff', '891973371dbffff', '89197337157ffff', '8919733710bffff', '891973371d3ffff', '89197337153ffff', '8919733718bffff'}",2.0,9.0
89197337247ffff,"{'89197337247ffff', '8919733721bffff', '89197337257ffff', '8919733725bffff', '8919733727bffff', '89197337263ffff', '89197337203ffff', '8919733720bffff', '89197337273ffff', '891973372cfffff', '89197337277ffff', '8919733720fffff', '8919733724fffff', '8919733724bffff', '891973309b3ffff', '89197337253ffff', '89197337243ffff', '8919733726bffff', '891973309b7ffff'}",2.0,5.0
8919733724fffff,"{'89197337247ffff', '8919733725bffff', '89197337263ffff', '8919733727bffff', '89197337257ffff', '891973309a3ffff', '8919733720bffff', '89197337273ffff', '8919733724bffff', '8919733724fffff', '891973309b3ffff', '891973309bbffff', '89197330997ffff', '89197337253ffff', '89197337243ffff', '8919733726bffff', '891973309b7ffff', '89197330987ffff', '891973309a7ffff'}",2.0,5.0
89197337263ffff,"{'89197337247ffff', '8919733722bffff', '8919733549bffff', '891973354d7ffff', '8919733723bffff', '89197337263ffff', '8919733727bffff', '89197337267ffff', '89197335493ffff', '8919733720bffff', '89197337273ffff', '891973354d3ffff', '89197337277ffff', '8919733720fffff', '8919733724fffff', '8919733726fffff', '8919733726bffff', '891973309b7ffff', '891973309a7ffff'}",1.0,6.0
8919733730bffff,"{'89197337353ffff', '89197337363ffff', '8919733731bffff', '89197337313ffff', '8919733734fffff', '89197337377ffff', '891973373c7ffff', '89197337357ffff', '8919733733bffff', '8919733737bffff', '89197337347ffff', '89197337303ffff', '89197337317ffff', '891973373cfffff', '8919733730bffff', '8919733730fffff', '89197337307ffff', '89197337343ffff', '89197337373ffff'}",1.0,6.0
89197337343ffff,"{'89197337353ffff', '8919733735bffff', '8919733731bffff', '8919733734fffff', '891973354b3ffff', '891973354b7ffff', '89197337357ffff', '8919733737bffff', '89197337347ffff', '891973373cfffff', '89197335497ffff', '8919733730bffff', '8919733734bffff', '891973373cbffff', '8919733722fffff', '89197335487ffff', '89197337227ffff', '89197337343ffff', '89197337373ffff'}",3.0,7.0
89197337357ffff,"{'89197337353ffff', '8919733735bffff', '8919733731bffff', '89197337313ffff', '8919733734fffff', '891973373c7ffff', '89197337357ffff', '8919733737bffff', '89197337347ffff', '89197337303ffff', '891973373cfffff', '8919733730bffff', '8919733734bffff', '8919733730fffff', '891973373cbffff', '89197337227ffff', '89197337343ffff', '891973373c3ffff', '89197337373ffff'}",1.0,6.0
8919733739bffff,"{'8919733702fffff', '8919733738bffff', '89197337313ffff', '8919733738fffff', '89197337397ffff', '89197337077ffff', '8919733706bffff', '89197337067ffff', '891973373c7ffff', '89197337387ffff', '89197337383ffff', '891973373d3ffff', '8919733706fffff', '89197337393ffff', '89197337063ffff', '8919733739bffff', '8919733702bffff', '891973373c3ffff', '891973373d7ffff'}",2.0,3.0
891973373a7ffff,"{'891973346dbffff', '891973373a7ffff', '891973346d3ffff', '891973373bbffff', '8919733717bffff', '89197337333ffff', '891973373afffff', '8919733714fffff', '891973346c3ffff', '891973373b3ffff', '891973373b7ffff', '8919733716fffff', '89197337337ffff', '891973346d7ffff', '8919733716bffff', '891973373abffff', '891973346cbffff', '89197337163ffff', '891973373a3ffff'}",1.0,3.0
891973373cfffff,"{'89197337353ffff', '8919733735bffff', '8919733731bffff', '8919733738bffff', '89197337313ffff', '891973373c7ffff', '89197337357ffff', '891973373d3ffff', '891973373dbffff', '89197337237ffff', '89197337347ffff', '89197337303ffff', '891973373cfffff', '8919733730bffff', '891973373cbffff', '89197337227ffff', '89197337343ffff', '891973373c3ffff', '891973373d7ffff'}",1.0,6.0
89197337427ffff,"{'89197337423ffff', '89197337553ffff', '8919733742bffff', '891973375dbffff', '89197337543ffff', '89197337097ffff', '8919733743bffff', '89197337427ffff', '8919733742fffff', '8919733755bffff', '891973374afffff', '89197337437ffff', '8919733754bffff', '891973375c3ffff', '891973375cbffff', '89197337093ffff', '89197337433ffff', '89197337557ffff', '891973375cfffff'}",1.0,1.0
891973374b7ffff,"{'891973adb4fffff', '891973374b7ffff', '891973adb6fffff', '891973375dbffff', '891973374abffff', '891973adb63ffff', '891973adb4bffff', '891973adb6bffff', '891973374bbffff', '891973374b3ffff', '891973adb7bffff', '891973adb43ffff', '891973374afffff', '891973adb73ffff', '89197337487ffff', '891973374a7ffff', '891973375d3ffff', '891973adb47ffff', '891973374a3ffff'}",1.0,1.0
891973374d7ffff,"{'8919733748fffff', '891973374c7ffff', '891973374c3ffff', '891973ada63ffff', '89197337493ffff', '891973ada6fffff', '891973ada67ffff', '891973374cfffff', '891973329a7ffff', '8919733741bffff', '8919733748bffff', '8919733749bffff', '89197337413ffff', '891973374d7ffff', '891973ada6bffff', '891973374cbffff', '891973374d3ffff', '89197337483ffff', '891973374dbffff'}",1.0,1.0
891973375a3ffff,"{'89197337587ffff', '891973375afffff', '8919733664fffff', '891973375a7ffff', '891973375abffff', '8919733664bffff', '8919733666bffff', '89197337537ffff', '891973375b3ffff', '8919733758fffff', '89197337517ffff', '891973375a3ffff', '891973375b7ffff', '891973375bbffff', '891973362d3ffff', '891973362dbffff', '89197337533ffff', '8919733667bffff', '89197337507ffff'}",3.0,10.0
891973375abffff,"{'89197337587ffff', '891973375afffff', '89197337507ffff', '891973375a7ffff', '8919733753bffff', '891973375abffff', '89197337537ffff', '891973375b3ffff', '8919733758fffff', '8919733750fffff', '89197337517ffff', '891973375a3ffff', '891973375b7ffff', '891973375bbffff', '89197337513ffff', '891973362dbffff', '89197337533ffff', '89197337503ffff', '89197337523ffff'}",1.0,8.0
891973375b3ffff,"{'89197337587ffff', '891973375afffff', '8919733664fffff', '891973375a7ffff', '89197337583ffff', '891973375abffff', '8919733664bffff', '8919733666bffff', '891973375b3ffff', '89197336643ffff', '8919733758fffff', '89197337517ffff', '891973375a3ffff', '891973375b7ffff', '891973375bbffff', '8919733665bffff', '89197337597ffff', '89197336647ffff', '8919733667bffff'}",4.0,13.0
891973376cbffff,"{'89197332b23ffff', '891973376d7ffff', '89197337653ffff', '89197337657ffff', '891973376c7ffff', '89197332bafffff', '8919733761bffff', '891973376c3ffff', '89197332b27ffff', '89197337643ffff', '891973376dbffff', '89197332b2fffff', '891973376d3ffff', '89197332b33ffff', '891973376cbffff', '8919733765bffff', '89197332ba7ffff', '891973376cfffff', '89197332b37ffff'}",3.0,4.0
891973376dbffff,"{'89197332b23ffff', '89197332bb7ffff', '891973376d7ffff', '89197337653ffff', '891973376c7ffff', '89197332bafffff', '891973376c3ffff', '89197332b27ffff', '8919733296fffff', '891973376dbffff', '8919733296bffff', '891973376d3ffff', '89197332b33ffff', '891973376cbffff', '89197332babffff', '89197332ba7ffff', '89197332ba3ffff', '891973376cfffff', '89197332b37ffff'}",1.0,4.0
891973ad847ffff,"{'891973adab7ffff', '891973ad86bffff', '891973ad877ffff', '891973ad803ffff', '891973ad847ffff', '891973ad81bffff', '891973ad863ffff', '891973ad87bffff', '891973ad80fffff', '891973ad857ffff', '891973ad873ffff', '891973ad80bffff', '891973ad853ffff', '891973adab3ffff', '891973ad8cfffff', '891973ad85bffff', '891973ad843ffff', '891973ad84bffff', '891973ad84fffff'}",1.0,1.0
891973adb33ffff,"{'891973adb0fffff', '891973adb27ffff', '891973adbafffff', '891973adb23ffff', '891973adb03ffff', '891973adb17ffff', '891973adbabffff', '891973adb2fffff', '891973adb2bffff', '891973adbbbffff', '891973366dbffff', '891973adba7ffff', '891973adb33ffff', '891973adb07ffff', '891973adba3ffff', '891973adb77ffff', '891973adb37ffff', '891973adb3bffff', '891973366cbffff'}",2.0,6.0
891973adbabffff,"{'891973adb87ffff', '891973adb0fffff', '891973adbafffff', '891973adb23ffff', '891973adb03ffff', '891973adbb3ffff', '891973adb17ffff', '891973adbabffff', '891973adbbbffff', '891973adbb7ffff', '891973366dbffff', '891973adb33ffff', '891973adba7ffff', '891973adb8fffff', '891973adb07ffff', '891973adb37ffff', '891973adb13ffff', '891973adba3ffff', '891973adb3bffff'}",3.0,8.0
891973adbafffff,"{'891973366d3ffff', '891973adb27ffff', '891973adbafffff', '891973adb23ffff', '891973adbb3ffff', '891973adb17ffff', '891973adbabffff', '891973ad96bffff', '891973adbbbffff', '891973366c3ffff', '891973366dbffff', '891973adbb7ffff', '891973adb33ffff', '891973adba7ffff', '891973adb07ffff', '891973adb37ffff', '891973adba3ffff', '891973adb3bffff', '891973366cbffff'}",1.0,8.0
891973adbb3ffff,"{'891973ad947ffff', '891973ad943ffff', '891973adb87ffff', '891973ad94fffff', '891973adbafffff', '891973ad94bffff', '891973adbb3ffff', '891973ad95bffff', '891973adb97ffff', '891973adb17ffff', '891973adbabffff', '891973ad96bffff', '891973adbbbffff', '891973adbb7ffff', '891973adb83ffff', '891973adba7ffff', '891973adb8fffff', '891973ad97bffff', '891973adba3ffff'}",2.0,6.0
