local_tile,local_tiles,density,local_density
89194ac3497ffff,"{'89194ad1a2bffff', '89194ac3487ffff', '89194ad1b43ffff', '89194ad1a2fffff', '89194ad1b4bffff', '89194ad1b53ffff', '89194ac348fffff', '89194ac3483ffff', '89194ac3493ffff', '89194ad1a27ffff', '89194ac348bffff', '89194ad1a67ffff', '89194ac34b3ffff', '89194ac349bffff', '89194ac3497ffff', '89194ad1b5bffff', '89194ac34bbffff', '89194ad1b4fffff', '89194ad1a23ffff'}",1.0,4.0
89194ad000fffff,"{'89194ad0067ffff', '89194ad0023ffff', '89194ad003bffff', '89194ad00abffff', '89194ad0033ffff', '89194ad0017ffff', '89194ad0077ffff', '89194ad0003ffff', '89194ad002bffff', '89194ad0007ffff', '89194ad000fffff', '89194ad001bffff', '89194ad0047ffff', '89194ad0073ffff', '89194ad007bffff', '89194ad000bffff', '89194ad0013ffff', '89194ad0057ffff', '89194ad0063ffff'}",2.0,7.0
89194ad0023ffff,"{'89194ad0067ffff', '89194ad015bffff', '89194ad0037ffff', '89194ad0393ffff', '89194ad0023ffff', '89194ad003bffff', '89194ad01cbffff', '89194ad0027ffff', '89194ad00abffff', '89194ad0033ffff', '89194ad0153ffff', '89194ad0077ffff', '89194ad002bffff', '89194ad00afffff', '89194ad0397ffff', '89194ad002fffff', '89194ad0007ffff', '89194ad000fffff', '89194ad01dbffff'}",5.0,28.0
89194ad0027ffff,"{'89194ad0143ffff', '89194ad015bffff', '89194ad0037ffff', '89194ad0023ffff', '89194ad0393ffff', '89194ad01cbffff', '89194ad003bffff', '89194ad014bffff', '89194ad0027ffff', '89194ad0157ffff', '89194ad0033ffff', '89194ad0153ffff', '89194ad002bffff', '89194ad01c3ffff', '89194ad00afffff', '89194ad0397ffff', '89194ad002fffff', '89194ad01cfffff', '89194ad01dbffff'}",7.0,36.0
89194ad006bffff,"{'89194ad039bffff', '89194ad0067ffff', '89194ad0077ffff', '89194ad02b7ffff', '89194ad02a7ffff', '89194ad03d7ffff', '89194ad006bffff', '89194ad02a3ffff', '89194ad03dbffff', '89194ad03d3ffff', '89194ad004fffff', '89194ad006fffff', '89194ad02afffff', '89194ad03c3ffff', '89194ad0047ffff', '89194ad0073ffff', '89194ad007bffff', '89194ad02b3ffff', '89194ad0063ffff'}",5.0,5.0
89194ad0083ffff,"{'89194ad00c7ffff', '89194ad0467ffff', '89194ad008fffff', '89194ad054bffff', '89194ad0017ffff', '89194ad00d7ffff', '89194ad046fffff', '89194ad042fffff', '89194ad0093ffff', '89194ad055bffff', '89194ad00b3ffff', '89194ad042bffff', '89194ad0087ffff', '89194ad008bffff', '89194ad0097ffff', '89194ad0083ffff', '89194ad0013ffff', '89194ad009bffff', '89194ad00bbffff'}",2.0,30.0
89194ad0087ffff,"{'89194ad00a3ffff', '89194ad00b7ffff', '89194ad00abffff', '89194ad008fffff', '89194ad054bffff', '89194ad0017ffff', '89194ad042fffff', '89194ad0093ffff', '89194ad0543ffff', '89194ad055bffff', '89194ad00b3ffff', '89194ad0087ffff', '89194ad008bffff', '89194ad0097ffff', '89194ad0083ffff', '89194ad054fffff', '89194ad0013ffff', '89194ad009bffff', '89194ad00bbffff'}",1.0,30.0
89194ad008fffff,"{'89194ad00a3ffff', '89194ad00c7ffff', '89194ad00abffff', '89194ad008fffff', '89194ad054bffff', '89194ad0017ffff', '89194ad0003ffff', '89194ad00d7ffff', '89194ad0007ffff', '89194ad0093ffff', '89194ad00b3ffff', '89194ad001bffff', '89194ad0087ffff', '89194ad008bffff', '89194ad0097ffff', '89194ad0083ffff', '89194ad0013ffff', '89194ad009bffff', '89194ad00bbffff'}",1.0,28.0
89194ad0097ffff,"{'89194ad0467ffff', '89194ad008fffff', '89194ad054bffff', '89194ad0423ffff', '89194ad0553ffff', '89194ad042fffff', '89194ad0093ffff', '89194ad0543ffff', '89194ad055bffff', '89194ad042bffff', '89194ad00b3ffff', '89194ad0427ffff', '89194ad0087ffff', '89194ad008bffff', '89194ad0083ffff', '89194ad0097ffff', '89194ad054fffff', '89194ad009bffff', '89194ad00bbffff'}",13.0,28.0
89194ad00a3ffff,"{'89194ad00a3ffff', '89194ad0037ffff', '89194ad057bffff', '89194ad00b7ffff', '89194ad00abffff', '89194ad008fffff', '89194ad054bffff', '89194ad0033ffff', '89194ad0017ffff', '89194ad056bffff', '89194ad00afffff', '89194ad0007ffff', '89194ad01dbffff', '89194ad00b3ffff', '89194ad00a7ffff', '89194ad0087ffff', '89194ad01d3ffff', '89194ad054fffff', '89194ad00bbffff'}",4.0,22.0
89194ad00afffff,"{'89194ad00a3ffff', '89194ad0037ffff', '89194ad0023ffff', '89194ad003bffff', '89194ad01cbffff', '89194ad00b7ffff', '89194ad0027ffff', '89194ad00abffff', '89194ad0033ffff', '89194ad0017ffff', '89194ad01c3ffff', '89194ad056bffff', '89194ad00afffff', '89194ad0007ffff', '89194ad01dbffff', '89194ad00b3ffff', '89194ad00a7ffff', '89194ad01d3ffff', '89194ad00bbffff'}",8.0,32.0
89194ad00b3ffff,"{'89194ad00a3ffff', '89194ad057bffff', '89194ad00b7ffff', '89194ad00abffff', '89194ad008fffff', '89194ad054bffff', '89194ad0547ffff', '89194ad0017ffff', '89194ad056bffff', '89194ad00afffff', '89194ad0543ffff', '89194ad055bffff', '89194ad00b3ffff', '89194ad00a7ffff', '89194ad0087ffff', '89194ad0097ffff', '89194ad0083ffff', '89194ad054fffff', '89194ad00bbffff'}",5.0,34.0
89194ad00c3ffff,"{'89194ad00c7ffff', '89194ad0627ffff', '89194ad06afffff', '89194ad00d3ffff', '89194ad00dbffff', '89194ad046bffff', '89194ad0637ffff', '89194ad00d7ffff', '89194ad046fffff', '89194ad06a7ffff', '89194ad00cfffff', '89194ad001bffff', '89194ad008bffff', '89194ad009bffff', '89194ad00c3ffff', '89194ad0013ffff', '89194ad0057ffff', '89194ad00cbffff', '89194ad0053ffff'}",2.0,16.0
89194ad00cbffff,"{'89194ad00c7ffff', '89194ad0627ffff', '89194ad06afffff', '89194ad062fffff', '89194ad00d3ffff', '89194ad00dbffff', '89194ad0637ffff', '89194ad00d7ffff', '89194ad0043ffff', '89194ad06a7ffff', '89194ad005bffff', '89194ad0623ffff', '89194ad001bffff', '89194ad00c3ffff', '89194ad0633ffff', '89194ad00cfffff', '89194ad0057ffff', '89194ad00cbffff', '89194ad0053ffff'}",7.0,43.0
89194ad00d3ffff,"{'89194ad00c7ffff', '89194ad0463ffff', '89194ad06afffff', '89194ad06a3ffff', '89194ad0467ffff', '89194ad00d3ffff', '89194ad00dbffff', '89194ad046bffff', '89194ad0637ffff', '89194ad00d7ffff', '89194ad046fffff', '89194ad047bffff', '89194ad06a7ffff', '89194ad06b7ffff', '89194ad008bffff', '89194ad009bffff', '89194ad00c3ffff', '89194ad00cfffff', '89194ad00cbffff'}",2.0,31.0
89194ad00d7ffff,"{'89194ad00c7ffff', '89194ad0463ffff', '89194ad0467ffff', '89194ad00d3ffff', '89194ad00dbffff', '89194ad046bffff', '89194ad008fffff', '89194ad00d7ffff', '89194ad046fffff', '89194ad0013ffff', '89194ad06a7ffff', '89194ad0093ffff', '89194ad001bffff', '89194ad008bffff', '89194ad0083ffff', '89194ad009bffff', '89194ad00c3ffff', '89194ad00cfffff', '89194ad00cbffff'}",2.0,18.0
89194ad010bffff,"{'89194ad0143ffff', '89194ad01c7ffff', '89194ad013bffff', '89194ad010fffff', '89194ad0157ffff', '89194ad0163ffff', '89194ad0113ffff', '89194ad0153ffff', '89194ad0177ffff', '89194ad017bffff', '89194ad0173ffff', '89194ad014fffff', '89194ad01cfffff', '89194ad0117ffff', '89194ad0103ffff', '89194ad010bffff', '89194ad011bffff', '89194ad0147ffff', '89194ad0107ffff'}",1.0,15.0
89194ad0113ffff,"{'89194ad018fffff', '89194ad018bffff', '89194ad01c7ffff', '89194ad01abffff', '89194ad0183ffff', '89194ad010fffff', '89194ad0157ffff', '89194ad0113ffff', '89194ad01c3ffff', '89194ad01cfffff', '89194ad01d7ffff', '89194ad0117ffff', '89194ad0103ffff', '89194ad019bffff', '89194ad010bffff', '89194ad011bffff', '89194ad01bbffff', '89194ad0187ffff', '89194ad0107ffff'}",7.0,45.0
89194ad0123ffff,"{'89194ad0137ffff', '89194ad0167ffff', '89194ad01abffff', '89194ad0127ffff', '89194ad012bffff', '89194ad013bffff', '89194ad0133ffff', '89194ad010fffff', '89194ad01afffff', '89194ad0e93ffff', '89194ad0cdbffff', '89194ad0177ffff', '89194ad012fffff', '89194ad0ccbffff', '89194ad0e97ffff', '89194ad0123ffff', '89194ad0c5bffff', '89194ad0107ffff', '89194ad0c53ffff'}",1.0,16.0
89194ad0137ffff,"{'89194ad0137ffff', '89194ad0cd3ffff', '89194ad0127ffff', '89194ad01abffff', '89194ad012bffff', '89194ad013bffff', '89194ad0133ffff', '89194ad0cc3ffff', '89194ad01afffff', '89194ad0cdbffff', '89194ad012fffff', '89194ad01a3ffff', '89194ad0ccfffff', '89194ad0ccbffff', '89194ad0123ffff', '89194ad0c5bffff', '89194ad01a7ffff', '89194ad0107ffff', '89194ad0c53ffff'}",12.0,18.0
89194ad014bffff,"{'89194ad0143ffff', '89194ad015bffff', '89194ad0393ffff', '89194ad014bffff', '89194ad0027ffff', '89194ad0157ffff', '89194ad03b3ffff', '89194ad0153ffff', '89194ad038fffff', '89194ad017bffff', '89194ad014fffff', '89194ad03a3ffff', '89194ad0397ffff', '89194ad002fffff', '89194ad03bbffff', '89194ad03b7ffff', '89194ad0387ffff', '89194ad0383ffff', '89194ad0147ffff'}",7.0,32.0
89194ad0157ffff,"{'89194ad0143ffff', '89194ad015bffff', '89194ad01cbffff', '89194ad01c7ffff', '89194ad014bffff', '89194ad0027ffff', '89194ad010fffff', '89194ad0157ffff', '89194ad0113ffff', '89194ad0153ffff', '89194ad0173ffff', '89194ad017bffff', '89194ad014fffff', '89194ad01c3ffff', '89194ad01cfffff', '89194ad0103ffff', '89194ad010bffff', '89194ad011bffff', '89194ad0147ffff'}",3.0,33.0
89194ad015bffff,"{'89194ad0143ffff', '89194ad015bffff', '89194ad0037ffff', '89194ad0023ffff', '89194ad0393ffff', '89194ad01cbffff', '89194ad014bffff', '89194ad0027ffff', '89194ad0157ffff', '89194ad03b3ffff', '89194ad0153ffff', '89194ad002bffff', '89194ad014fffff', '89194ad0397ffff', '89194ad002fffff', '89194ad01cfffff', '89194ad0383ffff', '89194ad0387ffff', '89194ad0147ffff'}",4.0,31.0
89194ad0173ffff,"{'89194ad0143ffff', '89194ad0167ffff', '89194ad012bffff', '89194ad013bffff', '89194ad010fffff', '89194ad0157ffff', '89194ad0163ffff', '89194ad0177ffff', '89194ad0173ffff', '89194ad017bffff', '89194ad014fffff', '89194ad016fffff', '89194ad016bffff', '89194ad0103ffff', '89194ad03b7ffff', '89194ad010bffff', '89194ad011bffff', '89194ad0147ffff', '89194ad0107ffff'}",4.0,8.0
89194ad0183ffff,"{'89194ad018fffff', '89194ad018bffff', '89194ad2a5bffff', '89194ad01c7ffff', '89194ad056fffff', '89194ad0183ffff', '89194ad0113ffff', '89194ad0197ffff', '89194ad01b3ffff', '89194ad052bffff', '89194ad0193ffff', '89194ad01d7ffff', '89194ad0117ffff', '89194ad019bffff', '89194ad2a4bffff', '89194ad01bbffff', '89194ad0187ffff', '89194ad0567ffff', '89194ad052fffff'}",24.0,52.0
89194ad0187ffff,"{'89194ad018fffff', '89194ad018bffff', '89194ad2a5bffff', '89194ad2a4fffff', '89194ad01abffff', '89194ad0183ffff', '89194ad01b7ffff', '89194ad0113ffff', '89194ad01a3ffff', '89194ad0197ffff', '89194ad01b3ffff', '89194ad0193ffff', '89194ad0117ffff', '89194ad2a43ffff', '89194ad019bffff', '89194ad2a4bffff', '89194ad01bbffff', '89194ad0187ffff', '89194ad052fffff'}",1.0,59.0
89194ad018bffff,"{'89194ad018fffff', '89194ad018bffff', '89194ad01c7ffff', '89194ad056fffff', '89194ad0183ffff', '89194ad0113ffff', '89194ad01c3ffff', '89194ad0197ffff', '89194ad01cfffff', '89194ad0193ffff', '89194ad01d7ffff', '89194ad0117ffff', '89194ad0103ffff', '89194ad019bffff', '89194ad01d3ffff', '89194ad011bffff', '89194ad01bbffff', '89194ad0187ffff', '89194ad0567ffff'}",4.0,46.0
89194ad018fffff,"{'89194ad018fffff', '89194ad018bffff', '89194ad01c7ffff', '89194ad01abffff', '89194ad0183ffff', '89194ad0113ffff', '89194ad01a3ffff', '89194ad0197ffff', '89194ad01b3ffff', '89194ad0193ffff', '89194ad01d7ffff', '89194ad0117ffff', '89194ad0103ffff', '89194ad019bffff', '89194ad011bffff', '89194ad2a4bffff', '89194ad01bbffff', '89194ad0187ffff', '89194ad0107ffff'}",3.0,47.0
89194ad0193ffff,"{'89194ad018fffff', '89194ad018bffff', '89194ad2a5bffff', '89194ad056fffff', '89194ad0577ffff', '89194ad0183ffff', '89194ad0563ffff', '89194ad0527ffff', '89194ad0197ffff', '89194ad052bffff', '89194ad0193ffff', '89194ad01d7ffff', '89194ad019bffff', '89194ad053bffff', '89194ad0523ffff', '89194ad2a4bffff', '89194ad0187ffff', '89194ad0567ffff', '89194ad052fffff'}",4.0,48.0
89194ad0197ffff,"{'89194ad018fffff', '89194ad018bffff', '89194ad2a5bffff', '89194ad2a4fffff', '89194ad0183ffff', '89194ad0527ffff', '89194ad2a53ffff', '89194ad0197ffff', '89194ad01b3ffff', '89194ad052bffff', '89194ad0193ffff', '89194ad2a43ffff', '89194ad019bffff', '89194ad0523ffff', '89194ad2a4bffff', '89194ad01bbffff', '89194ad0187ffff', '89194ad0567ffff', '89194ad052fffff'}",2.0,58.0
89194ad01abffff,"{'89194ad018fffff', '89194ad0137ffff', '89194ad01abffff', '89194ad013bffff', '89194ad0133ffff', '89194ad010fffff', '89194ad01afffff', '89194ad01b7ffff', '89194ad0113ffff', '89194ad0cdbffff', '89194ad01a3ffff', '89194ad01b3ffff', '89194ad0117ffff', '89194ad0103ffff', '89194ad0123ffff', '89194ad01bbffff', '89194ad0187ffff', '89194ad01a7ffff', '89194ad0107ffff'}",2.0,27.0
89194ad01afffff,"{'89194ad2a6bffff', '89194ad0137ffff', '89194ad0cd3ffff', '89194ad01abffff', '89194ad0127ffff', '89194ad013bffff', '89194ad0133ffff', '89194ad0cc3ffff', '89194ad01b7ffff', '89194ad01afffff', '89194ad0cdbffff', '89194ad01a3ffff', '89194ad01b3ffff', '89194ad0117ffff', '89194ad0ccbffff', '89194ad0123ffff', '89194ad01bbffff', '89194ad01a7ffff', '89194ad0107ffff'}",1.0,17.0
89194ad01d3ffff,"{'89194ad00a3ffff', '89194ad0037ffff', '89194ad018bffff', '89194ad01cbffff', '89194ad01c7ffff', '89194ad056fffff', '89194ad057bffff', '89194ad00b7ffff', '89194ad0563ffff', '89194ad01c3ffff', '89194ad056bffff', '89194ad00afffff', '89194ad01cfffff', '89194ad01d7ffff', '89194ad01dbffff', '89194ad00a7ffff', '89194ad019bffff', '89194ad01d3ffff', '89194ad0567ffff'}",1.0,19.0
89194ad01dbffff,"{'89194ad00a3ffff', '89194ad0037ffff', '89194ad0023ffff', '89194ad01cbffff', '89194ad01c7ffff', '89194ad056fffff', '89194ad00b7ffff', '89194ad0027ffff', '89194ad00abffff', '89194ad0033ffff', '89194ad0153ffff', '89194ad01c3ffff', '89194ad056bffff', '89194ad00afffff', '89194ad01cfffff', '89194ad01d7ffff', '89194ad01dbffff', '89194ad00a7ffff', '89194ad01d3ffff'}",2.0,27.0
89194ad0207ffff,"{'89194ad0213ffff', '89194ad0203ffff', '89194ad0237ffff', '89194ad0223ffff', '89194ad020bffff', '89194ad0217ffff', '89194ad0207ffff', '89194ad02a3ffff', '89194ad020fffff', '89194ad0273ffff', '89194ad02afffff', '89194ad0277ffff', '89194ad023bffff', '89194ad022bffff', '89194ad02abffff', '89194ad02bbffff', '89194ad0233ffff', '89194ad028fffff', '89194ad021bffff'}",4.0,43.0
89194ad0213ffff,"{'89194ad0213ffff', '89194ad028bffff', '89194ad0203ffff', '89194ad029bffff', '89194ad02c7ffff', '89194ad02c3ffff', '89194ad020bffff', '89194ad0217ffff', '89194ad0207ffff', '89194ad0283ffff', '89194ad0257ffff', '89194ad020fffff', '89194ad02cfffff', '89194ad0287ffff', '89194ad02d7ffff', '89194ad02abffff', '89194ad02bbffff', '89194ad028fffff', '89194ad021bffff'}",2.0,48.0
89194ad0217ffff,"{'89194ad0213ffff', '89194ad028bffff', '89194ad0203ffff', '89194ad02c7ffff', '89194ad020bffff', '89194ad0217ffff', '89194ad0207ffff', '89194ad0283ffff', '89194ad02a3ffff', '89194ad020fffff', '89194ad02afffff', '89194ad0287ffff', '89194ad023bffff', '89194ad02b3ffff', '89194ad02abffff', '89194ad02bbffff', '89194ad0233ffff', '89194ad028fffff', '89194ad021bffff'}",12.0,48.0
89194ad0223ffff,"{'89194ad1c93ffff', '89194ad0237ffff', '89194ad0223ffff', '89194ad0207ffff', '89194ad0227ffff', '89194ad035bffff', '89194ad03dbffff', '89194ad0353ffff', '89194ad020fffff', '89194ad0267ffff', '89194ad0277ffff', '89194ad02afffff', '89194ad1c97ffff', '89194ad03cbffff', '89194ad023bffff', '89194ad022bffff', '89194ad022fffff', '89194ad02abffff', '89194ad0233ffff'}",3.0,18.0
89194ad0237ffff,"{'89194ad0237ffff', '89194ad0223ffff', '89194ad02a7ffff', '89194ad0207ffff', '89194ad0227ffff', '89194ad02a3ffff', '89194ad03dbffff', '89194ad0353ffff', '89194ad03d3ffff', '89194ad035bffff', '89194ad02afffff', '89194ad03c3ffff', '89194ad03cfffff', '89194ad03cbffff', '89194ad023bffff', '89194ad022bffff', '89194ad022fffff', '89194ad02abffff', '89194ad0233ffff'}",1.0,15.0
89194ad024fffff,"{'89194ad025bffff', '89194ad024fffff', '89194ad020bffff', '89194ad11a3ffff', '89194ad024bffff', '89194ad0263ffff', '89194ad0257ffff', '89194ad1187ffff', '89194ad0273ffff', '89194ad027bffff', '89194ad11bbffff', '89194ad026bffff', '89194ad0243ffff', '89194ad0253ffff', '89194ad0247ffff', '89194ad11b7ffff', '89194ad1197ffff', '89194ad11b3ffff', '89194ad11a7ffff'}",1.0,17.0
89194ad0267ffff,"{'89194ad1c93ffff', '89194ad1c9bffff', '89194ad1c8bffff', '89194ad026fffff', '89194ad0223ffff', '89194ad0263ffff', '89194ad020fffff', '89194ad0267ffff', '89194ad0277ffff', '89194ad0273ffff', '89194ad1c97ffff', '89194ad027bffff', '89194ad1c83ffff', '89194ad1cd3ffff', '89194ad023bffff', '89194ad022bffff', '89194ad026bffff', '89194ad022fffff', '89194ad1cd7ffff'}",2.0,7.0
89194ad0277ffff,"{'89194ad1c93ffff', '89194ad1c9bffff', '89194ad026fffff', '89194ad0203ffff', '89194ad0223ffff', '89194ad020bffff', '89194ad0207ffff', '89194ad0263ffff', '89194ad020fffff', '89194ad0267ffff', '89194ad0273ffff', '89194ad0277ffff', '89194ad027bffff', '89194ad023bffff', '89194ad022bffff', '89194ad026bffff', '89194ad0247ffff', '89194ad022fffff', '89194ad0233ffff'}",1.0,10.0
89194ad0283ffff,"{'89194ad0213ffff', '89194ad0297ffff', '89194ad028bffff', '89194ad062fffff', '89194ad029bffff', '89194ad02c7ffff', '89194ad004bffff', '89194ad0667ffff', '89194ad066fffff', '89194ad0283ffff', '89194ad0293ffff', '89194ad005bffff', '89194ad0287ffff', '89194ad028fffff', '89194ad02d7ffff', '89194ad02b3ffff', '89194ad02bbffff', '89194ad062bffff', '89194ad0217ffff'}",3.0,83.0
89194ad028bffff,"{'89194ad0213ffff', '89194ad02d3ffff', '89194ad0297ffff', '89194ad028bffff', '89194ad0203ffff', '89194ad029bffff', '89194ad02c7ffff', '89194ad02c3ffff', '89194ad0667ffff', '89194ad066fffff', '89194ad0283ffff', '89194ad0293ffff', '89194ad02cfffff', '89194ad0287ffff', '89194ad028fffff', '89194ad02d7ffff', '89194ad02bbffff', '89194ad0217ffff', '89194ad021bffff'}",5.0,53.0
89194ad028fffff,"{'89194ad0213ffff', '89194ad0297ffff', '89194ad028bffff', '89194ad0203ffff', '89194ad029bffff', '89194ad02c7ffff', '89194ad004bffff', '89194ad0207ffff', '89194ad0283ffff', '89194ad02a3ffff', '89194ad0293ffff', '89194ad0287ffff', '89194ad028fffff', '89194ad02d7ffff', '89194ad02b3ffff', '89194ad02abffff', '89194ad02bbffff', '89194ad0217ffff', '89194ad021bffff'}",15.0,48.0
89194ad02abffff,"{'89194ad0213ffff', '89194ad0203ffff', '89194ad0237ffff', '89194ad0223ffff', '89194ad02b7ffff', '89194ad02a7ffff', '89194ad0217ffff', '89194ad0207ffff', '89194ad02a3ffff', '89194ad03dbffff', '89194ad020fffff', '89194ad02afffff', '89194ad0287ffff', '89194ad023bffff', '89194ad02b3ffff', '89194ad02abffff', '89194ad02bbffff', '89194ad0233ffff', '89194ad028fffff'}",1.0,42.0
89194ad02bbffff,"{'89194ad0213ffff', '89194ad0297ffff', '89194ad028bffff', '89194ad0203ffff', '89194ad004bffff', '89194ad02b7ffff', '89194ad02a7ffff', '89194ad0217ffff', '89194ad0207ffff', '89194ad0283ffff', '89194ad02a3ffff', '89194ad004fffff', '89194ad02afffff', '89194ad0287ffff', '89194ad02b3ffff', '89194ad02abffff', '89194ad02bbffff', '89194ad0233ffff', '89194ad028fffff'}",4.0,46.0
89194ad02c7ffff,"{'89194ad02cbffff', '89194ad0213ffff', '89194ad02d3ffff', '89194ad028bffff', '89194ad0203ffff', '89194ad02dbffff', '89194ad029bffff', '89194ad02c7ffff', '89194ad02c3ffff', '89194ad020bffff', '89194ad0217ffff', '89194ad066fffff', '89194ad0283ffff', '89194ad0257ffff', '89194ad02cfffff', '89194ad02d7ffff', '89194ad0253ffff', '89194ad028fffff', '89194ad021bffff'}",2.0,39.0
89194ad0307ffff,"{'89194ad030bffff', '89194ad0313ffff', '89194ad0337ffff', '89194ad0377ffff', '89194ad03abffff', '89194ad038fffff', '89194ad03a3ffff', '89194ad0373ffff', '89194ad0307ffff', '89194ad033bffff', '89194ad031bffff', '89194ad0317ffff', '89194ad0323ffff', '89194ad0333ffff', '89194ad0303ffff', '89194ad03bbffff', '89194ad03afffff', '89194ad032bffff', '89194ad030fffff'}",8.0,37.0
89194ad0317ffff,"{'89194ad030bffff', '89194ad0313ffff', '89194ad03c7ffff', '89194ad03b3ffff', '89194ad03abffff', '89194ad038fffff', '89194ad038bffff', '89194ad03a3ffff', '89194ad0307ffff', '89194ad033bffff', '89194ad031bffff', '89194ad0317ffff', '89194ad0333ffff', '89194ad0303ffff', '89194ad03bbffff', '89194ad03afffff', '89194ad0387ffff', '89194ad0383ffff', '89194ad030fffff'}",15.0,34.0
89194ad032bffff,"{'89194ad0e5bffff', '89194ad1d9bffff', '89194ad0363ffff', '89194ad0337ffff', '89194ad036fffff', '89194ad1d83ffff', '89194ad0377ffff', '89194ad1d97ffff', '89194ad0373ffff', '89194ad0307ffff', '89194ad0367ffff', '89194ad033bffff', '89194ad032fffff', '89194ad0323ffff', '89194ad0333ffff', '89194ad0327ffff', '89194ad032bffff', '89194ad030fffff', '89194ad1d93ffff'}",8.0,25.0
89194ad032fffff,"{'89194ad0e5bffff', '89194ad1d9bffff', '89194ad0337ffff', '89194ad1d83ffff', '89194ad0377ffff', '89194ad0e43ffff', '89194ad1d97ffff', '89194ad0e4bffff', '89194ad0367ffff', '89194ad033bffff', '89194ad0e53ffff', '89194ad032fffff', '89194ad1d87ffff', '89194ad0323ffff', '89194ad0333ffff', '89194ad0327ffff', '89194ad032bffff', '89194ad0ecbffff', '89194ad1d93ffff'}",2.0,27.0
89194ad0353ffff,"{'89194ad030bffff', '89194ad03c7ffff', '89194ad0237ffff', '89194ad0223ffff', '89194ad0227ffff', '89194ad034fffff', '89194ad03dbffff', '89194ad035bffff', '89194ad031bffff', '89194ad0353ffff', '89194ad0343ffff', '89194ad0357ffff', '89194ad03c3ffff', '89194ad1c97ffff', '89194ad03cfffff', '89194ad03cbffff', '89194ad0347ffff', '89194ad034bffff', '89194ad022fffff'}",6.0,10.0
89194ad0367ffff,"{'89194ad036bffff', '89194ad1dd3ffff', '89194ad1d8bffff', '89194ad1d9bffff', '89194ad0363ffff', '89194ad036fffff', '89194ad1d83ffff', '89194ad0377ffff', '89194ad1d97ffff', '89194ad0373ffff', '89194ad0367ffff', '89194ad033bffff', '89194ad032fffff', '89194ad0323ffff', '89194ad1dd7ffff', '89194ad037bffff', '89194ad032bffff', '89194ad030fffff', '89194ad1d93ffff'}",1.0,12.0
89194ad0387ffff,"{'89194ad039bffff', '89194ad0143ffff', '89194ad015bffff', '89194ad0393ffff', '89194ad0313ffff', '89194ad014bffff', '89194ad03b3ffff', '89194ad03abffff', '89194ad038fffff', '89194ad038bffff', '89194ad014fffff', '89194ad03a3ffff', '89194ad0397ffff', '89194ad0317ffff', '89194ad002fffff', '89194ad03bbffff', '89194ad03b7ffff', '89194ad0383ffff', '89194ad0387ffff'}",5.0,37.0
89194ad03a7ffff,"{'89194ad0edbffff', '89194ad0ec3ffff', '89194ad0337ffff', '89194ad03b3ffff', '89194ad0163ffff', '89194ad03abffff', '89194ad017bffff', '89194ad03a3ffff', '89194ad014fffff', '89194ad0ed7ffff', '89194ad016fffff', '89194ad0333ffff', '89194ad016bffff', '89194ad03bbffff', '89194ad03afffff', '89194ad03b7ffff', '89194ad03a7ffff', '89194ad0ed3ffff', '89194ad0ecbffff'}",2.0,8.0
89194ad03bbffff,"{'89194ad0313ffff', '89194ad014bffff', '89194ad03b3ffff', '89194ad03abffff', '89194ad038fffff', '89194ad038bffff', '89194ad014fffff', '89194ad03a3ffff', '89194ad0307ffff', '89194ad0317ffff', '89194ad0397ffff', '89194ad0333ffff', '89194ad0303ffff', '89194ad03a7ffff', '89194ad03afffff', '89194ad03b7ffff', '89194ad03bbffff', '89194ad0387ffff', '89194ad0383ffff'}",6.0,43.0
89194ad0403ffff,"{'89194ad048fffff', '89194ad041bffff', '89194ad04abffff', '89194ad0403ffff', '89194ad0477ffff', '89194ad048bffff', '89194ad0433ffff', '89194ad0407ffff', '89194ad040bffff', '89194ad0413ffff', '89194ad0457ffff', '89194ad0417ffff', '89194ad0447ffff', '89194ad043bffff', '89194ad040fffff', '89194ad0473ffff', '89194ad04bbffff', '89194ad04c7ffff', '89194ad04cfffff'}",4.0,86.0
89194ad0407ffff,"{'89194ad048fffff', '89194ad04afffff', '89194ad04a3ffff', '89194ad041bffff', '89194ad04abffff', '89194ad0403ffff', '89194ad0437ffff', '89194ad0477ffff', '89194ad0423ffff', '89194ad0433ffff', '89194ad0407ffff', '89194ad040bffff', '89194ad0413ffff', '89194ad0417ffff', '89194ad043bffff', '89194ad042bffff', '89194ad040fffff', '89194ad0473ffff', '89194ad04bbffff'}",14.0,92.0
89194ad040fffff,"{'89194ad0463ffff', '89194ad041bffff', '89194ad04abffff', '89194ad0403ffff', '89194ad0477ffff', '89194ad0467ffff', '89194ad0423ffff', '89194ad0433ffff', '89194ad0407ffff', '89194ad047bffff', '89194ad040bffff', '89194ad0413ffff', '89194ad0457ffff', '89194ad0417ffff', '89194ad0447ffff', '89194ad043bffff', '89194ad042bffff', '89194ad040fffff', '89194ad0473ffff'}",12.0,68.0
89194ad0423ffff,"{'89194ad04afffff', '89194ad04abffff', '89194ad0437ffff', '89194ad0477ffff', '89194ad0467ffff', '89194ad0423ffff', '89194ad0433ffff', '89194ad0407ffff', '89194ad0553ffff', '89194ad042fffff', '89194ad0093ffff', '89194ad043bffff', '89194ad055bffff', '89194ad042bffff', '89194ad05cbffff', '89194ad0427ffff', '89194ad040fffff', '89194ad05dbffff', '89194ad0097ffff'}",2.0,70.0
89194ad042fffff,"{'89194ad0437ffff', '89194ad0477ffff', '89194ad0467ffff', '89194ad054bffff', '89194ad0423ffff', '89194ad0433ffff', '89194ad0553ffff', '89194ad042fffff', '89194ad0093ffff', '89194ad0543ffff', '89194ad055bffff', '89194ad043bffff', '89194ad042bffff', '89194ad05cbffff', '89194ad0427ffff', '89194ad0087ffff', '89194ad0097ffff', '89194ad0083ffff', '89194ad009bffff'}",4.0,38.0
89194ad0433ffff,"{'89194ad04afffff', '89194ad04a3ffff', '89194ad04abffff', '89194ad0403ffff', '89194ad0437ffff', '89194ad0477ffff', '89194ad0423ffff', '89194ad04a7ffff', '89194ad0433ffff', '89194ad0407ffff', '89194ad042fffff', '89194ad0417ffff', '89194ad043bffff', '89194ad05cbffff', '89194ad042bffff', '89194ad0427ffff', '89194ad040fffff', '89194ad05dbffff', '89194ad04bbffff'}",8.0,100.0
89194ad0437ffff,"{'89194ad04afffff', '89194ad04a3ffff', '89194ad04abffff', '89194ad0437ffff', '89194ad05cfffff', '89194ad0423ffff', '89194ad04a7ffff', '89194ad0433ffff', '89194ad05d3ffff', '89194ad0407ffff', '89194ad0553ffff', '89194ad042fffff', '89194ad05cbffff', '89194ad043bffff', '89194ad042bffff', '89194ad055bffff', '89194ad0427ffff', '89194ad05dbffff', '89194ad05c3ffff'}",7.0,67.0
89194ad0447ffff,"{'89194ad044fffff', '89194ad0463ffff', '89194ad041bffff', '89194ad0403ffff', '89194ad0477ffff', '89194ad046bffff', '89194ad0443ffff', '89194ad047bffff', '89194ad040bffff', '89194ad06b7ffff', '89194ad0453ffff', '89194ad0457ffff', '89194ad044bffff', '89194ad0447ffff', '89194ad040fffff', '89194ad045bffff', '89194ad0473ffff', '89194ad06b3ffff', '89194ad04cfffff'}",13.0,45.0
89194ad044bffff,"{'89194ad044fffff', '89194ad3127ffff', '89194ad312fffff', '89194ad0693ffff', '89194ad06a3ffff', '89194ad0697ffff', '89194ad0443ffff', '89194ad047bffff', '89194ad0683ffff', '89194ad06b7ffff', '89194ad0453ffff', '89194ad0457ffff', '89194ad044bffff', '89194ad0447ffff', '89194ad06bbffff', '89194ad068fffff', '89194ad0687ffff', '89194ad045bffff', '89194ad06b3ffff'}",4.0,61.0
89194ad044fffff,"{'89194ad044fffff', '89194ad0463ffff', '89194ad06a3ffff', '89194ad046bffff', '89194ad0697ffff', '89194ad0443ffff', '89194ad047bffff', '89194ad06a7ffff', '89194ad040bffff', '89194ad06b7ffff', '89194ad0453ffff', '89194ad0457ffff', '89194ad044bffff', '89194ad0447ffff', '89194ad06bbffff', '89194ad045bffff', '89194ad0687ffff', '89194ad0473ffff', '89194ad06b3ffff'}",3.0,49.0
89194ad0453ffff,"{'89194ad3127ffff', '89194ad044fffff', '89194ad312fffff', '89194ad04dbffff', '89194ad041bffff', '89194ad3123ffff', '89194ad04cbffff', '89194ad0697ffff', '89194ad0443ffff', '89194ad040bffff', '89194ad04c3ffff', '89194ad0457ffff', '89194ad044bffff', '89194ad0447ffff', '89194ad0453ffff', '89194ad3137ffff', '89194ad045bffff', '89194ad04c7ffff', '89194ad04cfffff'}",1.0,30.0
89194ad046fffff,"{'89194ad00c7ffff', '89194ad0463ffff', '89194ad0467ffff', '89194ad00d3ffff', '89194ad00dbffff', '89194ad0477ffff', '89194ad046bffff', '89194ad00d7ffff', '89194ad046fffff', '89194ad047bffff', '89194ad06a7ffff', '89194ad06b7ffff', '89194ad0093ffff', '89194ad042bffff', '89194ad008bffff', '89194ad0083ffff', '89194ad0473ffff', '89194ad00c3ffff', '89194ad009bffff'}",2.0,18.0
89194ad047bffff,"{'89194ad044fffff', '89194ad0463ffff', '89194ad06a3ffff', '89194ad0467ffff', '89194ad00d3ffff', '89194ad0477ffff', '89194ad046bffff', '89194ad0443ffff', '89194ad046fffff', '89194ad047bffff', '89194ad06a7ffff', '89194ad040bffff', '89194ad06b7ffff', '89194ad0457ffff', '89194ad044bffff', '89194ad0447ffff', '89194ad040fffff', '89194ad0473ffff', '89194ad06b3ffff'}",8.0,52.0
89194ad0483ffff,"{'89194ad048fffff', '89194ad2267ffff', '89194ad235bffff', '89194ad04b3ffff', '89194ad049bffff', '89194ad0493ffff', '89194ad0483ffff', '89194ad048bffff', '89194ad0487ffff', '89194ad0413ffff', '89194ad234bffff', '89194ad04d7ffff', '89194ad0417ffff', '89194ad222fffff', '89194ad0497ffff', '89194ad222bffff', '89194ad226fffff', '89194ad04bbffff', '89194ad04c7ffff'}",1.0,49.0
89194ad0487ffff,"{'89194ad048fffff', '89194ad04a3ffff', '89194ad235bffff', '89194ad04abffff', '89194ad04b3ffff', '89194ad049bffff', '89194ad0493ffff', '89194ad048bffff', '89194ad04b7ffff', '89194ad234fffff', '89194ad0487ffff', '89194ad0413ffff', '89194ad234bffff', '89194ad0417ffff', '89194ad222fffff', '89194ad0497ffff', '89194ad04bbffff', '89194ad0483ffff', '89194ad2343ffff'}",12.0,77.0
89194ad048bffff,"{'89194ad048fffff', '89194ad2267ffff', '89194ad041bffff', '89194ad0403ffff', '89194ad049bffff', '89194ad0493ffff', '89194ad048bffff', '89194ad04c7ffff', '89194ad0487ffff', '89194ad0413ffff', '89194ad04c3ffff', '89194ad04d7ffff', '89194ad0417ffff', '89194ad0497ffff', '89194ad226fffff', '89194ad04d3ffff', '89194ad04bbffff', '89194ad0483ffff', '89194ad04cfffff'}",6.0,48.0
89194ad04a3ffff,"{'89194ad048fffff', '89194ad04afffff', '89194ad04a3ffff', '89194ad04abffff', '89194ad0437ffff', '89194ad04b3ffff', '89194ad236bffff', '89194ad04b7ffff', '89194ad234fffff', '89194ad04a7ffff', '89194ad0433ffff', '89194ad05d3ffff', '89194ad0407ffff', '89194ad0487ffff', '89194ad234bffff', '89194ad0417ffff', '89194ad237bffff', '89194ad05dbffff', '89194ad04bbffff'}",16.0,113.0
89194ad04a7ffff,"{'89194ad04afffff', '89194ad04a3ffff', '89194ad04abffff', '89194ad2363ffff', '89194ad0437ffff', '89194ad04b3ffff', '89194ad236bffff', '89194ad04b7ffff', '89194ad234fffff', '89194ad05d3ffff', '89194ad0433ffff', '89194ad04a7ffff', '89194ad236fffff', '89194ad05d7ffff', '89194ad237bffff', '89194ad05cbffff', '89194ad05dbffff', '89194ad04bbffff', '89194ad05c3ffff'}",3.0,94.0
89194ad04abffff,"{'89194ad048fffff', '89194ad04afffff', '89194ad04a3ffff', '89194ad04abffff', '89194ad0403ffff', '89194ad0437ffff', '89194ad04b3ffff', '89194ad04b7ffff', '89194ad0423ffff', '89194ad04a7ffff', '89194ad0433ffff', '89194ad0407ffff', '89194ad0487ffff', '89194ad0413ffff', '89194ad0417ffff', '89194ad043bffff', '89194ad040fffff', '89194ad05dbffff', '89194ad04bbffff'}",7.0,114.0
89194ad04afffff,"{'89194ad04afffff', '89194ad04a3ffff', '89194ad04abffff', '89194ad0437ffff', '89194ad04b3ffff', '89194ad236bffff', '89194ad04b7ffff', '89194ad0423ffff', '89194ad04a7ffff', '89194ad0433ffff', '89194ad05d3ffff', '89194ad0407ffff', '89194ad0417ffff', '89194ad043bffff', '89194ad05cbffff', '89194ad0427ffff', '89194ad05dbffff', '89194ad04bbffff', '89194ad05c3ffff'}",2.0,101.0
89194ad04b3ffff,"{'89194ad048fffff', '89194ad04afffff', '89194ad04a3ffff', '89194ad235bffff', '89194ad04abffff', '89194ad04b3ffff', '89194ad236bffff', '89194ad04b7ffff', '89194ad234fffff', '89194ad04a7ffff', '89194ad0487ffff', '89194ad234bffff', '89194ad0417ffff', '89194ad237bffff', '89194ad0497ffff', '89194ad04bbffff', '89194ad2347ffff', '89194ad0483ffff', '89194ad2343ffff'}",3.0,92.0
89194ad04b7ffff,"{'89194ad04afffff', '89194ad04a3ffff', '89194ad04abffff', '89194ad2363ffff', '89194ad04b3ffff', '89194ad236bffff', '89194ad04b7ffff', '89194ad234fffff', '89194ad04a7ffff', '89194ad05d3ffff', '89194ad236fffff', '89194ad0487ffff', '89194ad234bffff', '89194ad237bffff', '89194ad05dbffff', '89194ad04bbffff', '89194ad2347ffff', '89194ad2343ffff', '89194ad2373ffff'}",4.0,97.0
89194ad04bbffff,"{'89194ad048fffff', '89194ad04afffff', '89194ad04a3ffff', '89194ad04abffff', '89194ad0403ffff', '89194ad04b3ffff', '89194ad048bffff', '89194ad04b7ffff', '89194ad234fffff', '89194ad04a7ffff', '89194ad0433ffff', '89194ad0407ffff', '89194ad0487ffff', '89194ad0413ffff', '89194ad234bffff', '89194ad0417ffff', '89194ad0497ffff', '89194ad04bbffff', '89194ad0483ffff'}",20.0,106.0
89194ad04c7ffff,"{'89194ad048fffff', '89194ad041bffff', '89194ad04dbffff', '89194ad0403ffff', '89194ad049bffff', '89194ad04cbffff', '89194ad048bffff', '89194ad04c7ffff', '89194ad040bffff', '89194ad0413ffff', '89194ad04c3ffff', '89194ad0457ffff', '89194ad04d7ffff', '89194ad0417ffff', '89194ad0453ffff', '89194ad04d3ffff', '89194ad226fffff', '89194ad0483ffff', '89194ad04cfffff'}",2.0,17.0
89194ad04d3ffff,"{'89194ad2267ffff', '89194ad31afffff', '89194ad04dbffff', '89194ad2263ffff', '89194ad049bffff', '89194ad31a7ffff', '89194ad04cbffff', '89194ad227bffff', '89194ad048bffff', '89194ad31b7ffff', '89194ad04c3ffff', '89194ad31a3ffff', '89194ad04d7ffff', '89194ad226bffff', '89194ad3137ffff', '89194ad226fffff', '89194ad04d3ffff', '89194ad04c7ffff', '89194ad04cfffff'}",1.0,30.0
89194ad04d7ffff,"{'89194ad048fffff', '89194ad2267ffff', '89194ad041bffff', '89194ad04dbffff', '89194ad2263ffff', '89194ad049bffff', '89194ad31a7ffff', '89194ad0493ffff', '89194ad04cbffff', '89194ad048bffff', '89194ad04c7ffff', '89194ad0413ffff', '89194ad04c3ffff', '89194ad04d7ffff', '89194ad226bffff', '89194ad04d3ffff', '89194ad226fffff', '89194ad0483ffff', '89194ad04cfffff'}",2.0,14.0
89194ad0507ffff,"{'89194ad051bffff', '89194ad0533ffff', '89194ad0577ffff', '89194ad0507ffff', '89194ad0503ffff', '89194ad050bffff', '89194ad0573ffff', '89194ad0513ffff', '89194ad052bffff', '89194ad058fffff', '89194ad050fffff', '89194ad0537ffff', '89194ad053bffff', '89194ad05abffff', '89194ad05a3ffff', '89194ad05afffff', '89194ad0523ffff', '89194ad05bbffff', '89194ad0517ffff'}",11.0,71.0
89194ad050fffff,"{'89194ad051bffff', '89194ad0567ffff', '89194ad0533ffff', '89194ad057bffff', '89194ad0577ffff', '89194ad0507ffff', '89194ad0547ffff', '89194ad0563ffff', '89194ad0503ffff', '89194ad050bffff', '89194ad0573ffff', '89194ad0513ffff', '89194ad052bffff', '89194ad050fffff', '89194ad053bffff', '89194ad05abffff', '89194ad0523ffff', '89194ad0557ffff', '89194ad0517ffff'}",2.0,38.0
89194ad0517ffff,"{'89194ad051bffff', '89194ad0583ffff', '89194ad0533ffff', '89194ad0507ffff', '89194ad05c7ffff', '89194ad05b3ffff', '89194ad0503ffff', '89194ad050bffff', '89194ad058bffff', '89194ad0513ffff', '89194ad058fffff', '89194ad050fffff', '89194ad053bffff', '89194ad05abffff', '89194ad05a3ffff', '89194ad05afffff', '89194ad0587ffff', '89194ad05bbffff', '89194ad0517ffff'}",5.0,65.0
89194ad0523ffff,"{'89194ad2a5bffff', '89194ad0533ffff', '89194ad0577ffff', '89194ad0507ffff', '89194ad0527ffff', '89194ad2a53ffff', '89194ad0197ffff', '89194ad052bffff', '89194ad0193ffff', '89194ad050fffff', '89194ad0537ffff', '89194ad2acbffff', '89194ad053bffff', '89194ad05abffff', '89194ad05afffff', '89194ad0523ffff', '89194ad2adbffff', '89194ad0567ffff', '89194ad052fffff'}",1.0,37.0
89194ad052bffff,"{'89194ad2a5bffff', '89194ad0533ffff', '89194ad056fffff', '89194ad0577ffff', '89194ad0183ffff', '89194ad0507ffff', '89194ad0563ffff', '89194ad0527ffff', '89194ad0197ffff', '89194ad0573ffff', '89194ad052bffff', '89194ad0193ffff', '89194ad050fffff', '89194ad0537ffff', '89194ad019bffff', '89194ad053bffff', '89194ad0523ffff', '89194ad0567ffff', '89194ad052fffff'}",7.0,66.0
89194ad0533ffff,"{'89194ad0533ffff', '89194ad0577ffff', '89194ad0507ffff', '89194ad05a7ffff', '89194ad0527ffff', '89194ad0503ffff', '89194ad052bffff', '89194ad050fffff', '89194ad0537ffff', '89194ad2acbffff', '89194ad053bffff', '89194ad05abffff', '89194ad05a3ffff', '89194ad05afffff', '89194ad0523ffff', '89194ad2adbffff', '89194ad05bbffff', '89194ad0517ffff', '89194ad052fffff'}",2.0,44.0
89194ad0537ffff,"{'89194ad2acfffff', '89194ad2a5bffff', '89194ad0533ffff', '89194ad2ad3ffff', '89194ad0507ffff', '89194ad05a7ffff', '89194ad0527ffff', '89194ad2a53ffff', '89194ad052bffff', '89194ad2ac3ffff', '89194ad0537ffff', '89194ad2acbffff', '89194ad053bffff', '89194ad05abffff', '89194ad05a3ffff', '89194ad05afffff', '89194ad0523ffff', '89194ad2adbffff', '89194ad052fffff'}",4.0,31.0
89194ad0557ffff,"{'89194ad051bffff', '89194ad057bffff', '89194ad05cfffff', '89194ad054bffff', '89194ad0547ffff', '89194ad05c7ffff', '89194ad0503ffff', '89194ad050bffff', '89194ad0553ffff', '89194ad0513ffff', '89194ad0573ffff', '89194ad050fffff', '89194ad0543ffff', '89194ad05cbffff', '89194ad055bffff', '89194ad0427ffff', '89194ad0557ffff', '89194ad054fffff', '89194ad05c3ffff'}",1.0,19.0
89194ad0573ffff,"{'89194ad051bffff', '89194ad057bffff', '89194ad056fffff', '89194ad00b7ffff', '89194ad0577ffff', '89194ad0507ffff', '89194ad0547ffff', '89194ad0563ffff', '89194ad0503ffff', '89194ad050bffff', '89194ad056bffff', '89194ad0573ffff', '89194ad052bffff', '89194ad050fffff', '89194ad0543ffff', '89194ad053bffff', '89194ad0557ffff', '89194ad054fffff', '89194ad0567ffff'}",7.0,30.0
89194ad0577ffff,"{'89194ad0533ffff', '89194ad057bffff', '89194ad056fffff', '89194ad0577ffff', '89194ad0507ffff', '89194ad0547ffff', '89194ad0563ffff', '89194ad0503ffff', '89194ad050bffff', '89194ad056bffff', '89194ad0573ffff', '89194ad052bffff', '89194ad0193ffff', '89194ad050fffff', '89194ad019bffff', '89194ad053bffff', '89194ad0523ffff', '89194ad0567ffff', '89194ad052fffff'}",2.0,36.0
89194ad0587ffff,"{'89194ad2e43ffff', '89194ad059bffff', '89194ad0583ffff', '89194ad2e5bffff', '89194ad2e4fffff', '89194ad0593ffff', '89194ad05b3ffff', '89194ad05b7ffff', '89194ad058bffff', '89194ad0513ffff', '89194ad058fffff', '89194ad232fffff', '89194ad05abffff', '89194ad05a3ffff', '89194ad0587ffff', '89194ad2e4bffff', '89194ad05bbffff', '89194ad0517ffff', '89194ad0597ffff'}",4.0,49.0
89194ad058bffff,"{'89194ad051bffff', '89194ad2367ffff', '89194ad059bffff', '89194ad0583ffff', '89194ad05cfffff', '89194ad0593ffff', '89194ad05c7ffff', '89194ad05d3ffff', '89194ad0503ffff', '89194ad236fffff', '89194ad058bffff', '89194ad0513ffff', '89194ad058fffff', '89194ad05d7ffff', '89194ad0587ffff', '89194ad05c3ffff', '89194ad05bbffff', '89194ad0517ffff', '89194ad0597ffff'}",3.0,47.0
89194ad058fffff,"{'89194ad051bffff', '89194ad059bffff', '89194ad0583ffff', '89194ad0507ffff', '89194ad0593ffff', '89194ad05c7ffff', '89194ad05b3ffff', '89194ad0503ffff', '89194ad058bffff', '89194ad0513ffff', '89194ad058fffff', '89194ad05d7ffff', '89194ad05abffff', '89194ad05a3ffff', '89194ad0587ffff', '89194ad2e4bffff', '89194ad05bbffff', '89194ad0517ffff', '89194ad0597ffff'}",20.0,60.0
89194ad05a3ffff,"{'89194ad0533ffff', '89194ad2ad3ffff', '89194ad0507ffff', '89194ad2e7bffff', '89194ad2e6bffff', '89194ad05a7ffff', '89194ad2e4fffff', '89194ad05b3ffff', '89194ad05b7ffff', '89194ad058fffff', '89194ad0537ffff', '89194ad05abffff', '89194ad05afffff', '89194ad05a3ffff', '89194ad2adbffff', '89194ad0587ffff', '89194ad2e4bffff', '89194ad05bbffff', '89194ad0517ffff'}",4.0,65.0
89194ad05afffff,"{'89194ad0533ffff', '89194ad2ad3ffff', '89194ad0507ffff', '89194ad2e6bffff', '89194ad05a7ffff', '89194ad05b3ffff', '89194ad05b7ffff', '89194ad0527ffff', '89194ad2ac3ffff', '89194ad0537ffff', '89194ad2acbffff', '89194ad053bffff', '89194ad05abffff', '89194ad05a3ffff', '89194ad0523ffff', '89194ad05afffff', '89194ad2adbffff', '89194ad05bbffff', '89194ad0517ffff'}",2.0,41.0
89194ad05b3ffff,"{'89194ad2e43ffff', '89194ad0583ffff', '89194ad2e5bffff', '89194ad2e7bffff', '89194ad2e4fffff', '89194ad05a7ffff', '89194ad2e6bffff', '89194ad05b3ffff', '89194ad05b7ffff', '89194ad058fffff', '89194ad2e47ffff', '89194ad05abffff', '89194ad05a3ffff', '89194ad05afffff', '89194ad0587ffff', '89194ad2e4bffff', '89194ad05bbffff', '89194ad0517ffff', '89194ad0597ffff'}",3.0,48.0
89194ad05b7ffff,"{'89194ad2e43ffff', '89194ad2e6fffff', '89194ad2ad3ffff', '89194ad2e73ffff', '89194ad2e7bffff', '89194ad2e6bffff', '89194ad05a7ffff', '89194ad2e4fffff', '89194ad05b3ffff', '89194ad05b7ffff', '89194ad2e47ffff', '89194ad2e63ffff', '89194ad05abffff', '89194ad05a3ffff', '89194ad05afffff', '89194ad2adbffff', '89194ad0587ffff', '89194ad2e4bffff', '89194ad05bbffff'}",5.0,23.0
89194ad05bbffff,"{'89194ad0583ffff', '89194ad0533ffff', '89194ad0507ffff', '89194ad2e4fffff', '89194ad05a7ffff', '89194ad05b3ffff', '89194ad05b7ffff', '89194ad0503ffff', '89194ad058bffff', '89194ad0513ffff', '89194ad058fffff', '89194ad05abffff', '89194ad05a3ffff', '89194ad05afffff', '89194ad0587ffff', '89194ad2e4bffff', '89194ad05bbffff', '89194ad0517ffff', '89194ad0597ffff'}",4.0,64.0
89194ad05c3ffff,"{'89194ad04afffff', '89194ad051bffff', '89194ad059bffff', '89194ad0437ffff', '89194ad05cfffff', '89194ad236bffff', '89194ad05c7ffff', '89194ad04a7ffff', '89194ad05d3ffff', '89194ad236fffff', '89194ad058bffff', '89194ad0553ffff', '89194ad0513ffff', '89194ad05d7ffff', '89194ad05cbffff', '89194ad0427ffff', '89194ad05dbffff', '89194ad0557ffff', '89194ad05c3ffff'}",3.0,39.0
89194ad05c7ffff,"{'89194ad051bffff', '89194ad059bffff', '89194ad0583ffff', '89194ad05cfffff', '89194ad05c7ffff', '89194ad05d3ffff', '89194ad0503ffff', '89194ad236fffff', '89194ad050bffff', '89194ad058bffff', '89194ad0553ffff', '89194ad0513ffff', '89194ad058fffff', '89194ad05d7ffff', '89194ad05cbffff', '89194ad05dbffff', '89194ad0557ffff', '89194ad05c3ffff', '89194ad0517ffff'}",5.0,41.0
89194ad05cbffff,"{'89194ad04afffff', '89194ad051bffff', '89194ad0437ffff', '89194ad05cfffff', '89194ad05c7ffff', '89194ad0423ffff', '89194ad04a7ffff', '89194ad0433ffff', '89194ad05d3ffff', '89194ad0553ffff', '89194ad042fffff', '89194ad05d7ffff', '89194ad0543ffff', '89194ad055bffff', '89194ad05cbffff', '89194ad0427ffff', '89194ad05dbffff', '89194ad0557ffff', '89194ad05c3ffff'}",1.0,37.0
89194ad05d7ffff,"{'89194ad051bffff', '89194ad2367ffff', '89194ad059bffff', '89194ad0583ffff', '89194ad2363ffff', '89194ad05cfffff', '89194ad0593ffff', '89194ad236bffff', '89194ad05c7ffff', '89194ad04a7ffff', '89194ad05d3ffff', '89194ad236fffff', '89194ad058bffff', '89194ad0513ffff', '89194ad058fffff', '89194ad05d7ffff', '89194ad05cbffff', '89194ad05dbffff', '89194ad05c3ffff'}",1.0,52.0
89194ad0603ffff,"{'89194ad068bffff', '89194ad0657ffff', '89194ad0647ffff', '89194ad0677ffff', '89194ad063bffff', '89194ad0673ffff', '89194ad0613ffff', '89194ad06cfffff', '89194ad060bffff', '89194ad06c7ffff', '89194ad061bffff', '89194ad0617ffff', '89194ad0603ffff', '89194ad0607ffff', '89194ad06abffff', '89194ad06bbffff', '89194ad068fffff', '89194ad0633ffff', '89194ad060fffff'}",1.0,91.0
89194ad0607ffff,"{'89194ad0677ffff', '89194ad06a3ffff', '89194ad06afffff', '89194ad0637ffff', '89194ad063bffff', '89194ad0673ffff', '89194ad0613ffff', '89194ad060bffff', '89194ad061bffff', '89194ad0603ffff', '89194ad0617ffff', '89194ad0607ffff', '89194ad06abffff', '89194ad0623ffff', '89194ad06bbffff', '89194ad068fffff', '89194ad0633ffff', '89194ad060fffff', '89194ad062bffff'}",8.0,119.0
89194ad060fffff,"{'89194ad0657ffff', '89194ad0647ffff', '89194ad0677ffff', '89194ad067bffff', '89194ad063bffff', '89194ad0667ffff', '89194ad0613ffff', '89194ad0673ffff', '89194ad060bffff', '89194ad061bffff', '89194ad0603ffff', '89194ad0617ffff', '89194ad0663ffff', '89194ad0607ffff', '89194ad0623ffff', '89194ad06abffff', '89194ad0633ffff', '89194ad060fffff', '89194ad062bffff'}",26.0,122.0
89194ad0613ffff,"{'89194ad068bffff', '89194ad0657ffff', '89194ad0613ffff', '89194ad06c7ffff', '89194ad06cfffff', '89194ad060bffff', '89194ad061bffff', '89194ad0603ffff', '89194ad0617ffff', '89194ad0683ffff', '89194ad069bffff', '89194ad0607ffff', '89194ad06abffff', '89194ad06bbffff', '89194ad068fffff', '89194ad0687ffff', '89194ad06c3ffff', '89194ad06d7ffff', '89194ad060fffff'}",1.0,62.0
89194ad0617ffff,"{'89194ad068bffff', '89194ad06afffff', '89194ad06a3ffff', '89194ad063bffff', '89194ad0613ffff', '89194ad06c7ffff', '89194ad060bffff', '89194ad061bffff', '89194ad0603ffff', '89194ad0617ffff', '89194ad0683ffff', '89194ad0607ffff', '89194ad06abffff', '89194ad06bbffff', '89194ad068fffff', '89194ad0687ffff', '89194ad0633ffff', '89194ad06b3ffff', '89194ad060fffff'}",2.0,83.0
89194ad061bffff,"{'89194ad068bffff', '89194ad0657ffff', '89194ad0647ffff', '89194ad0673ffff', '89194ad0613ffff', '89194ad06cfffff', '89194ad060bffff', '89194ad06c7ffff', '89194ad06cbffff', '89194ad0603ffff', '89194ad0617ffff', '89194ad061bffff', '89194ad0653ffff', '89194ad0607ffff', '89194ad068fffff', '89194ad06c3ffff', '89194ad06d7ffff', '89194ad0643ffff', '89194ad060fffff'}",2.0,64.0
89194ad0623ffff,"{'89194ad0627ffff', '89194ad0677ffff', '89194ad06afffff', '89194ad0297ffff', '89194ad062fffff', '89194ad00dbffff', '89194ad0637ffff', '89194ad063bffff', '89194ad0667ffff', '89194ad0293ffff', '89194ad0607ffff', '89194ad005bffff', '89194ad06abffff', '89194ad0623ffff', '89194ad0633ffff', '89194ad060fffff', '89194ad00cbffff', '89194ad062bffff', '89194ad0053ffff'}",13.0,128.0
89194ad0627ffff,"{'89194ad06afffff', '89194ad0627ffff', '89194ad0297ffff', '89194ad062fffff', '89194ad00dbffff', '89194ad004bffff', '89194ad0637ffff', '89194ad063bffff', '89194ad0043ffff', '89194ad0293ffff', '89194ad005bffff', '89194ad0623ffff', '89194ad00c3ffff', '89194ad0633ffff', '89194ad00cfffff', '89194ad0057ffff', '89194ad00cbffff', '89194ad062bffff', '89194ad0053ffff'}",1.0,70.0
89194ad062bffff,"{'89194ad0627ffff', '89194ad0677ffff', '89194ad0297ffff', '89194ad062fffff', '89194ad029bffff', '89194ad0637ffff', '89194ad063bffff', '89194ad0667ffff', '89194ad0673ffff', '89194ad066fffff', '89194ad0283ffff', '89194ad0293ffff', '89194ad0663ffff', '89194ad005bffff', '89194ad0607ffff', '89194ad0623ffff', '89194ad0633ffff', '89194ad060fffff', '89194ad062bffff'}",14.0,132.0
89194ad062fffff,"{'89194ad0627ffff', '89194ad0677ffff', '89194ad0297ffff', '89194ad062fffff', '89194ad029bffff', '89194ad0637ffff', '89194ad004bffff', '89194ad063bffff', '89194ad0667ffff', '89194ad0043ffff', '89194ad0283ffff', '89194ad0293ffff', '89194ad005bffff', '89194ad0623ffff', '89194ad0287ffff', '89194ad0633ffff', '89194ad00cbffff', '89194ad062bffff', '89194ad0053ffff'}",16.0,96.0
89194ad063bffff,"{'89194ad0627ffff', '89194ad0677ffff', '89194ad06afffff', '89194ad062fffff', '89194ad0637ffff', '89194ad063bffff', '89194ad0667ffff', '89194ad0673ffff', '89194ad060bffff', '89194ad0603ffff', '89194ad0293ffff', '89194ad0617ffff', '89194ad0663ffff', '89194ad0607ffff', '89194ad0623ffff', '89194ad06abffff', '89194ad0633ffff', '89194ad060fffff', '89194ad062bffff'}",17.0,133.0
89194ad0643ffff,"{'89194ad0657ffff', '89194ad0647ffff', '89194ad065bffff', '89194ad1597ffff', '89194ad15b3ffff', '89194ad1587ffff', '89194ad0673ffff', '89194ad15b7ffff', '89194ad06cfffff', '89194ad060bffff', '89194ad332fffff', '89194ad064bffff', '89194ad061bffff', '89194ad06cbffff', '89194ad064fffff', '89194ad0653ffff', '89194ad3327ffff', '89194ad0643ffff', '89194ad067bffff'}",5.0,27.0
89194ad064bffff,"{'89194ad0657ffff', '89194ad1583ffff', '89194ad0647ffff', '89194ad1593ffff', '89194ad065bffff', '89194ad15a3ffff', '89194ad1597ffff', '89194ad15b3ffff', '89194ad1587ffff', '89194ad158fffff', '89194ad15b7ffff', '89194ad332fffff', '89194ad15bbffff', '89194ad064fffff', '89194ad064bffff', '89194ad0653ffff', '89194ad3327ffff', '89194ad0643ffff', '89194ad067bffff'}",5.0,62.0
89194ad0667ffff,"{'89194ad0677ffff', '89194ad02d3ffff', '89194ad066bffff', '89194ad0297ffff', '89194ad028bffff', '89194ad062fffff', '89194ad062bffff', '89194ad029bffff', '89194ad063bffff', '89194ad0667ffff', '89194ad0673ffff', '89194ad066fffff', '89194ad0283ffff', '89194ad0293ffff', '89194ad0663ffff', '89194ad0623ffff', '89194ad02d7ffff', '89194ad060fffff', '89194ad067bffff'}",10.0,133.0
89194ad066bffff,"{'89194ad0647ffff', '89194ad02d3ffff', '89194ad0677ffff', '89194ad066bffff', '89194ad15afffff', '89194ad15a3ffff', '89194ad02dbffff', '89194ad029bffff', '89194ad02c3ffff', '89194ad15b3ffff', '89194ad0667ffff', '89194ad0673ffff', '89194ad15b7ffff', '89194ad066fffff', '89194ad064fffff', '89194ad0663ffff', '89194ad02d7ffff', '89194ad067bffff', '89194ad15a7ffff'}",2.0,64.0
89194ad0673ffff,"{'89194ad0657ffff', '89194ad0647ffff', '89194ad0677ffff', '89194ad066bffff', '89194ad067bffff', '89194ad063bffff', '89194ad0667ffff', '89194ad15b7ffff', '89194ad0673ffff', '89194ad060bffff', '89194ad061bffff', '89194ad066fffff', '89194ad064fffff', '89194ad0603ffff', '89194ad0663ffff', '89194ad0607ffff', '89194ad0643ffff', '89194ad060fffff', '89194ad062bffff'}",9.0,112.0
89194ad0677ffff,"{'89194ad0647ffff', '89194ad0677ffff', '89194ad066bffff', '89194ad062fffff', '89194ad062bffff', '89194ad029bffff', '89194ad063bffff', '89194ad0667ffff', '89194ad0673ffff', '89194ad060bffff', '89194ad066fffff', '89194ad0603ffff', '89194ad0293ffff', '89194ad0663ffff', '89194ad0607ffff', '89194ad0623ffff', '89194ad0633ffff', '89194ad060fffff', '89194ad067bffff'}",15.0,134.0
89194ad067bffff,"{'89194ad0657ffff', '89194ad0647ffff', '89194ad02d3ffff', '89194ad0677ffff', '89194ad066bffff', '89194ad15a3ffff', '89194ad15b3ffff', '89194ad0667ffff', '89194ad0673ffff', '89194ad15b7ffff', '89194ad060bffff', '89194ad066fffff', '89194ad064fffff', '89194ad064bffff', '89194ad0663ffff', '89194ad0643ffff', '89194ad060fffff', '89194ad067bffff', '89194ad15a7ffff'}",3.0,100.0
89194ad0683ffff,"{'89194ad068bffff', '89194ad312fffff', '89194ad0693ffff', '89194ad3167ffff', '89194ad0697ffff', '89194ad0613ffff', '89194ad06c7ffff', '89194ad0617ffff', '89194ad0683ffff', '89194ad069bffff', '89194ad044bffff', '89194ad312bffff', '89194ad316fffff', '89194ad06bbffff', '89194ad068fffff', '89194ad0687ffff', '89194ad045bffff', '89194ad06d7ffff', '89194ad06b3ffff'}",5.0,49.0
89194ad0687ffff,"{'89194ad068bffff', '89194ad044fffff', '89194ad312fffff', '89194ad0693ffff', '89194ad06a3ffff', '89194ad0697ffff', '89194ad0443ffff', '89194ad0613ffff', '89194ad0617ffff', '89194ad0683ffff', '89194ad06b7ffff', '89194ad044bffff', '89194ad069bffff', '89194ad06bbffff', '89194ad06abffff', '89194ad068fffff', '89194ad045bffff', '89194ad0687ffff', '89194ad06b3ffff'}",3.0,51.0
89194ad068bffff,"{'89194ad068bffff', '89194ad0693ffff', '89194ad3167ffff', '89194ad0697ffff', '89194ad0613ffff', '89194ad06c7ffff', '89194ad06cfffff', '89194ad061bffff', '89194ad06d3ffff', '89194ad0603ffff', '89194ad0617ffff', '89194ad0683ffff', '89194ad069bffff', '89194ad316fffff', '89194ad06bbffff', '89194ad068fffff', '89194ad0687ffff', '89194ad06c3ffff', '89194ad06d7ffff'}",7.0,48.0
89194ad0693ffff,"{'89194ad068bffff', '89194ad3127ffff', '89194ad312fffff', '89194ad3167ffff', '89194ad0693ffff', '89194ad3177ffff', '89194ad3123ffff', '89194ad313bffff', '89194ad0697ffff', '89194ad0683ffff', '89194ad069bffff', '89194ad312bffff', '89194ad044bffff', '89194ad316fffff', '89194ad068fffff', '89194ad0687ffff', '89194ad045bffff', '89194ad06d7ffff', '89194ad3163ffff'}",7.0,50.0
89194ad0697ffff,"{'89194ad068bffff', '89194ad044fffff', '89194ad3127ffff', '89194ad312fffff', '89194ad0693ffff', '89194ad3167ffff', '89194ad3123ffff', '89194ad0697ffff', '89194ad0443ffff', '89194ad0683ffff', '89194ad0453ffff', '89194ad044bffff', '89194ad312bffff', '89194ad069bffff', '89194ad06bbffff', '89194ad068fffff', '89194ad0687ffff', '89194ad045bffff', '89194ad06b3ffff'}",7.0,47.0
89194ad069bffff,"{'89194ad068bffff', '89194ad312fffff', '89194ad0693ffff', '89194ad3167ffff', '89194ad3177ffff', '89194ad0697ffff', '89194ad0613ffff', '89194ad06c7ffff', '89194ad06d3ffff', '89194ad0683ffff', '89194ad312bffff', '89194ad069bffff', '89194ad316fffff', '89194ad068fffff', '89194ad0687ffff', '89194ad06c3ffff', '89194ad06d7ffff', '89194ad316bffff', '89194ad3163ffff'}",1.0,43.0
89194ad06a3ffff,"{'89194ad044fffff', '89194ad06afffff', '89194ad06a3ffff', '89194ad00d3ffff', '89194ad00dbffff', '89194ad046bffff', '89194ad0637ffff', '89194ad047bffff', '89194ad06a7ffff', '89194ad0617ffff', '89194ad06b7ffff', '89194ad044bffff', '89194ad0607ffff', '89194ad06abffff', '89194ad06bbffff', '89194ad068fffff', '89194ad0687ffff', '89194ad0633ffff', '89194ad06b3ffff'}",8.0,41.0
89194ad06abffff,"{'89194ad06afffff', '89194ad06a3ffff', '89194ad00dbffff', '89194ad0637ffff', '89194ad063bffff', '89194ad0613ffff', '89194ad06a7ffff', '89194ad0603ffff', '89194ad0617ffff', '89194ad06b7ffff', '89194ad0607ffff', '89194ad06bbffff', '89194ad0623ffff', '89194ad06abffff', '89194ad068fffff', '89194ad0687ffff', '89194ad0633ffff', '89194ad06b3ffff', '89194ad060fffff'}",1.0,82.0
89194ad06bbffff,"{'89194ad068bffff', '89194ad044fffff', '89194ad06afffff', '89194ad06a3ffff', '89194ad0697ffff', '89194ad0613ffff', '89194ad06a7ffff', '89194ad0603ffff', '89194ad0617ffff', '89194ad0683ffff', '89194ad06b7ffff', '89194ad044bffff', '89194ad0607ffff', '89194ad06abffff', '89194ad06bbffff', '89194ad068fffff', '89194ad0687ffff', '89194ad0633ffff', '89194ad06b3ffff'}",2.0,52.0
89194ad06d3ffff,"{'89194ad317bffff', '89194ad068bffff', '89194ad33b7ffff', '89194ad3167ffff', '89194ad33a7ffff', '89194ad06c7ffff', '89194ad06cfffff', '89194ad06cbffff', '89194ad06d3ffff', '89194ad06dbffff', '89194ad069bffff', '89194ad3337ffff', '89194ad316fffff', '89194ad06c3ffff', '89194ad06d7ffff', '89194ad316bffff', '89194ad3163ffff', '89194ad33a3ffff', '89194ad33afffff'}",2.0,51.0
89194ad06d7ffff,"{'89194ad068bffff', '89194ad0693ffff', '89194ad3167ffff', '89194ad33a7ffff', '89194ad0613ffff', '89194ad06c7ffff', '89194ad06cfffff', '89194ad061bffff', '89194ad06cbffff', '89194ad06d3ffff', '89194ad0683ffff', '89194ad06dbffff', '89194ad069bffff', '89194ad316fffff', '89194ad068fffff', '89194ad06c3ffff', '89194ad06d7ffff', '89194ad316bffff', '89194ad3163ffff'}",3.0,36.0
89194ad06dbffff,"{'89194ad33abffff', '89194ad33b7ffff', '89194ad3323ffff', '89194ad33a7ffff', '89194ad06c7ffff', '89194ad06cfffff', '89194ad06cbffff', '89194ad06d3ffff', '89194ad0653ffff', '89194ad06dbffff', '89194ad3337ffff', '89194ad3327ffff', '89194ad316fffff', '89194ad06c3ffff', '89194ad06d7ffff', '89194ad316bffff', '89194ad33a3ffff', '89194ad3333ffff', '89194ad33afffff'}",2.0,55.0
89194ad0c43ffff,"{'89194ad0c7bffff', '89194ad0c4bffff', '89194ad0c47ffff', '89194ad0c73ffff', '89194ad0127ffff', '89194ad0eb3ffff', '89194ad012fffff', '89194ad0c43ffff', '89194ad0ccfffff', '89194ad0c1bffff', '89194ad0e87ffff', '89194ad0eb7ffff', '89194ad0c0bffff', '89194ad0ccbffff', '89194ad0e97ffff', '89194ad0c5bffff', '89194ad0c57ffff', '89194ad0c4fffff', '89194ad0c53ffff'}",1.0,2.0
89194ad0cc3ffff,"{'89194ad2a6bffff', '89194ad0137ffff', '89194ad0cd3ffff', '89194ad0c13ffff', '89194ad0127ffff', '89194ad0cc3ffff', '89194ad01afffff', '89194ad0cc7ffff', '89194ad0cdbffff', '89194ad0c9bffff', '89194ad0ccfffff', '89194ad0c1bffff', '89194ad2a6fffff', '89194ad0cd7ffff', '89194ad0ccbffff', '89194ad0c8bffff', '89194ad0c57ffff', '89194ad01a7ffff', '89194ad0c53ffff'}",1.0,15.0
89194ad0ccfffff,"{'89194ad0137ffff', '89194ad0cd3ffff', '89194ad0c47ffff', '89194ad0c13ffff', '89194ad0127ffff', '89194ad0cc3ffff', '89194ad0cdbffff', '89194ad0c43ffff', '89194ad0c03ffff', '89194ad0ccfffff', '89194ad0c1bffff', '89194ad0cd7ffff', '89194ad0c0bffff', '89194ad0ccbffff', '89194ad0c8bffff', '89194ad0c5bffff', '89194ad0c53ffff', '89194ad0c57ffff', '89194ad0cc7ffff'}",1.0,15.0
89194ad0e53ffff,"{'89194ad0e5bffff', '89194ad0edbffff', '89194ad0ec3ffff', '89194ad0337ffff', '89194ad0e43ffff', '89194ad0e4fffff', '89194ad1d97ffff', '89194ad0e4bffff', '89194ad032fffff', '89194ad0e57ffff', '89194ad0e53ffff', '89194ad0e0bffff', '89194ad0323ffff', '89194ad0327ffff', '89194ad0e47ffff', '89194ad0e1bffff', '89194ad0ec7ffff', '89194ad0ecfffff', '89194ad0ecbffff'}",10.0,30.0
89194ad0e5bffff,"{'89194ad0e5bffff', '89194ad0337ffff', '89194ad1d83ffff', '89194ad0e43ffff', '89194ad0e4fffff', '89194ad1db3ffff', '89194ad1d97ffff', '89194ad0e4bffff', '89194ad032fffff', '89194ad0e53ffff', '89194ad0e57ffff', '89194ad1d87ffff', '89194ad0323ffff', '89194ad0327ffff', '89194ad032bffff', '89194ad0e47ffff', '89194ad0ecfffff', '89194ad0ecbffff', '89194ad1d93ffff'}",6.0,29.0
89194ad0e83ffff,"{'89194ad0c4bffff', '89194ad0167ffff', '89194ad0e8fffff', '89194ad0ebbffff', '89194ad012bffff', '89194ad0e8bffff', '89194ad0e93ffff', '89194ad0eb3ffff', '89194ad0e17ffff', '89194ad012fffff', '89194ad0e13ffff', '89194ad0ed7ffff', '89194ad016fffff', '89194ad0e87ffff', '89194ad0e83ffff', '89194ad0e97ffff', '89194ad0e9bffff', '89194ad0c5bffff', '89194ad0ec7ffff'}",2.0,16.0
89194ad0e8fffff,"{'89194ad0c4bffff', '89194ad0e07ffff', '89194ad0eabffff', '89194ad0ebbffff', '89194ad0e8fffff', '89194ad0ea3ffff', '89194ad0e03ffff', '89194ad0e8bffff', '89194ad0eb3ffff', '89194ad0e93ffff', '89194ad0e17ffff', '89194ad0e13ffff', '89194ad0ed7ffff', '89194ad0e87ffff', '89194ad0e83ffff', '89194ad0e97ffff', '89194ad0e9bffff', '89194ad0e1bffff', '89194ad0ec7ffff'}",2.0,16.0
89194ad0e9bffff,"{'89194ad0167ffff', '89194ad0ec3ffff', '89194ad0e8fffff', '89194ad012bffff', '89194ad0e8bffff', '89194ad0e93ffff', '89194ad0163ffff', '89194ad0177ffff', '89194ad012fffff', '89194ad0e13ffff', '89194ad0ed7ffff', '89194ad016fffff', '89194ad0e87ffff', '89194ad016bffff', '89194ad0e83ffff', '89194ad0e97ffff', '89194ad0ed3ffff', '89194ad0e9bffff', '89194ad0ec7ffff'}",3.0,16.0
89194ad0ec7ffff,"{'89194ad0edbffff', '89194ad0ec3ffff', '89194ad0e8fffff', '89194ad0e03ffff', '89194ad0e8bffff', '89194ad0e17ffff', '89194ad0e13ffff', '89194ad0ed7ffff', '89194ad016fffff', '89194ad0e53ffff', '89194ad0e57ffff', '89194ad0e0bffff', '89194ad0e83ffff', '89194ad0ed3ffff', '89194ad0e9bffff', '89194ad0e1bffff', '89194ad0ec7ffff', '89194ad0ecfffff', '89194ad0ecbffff'}",9.0,29.0
89194ad0ecfffff,"{'89194ad0e5bffff', '89194ad0edbffff', '89194ad0ec3ffff', '89194ad0337ffff', '89194ad0e03ffff', '89194ad0e43ffff', '89194ad0e8bffff', '89194ad0e13ffff', '89194ad0ed7ffff', '89194ad0e57ffff', '89194ad0e53ffff', '89194ad0e0bffff', '89194ad0327ffff', '89194ad0ed3ffff', '89194ad0e1bffff', '89194ad0e47ffff', '89194ad0ec7ffff', '89194ad0ecfffff', '89194ad0ecbffff'}",3.0,28.0
89194ad1003ffff,"{'89194ad1033ffff', '89194ad1017ffff', '89194ad1013ffff', '89194ad1007ffff', '89194ad10bbffff', '89194ad108bffff', '89194ad101bffff', '89194ad1047ffff', '89194ad103bffff', '89194ad1073ffff', '89194ad10abffff', '89194ad100fffff', '89194ad10c7ffff', '89194ad1057ffff', '89194ad1077ffff', '89194ad108fffff', '89194ad10cfffff', '89194ad1003ffff', '89194ad100bffff'}",5.0,50.0
89194ad100bffff,"{'89194ad1017ffff', '89194ad1013ffff', '89194ad1007ffff', '89194ad101bffff', '89194ad1047ffff', '89194ad104fffff', '89194ad103bffff', '89194ad1073ffff', '89194ad100fffff', '89194ad1053ffff', '89194ad1043ffff', '89194ad10c7ffff', '89194ad1057ffff', '89194ad1077ffff', '89194ad1063ffff', '89194ad10cfffff', '89194ad1003ffff', '89194ad100bffff', '89194ad107bffff'}",1.0,53.0
89194ad1013ffff,"{'89194ad1083ffff', '89194ad1017ffff', '89194ad1013ffff', '89194ad1007ffff', '89194ad10bbffff', '89194ad10c3ffff', '89194ad108bffff', '89194ad101bffff', '89194ad10abffff', '89194ad100fffff', '89194ad109bffff', '89194ad10c7ffff', '89194ad1057ffff', '89194ad1087ffff', '89194ad10d7ffff', '89194ad108fffff', '89194ad10cfffff', '89194ad1003ffff', '89194ad100bffff'}",12.0,66.0
89194ad101bffff,"{'89194ad10cbffff', '89194ad1017ffff', '89194ad1013ffff', '89194ad1007ffff', '89194ad10c3ffff', '89194ad108bffff', '89194ad101bffff', '89194ad1047ffff', '89194ad1073ffff', '89194ad1053ffff', '89194ad100fffff', '89194ad1043ffff', '89194ad10c7ffff', '89194ad1057ffff', '89194ad10d7ffff', '89194ad108fffff', '89194ad10cfffff', '89194ad1003ffff', '89194ad100bffff'}",1.0,61.0
89194ad1023ffff,"{'89194ad1033ffff', '89194ad1027ffff', '89194ad1007ffff', '89194ad1393ffff', '89194ad10afffff', '89194ad1023ffff', '89194ad103bffff', '89194ad115bffff', '89194ad1397ffff', '89194ad1153ffff', '89194ad102bffff', '89194ad11cbffff', '89194ad100fffff', '89194ad11dbffff', '89194ad10abffff', '89194ad1067ffff', '89194ad1077ffff', '89194ad102fffff', '89194ad1037ffff'}",11.0,69.0
89194ad102bffff,"{'89194ad1033ffff', '89194ad1027ffff', '89194ad1007ffff', '89194ad1393ffff', '89194ad139bffff', '89194ad1023ffff', '89194ad1073ffff', '89194ad103bffff', '89194ad115bffff', '89194ad1383ffff', '89194ad1397ffff', '89194ad102bffff', '89194ad100fffff', '89194ad1067ffff', '89194ad1077ffff', '89194ad102fffff', '89194ad1063ffff', '89194ad1037ffff', '89194ad106fffff'}",11.0,98.0
89194ad1033ffff,"{'89194ad1033ffff', '89194ad1017ffff', '89194ad1027ffff', '89194ad1007ffff', '89194ad10bbffff', '89194ad10afffff', '89194ad1023ffff', '89194ad103bffff', '89194ad10a7ffff', '89194ad10abffff', '89194ad102bffff', '89194ad100fffff', '89194ad11cbffff', '89194ad11dbffff', '89194ad10a3ffff', '89194ad1077ffff', '89194ad102fffff', '89194ad1003ffff', '89194ad1037ffff'}",2.0,50.0
89194ad1037ffff,"{'89194ad1033ffff', '89194ad1027ffff', '89194ad1007ffff', '89194ad10afffff', '89194ad1023ffff', '89194ad103bffff', '89194ad10a7ffff', '89194ad115bffff', '89194ad1153ffff', '89194ad11dbffff', '89194ad11cbffff', '89194ad10abffff', '89194ad102bffff', '89194ad10a3ffff', '89194ad11cfffff', '89194ad11c3ffff', '89194ad102fffff', '89194ad1037ffff', '89194ad11d3ffff'}",1.0,98.0
89194ad1043ffff,"{'89194ad162fffff', '89194ad10cbffff', '89194ad104bffff', '89194ad101bffff', '89194ad100bffff', '89194ad105bffff', '89194ad1047ffff', '89194ad104fffff', '89194ad1627ffff', '89194ad1073ffff', '89194ad1053ffff', '89194ad1043ffff', '89194ad12b3ffff', '89194ad1057ffff', '89194ad1287ffff', '89194ad10cfffff', '89194ad1297ffff', '89194ad107bffff', '89194ad12b7ffff'}",3.0,76.0
89194ad104bffff,"{'89194ad162fffff', '89194ad1293ffff', '89194ad1283ffff', '89194ad128fffff', '89194ad104bffff', '89194ad105bffff', '89194ad12bbffff', '89194ad104fffff', '89194ad1047ffff', '89194ad1627ffff', '89194ad1053ffff', '89194ad1043ffff', '89194ad12a3ffff', '89194ad12b3ffff', '89194ad1057ffff', '89194ad1287ffff', '89194ad1297ffff', '89194ad107bffff', '89194ad12b7ffff'}",13.0,63.0
89194ad1053ffff,"{'89194ad162fffff', '89194ad10cbffff', '89194ad10c3ffff', '89194ad1623ffff', '89194ad104bffff', '89194ad101bffff', '89194ad100bffff', '89194ad105bffff', '89194ad1047ffff', '89194ad104fffff', '89194ad1627ffff', '89194ad10dbffff', '89194ad1053ffff', '89194ad1043ffff', '89194ad10c7ffff', '89194ad1057ffff', '89194ad10cfffff', '89194ad1297ffff', '89194ad1637ffff'}",4.0,77.0
89194ad1057ffff,"{'89194ad10cbffff', '89194ad1013ffff', '89194ad10c3ffff', '89194ad104bffff', '89194ad101bffff', '89194ad1047ffff', '89194ad105bffff', '89194ad104fffff', '89194ad1627ffff', '89194ad1073ffff', '89194ad1053ffff', '89194ad100fffff', '89194ad1043ffff', '89194ad10c7ffff', '89194ad1057ffff', '89194ad10cfffff', '89194ad1003ffff', '89194ad100bffff', '89194ad107bffff'}",11.0,82.0
89194ad105bffff,"{'89194ad162fffff', '89194ad1293ffff', '89194ad1283ffff', '89194ad10cbffff', '89194ad1623ffff', '89194ad104bffff', '89194ad1047ffff', '89194ad105bffff', '89194ad104fffff', '89194ad1627ffff', '89194ad1053ffff', '89194ad1043ffff', '89194ad12b3ffff', '89194ad1057ffff', '89194ad1287ffff', '89194ad10cfffff', '89194ad1297ffff', '89194ad1637ffff', '89194ad162bffff'}",5.0,84.0
89194ad1063ffff,"{'89194ad1393ffff', '89194ad12a7ffff', '89194ad139bffff', '89194ad1047ffff', '89194ad104fffff', '89194ad106bffff', '89194ad103bffff', '89194ad1073ffff', '89194ad102bffff', '89194ad100fffff', '89194ad1067ffff', '89194ad1077ffff', '89194ad1063ffff', '89194ad13d7ffff', '89194ad100bffff', '89194ad107bffff', '89194ad106fffff', '89194ad12b7ffff', '89194ad13d3ffff'}",8.0,85.0
89194ad106bffff,"{'89194ad13dbffff', '89194ad12a7ffff', '89194ad12afffff', '89194ad139bffff', '89194ad1047ffff', '89194ad104fffff', '89194ad106bffff', '89194ad1073ffff', '89194ad13c3ffff', '89194ad1067ffff', '89194ad12a3ffff', '89194ad12b3ffff', '89194ad1077ffff', '89194ad1063ffff', '89194ad13d7ffff', '89194ad107bffff', '89194ad106fffff', '89194ad12b7ffff', '89194ad13d3ffff'}",3.0,67.0
89194ad106fffff,"{'89194ad13dbffff', '89194ad1393ffff', '89194ad12a7ffff', '89194ad139bffff', '89194ad106bffff', '89194ad1073ffff', '89194ad13c3ffff', '89194ad1383ffff', '89194ad12b7ffff', '89194ad102bffff', '89194ad1067ffff', '89194ad1077ffff', '89194ad1063ffff', '89194ad13d7ffff', '89194ad138bffff', '89194ad107bffff', '89194ad106fffff', '89194ad13c7ffff', '89194ad13d3ffff'}",7.0,98.0
89194ad1073ffff,"{'89194ad1007ffff', '89194ad101bffff', '89194ad1047ffff', '89194ad104fffff', '89194ad106bffff', '89194ad103bffff', '89194ad1073ffff', '89194ad102bffff', '89194ad100fffff', '89194ad1067ffff', '89194ad1043ffff', '89194ad1057ffff', '89194ad1077ffff', '89194ad1063ffff', '89194ad1003ffff', '89194ad100bffff', '89194ad107bffff', '89194ad106fffff', '89194ad12b7ffff'}",6.0,58.0
89194ad1083ffff,"{'89194ad10b3ffff', '89194ad1083ffff', '89194ad1017ffff', '89194ad154bffff', '89194ad1013ffff', '89194ad10bbffff', '89194ad108bffff', '89194ad1467ffff', '89194ad155bffff', '89194ad109bffff', '89194ad142bffff', '89194ad10c7ffff', '89194ad1097ffff', '89194ad142fffff', '89194ad1087ffff', '89194ad10d7ffff', '89194ad1093ffff', '89194ad146fffff', '89194ad108fffff'}",16.0,64.0
89194ad1087ffff,"{'89194ad10b3ffff', '89194ad1083ffff', '89194ad1017ffff', '89194ad10b7ffff', '89194ad154bffff', '89194ad1013ffff', '89194ad10bbffff', '89194ad108bffff', '89194ad155bffff', '89194ad10abffff', '89194ad109bffff', '89194ad10a3ffff', '89194ad1097ffff', '89194ad1543ffff', '89194ad142fffff', '89194ad154fffff', '89194ad1087ffff', '89194ad1093ffff', '89194ad108fffff'}",1.0,53.0
89194ad108bffff,"{'89194ad1083ffff', '89194ad1017ffff', '89194ad1013ffff', '89194ad10d3ffff', '89194ad10bbffff', '89194ad10c3ffff', '89194ad108bffff', '89194ad101bffff', '89194ad1467ffff', '89194ad109bffff', '89194ad10c7ffff', '89194ad1097ffff', '89194ad1087ffff', '89194ad10d7ffff', '89194ad1093ffff', '89194ad146fffff', '89194ad108fffff', '89194ad1003ffff', '89194ad10cfffff'}",1.0,61.0
89194ad1093ffff,"{'89194ad1083ffff', '89194ad1477ffff', '89194ad154bffff', '89194ad1423ffff', '89194ad108bffff', '89194ad1463ffff', '89194ad1467ffff', '89194ad155bffff', '89194ad109bffff', '89194ad142bffff', '89194ad1097ffff', '89194ad1427ffff', '89194ad142fffff', '89194ad1087ffff', '89194ad143bffff', '89194ad10d7ffff', '89194ad1093ffff', '89194ad146fffff', '89194ad108fffff'}",4.0,63.0
89194ad109bffff,"{'89194ad1083ffff', '89194ad1477ffff', '89194ad1013ffff', '89194ad10d3ffff', '89194ad10c3ffff', '89194ad108bffff', '89194ad1463ffff', '89194ad1467ffff', '89194ad142bffff', '89194ad109bffff', '89194ad10c7ffff', '89194ad1097ffff', '89194ad146bffff', '89194ad142fffff', '89194ad1087ffff', '89194ad10d7ffff', '89194ad1093ffff', '89194ad146fffff', '89194ad108fffff'}",1.0,64.0
89194ad10a3ffff,"{'89194ad10b3ffff', '89194ad1033ffff', '89194ad1017ffff', '89194ad10b7ffff', '89194ad154bffff', '89194ad1007ffff', '89194ad10bbffff', '89194ad156bffff', '89194ad11d3ffff', '89194ad10afffff', '89194ad10a7ffff', '89194ad157bffff', '89194ad10abffff', '89194ad11dbffff', '89194ad10a3ffff', '89194ad1087ffff', '89194ad154fffff', '89194ad108fffff', '89194ad1037ffff'}",5.0,56.0
89194ad10a7ffff,"{'89194ad10b3ffff', '89194ad1033ffff', '89194ad10b7ffff', '89194ad10bbffff', '89194ad156bffff', '89194ad11d3ffff', '89194ad10afffff', '89194ad10a7ffff', '89194ad157bffff', '89194ad11dbffff', '89194ad10abffff', '89194ad10a3ffff', '89194ad11cbffff', '89194ad1563ffff', '89194ad11d7ffff', '89194ad154fffff', '89194ad11c3ffff', '89194ad1037ffff', '89194ad156fffff'}",4.0,132.0
89194ad10abffff,"{'89194ad10b3ffff', '89194ad1033ffff', '89194ad1017ffff', '89194ad10b7ffff', '89194ad1013ffff', '89194ad1007ffff', '89194ad10bbffff', '89194ad10afffff', '89194ad1023ffff', '89194ad103bffff', '89194ad10a7ffff', '89194ad11dbffff', '89194ad10abffff', '89194ad10a3ffff', '89194ad100fffff', '89194ad1087ffff', '89194ad108fffff', '89194ad1003ffff', '89194ad1037ffff'}",4.0,54.0
89194ad10afffff,"{'89194ad10b3ffff', '89194ad1033ffff', '89194ad1017ffff', '89194ad10b7ffff', '89194ad1027ffff', '89194ad1007ffff', '89194ad10bbffff', '89194ad156bffff', '89194ad11d3ffff', '89194ad10afffff', '89194ad1023ffff', '89194ad103bffff', '89194ad10a7ffff', '89194ad10abffff', '89194ad11dbffff', '89194ad10a3ffff', '89194ad11cbffff', '89194ad11c3ffff', '89194ad1037ffff'}",1.0,75.0
89194ad10b3ffff,"{'89194ad10b3ffff', '89194ad1083ffff', '89194ad1017ffff', '89194ad10b7ffff', '89194ad154bffff', '89194ad10bbffff', '89194ad156bffff', '89194ad10afffff', '89194ad10a7ffff', '89194ad157bffff', '89194ad155bffff', '89194ad10abffff', '89194ad10a3ffff', '89194ad1097ffff', '89194ad1547ffff', '89194ad1543ffff', '89194ad1087ffff', '89194ad154fffff', '89194ad108fffff'}",3.0,50.0
89194ad10bbffff,"{'89194ad10b3ffff', '89194ad1083ffff', '89194ad1033ffff', '89194ad1017ffff', '89194ad10b7ffff', '89194ad154bffff', '89194ad1013ffff', '89194ad1007ffff', '89194ad10bbffff', '89194ad108bffff', '89194ad10afffff', '89194ad10a7ffff', '89194ad10abffff', '89194ad10a3ffff', '89194ad1097ffff', '89194ad1087ffff', '89194ad154fffff', '89194ad108fffff', '89194ad1003ffff'}",5.0,59.0
89194ad10c3ffff,"{'89194ad10cbffff', '89194ad1013ffff', '89194ad10d3ffff', '89194ad10c3ffff', '89194ad108bffff', '89194ad101bffff', '89194ad1627ffff', '89194ad10dbffff', '89194ad16a7ffff', '89194ad1053ffff', '89194ad109bffff', '89194ad16afffff', '89194ad10c7ffff', '89194ad1057ffff', '89194ad146bffff', '89194ad10d7ffff', '89194ad146fffff', '89194ad10cfffff', '89194ad1637ffff'}",4.0,71.0
89194ad10c7ffff,"{'89194ad10cbffff', '89194ad1083ffff', '89194ad1017ffff', '89194ad1013ffff', '89194ad10d3ffff', '89194ad10c3ffff', '89194ad108bffff', '89194ad101bffff', '89194ad10dbffff', '89194ad1053ffff', '89194ad109bffff', '89194ad10c7ffff', '89194ad1057ffff', '89194ad10d7ffff', '89194ad146fffff', '89194ad108fffff', '89194ad1003ffff', '89194ad10cfffff', '89194ad100bffff'}",2.0,71.0
89194ad10cbffff,"{'89194ad162fffff', '89194ad10cbffff', '89194ad1633ffff', '89194ad10d3ffff', '89194ad10c3ffff', '89194ad1623ffff', '89194ad101bffff', '89194ad105bffff', '89194ad1627ffff', '89194ad10dbffff', '89194ad16a7ffff', '89194ad1053ffff', '89194ad1043ffff', '89194ad16afffff', '89194ad10c7ffff', '89194ad1057ffff', '89194ad10d7ffff', '89194ad10cfffff', '89194ad1637ffff'}",9.0,66.0
89194ad10d3ffff,"{'89194ad10cbffff', '89194ad10d3ffff', '89194ad10c3ffff', '89194ad108bffff', '89194ad1463ffff', '89194ad147bffff', '89194ad1467ffff', '89194ad10dbffff', '89194ad16a7ffff', '89194ad109bffff', '89194ad16a3ffff', '89194ad16b7ffff', '89194ad16afffff', '89194ad10c7ffff', '89194ad146bffff', '89194ad10d7ffff', '89194ad146fffff', '89194ad10cfffff', '89194ad1637ffff'}",1.0,50.0
89194ad10d7ffff,"{'89194ad10cbffff', '89194ad1083ffff', '89194ad1013ffff', '89194ad10d3ffff', '89194ad10c3ffff', '89194ad108bffff', '89194ad101bffff', '89194ad1463ffff', '89194ad1467ffff', '89194ad10dbffff', '89194ad16a7ffff', '89194ad109bffff', '89194ad10c7ffff', '89194ad146bffff', '89194ad1093ffff', '89194ad10d7ffff', '89194ad146fffff', '89194ad108fffff', '89194ad10cfffff'}",2.0,59.0
89194ad1103ffff,"{'89194ad11abffff', '89194ad1173ffff', '89194ad118bffff', '89194ad110bffff', '89194ad110fffff', '89194ad1103ffff', '89194ad1133ffff', '89194ad11c7ffff', '89194ad1117ffff', '89194ad111bffff', '89194ad1147ffff', '89194ad1177ffff', '89194ad118fffff', '89194ad113bffff', '89194ad11bbffff', '89194ad11cfffff', '89194ad1113ffff', '89194ad1107ffff', '89194ad1157ffff'}",15.0,67.0
89194ad110bffff,"{'89194ad1173ffff', '89194ad1163ffff', '89194ad110bffff', '89194ad110fffff', '89194ad1103ffff', '89194ad117bffff', '89194ad11c7ffff', '89194ad1117ffff', '89194ad1153ffff', '89194ad111bffff', '89194ad1147ffff', '89194ad1143ffff', '89194ad1177ffff', '89194ad113bffff', '89194ad11cfffff', '89194ad1113ffff', '89194ad1107ffff', '89194ad114fffff', '89194ad1157ffff'}",7.0,70.0
89194ad1113ffff,"{'89194ad11abffff', '89194ad118bffff', '89194ad110bffff', '89194ad1103ffff', '89194ad110fffff', '89194ad11c7ffff', '89194ad1117ffff', '89194ad111bffff', '89194ad1187ffff', '89194ad119bffff', '89194ad118fffff', '89194ad11d7ffff', '89194ad11bbffff', '89194ad11cfffff', '89194ad11c3ffff', '89194ad1113ffff', '89194ad1107ffff', '89194ad1183ffff', '89194ad1157ffff'}",2.0,146.0
89194ad1127ffff,"{'89194ad1c43ffff', '89194ad1c57ffff', '89194ad1e93ffff', '89194ad1ccfffff', '89194ad1e97ffff', '89194ad1cc3ffff', '89194ad112bffff', '89194ad112fffff', '89194ad11afffff', '89194ad1c53ffff', '89194ad1133ffff', '89194ad1c4bffff', '89194ad113bffff', '89194ad1123ffff', '89194ad1cdbffff', '89194ad1127ffff', '89194ad1ccbffff', '89194ad1137ffff', '89194ad1c5bffff'}",1.0,19.0
89194ad112fffff,"{'89194ad1c43ffff', '89194ad1e93ffff', '89194ad1e9bffff', '89194ad1e97ffff', '89194ad1e87ffff', '89194ad112bffff', '89194ad112fffff', '89194ad1c53ffff', '89194ad1133ffff', '89194ad1167ffff', '89194ad1c4bffff', '89194ad1177ffff', '89194ad113bffff', '89194ad1e83ffff', '89194ad1123ffff', '89194ad1127ffff', '89194ad1ccbffff', '89194ad1137ffff', '89194ad1c5bffff'}",1.0,11.0
89194ad1143ffff,"{'89194ad1173ffff', '89194ad1027ffff', '89194ad110bffff', '89194ad114bffff', '89194ad1387ffff', '89194ad117bffff', '89194ad115bffff', '89194ad1397ffff', '89194ad1153ffff', '89194ad11cbffff', '89194ad111bffff', '89194ad1147ffff', '89194ad13b7ffff', '89194ad1143ffff', '89194ad13b3ffff', '89194ad11cfffff', '89194ad102fffff', '89194ad114fffff', '89194ad1157ffff'}",1.0,38.0
89194ad1147ffff,"{'89194ad1173ffff', '89194ad116bffff', '89194ad1163ffff', '89194ad110bffff', '89194ad110fffff', '89194ad1103ffff', '89194ad114bffff', '89194ad117bffff', '89194ad115bffff', '89194ad1153ffff', '89194ad111bffff', '89194ad13b7ffff', '89194ad1143ffff', '89194ad1147ffff', '89194ad1177ffff', '89194ad13b3ffff', '89194ad11cfffff', '89194ad114fffff', '89194ad1157ffff'}",3.0,56.0
89194ad114bffff,"{'89194ad13bbffff', '89194ad1027ffff', '89194ad1393ffff', '89194ad114bffff', '89194ad1387ffff', '89194ad117bffff', '89194ad115bffff', '89194ad1383ffff', '89194ad1397ffff', '89194ad13a3ffff', '89194ad1153ffff', '89194ad138fffff', '89194ad13b7ffff', '89194ad1147ffff', '89194ad1143ffff', '89194ad13b3ffff', '89194ad102fffff', '89194ad114fffff', '89194ad1157ffff'}",1.0,60.0
89194ad1153ffff,"{'89194ad1027ffff', '89194ad110bffff', '89194ad1023ffff', '89194ad114bffff', '89194ad115bffff', '89194ad1397ffff', '89194ad11c7ffff', '89194ad1153ffff', '89194ad11dbffff', '89194ad11cbffff', '89194ad111bffff', '89194ad1147ffff', '89194ad1143ffff', '89194ad11cfffff', '89194ad11c3ffff', '89194ad102fffff', '89194ad114fffff', '89194ad1037ffff', '89194ad1157ffff'}",10.0,87.0
89194ad1157ffff,"{'89194ad1173ffff', '89194ad1027ffff', '89194ad110bffff', '89194ad110fffff', '89194ad1103ffff', '89194ad114bffff', '89194ad117bffff', '89194ad115bffff', '89194ad11c7ffff', '89194ad1153ffff', '89194ad11cbffff', '89194ad111bffff', '89194ad1147ffff', '89194ad1143ffff', '89194ad11cfffff', '89194ad11c3ffff', '89194ad1113ffff', '89194ad114fffff', '89194ad1157ffff'}",1.0,93.0
89194ad115bffff,"{'89194ad1027ffff', '89194ad1393ffff', '89194ad1023ffff', '89194ad114bffff', '89194ad1387ffff', '89194ad115bffff', '89194ad1383ffff', '89194ad1397ffff', '89194ad1153ffff', '89194ad102bffff', '89194ad11cbffff', '89194ad1147ffff', '89194ad1143ffff', '89194ad13b3ffff', '89194ad11cfffff', '89194ad102fffff', '89194ad114fffff', '89194ad1037ffff', '89194ad1157ffff'}",5.0,87.0
89194ad1163ffff,"{'89194ad1173ffff', '89194ad1ed3ffff', '89194ad13a7ffff', '89194ad116bffff', '89194ad116fffff', '89194ad1e93ffff', '89194ad1163ffff', '89194ad1ed7ffff', '89194ad110bffff', '89194ad110fffff', '89194ad1e9bffff', '89194ad112bffff', '89194ad117bffff', '89194ad1147ffff', '89194ad13b7ffff', '89194ad1167ffff', '89194ad1177ffff', '89194ad113bffff', '89194ad114fffff'}",1.0,26.0
89194ad116bffff,"{'89194ad1173ffff', '89194ad1ed3ffff', '89194ad13a7ffff', '89194ad1ec3ffff', '89194ad116bffff', '89194ad116fffff', '89194ad1163ffff', '89194ad1ed7ffff', '89194ad1e9bffff', '89194ad1edbffff', '89194ad117bffff', '89194ad13a3ffff', '89194ad13b7ffff', '89194ad1147ffff', '89194ad1167ffff', '89194ad1177ffff', '89194ad13b3ffff', '89194ad13afffff', '89194ad114fffff'}",4.0,19.0
89194ad116fffff,"{'89194ad1173ffff', '89194ad1ed3ffff', '89194ad13a7ffff', '89194ad116bffff', '89194ad1ec3ffff', '89194ad116fffff', '89194ad1e93ffff', '89194ad1163ffff', '89194ad1ed7ffff', '89194ad1e9bffff', '89194ad1edbffff', '89194ad112bffff', '89194ad117bffff', '89194ad13b7ffff', '89194ad1167ffff', '89194ad1177ffff', '89194ad1e83ffff', '89194ad1ec7ffff', '89194ad1e8bffff'}",4.0,28.0
89194ad1173ffff,"{'89194ad1173ffff', '89194ad116bffff', '89194ad116fffff', '89194ad1163ffff', '89194ad110bffff', '89194ad110fffff', '89194ad1103ffff', '89194ad112bffff', '89194ad117bffff', '89194ad111bffff', '89194ad1147ffff', '89194ad13b7ffff', '89194ad1143ffff', '89194ad1167ffff', '89194ad1177ffff', '89194ad113bffff', '89194ad1107ffff', '89194ad114fffff', '89194ad1157ffff'}",1.0,38.0
89194ad117bffff,"{'89194ad1173ffff', '89194ad1ed3ffff', '89194ad13a7ffff', '89194ad116bffff', '89194ad116fffff', '89194ad1163ffff', '89194ad110bffff', '89194ad110fffff', '89194ad114bffff', '89194ad117bffff', '89194ad13a3ffff', '89194ad13b7ffff', '89194ad1147ffff', '89194ad1143ffff', '89194ad1167ffff', '89194ad1177ffff', '89194ad13b3ffff', '89194ad114fffff', '89194ad1157ffff'}",1.0,29.0
89194ad118bffff,"{'89194ad156fffff', '89194ad1193ffff', '89194ad118bffff', '89194ad1103ffff', '89194ad11c7ffff', '89194ad1117ffff', '89194ad111bffff', '89194ad1187ffff', '89194ad119bffff', '89194ad118fffff', '89194ad11d7ffff', '89194ad11bbffff', '89194ad11cfffff', '89194ad11c3ffff', '89194ad1113ffff', '89194ad1183ffff', '89194ad11d3ffff', '89194ad1197ffff', '89194ad1567ffff'}",5.0,170.0
89194ad118fffff,"{'89194ad11abffff', '89194ad1193ffff', '89194ad118bffff', '89194ad1103ffff', '89194ad11a3ffff', '89194ad024bffff', '89194ad11c7ffff', '89194ad1117ffff', '89194ad1187ffff', '89194ad111bffff', '89194ad119bffff', '89194ad118fffff', '89194ad11d7ffff', '89194ad11bbffff', '89194ad1113ffff', '89194ad1183ffff', '89194ad1107ffff', '89194ad1197ffff', '89194ad11b3ffff'}",1.0,137.0
89194ad1193ffff,"{'89194ad1567ffff', '89194ad1523ffff', '89194ad1193ffff', '89194ad118bffff', '89194ad025bffff', '89194ad024bffff', '89194ad1527ffff', '89194ad152fffff', '89194ad1563ffff', '89194ad1187ffff', '89194ad153bffff', '89194ad119bffff', '89194ad118fffff', '89194ad152bffff', '89194ad11d7ffff', '89194ad1577ffff', '89194ad1183ffff', '89194ad1197ffff', '89194ad156fffff'}",10.0,100.0
89194ad1197ffff,"{'89194ad1523ffff', '89194ad1193ffff', '89194ad025bffff', '89194ad118bffff', '89194ad024fffff', '89194ad024bffff', '89194ad1527ffff', '89194ad152fffff', '89194ad1187ffff', '89194ad119bffff', '89194ad118fffff', '89194ad152bffff', '89194ad11bbffff', '89194ad0243ffff', '89194ad0253ffff', '89194ad1183ffff', '89194ad1197ffff', '89194ad11b3ffff', '89194ad1567ffff'}",1.0,42.0
89194ad119bffff,"{'89194ad156fffff', '89194ad1193ffff', '89194ad118bffff', '89194ad156bffff', '89194ad11c7ffff', '89194ad152fffff', '89194ad1563ffff', '89194ad1187ffff', '89194ad119bffff', '89194ad118fffff', '89194ad152bffff', '89194ad11d7ffff', '89194ad1577ffff', '89194ad11c3ffff', '89194ad1113ffff', '89194ad1183ffff', '89194ad11d3ffff', '89194ad1197ffff', '89194ad1567ffff'}",7.0,160.0
89194ad11a3ffff,"{'89194ad11abffff', '89194ad024fffff', '89194ad11afffff', '89194ad11a3ffff', '89194ad024bffff', '89194ad1133ffff', '89194ad1117ffff', '89194ad1187ffff', '89194ad118fffff', '89194ad027bffff', '89194ad11bbffff', '89194ad1cdbffff', '89194ad1cd3ffff', '89194ad1137ffff', '89194ad026bffff', '89194ad1107ffff', '89194ad11b7ffff', '89194ad11b3ffff', '89194ad11a7ffff'}",11.0,29.0
89194ad11a7ffff,"{'89194ad11abffff', '89194ad024fffff', '89194ad026fffff', '89194ad1cc3ffff', '89194ad11afffff', '89194ad11a3ffff', '89194ad1133ffff', '89194ad0263ffff', '89194ad027bffff', '89194ad11bbffff', '89194ad1cdbffff', '89194ad1cd3ffff', '89194ad1137ffff', '89194ad026bffff', '89194ad1ccbffff', '89194ad11b7ffff', '89194ad11b3ffff', '89194ad11a7ffff', '89194ad1cd7ffff'}",1.0,28.0
89194ad11abffff,"{'89194ad11abffff', '89194ad1103ffff', '89194ad110fffff', '89194ad11afffff', '89194ad11a3ffff', '89194ad1133ffff', '89194ad1117ffff', '89194ad1187ffff', '89194ad118fffff', '89194ad113bffff', '89194ad11bbffff', '89194ad1123ffff', '89194ad1cdbffff', '89194ad1113ffff', '89194ad1137ffff', '89194ad1107ffff', '89194ad11b7ffff', '89194ad11b3ffff', '89194ad11a7ffff'}",4.0,45.0
89194ad11afffff,"{'89194ad11abffff', '89194ad1cc3ffff', '89194ad11afffff', '89194ad11a3ffff', '89194ad1133ffff', '89194ad1117ffff', '89194ad113bffff', '89194ad11bbffff', '89194ad1cdbffff', '89194ad1123ffff', '89194ad1cd3ffff', '89194ad1127ffff', '89194ad026bffff', '89194ad1107ffff', '89194ad1137ffff', '89194ad1ccbffff', '89194ad11b7ffff', '89194ad11b3ffff', '89194ad11a7ffff'}",7.0,28.0
89194ad11b7ffff,"{'89194ad11abffff', '89194ad024fffff', '89194ad026fffff', '89194ad11afffff', '89194ad11a3ffff', '89194ad024bffff', '89194ad0263ffff', '89194ad1187ffff', '89194ad0273ffff', '89194ad027bffff', '89194ad11bbffff', '89194ad1cdbffff', '89194ad1cd3ffff', '89194ad026bffff', '89194ad0243ffff', '89194ad0247ffff', '89194ad11b7ffff', '89194ad11b3ffff', '89194ad11a7ffff'}",3.0,28.0
89194ad11c3ffff,"{'89194ad1027ffff', '89194ad118bffff', '89194ad156bffff', '89194ad11d3ffff', '89194ad10afffff', '89194ad10a7ffff', '89194ad11c7ffff', '89194ad1153ffff', '89194ad11dbffff', '89194ad11cbffff', '89194ad111bffff', '89194ad119bffff', '89194ad11d7ffff', '89194ad11cfffff', '89194ad11c3ffff', '89194ad1113ffff', '89194ad1037ffff', '89194ad1157ffff', '89194ad156fffff'}",17.0,157.0
89194ad11c7ffff,"{'89194ad118bffff', '89194ad110bffff', '89194ad1103ffff', '89194ad11c7ffff', '89194ad1117ffff', '89194ad1153ffff', '89194ad11dbffff', '89194ad11cbffff', '89194ad111bffff', '89194ad119bffff', '89194ad118fffff', '89194ad11d7ffff', '89194ad11cfffff', '89194ad11c3ffff', '89194ad1113ffff', '89194ad1183ffff', '89194ad11d3ffff', '89194ad1157ffff', '89194ad156fffff'}",22.0,173.0
89194ad11cbffff,"{'89194ad1033ffff', '89194ad1027ffff', '89194ad11d3ffff', '89194ad10afffff', '89194ad1023ffff', '89194ad10a7ffff', '89194ad115bffff', '89194ad11c7ffff', '89194ad1153ffff', '89194ad11dbffff', '89194ad11cbffff', '89194ad111bffff', '89194ad1143ffff', '89194ad11d7ffff', '89194ad11cfffff', '89194ad11c3ffff', '89194ad102fffff', '89194ad1037ffff', '89194ad1157ffff'}",1.0,161.0
89194ad11cfffff,"{'89194ad1027ffff', '89194ad118bffff', '89194ad11d3ffff', '89194ad110bffff', '89194ad1103ffff', '89194ad115bffff', '89194ad11c7ffff', '89194ad1153ffff', '89194ad11dbffff', '89194ad11cbffff', '89194ad111bffff', '89194ad1147ffff', '89194ad1143ffff', '89194ad11d7ffff', '89194ad11cfffff', '89194ad11c3ffff', '89194ad1113ffff', '89194ad1037ffff', '89194ad1157ffff'}",6.0,175.0
89194ad11d3ffff,"{'89194ad156fffff', '89194ad10b7ffff', '89194ad118bffff', '89194ad156bffff', '89194ad11d3ffff', '89194ad10afffff', '89194ad10a7ffff', '89194ad157bffff', '89194ad11c7ffff', '89194ad11dbffff', '89194ad11cbffff', '89194ad10a3ffff', '89194ad1563ffff', '89194ad119bffff', '89194ad11d7ffff', '89194ad11cfffff', '89194ad11c3ffff', '89194ad1037ffff', '89194ad1567ffff'}",20.0,163.0
89194ad11d7ffff,"{'89194ad156fffff', '89194ad1193ffff', '89194ad118bffff', '89194ad156bffff', '89194ad10a7ffff', '89194ad11c7ffff', '89194ad11dbffff', '89194ad11cbffff', '89194ad1563ffff', '89194ad111bffff', '89194ad119bffff', '89194ad118fffff', '89194ad11d7ffff', '89194ad11cfffff', '89194ad11c3ffff', '89194ad1113ffff', '89194ad1183ffff', '89194ad11d3ffff', '89194ad1567ffff'}",59.0,160.0
89194ad1203ffff,"{'89194ad128fffff', '89194ad12cfffff', '89194ad1257ffff', '89194ad12bbffff', '89194ad1203ffff', '89194ad1207ffff', '89194ad1213ffff', '89194ad1273ffff', '89194ad123bffff', '89194ad128bffff', '89194ad12c7ffff', '89194ad120fffff', '89194ad121bffff', '89194ad1233ffff', '89194ad1247ffff', '89194ad12abffff', '89194ad1217ffff', '89194ad120bffff', '89194ad1277ffff'}",11.0,55.0
89194ad120bffff,"{'89194ad124fffff', '89194ad12cfffff', '89194ad1257ffff', '89194ad1203ffff', '89194ad1207ffff', '89194ad1213ffff', '89194ad1253ffff', '89194ad1273ffff', '89194ad123bffff', '89194ad127bffff', '89194ad12c7ffff', '89194ad120fffff', '89194ad121bffff', '89194ad1247ffff', '89194ad1243ffff', '89194ad1217ffff', '89194ad1263ffff', '89194ad120bffff', '89194ad1277ffff'}",18.0,56.0
89194ad1223ffff,"{'89194adac93ffff', '89194ad1227ffff', '89194ad1353ffff', '89194ad12afffff', '89194ad1207ffff', '89194ad1267ffff', '89194ad1223ffff', '89194ad135bffff', '89194ad122bffff', '89194ad123bffff', '89194ad120fffff', '89194ad122fffff', '89194ad1233ffff', '89194adac97ffff', '89194ad13cbffff', '89194ad12abffff', '89194ad1237ffff', '89194ad13dbffff', '89194ad1277ffff'}",4.0,80.0
89194ad122bffff,"{'89194adac93ffff', '89194adac9bffff', '89194ad1227ffff', '89194ad1207ffff', '89194ad1223ffff', '89194ad1267ffff', '89194ad135bffff', '89194ad1273ffff', '89194ad122bffff', '89194ad123bffff', '89194ad1237ffff', '89194ad120fffff', '89194ad122fffff', '89194adac97ffff', '89194ad1233ffff', '89194adac83ffff', '89194ad1263ffff', '89194ad126fffff', '89194ad1277ffff'}",12.0,76.0
89194ad122fffff,"{'89194adac93ffff', '89194ad134bffff', '89194adac9bffff', '89194ad1343ffff', '89194ad1227ffff', '89194ad1353ffff', '89194ad1223ffff', '89194ad1267ffff', '89194ad135bffff', '89194ad122bffff', '89194ad123bffff', '89194ad1237ffff', '89194adac87ffff', '89194ad1233ffff', '89194adac97ffff', '89194ad122fffff', '89194ad13cbffff', '89194adac83ffff', '89194ad1277ffff'}",11.0,74.0
89194ad1233ffff,"{'89194ad12a7ffff', '89194ad1227ffff', '89194ad12afffff', '89194ad1203ffff', '89194ad12bbffff', '89194ad1207ffff', '89194ad1223ffff', '89194ad122bffff', '89194ad123bffff', '89194ad12a3ffff', '89194ad1237ffff', '89194ad120fffff', '89194ad122fffff', '89194ad1233ffff', '89194ad13cbffff', '89194ad12abffff', '89194ad1217ffff', '89194ad13dbffff', '89194ad1277ffff'}",3.0,76.0
89194ad1237ffff,"{'89194ad12a7ffff', '89194ad1227ffff', '89194ad1353ffff', '89194ad12afffff', '89194ad1207ffff', '89194ad1223ffff', '89194ad13c3ffff', '89194ad135bffff', '89194ad122bffff', '89194ad13cfffff', '89194ad123bffff', '89194ad12a3ffff', '89194ad1233ffff', '89194ad122fffff', '89194ad13cbffff', '89194ad12abffff', '89194ad1237ffff', '89194ad13dbffff', '89194ad13d3ffff'}",1.0,59.0
89194ad123bffff,"{'89194adac93ffff', '89194ad1227ffff', '89194ad12afffff', '89194ad1203ffff', '89194ad1207ffff', '89194ad1223ffff', '89194ad1267ffff', '89194ad1273ffff', '89194ad122bffff', '89194ad123bffff', '89194ad1237ffff', '89194ad120fffff', '89194ad1233ffff', '89194ad122fffff', '89194ad12abffff', '89194ad1217ffff', '89194ad1263ffff', '89194ad120bffff', '89194ad1277ffff'}",2.0,109.0
89194ad1247ffff,"{'89194ad124fffff', '89194ad12cfffff', '89194ad1257ffff', '89194ad1203ffff', '89194ad1253ffff', '89194ad1273ffff', '89194ada1b3ffff', '89194ad127bffff', '89194ad120fffff', '89194ad121bffff', '89194ad125bffff', '89194ada1b7ffff', '89194ad1243ffff', '89194ad1247ffff', '89194ad1277ffff', '89194ad124bffff', '89194ad1263ffff', '89194ad120bffff', '89194ad126bffff'}",4.0,63.0
89194ad124bffff,"{'89194ad124fffff', '89194ada1bbffff', '89194ada527ffff', '89194ada52fffff', '89194ad1257ffff', '89194ada187ffff', '89194ada18fffff', '89194ad1253ffff', '89194ada1a3ffff', '89194ada193ffff', '89194ada1b3ffff', '89194ada183ffff', '89194ad127bffff', '89194ad125bffff', '89194ada197ffff', '89194ad1247ffff', '89194ada1b7ffff', '89194ad1243ffff', '89194ad124bffff'}",6.0,43.0
89194ad124fffff,"{'89194ada1bbffff', '89194ad124fffff', '89194ad1257ffff', '89194ada1a7ffff', '89194ada187ffff', '89194ad1253ffff', '89194ada1a3ffff', '89194ad1273ffff', '89194ada1b3ffff', '89194ad127bffff', '89194ad125bffff', '89194ada197ffff', '89194ad1247ffff', '89194ada1b7ffff', '89194ad1243ffff', '89194ad124bffff', '89194ad1263ffff', '89194ad120bffff', '89194ad126bffff'}",2.0,64.0
89194ad1253ffff,"{'89194ad124fffff', '89194ada527ffff', '89194ada52fffff', '89194ad12cfffff', '89194ad1257ffff', '89194ada537ffff', '89194ada523ffff', '89194ad1253ffff', '89194ad12c7ffff', '89194ad12cbffff', '89194ad121bffff', '89194ad125bffff', '89194ada197ffff', '89194ad12dbffff', '89194ad1247ffff', '89194ad12c3ffff', '89194ad1243ffff', '89194ad124bffff', '89194ad120bffff'}",5.0,49.0
89194ad125bffff,"{'89194ad124fffff', '89194ada527ffff', '89194ada52fffff', '89194ad12cfffff', '89194ad1257ffff', '89194ada537ffff', '89194ada187ffff', '89194ada523ffff', '89194ad1253ffff', '89194ada193ffff', '89194ada1b3ffff', '89194ada52bffff', '89194ada183ffff', '89194ad12cbffff', '89194ad125bffff', '89194ada197ffff', '89194ad1247ffff', '89194ad1243ffff', '89194ad124bffff'}",3.0,42.0
89194ad1267ffff,"{'89194adac93ffff', '89194adac8bffff', '89194adac9bffff', '89194ad1223ffff', '89194ad1267ffff', '89194ad1273ffff', '89194ad122bffff', '89194ad123bffff', '89194ad127bffff', '89194ad120fffff', '89194adacd7ffff', '89194ad122fffff', '89194adac97ffff', '89194ad126bffff', '89194adac83ffff', '89194ad1263ffff', '89194adacd3ffff', '89194ad126fffff', '89194ad1277ffff'}",4.0,82.0
89194ad126bffff,"{'89194ad124fffff', '89194adac9bffff', '89194adacdbffff', '89194ada1a7ffff', '89194ada1afffff', '89194ad1267ffff', '89194ada1a3ffff', '89194ad1273ffff', '89194ada1b3ffff', '89194ad127bffff', '89194adacc3ffff', '89194adacd7ffff', '89194ad126bffff', '89194ad1247ffff', '89194ada1b7ffff', '89194ad1277ffff', '89194ad1263ffff', '89194adacd3ffff', '89194ad126fffff'}",1.0,43.0
89194ad1273ffff,"{'89194ad124fffff', '89194ad1257ffff', '89194ad1203ffff', '89194ad1207ffff', '89194ad1267ffff', '89194ad1273ffff', '89194ad122bffff', '89194ad123bffff', '89194ad127bffff', '89194ad120fffff', '89194ad121bffff', '89194ad126bffff', '89194ad1247ffff', '89194ada1b7ffff', '89194ad1243ffff', '89194ad1277ffff', '89194ad1263ffff', '89194ad120bffff', '89194ad126fffff'}",7.0,67.0
89194ad1277ffff,"{'89194adac93ffff', '89194adac9bffff', '89194ad1203ffff', '89194ad1207ffff', '89194ad1223ffff', '89194ad1267ffff', '89194ad1273ffff', '89194ad122bffff', '89194ad123bffff', '89194ad127bffff', '89194ad120fffff', '89194ad122fffff', '89194ad1233ffff', '89194ad126bffff', '89194ad1247ffff', '89194ad1277ffff', '89194ad1263ffff', '89194ad120bffff', '89194ad126fffff'}",6.0,102.0
89194ad1287ffff,"{'89194ad162fffff', '89194ad1283ffff', '89194ad128fffff', '89194ad1293ffff', '89194ad104bffff', '89194ad105bffff', '89194ad12bbffff', '89194ad104fffff', '89194ad1213ffff', '89194ad12b7ffff', '89194ad128bffff', '89194ad1043ffff', '89194ad12a3ffff', '89194ad12b3ffff', '89194ad1287ffff', '89194ad12abffff', '89194ad1217ffff', '89194ad1297ffff', '89194ad129bffff'}",11.0,42.0
89194ad128fffff,"{'89194ad1283ffff', '89194ad1293ffff', '89194ad128fffff', '89194ad104bffff', '89194ad12bbffff', '89194ad1203ffff', '89194ad1207ffff', '89194ad1213ffff', '89194ad12d7ffff', '89194ad128bffff', '89194ad12a3ffff', '89194ad12b3ffff', '89194ad12c7ffff', '89194ad121bffff', '89194ad1287ffff', '89194ad12abffff', '89194ad1217ffff', '89194ad1297ffff', '89194ad129bffff'}",3.0,44.0
89194ad12a3ffff,"{'89194ad128fffff', '89194ad12a7ffff', '89194ad104bffff', '89194ad12afffff', '89194ad12bbffff', '89194ad104fffff', '89194ad1207ffff', '89194ad106bffff', '89194ad1237ffff', '89194ad12b3ffff', '89194ad12a3ffff', '89194ad107bffff', '89194ad1287ffff', '89194ad1233ffff', '89194ad12abffff', '89194ad1217ffff', '89194ad13dbffff', '89194ad12b7ffff', '89194ad13d3ffff'}",1.0,66.0
89194ad12a7ffff,"{'89194ad12a7ffff', '89194ad12afffff', '89194ad12bbffff', '89194ad104fffff', '89194ad106bffff', '89194ad13c3ffff', '89194ad12a3ffff', '89194ad12b3ffff', '89194ad107bffff', '89194ad1233ffff', '89194ad13cbffff', '89194ad1063ffff', '89194ad13d7ffff', '89194ad12abffff', '89194ad1237ffff', '89194ad13dbffff', '89194ad106fffff', '89194ad12b7ffff', '89194ad13d3ffff'}",14.0,54.0
89194ad12afffff,"{'89194ad12a7ffff', '89194ad1227ffff', '89194ad12afffff', '89194ad12bbffff', '89194ad1207ffff', '89194ad106bffff', '89194ad1223ffff', '89194ad13c3ffff', '89194ad123bffff', '89194ad12a3ffff', '89194ad12b3ffff', '89194ad1237ffff', '89194ad1233ffff', '89194ad13cbffff', '89194ad12abffff', '89194ad1217ffff', '89194ad13dbffff', '89194ad12b7ffff', '89194ad13d3ffff'}",11.0,45.0
89194ad12b3ffff,"{'89194ad1283ffff', '89194ad128fffff', '89194ad104bffff', '89194ad12a7ffff', '89194ad12afffff', '89194ad1047ffff', '89194ad12bbffff', '89194ad104fffff', '89194ad105bffff', '89194ad106bffff', '89194ad1043ffff', '89194ad12a3ffff', '89194ad12b3ffff', '89194ad1287ffff', '89194ad12abffff', '89194ad1217ffff', '89194ad1297ffff', '89194ad107bffff', '89194ad12b7ffff'}",4.0,70.0
89194ad12b7ffff,"{'89194ad13dbffff', '89194ad12a7ffff', '89194ad104bffff', '89194ad12afffff', '89194ad1047ffff', '89194ad12bbffff', '89194ad104fffff', '89194ad106bffff', '89194ad1073ffff', '89194ad1043ffff', '89194ad12a3ffff', '89194ad12b3ffff', '89194ad1287ffff', '89194ad1063ffff', '89194ad12abffff', '89194ad107bffff', '89194ad106fffff', '89194ad12b7ffff', '89194ad13d3ffff'}",2.0,83.0
89194ad12c3ffff,"{'89194ada527ffff', '89194ada5afffff', '89194ad12cfffff', '89194ad1257ffff', '89194ada537ffff', '89194ad1213ffff', '89194ad1253ffff', '89194ad12d7ffff', '89194ada5a7ffff', '89194ad166bffff', '89194ad12d3ffff', '89194ad128bffff', '89194ad12c7ffff', '89194ad12cbffff', '89194ad121bffff', '89194ad12dbffff', '89194ad12c3ffff', '89194ad166fffff', '89194ad129bffff'}",3.0,24.0
89194ad12c7ffff,"{'89194ad1283ffff', '89194ad128fffff', '89194ad12cfffff', '89194ad1257ffff', '89194ad1203ffff', '89194ad1213ffff', '89194ad1253ffff', '89194ad12d7ffff', '89194ad12d3ffff', '89194ad128bffff', '89194ad12c7ffff', '89194ad121bffff', '89194ad12cbffff', '89194ad12dbffff', '89194ad12c3ffff', '89194ad1217ffff', '89194ad120bffff', '89194ad166fffff', '89194ad129bffff'}",1.0,41.0
89194ad1303ffff,"{'89194ad1377ffff', '89194ad130bffff', '89194ad1307ffff', '89194ad13bbffff', '89194ad1313ffff', '89194ad1357ffff', '89194ad1317ffff', '89194ad13abffff', '89194ad13cfffff', '89194ad1373ffff', '89194ad138fffff', '89194ad131bffff', '89194ad1347ffff', '89194ad1333ffff', '89194ad130fffff', '89194ad1303ffff', '89194ad138bffff', '89194ad133bffff', '89194ad13c7ffff'}",4.0,26.0
89194ad130bffff,"{'89194ad1377ffff', '89194ad130bffff', '89194ad1307ffff', '89194ad1313ffff', '89194ad1357ffff', '89194ad1343ffff', '89194ad1353ffff', '89194ad1317ffff', '89194ad134fffff', '89194ad13cfffff', '89194ad1373ffff', '89194ad131bffff', '89194ad1347ffff', '89194ad137bffff', '89194ad130fffff', '89194ad1303ffff', '89194ad1363ffff', '89194ad133bffff', '89194ad13c7ffff'}",4.0,23.0
89194ad130fffff,"{'89194ad1377ffff', '89194ad130bffff', '89194ad1367ffff', '89194ad1307ffff', '89194ad1313ffff', '89194ad1357ffff', '89194ad132bffff', '89194ad1317ffff', '89194ad13abffff', '89194ad1373ffff', '89194ad131bffff', '89194ad1347ffff', '89194ad1333ffff', '89194ad137bffff', '89194ad130fffff', '89194ad1323ffff', '89194ad1303ffff', '89194ad1363ffff', '89194ad133bffff'}",5.0,61.0
89194ad1317ffff,"{'89194ad130bffff', '89194ad1307ffff', '89194ad13bbffff', '89194ad1313ffff', '89194ad1317ffff', '89194ad1387ffff', '89194ad13abffff', '89194ad1383ffff', '89194ad13a3ffff', '89194ad138fffff', '89194ad131bffff', '89194ad1333ffff', '89194ad13b3ffff', '89194ad130fffff', '89194ad13afffff', '89194ad1303ffff', '89194ad138bffff', '89194ad133bffff', '89194ad13c7ffff'}",6.0,36.0
89194ad131bffff,"{'89194ad130bffff', '89194ad1307ffff', '89194ad1313ffff', '89194ad1357ffff', '89194ad1343ffff', '89194ad1353ffff', '89194ad1317ffff', '89194ad13c3ffff', '89194ad13cfffff', '89194ad1373ffff', '89194ad138fffff', '89194ad131bffff', '89194ad1347ffff', '89194ad130fffff', '89194ad13cbffff', '89194ad1303ffff', '89194ad13d7ffff', '89194ad138bffff', '89194ad13c7ffff'}",1.0,23.0
89194ad132bffff,"{'89194ad1377ffff', '89194ad1367ffff', '89194ad1307ffff', '89194adad9bffff', '89194ad1e5bffff', '89194ad1337ffff', '89194ad132bffff', '89194ad132fffff', '89194adad83ffff', '89194ad136fffff', '89194ad1327ffff', '89194ad1373ffff', '89194ad1333ffff', '89194ad130fffff', '89194adad97ffff', '89194ad1323ffff', '89194ad1363ffff', '89194ad133bffff', '89194adad93ffff'}",7.0,70.0
89194ad1367ffff,"{'89194ad1377ffff', '89194ad1367ffff', '89194adad9bffff', '89194ad132bffff', '89194ad132fffff', '89194adad83ffff', '89194ad136fffff', '89194adadd7ffff', '89194ad136bffff', '89194ad1373ffff', '89194ad137bffff', '89194adadd3ffff', '89194ad130fffff', '89194adad97ffff', '89194ad1323ffff', '89194ad1363ffff', '89194adad8bffff', '89194ad133bffff', '89194adad93ffff'}",31.0,82.0
89194ad136fffff,"{'89194ad1367ffff', '89194adaddbffff', '89194adadc7ffff', '89194ad1377ffff', '89194adad9bffff', '89194ad132bffff', '89194adadc3ffff', '89194adaca7ffff', '89194adadd7ffff', '89194adad83ffff', '89194ad136fffff', '89194ad136bffff', '89194ad1373ffff', '89194ad137bffff', '89194adadd3ffff', '89194adacb7ffff', '89194ad1363ffff', '89194adad8bffff', '89194adad93ffff'}",4.0,80.0
89194ad1377ffff,"{'89194ad1367ffff', '89194ad130bffff', '89194ad1377ffff', '89194ad1307ffff', '89194adad9bffff', '89194ad132bffff', '89194ad132fffff', '89194ad136fffff', '89194ad136bffff', '89194ad1373ffff', '89194ad1347ffff', '89194ad1333ffff', '89194ad137bffff', '89194ad130fffff', '89194ad1323ffff', '89194ad1303ffff', '89194ad1363ffff', '89194ad133bffff', '89194adad93ffff'}",3.0,75.0
89194ad1383ffff,"{'89194ad13bbffff', '89194ad1313ffff', '89194ad1393ffff', '89194ad139bffff', '89194ad1317ffff', '89194ad114bffff', '89194ad1387ffff', '89194ad115bffff', '89194ad1383ffff', '89194ad1397ffff', '89194ad102bffff', '89194ad1067ffff', '89194ad138fffff', '89194ad13b3ffff', '89194ad102fffff', '89194ad13d7ffff', '89194ad138bffff', '89194ad106fffff', '89194ad13c7ffff'}",13.0,80.0
89194ad138bffff,"{'89194ad13bbffff', '89194ad1313ffff', '89194ad1393ffff', '89194ad139bffff', '89194ad1317ffff', '89194ad1387ffff', '89194ad13c3ffff', '89194ad1383ffff', '89194ad1397ffff', '89194ad13cfffff', '89194ad1067ffff', '89194ad138fffff', '89194ad131bffff', '89194ad1303ffff', '89194ad13d7ffff', '89194ad138bffff', '89194ad106fffff', '89194ad13c7ffff', '89194ad13d3ffff'}",1.0,68.0
89194ad138fffff,"{'89194ad1307ffff', '89194ad13bbffff', '89194ad1313ffff', '89194ad1393ffff', '89194ad139bffff', '89194ad1317ffff', '89194ad114bffff', '89194ad1387ffff', '89194ad13abffff', '89194ad1383ffff', '89194ad1397ffff', '89194ad13a3ffff', '89194ad138fffff', '89194ad131bffff', '89194ad13b3ffff', '89194ad1303ffff', '89194ad13d7ffff', '89194ad138bffff', '89194ad13c7ffff'}",2.0,62.0
89194ad1393ffff,"{'89194ad1027ffff', '89194ad1393ffff', '89194ad139bffff', '89194ad1023ffff', '89194ad114bffff', '89194ad103bffff', '89194ad1387ffff', '89194ad115bffff', '89194ad1383ffff', '89194ad1397ffff', '89194ad102bffff', '89194ad1067ffff', '89194ad138fffff', '89194ad1077ffff', '89194ad102fffff', '89194ad13d7ffff', '89194ad1063ffff', '89194ad138bffff', '89194ad106fffff'}",22.0,93.0
89194ad1397ffff,"{'89194ad13bbffff', '89194ad1027ffff', '89194ad1393ffff', '89194ad139bffff', '89194ad1023ffff', '89194ad114bffff', '89194ad1387ffff', '89194ad115bffff', '89194ad1383ffff', '89194ad1397ffff', '89194ad1153ffff', '89194ad102bffff', '89194ad1067ffff', '89194ad138fffff', '89194ad1143ffff', '89194ad13b3ffff', '89194ad102fffff', '89194ad114fffff', '89194ad138bffff'}",1.0,89.0
89194ad139bffff,"{'89194ad1313ffff', '89194ad1393ffff', '89194ad139bffff', '89194ad106bffff', '89194ad1387ffff', '89194ad13c3ffff', '89194ad1383ffff', '89194ad1397ffff', '89194ad102bffff', '89194ad1067ffff', '89194ad138fffff', '89194ad1077ffff', '89194ad1063ffff', '89194ad13d7ffff', '89194ad102fffff', '89194ad138bffff', '89194ad106fffff', '89194ad13c7ffff', '89194ad13d3ffff'}",11.0,79.0
89194ad13a7ffff,"{'89194ad13a7ffff', '89194ad1ed3ffff', '89194ad13bbffff', '89194ad116bffff', '89194ad1ec3ffff', '89194ad116fffff', '89194ad1337ffff', '89194ad1163ffff', '89194ad1ed7ffff', '89194ad1ecbffff', '89194ad1edbffff', '89194ad13abffff', '89194ad117bffff', '89194ad13a3ffff', '89194ad13b7ffff', '89194ad13b3ffff', '89194ad1333ffff', '89194ad13afffff', '89194ad114fffff'}",1.0,15.0
89194ad1403ffff,"{'89194ad1477ffff', '89194ad140bffff', '89194ad14abffff', '89194ad14c7ffff', '89194ad1457ffff', '89194ad148bffff', '89194ad1433ffff', '89194ad148fffff', '89194ad1417ffff', '89194ad1447ffff', '89194ad1473ffff', '89194ad141bffff', '89194ad143bffff', '89194ad14cfffff', '89194ad1407ffff', '89194ad14bbffff', '89194ad1403ffff', '89194ad140fffff', '89194ad1413ffff'}",8.0,55.0
89194ad1407ffff,"{'89194ad1477ffff', '89194ad140bffff', '89194ad1423ffff', '89194ad14abffff', '89194ad14afffff', '89194ad142bffff', '89194ad1433ffff', '89194ad148fffff', '89194ad1417ffff', '89194ad14a3ffff', '89194ad1473ffff', '89194ad141bffff', '89194ad143bffff', '89194ad1407ffff', '89194ad1403ffff', '89194ad14bbffff', '89194ad140fffff', '89194ad1437ffff', '89194ad1413ffff'}",2.0,78.0
89194ad140bffff,"{'89194ad1477ffff', '89194ad140bffff', '89194ad1443ffff', '89194ad1463ffff', '89194ad147bffff', '89194ad14c7ffff', '89194ad1457ffff', '89194ad1447ffff', '89194ad1417ffff', '89194ad1473ffff', '89194ad141bffff', '89194ad144fffff', '89194ad14cfffff', '89194ad1403ffff', '89194ad143bffff', '89194ad1407ffff', '89194ad140fffff', '89194ad1453ffff', '89194ad1413ffff'}",3.0,97.0
89194ad140fffff,"{'89194ad1477ffff', '89194ad140bffff', '89194ad1423ffff', '89194ad1463ffff', '89194ad14abffff', '89194ad147bffff', '89194ad1467ffff', '89194ad1457ffff', '89194ad142bffff', '89194ad1433ffff', '89194ad1447ffff', '89194ad1417ffff', '89194ad1473ffff', '89194ad141bffff', '89194ad143bffff', '89194ad1407ffff', '89194ad1403ffff', '89194ad140fffff', '89194ad1413ffff'}",7.0,71.0
89194ad1413ffff,"{'89194ad140bffff', '89194ad14abffff', '89194ad14c7ffff', '89194ad1483ffff', '89194ad1457ffff', '89194ad148bffff', '89194ad148fffff', '89194ad14c3ffff', '89194ad1417ffff', '89194ad141bffff', '89194ad149bffff', '89194ad1487ffff', '89194ad14cfffff', '89194ad1403ffff', '89194ad1407ffff', '89194ad14bbffff', '89194ad140fffff', '89194ad14d7ffff', '89194ad1413ffff'}",2.0,68.0
89194ad1417ffff,"{'89194ad140bffff', '89194ad14abffff', '89194ad14c7ffff', '89194ad1483ffff', '89194ad14afffff', '89194ad148bffff', '89194ad1433ffff', '89194ad148fffff', '89194ad1417ffff', '89194ad14a3ffff', '89194ad141bffff', '89194ad1487ffff', '89194ad143bffff', '89194ad1407ffff', '89194ad1403ffff', '89194ad14bbffff', '89194ad140fffff', '89194ad14b3ffff', '89194ad1413ffff'}",6.0,77.0
89194ad141bffff,"{'89194ad140bffff', '89194ad1443ffff', '89194ad14cbffff', '89194ad14c7ffff', '89194ad1457ffff', '89194ad148bffff', '89194ad148fffff', '89194ad14c3ffff', '89194ad1447ffff', '89194ad1473ffff', '89194ad1417ffff', '89194ad141bffff', '89194ad14cfffff', '89194ad1403ffff', '89194ad1407ffff', '89194ad140fffff', '89194ad1453ffff', '89194ad14d7ffff', '89194ad1413ffff'}",2.0,86.0
89194ad1423ffff,"{'89194ad1477ffff', '89194ad1423ffff', '89194ad14abffff', '89194ad1467ffff', '89194ad14afffff', '89194ad155bffff', '89194ad142bffff', '89194ad15dbffff', '89194ad1433ffff', '89194ad1097ffff', '89194ad1553ffff', '89194ad1427ffff', '89194ad142fffff', '89194ad143bffff', '89194ad15cbffff', '89194ad1407ffff', '89194ad1093ffff', '89194ad140fffff', '89194ad1437ffff'}",1.0,86.0
89194ad1427ffff,"{'89194ad1557ffff', '89194ad154bffff', '89194ad1423ffff', '89194ad15cfffff', '89194ad14afffff', '89194ad155bffff', '89194ad142bffff', '89194ad15dbffff', '89194ad15c3ffff', '89194ad1433ffff', '89194ad1097ffff', '89194ad1543ffff', '89194ad1553ffff', '89194ad1427ffff', '89194ad142fffff', '89194ad143bffff', '89194ad15cbffff', '89194ad1093ffff', '89194ad1437ffff'}",6.0,75.0
89194ad142bffff,"{'89194ad1083ffff', '89194ad1477ffff', '89194ad1423ffff', '89194ad1463ffff', '89194ad1467ffff', '89194ad155bffff', '89194ad109bffff', '89194ad142bffff', '89194ad1433ffff', '89194ad1097ffff', '89194ad1473ffff', '89194ad1427ffff', '89194ad142fffff', '89194ad143bffff', '89194ad1407ffff', '89194ad1093ffff', '89194ad146fffff', '89194ad140fffff', '89194ad1437ffff'}",11.0,69.0
89194ad143bffff,"{'89194ad1477ffff', '89194ad140bffff', '89194ad1423ffff', '89194ad1463ffff', '89194ad14abffff', '89194ad1467ffff', '89194ad14afffff', '89194ad142bffff', '89194ad1433ffff', '89194ad1417ffff', '89194ad1473ffff', '89194ad1427ffff', '89194ad142fffff', '89194ad143bffff', '89194ad1407ffff', '89194ad1403ffff', '89194ad1093ffff', '89194ad140fffff', '89194ad1437ffff'}",11.0,87.0
89194ad1443ffff,"{'89194ad140bffff', '89194ad1443ffff', '89194ad147bffff', '89194ad14cbffff', '89194ad145bffff', '89195da4927ffff', '89195da492fffff', '89194ad1457ffff', '89194ad1687ffff', '89194ad144bffff', '89194ad1697ffff', '89194ad16b7ffff', '89194ad1447ffff', '89194ad1473ffff', '89194ad141bffff', '89194ad144fffff', '89194ad14cfffff', '89194ad16b3ffff', '89194ad1453ffff'}",6.0,172.0
89194ad1447ffff,"{'89194ad1477ffff', '89194ad140bffff', '89194ad1443ffff', '89194ad1463ffff', '89194ad147bffff', '89194ad145bffff', '89194ad1457ffff', '89194ad144bffff', '89194ad16b7ffff', '89194ad1447ffff', '89194ad1473ffff', '89194ad146bffff', '89194ad141bffff', '89194ad144fffff', '89194ad14cfffff', '89194ad1403ffff', '89194ad140fffff', '89194ad16b3ffff', '89194ad1453ffff'}",2.0,122.0
89194ad144bffff,"{'89194ad16bbffff', '89194ad16b3ffff', '89194ad1443ffff', '89194ad1683ffff', '89194ad147bffff', '89194ad145bffff', '89195da4927ffff', '89195da492fffff', '89194ad1457ffff', '89194ad1687ffff', '89194ad168fffff', '89194ad1697ffff', '89194ad16a3ffff', '89194ad16b7ffff', '89194ad144bffff', '89194ad1447ffff', '89194ad144fffff', '89194ad1453ffff', '89194ad1693ffff'}",16.0,228.0
89194ad144fffff,"{'89194ad140bffff', '89194ad16bbffff', '89194ad1443ffff', '89194ad1463ffff', '89194ad147bffff', '89194ad145bffff', '89194ad1457ffff', '89194ad1687ffff', '89194ad16a7ffff', '89194ad144bffff', '89194ad1697ffff', '89194ad16a3ffff', '89194ad16b7ffff', '89194ad1447ffff', '89194ad1473ffff', '89194ad146bffff', '89194ad144fffff', '89194ad16b3ffff', '89194ad1453ffff'}",4.0,147.0
89194ad1453ffff,"{'89194ad140bffff', '89194ad1443ffff', '89194ad14cbffff', '89194ad14c7ffff', '89194ad145bffff', '89195da4927ffff', '89195da492fffff', '89194ad1457ffff', '89194ad1697ffff', '89194ad144bffff', '89194ad14dbffff', '89194ad14c3ffff', '89194ad1447ffff', '89194ad141bffff', '89195da4923ffff', '89194ad144fffff', '89194ad14cfffff', '89194ad1453ffff', '89195da4937ffff'}",30.0,133.0
89194ad1457ffff,"{'89194ad140bffff', '89194ad1443ffff', '89194ad14cbffff', '89194ad147bffff', '89194ad14c7ffff', '89194ad145bffff', '89195da4927ffff', '89194ad1457ffff', '89194ad144bffff', '89194ad14c3ffff', '89194ad1447ffff', '89194ad1473ffff', '89194ad141bffff', '89194ad144fffff', '89194ad14cfffff', '89194ad1403ffff', '89194ad140fffff', '89194ad1453ffff', '89194ad1413ffff'}",4.0,124.0
89194ad145bffff,"{'89194ad16b3ffff', '89194ad1443ffff', '89194ad1683ffff', '89194ad14cbffff', '89195da492bffff', '89194ad145bffff', '89195da4927ffff', '89195da492fffff', '89194ad1457ffff', '89194ad1687ffff', '89194ad144bffff', '89194ad1697ffff', '89194ad1447ffff', '89195da4923ffff', '89194ad144fffff', '89194ad14cfffff', '89194ad1453ffff', '89194ad1693ffff', '89195da4937ffff'}",11.0,205.0
89194ad1467ffff,"{'89194ad1083ffff', '89194ad1477ffff', '89194ad10d3ffff', '89194ad1423ffff', '89194ad108bffff', '89194ad1463ffff', '89194ad147bffff', '89194ad1467ffff', '89194ad109bffff', '89194ad142bffff', '89194ad1097ffff', '89194ad1473ffff', '89194ad146bffff', '89194ad142fffff', '89194ad143bffff', '89194ad10d7ffff', '89194ad1093ffff', '89194ad146fffff', '89194ad140fffff'}",5.0,68.0
89194ad146fffff,"{'89194ad1083ffff', '89194ad1477ffff', '89194ad10d3ffff', '89194ad10c3ffff', '89194ad108bffff', '89194ad1463ffff', '89194ad147bffff', '89194ad1467ffff', '89194ad10dbffff', '89194ad16a7ffff', '89194ad109bffff', '89194ad142bffff', '89194ad16b7ffff', '89194ad10c7ffff', '89194ad1473ffff', '89194ad146bffff', '89194ad10d7ffff', '89194ad1093ffff', '89194ad146fffff'}",1.0,58.0
89194ad1473ffff,"{'89194ad1477ffff', '89194ad140bffff', '89194ad1443ffff', '89194ad1463ffff', '89194ad147bffff', '89194ad1467ffff', '89194ad1457ffff', '89194ad142bffff', '89194ad16b7ffff', '89194ad1447ffff', '89194ad1473ffff', '89194ad146bffff', '89194ad141bffff', '89194ad144fffff', '89194ad143bffff', '89194ad1403ffff', '89194ad1407ffff', '89194ad146fffff', '89194ad140fffff'}",1.0,76.0
89194ad1477ffff,"{'89194ad1477ffff', '89194ad140bffff', '89194ad1423ffff', '89194ad1463ffff', '89194ad147bffff', '89194ad1467ffff', '89194ad142bffff', '89194ad109bffff', '89194ad1433ffff', '89194ad1447ffff', '89194ad1473ffff', '89194ad146bffff', '89194ad142fffff', '89194ad143bffff', '89194ad1407ffff', '89194ad1403ffff', '89194ad1093ffff', '89194ad146fffff', '89194ad140fffff'}",3.0,63.0
89194ad147bffff,"{'89194ad1477ffff', '89194ad140bffff', '89194ad10d3ffff', '89194ad1443ffff', '89194ad1463ffff', '89194ad147bffff', '89194ad1467ffff', '89194ad1457ffff', '89194ad16a7ffff', '89194ad144bffff', '89194ad16a3ffff', '89194ad16b7ffff', '89194ad1447ffff', '89194ad1473ffff', '89194ad146bffff', '89194ad144fffff', '89194ad146fffff', '89194ad140fffff', '89194ad16b3ffff'}",3.0,77.0
89194ad1483ffff,"{'89194ad322fffff', '89194ad1493ffff', '89194ad14b3ffff', '89194ad14c7ffff', '89194ad1483ffff', '89194ad334bffff', '89194ad335bffff', '89194ad322bffff', '89194ad148bffff', '89194ad148fffff', '89194ad1417ffff', '89194ad1497ffff', '89194ad149bffff', '89194ad1487ffff', '89194ad3267ffff', '89194ad14bbffff', '89194ad326fffff', '89194ad14d7ffff', '89194ad1413ffff'}",10.0,132.0
89194ad1487ffff,"{'89194ad322fffff', '89194ad1493ffff', '89194ad14b7ffff', '89194ad14abffff', '89194ad1483ffff', '89194ad334bffff', '89194ad335bffff', '89194ad3343ffff', '89194ad334fffff', '89194ad148bffff', '89194ad148fffff', '89194ad1417ffff', '89194ad1497ffff', '89194ad14a3ffff', '89194ad149bffff', '89194ad1487ffff', '89194ad14bbffff', '89194ad14b3ffff', '89194ad1413ffff'}",5.0,92.0
89194ad148fffff,"{'89194ad1493ffff', '89194ad14abffff', '89194ad1483ffff', '89194ad14c7ffff', '89194ad334bffff', '89194ad148bffff', '89194ad148fffff', '89194ad1417ffff', '89194ad1497ffff', '89194ad14a3ffff', '89194ad149bffff', '89194ad141bffff', '89194ad1487ffff', '89194ad1407ffff', '89194ad1403ffff', '89194ad14bbffff', '89194ad14b3ffff', '89194ad14d7ffff', '89194ad1413ffff'}",1.0,72.0
89194ad1493ffff,"{'89194ad322fffff', '89194ad1493ffff', '89194ad3277ffff', '89194ad1483ffff', '89194ad3263ffff', '89194ad334bffff', '89194ad323bffff', '89194ad335bffff', '89194ad148bffff', '89194ad322bffff', '89194ad148fffff', '89194ad1497ffff', '89194ad149bffff', '89194ad1487ffff', '89194ad3267ffff', '89194ad3223ffff', '89194ad3227ffff', '89194ad326fffff', '89194ad14d7ffff'}",24.0,189.0
89194ad1497ffff,"{'89194ad322fffff', '89194ad1493ffff', '89194ad1483ffff', '89194ad3353ffff', '89194ad334bffff', '89194ad335bffff', '89194ad3343ffff', '89194ad148bffff', '89194ad334fffff', '89194ad322bffff', '89194ad148fffff', '89194ad1497ffff', '89194ad149bffff', '89194ad1487ffff', '89194ad3267ffff', '89194ad14bbffff', '89194ad3223ffff', '89194ad3227ffff', '89194ad14b3ffff'}",1.0,180.0
89194ad149bffff,"{'89194ad322fffff', '89194ad1493ffff', '89194ad14d3ffff', '89194ad326bffff', '89194ad3277ffff', '89194ad1483ffff', '89194ad14c7ffff', '89194ad3263ffff', '89194ad322bffff', '89194ad148bffff', '89194ad148fffff', '89194ad14c3ffff', '89194ad1497ffff', '89194ad149bffff', '89194ad1487ffff', '89194ad3267ffff', '89194ad326fffff', '89194ad14d7ffff', '89194ad1413ffff'}",10.0,165.0
89194ad14a3ffff,"{'89194ad336bffff', '89194ad14b7ffff', '89194ad14abffff', '89194ad15d3ffff', '89194ad14a7ffff', '89194ad14afffff', '89194ad334bffff', '89194ad334fffff', '89194ad15dbffff', '89194ad1433ffff', '89194ad148fffff', '89194ad1417ffff', '89194ad14a3ffff', '89194ad1487ffff', '89194ad1407ffff', '89194ad14bbffff', '89194ad1437ffff', '89194ad14b3ffff', '89194ad337bffff'}",1.0,46.0
89194ad14a7ffff,"{'89194ad336bffff', '89194ad14b7ffff', '89194ad15d3ffff', '89194ad14abffff', '89194ad14a7ffff', '89194ad15d7ffff', '89194ad14afffff', '89194ad336fffff', '89194ad3363ffff', '89194ad334fffff', '89194ad15dbffff', '89194ad15c3ffff', '89194ad1433ffff', '89194ad14a3ffff', '89194ad15cbffff', '89194ad14bbffff', '89194ad1437ffff', '89194ad14b3ffff', '89194ad337bffff'}",1.0,51.0
89194ad14afffff,"{'89194ad336bffff', '89194ad1423ffff', '89194ad14b7ffff', '89194ad14abffff', '89194ad15d3ffff', '89194ad14a7ffff', '89194ad14afffff', '89194ad15dbffff', '89194ad15c3ffff', '89194ad1433ffff', '89194ad1417ffff', '89194ad14a3ffff', '89194ad1427ffff', '89194ad143bffff', '89194ad15cbffff', '89194ad1407ffff', '89194ad14bbffff', '89194ad1437ffff', '89194ad14b3ffff'}",19.0,57.0
89194ad14b7ffff,"{'89194ad336bffff', '89194ad3347ffff', '89194ad14b7ffff', '89194ad3373ffff', '89194ad14abffff', '89194ad15d3ffff', '89194ad14a7ffff', '89194ad14afffff', '89194ad334bffff', '89194ad336fffff', '89194ad3363ffff', '89194ad3343ffff', '89194ad334fffff', '89194ad15dbffff', '89194ad14a3ffff', '89194ad1487ffff', '89194ad14bbffff', '89194ad14b3ffff', '89194ad337bffff'}",7.0,107.0
89194ad14c3ffff,"{'89194ad14d3ffff', '89194ad326bffff', '89194ad14cbffff', '89194ad14c7ffff', '89195da4927ffff', '89194ad1457ffff', '89195da49afffff', '89194ad148bffff', '89194ad14dbffff', '89195da49a7ffff', '89194ad14c3ffff', '89194ad141bffff', '89194ad149bffff', '89194ad14cfffff', '89194ad14d7ffff', '89194ad1453ffff', '89194ad326fffff', '89195da4937ffff', '89194ad1413ffff'}",5.0,102.0
89194ad14cbffff,"{'89194ad14d3ffff', '89194ad1443ffff', '89194ad14c7ffff', '89194ad14cbffff', '89194ad145bffff', '89195da4927ffff', '89195da492fffff', '89194ad1457ffff', '89195da49afffff', '89195da4933ffff', '89194ad14dbffff', '89195da49a7ffff', '89194ad14c3ffff', '89194ad141bffff', '89195da4923ffff', '89194ad14cfffff', '89194ad14d7ffff', '89194ad1453ffff', '89195da4937ffff'}",4.0,103.0
89194ad14cfffff,"{'89194ad140bffff', '89194ad14d3ffff', '89194ad1443ffff', '89194ad14cbffff', '89194ad14c7ffff', '89194ad145bffff', '89195da4927ffff', '89194ad1457ffff', '89194ad148bffff', '89194ad14dbffff', '89194ad14c3ffff', '89194ad1447ffff', '89194ad141bffff', '89194ad14cfffff', '89194ad1403ffff', '89194ad14d7ffff', '89194ad1453ffff', '89195da4937ffff', '89194ad1413ffff'}",3.0,93.0
89194ad1507ffff,"{'89194ad1503ffff', '89194ad1523ffff', '89194ad15abffff', '89194ad151bffff', '89194ad15afffff', '89194ad15a3ffff', '89194ad1533ffff', '89194ad1513ffff', '89194ad158fffff', '89194ad1517ffff', '89194ad15bbffff', '89194ad150bffff', '89194ad1537ffff', '89194ad153bffff', '89194ad1573ffff', '89194ad152bffff', '89194ad1577ffff', '89194ad1507ffff', '89194ad150fffff'}",1.0,84.0
89194ad1513ffff,"{'89194ad1503ffff', '89194ad1583ffff', '89194ad1557ffff', '89194ad15abffff', '89194ad151bffff', '89194ad158bffff', '89194ad15cfffff', '89194ad1513ffff', '89194ad15d7ffff', '89194ad15c7ffff', '89194ad1587ffff', '89194ad158fffff', '89194ad159bffff', '89194ad1517ffff', '89194ad15bbffff', '89194ad150bffff', '89194ad15c3ffff', '89194ad1507ffff', '89194ad150fffff'}",8.0,62.0
89194ad1517ffff,"{'89194ad1503ffff', '89194ad1583ffff', '89194ad15abffff', '89194ad151bffff', '89194ad158bffff', '89194ad15afffff', '89194ad15a3ffff', '89194ad1533ffff', '89194ad1513ffff', '89194ad158fffff', '89194ad15b3ffff', '89194ad15c7ffff', '89194ad1587ffff', '89194ad1517ffff', '89194ad15bbffff', '89194ad150bffff', '89194ad153bffff', '89194ad1507ffff', '89194ad150fffff'}",1.0,76.0
89194ad151bffff,"{'89194ad1503ffff', '89194ad1557ffff', '89194ad151bffff', '89194ad158bffff', '89194ad15cfffff', '89194ad1513ffff', '89194ad15d7ffff', '89194ad15c7ffff', '89194ad158fffff', '89194ad1517ffff', '89194ad150bffff', '89194ad15c3ffff', '89194ad1573ffff', '89194ad1547ffff', '89194ad1543ffff', '89194ad1553ffff', '89194ad1507ffff', '89194ad150fffff', '89194ad15cbffff'}",2.0,45.0
89194ad1523ffff,"{'89194ad02cbffff', '89194ad1523ffff', '89194ad1193ffff', '89194ad15abffff', '89194ad025bffff', '89194ad15afffff', '89194ad1533ffff', '89194ad02dbffff', '89194ad1527ffff', '89194ad152fffff', '89194ad1537ffff', '89194ad153bffff', '89194ad152bffff', '89194ad1577ffff', '89194ad1507ffff', '89194ad150fffff', '89194ad0253ffff', '89194ad1197ffff', '89194ad1567ffff'}",2.0,47.0
89194ad152bffff,"{'89194ad1567ffff', '89194ad1523ffff', '89194ad1193ffff', '89194ad025bffff', '89194ad1533ffff', '89194ad1527ffff', '89194ad152fffff', '89194ad1537ffff', '89194ad1563ffff', '89194ad153bffff', '89194ad1573ffff', '89194ad119bffff', '89194ad152bffff', '89194ad1577ffff', '89194ad1507ffff', '89194ad150fffff', '89194ad1183ffff', '89194ad1197ffff', '89194ad156fffff'}",10.0,44.0
89194ad1533ffff,"{'89194ad02cbffff', '89194ad1503ffff', '89194ad1523ffff', '89194ad15abffff', '89194ad15afffff', '89194ad15a3ffff', '89194ad02dbffff', '89194ad1533ffff', '89194ad1527ffff', '89194ad1517ffff', '89194ad152fffff', '89194ad15bbffff', '89194ad1537ffff', '89194ad153bffff', '89194ad152bffff', '89194ad1577ffff', '89194ad1507ffff', '89194ad150fffff', '89194ad15a7ffff'}",2.0,69.0
89194ad1543ffff,"{'89194ad10b3ffff', '89194ad10b7ffff', '89194ad1557ffff', '89194ad154bffff', '89194ad151bffff', '89194ad15cfffff', '89194ad157bffff', '89194ad155bffff', '89194ad150bffff', '89194ad1573ffff', '89194ad1547ffff', '89194ad1097ffff', '89194ad1543ffff', '89194ad1553ffff', '89194ad1427ffff', '89194ad142fffff', '89194ad154fffff', '89194ad1087ffff', '89194ad15cbffff'}",1.0,49.0
89194ad1553ffff,"{'89194ad1557ffff', '89194ad154bffff', '89194ad1423ffff', '89194ad151bffff', '89194ad15cfffff', '89194ad15c7ffff', '89194ad155bffff', '89194ad15dbffff', '89194ad150bffff', '89194ad15c3ffff', '89194ad1097ffff', '89194ad1547ffff', '89194ad1543ffff', '89194ad1553ffff', '89194ad1427ffff', '89194ad142fffff', '89194ad154fffff', '89194ad15cbffff', '89194ad1437ffff'}",15.0,33.0
89194ad1557ffff,"{'89194ad1503ffff', '89194ad1557ffff', '89194ad154bffff', '89194ad151bffff', '89194ad15cfffff', '89194ad1513ffff', '89194ad15c7ffff', '89194ad157bffff', '89194ad155bffff', '89194ad150bffff', '89194ad15c3ffff', '89194ad1573ffff', '89194ad1547ffff', '89194ad1543ffff', '89194ad1553ffff', '89194ad1427ffff', '89194ad150fffff', '89194ad154fffff', '89194ad15cbffff'}",1.0,54.0
89194ad1567ffff,"{'89194ad1567ffff', '89194ad1523ffff', '89194ad1193ffff', '89194ad118bffff', '89194ad156bffff', '89194ad157bffff', '89194ad152fffff', '89194ad1563ffff', '89194ad153bffff', '89194ad1573ffff', '89194ad119bffff', '89194ad152bffff', '89194ad11d7ffff', '89194ad1577ffff', '89194ad150fffff', '89194ad1183ffff', '89194ad11d3ffff', '89194ad1197ffff', '89194ad156fffff'}",5.0,135.0
89194ad156bffff,"{'89194ad10b3ffff', '89194ad156fffff', '89194ad10b7ffff', '89194ad156bffff', '89194ad10afffff', '89194ad10a7ffff', '89194ad157bffff', '89194ad11dbffff', '89194ad10a3ffff', '89194ad1563ffff', '89194ad1573ffff', '89194ad119bffff', '89194ad1547ffff', '89194ad11d7ffff', '89194ad1577ffff', '89194ad154fffff', '89194ad11c3ffff', '89194ad11d3ffff', '89194ad1567ffff'}",1.0,137.0
89194ad1573ffff,"{'89194ad1567ffff', '89194ad1503ffff', '89194ad10b7ffff', '89194ad1557ffff', '89194ad151bffff', '89194ad156bffff', '89194ad157bffff', '89194ad150bffff', '89194ad1563ffff', '89194ad153bffff', '89194ad1573ffff', '89194ad1547ffff', '89194ad152bffff', '89194ad1543ffff', '89194ad1577ffff', '89194ad1507ffff', '89194ad150fffff', '89194ad154fffff', '89194ad156fffff'}",6.0,36.0
89194ad157bffff,"{'89194ad10b3ffff', '89194ad1567ffff', '89194ad10b7ffff', '89194ad1557ffff', '89194ad154bffff', '89194ad156bffff', '89194ad10a7ffff', '89194ad157bffff', '89194ad10a3ffff', '89194ad150bffff', '89194ad1563ffff', '89194ad1573ffff', '89194ad1547ffff', '89194ad1543ffff', '89194ad1577ffff', '89194ad150fffff', '89194ad154fffff', '89194ad11d3ffff', '89194ad156fffff'}",9.0,55.0
89194ad1583ffff,"{'89194ad1583ffff', '89194ad1593ffff', '89194ad3367ffff', '89194ad158bffff', '89194ad065bffff', '89194ad1513ffff', '89194ad1597ffff', '89194ad15b3ffff', '89194ad15c7ffff', '89194ad1587ffff', '89194ad15d7ffff', '89194ad158fffff', '89194ad159bffff', '89194ad1517ffff', '89194ad336fffff', '89194ad332fffff', '89194ad15bbffff', '89194ad064bffff', '89194ad332bffff'}",4.0,76.0
89194ad158bffff,"{'89194ad1503ffff', '89194ad1583ffff', '89194ad1593ffff', '89194ad151bffff', '89194ad3367ffff', '89194ad158bffff', '89194ad15d3ffff', '89194ad15cfffff', '89194ad1513ffff', '89194ad15d7ffff', '89194ad15c7ffff', '89194ad1587ffff', '89194ad1597ffff', '89194ad158fffff', '89194ad159bffff', '89194ad1517ffff', '89194ad336fffff', '89194ad15bbffff', '89194ad15c3ffff'}",2.0,74.0
89194ad158fffff,"{'89194ad1503ffff', '89194ad1583ffff', '89194ad1593ffff', '89194ad151bffff', '89194ad15abffff', '89194ad158bffff', '89194ad15a3ffff', '89194ad1513ffff', '89194ad15d7ffff', '89194ad15b3ffff', '89194ad15c7ffff', '89194ad1587ffff', '89194ad1597ffff', '89194ad159bffff', '89194ad158fffff', '89194ad1517ffff', '89194ad15bbffff', '89194ad064bffff', '89194ad1507ffff'}",1.0,91.0
89194ad1593ffff,"{'89194ad3377ffff', '89194ad1583ffff', '89194ad333bffff', '89194ad3323ffff', '89194ad1593ffff', '89194ad3367ffff', '89194ad158bffff', '89194ad065bffff', '89194ad1597ffff', '89194ad15d7ffff', '89194ad1587ffff', '89194ad158fffff', '89194ad159bffff', '89194ad332fffff', '89194ad336fffff', '89194ad3363ffff', '89194ad064bffff', '89194ad3327ffff', '89194ad332bffff'}",6.0,74.0
89194ad159bffff,"{'89194ad3377ffff', '89194ad1583ffff', '89194ad336bffff', '89194ad1593ffff', '89194ad3367ffff', '89194ad158bffff', '89194ad15d3ffff', '89194ad1513ffff', '89194ad15d7ffff', '89194ad15c7ffff', '89194ad1587ffff', '89194ad1597ffff', '89194ad158fffff', '89194ad159bffff', '89194ad332fffff', '89194ad336fffff', '89194ad3363ffff', '89194ad15c3ffff', '89194ad332bffff'}",5.0,78.0
89194ad15a3ffff,"{'89194ad02d3ffff', '89194ad15abffff', '89194ad066bffff', '89194ad15afffff', '89194ad15a3ffff', '89194ad1533ffff', '89194ad02dbffff', '89194ad158fffff', '89194ad15b3ffff', '89194ad1587ffff', '89194ad15b7ffff', '89194ad1517ffff', '89194ad15bbffff', '89194ad064fffff', '89194ad064bffff', '89194ad1537ffff', '89194ad1507ffff', '89194ad067bffff', '89194ad15a7ffff'}",20.0,71.0
89194ad15a7ffff,"{'89194ad02cbffff', '89194ad02d3ffff', '89194ad15abffff', '89194ad066bffff', '89194ad15afffff', '89194ad15a3ffff', '89194ad02dbffff', '89194ad1533ffff', '89194ad02c3ffff', '89194ad15b3ffff', '89194ad15b7ffff', '89194ad066fffff', '89194ad15bbffff', '89194ad064fffff', '89194ad1537ffff', '89194ad0663ffff', '89194ad02d7ffff', '89194ad067bffff', '89194ad15a7ffff'}",2.0,63.0
89194ad15abffff,"{'89194ad1503ffff', '89194ad1523ffff', '89194ad15abffff', '89194ad15afffff', '89194ad15a3ffff', '89194ad1533ffff', '89194ad02dbffff', '89194ad1513ffff', '89194ad158fffff', '89194ad15b3ffff', '89194ad1587ffff', '89194ad15b7ffff', '89194ad1517ffff', '89194ad15bbffff', '89194ad1537ffff', '89194ad153bffff', '89194ad1507ffff', '89194ad150fffff', '89194ad15a7ffff'}",16.0,71.0
89194ad15b3ffff,"{'89194ad1583ffff', '89194ad0647ffff', '89194ad15abffff', '89194ad066bffff', '89194ad15afffff', '89194ad065bffff', '89194ad15a3ffff', '89194ad1597ffff', '89194ad158fffff', '89194ad1587ffff', '89194ad15b3ffff', '89194ad15b7ffff', '89194ad1517ffff', '89194ad15bbffff', '89194ad064fffff', '89194ad064bffff', '89194ad0643ffff', '89194ad067bffff', '89194ad15a7ffff'}",3.0,77.0
89194ad15bbffff,"{'89194ad1503ffff', '89194ad1583ffff', '89194ad15abffff', '89194ad158bffff', '89194ad15afffff', '89194ad15a3ffff', '89194ad1533ffff', '89194ad1513ffff', '89194ad1597ffff', '89194ad15b3ffff', '89194ad1587ffff', '89194ad158fffff', '89194ad15b7ffff', '89194ad1517ffff', '89194ad15bbffff', '89194ad064fffff', '89194ad064bffff', '89194ad1507ffff', '89194ad15a7ffff'}",15.0,80.0
89194ad15c7ffff,"{'89194ad1503ffff', '89194ad1583ffff', '89194ad1557ffff', '89194ad151bffff', '89194ad158bffff', '89194ad15d3ffff', '89194ad15cfffff', '89194ad1513ffff', '89194ad15d7ffff', '89194ad158fffff', '89194ad15c7ffff', '89194ad159bffff', '89194ad336fffff', '89194ad1517ffff', '89194ad15dbffff', '89194ad150bffff', '89194ad15c3ffff', '89194ad1553ffff', '89194ad15cbffff'}",1.0,47.0
89194ad15cbffff,"{'89194ad1557ffff', '89194ad1423ffff', '89194ad151bffff', '89194ad15d3ffff', '89194ad15cfffff', '89194ad14a7ffff', '89194ad15d7ffff', '89194ad15c7ffff', '89194ad14afffff', '89194ad155bffff', '89194ad15dbffff', '89194ad15c3ffff', '89194ad1433ffff', '89194ad1543ffff', '89194ad1553ffff', '89194ad1427ffff', '89194ad142fffff', '89194ad15cbffff', '89194ad1437ffff'}",1.0,54.0
89194ad15cfffff,"{'89194ad1503ffff', '89194ad1557ffff', '89194ad151bffff', '89194ad158bffff', '89194ad15d3ffff', '89194ad15cfffff', '89194ad1513ffff', '89194ad15d7ffff', '89194ad15c7ffff', '89194ad155bffff', '89194ad15dbffff', '89194ad150bffff', '89194ad15c3ffff', '89194ad1547ffff', '89194ad1543ffff', '89194ad1553ffff', '89194ad1427ffff', '89194ad15cbffff', '89194ad1437ffff'}",4.0,43.0
89194ad15d7ffff,"{'89194ad1583ffff', '89194ad336bffff', '89194ad1593ffff', '89194ad151bffff', '89194ad3367ffff', '89194ad158bffff', '89194ad15d3ffff', '89194ad14a7ffff', '89194ad15cfffff', '89194ad1513ffff', '89194ad15c7ffff', '89194ad158fffff', '89194ad15d7ffff', '89194ad159bffff', '89194ad336fffff', '89194ad3363ffff', '89194ad15dbffff', '89194ad15c3ffff', '89194ad15cbffff'}",1.0,79.0
89194ad15dbffff,"{'89194ad336bffff', '89194ad1423ffff', '89194ad14b7ffff', '89194ad15d3ffff', '89194ad14abffff', '89194ad14a7ffff', '89194ad15cfffff', '89194ad15d7ffff', '89194ad15c7ffff', '89194ad14afffff', '89194ad336fffff', '89194ad15dbffff', '89194ad15c3ffff', '89194ad1433ffff', '89194ad14a3ffff', '89194ad1553ffff', '89194ad1427ffff', '89194ad15cbffff', '89194ad1437ffff'}",1.0,59.0
89194ad1603ffff,"{'89194ad161bffff', '89194ad16c7ffff', '89194ad160bffff', '89194ad1633ffff', '89194ad168bffff', '89194ad16cfffff', '89194ad16bbffff', '89194ad16abffff', '89194ad1657ffff', '89194ad1647ffff', '89194ad1603ffff', '89194ad1607ffff', '89194ad168fffff', '89194ad1613ffff', '89194ad163bffff', '89194ad1673ffff', '89194ad1617ffff', '89194ad160fffff', '89194ad1677ffff'}",10.0,75.0
89194ad1607ffff,"{'89194ad161bffff', '89194ad160bffff', '89194ad1633ffff', '89194ad16bbffff', '89194ad16abffff', '89194ad1623ffff', '89194ad1603ffff', '89194ad1607ffff', '89194ad168fffff', '89194ad16a3ffff', '89194ad16afffff', '89194ad1613ffff', '89194ad163bffff', '89194ad1673ffff', '89194ad1617ffff', '89194ad160fffff', '89194ad1677ffff', '89194ad1637ffff', '89194ad162bffff'}",1.0,82.0
89194ad160bffff,"{'89194ad161bffff', '89194ad16c7ffff', '89194ad160bffff', '89194ad16cfffff', '89194ad167bffff', '89194ad1657ffff', '89194ad1647ffff', '89194ad1603ffff', '89194ad1607ffff', '89194ad1643ffff', '89194ad1653ffff', '89194ad1613ffff', '89194ad163bffff', '89194ad1673ffff', '89194ad164fffff', '89194ad1617ffff', '89194ad160fffff', '89194ad1677ffff', '89194ad1663ffff'}",9.0,79.0
89194ad1613ffff,"{'89194ad161bffff', '89194ad16c7ffff', '89194ad160bffff', '89194ad168bffff', '89194ad16cfffff', '89194ad16bbffff', '89194ad16abffff', '89194ad1657ffff', '89194ad1683ffff', '89194ad16d7ffff', '89194ad1603ffff', '89194ad1687ffff', '89194ad1607ffff', '89194ad168fffff', '89194ad1613ffff', '89194ad1617ffff', '89194ad160fffff', '89194ad169bffff', '89194ad16c3ffff'}",6.0,136.0
89194ad1617ffff,"{'89194ad161bffff', '89194ad16c7ffff', '89194ad160bffff', '89194ad1633ffff', '89194ad168bffff', '89194ad16bbffff', '89194ad16abffff', '89194ad1683ffff', '89194ad1603ffff', '89194ad1687ffff', '89194ad1607ffff', '89194ad168fffff', '89194ad16a3ffff', '89194ad16afffff', '89194ad1613ffff', '89194ad163bffff', '89194ad1617ffff', '89194ad160fffff', '89194ad16b3ffff'}",1.0,133.0
89194ad161bffff,"{'89194ad161bffff', '89194ad16c7ffff', '89194ad160bffff', '89194ad168bffff', '89194ad16cfffff', '89194ad1657ffff', '89194ad16d7ffff', '89194ad1647ffff', '89194ad1603ffff', '89194ad1607ffff', '89194ad168fffff', '89194ad1643ffff', '89194ad1653ffff', '89194ad1613ffff', '89194ad1673ffff', '89194ad1617ffff', '89194ad160fffff', '89194ad16c3ffff', '89194ad16cbffff'}",13.0,135.0
89194ad1623ffff,"{'89194ad162fffff', '89194ad1293ffff', '89194ad10cbffff', '89194ad1677ffff', '89194ad1633ffff', '89194ad16abffff', '89194ad1623ffff', '89194ad105bffff', '89194ad1627ffff', '89194ad10dbffff', '89194ad1607ffff', '89194ad1053ffff', '89194ad1667ffff', '89194ad16afffff', '89194ad163bffff', '89194ad160fffff', '89194ad1297ffff', '89194ad1637ffff', '89194ad162bffff'}",2.0,43.0
89194ad1627ffff,"{'89194ad162fffff', '89194ad1293ffff', '89194ad10cbffff', '89194ad1633ffff', '89194ad10c3ffff', '89194ad1623ffff', '89194ad104bffff', '89194ad105bffff', '89194ad1627ffff', '89194ad10dbffff', '89194ad1053ffff', '89194ad1043ffff', '89194ad16afffff', '89194ad1057ffff', '89194ad163bffff', '89194ad10cfffff', '89194ad1297ffff', '89194ad1637ffff', '89194ad162bffff'}",6.0,73.0
89194ad1637ffff,"{'89194ad162fffff', '89194ad10cbffff', '89194ad1633ffff', '89194ad10d3ffff', '89194ad16abffff', '89194ad1623ffff', '89194ad10c3ffff', '89194ad105bffff', '89194ad1627ffff', '89194ad10dbffff', '89194ad1607ffff', '89194ad16a7ffff', '89194ad1053ffff', '89194ad16a3ffff', '89194ad16afffff', '89194ad163bffff', '89194ad10cfffff', '89194ad1637ffff', '89194ad162bffff'}",16.0,50.0
89194ad1643ffff,"{'89194ad161bffff', '89194ada5b7ffff', '89194ad160bffff', '89194ad16cfffff', '89194ad167bffff', '89194ad165bffff', '89194ad1657ffff', '89194ad1647ffff', '89194ad1643ffff', '89194ad1653ffff', '89194ad164bffff', '89194ada587ffff', '89194ad1673ffff', '89194ad164fffff', '89195da4b2fffff', '89194ada597ffff', '89195da4b27ffff', '89194ada5b3ffff', '89194ad16cbffff'}",12.0,180.0
89194ad1647ffff,"{'89194ad161bffff', '89194ada5b7ffff', '89194ad160bffff', '89194ad16cfffff', '89194ad167bffff', '89194ad165bffff', '89194ad1657ffff', '89194ad1647ffff', '89194ad1603ffff', '89194ad166bffff', '89194ad1643ffff', '89194ad1653ffff', '89194ad164bffff', '89194ad1673ffff', '89194ad164fffff', '89194ad160fffff', '89194ad1677ffff', '89194ada5b3ffff', '89194ad1663ffff'}",10.0,91.0
89194ad164bffff,"{'89194ada593ffff', '89194ada5bbffff', '89194ada5a3ffff', '89194ada583ffff', '89194ada5b7ffff', '89194ad167bffff', '89194ad165bffff', '89194ad1657ffff', '89194ad1647ffff', '89194ad1643ffff', '89194ad1653ffff', '89194ad164bffff', '89194ada587ffff', '89194ad164fffff', '89194ada58fffff', '89195da4b2fffff', '89194ada597ffff', '89195da4b27ffff', '89194ada5b3ffff'}",4.0,149.0
89194ad164fffff,"{'89194ada5bbffff', '89194ada5a3ffff', '89194ada5b7ffff', '89194ad160bffff', '89194ad167bffff', '89194ad165bffff', '89194ad1657ffff', '89194ad1647ffff', '89194ada5a7ffff', '89194ad166bffff', '89194ad1643ffff', '89194ad1653ffff', '89194ad164bffff', '89194ada587ffff', '89194ad1673ffff', '89194ad164fffff', '89194ada597ffff', '89194ada5b3ffff', '89194ad1663ffff'}",6.0,138.0
89194ad1653ffff,"{'89194ad161bffff', '89195da4b23ffff', '89194ad16c7ffff', '89194ad160bffff', '89194ad16cfffff', '89195da4b37ffff', '89194ad165bffff', '89194ad1657ffff', '89194ad16dbffff', '89194ad1647ffff', '89194ad1643ffff', '89194ad1653ffff', '89194ad164bffff', '89194ad164fffff', '89195da4b2fffff', '89194ada597ffff', '89195da4b27ffff', '89194ad16c3ffff', '89194ad16cbffff'}",4.0,183.0
89194ad1657ffff,"{'89194ad161bffff', '89194ad16c7ffff', '89194ad160bffff', '89194ad16cfffff', '89194ad167bffff', '89194ad165bffff', '89194ad1657ffff', '89194ad1647ffff', '89194ad1603ffff', '89194ad1643ffff', '89194ad1653ffff', '89194ad164bffff', '89194ad1613ffff', '89194ad1673ffff', '89194ad164fffff', '89194ad160fffff', '89195da4b27ffff', '89194ad16c3ffff', '89194ad16cbffff'}",1.0,141.0
89194ad165bffff,"{'89194ada593ffff', '89194ada583ffff', '89195da4b23ffff', '89194ad16cfffff', '89195da4b37ffff', '89194ad165bffff', '89194ad1657ffff', '89194ad1647ffff', '89195da4b2bffff', '89194ad1643ffff', '89194ad1653ffff', '89194ad164bffff', '89194ada587ffff', '89194ad164fffff', '89195da4b2fffff', '89194ada597ffff', '89195da4b27ffff', '89194ada5b3ffff', '89194ad16cbffff'}",3.0,162.0
89194ad1663ffff,"{'89194ad1293ffff', '89194ada5b7ffff', '89194ad160bffff', '89194ad167bffff', '89194ad1647ffff', '89194ad12d7ffff', '89194ada5a7ffff', '89194ad166bffff', '89194ad12d3ffff', '89194ad1667ffff', '89194ad163bffff', '89194ad1673ffff', '89194ad164fffff', '89194ad160fffff', '89194ad1677ffff', '89194ad1663ffff', '89194ad166fffff', '89194ad129bffff', '89194ad162bffff'}",1.0,42.0
89194ad166bffff,"{'89194ada5a3ffff', '89194ada5b7ffff', '89194ada5afffff', '89194ad167bffff', '89194ad1647ffff', '89194ad12d7ffff', '89194ada5a7ffff', '89194ad166bffff', '89194ad12d3ffff', '89194ad1667ffff', '89194ad1673ffff', '89194ad164fffff', '89194ad12dbffff', '89194ad12c3ffff', '89194ad1677ffff', '89194ada5b3ffff', '89194ad1663ffff', '89194ad166fffff', '89194ad129bffff'}",2.0,57.0
89194ad167bffff,"{'89194ada5a3ffff', '89194ada5b7ffff', '89194ad160bffff', '89194ad167bffff', '89194ad1657ffff', '89194ad1647ffff', '89194ada5a7ffff', '89194ad166bffff', '89194ad12d3ffff', '89194ad1643ffff', '89194ad1667ffff', '89194ad164bffff', '89194ad1673ffff', '89194ad164fffff', '89194ad160fffff', '89194ad1677ffff', '89194ada5b3ffff', '89194ad1663ffff', '89194ad166fffff'}",3.0,70.0
89194ad1683ffff,"{'89194ad16c7ffff', '89194ad168bffff', '89194ad16bbffff', '89194ad1683ffff', '89195da492bffff', '89194ad16d7ffff', '89194ad145bffff', '89195da492fffff', '89194ad1687ffff', '89194ad168fffff', '89194ad1697ffff', '89194ad144bffff', '89194ad1613ffff', '89195da496fffff', '89194ad1617ffff', '89195da4967ffff', '89194ad169bffff', '89194ad16b3ffff', '89194ad1693ffff'}",32.0,178.0
89194ad1687ffff,"{'89194ad168bffff', '89194ad16bbffff', '89194ad16abffff', '89194ad1443ffff', '89194ad1683ffff', '89194ad145bffff', '89195da492fffff', '89194ad1687ffff', '89194ad168fffff', '89194ad144bffff', '89194ad1697ffff', '89194ad16a3ffff', '89194ad16b7ffff', '89194ad1613ffff', '89194ad144fffff', '89194ad1617ffff', '89194ad169bffff', '89194ad16b3ffff', '89194ad1693ffff'}",21.0,185.0
89194ad168fffff,"{'89194ad161bffff', '89194ad16c7ffff', '89194ad168bffff', '89194ad16bbffff', '89194ad16abffff', '89194ad1683ffff', '89194ad16d7ffff', '89194ad1603ffff', '89194ad1687ffff', '89194ad1607ffff', '89194ad168fffff', '89194ad16a3ffff', '89194ad144bffff', '89194ad1697ffff', '89194ad1613ffff', '89194ad1617ffff', '89194ad169bffff', '89194ad16b3ffff', '89194ad1693ffff'}",18.0,176.0
89194ad1693ffff,"{'89195da493bffff', '89194ad168bffff', '89194ad1683ffff', '89195da492bffff', '89194ad16d7ffff', '89194ad145bffff', '89195da4927ffff', '89195da492fffff', '89194ad1687ffff', '89195da4963ffff', '89194ad168fffff', '89194ad1697ffff', '89194ad144bffff', '89195da4923ffff', '89195da496fffff', '89195da4967ffff', '89194ad169bffff', '89195da4977ffff', '89194ad1693ffff'}",13.0,183.0
89194ad1697ffff,"{'89194ad168bffff', '89194ad16bbffff', '89194ad16b3ffff', '89194ad1443ffff', '89194ad1683ffff', '89195da492bffff', '89194ad145bffff', '89195da4927ffff', '89195da492fffff', '89194ad1687ffff', '89194ad168fffff', '89194ad144bffff', '89194ad1697ffff', '89195da4923ffff', '89194ad144fffff', '89195da4967ffff', '89194ad169bffff', '89194ad1453ffff', '89194ad1693ffff'}",21.0,216.0
89194ad169bffff,"{'89194ad16c7ffff', '89194ad168bffff', '89194ad1683ffff', '89194ad16d3ffff', '89194ad16d7ffff', '89195da496bffff', '89195da492bffff', '89195da492fffff', '89194ad1687ffff', '89195da4963ffff', '89194ad168fffff', '89194ad1697ffff', '89194ad1613ffff', '89195da496fffff', '89195da4967ffff', '89194ad169bffff', '89195da4977ffff', '89194ad16c3ffff', '89194ad1693ffff'}",2.0,176.0
89194ad16a3ffff,"{'89194ad1633ffff', '89194ad10d3ffff', '89194ad16bbffff', '89194ad16abffff', '89194ad147bffff', '89194ad10dbffff', '89194ad1687ffff', '89194ad1607ffff', '89194ad168fffff', '89194ad16a7ffff', '89194ad144bffff', '89194ad16a3ffff', '89194ad16b7ffff', '89194ad16afffff', '89194ad146bffff', '89194ad144fffff', '89194ad1617ffff', '89194ad16b3ffff', '89194ad1637ffff'}",2.0,106.0
89194ad16b3ffff,"{'89194ad16bbffff', '89194ad16abffff', '89194ad1443ffff', '89194ad1683ffff', '89194ad147bffff', '89194ad145bffff', '89194ad1687ffff', '89194ad168fffff', '89194ad16a7ffff', '89194ad16a3ffff', '89194ad144bffff', '89194ad1697ffff', '89194ad16afffff', '89194ad16b7ffff', '89194ad1447ffff', '89194ad146bffff', '89194ad144fffff', '89194ad1617ffff', '89194ad16b3ffff'}",16.0,160.0
89194ad16b7ffff,"{'89194ad10d3ffff', '89194ad16bbffff', '89194ad16abffff', '89194ad1443ffff', '89194ad1463ffff', '89194ad147bffff', '89194ad10dbffff', '89194ad1687ffff', '89194ad16a7ffff', '89194ad16a3ffff', '89194ad144bffff', '89194ad16b7ffff', '89194ad16afffff', '89194ad1447ffff', '89194ad1473ffff', '89194ad146bffff', '89194ad144fffff', '89194ad146fffff', '89194ad16b3ffff'}",3.0,80.0
89194ad16bbffff,"{'89194ad1633ffff', '89194ad168bffff', '89194ad16abffff', '89194ad16bbffff', '89194ad1683ffff', '89194ad1603ffff', '89194ad1687ffff', '89194ad1607ffff', '89194ad168fffff', '89194ad16a7ffff', '89194ad16a3ffff', '89194ad144bffff', '89194ad1697ffff', '89194ad16afffff', '89194ad16b7ffff', '89194ad1613ffff', '89194ad144fffff', '89194ad1617ffff', '89194ad16b3ffff'}",4.0,155.0
89194ad16c3ffff,"{'89194ad161bffff', '89194ad16c7ffff', '89194ad168bffff', '89194ad16cfffff', '89195da4b37ffff', '89194ad1657ffff', '89194ad16d3ffff', '89194ad16d7ffff', '89195da496bffff', '89195da4bafffff', '89194ad16dbffff', '89195da4ba7ffff', '89194ad1653ffff', '89194ad1613ffff', '89195da496fffff', '89194ad169bffff', '89195da4b27ffff', '89194ad16c3ffff', '89194ad16cbffff'}",16.0,135.0
89194ad16cbffff,"{'89194ad161bffff', '89195da4b23ffff', '89194ad16c7ffff', '89194ad16cfffff', '89195da4b37ffff', '89194ad165bffff', '89194ad1657ffff', '89194ad16d3ffff', '89194ad16d7ffff', '89195da4bafffff', '89194ad16dbffff', '89195da4b33ffff', '89195da4ba7ffff', '89194ad1643ffff', '89194ad1653ffff', '89195da4b2fffff', '89195da4b27ffff', '89194ad16c3ffff', '89194ad16cbffff'}",32.0,134.0
89194ad16cfffff,"{'89194ad161bffff', '89194ad16c7ffff', '89194ad160bffff', '89194ad168bffff', '89195da4b37ffff', '89194ad16cfffff', '89194ad165bffff', '89194ad1657ffff', '89194ad16d3ffff', '89194ad16d7ffff', '89194ad16dbffff', '89194ad1647ffff', '89194ad1603ffff', '89194ad1643ffff', '89194ad1653ffff', '89194ad1613ffff', '89195da4b27ffff', '89194ad16c3ffff', '89194ad16cbffff'}",2.0,166.0
89194ad16d3ffff,"{'89194ad16c7ffff', '89194ad168bffff', '89194ad16cfffff', '89195da4b37ffff', '89195da4ba3ffff', '89195da497bffff', '89195da4bafffff', '89194ad16d7ffff', '89195da496bffff', '89194ad16d3ffff', '89194ad16dbffff', '89195da4963ffff', '89195da4ba7ffff', '89195da496fffff', '89195da4967ffff', '89194ad169bffff', '89194ad16c3ffff', '89194ad16cbffff', '89195da4bb7ffff'}",11.0,123.0
89194ad16dbffff,"{'89195da4b23ffff', '89194ad16c7ffff', '89194ad16cfffff', '89195da4b37ffff', '89195da4ba3ffff', '89194ad16d3ffff', '89194ad16d7ffff', '89195da496bffff', '89195da4bafffff', '89194ad16dbffff', '89195da4b33ffff', '89195da4ba7ffff', '89194ad1653ffff', '89195da496fffff', '89195da4babffff', '89195da4b27ffff', '89194ad16c3ffff', '89194ad16cbffff', '89195da4bb7ffff'}",25.0,114.0
89194ad181bffff,"{'89194ad18d7ffff', '89194ad1843ffff', '89194ad1873ffff', '89194ad1807ffff', '89194ad1817ffff', '89194ad181bffff', '89194ad1853ffff', '89194ad18cfffff', '89194ad18c7ffff', '89194ad18c3ffff', '89194ad188bffff', '89194ad18cbffff', '89194ad180bffff', '89194ad1813ffff', '89194ad1803ffff', '89194ad180fffff', '89194ad1857ffff', '89194ad1847ffff', '89194ad188fffff'}",2.0,9.0
89194ad18c7ffff,"{'89194ad18d7ffff', '89194ad1817ffff', '89194ad181bffff', '89194ad1853ffff', '89194ad18cfffff', '89194ad18c3ffff', '89194ad18c7ffff', '89194ad188bffff', '89194ad18cbffff', '89194ad180bffff', '89194ad18d3ffff', '89194ad18dbffff', '89194ad1883ffff', '89194ad189bffff', '89194ad1813ffff', '89194ad1803ffff', '89194ad1c6fffff', '89194ad1857ffff', '89194ad188fffff'}",7.0,24.0
89194ad1a03ffff,"{'89194ad1a77ffff', '89194ad1a33ffff', '89194ad1a03ffff', '89194ad1a17ffff', '89194ad1a8bffff', '89194ad1acfffff', '89194ad1ac7ffff', '89194ad1a47ffff', '89194ad1a1bffff', '89194ad1a57ffff', '89194ad1abbffff', '89194ad1a8fffff', '89194ad1a0bffff', '89194ad1aabffff', '89194ad1a0fffff', '89194ad1a73ffff', '89194ad1a07ffff', '89194ad1a3bffff', '89194ad1a13ffff'}",2.0,14.0
89194ad1a13ffff,"{'89194ad1a03ffff', '89194ad1ad7ffff', '89194ad1a83ffff', '89194ad1a17ffff', '89194ad1a13ffff', '89194ad1acfffff', '89194ad1ac7ffff', '89194ad1a1bffff', '89194ad1a9bffff', '89194ad1a57ffff', '89194ad1abbffff', '89194ad1a87ffff', '89194ad1a8fffff', '89194ad1a0bffff', '89194ad1aabffff', '89194ad1a0fffff', '89194ad1a07ffff', '89194ad1a8bffff', '89194ad1ac3ffff'}",1.0,29.0
89194ad1a1bffff,"{'89194ad1a03ffff', '89194ad1ad7ffff', '89194ad1a17ffff', '89194ad1a53ffff', '89194ad1a13ffff', '89194ad1acfffff', '89194ad1ac7ffff', '89194ad1a47ffff', '89194ad1a1bffff', '89194ad1a57ffff', '89194ad1a8fffff', '89194ad1a43ffff', '89194ad1a0bffff', '89194ad1a0fffff', '89194ad1a73ffff', '89194ad1acbffff', '89194ad1a07ffff', '89194ad1a8bffff', '89194ad1ac3ffff'}",1.0,20.0
89194ad1a43ffff,"{'89194ada9b7ffff', '89194ada9b3ffff', '89194ad1a53ffff', '89194ada987ffff', '89194ad1acfffff', '89194ad1a1bffff', '89194adad27ffff', '89194ad1a4bffff', '89194ad1a57ffff', '89194ad1a4fffff', '89194ad1a43ffff', '89194ad1a0bffff', '89194adad2fffff', '89194ada997ffff', '89194ad1a73ffff', '89194ad1acbffff', '89194ad1a5bffff', '89194ad1a47ffff', '89194ad1a7bffff'}",4.0,14.0
89194ad1a4fffff,"{'89194ada9b7ffff', '89194ada9b3ffff', '89194ada9bbffff', '89194ad1a53ffff', '89194ada987ffff', '89194ad1a6bffff', '89194ad1a63ffff', '89194ad1a4bffff', '89194ad1a57ffff', '89194ad1a4fffff', '89194ad1a43ffff', '89194ad1a0bffff', '89194ada997ffff', '89194ada9a3ffff', '89194ad1a73ffff', '89194ada9a7ffff', '89194ad1a5bffff', '89194ad1a47ffff', '89194ad1a7bffff'}",4.0,15.0
89194ad1a63ffff,"{'89194ad1a2bffff', '89194ad1a77ffff', '89194ada9b7ffff', '89194ac34d3ffff', '89194ad1a6bffff', '89194ac34d7ffff', '89194ad1a63ffff', '89194ac3493ffff', '89194ad1a4fffff', '89194ad1a67ffff', '89194ad1a6fffff', '89194ad1a0bffff', '89194ad1a0fffff', '89194ac349bffff', '89194ad1a73ffff', '89194ada9a7ffff', '89194ad1a3bffff', '89194ad1a47ffff', '89194ad1a7bffff'}",3.0,12.0
89194ad1a67ffff,"{'89194ad1a2bffff', '89194ad1a77ffff', '89194ac34d3ffff', '89194ad1a2fffff', '89194ad1a6bffff', '89194ac34d7ffff', '89194ac3483ffff', '89194ad1a63ffff', '89194ac3493ffff', '89194ac348bffff', '89194ad1a6fffff', '89194ad1a67ffff', '89194ad1a0fffff', '89194ac349bffff', '89194ac3497ffff', '89194ad1a73ffff', '89194ad1a3bffff', '89194ad1a23ffff', '89194ad1a7bffff'}",3.0,9.0
89194ad1a73ffff,"{'89194ad1a2bffff', '89194ad1a77ffff', '89194ada9b7ffff', '89194ad1a03ffff', '89194ad1a6bffff', '89194ad1a1bffff', '89194ad1a63ffff', '89194ad1a57ffff', '89194ad1a4fffff', '89194ad1a43ffff', '89194ad1a6fffff', '89194ad1a67ffff', '89194ad1a0bffff', '89194ad1a0fffff', '89194ad1a73ffff', '89194ad1a07ffff', '89194ad1a3bffff', '89194ad1a47ffff', '89194ad1a7bffff'}",1.0,19.0
89194ad1a77ffff,"{'89194ad1a2bffff', '89194ad1a33ffff', '89194ad1a03ffff', '89194ad1a77ffff', '89194ad1a2fffff', '89194ad1a6bffff', '89194ad1a63ffff', '89194ac3493ffff', '89194ad1a67ffff', '89194ad1a6fffff', '89194ad1a0bffff', '89194ad1a0fffff', '89194ac349bffff', '89194ad1a73ffff', '89194ad1a07ffff', '89194ad1a3bffff', '89194ad1a23ffff', '89194ad1a47ffff', '89194ad1a7bffff'}",1.0,10.0
89194ad1a83ffff,"{'89194ad1e6fffff', '89194ad1ad7ffff', '89194ad1a83ffff', '89194ad1a17ffff', '89194ad1a13ffff', '89194ad1e2bffff', '89194ad1e2fffff', '89194ad1ac7ffff', '89194ad184bffff', '89194ad1a9bffff', '89194ad1abbffff', '89194ad1a87ffff', '89194ad1a8fffff', '89194ad1a93ffff', '89194ad1a97ffff', '89194ad1e67ffff', '89194ad185bffff', '89194ad1ab3ffff', '89194ad1a8bffff'}",5.0,44.0
89194ad1a8fffff,"{'89194ad1a03ffff', '89194ad1a83ffff', '89194ad1ad7ffff', '89194ad1a17ffff', '89194ad1a8bffff', '89194ad1aa3ffff', '89194ad1ac7ffff', '89194ad1a1bffff', '89194ad184bffff', '89194ad1a9bffff', '89194ad1abbffff', '89194ad1a87ffff', '89194ad1a8fffff', '89194ad1aabffff', '89194ad1a93ffff', '89194ad1a97ffff', '89194ad1a07ffff', '89194ad1ab3ffff', '89194ad1a13ffff'}",4.0,29.0
89194ad1a9bffff,"{'89194ad1e6fffff', '89194ad1ad7ffff', '89194ad1a83ffff', '89194ad1a13ffff', '89194ad1e2bffff', '89194ad1e2fffff', '89194ad1ac7ffff', '89194ad1ad3ffff', '89194ad1a9bffff', '89194ad1e63ffff', '89194ad1a87ffff', '89194ad1a8fffff', '89194ad1e6bffff', '89194ad1a93ffff', '89194ad1a97ffff', '89194ad1e67ffff', '89194ad1e77ffff', '89194ad1a8bffff', '89194ad1ac3ffff'}",5.0,61.0
89194ad1aa3ffff,"{'89194ad1a33ffff', '89194ad1bd3ffff', '89194ad1a17ffff', '89194ad184fffff', '89194ad1aa3ffff', '89194ad1a37ffff', '89194ad1ab7ffff', '89194ad184bffff', '89194ad1aafffff', '89194ad1abbffff', '89194ad1bdbffff', '89194ad1a87ffff', '89194ad1a8fffff', '89194ad1aabffff', '89194ad186bffff', '89194ad187bffff', '89194ad1aa7ffff', '89194ad1a07ffff', '89194ad1ab3ffff'}",7.0,27.0
89194ad1aafffff,"{'89194ad1a33ffff', '89194ad1bd3ffff', '89194ad1bc3ffff', '89194ad1a17ffff', '89194ad1aa3ffff', '89194ad1bcbffff', '89194ad1a37ffff', '89194ad1ab7ffff', '89194ad1aafffff', '89194ad1abbffff', '89194ad1bdbffff', '89194ad1a27ffff', '89194ad1aabffff', '89194ad186bffff', '89194ad1aa7ffff', '89194ad1a07ffff', '89194ad1a3bffff', '89194ad1a23ffff', '89194ad1ab3ffff'}",12.0,23.0
89194ad1abbffff,"{'89194ad1a33ffff', '89194ad1a03ffff', '89194ad1a83ffff', '89194ad1a17ffff', '89194ad184fffff', '89194ad1aa3ffff', '89194ad1a13ffff', '89194ad1ab7ffff', '89194ad184bffff', '89194ad1aafffff', '89194ad1abbffff', '89194ad1a87ffff', '89194ad1a8fffff', '89194ad1aabffff', '89194ad1a97ffff', '89194ad1aa7ffff', '89194ad1a07ffff', '89194ad1ab3ffff', '89194ad1a8bffff'}",4.0,35.0
89194ad1ac3ffff,"{'89194ad1ac3ffff', '89194ad1e6fffff', '89194ad1ad7ffff', '89194ad1a8bffff', '89194ad1a53ffff', '89194ad1adbffff', '89194ad1acfffff', '89194ad1ac7ffff', '89194ad1ad3ffff', '89194ad1a1bffff', '89194ad1a9bffff', '89194adad27ffff', '89194ad1a57ffff', '89194adada7ffff', '89194ad1e6bffff', '89194ad1acbffff', '89194adad37ffff', '89194ad1a13ffff', '89194adadafffff'}",7.0,24.0
89194ad1c07ffff,"{'89194ad1c0fffff', '89194ad1c77ffff', '89194ad1cbbffff', '89194ad1c8fffff', '89194ad1c73ffff', '89194ad1ca3ffff', '89194ad1c17ffff', '89194ad1cafffff', '89194ad1c13ffff', '89194ad1c23ffff', '89194ad1c03ffff', '89194ad1c1bffff', '89194ad1c2bffff', '89194ad1c3bffff', '89194ad1cabffff', '89194ad1c33ffff', '89194ad1c07ffff', '89194ad1c37ffff', '89194ad1c0bffff'}",1.0,6.0
89194ad1c0bffff,"{'89194ad1cc7ffff', '89194ad1c0fffff', '89194ad1c7bffff', '89194ad1c77ffff', '89194ad1c43ffff', '89194ad1c57ffff', '89194ad1c4fffff', '89194ad1ccfffff', '89194ad1c47ffff', '89194ad1c73ffff', '89194ad1c17ffff', '89194ad1c13ffff', '89194ad1c53ffff', '89194ad1c03ffff', '89194ad1c1bffff', '89194ad1c3bffff', '89194ad1c07ffff', '89194ad1c0bffff', '89194ad1c63ffff'}",4.0,27.0
89194ad1c13ffff,"{'89194ad1cc7ffff', '89194ad1c0fffff', '89194ad1c57ffff', '89194ad1c8bffff', '89194ad1c9bffff', '89194ad1ccfffff', '89194ad1cbbffff', '89194ad1c8fffff', '89194ad1cc3ffff', '89194ad1c17ffff', '89194ad1c13ffff', '89194ad1c03ffff', '89194ad1c1bffff', '89194ad1cabffff', '89194ad1c87ffff', '89194ad1c07ffff', '89194ad1c83ffff', '89194ad1c0bffff', '89194ad1cd7ffff'}",1.0,7.0
89194ad1c27ffff,"{'89194ad1d5bffff', '89194ad1dcfffff', '89194ad1ddbffff', '89194ad1c2fffff', '89194ad1d57ffff', '89194ad1cafffff', '89194ad1c23ffff', '89194ad1c2bffff', '89194ad1dcbffff', '89194ad1c3bffff', '89194ad1d4bffff', '89194ad1dc3ffff', '89194ad1d43ffff', '89194ad1c33ffff', '89194ad1897ffff', '89194ad1d53ffff', '89194ad1c27ffff', '89194ad1c37ffff', '89194ad1893ffff'}",7.0,13.0
89194ad1c2fffff,"{'89194ad1d5bffff', '89194ad1c67ffff', '89194ad1c77ffff', '89194ad1887ffff', '89194ad1c2fffff', '89194ad1c23ffff', '89194ad1c2bffff', '89194ad1883ffff', '89194ad1dcbffff', '89194ad1c3bffff', '89194ad189bffff', '89194ad1d4bffff', '89194ad1d43ffff', '89194ad1897ffff', '89194ad1c33ffff', '89194ad1d53ffff', '89194ad1c27ffff', '89194ad1c37ffff', '89194ad1893ffff'}",1.0,12.0
89194ad1c43ffff,"{'89194ad1c7bffff', '89194ad1c43ffff', '89194ad1c57ffff', '89194ad1eb3ffff', '89194ad1c4fffff', '89194ad1ccfffff', '89194ad1c47ffff', '89194ad1e97ffff', '89194ad1c73ffff', '89194ad1e87ffff', '89194ad112fffff', '89194ad1c53ffff', '89194ad1c1bffff', '89194ad1c4bffff', '89194ad1c0bffff', '89194ad1eb7ffff', '89194ad1127ffff', '89194ad1ccbffff', '89194ad1c5bffff'}",6.0,30.0
89194ad1c4fffff,"{'89194ad1c7bffff', '89194ad1c43ffff', '89194ad1eb3ffff', '89194ad1c57ffff', '89194ad1c4fffff', '89194ad1c6bffff', '89194ad1c47ffff', '89194ad1e97ffff', '89194ad1c73ffff', '89194ad1ebbffff', '89194ad1e87ffff', '89194ad1ea3ffff', '89194ad1c53ffff', '89194ad1ea7ffff', '89194ad1c4bffff', '89194ad1c0bffff', '89194ad1eb7ffff', '89194ad1c63ffff', '89194ad1c5bffff'}",3.0,43.0
89194ad1c5bffff,"{'89194ad1c43ffff', '89194ad1eb3ffff', '89194ad1c57ffff', '89194ad1c4fffff', '89194ad1e93ffff', '89194ad1ccfffff', '89194ad1c47ffff', '89194ad1e97ffff', '89194ad1e87ffff', '89194ad112bffff', '89194ad112fffff', '89194ad1c53ffff', '89194ad1c4bffff', '89194ad1e83ffff', '89194ad1123ffff', '89194ad1127ffff', '89194ad1ccbffff', '89194ad1137ffff', '89194ad1c5bffff'}",3.0,14.0
89194ad1c6bffff,"{'89194ad18d7ffff', '89194ad1c7bffff', '89194ad1c67ffff', '89194ad1c77ffff', '89194ad1eb3ffff', '89194ad1c4fffff', '89194ad1c6bffff', '89194ad1c47ffff', '89194ad1eafffff', '89194ad18c3ffff', '89194ad1c73ffff', '89194ad1ea3ffff', '89194ad18d3ffff', '89194ad18dbffff', '89194ad189bffff', '89194ad1ea7ffff', '89194ad1c6fffff', '89194ad1eb7ffff', '89194ad1c63ffff'}",15.0,45.0
89194ad1c6fffff,"{'89194ad18d7ffff', '89194ad1c67ffff', '89194ad1c7bffff', '89194ad1c77ffff', '89194ad1c6bffff', '89194ad18c3ffff', '89194ad18c7ffff', '89194ad1c73ffff', '89194ad188bffff', '89194ad18d3ffff', '89194ad18dbffff', '89194ad1c2bffff', '89194ad1883ffff', '89194ad189bffff', '89194ad1ea7ffff', '89194ad1c6fffff', '89194ad1eb7ffff', '89194ad1893ffff', '89194ad1c63ffff'}",15.0,49.0
89194ad1c7bffff,"{'89194ad1c0fffff', '89194ad1c67ffff', '89194ad1c77ffff', '89194ad1c43ffff', '89194ad1eb3ffff', '89194ad1c57ffff', '89194ad1c4fffff', '89194ad1c6bffff', '89194ad1c7bffff', '89194ad1c47ffff', '89194ad1c73ffff', '89194ad1ea3ffff', '89194ad18d3ffff', '89194ad1ea7ffff', '89194ad1c4bffff', '89194ad1c6fffff', '89194ad1c0bffff', '89194ad1eb7ffff', '89194ad1c63ffff'}",12.0,55.0
89194ad1c8bffff,"{'89194ad1cc7ffff', '89194ad1c93ffff', '89194ad1c9bffff', '89194ad1c8bffff', '89194ad026fffff', '89194ad1ccfffff', '89194ad1cbbffff', '89194ad1c8fffff', '89194ad1cc3ffff', '89194ad1c17ffff', '89194ad1c13ffff', '89194ad1c03ffff', '89194ad1c1bffff', '89194ad0267ffff', '89194ad1c97ffff', '89194ad1c87ffff', '89194ad1c83ffff', '89194ad1cd3ffff', '89194ad1cd7ffff'}",1.0,4.0
89194ad1cdbffff,"{'89194ad11abffff', '89194ad1cc7ffff', '89194ad1ccfffff', '89194ad026fffff', '89194ad1cc3ffff', '89194ad11afffff', '89194ad11a3ffff', '89194ad1133ffff', '89194ad1c53ffff', '89194ad1123ffff', '89194ad1cdbffff', '89194ad1cd3ffff', '89194ad1127ffff', '89194ad026bffff', '89194ad1137ffff', '89194ad1ccbffff', '89194ad11b7ffff', '89194ad11a7ffff', '89194ad1cd7ffff'}",1.0,28.0
89194ad1d0fffff,"{'89194ad1dabffff', '89194ad1d33ffff', '89194ad1d07ffff', '89194ad1d2bffff', '89194ad1d63ffff', '89194ad1d23ffff', '89194ad1d57ffff', '89194ad1d17ffff', '89194ad1d47ffff', '89194ad1d67ffff', '89194ad1d0bffff', '89194ad1d7bffff', '89194ad1d3bffff', '89194ad1d0fffff', '89194ad1d1bffff', '89194ad1d03ffff', '89194ad1d13ffff', '89194ad1d73ffff', '89194ad1d77ffff'}",5.0,34.0
89194ad1d17ffff,"{'89194ad1d8bffff', '89194ad1da3ffff', '89194ad1dbbffff', '89194ad1d8fffff', '89194ad1dc7ffff', '89194ad1dafffff', '89194ad1dabffff', '89194ad1d33ffff', '89194ad1d07ffff', '89194ad1d83ffff', '89194ad1d17ffff', '89194ad1db3ffff', '89194ad1d0bffff', '89194ad1d87ffff', '89194ad1d3bffff', '89194ad1d0fffff', '89194ad1d1bffff', '89194ad1d03ffff', '89194ad1d13ffff'}",1.0,10.0
89194ad1d3bffff,"{'89194ad1993ffff', '89194ad1dafffff', '89194ad1dabffff', '89194ad1d33ffff', '89194ad1d07ffff', '89194ad1d2bffff', '89194ad1d63ffff', '89194ad1d23ffff', '89194ad1d17ffff', '89194ad1d27ffff', '89194ad1d67ffff', '89194ad1d0bffff', '89194ad1d37ffff', '89194ad1d3bffff', '89194ad1d0fffff', '89194ad1d03ffff', '89194ad1d73ffff', '89194ad1d2fffff', '89194ad1d77ffff'}",2.0,10.0
89194ad1d43ffff,"{'89194ad18b3ffff', '89194ad1d5bffff', '89194ad1dcfffff', '89194ad1887ffff', '89194ad1c2fffff', '89194ad1d57ffff', '89194ad1d47ffff', '89194ad1d0bffff', '89194ad1d7bffff', '89194ad1dcbffff', '89194ad1d4bffff', '89194ad1d1bffff', '89194ad1897ffff', '89194ad1d43ffff', '89194ad1d4fffff', '89194ad1c27ffff', '89194ad1d53ffff', '89194ad1d73ffff', '89194ad18b7ffff'}",1.0,45.0
89194ad1d47ffff,"{'89194ad18b3ffff', '89194ad1d5bffff', '89194ad1dcfffff', '89194ad1d63ffff', '89194ad1d57ffff', '89194ad1d47ffff', '89194ad1d6bffff', '89194ad1d0bffff', '89194ad1d7bffff', '89194ad1d0fffff', '89194ad1d4bffff', '89194ad1d1bffff', '89194ad1d43ffff', '89194ad1d4fffff', '89194ad1d53ffff', '89194ad1d03ffff', '89194ad1d73ffff', '89194ad1d77ffff', '89194ad18b7ffff'}",24.0,42.0
89194ad1d4fffff,"{'89194ad18b3ffff', '89194ad1d5bffff', '89194ad18a7ffff', '89194ad1887ffff', '89194ad1d63ffff', '89194ad1d57ffff', '89194ad1d47ffff', '89194ad18bbffff', '89194ad1d6bffff', '89194ad1d0bffff', '89194ad1d7bffff', '89194ad1d4bffff', '89194ad1d43ffff', '89194ad1897ffff', '89194ad1d53ffff', '89194ad1d4fffff', '89194ad1d73ffff', '89194ad18a3ffff', '89194ad18b7ffff'}",9.0,37.0
89194ad1d53ffff,"{'89194ad1d5bffff', '89194ad1dc7ffff', '89194ad1dcfffff', '89194ad1ddbffff', '89194ad1c2fffff', '89194ad1d57ffff', '89194ad1d47ffff', '89194ad1c23ffff', '89194ad1d0bffff', '89194ad1dcbffff', '89194ad1d4bffff', '89194ad1dc3ffff', '89194ad1d1bffff', '89194ad1897ffff', '89194ad1d43ffff', '89194ad1d4fffff', '89194ad1c27ffff', '89194ad1d53ffff', '89194ad1c37ffff'}",3.0,46.0
89194ad1dabffff,"{'89194ad1da3ffff', '89194ad1dbbffff', '89194ad1d8fffff', '89194ad1dafffff', '89194ad1dabffff', '89194ad1d33ffff', '89194ad1d07ffff', '89194ad1d23ffff', '89194ad1d17ffff', '89194ad1db3ffff', '89194ad0adbffff', '89194ad1d87ffff', '89194ad1d37ffff', '89194ad1d3bffff', '89194ad1d0fffff', '89194ad1da7ffff', '89194ad1d03ffff', '89194ad1d13ffff', '89194ad1db7ffff'}",2.0,10.0
89194ad1dd7ffff,"{'89194ad1dd3ffff', '89194ad036bffff', '89194ad1d8bffff', '89194ad1d8fffff', '89194ad1d9bffff', '89194ad1dc7ffff', '89194ad1dcfffff', '89194ad1ddbffff', '89194ad0363ffff', '89194ad036fffff', '89194ad1d83ffff', '89194ad0367ffff', '89194ad1dcbffff', '89194ad1dd7ffff', '89194ad1dc3ffff', '89194ad1d1bffff', '89194ad1ca7ffff', '89194ad1d13ffff', '89194ad1d93ffff'}",1.0,3.0
89194ad1ddbffff,"{'89194ad1dd3ffff', '89194ad036bffff', '89194ad1dc7ffff', '89194ad1dcfffff', '89194ad1ddbffff', '89194ad036fffff', '89194ad1ca3ffff', '89194ad1cafffff', '89194ad1c23ffff', '89194ad1dcbffff', '89194ad1cabffff', '89194ad1dd7ffff', '89194ad1dc3ffff', '89194ad1c33ffff', '89194ad1d53ffff', '89194ad1c27ffff', '89194ad1ca7ffff', '89194ad1cb7ffff', '89194ad1c37ffff'}",1.0,12.0
89194ad1e03ffff,"{'89194ad1ecfffff', '89194ad1e73ffff', '89194ad1e0bffff', '89194ad1e57ffff', '89194ad1ebbffff', '89194ad1e33ffff', '89194ad1e0fffff', '89194ad1e8fffff', '89194ad1e3bffff', '89194ad1e03ffff', '89194ad1e1bffff', '89194ad1e47ffff', '89194ad1eabffff', '89194ad1e77ffff', '89194ad1e17ffff', '89194ad1e13ffff', '89194ad1ec7ffff', '89194ad1e8bffff', '89194ad1e07ffff'}",1.0,57.0
89194ad1e0bffff,"{'89194ad1ecfffff', '89194ad1e73ffff', '89194ad1e4fffff', '89194ad1e0bffff', '89194ad1e57ffff', '89194ad1e43ffff', '89194ad1e0fffff', '89194ad1e3bffff', '89194ad1e03ffff', '89194ad1e53ffff', '89194ad1e7bffff', '89194ad1e1bffff', '89194ad1e47ffff', '89194ad1e77ffff', '89194ad1e17ffff', '89194ad1e13ffff', '89194ad1ec7ffff', '89194ad1e63ffff', '89194ad1e07ffff'}",14.0,65.0
89194ad1e0fffff,"{'89194ad1e73ffff', '89194ad1e2bffff', '89194ad1e0bffff', '89194ad1e57ffff', '89194ad1e33ffff', '89194ad1e0fffff', '89194ad1e3bffff', '89194ad1e03ffff', '89194ad1e7bffff', '89194ad1e1bffff', '89194ad1e47ffff', '89194ad1eabffff', '89194ad1e67ffff', '89194ad1e17ffff', '89194ad1e77ffff', '89194ad1e13ffff', '89194ad1e63ffff', '89194ad1e23ffff', '89194ad1e07ffff'}",7.0,69.0
89194ad1e1bffff,"{'89194ad1ecfffff', '89194ad1e73ffff', '89194ad1ec3ffff', '89194ad1e0bffff', '89194ad1ed7ffff', '89194ad1ecbffff', '89194ad1e57ffff', '89194ad1e43ffff', '89194ad1e0fffff', '89194ad1e8fffff', '89194ad1e03ffff', '89194ad1e53ffff', '89194ad1e1bffff', '89194ad1e47ffff', '89194ad1e17ffff', '89194ad1e13ffff', '89194ad1ec7ffff', '89194ad1e8bffff', '89194ad1e07ffff'}",15.0,51.0
89194ad1e63ffff,"{'89194adadb7ffff', '89194ad1e6fffff', '89194ad1ad7ffff', '89194ad1e73ffff', '89194ad1e2bffff', '89194ad1e4fffff', '89194ad1e0bffff', '89194ad1ad3ffff', '89194ad1e0fffff', '89194ad1a9bffff', '89194ad1e3bffff', '89194adada7ffff', '89194ad1e7bffff', '89194ad1e6bffff', '89194ad1a93ffff', '89194ad1e47ffff', '89194ad1e67ffff', '89194ad1e77ffff', '89194ad1e63ffff'}",8.0,67.0
89194ad1e67ffff,"{'89194ad1e6fffff', '89194ad1ad7ffff', '89194ad1e73ffff', '89194ad1a83ffff', '89194ad1a8bffff', '89194ad1e2bffff', '89194ad1e2fffff', '89194ad1ad3ffff', '89194ad1e0fffff', '89194ad1a9bffff', '89194ad1e3bffff', '89194ad1e7bffff', '89194ad1e6bffff', '89194ad1a93ffff', '89194ad1a97ffff', '89194ad1e77ffff', '89194ad1e67ffff', '89194ad1e63ffff', '89194ad1e23ffff'}",16.0,58.0
89194ad1e6fffff,"{'89194adadb7ffff', '89194ad1e6fffff', '89194ad1ad7ffff', '89194ad1a83ffff', '89194ad1e73ffff', '89194ad1a8bffff', '89194ad1adbffff', '89194ad1e2bffff', '89194ad1ac7ffff', '89194ad1ad3ffff', '89194ad1a9bffff', '89194adada7ffff', '89194ad1e7bffff', '89194ad1e6bffff', '89194ad1a93ffff', '89194ad1e67ffff', '89194ad1e77ffff', '89194ad1e63ffff', '89194ad1ac3ffff'}",9.0,58.0
89194ad1e73ffff,"{'89194adadb7ffff', '89194ad1e6fffff', '89194ad1e73ffff', '89194ad1e2bffff', '89194ad1e4fffff', '89194ad1e0bffff', '89194ad1e57ffff', '89194ad1e43ffff', '89194ad1e0fffff', '89194ad1e3bffff', '89194ad1e03ffff', '89194ad1e7bffff', '89194ad1e1bffff', '89194ad1e6bffff', '89194ad1e47ffff', '89194ad1e67ffff', '89194ad1e77ffff', '89194ad1e63ffff', '89194ad1e07ffff'}",2.0,78.0
89194ad1e77ffff,"{'89194ad1e6fffff', '89194ad1e73ffff', '89194ad1e2bffff', '89194ad1e2fffff', '89194ad1e0bffff', '89194ad1e33ffff', '89194ad1e0fffff', '89194ad1a9bffff', '89194ad1e3bffff', '89194ad1e03ffff', '89194ad1e7bffff', '89194ad1e6bffff', '89194ad1a93ffff', '89194ad1e47ffff', '89194ad1e67ffff', '89194ad1e77ffff', '89194ad1e63ffff', '89194ad1e23ffff', '89194ad1e07ffff'}",6.0,68.0
89194ad1ec7ffff,"{'89194ad1ecfffff', '89194ad1ed3ffff', '89194ad1ec3ffff', '89194ad116fffff', '89194ad1ed7ffff', '89194ad1e0bffff', '89194ad1ecbffff', '89194ad1e9bffff', '89194ad1edbffff', '89194ad1e57ffff', '89194ad1e8fffff', '89194ad1e03ffff', '89194ad1e53ffff', '89194ad1e1bffff', '89194ad1e83ffff', '89194ad1e17ffff', '89194ad1e13ffff', '89194ad1ec7ffff', '89194ad1e8bffff'}",12.0,50.0
89194ad1ed3ffff,"{'89194ad1ecfffff', '89194ad13a7ffff', '89194ad1ed3ffff', '89194ad1ec3ffff', '89194ad116bffff', '89194ad116fffff', '89194ad1337ffff', '89194ad1163ffff', '89194ad1ed7ffff', '89194ad1ecbffff', '89194ad1e9bffff', '89194ad1edbffff', '89194ad117bffff', '89194ad13a3ffff', '89194ad13b7ffff', '89194ad1167ffff', '89194ad13afffff', '89194ad1ec7ffff', '89194ad1e8bffff'}",4.0,27.0
89194ad2013ffff,"{'89194ad2007ffff', '89194ad208fffff', '89194ad2017ffff', '89194ad208bffff', '89194ad2057ffff', '89194ad20cfffff', '89194ad2013ffff', '89194ad20c7ffff', '89194ad209bffff', '89194ad20bbffff', '89194ad2083ffff', '89194ad2087ffff', '89194ad20abffff', '89194ad2003ffff', '89194ad20c3ffff', '89194ad200fffff', '89194ad201bffff', '89194ad20d7ffff', '89194ad200bffff'}",1.0,44.0
89194ad2017ffff,"{'89194ad2007ffff', '89194ad208fffff', '89194ad208bffff', '89194ad2017ffff', '89194ad203bffff', '89194ad2033ffff', '89194ad20c7ffff', '89194ad20bbffff', '89194ad2083ffff', '89194ad20afffff', '89194ad2087ffff', '89194ad20abffff', '89194ad20b3ffff', '89194ad2003ffff', '89194ad200fffff', '89194ad201bffff', '89194ad20a3ffff', '89194ad2013ffff', '89194ad200bffff'}",1.0,37.0
89194ad201bffff,"{'89194ad20cbffff', '89194ad20d7ffff', '89194ad2007ffff', '89194ad208fffff', '89194ad2017ffff', '89194ad208bffff', '89194ad2053ffff', '89194ad2057ffff', '89194ad20cfffff', '89194ad2047ffff', '89194ad2043ffff', '89194ad20c7ffff', '89194ad2003ffff', '89194ad2073ffff', '89194ad20c3ffff', '89194ad200fffff', '89194ad201bffff', '89194ad2013ffff', '89194ad200bffff'}",10.0,44.0
89194ad2023ffff,"{'89194ad2007ffff', '89194ad2027ffff', '89194ad21dbffff', '89194ad202fffff', '89194ad2077ffff', '89194ad203bffff', '89194ad215bffff', '89194ad2033ffff', '89194ad21cbffff', '89194ad2067ffff', '89194ad20afffff', '89194ad20abffff', '89194ad2023ffff', '89194ad202bffff', '89194ad200fffff', '89194ad2397ffff', '89194ad2037ffff', '89194ad2393ffff', '89194ad2153ffff'}",3.0,16.0
89194ad2027ffff,"{'89194ad214bffff', '89194ad21cfffff', '89194ad21dbffff', '89194ad2027ffff', '89194ad202fffff', '89194ad203bffff', '89194ad2033ffff', '89194ad215bffff', '89194ad2157ffff', '89194ad21cbffff', '89194ad20afffff', '89194ad2023ffff', '89194ad2143ffff', '89194ad202bffff', '89194ad21c3ffff', '89194ad2397ffff', '89194ad2037ffff', '89194ad2393ffff', '89194ad2153ffff'}",2.0,15.0
89194ad2037ffff,"{'89194ad21cfffff', '89194ad2007ffff', '89194ad2027ffff', '89194ad21dbffff', '89194ad202fffff', '89194ad203bffff', '89194ad215bffff', '89194ad2033ffff', '89194ad21cbffff', '89194ad20afffff', '89194ad20abffff', '89194ad2023ffff', '89194ad202bffff', '89194ad21d3ffff', '89194ad21c3ffff', '89194ad20a7ffff', '89194ad20a3ffff', '89194ad2037ffff', '89194ad2153ffff'}",2.0,10.0
89194ad203bffff,"{'89194ad2007ffff', '89194ad2027ffff', '89194ad2017ffff', '89194ad202fffff', '89194ad2077ffff', '89194ad203bffff', '89194ad2033ffff', '89194ad2067ffff', '89194ad20afffff', '89194ad20abffff', '89194ad2003ffff', '89194ad2073ffff', '89194ad2023ffff', '89194ad2063ffff', '89194ad202bffff', '89194ad200fffff', '89194ad2037ffff', '89194ad2393ffff', '89194ad200bffff'}",2.0,11.0
89194ad2047ffff,"{'89194ad205bffff', '89194ad207bffff', '89194ad2053ffff', '89194ad2057ffff', '89194ad20cfffff', '89194ad204fffff', '89194ad2047ffff', '89194ad22b3ffff', '89194ad2043ffff', '89194ad2073ffff', '89194ad2003ffff', '89194ad22b7ffff', '89194ad2063ffff', '89194ad206bffff', '89194ad200fffff', '89194ad201bffff', '89194ad204bffff', '89194ad2077ffff', '89194ad200bffff'}",1.0,24.0
89194ad204bffff,"{'89194ad205bffff', '89194ad207bffff', '89194ad2287ffff', '89194ad204bffff', '89194ad2297ffff', '89194ad228fffff', '89194ad2053ffff', '89194ad2057ffff', '89194ad204fffff', '89194ad2047ffff', '89194ad22b3ffff', '89194ad2293ffff', '89194ad2627ffff', '89194ad2283ffff', '89194ad22bbffff', '89194ad262fffff', '89194ad22b7ffff', '89194ad22a3ffff', '89194ad2043ffff'}",1.0,106.0
89194ad20abffff,"{'89194ad20b7ffff', '89194ad2007ffff', '89194ad21dbffff', '89194ad208fffff', '89194ad2017ffff', '89194ad203bffff', '89194ad2037ffff', '89194ad2033ffff', '89194ad20bbffff', '89194ad20afffff', '89194ad2087ffff', '89194ad20abffff', '89194ad20b3ffff', '89194ad2003ffff', '89194ad2023ffff', '89194ad200fffff', '89194ad20a7ffff', '89194ad20a3ffff', '89194ad2013ffff'}",1.0,10.0
89194ad20c7ffff,"{'89194ad20cbffff', '89194ad20d7ffff', '89194ad208fffff', '89194ad208bffff', '89194ad2017ffff', '89194ad20dbffff', '89194ad2053ffff', '89194ad2057ffff', '89194ad20cfffff', '89194ad20c7ffff', '89194ad209bffff', '89194ad2083ffff', '89194ad2003ffff', '89194ad246fffff', '89194ad20c3ffff', '89194ad20d3ffff', '89194ad201bffff', '89194ad2013ffff', '89194ad200bffff'}",22.0,44.0
89194ad20cfffff,"{'89194ad205bffff', '89194ad20cbffff', '89194ad20d7ffff', '89194ad208bffff', '89194ad20dbffff', '89194ad2053ffff', '89194ad2057ffff', '89194ad20cfffff', '89194ad2047ffff', '89194ad2637ffff', '89194ad2043ffff', '89194ad20c7ffff', '89194ad2627ffff', '89194ad2003ffff', '89194ad20c3ffff', '89194ad20d3ffff', '89194ad201bffff', '89194ad2013ffff', '89194ad200bffff'}",9.0,47.0
89194ad20dbffff,"{'89194ad20cbffff', '89194ad26a3ffff', '89194ad26abffff', '89194ad246bffff', '89194ad26afffff', '89194ad2623ffff', '89194ad20dbffff', '89194ad2053ffff', '89194ad20cfffff', '89194ad2637ffff', '89194ad2627ffff', '89194ad20c7ffff', '89194ad2633ffff', '89194ad26a7ffff', '89194ad246fffff', '89194ad20c3ffff', '89194ad20d3ffff', '89194ad26b7ffff', '89194ad20d7ffff'}",1.0,39.0
89194ad2203ffff,"{'89194ad228bffff', '89194ad2213ffff', '89194ad221bffff', '89194ad220bffff', '89194ad223bffff', '89194ad22cfffff', '89194ad2203ffff', '89194ad22abffff', '89194ad2217ffff', '89194ad2233ffff', '89194ad228fffff', '89194ad2207ffff', '89194ad22c7ffff', '89194ad2277ffff', '89194ad2273ffff', '89194ad22bbffff', '89194ad220fffff', '89194ad2247ffff', '89194ad2257ffff'}",10.0,56.0
89194ad2213ffff,"{'89194ad22c3ffff', '89194ad2287ffff', '89194ad2213ffff', '89194ad221bffff', '89194ad220bffff', '89194ad22cfffff', '89194ad2203ffff', '89194ad22abffff', '89194ad2217ffff', '89194ad228fffff', '89194ad2207ffff', '89194ad22c7ffff', '89194ad22d7ffff', '89194ad229bffff', '89194ad2283ffff', '89194ad22bbffff', '89194ad220fffff', '89194ad228bffff', '89194ad2257ffff'}",4.0,158.0
89194ad2217ffff,"{'89194ad2287ffff', '89194ad2213ffff', '89194ad221bffff', '89194ad220bffff', '89194ad223bffff', '89194ad2203ffff', '89194ad22abffff', '89194ad2233ffff', '89194ad2217ffff', '89194ad228fffff', '89194ad2207ffff', '89194ad22c7ffff', '89194ad22b3ffff', '89194ad2283ffff', '89194ad22afffff', '89194ad22bbffff', '89194ad22a3ffff', '89194ad220fffff', '89194ad228bffff'}",6.0,110.0
89194ad221bffff,"{'89194ad22c3ffff', '89194ad228bffff', '89194ad2213ffff', '89194ad220bffff', '89194ad221bffff', '89194ad22cfffff', '89194ad2203ffff', '89194ad2217ffff', '89194ad2243ffff', '89194ad228fffff', '89194ad2207ffff', '89194ad22c7ffff', '89194ad22d7ffff', '89194ad22cbffff', '89194ad2273ffff', '89194ad2253ffff', '89194ad220fffff', '89194ad2247ffff', '89194ad2257ffff'}",5.0,52.0
89194ad2223ffff,"{'89194ad2267ffff', '89194ad223bffff', '89194ad235bffff', '89194ad2237ffff', '89194ad22abffff', '89194ad2233ffff', '89194ad0493ffff', '89194ad23cbffff', '89194ad2207ffff', '89194ad2277ffff', '89194ad2227ffff', '89194ad222fffff', '89194ad2353ffff', '89194ad22afffff', '89194ad0497ffff', '89194ad222bffff', '89194ad2223ffff', '89194ad23dbffff', '89194ad220fffff'}",3.0,12.0
89194ad2237ffff,"{'89194ad223bffff', '89194ad235bffff', '89194ad2237ffff', '89194ad22abffff', '89194ad2233ffff', '89194ad23cbffff', '89194ad23c3ffff', '89194ad2207ffff', '89194ad2227ffff', '89194ad22a7ffff', '89194ad222fffff', '89194ad23d3ffff', '89194ad2353ffff', '89194ad22afffff', '89194ad222bffff', '89194ad2223ffff', '89194ad22a3ffff', '89194ad23dbffff', '89194ad23cfffff'}",3.0,20.0
89194ad223bffff,"{'89194ad2267ffff', '89194ad220bffff', '89194ad223bffff', '89194ad2263ffff', '89194ad2237ffff', '89194ad2203ffff', '89194ad22abffff', '89194ad2217ffff', '89194ad2233ffff', '89194ad0493ffff', '89194ad2207ffff', '89194ad2277ffff', '89194ad2273ffff', '89194ad2227ffff', '89194ad222fffff', '89194ad22afffff', '89194ad222bffff', '89194ad2223ffff', '89194ad220fffff'}",1.0,24.0
89194ad2247ffff,"{'89194ad221bffff', '89194ad220bffff', '89194ad2263ffff', '89194ad22cfffff', '89194ad2203ffff', '89194ad224fffff', '89194ad31b3ffff', '89194ad2243ffff', '89194ad227bffff', '89194ad31b7ffff', '89194ad2277ffff', '89194ad224bffff', '89194ad2273ffff', '89194ad225bffff', '89194ad226bffff', '89194ad2253ffff', '89194ad220fffff', '89194ad2247ffff', '89194ad2257ffff'}",2.0,18.0
89194ad226bffff,"{'89194ad2267ffff', '89194ad31afffff', '89194ad2263ffff', '89194ad04dbffff', '89194ad224fffff', '89194ad31a7ffff', '89194ad31b3ffff', '89194ad049bffff', '89194ad227bffff', '89194ad31b7ffff', '89194ad2277ffff', '89194ad2273ffff', '89194ad31a3ffff', '89194ad04c3ffff', '89194ad04d7ffff', '89194ad226bffff', '89194ad226fffff', '89194ad04d3ffff', '89194ad2247ffff'}",1.0,24.0
89194ad2283ffff,"{'89194ad205bffff', '89194ad2287ffff', '89194ad2213ffff', '89194ad2297ffff', '89194ad2217ffff', '89194ad228fffff', '89194ad266fffff', '89194ad22c7ffff', '89194ad2667ffff', '89194ad22b3ffff', '89194ad2293ffff', '89194ad229bffff', '89194ad22d7ffff', '89194ad262bffff', '89194ad2283ffff', '89194ad22bbffff', '89194ad262fffff', '89194ad228bffff', '89194ad204bffff'}",31.0,189.0
89194ad2287ffff,"{'89194ad205bffff', '89194ad2287ffff', '89194ad2213ffff', '89194ad2297ffff', '89194ad22abffff', '89194ad2217ffff', '89194ad228fffff', '89194ad204fffff', '89194ad22b3ffff', '89194ad2293ffff', '89194ad229bffff', '89194ad2043ffff', '89194ad2283ffff', '89194ad22bbffff', '89194ad262fffff', '89194ad22b7ffff', '89194ad22a3ffff', '89194ad228bffff', '89194ad204bffff'}",23.0,171.0
89194ad228bffff,"{'89194ad22c3ffff', '89194ad2287ffff', '89194ad2213ffff', '89194ad221bffff', '89194ad2297ffff', '89194ad22cfffff', '89194ad2203ffff', '89194ad22d3ffff', '89194ad2217ffff', '89194ad228fffff', '89194ad266fffff', '89194ad22c7ffff', '89194ad2667ffff', '89194ad22d7ffff', '89194ad2293ffff', '89194ad229bffff', '89194ad2283ffff', '89194ad22bbffff', '89194ad228bffff'}",10.0,212.0
89194ad228fffff,"{'89194ad2287ffff', '89194ad2213ffff', '89194ad221bffff', '89194ad2297ffff', '89194ad2203ffff', '89194ad22abffff', '89194ad2217ffff', '89194ad228fffff', '89194ad2207ffff', '89194ad22c7ffff', '89194ad22d7ffff', '89194ad22b3ffff', '89194ad2293ffff', '89194ad229bffff', '89194ad2283ffff', '89194ad22bbffff', '89194ad22a3ffff', '89194ad228bffff', '89194ad204bffff'}",7.0,189.0
89194ad2293ffff,"{'89194ad205bffff', '89194ad2287ffff', '89194ad2297ffff', '89194ad2663ffff', '89194ad228fffff', '89194ad2623ffff', '89194ad266fffff', '89194ad2667ffff', '89194ad22d7ffff', '89194ad229bffff', '89194ad2293ffff', '89194ad2627ffff', '89194ad262bffff', '89194ad2283ffff', '89194ad262fffff', '89194ad2677ffff', '89194ad263bffff', '89194ad228bffff', '89194ad204bffff'}",12.0,186.0
89194ad2297ffff,"{'89194ad205bffff', '89194ad2287ffff', '89194ad2297ffff', '89194ad228fffff', '89194ad2623ffff', '89194ad2053ffff', '89194ad204fffff', '89194ad2667ffff', '89194ad22b3ffff', '89194ad229bffff', '89194ad2293ffff', '89194ad2043ffff', '89194ad2627ffff', '89194ad262bffff', '89194ad2283ffff', '89194ad22bbffff', '89194ad262fffff', '89194ad228bffff', '89194ad204bffff'}",18.0,168.0
89194ad229bffff,"{'89194ad22c3ffff', '89194ad2287ffff', '89194ad2213ffff', '89194ad2297ffff', '89194ad2663ffff', '89194ad22d3ffff', '89194ad228fffff', '89194ad266fffff', '89194ad22c7ffff', '89194ad2667ffff', '89194ad22d7ffff', '89194ad2293ffff', '89194ad229bffff', '89194ad262bffff', '89194ad2283ffff', '89194ad262fffff', '89194ad2677ffff', '89194ad266bffff', '89194ad228bffff'}",47.0,191.0
89194ad22a3ffff,"{'89194ad207bffff', '89194ad2287ffff', '89194ad2237ffff', '89194ad22abffff', '89194ad2217ffff', '89194ad2233ffff', '89194ad228fffff', '89194ad2207ffff', '89194ad204fffff', '89194ad22b3ffff', '89194ad22a7ffff', '89194ad23d3ffff', '89194ad22afffff', '89194ad22bbffff', '89194ad22b7ffff', '89194ad22a3ffff', '89194ad23dbffff', '89194ad206bffff', '89194ad204bffff'}",1.0,54.0
89194ad22abffff,"{'89194ad2287ffff', '89194ad2213ffff', '89194ad223bffff', '89194ad2237ffff', '89194ad2203ffff', '89194ad2233ffff', '89194ad2217ffff', '89194ad22abffff', '89194ad228fffff', '89194ad2207ffff', '89194ad22b3ffff', '89194ad22a7ffff', '89194ad22afffff', '89194ad22bbffff', '89194ad2223ffff', '89194ad22b7ffff', '89194ad22a3ffff', '89194ad23dbffff', '89194ad220fffff'}",1.0,69.0
89194ad22b3ffff,"{'89194ad205bffff', '89194ad207bffff', '89194ad2287ffff', '89194ad2297ffff', '89194ad22abffff', '89194ad2217ffff', '89194ad228fffff', '89194ad204fffff', '89194ad2047ffff', '89194ad22b3ffff', '89194ad2043ffff', '89194ad2283ffff', '89194ad22a7ffff', '89194ad22afffff', '89194ad22bbffff', '89194ad22b7ffff', '89194ad22a3ffff', '89194ad206bffff', '89194ad204bffff'}",1.0,99.0
89194ad22b7ffff,"{'89194ad207bffff', '89194ad2287ffff', '89194ad22abffff', '89194ad204fffff', '89194ad2047ffff', '89194ad22b3ffff', '89194ad2043ffff', '89194ad206fffff', '89194ad22a7ffff', '89194ad23d3ffff', '89194ad22afffff', '89194ad2073ffff', '89194ad22bbffff', '89194ad22a3ffff', '89194ad2063ffff', '89194ad22b7ffff', '89194ad23dbffff', '89194ad206bffff', '89194ad204bffff'}",2.0,39.0
89194ad22bbffff,"{'89194ad2287ffff', '89194ad2213ffff', '89194ad2297ffff', '89194ad2203ffff', '89194ad22abffff', '89194ad2217ffff', '89194ad2233ffff', '89194ad228fffff', '89194ad2207ffff', '89194ad204fffff', '89194ad22b3ffff', '89194ad2283ffff', '89194ad22a7ffff', '89194ad22afffff', '89194ad22bbffff', '89194ad22b7ffff', '89194ad22a3ffff', '89194ad228bffff', '89194ad204bffff'}",7.0,122.0
89194ad22c3ffff,"{'89194ad22c3ffff', '89194ad2213ffff', '89194ad221bffff', '89194ad22cfffff', '89194ad22d3ffff', '89194ad266fffff', '89194ad22c7ffff', '89194ad22d7ffff', '89194ad229bffff', '89194ad35afffff', '89194ad3537ffff', '89194ad22cbffff', '89194ad3527ffff', '89194ad22dbffff', '89194ad2253ffff', '89194ad266bffff', '89194ad228bffff', '89194ad35a7ffff', '89194ad2257ffff'}",2.0,98.0
89194ad22c7ffff,"{'89194ad22c3ffff', '89194ad2213ffff', '89194ad221bffff', '89194ad220bffff', '89194ad22cfffff', '89194ad2203ffff', '89194ad22d3ffff', '89194ad2217ffff', '89194ad228fffff', '89194ad266fffff', '89194ad22c7ffff', '89194ad22d7ffff', '89194ad229bffff', '89194ad22cbffff', '89194ad2283ffff', '89194ad22dbffff', '89194ad2253ffff', '89194ad228bffff', '89194ad2257ffff'}",3.0,146.0
89194ad22cbffff,"{'89194ad22c3ffff', '89194ad221bffff', '89194ad352fffff', '89194ad22cfffff', '89194ad22d3ffff', '89194ad2243ffff', '89194ad22c7ffff', '89194ad22d7ffff', '89194ad3537ffff', '89194ad35afffff', '89194ad3527ffff', '89194ad22cbffff', '89194ad3533ffff', '89194ad225bffff', '89194ad3523ffff', '89194ad22dbffff', '89194ad2253ffff', '89194ad35a7ffff', '89194ad2257ffff'}",1.0,27.0
89194ad22d3ffff,"{'89194ad22c3ffff', '89194ad2663ffff', '89194ad22cfffff', '89194ad22d3ffff', '89194ad266fffff', '89194ad35b7ffff', '89194ad22c7ffff', '89194ad2667ffff', '89194ad22d7ffff', '89194ad229bffff', '89194ad35a3ffff', '89194ad35afffff', '89194ad3537ffff', '89194ad22cbffff', '89194ad22dbffff', '89194ad266bffff', '89194ad267bffff', '89194ad228bffff', '89194ad35a7ffff'}",8.0,115.0
89194ad22d7ffff,"{'89194ad22c3ffff', '89194ad2213ffff', '89194ad221bffff', '89194ad2663ffff', '89194ad22cfffff', '89194ad22d3ffff', '89194ad228fffff', '89194ad266fffff', '89194ad22c7ffff', '89194ad2667ffff', '89194ad22d7ffff', '89194ad2293ffff', '89194ad229bffff', '89194ad22cbffff', '89194ad2283ffff', '89194ad22dbffff', '89194ad266bffff', '89194ad228bffff', '89194ad35a7ffff'}",2.0,154.0
89194ad230bffff,"{'89194ad2313ffff', '89194ad2377ffff', '89194ad233bffff', '89194ad23c7ffff', '89194ad2363ffff', '89194ad2307ffff', '89194ad234fffff', '89194ad231bffff', '89194ad230bffff', '89194ad237bffff', '89194ad2353ffff', '89194ad2317ffff', '89194ad2303ffff', '89194ad2357ffff', '89194ad2347ffff', '89194ad23cfffff', '89194ad230fffff', '89194ad2343ffff', '89194ad2373ffff'}",3.0,75.0
89194ad231bffff,"{'89194ad2313ffff', '89194ad23c7ffff', '89194ad2307ffff', '89194ad23cbffff', '89194ad23c3ffff', '89194ad230fffff', '89194ad23d7ffff', '89194ad231bffff', '89194ad230bffff', '89194ad2353ffff', '89194ad2317ffff', '89194ad2303ffff', '89194ad238fffff', '89194ad2357ffff', '89194ad2347ffff', '89194ad23cfffff', '89194ad238bffff', '89194ad2343ffff', '89194ad2373ffff'}",26.0,73.0
89194ad2343ffff,"{'89194ad235bffff', '89194ad04b3ffff', '89194ad23cbffff', '89194ad04b7ffff', '89194ad234fffff', '89194ad231bffff', '89194ad0487ffff', '89194ad230bffff', '89194ad2227ffff', '89194ad234bffff', '89194ad237bffff', '89194ad222fffff', '89194ad2353ffff', '89194ad0497ffff', '89194ad2357ffff', '89194ad2347ffff', '89194ad23cfffff', '89194ad2343ffff', '89194ad2373ffff'}",2.0,96.0
89194ad2347ffff,"{'89194ad2377ffff', '89194ad235bffff', '89194ad2363ffff', '89194ad04b3ffff', '89194ad236bffff', '89194ad04b7ffff', '89194ad234fffff', '89194ad231bffff', '89194ad230bffff', '89194ad234bffff', '89194ad237bffff', '89194ad2353ffff', '89194ad2303ffff', '89194ad2357ffff', '89194ad2347ffff', '89194ad23cfffff', '89194ad230fffff', '89194ad2343ffff', '89194ad2373ffff'}",5.0,96.0
89194ad234bffff,"{'89194ad048fffff', '89194ad04a3ffff', '89194ad235bffff', '89194ad04b3ffff', '89194ad0493ffff', '89194ad04b7ffff', '89194ad234fffff', '89194ad0487ffff', '89194ad2227ffff', '89194ad234bffff', '89194ad237bffff', '89194ad222fffff', '89194ad2353ffff', '89194ad0497ffff', '89194ad04bbffff', '89194ad2357ffff', '89194ad2347ffff', '89194ad0483ffff', '89194ad2343ffff'}",3.0,96.0
89194ad234fffff,"{'89194ad04a3ffff', '89194ad235bffff', '89194ad2363ffff', '89194ad04b3ffff', '89194ad236bffff', '89194ad04b7ffff', '89194ad234fffff', '89194ad04a7ffff', '89194ad0487ffff', '89194ad230bffff', '89194ad234bffff', '89194ad237bffff', '89194ad2353ffff', '89194ad0497ffff', '89194ad04bbffff', '89194ad2357ffff', '89194ad2347ffff', '89194ad2343ffff', '89194ad2373ffff'}",3.0,116.0
89194ad2353ffff,"{'89194ad235bffff', '89194ad23c7ffff', '89194ad2237ffff', '89194ad23cbffff', '89194ad23c3ffff', '89194ad234fffff', '89194ad231bffff', '89194ad230bffff', '89194ad2227ffff', '89194ad234bffff', '89194ad222fffff', '89194ad2353ffff', '89194ad0497ffff', '89194ad2223ffff', '89194ad23dbffff', '89194ad2357ffff', '89194ad2347ffff', '89194ad23cfffff', '89194ad2343ffff'}",2.0,82.0
89194ad2357ffff,"{'89194ad2313ffff', '89194ad235bffff', '89194ad23c7ffff', '89194ad23cbffff', '89194ad23c3ffff', '89194ad234fffff', '89194ad231bffff', '89194ad230bffff', '89194ad2227ffff', '89194ad234bffff', '89194ad237bffff', '89194ad2353ffff', '89194ad2303ffff', '89194ad2357ffff', '89194ad2347ffff', '89194ad23cfffff', '89194ad230fffff', '89194ad2343ffff', '89194ad2373ffff'}",25.0,77.0
89194ad2363ffff,"{'89194ad2367ffff', '89194ad2377ffff', '89194ad059bffff', '89194ad233bffff', '89194ad2363ffff', '89194ad0593ffff', '89194ad236bffff', '89194ad04b7ffff', '89194ad234fffff', '89194ad04a7ffff', '89194ad05d3ffff', '89194ad2347ffff', '89194ad236fffff', '89194ad230bffff', '89194ad237bffff', '89194ad05d7ffff', '89194ad232bffff', '89194ad230fffff', '89194ad2373ffff'}",3.0,36.0
89194ad236bffff,"{'89194ad04afffff', '89194ad04a3ffff', '89194ad2367ffff', '89194ad059bffff', '89194ad2377ffff', '89194ad2363ffff', '89194ad04b3ffff', '89194ad236bffff', '89194ad04b7ffff', '89194ad234fffff', '89194ad04a7ffff', '89194ad05d3ffff', '89194ad2347ffff', '89194ad236fffff', '89194ad237bffff', '89194ad05d7ffff', '89194ad05dbffff', '89194ad05c3ffff', '89194ad2373ffff'}",11.0,57.0
89194ad236fffff,"{'89194ad2367ffff', '89194ad059bffff', '89194ad2377ffff', '89194ad0583ffff', '89194ad2363ffff', '89194ad232bffff', '89194ad0593ffff', '89194ad236bffff', '89194ad05c7ffff', '89194ad04b7ffff', '89194ad04a7ffff', '89194ad05d3ffff', '89194ad236fffff', '89194ad058bffff', '89194ad05d7ffff', '89194ad237bffff', '89194ad05dbffff', '89194ad05c3ffff', '89194ad2373ffff'}",2.0,36.0
89194ad2373ffff,"{'89194ad2377ffff', '89194ad2367ffff', '89194ad233bffff', '89194ad2363ffff', '89194ad2307ffff', '89194ad236bffff', '89194ad04b7ffff', '89194ad234fffff', '89194ad231bffff', '89194ad2347ffff', '89194ad236fffff', '89194ad230bffff', '89194ad237bffff', '89194ad2303ffff', '89194ad2357ffff', '89194ad232bffff', '89194ad230fffff', '89194ad2343ffff', '89194ad2373ffff'}",1.0,85.0
89194ad2383ffff,"{'89194ad2383ffff', '89194ad2313ffff', '89194ad23c7ffff', '89194ad214bffff', '89194ad202fffff', '89194ad23d7ffff', '89194ad215bffff', '89194ad206fffff', '89194ad2067ffff', '89194ad23b3ffff', '89194ad23bbffff', '89194ad2317ffff', '89194ad239bffff', '89194ad202bffff', '89194ad238fffff', '89194ad2387ffff', '89194ad2397ffff', '89194ad238bffff', '89194ad2393ffff'}",17.0,28.0
89194ad238bffff,"{'89194ad2383ffff', '89194ad2313ffff', '89194ad23c7ffff', '89194ad23c3ffff', '89194ad23d7ffff', '89194ad231bffff', '89194ad206fffff', '89194ad2067ffff', '89194ad23d3ffff', '89194ad23bbffff', '89194ad2317ffff', '89194ad2303ffff', '89194ad239bffff', '89194ad238fffff', '89194ad2387ffff', '89194ad2397ffff', '89194ad23cfffff', '89194ad238bffff', '89194ad2393ffff'}",2.0,61.0
89194ad2397ffff,"{'89194ad2383ffff', '89194ad214bffff', '89194ad214fffff', '89194ad2027ffff', '89194ad202fffff', '89194ad215bffff', '89194ad2067ffff', '89194ad23b3ffff', '89194ad23bbffff', '89194ad2023ffff', '89194ad2143ffff', '89194ad202bffff', '89194ad239bffff', '89194ad238fffff', '89194ad2387ffff', '89194ad2397ffff', '89194ad238bffff', '89194ad2393ffff', '89194ad2153ffff'}",6.0,33.0
89194ad239bffff,"{'89194ad2383ffff', '89194ad2313ffff', '89194ad23c7ffff', '89194ad202fffff', '89194ad23c3ffff', '89194ad23d7ffff', '89194ad206fffff', '89194ad2067ffff', '89194ad23d3ffff', '89194ad2063ffff', '89194ad202bffff', '89194ad238fffff', '89194ad206bffff', '89194ad239bffff', '89194ad2387ffff', '89194ad2393ffff', '89194ad2397ffff', '89194ad238bffff', '89194ad2077ffff'}",3.0,30.0
89194ad23cbffff,"{'89194ad235bffff', '89194ad23c7ffff', '89194ad2237ffff', '89194ad2233ffff', '89194ad23cbffff', '89194ad23c3ffff', '89194ad23d7ffff', '89194ad231bffff', '89194ad2227ffff', '89194ad22a7ffff', '89194ad222fffff', '89194ad23d3ffff', '89194ad2353ffff', '89194ad22afffff', '89194ad2223ffff', '89194ad23dbffff', '89194ad2357ffff', '89194ad23cfffff', '89194ad2343ffff'}",2.0,70.0
89194ad23cfffff,"{'89194ad2313ffff', '89194ad235bffff', '89194ad23c7ffff', '89194ad2237ffff', '89194ad23cbffff', '89194ad23c3ffff', '89194ad23d7ffff', '89194ad231bffff', '89194ad230bffff', '89194ad2227ffff', '89194ad23d3ffff', '89194ad2353ffff', '89194ad2303ffff', '89194ad23dbffff', '89194ad2357ffff', '89194ad2347ffff', '89194ad23cfffff', '89194ad238bffff', '89194ad2343ffff'}",5.0,77.0
89194ad23d3ffff,"{'89194ad207bffff', '89194ad23c7ffff', '89194ad2237ffff', '89194ad23cbffff', '89194ad23c3ffff', '89194ad23d7ffff', '89194ad206fffff', '89194ad22a7ffff', '89194ad2067ffff', '89194ad23d3ffff', '89194ad22afffff', '89194ad22b7ffff', '89194ad2063ffff', '89194ad239bffff', '89194ad22a3ffff', '89194ad23dbffff', '89194ad206bffff', '89194ad23cfffff', '89194ad238bffff'}",2.0,20.0
89194ad2603ffff,"{'89194ad2613ffff', '89194ad26abffff', '89194ad268bffff', '89194ad2607ffff', '89194ad2657ffff', '89194ad260bffff', '89194ad268fffff', '89194ad260fffff', '89194ad2647ffff', '89194ad261bffff', '89194ad2633ffff', '89194ad26c7ffff', '89194ad2677ffff', '89194ad26bbffff', '89194ad26cfffff', '89194ad2673ffff', '89194ad263bffff', '89194ad2603ffff', '89194ad2617ffff'}",1.0,38.0
89194ad2607ffff,"{'89194ad26a3ffff', '89194ad2613ffff', '89194ad26abffff', '89194ad2607ffff', '89194ad26afffff', '89194ad2623ffff', '89194ad2637ffff', '89194ad260bffff', '89194ad268fffff', '89194ad262bffff', '89194ad260fffff', '89194ad261bffff', '89194ad2633ffff', '89194ad2677ffff', '89194ad26bbffff', '89194ad2673ffff', '89194ad263bffff', '89194ad2603ffff', '89194ad2617ffff'}",7.0,39.0
89194ad260bffff,"{'89194ad2613ffff', '89194ad2663ffff', '89194ad2607ffff', '89194ad2657ffff', '89194ad264fffff', '89194ad2643ffff', '89194ad260bffff', '89194ad260fffff', '89194ad2647ffff', '89194ad261bffff', '89194ad26c7ffff', '89194ad2677ffff', '89194ad2653ffff', '89194ad26cfffff', '89194ad2673ffff', '89194ad267bffff', '89194ad263bffff', '89194ad2603ffff', '89194ad2617ffff'}",2.0,39.0
89194ad260fffff,"{'89194ad2613ffff', '89194ad2663ffff', '89194ad26abffff', '89194ad2607ffff', '89194ad2657ffff', '89194ad2623ffff', '89194ad2667ffff', '89194ad260bffff', '89194ad262bffff', '89194ad260fffff', '89194ad2647ffff', '89194ad261bffff', '89194ad2633ffff', '89194ad2677ffff', '89194ad2673ffff', '89194ad267bffff', '89194ad263bffff', '89194ad2603ffff', '89194ad2617ffff'}",8.0,47.0
89194ad2613ffff,"{'89194ad2687ffff', '89194ad2613ffff', '89194ad268bffff', '89194ad26abffff', '89194ad2607ffff', '89194ad2657ffff', '89194ad269bffff', '89194ad26d7ffff', '89194ad2683ffff', '89194ad268fffff', '89194ad260bffff', '89194ad260fffff', '89194ad261bffff', '89194ad26c7ffff', '89194ad26bbffff', '89194ad26cfffff', '89194ad2617ffff', '89194ad2603ffff', '89194ad26c3ffff'}",1.0,20.0
89194ad2623ffff,"{'89194ad205bffff', '89194ad20cbffff', '89194ad2297ffff', '89194ad26abffff', '89194ad2607ffff', '89194ad26afffff', '89194ad2623ffff', '89194ad20dbffff', '89194ad2053ffff', '89194ad2667ffff', '89194ad2293ffff', '89194ad2637ffff', '89194ad2627ffff', '89194ad262bffff', '89194ad260fffff', '89194ad2633ffff', '89194ad262fffff', '89194ad2677ffff', '89194ad263bffff'}",2.0,73.0
89194ad2627ffff,"{'89194ad205bffff', '89194ad20cbffff', '89194ad2297ffff', '89194ad26afffff', '89194ad2623ffff', '89194ad20dbffff', '89194ad2053ffff', '89194ad2057ffff', '89194ad20cfffff', '89194ad2293ffff', '89194ad2637ffff', '89194ad2043ffff', '89194ad2627ffff', '89194ad262bffff', '89194ad2633ffff', '89194ad262fffff', '89194ad20c3ffff', '89194ad263bffff', '89194ad204bffff'}",2.0,59.0
89194ad2633ffff,"{'89194ad20cbffff', '89194ad26a3ffff', '89194ad26abffff', '89194ad2607ffff', '89194ad26afffff', '89194ad2623ffff', '89194ad20dbffff', '89194ad2637ffff', '89194ad2627ffff', '89194ad262bffff', '89194ad260fffff', '89194ad2633ffff', '89194ad26a7ffff', '89194ad262fffff', '89194ad2677ffff', '89194ad26bbffff', '89194ad263bffff', '89194ad2603ffff', '89194ad2617ffff'}",2.0,37.0
89194ad2637ffff,"{'89194ad205bffff', '89194ad20cbffff', '89194ad26a3ffff', '89194ad26abffff', '89194ad2607ffff', '89194ad26afffff', '89194ad2623ffff', '89194ad20dbffff', '89194ad2053ffff', '89194ad20cfffff', '89194ad2637ffff', '89194ad2627ffff', '89194ad262bffff', '89194ad2633ffff', '89194ad26a7ffff', '89194ad262fffff', '89194ad20c3ffff', '89194ad20d3ffff', '89194ad263bffff'}",1.0,35.0
89194ad263bffff,"{'89194ad2663ffff', '89194ad26abffff', '89194ad2607ffff', '89194ad26afffff', '89194ad2623ffff', '89194ad2667ffff', '89194ad2293ffff', '89194ad2637ffff', '89194ad260bffff', '89194ad2627ffff', '89194ad262bffff', '89194ad260fffff', '89194ad2633ffff', '89194ad262fffff', '89194ad2677ffff', '89194ad2673ffff', '89194ad263bffff', '89194ad2603ffff', '89194ad2617ffff'}",11.0,60.0
89194ad2643ffff,"{'89194ad3587ffff', '89194ad2657ffff', '89194ad3597ffff', '89194ad264bffff', '89194e69b27ffff', '89194ad26cbffff', '89194e69b2fffff', '89194ad35b7ffff', '89194ad264fffff', '89194ad265bffff', '89194ad2643ffff', '89194ad260bffff', '89194ad2647ffff', '89194ad261bffff', '89194ad35b3ffff', '89194ad2673ffff', '89194ad2653ffff', '89194ad26cfffff', '89194ad267bffff'}",2.0,25.0
89194ad2647ffff,"{'89194ad2663ffff', '89194ad2657ffff', '89194ad264bffff', '89194ad35b7ffff', '89194ad264fffff', '89194ad265bffff', '89194ad2643ffff', '89194ad266bffff', '89194ad260bffff', '89194ad260fffff', '89194ad2647ffff', '89194ad261bffff', '89194ad35b3ffff', '89194ad2677ffff', '89194ad2653ffff', '89194ad26cfffff', '89194ad2673ffff', '89194ad267bffff', '89194ad2603ffff'}",1.0,38.0
89194ad265bffff,"{'89194ad3587ffff', '89194ad3597ffff', '89194ad2657ffff', '89194ad264bffff', '89194e69b27ffff', '89194e69b37ffff', '89194ad26cbffff', '89194e69b2fffff', '89194ad264fffff', '89194ad265bffff', '89194ad2643ffff', '89194ad3593ffff', '89194ad2647ffff', '89194e69b23ffff', '89194ad3583ffff', '89194ad35b3ffff', '89194e69b2bffff', '89194ad2653ffff', '89194ad26cfffff'}",3.0,37.0
89194ad2663ffff,"{'89194ad2663ffff', '89194ad22d3ffff', '89194ad266fffff', '89194ad35b7ffff', '89194ad2667ffff', '89194ad264fffff', '89194ad229bffff', '89194ad2293ffff', '89194ad22d7ffff', '89194ad260bffff', '89194ad262bffff', '89194ad260fffff', '89194ad2647ffff', '89194ad2677ffff', '89194ad2673ffff', '89194ad266bffff', '89194ad267bffff', '89194ad263bffff', '89194ad35a7ffff'}",1.0,126.0
89194ad2667ffff,"{'89194ad2297ffff', '89194ad2663ffff', '89194ad22d3ffff', '89194ad2623ffff', '89194ad266fffff', '89194ad22d7ffff', '89194ad2667ffff', '89194ad2293ffff', '89194ad229bffff', '89194ad262bffff', '89194ad260fffff', '89194ad2283ffff', '89194ad262fffff', '89194ad2677ffff', '89194ad2673ffff', '89194ad266bffff', '89194ad267bffff', '89194ad228bffff', '89194ad263bffff'}",7.0,175.0
89194ad266bffff,"{'89194ad22c3ffff', '89194ad2663ffff', '89194ad22d3ffff', '89194ad266fffff', '89194ad35b7ffff', '89194ad2667ffff', '89194ad22d7ffff', '89194ad229bffff', '89194ad264fffff', '89194ad35a3ffff', '89194ad35afffff', '89194ad2647ffff', '89194ad35b3ffff', '89194ad22dbffff', '89194ad2677ffff', '89194ad2673ffff', '89194ad266bffff', '89194ad267bffff', '89194ad35a7ffff'}",4.0,107.0
89194ad266fffff,"{'89194ad22c3ffff', '89194ad2663ffff', '89194ad22d3ffff', '89194ad266fffff', '89194ad35b7ffff', '89194ad22c7ffff', '89194ad2667ffff', '89194ad22d7ffff', '89194ad2293ffff', '89194ad229bffff', '89194ad262bffff', '89194ad2283ffff', '89194ad22dbffff', '89194ad2677ffff', '89194ad2673ffff', '89194ad266bffff', '89194ad267bffff', '89194ad228bffff', '89194ad35a7ffff'}",10.0,150.0
89194ad2673ffff,"{'89194ad2663ffff', '89194ad2607ffff', '89194ad2657ffff', '89194ad266fffff', '89194ad35b7ffff', '89194ad2667ffff', '89194ad264fffff', '89194ad2643ffff', '89194ad260bffff', '89194ad262bffff', '89194ad260fffff', '89194ad2647ffff', '89194ad261bffff', '89194ad2677ffff', '89194ad263bffff', '89194ad2673ffff', '89194ad266bffff', '89194ad267bffff', '89194ad2603ffff'}",2.0,67.0
89194ad2677ffff,"{'89194ad2663ffff', '89194ad2607ffff', '89194ad2623ffff', '89194ad266fffff', '89194ad2667ffff', '89194ad2293ffff', '89194ad229bffff', '89194ad260bffff', '89194ad262bffff', '89194ad260fffff', '89194ad2647ffff', '89194ad2633ffff', '89194ad262fffff', '89194ad2673ffff', '89194ad263bffff', '89194ad2677ffff', '89194ad266bffff', '89194ad267bffff', '89194ad2603ffff'}",2.0,119.0
89194ad26cfffff,"{'89194ad2613ffff', '89194ad268bffff', '89194ad26d3ffff', '89194ad2657ffff', '89194e69b37ffff', '89194ad26dbffff', '89194e69b27ffff', '89194ad26d7ffff', '89194ad26cbffff', '89194ad265bffff', '89194ad2643ffff', '89194ad260bffff', '89194ad2647ffff', '89194ad261bffff', '89194ad26c7ffff', '89194ad2653ffff', '89194ad26cfffff', '89194ad2603ffff', '89194ad26c3ffff'}",1.0,14.0
89194ad2a43ffff,"{'89194ad2acfffff', '89194ad2a73ffff', '89194ad2a5bffff', '89194ad2a4fffff', '89194ad01b7ffff', '89194ad2a7bffff', '89194ad0527ffff', '89194ad2a53ffff', '89194ad0197ffff', '89194ad01b3ffff', '89194ad2a57ffff', '89194ad2a43ffff', '89194ad2acbffff', '89194ad2a1bffff', '89194ad2a0bffff', '89194ad2a4bffff', '89194ad2a47ffff', '89194ad0187ffff', '89194ad052fffff'}",3.0,18.0
89194ad2a4fffff,"{'89194ad2a6bffff', '89194ad2a73ffff', '89194ad01bbffff', '89194ad2a5bffff', '89194ad2a4fffff', '89194ad01b7ffff', '89194ad2a7bffff', '89194ad2a53ffff', '89194ad01a3ffff', '89194ad0197ffff', '89194ad01b3ffff', '89194ad2a57ffff', '89194ad2a63ffff', '89194ad2a43ffff', '89194ad2a0bffff', '89194ad2a4bffff', '89194ad2a47ffff', '89194ad0187ffff', '89194ad01a7ffff'}",9.0,18.0
89194ad2a57ffff,"{'89194ad2acfffff', '89194ad2a73ffff', '89194ad2a5bffff', '89194ad2a4fffff', '89194ad2a7bffff', '89194ad2a0fffff', '89194ad0527ffff', '89194ad2a53ffff', '89194ad2a57ffff', '89194ad2a03ffff', '89194ad2ac3ffff', '89194ad2a13ffff', '89194ad2a43ffff', '89194ad2acbffff', '89194ad2a1bffff', '89194ad2ac7ffff', '89194ad2a0bffff', '89194ad2a4bffff', '89194ad2a47ffff'}",3.0,15.0
89194ad2e4fffff,"{'89194ad2e43ffff', '89194ad2e57ffff', '89194ad2e0bffff', '89194ad2e5bffff', '89194ad2e73ffff', '89194ad2e7bffff', '89194ad2e6bffff', '89194ad05a7ffff', '89194ad2e53ffff', '89194ad05b3ffff', '89194ad05b7ffff', '89194ad2e4fffff', '89194ad2e47ffff', '89194ad2e63ffff', '89194ad05a3ffff', '89194ad0587ffff', '89194ad2e4bffff', '89194ad05bbffff', '89194ad0597ffff'}",1.0,31.0
89194ad2e53ffff,"{'89194ad2e43ffff', '89194ad2ec3ffff', '89194ad2e57ffff', '89194ad2323ffff', '89194ad2e0bffff', '89194ad2e5bffff', '89194ad2e4fffff', '89194ad2e53ffff', '89194ad2ecfffff', '89194ad232fffff', '89194ad2ec7ffff', '89194ad2ecbffff', '89194ad2327ffff', '89194ad2e47ffff', '89194ad2edbffff', '89194ad2e1bffff', '89194ad2e4bffff', '89194ad0597ffff', '89194ad2337ffff'}",8.0,19.0
89194ad2e57ffff,"{'89194ad2e43ffff', '89194ad2ec3ffff', '89194ad2e57ffff', '89194ad2e0bffff', '89194ad2e5bffff', '89194ad2e03ffff', '89194ad2e0fffff', '89194ad2e73ffff', '89194ad2e7bffff', '89194ad2e4fffff', '89194ad2e53ffff', '89194ad2ecfffff', '89194ad2ec7ffff', '89194ad2ecbffff', '89194ad2327ffff', '89194ad2e47ffff', '89194ad2e1bffff', '89194ad2e4bffff', '89194ad2e13ffff'}",2.0,19.0
89194ad2ecbffff,"{'89194ad2e43ffff', '89194ad2ec3ffff', '89194ad23a7ffff', '89194ad2e57ffff', '89194ad2323ffff', '89194ad2e5bffff', '89194ad2e53ffff', '89194ad23afffff', '89194ad2ecfffff', '89194ad232fffff', '89194ad2ec7ffff', '89194ad2ecbffff', '89194ad2327ffff', '89194ad2333ffff', '89194ad2ed3ffff', '89194ad2edbffff', '89194ad2e1bffff', '89194ad2ed7ffff', '89194ad2337ffff'}",3.0,18.0
89194ad2ecfffff,"{'89194ad2e43ffff', '89194ad2ec3ffff', '89194ad2e57ffff', '89194ad2e0bffff', '89194ad2e5bffff', '89194ad2e03ffff', '89194ad2e53ffff', '89194ad2ecfffff', '89194ad2ec7ffff', '89194ad2ecbffff', '89194ad2327ffff', '89194ad2e47ffff', '89194ad2ed3ffff', '89194ad2e8bffff', '89194ad2edbffff', '89194ad2e1bffff', '89194ad2ed7ffff', '89194ad2e13ffff', '89194ad2337ffff'}",5.0,18.0
89194ad3003ffff,"{'89194ad3003ffff', '89194ad3047ffff', '89194ad301bffff', '89194ad3033ffff', '89194ad3017ffff', '89194ad308fffff', '89194ad300bffff', '89194ad30abffff', '89194ad30cfffff', '89194ad3013ffff', '89194ad3073ffff', '89194ad308bffff', '89194ad303bffff', '89194ad30bbffff', '89194ad3007ffff', '89194ad3057ffff', '89194ad300fffff', '89194ad30c7ffff', '89194ad3077ffff'}",27.0,465.0
89194ad3007ffff,"{'89194ad3003ffff', '89194ad301bffff', '89194ad302bffff', '89194ad3033ffff', '89194ad3017ffff', '89194ad308fffff', '89194ad300bffff', '89194ad30abffff', '89194ad3023ffff', '89194ad30a3ffff', '89194ad3013ffff', '89194ad3073ffff', '89194ad3037ffff', '89194ad303bffff', '89194ad30bbffff', '89194ad3007ffff', '89194ad300fffff', '89194ad30afffff', '89194ad3077ffff'}",7.0,291.0
89194ad300bffff,"{'89194ad3003ffff', '89194ad3047ffff', '89194ad301bffff', '89194ad304fffff', '89194ad3017ffff', '89194ad300bffff', '89194ad307bffff', '89194ad30cfffff', '89194ad3013ffff', '89194ad3053ffff', '89194ad3073ffff', '89194ad3043ffff', '89194ad3063ffff', '89194ad303bffff', '89194ad3007ffff', '89194ad3057ffff', '89194ad300fffff', '89194ad30c7ffff', '89194ad3077ffff'}",43.0,448.0
89194ad300fffff,"{'89194ad3003ffff', '89194ad3047ffff', '89194ad301bffff', '89194ad302bffff', '89194ad3033ffff', '89194ad3017ffff', '89194ad300bffff', '89194ad307bffff', '89194ad3023ffff', '89194ad30abffff', '89194ad3067ffff', '89194ad3013ffff', '89194ad3073ffff', '89194ad3063ffff', '89194ad303bffff', '89194ad3007ffff', '89194ad3057ffff', '89194ad300fffff', '89194ad3077ffff'}",27.0,337.0
89194ad3013ffff,"{'89194ad3087ffff', '89194ad3003ffff', '89194ad301bffff', '89194ad3017ffff', '89194ad30d7ffff', '89194ad308fffff', '89194ad3083ffff', '89194ad300bffff', '89194ad30abffff', '89194ad30cfffff', '89194ad3013ffff', '89194ad308bffff', '89194ad30c3ffff', '89194ad30bbffff', '89194ad3007ffff', '89194ad3057ffff', '89194ad300fffff', '89194ad30c7ffff', '89194ad309bffff'}",42.0,602.0
89194ad3017ffff,"{'89194ad3003ffff', '89194ad301bffff', '89194ad3033ffff', '89194ad3017ffff', '89194ad308fffff', '89194ad3083ffff', '89194ad300bffff', '89194ad30abffff', '89194ad30a3ffff', '89194ad3013ffff', '89194ad308bffff', '89194ad303bffff', '89194ad30bbffff', '89194ad3007ffff', '89194ad300fffff', '89194ad30afffff', '89194ad30c7ffff', '89194ad30b3ffff', '89194ad3087ffff'}",8.0,448.0
89194ad301bffff,"{'89194ad3003ffff', '89194ad3047ffff', '89194ad301bffff', '89194ad3017ffff', '89194ad30d7ffff', '89194ad308fffff', '89194ad300bffff', '89194ad30cfffff', '89194ad3013ffff', '89194ad3053ffff', '89194ad308bffff', '89194ad30c3ffff', '89194ad3043ffff', '89194ad3007ffff', '89194ad3057ffff', '89194ad300fffff', '89194ad30c7ffff', '89194ad30cbffff', '89194ad3073ffff'}",12.0,544.0
89194ad3023ffff,"{'89194ad302bffff', '89194ad3033ffff', '89194ad31cbffff', '89194ad30abffff', '89194ad3023ffff', '89194ad3393ffff', '89194ad3067ffff', '89194ad3153ffff', '89194ad315bffff', '89194ad31dbffff', '89194ad3037ffff', '89194ad303bffff', '89194ad3007ffff', '89194ad300fffff', '89194ad3397ffff', '89194ad30afffff', '89194ad302fffff', '89194ad3027ffff', '89194ad3077ffff'}",8.0,165.0
89194ad3027ffff,"{'89194ad31cfffff', '89194ad31c3ffff', '89194ad302bffff', '89194ad3033ffff', '89194ad3027ffff', '89194ad31cbffff', '89194ad3023ffff', '89194ad3393ffff', '89194ad3153ffff', '89194ad315bffff', '89194ad3143ffff', '89194ad31dbffff', '89194ad3037ffff', '89194ad303bffff', '89194ad3397ffff', '89194ad30afffff', '89194ad302fffff', '89194ad3157ffff', '89194ad314bffff'}",2.0,112.0
89194ad302bffff,"{'89194ad302bffff', '89194ad3033ffff', '89194ad3023ffff', '89194ad3393ffff', '89194ad3067ffff', '89194ad315bffff', '89194ad3073ffff', '89194ad3063ffff', '89194ad306fffff', '89194ad3383ffff', '89194ad303bffff', '89194ad3037ffff', '89194ad3007ffff', '89194ad300fffff', '89194ad3397ffff', '89194ad339bffff', '89194ad302fffff', '89194ad3027ffff', '89194ad3077ffff'}",21.0,242.0
89194ad302fffff,"{'89194ad302bffff', '89194ad3033ffff', '89194ad3027ffff', '89194ad31cbffff', '89194ad3387ffff', '89194ad3023ffff', '89194ad3393ffff', '89194ad3067ffff', '89194ad3153ffff', '89194ad315bffff', '89194ad3143ffff', '89194ad3383ffff', '89194ad3037ffff', '89194ad303bffff', '89194ad3397ffff', '89194ad339bffff', '89194ad302fffff', '89194ad314bffff', '89194ad3077ffff'}",9.0,164.0
89194ad3033ffff,"{'89194ad3003ffff', '89194ad302bffff', '89194ad3033ffff', '89194ad3017ffff', '89194ad31cbffff', '89194ad30a7ffff', '89194ad30abffff', '89194ad3023ffff', '89194ad30a3ffff', '89194ad31dbffff', '89194ad3037ffff', '89194ad303bffff', '89194ad30bbffff', '89194ad3007ffff', '89194ad300fffff', '89194ad30afffff', '89194ad302fffff', '89194ad3027ffff', '89194ad3077ffff'}",14.0,160.0
89194ad303bffff,"{'89194ad3003ffff', '89194ad302bffff', '89194ad3033ffff', '89194ad3017ffff', '89194ad300bffff', '89194ad30abffff', '89194ad3023ffff', '89194ad3393ffff', '89194ad3067ffff', '89194ad3073ffff', '89194ad3063ffff', '89194ad3037ffff', '89194ad303bffff', '89194ad3007ffff', '89194ad300fffff', '89194ad30afffff', '89194ad302fffff', '89194ad3027ffff', '89194ad3077ffff'}",2.0,254.0
89194ad3043ffff,"{'89194ad3627ffff', '89194ad3047ffff', '89194ad301bffff', '89194ad305bffff', '89194ad304fffff', '89194ad32b7ffff', '89194ad300bffff', '89194ad307bffff', '89194ad304bffff', '89194ad30cfffff', '89194ad3053ffff', '89194ad32b3ffff', '89194ad3043ffff', '89194ad3057ffff', '89194ad3297ffff', '89194ad362fffff', '89194ad30cbffff', '89194ad3287ffff', '89194ad3073ffff'}",28.0,361.0
89194ad3047ffff,"{'89194ad3003ffff', '89194ad3047ffff', '89194ad301bffff', '89194ad305bffff', '89194ad304fffff', '89194ad32b7ffff', '89194ad300bffff', '89194ad307bffff', '89194ad304bffff', '89194ad30cfffff', '89194ad3053ffff', '89194ad32b3ffff', '89194ad3073ffff', '89194ad3043ffff', '89194ad3063ffff', '89194ad306bffff', '89194ad3057ffff', '89194ad300fffff', '89194ad3077ffff'}",25.0,444.0
89194ad304bffff,"{'89194ad3627ffff', '89194ad3293ffff', '89194ad3047ffff', '89194ad305bffff', '89194ad304fffff', '89194ad32a3ffff', '89194ad32b7ffff', '89194ad307bffff', '89194ad304bffff', '89194ad3053ffff', '89194ad32b3ffff', '89194ad328fffff', '89194ad3043ffff', '89194ad3283ffff', '89194ad3057ffff', '89194ad32bbffff', '89194ad3297ffff', '89194ad362fffff', '89194ad3287ffff'}",42.0,286.0
89194ad304fffff,"{'89194ad3047ffff', '89194ad305bffff', '89194ad304fffff', '89194ad32a3ffff', '89194ad32b7ffff', '89194ad300bffff', '89194ad307bffff', '89194ad304bffff', '89194ad3053ffff', '89194ad32b3ffff', '89194ad3043ffff', '89194ad3063ffff', '89194ad306bffff', '89194ad3057ffff', '89194ad32bbffff', '89194ad3297ffff', '89194ad32a7ffff', '89194ad3287ffff', '89194ad3073ffff'}",37.0,387.0
89194ad3053ffff,"{'89194ad3627ffff', '89194ad3047ffff', '89194ad301bffff', '89194ad305bffff', '89194ad304fffff', '89194ad300bffff', '89194ad304bffff', '89194ad30cfffff', '89194ad3637ffff', '89194ad3053ffff', '89194ad30dbffff', '89194ad30c3ffff', '89194ad3043ffff', '89194ad3057ffff', '89194ad3623ffff', '89194ad3297ffff', '89194ad362fffff', '89194ad30c7ffff', '89194ad30cbffff'}",26.0,414.0
89194ad3057ffff,"{'89194ad3627ffff', '89194ad3003ffff', '89194ad3047ffff', '89194ad301bffff', '89194ad305bffff', '89194ad304fffff', '89194ad300bffff', '89194ad307bffff', '89194ad304bffff', '89194ad30cfffff', '89194ad3013ffff', '89194ad3053ffff', '89194ad30c3ffff', '89194ad3043ffff', '89194ad3057ffff', '89194ad300fffff', '89194ad30c7ffff', '89194ad30cbffff', '89194ad3073ffff'}",27.0,502.0
89194ad305bffff,"{'89194ad3627ffff', '89194ad3293ffff', '89194ad3047ffff', '89194ad305bffff', '89194ad304fffff', '89194ad304bffff', '89194ad30cfffff', '89194ad3637ffff', '89194ad3053ffff', '89194ad32b3ffff', '89194ad3043ffff', '89194ad362bffff', '89194ad3283ffff', '89194ad3057ffff', '89194ad3623ffff', '89194ad3297ffff', '89194ad362fffff', '89194ad30cbffff', '89194ad3287ffff'}",3.0,345.0
89194ad3063ffff,"{'89194ad3047ffff', '89194ad302bffff', '89194ad304fffff', '89194ad32b7ffff', '89194ad33d3ffff', '89194ad300bffff', '89194ad307bffff', '89194ad3393ffff', '89194ad3067ffff', '89194ad3073ffff', '89194ad33d7ffff', '89194ad306fffff', '89194ad306bffff', '89194ad3063ffff', '89194ad303bffff', '89194ad300fffff', '89194ad339bffff', '89194ad32a7ffff', '89194ad3077ffff'}",10.0,371.0
89194ad3067ffff,"{'89194ad302bffff', '89194ad33d3ffff', '89194ad307bffff', '89194ad3023ffff', '89194ad3393ffff', '89194ad3067ffff', '89194ad338bffff', '89194ad3073ffff', '89194ad33d7ffff', '89194ad306fffff', '89194ad3063ffff', '89194ad306bffff', '89194ad303bffff', '89194ad3383ffff', '89194ad3397ffff', '89194ad300fffff', '89194ad339bffff', '89194ad302fffff', '89194ad3077ffff'}",26.0,309.0
89194ad306bffff,"{'89194ad3047ffff', '89194ad304fffff', '89194ad32b7ffff', '89194ad32afffff', '89194ad33d3ffff', '89194ad33dbffff', '89194ad307bffff', '89194ad3067ffff', '89194ad33c3ffff', '89194ad32b3ffff', '89194ad3073ffff', '89194ad33d7ffff', '89194ad306fffff', '89194ad3063ffff', '89194ad306bffff', '89194ad339bffff', '89194ad32a7ffff', '89194ad32a3ffff', '89194ad3077ffff'}",63.0,338.0
89194ad306fffff,"{'89194ad302bffff', '89194ad32b7ffff', '89194ad33d3ffff', '89194ad33dbffff', '89194ad307bffff', '89194ad3393ffff', '89194ad3067ffff', '89194ad33c3ffff', '89194ad338bffff', '89194ad3073ffff', '89194ad33d7ffff', '89194ad3063ffff', '89194ad306bffff', '89194ad3383ffff', '89194ad306fffff', '89194ad339bffff', '89194ad33c7ffff', '89194ad32a7ffff', '89194ad3077ffff'}",23.0,297.0
89194ad3073ffff,"{'89194ad3003ffff', '89194ad3047ffff', '89194ad301bffff', '89194ad302bffff', '89194ad304fffff', '89194ad32b7ffff', '89194ad300bffff', '89194ad307bffff', '89194ad3067ffff', '89194ad3073ffff', '89194ad3043ffff', '89194ad3063ffff', '89194ad306fffff', '89194ad306bffff', '89194ad303bffff', '89194ad3007ffff', '89194ad3057ffff', '89194ad300fffff', '89194ad3077ffff'}",27.0,407.0
89194ad3077ffff,"{'89194ad3003ffff', '89194ad3047ffff', '89194ad302bffff', '89194ad3033ffff', '89194ad300bffff', '89194ad307bffff', '89194ad3023ffff', '89194ad3393ffff', '89194ad3067ffff', '89194ad3063ffff', '89194ad306fffff', '89194ad306bffff', '89194ad303bffff', '89194ad3077ffff', '89194ad3007ffff', '89194ad300fffff', '89194ad339bffff', '89194ad302fffff', '89194ad3073ffff'}",2.0,356.0
89194ad3083ffff,"{'89194ad3467ffff', '89194ad342fffff', '89194ad3087ffff', '89194ad3017ffff', '89194ad30d7ffff', '89194ad354bffff', '89194ad308fffff', '89194ad342bffff', '89194ad3083ffff', '89194ad3013ffff', '89194ad308bffff', '89194ad3097ffff', '89194ad30bbffff', '89194ad30c7ffff', '89194ad3093ffff', '89194ad30b3ffff', '89194ad355bffff', '89194ad346fffff', '89194ad309bffff'}",56.0,540.0
89194ad3087ffff,"{'89194ad342fffff', '89194ad3087ffff', '89194ad30b7ffff', '89194ad3543ffff', '89194ad3017ffff', '89194ad354bffff', '89194ad308fffff', '89194ad3083ffff', '89194ad30abffff', '89194ad30a3ffff', '89194ad3013ffff', '89194ad308bffff', '89194ad3097ffff', '89194ad30bbffff', '89194ad354fffff', '89194ad3093ffff', '89194ad30b3ffff', '89194ad355bffff', '89194ad309bffff'}",20.0,428.0
89194ad308bffff,"{'89194ad3467ffff', '89194ad3087ffff', '89194ad3003ffff', '89194ad301bffff', '89194ad3017ffff', '89194ad30d7ffff', '89194ad308fffff', '89194ad3083ffff', '89194ad30cfffff', '89194ad3013ffff', '89194ad308bffff', '89194ad30c3ffff', '89194ad3097ffff', '89194ad30bbffff', '89194ad30d3ffff', '89194ad30c7ffff', '89194ad3093ffff', '89194ad346fffff', '89194ad309bffff'}",66.0,603.0
89194ad308fffff,"{'89194ad3087ffff', '89194ad3003ffff', '89194ad301bffff', '89194ad3017ffff', '89194ad30d7ffff', '89194ad354bffff', '89194ad308fffff', '89194ad3083ffff', '89194ad30abffff', '89194ad30a3ffff', '89194ad3013ffff', '89194ad308bffff', '89194ad3097ffff', '89194ad30bbffff', '89194ad3007ffff', '89194ad30c7ffff', '89194ad3093ffff', '89194ad30b3ffff', '89194ad309bffff'}",19.0,515.0
89194ad3093ffff,"{'89194ad3467ffff', '89194ad342fffff', '89194ad3087ffff', '89194ad3093ffff', '89194ad30d7ffff', '89194ad354bffff', '89194ad308fffff', '89194ad3083ffff', '89194ad342bffff', '89194ad3427ffff', '89194ad3463ffff', '89194ad3423ffff', '89194ad308bffff', '89194ad3097ffff', '89194ad343bffff', '89194ad355bffff', '89194ad346fffff', '89194ad3477ffff', '89194ad309bffff'}",2.0,446.0
89194ad3097ffff,"{'89194ad342fffff', '89194ad3467ffff', '89194ad3087ffff', '89194ad3543ffff', '89194ad342bffff', '89194ad354bffff', '89194ad308fffff', '89194ad3083ffff', '89194ad3427ffff', '89194ad3423ffff', '89194ad3553ffff', '89194ad308bffff', '89194ad3097ffff', '89194ad30bbffff', '89194ad354fffff', '89194ad3093ffff', '89194ad30b3ffff', '89194ad355bffff', '89194ad309bffff'}",22.0,408.0
89194ad309bffff,"{'89194ad3467ffff', '89194ad342fffff', '89194ad309bffff', '89194ad30d7ffff', '89194ad3463ffff', '89194ad308fffff', '89194ad3083ffff', '89194ad342bffff', '89194ad3013ffff', '89194ad308bffff', '89194ad30c3ffff', '89194ad346bffff', '89194ad3097ffff', '89194ad30d3ffff', '89194ad30c7ffff', '89194ad3093ffff', '89194ad346fffff', '89194ad3477ffff', '89194ad3087ffff'}",84.0,568.0
89194ad30a3ffff,"{'89194ad30b7ffff', '89194ad356bffff', '89194ad3033ffff', '89194ad3017ffff', '89194ad30a7ffff', '89194ad354bffff', '89194ad308fffff', '89194ad30abffff', '89194ad30a3ffff', '89194ad31d3ffff', '89194ad357bffff', '89194ad31dbffff', '89194ad3037ffff', '89194ad30bbffff', '89194ad3007ffff', '89194ad354fffff', '89194ad30afffff', '89194ad30b3ffff', '89194ad3087ffff'}",7.0,161.0
89194ad30abffff,"{'89194ad3003ffff', '89194ad30b7ffff', '89194ad3033ffff', '89194ad3017ffff', '89194ad30a7ffff', '89194ad308fffff', '89194ad30abffff', '89194ad30a3ffff', '89194ad3023ffff', '89194ad3013ffff', '89194ad31dbffff', '89194ad3037ffff', '89194ad303bffff', '89194ad30bbffff', '89194ad3007ffff', '89194ad300fffff', '89194ad30afffff', '89194ad30b3ffff', '89194ad3087ffff'}",9.0,230.0
89194ad30afffff,"{'89194ad31c3ffff', '89194ad30b7ffff', '89194ad356bffff', '89194ad3033ffff', '89194ad3017ffff', '89194ad31cbffff', '89194ad30a7ffff', '89194ad30abffff', '89194ad30a3ffff', '89194ad3023ffff', '89194ad31d3ffff', '89194ad31dbffff', '89194ad3037ffff', '89194ad303bffff', '89194ad30bbffff', '89194ad3007ffff', '89194ad30afffff', '89194ad30b3ffff', '89194ad3027ffff'}",6.0,105.0
89194ad30b3ffff,"{'89194ad3547ffff', '89194ad30b7ffff', '89194ad356bffff', '89194ad3543ffff', '89194ad3017ffff', '89194ad30a7ffff', '89194ad354bffff', '89194ad308fffff', '89194ad3083ffff', '89194ad30abffff', '89194ad30a3ffff', '89194ad357bffff', '89194ad3097ffff', '89194ad30bbffff', '89194ad354fffff', '89194ad30afffff', '89194ad30b3ffff', '89194ad355bffff', '89194ad3087ffff'}",15.0,249.0
89194ad30b7ffff,"{'89194ad3547ffff', '89194ad356bffff', '89194ad30b7ffff', '89194ad3543ffff', '89194ad3573ffff', '89194ad30a7ffff', '89194ad354bffff', '89194ad30abffff', '89194ad30a3ffff', '89194ad356fffff', '89194ad3563ffff', '89194ad31d3ffff', '89194ad357bffff', '89194ad31dbffff', '89194ad30bbffff', '89194ad354fffff', '89194ad30afffff', '89194ad30b3ffff', '89194ad3087ffff'}",8.0,134.0
89194ad30bbffff,"{'89194ad3003ffff', '89194ad30b7ffff', '89194ad3033ffff', '89194ad3017ffff', '89194ad30a7ffff', '89194ad354bffff', '89194ad308fffff', '89194ad3083ffff', '89194ad30abffff', '89194ad30a3ffff', '89194ad3013ffff', '89194ad308bffff', '89194ad3097ffff', '89194ad30bbffff', '89194ad3007ffff', '89194ad354fffff', '89194ad30afffff', '89194ad30b3ffff', '89194ad3087ffff'}",10.0,364.0
89194ad30c3ffff,"{'89194ad3627ffff', '89194ad301bffff', '89194ad30d7ffff', '89194ad30cfffff', '89194ad3637ffff', '89194ad3013ffff', '89194ad3053ffff', '89194ad36a7ffff', '89194ad30dbffff', '89194ad308bffff', '89194ad30c3ffff', '89194ad346bffff', '89194ad3057ffff', '89194ad30d3ffff', '89194ad30c7ffff', '89194ad30cbffff', '89194ad36afffff', '89194ad346fffff', '89194ad309bffff'}",17.0,603.0
89194ad30c7ffff,"{'89194ad3003ffff', '89194ad301bffff', '89194ad3017ffff', '89194ad30d7ffff', '89194ad308fffff', '89194ad3083ffff', '89194ad300bffff', '89194ad30cfffff', '89194ad3013ffff', '89194ad3053ffff', '89194ad30dbffff', '89194ad308bffff', '89194ad30c3ffff', '89194ad3057ffff', '89194ad30d3ffff', '89194ad30c7ffff', '89194ad30cbffff', '89194ad346fffff', '89194ad309bffff'}",58.0,636.0
89194ad30cbffff,"{'89194ad3627ffff', '89194ad301bffff', '89194ad305bffff', '89194ad30d7ffff', '89194ad30cfffff', '89194ad3637ffff', '89194ad36a7ffff', '89194ad3053ffff', '89194ad30dbffff', '89194ad30c3ffff', '89194ad3043ffff', '89194ad3057ffff', '89194ad3623ffff', '89194ad3633ffff', '89194ad362fffff', '89194ad30d3ffff', '89194ad30c7ffff', '89194ad30cbffff', '89194ad36afffff'}",15.0,398.0
89194ad30cfffff,"{'89194ad3627ffff', '89194ad3003ffff', '89194ad3047ffff', '89194ad301bffff', '89194ad305bffff', '89194ad30d7ffff', '89194ad300bffff', '89194ad30cfffff', '89194ad3637ffff', '89194ad3013ffff', '89194ad3053ffff', '89194ad30dbffff', '89194ad308bffff', '89194ad30c3ffff', '89194ad3043ffff', '89194ad3057ffff', '89194ad30d3ffff', '89194ad30c7ffff', '89194ad30cbffff'}",40.0,503.0
89194ad30d3ffff,"{'89194ad3467ffff', '89194ad36b7ffff', '89194ad30d7ffff', '89194ad3463ffff', '89194ad30cfffff', '89194ad3637ffff', '89194ad36a7ffff', '89194ad30dbffff', '89194ad308bffff', '89194ad30c3ffff', '89194ad346bffff', '89194ad36a3ffff', '89194ad30d3ffff', '89194ad30c7ffff', '89194ad30cbffff', '89194ad36afffff', '89194ad346fffff', '89194ad347bffff', '89194ad309bffff'}",22.0,571.0
89194ad30d7ffff,"{'89194ad3467ffff', '89194ad301bffff', '89194ad3463ffff', '89194ad30d7ffff', '89194ad308fffff', '89194ad3083ffff', '89194ad30cfffff', '89194ad3013ffff', '89194ad36a7ffff', '89194ad30dbffff', '89194ad308bffff', '89194ad30c3ffff', '89194ad346bffff', '89194ad30d3ffff', '89194ad30c7ffff', '89194ad3093ffff', '89194ad30cbffff', '89194ad346fffff', '89194ad309bffff'}",30.0,633.0
89194ad30dbffff,"{'89194ad3627ffff', '89194ad36abffff', '89194ad30d7ffff', '89194ad30cfffff', '89194ad3637ffff', '89194ad3053ffff', '89194ad36a7ffff', '89194ad30dbffff', '89194ad30c3ffff', '89194ad346bffff', '89194ad36a3ffff', '89194ad3623ffff', '89194ad3633ffff', '89194ad30d3ffff', '89194ad30c7ffff', '89194ad30cbffff', '89194ad36afffff', '89194ad346fffff', '89194ad36b7ffff'}",10.0,435.0
89194ad310fffff,"{'89194ad317bffff', '89194ad3147ffff', '89194ad3167ffff', '89194ad3107ffff', '89194ad3177ffff', '89194ad3123ffff', '89194ad310bffff', '89194ad313bffff', '89194ad3113ffff', '89194ad311bffff', '89194ad3133ffff', '89194ad3117ffff', '89194ad3173ffff', '89194ad312bffff', '89194ad31abffff', '89194ad310fffff', '89194ad3103ffff', '89194ad3163ffff', '89194ad3157ffff'}",7.0,39.0
89194ad311bffff,"{'89194ad31cfffff', '89194ad31c3ffff', '89194ad3147ffff', '89194ad318fffff', '89194ad3107ffff', '89194ad31cbffff', '89194ad310bffff', '89194ad3113ffff', '89194ad311bffff', '89194ad3153ffff', '89194ad3143ffff', '89194ad3117ffff', '89194ad31d7ffff', '89194ad3173ffff', '89194ad318bffff', '89194ad310fffff', '89194ad3103ffff', '89194ad31c7ffff', '89194ad3157ffff'}",4.0,48.0
89194ad312bffff,"{'89194ad3127ffff', '89194ad312fffff', '89194ad0693ffff', '89194ad3167ffff', '89194ad3107ffff', '89194ad3177ffff', '89194ad3123ffff', '89194ad313bffff', '89194ad0697ffff', '89194ad3133ffff', '89194ad0683ffff', '89194ad3173ffff', '89194ad069bffff', '89194ad312bffff', '89194ad316fffff', '89194ad3137ffff', '89194ad310fffff', '89194ad045bffff', '89194ad3163ffff'}",2.0,49.0
89194ad3133ffff,"{'89194ad3127ffff', '89194ad31afffff', '89194ad04dbffff', '89194ad312fffff', '89194ad3107ffff', '89194ad3177ffff', '89194ad3123ffff', '89194ad31a7ffff', '89194ad313bffff', '89194ad04cbffff', '89194ad3133ffff', '89194ad31bbffff', '89194ad3117ffff', '89194ad31a3ffff', '89194ad312bffff', '89194ad31abffff', '89194ad310fffff', '89194ad3103ffff', '89194ad3137ffff'}",1.0,45.0
89194ad313bffff,"{'89194ad3127ffff', '89194ad31afffff', '89194ad0693ffff', '89194ad312fffff', '89194ad3107ffff', '89194ad3167ffff', '89194ad3177ffff', '89194ad3123ffff', '89194ad310bffff', '89194ad313bffff', '89194ad3133ffff', '89194ad3117ffff', '89194ad3173ffff', '89194ad312bffff', '89194ad31abffff', '89194ad3137ffff', '89194ad310fffff', '89194ad3103ffff', '89194ad3163ffff'}",6.0,39.0
89194ad3143ffff,"{'89194ad317bffff', '89194ad31cfffff', '89194ad3147ffff', '89194ad33b7ffff', '89194ad31cbffff', '89194ad3387ffff', '89194ad310bffff', '89194ad311bffff', '89194ad3153ffff', '89194ad315bffff', '89194ad314fffff', '89194ad3143ffff', '89194ad3173ffff', '89194ad33b3ffff', '89194ad314bffff', '89194ad3397ffff', '89194ad302fffff', '89194ad3157ffff', '89194ad3027ffff'}",7.0,72.0
89194ad314bffff,"{'89194ad317bffff', '89194ad3147ffff', '89194ad33b7ffff', '89194ad3387ffff', '89194ad3393ffff', '89194ad3153ffff', '89194ad315bffff', '89194ad314fffff', '89194ad3143ffff', '89194ad3383ffff', '89194ad33b3ffff', '89194ad314bffff', '89194ad338fffff', '89194ad33bbffff', '89194ad3397ffff', '89194ad302fffff', '89194ad3157ffff', '89194ad33a3ffff', '89194ad3027ffff'}",3.0,93.0
89194ad314fffff,"{'89194ad317bffff', '89194ad3147ffff', '89194ad33b7ffff', '89194ad3387ffff', '89194ad310bffff', '89194ad33a7ffff', '89194ad3153ffff', '89194ad315bffff', '89194ad3143ffff', '89194ad314fffff', '89194ad3173ffff', '89194ad33b3ffff', '89194ad33bbffff', '89194ad3397ffff', '89194ad316bffff', '89194ad3163ffff', '89194ad3157ffff', '89194ad33a3ffff', '89194ad314bffff'}",1.0,58.0
89194ad3157ffff,"{'89194ad317bffff', '89194ad31cfffff', '89194ad31c3ffff', '89194ad3147ffff', '89194ad3027ffff', '89194ad31cbffff', '89194ad310bffff', '89194ad3113ffff', '89194ad311bffff', '89194ad3153ffff', '89194ad315bffff', '89194ad3143ffff', '89194ad314fffff', '89194ad3173ffff', '89194ad310fffff', '89194ad3103ffff', '89194ad31c7ffff', '89194ad314bffff', '89194ad3157ffff'}",4.0,45.0
89194ad315bffff,"{'89194ad31cfffff', '89194ad3147ffff', '89194ad302bffff', '89194ad31cbffff', '89194ad3387ffff', '89194ad3023ffff', '89194ad3393ffff', '89194ad3153ffff', '89194ad315bffff', '89194ad3143ffff', '89194ad314fffff', '89194ad3383ffff', '89194ad33b3ffff', '89194ad3037ffff', '89194ad314bffff', '89194ad3397ffff', '89194ad302fffff', '89194ad3157ffff', '89194ad3027ffff'}",5.0,112.0
89194ad3167ffff,"{'89194ad317bffff', '89194ad068bffff', '89194ad312fffff', '89194ad0693ffff', '89194ad3167ffff', '89194ad3177ffff', '89194ad3123ffff', '89194ad313bffff', '89194ad0697ffff', '89194ad06d3ffff', '89194ad0683ffff', '89194ad3173ffff', '89194ad069bffff', '89194ad312bffff', '89194ad316fffff', '89194ad310fffff', '89194ad06d7ffff', '89194ad316bffff', '89194ad3163ffff'}",5.0,60.0
89194ad3173ffff,"{'89194ad317bffff', '89194ad3147ffff', '89194ad33b7ffff', '89194ad3167ffff', '89194ad3107ffff', '89194ad3177ffff', '89194ad310bffff', '89194ad313bffff', '89194ad311bffff', '89194ad3143ffff', '89194ad314fffff', '89194ad3173ffff', '89194ad312bffff', '89194ad316fffff', '89194ad310fffff', '89194ad3103ffff', '89194ad316bffff', '89194ad3163ffff', '89194ad3157ffff'}",8.0,44.0
89194ad318bffff,"{'89194ad31cfffff', '89194ad319bffff', '89194ad31c3ffff', '89194ad318fffff', '89194ad3187ffff', '89194ad3193ffff', '89194ad3567ffff', '89194ad3113ffff', '89194ad311bffff', '89194ad356fffff', '89194ad3183ffff', '89194ad31bbffff', '89194ad3197ffff', '89194ad31d3ffff', '89194ad31d7ffff', '89194ad3117ffff', '89194ad318bffff', '89194ad3103ffff', '89194ad31c7ffff'}",5.0,37.0
89194ad318fffff,"{'89194ad319bffff', '89194ad318fffff', '89194ad3187ffff', '89194ad3107ffff', '89194ad3193ffff', '89194ad31b3ffff', '89194ad3113ffff', '89194ad311bffff', '89194ad3183ffff', '89194ad31bbffff', '89194ad3197ffff', '89194ad224bffff', '89194ad3117ffff', '89194ad31d7ffff', '89194ad31a3ffff', '89194ad318bffff', '89194ad31abffff', '89194ad3103ffff', '89194ad31c7ffff'}",9.0,46.0
89194ad3193ffff,"{'89194ad319bffff', '89194ad352fffff', '89194ad318fffff', '89194ad3187ffff', '89194ad3567ffff', '89194ad3193ffff', '89194ad356fffff', '89194ad3183ffff', '89194ad3563ffff', '89194ad352bffff', '89194ad3197ffff', '89194ad224bffff', '89194ad3527ffff', '89194ad31d7ffff', '89194ad318bffff', '89194ad353bffff', '89194ad225bffff', '89194ad3523ffff', '89194ad3577ffff'}",1.0,19.0
89194ad31a3ffff,"{'89194ad31afffff', '89194ad04dbffff', '89194ad318fffff', '89194ad3187ffff', '89194ad3107ffff', '89194ad31b3ffff', '89194ad31a7ffff', '89194ad224fffff', '89194ad227bffff', '89194ad31b7ffff', '89194ad3133ffff', '89194ad31bbffff', '89194ad224bffff', '89194ad3117ffff', '89194ad31a3ffff', '89194ad31abffff', '89194ad226bffff', '89194ad04d3ffff', '89194ad3137ffff'}",16.0,41.0
89194ad31a7ffff,"{'89194ad31afffff', '89194ad04dbffff', '89194ad2263ffff', '89194ad31b3ffff', '89194ad224fffff', '89194ad31a7ffff', '89194ad04cbffff', '89194ad227bffff', '89194ad31b7ffff', '89194ad3133ffff', '89194ad31bbffff', '89194ad31a3ffff', '89194ad04c3ffff', '89194ad04d7ffff', '89194ad31abffff', '89194ad226bffff', '89194ad04d3ffff', '89194ad226fffff', '89194ad3137ffff'}",1.0,34.0
89194ad31abffff,"{'89194ad31afffff', '89194ad04dbffff', '89194ad318fffff', '89194ad3107ffff', '89194ad3187ffff', '89194ad3123ffff', '89194ad31a7ffff', '89194ad31b3ffff', '89194ad313bffff', '89194ad3113ffff', '89194ad31b7ffff', '89194ad3133ffff', '89194ad31bbffff', '89194ad3117ffff', '89194ad31a3ffff', '89194ad31abffff', '89194ad310fffff', '89194ad3103ffff', '89194ad3137ffff'}",2.0,52.0
89194ad31afffff,"{'89194ad3127ffff', '89194ad31afffff', '89194ad04dbffff', '89194ad3107ffff', '89194ad3123ffff', '89194ad31a7ffff', '89194ad31b3ffff', '89194ad313bffff', '89194ad04cbffff', '89194ad31b7ffff', '89194ad3133ffff', '89194ad31bbffff', '89194ad3117ffff', '89194ad31a3ffff', '89194ad04c3ffff', '89194ad31abffff', '89194ad226bffff', '89194ad04d3ffff', '89194ad3137ffff'}",1.0,38.0
89194ad31bbffff,"{'89194ad31afffff', '89194ad318fffff', '89194ad3187ffff', '89194ad3107ffff', '89194ad31b3ffff', '89194ad31a7ffff', '89194ad224fffff', '89194ad3113ffff', '89194ad31b7ffff', '89194ad3133ffff', '89194ad3183ffff', '89194ad31bbffff', '89194ad3197ffff', '89194ad224bffff', '89194ad3117ffff', '89194ad31a3ffff', '89194ad318bffff', '89194ad31abffff', '89194ad3103ffff'}",9.0,44.0
89194ad31c3ffff,"{'89194ad31cfffff', '89194ad319bffff', '89194ad31c3ffff', '89194ad356bffff', '89194ad31cbffff', '89194ad30a7ffff', '89194ad3113ffff', '89194ad311bffff', '89194ad356fffff', '89194ad3153ffff', '89194ad31d3ffff', '89194ad31d7ffff', '89194ad318bffff', '89194ad31dbffff', '89194ad3037ffff', '89194ad30afffff', '89194ad31c7ffff', '89194ad3027ffff', '89194ad3157ffff'}",4.0,31.0
89194ad31d3ffff,"{'89194ad31cfffff', '89194ad319bffff', '89194ad31c3ffff', '89194ad30b7ffff', '89194ad356bffff', '89194ad3567ffff', '89194ad31cbffff', '89194ad30a7ffff', '89194ad30a3ffff', '89194ad356fffff', '89194ad3563ffff', '89194ad31d3ffff', '89194ad31d7ffff', '89194ad357bffff', '89194ad318bffff', '89194ad31dbffff', '89194ad3037ffff', '89194ad30afffff', '89194ad31c7ffff'}",3.0,42.0
89194ad31dbffff,"{'89194ad31cfffff', '89194ad31c3ffff', '89194ad30b7ffff', '89194ad356bffff', '89194ad3033ffff', '89194ad31cbffff', '89194ad30a7ffff', '89194ad30abffff', '89194ad30a3ffff', '89194ad3023ffff', '89194ad356fffff', '89194ad3153ffff', '89194ad31d3ffff', '89194ad31d7ffff', '89194ad31dbffff', '89194ad3037ffff', '89194ad30afffff', '89194ad31c7ffff', '89194ad3027ffff'}",1.0,64.0
89194ad3203ffff,"{'89194ad32cfffff', '89194ad3213ffff', '89194ad321bffff', '89194ad3277ffff', '89194ad3207ffff', '89194ad3233ffff', '89194ad3273ffff', '89194ad3247ffff', '89194ad320fffff', '89194ad3203ffff', '89194ad323bffff', '89194ad328bffff', '89194ad32c7ffff', '89194ad328fffff', '89194ad3257ffff', '89194ad32bbffff', '89194ad32abffff', '89194ad3217ffff', '89194ad320bffff'}",1.0,194.0
89194ad3207ffff,"{'89194ad3213ffff', '89194ad321bffff', '89194ad3277ffff', '89194ad3207ffff', '89194ad3233ffff', '89194ad3273ffff', '89194ad32afffff', '89194ad320fffff', '89194ad3203ffff', '89194ad323bffff', '89194ad322bffff', '89194ad328fffff', '89194ad32bbffff', '89194ad3237ffff', '89194ad3223ffff', '89194ad32abffff', '89194ad3217ffff', '89194ad32a3ffff', '89194ad320bffff'}",9.0,187.0
89194ad320bffff,"{'89194ad32cfffff', '89194ad3213ffff', '89194ad324fffff', '89194ad321bffff', '89194ad3277ffff', '89194ad3207ffff', '89194ad3273ffff', '89194ad3247ffff', '89194ad327bffff', '89194ad3253ffff', '89194ad320fffff', '89194ad3263ffff', '89194ad3203ffff', '89194ad323bffff', '89194ad32c7ffff', '89194ad3243ffff', '89194ad3257ffff', '89194ad3217ffff', '89194ad320bffff'}",8.0,328.0
89194ad320fffff,"{'89194ad3213ffff', '89194ad321bffff', '89194ad3277ffff', '89194ad3207ffff', '89194ad3233ffff', '89194ad3273ffff', '89194ad3247ffff', '89194ad327bffff', '89194ad3263ffff', '89194ad320fffff', '89194ad3203ffff', '89194ad323bffff', '89194ad322bffff', '89194ad3257ffff', '89194ad3267ffff', '89194ad3223ffff', '89194ad32abffff', '89194ad3217ffff', '89194ad320bffff'}",7.0,232.0
89194ad3213ffff,"{'89194ad32cfffff', '89194ad3213ffff', '89194ad321bffff', '89194ad3207ffff', '89194ad329bffff', '89194ad320fffff', '89194ad3203ffff', '89194ad32d7ffff', '89194ad328bffff', '89194ad32c3ffff', '89194ad32c7ffff', '89194ad328fffff', '89194ad3283ffff', '89194ad3257ffff', '89194ad32bbffff', '89194ad32abffff', '89194ad3217ffff', '89194ad3287ffff', '89194ad320bffff'}",18.0,211.0
89194ad3217ffff,"{'89194ad3213ffff', '89194ad321bffff', '89194ad3207ffff', '89194ad3233ffff', '89194ad32afffff', '89194ad320fffff', '89194ad3203ffff', '89194ad323bffff', '89194ad328bffff', '89194ad32b3ffff', '89194ad3287ffff', '89194ad32c7ffff', '89194ad328fffff', '89194ad3283ffff', '89194ad32bbffff', '89194ad32abffff', '89194ad3217ffff', '89194ad32a3ffff', '89194ad320bffff'}",2.0,176.0
89194ad321bffff,"{'89194ad32cfffff', '89194ad3213ffff', '89194ad321bffff', '89194ad3207ffff', '89194ad32cbffff', '89194ad3273ffff', '89194ad3247ffff', '89194ad3253ffff', '89194ad320fffff', '89194ad3203ffff', '89194ad32d7ffff', '89194ad328bffff', '89194ad32c3ffff', '89194ad32c7ffff', '89194ad328fffff', '89194ad3243ffff', '89194ad3257ffff', '89194ad3217ffff', '89194ad320bffff'}",7.0,318.0
89194ad3223ffff,"{'89194ad322fffff', '89194ad1493ffff', '89194ad3277ffff', '89194ad3207ffff', '89194ad3233ffff', '89194ad32afffff', '89194ad33dbffff', '89194ad3353ffff', '89194ad320fffff', '89194ad323bffff', '89194ad335bffff', '89194ad322bffff', '89194ad1497ffff', '89194ad33cbffff', '89194ad3267ffff', '89194ad3237ffff', '89194ad3223ffff', '89194ad3227ffff', '89194ad32abffff'}",24.0,232.0
89194ad3227ffff,"{'89194ad322fffff', '89194ad1493ffff', '89194ad3233ffff', '89194ad3357ffff', '89194ad32afffff', '89194ad33dbffff', '89194ad3353ffff', '89194ad334bffff', '89194ad323bffff', '89194ad33c3ffff', '89194ad335bffff', '89194ad3343ffff', '89194ad322bffff', '89194ad1497ffff', '89194ad33cfffff', '89194ad33cbffff', '89194ad3237ffff', '89194ad3223ffff', '89194ad3227ffff'}",3.0,232.0
89194ad322bffff,"{'89194ad322fffff', '89194ad1493ffff', '89194ad3277ffff', '89194ad3207ffff', '89194ad3233ffff', '89194ad3273ffff', '89194ad1483ffff', '89194ad320fffff', '89194ad3263ffff', '89194ad323bffff', '89194ad335bffff', '89194ad322bffff', '89194ad1497ffff', '89194ad149bffff', '89194ad3267ffff', '89194ad3237ffff', '89194ad3223ffff', '89194ad3227ffff', '89194ad326fffff'}",28.0,221.0
89194ad322fffff,"{'89194ad322fffff', '89194ad1493ffff', '89194ad3277ffff', '89194ad3233ffff', '89194ad1483ffff', '89194ad3353ffff', '89194ad334bffff', '89194ad323bffff', '89194ad335bffff', '89194ad3343ffff', '89194ad322bffff', '89194ad1497ffff', '89194ad149bffff', '89194ad1487ffff', '89194ad3267ffff', '89194ad33cbffff', '89194ad3237ffff', '89194ad3223ffff', '89194ad3227ffff'}",13.0,209.0
89194ad3233ffff,"{'89194ad322fffff', '89194ad3277ffff', '89194ad3207ffff', '89194ad3233ffff', '89194ad32afffff', '89194ad33dbffff', '89194ad320fffff', '89194ad3203ffff', '89194ad323bffff', '89194ad322bffff', '89194ad33cbffff', '89194ad32bbffff', '89194ad3237ffff', '89194ad3223ffff', '89194ad3227ffff', '89194ad32abffff', '89194ad32a7ffff', '89194ad3217ffff', '89194ad32a3ffff'}",8.0,179.0
89194ad3237ffff,"{'89194ad322fffff', '89194ad3207ffff', '89194ad3233ffff', '89194ad32afffff', '89194ad33dbffff', '89194ad3353ffff', '89194ad33d3ffff', '89194ad323bffff', '89194ad33c3ffff', '89194ad335bffff', '89194ad322bffff', '89194ad33cfffff', '89194ad33cbffff', '89194ad3237ffff', '89194ad3223ffff', '89194ad3227ffff', '89194ad32abffff', '89194ad32a7ffff', '89194ad32a3ffff'}",9.0,254.0
89194ad323bffff,"{'89194ad322fffff', '89194ad1493ffff', '89194ad3277ffff', '89194ad3207ffff', '89194ad3233ffff', '89194ad3273ffff', '89194ad32afffff', '89194ad320fffff', '89194ad3263ffff', '89194ad3203ffff', '89194ad323bffff', '89194ad322bffff', '89194ad3267ffff', '89194ad3237ffff', '89194ad3223ffff', '89194ad3227ffff', '89194ad32abffff', '89194ad3217ffff', '89194ad320bffff'}",4.0,208.0
89194ad3243ffff,"{'89194ad32cfffff', '89194ad324fffff', '89194ad321bffff', '89194ad32cbffff', '89194ad3273ffff', '89194ad3247ffff', '89194ad327bffff', '89194ad3253ffff', '89195da4987ffff', '89195da49b7ffff', '89194ad3243ffff', '89194ad325bffff', '89195da4d27ffff', '89194ad3257ffff', '89195da4997ffff', '89195da4d2fffff', '89194ad324bffff', '89195da49b3ffff', '89194ad320bffff'}",52.0,765.0
89194ad3247ffff,"{'89194ad32cfffff', '89194ad326bffff', '89194ad324fffff', '89194ad321bffff', '89194ad3277ffff', '89194ad3273ffff', '89194ad3247ffff', '89194ad327bffff', '89194ad3253ffff', '89194ad320fffff', '89194ad3263ffff', '89194ad3203ffff', '89194ad3243ffff', '89195da49b7ffff', '89194ad325bffff', '89194ad3257ffff', '89194ad324bffff', '89194ad320bffff', '89195da49b3ffff'}",45.0,528.0
89194ad324bffff,"{'89194ad324fffff', '89194ad3247ffff', '89194ad327bffff', '89194ad3253ffff', '89195da4987ffff', '89195da4993ffff', '89195da4983ffff', '89195da49a3ffff', '89194ad3243ffff', '89195da49b7ffff', '89194ad325bffff', '89195da498fffff', '89195da4d27ffff', '89194ad3257ffff', '89195da4997ffff', '89195da49bbffff', '89195da4d2fffff', '89194ad324bffff', '89195da49b3ffff'}",87.0,1002.0
89194ad324fffff,"{'89194ad326bffff', '89194ad324fffff', '89194ad3273ffff', '89194ad3247ffff', '89194ad327bffff', '89194ad3253ffff', '89194ad3263ffff', '89195da4987ffff', '89195da49a3ffff', '89195da49a7ffff', '89195da49b7ffff', '89194ad3243ffff', '89194ad325bffff', '89194ad3257ffff', '89195da4997ffff', '89195da49bbffff', '89194ad324bffff', '89195da49b3ffff', '89194ad320bffff'}",74.0,832.0
89194ad3253ffff,"{'89194ad32cfffff', '89194ad324fffff', '89194ad321bffff', '89194ad32cbffff', '89194ad3247ffff', '89194ad3253ffff', '89194ad32c3ffff', '89194ad32dbffff', '89194ad32c7ffff', '89194ad3243ffff', '89194ad325bffff', '89195da4d27ffff', '89194ad3257ffff', '89195da4d37ffff', '89195da4997ffff', '89195da4d23ffff', '89195da4d2fffff', '89194ad324bffff', '89194ad320bffff'}",19.0,545.0
89194ad3257ffff,"{'89194ad32cfffff', '89194ad3213ffff', '89194ad324fffff', '89194ad321bffff', '89194ad32cbffff', '89194ad3273ffff', '89194ad3247ffff', '89194ad327bffff', '89194ad3253ffff', '89194ad320fffff', '89194ad3203ffff', '89194ad32c3ffff', '89194ad32c7ffff', '89194ad3243ffff', '89194ad325bffff', '89195da4d27ffff', '89194ad3257ffff', '89194ad324bffff', '89194ad320bffff'}",11.0,492.0
89194ad325bffff,"{'89195da4d2bffff', '89194ad32cfffff', '89194ad324fffff', '89194ad32cbffff', '89194ad3247ffff', '89194ad3253ffff', '89195da4987ffff', '89195da4993ffff', '89195da4983ffff', '89194ad3243ffff', '89194ad325bffff', '89195da4d27ffff', '89194ad3257ffff', '89195da4997ffff', '89195da4d37ffff', '89195da4d23ffff', '89195da4d2fffff', '89194ad324bffff', '89195da49b3ffff'}",49.0,848.0
89194ad3263ffff,"{'89194ad1493ffff', '89194ad14d3ffff', '89194ad326bffff', '89194ad324fffff', '89194ad3277ffff', '89194ad3273ffff', '89194ad3247ffff', '89194ad327bffff', '89194ad320fffff', '89194ad3263ffff', '89194ad323bffff', '89194ad322bffff', '89195da49a7ffff', '89195da49b7ffff', '89194ad149bffff', '89194ad3267ffff', '89194ad326fffff', '89194ad14d7ffff', '89194ad320bffff'}",28.0,316.0
89194ad3267ffff,"{'89194ad322fffff', '89194ad1493ffff', '89194ad14d3ffff', '89194ad326bffff', '89194ad3277ffff', '89194ad3273ffff', '89194ad327bffff', '89194ad1483ffff', '89194ad320fffff', '89194ad3263ffff', '89194ad323bffff', '89194ad148bffff', '89194ad322bffff', '89194ad1497ffff', '89194ad149bffff', '89194ad3267ffff', '89194ad3223ffff', '89194ad326fffff', '89194ad14d7ffff'}",11.0,202.0
89194ad326bffff,"{'89194ad14d3ffff', '89194ad326bffff', '89194ad324fffff', '89194ad3277ffff', '89194ad3273ffff', '89194ad3247ffff', '89194ad327bffff', '89194ad3263ffff', '89195da49afffff', '89194ad14dbffff', '89195da49a3ffff', '89195da49a7ffff', '89195da49b7ffff', '89194ad14c3ffff', '89194ad149bffff', '89194ad3267ffff', '89194ad326fffff', '89194ad14d7ffff', '89195da49b3ffff'}",8.0,352.0
89194ad326fffff,"{'89194ad1493ffff', '89194ad14d3ffff', '89194ad326bffff', '89194ad3277ffff', '89194ad3273ffff', '89194ad327bffff', '89194ad14c7ffff', '89194ad1483ffff', '89194ad3263ffff', '89194ad322bffff', '89194ad148bffff', '89194ad14dbffff', '89195da49a7ffff', '89195da49b7ffff', '89194ad14c3ffff', '89194ad149bffff', '89194ad3267ffff', '89194ad326fffff', '89194ad14d7ffff'}",13.0,193.0
89194ad3273ffff,"{'89194ad326bffff', '89194ad324fffff', '89194ad321bffff', '89194ad3277ffff', '89194ad3207ffff', '89194ad3247ffff', '89194ad3273ffff', '89194ad327bffff', '89194ad320fffff', '89194ad3263ffff', '89194ad3203ffff', '89194ad323bffff', '89194ad322bffff', '89194ad3243ffff', '89195da49b7ffff', '89194ad3257ffff', '89194ad3267ffff', '89194ad326fffff', '89194ad320bffff'}",5.0,354.0
89194ad3277ffff,"{'89194ad322fffff', '89194ad1493ffff', '89194ad326bffff', '89194ad3277ffff', '89194ad3207ffff', '89194ad3233ffff', '89194ad3273ffff', '89194ad3247ffff', '89194ad327bffff', '89194ad320fffff', '89194ad3263ffff', '89194ad3203ffff', '89194ad323bffff', '89194ad322bffff', '89194ad149bffff', '89194ad3267ffff', '89194ad3223ffff', '89194ad326fffff', '89194ad320bffff'}",6.0,262.0
89194ad327bffff,"{'89194ad14d3ffff', '89194ad326bffff', '89194ad324fffff', '89194ad3277ffff', '89194ad3273ffff', '89194ad3247ffff', '89194ad327bffff', '89194ad320fffff', '89194ad3263ffff', '89195da49a3ffff', '89195da49a7ffff', '89195da49b7ffff', '89194ad3243ffff', '89194ad3257ffff', '89194ad3267ffff', '89194ad324bffff', '89195da49b3ffff', '89194ad326fffff', '89194ad320bffff'}",10.0,502.0
89194ad3283ffff,"{'89194ad3293ffff', '89194ad3213ffff', '89194ad305bffff', '89194ad329bffff', '89194ad304bffff', '89194ad32d7ffff', '89194ad328bffff', '89194ad32b3ffff', '89194ad32c7ffff', '89194ad328fffff', '89194ad3667ffff', '89194ad362bffff', '89194ad3283ffff', '89194ad32bbffff', '89194ad3297ffff', '89194ad366fffff', '89194ad362fffff', '89194ad3217ffff', '89194ad3287ffff'}",6.0,267.0
89194ad3287ffff,"{'89194ad3293ffff', '89194ad3213ffff', '89194ad305bffff', '89194ad304fffff', '89194ad32b7ffff', '89194ad329bffff', '89194ad304bffff', '89194ad328bffff', '89194ad32b3ffff', '89194ad3287ffff', '89194ad328fffff', '89194ad3043ffff', '89194ad3283ffff', '89194ad32bbffff', '89194ad3297ffff', '89194ad362fffff', '89194ad32abffff', '89194ad3217ffff', '89194ad32a3ffff'}",22.0,249.0
89194ad328bffff,"{'89194ad3293ffff', '89194ad32cfffff', '89194ad3213ffff', '89194ad321bffff', '89194ad329bffff', '89194ad32d3ffff', '89194ad3203ffff', '89194ad32d7ffff', '89194ad328bffff', '89194ad32c3ffff', '89194ad32c7ffff', '89194ad328fffff', '89194ad3667ffff', '89194ad3283ffff', '89194ad32bbffff', '89194ad3297ffff', '89194ad366fffff', '89194ad3217ffff', '89194ad3287ffff'}",12.0,265.0
89194ad328fffff,"{'89194ad3293ffff', '89194ad3213ffff', '89194ad321bffff', '89194ad3207ffff', '89194ad329bffff', '89194ad304bffff', '89194ad3203ffff', '89194ad32d7ffff', '89194ad328bffff', '89194ad32b3ffff', '89194ad3287ffff', '89194ad32c7ffff', '89194ad328fffff', '89194ad3283ffff', '89194ad32bbffff', '89194ad3297ffff', '89194ad32abffff', '89194ad3217ffff', '89194ad32a3ffff'}",21.0,238.0
89194ad3293ffff,"{'89194ad3627ffff', '89194ad3677ffff', '89194ad3293ffff', '89194ad305bffff', '89194ad329bffff', '89194ad363bffff', '89194ad304bffff', '89194ad32d7ffff', '89194ad328bffff', '89194ad3663ffff', '89194ad328fffff', '89194ad3667ffff', '89194ad362bffff', '89194ad3283ffff', '89194ad3623ffff', '89194ad3297ffff', '89194ad366fffff', '89194ad362fffff', '89194ad3287ffff'}",23.0,255.0
89194ad3297ffff,"{'89194ad3627ffff', '89194ad3293ffff', '89194ad305bffff', '89194ad304fffff', '89194ad329bffff', '89194ad304bffff', '89194ad328bffff', '89194ad3053ffff', '89194ad32b3ffff', '89194ad328fffff', '89194ad3043ffff', '89194ad362bffff', '89194ad3667ffff', '89194ad3283ffff', '89194ad32bbffff', '89194ad3623ffff', '89194ad3297ffff', '89194ad362fffff', '89194ad3287ffff'}",3.0,301.0
89194ad329bffff,"{'89194ad3677ffff', '89194ad3293ffff', '89194ad3213ffff', '89194ad329bffff', '89194ad32d3ffff', '89194ad32d7ffff', '89194ad328bffff', '89194ad32c3ffff', '89194ad3663ffff', '89194ad366bffff', '89194ad32c7ffff', '89194ad328fffff', '89194ad3667ffff', '89194ad362bffff', '89194ad3283ffff', '89194ad3297ffff', '89194ad366fffff', '89194ad362fffff', '89194ad3287ffff'}",15.0,293.0
89194ad32a3ffff,"{'89194ad304fffff', '89194ad3207ffff', '89194ad3233ffff', '89194ad32b7ffff', '89194ad32afffff', '89194ad32a3ffff', '89194ad33dbffff', '89194ad33d3ffff', '89194ad307bffff', '89194ad304bffff', '89194ad32b3ffff', '89194ad328fffff', '89194ad306bffff', '89194ad32bbffff', '89194ad3237ffff', '89194ad32abffff', '89194ad32a7ffff', '89194ad3217ffff', '89194ad3287ffff'}",4.0,306.0
89194ad32a7ffff,"{'89194ad304fffff', '89194ad3233ffff', '89194ad32b7ffff', '89194ad32afffff', '89194ad33dbffff', '89194ad33d3ffff', '89194ad307bffff', '89194ad33c3ffff', '89194ad32b3ffff', '89194ad33d7ffff', '89194ad306fffff', '89194ad3063ffff', '89194ad306bffff', '89194ad33cbffff', '89194ad32bbffff', '89194ad3237ffff', '89194ad32abffff', '89194ad32a7ffff', '89194ad32a3ffff'}",14.0,271.0
89194ad32afffff,"{'89194ad3207ffff', '89194ad3233ffff', '89194ad32b7ffff', '89194ad32afffff', '89194ad33dbffff', '89194ad33d3ffff', '89194ad323bffff', '89194ad33c3ffff', '89194ad32b3ffff', '89194ad306bffff', '89194ad33cbffff', '89194ad32bbffff', '89194ad3237ffff', '89194ad3223ffff', '89194ad3227ffff', '89194ad32abffff', '89194ad32a7ffff', '89194ad3217ffff', '89194ad32a3ffff'}",18.0,241.0
89194ad32b3ffff,"{'89194ad3047ffff', '89194ad305bffff', '89194ad304fffff', '89194ad32a3ffff', '89194ad32b7ffff', '89194ad32afffff', '89194ad307bffff', '89194ad304bffff', '89194ad32b3ffff', '89194ad328fffff', '89194ad3043ffff', '89194ad306bffff', '89194ad3283ffff', '89194ad32bbffff', '89194ad3297ffff', '89194ad32abffff', '89194ad32a7ffff', '89194ad3217ffff', '89194ad3287ffff'}",5.0,301.0
89194ad32bbffff,"{'89194ad3213ffff', '89194ad304fffff', '89194ad3207ffff', '89194ad3233ffff', '89194ad32b7ffff', '89194ad32afffff', '89194ad304bffff', '89194ad3203ffff', '89194ad328bffff', '89194ad32b3ffff', '89194ad3287ffff', '89194ad328fffff', '89194ad3283ffff', '89194ad32bbffff', '89194ad3297ffff', '89194ad32abffff', '89194ad32a7ffff', '89194ad3217ffff', '89194ad32a3ffff'}",8.0,230.0
89194ad32c3ffff,"{'89194ad32cfffff', '89194ad3213ffff', '89194ad321bffff', '89195da4dafffff', '89194ad32cbffff', '89194ad329bffff', '89194ad3253ffff', '89194ad32d3ffff', '89194ad32d7ffff', '89194ad328bffff', '89194ad32c3ffff', '89194ad32dbffff', '89194ad32c7ffff', '89194ad366bffff', '89195da4d27ffff', '89195da4d37ffff', '89194ad3257ffff', '89194ad366fffff', '89195da4da7ffff'}",18.0,315.0
89194ad32c7ffff,"{'89194ad32cfffff', '89194ad3213ffff', '89194ad321bffff', '89194ad32cbffff', '89194ad329bffff', '89194ad3253ffff', '89194ad32d3ffff', '89194ad3203ffff', '89194ad32d7ffff', '89194ad328bffff', '89194ad32c3ffff', '89194ad32dbffff', '89194ad32c7ffff', '89194ad328fffff', '89194ad3283ffff', '89194ad3257ffff', '89194ad366fffff', '89194ad3217ffff', '89194ad320bffff'}",16.0,282.0
89194ad32cbffff,"{'89194ad32cfffff', '89194ad321bffff', '89195da4dafffff', '89194ad32cbffff', '89194ad3253ffff', '89194ad32d3ffff', '89194ad32d7ffff', '89194ad32c3ffff', '89194ad32dbffff', '89194ad32c7ffff', '89194ad3243ffff', '89194ad325bffff', '89195da4d27ffff', '89195da4d37ffff', '89194ad3257ffff', '89195da4d33ffff', '89195da4d23ffff', '89195da4d2fffff', '89195da4da7ffff'}",37.0,382.0
89194ad32cfffff,"{'89194ad32cfffff', '89194ad3213ffff', '89194ad321bffff', '89194ad32cbffff', '89194ad3247ffff', '89194ad3253ffff', '89194ad32d3ffff', '89194ad3203ffff', '89194ad32d7ffff', '89194ad328bffff', '89194ad32c3ffff', '89194ad32dbffff', '89194ad32c7ffff', '89194ad3243ffff', '89194ad325bffff', '89195da4d27ffff', '89194ad3257ffff', '89195da4d37ffff', '89194ad320bffff'}",6.0,403.0
89194ad32d3ffff,"{'89194ad32cfffff', '89194ad367bffff', '89195da4dafffff', '89194ad32cbffff', '89194ad329bffff', '89194ad32d3ffff', '89194ad32d7ffff', '89194ad328bffff', '89194ad32c3ffff', '89195da4da3ffff', '89194ad3663ffff', '89194ad32dbffff', '89194ad366bffff', '89194ad32c7ffff', '89195da4db7ffff', '89194ad3667ffff', '89195da4d37ffff', '89194ad366fffff', '89195da4da7ffff'}",31.0,272.0
89194ad32d7ffff,"{'89194ad3293ffff', '89194ad32cfffff', '89194ad3213ffff', '89194ad321bffff', '89194ad32cbffff', '89194ad329bffff', '89194ad32d3ffff', '89194ad328bffff', '89194ad32d7ffff', '89194ad32c3ffff', '89194ad3663ffff', '89194ad32dbffff', '89194ad32c7ffff', '89194ad366bffff', '89194ad328fffff', '89194ad3667ffff', '89194ad3283ffff', '89194ad366fffff', '89195da4da7ffff'}",24.0,311.0
89194ad32dbffff,"{'89194ad32cfffff', '89195da4dafffff', '89194ad32cbffff', '89194ad3253ffff', '89194ad32d3ffff', '89194ad32d7ffff', '89194ad32c3ffff', '89195da4da3ffff', '89194ad32dbffff', '89194ad32c7ffff', '89194ad366bffff', '89195da4db7ffff', '89195da4dabffff', '89195da4d27ffff', '89195da4d37ffff', '89195da4d33ffff', '89195da4d23ffff', '89194ad366fffff', '89195da4da7ffff'}",11.0,301.0
89194ad3303ffff,"{'89194ad3377ffff', '89194ad33abffff', '89194ad330fffff', '89194ad333bffff', '89194ad3347ffff', '89194ad3373ffff', '89194ad3357ffff', '89194ad3317ffff', '89194ad330bffff', '89194ad3307ffff', '89194ad3313ffff', '89194ad338bffff', '89194ad331bffff', '89194ad3303ffff', '89194ad33cfffff', '89194ad338fffff', '89194ad33bbffff', '89194ad33c7ffff', '89194ad3333ffff'}",6.0,117.0
89194ad3307ffff,"{'89194ad3377ffff', '89194ad33abffff', '89194ad330fffff', '89194ad333bffff', '89194ad3323ffff', '89194ad3373ffff', '89194ad3317ffff', '89194ad330bffff', '89194ad3307ffff', '89194ad3313ffff', '89194ad331bffff', '89194ad3303ffff', '89194ad3337ffff', '89194ad332bffff', '89194ad338fffff', '89194ad33bbffff', '89194ad33a3ffff', '89194ad3333ffff', '89194ad33afffff'}",2.0,93.0
89194ad330bffff,"{'89194ad3377ffff', '89194ad330fffff', '89194ad333bffff', '89194ad3347ffff', '89194ad3373ffff', '89194ad3357ffff', '89194ad3317ffff', '89194ad3353ffff', '89194ad330bffff', '89194ad3307ffff', '89194ad3313ffff', '89194ad3363ffff', '89194ad3343ffff', '89194ad334fffff', '89194ad331bffff', '89194ad3303ffff', '89194ad33cfffff', '89194ad33c7ffff', '89194ad337bffff'}",7.0,147.0
89194ad330fffff,"{'89194ad3377ffff', '89194ad33abffff', '89194ad333bffff', '89194ad3323ffff', '89194ad330fffff', '89194ad3347ffff', '89194ad3367ffff', '89194ad3373ffff', '89194ad3357ffff', '89194ad3317ffff', '89194ad330bffff', '89194ad3307ffff', '89194ad3313ffff', '89194ad3363ffff', '89194ad331bffff', '89194ad3303ffff', '89194ad332bffff', '89194ad3333ffff', '89194ad337bffff'}",2.0,141.0
89194ad3313ffff,"{'89194ad33abffff', '89194ad330fffff', '89194ad3387ffff', '89194ad3357ffff', '89194ad3317ffff', '89194ad330bffff', '89194ad3307ffff', '89194ad3313ffff', '89194ad33c3ffff', '89194ad338bffff', '89194ad331bffff', '89194ad33d7ffff', '89194ad3303ffff', '89194ad3383ffff', '89194ad33cfffff', '89194ad338fffff', '89194ad33bbffff', '89194ad339bffff', '89194ad33c7ffff'}",1.0,121.0
89194ad331bffff,"{'89194ad330fffff', '89194ad3347ffff', '89194ad3373ffff', '89194ad3357ffff', '89194ad3317ffff', '89194ad3353ffff', '89194ad330bffff', '89194ad3307ffff', '89194ad3313ffff', '89194ad33c3ffff', '89194ad338bffff', '89194ad3343ffff', '89194ad331bffff', '89194ad33d7ffff', '89194ad3303ffff', '89194ad33cfffff', '89194ad338fffff', '89194ad33cbffff', '89194ad33c7ffff'}",1.0,160.0
89194ad3337ffff,"{'89194ad33abffff', '89194ad333bffff', '89194ad3323ffff', '89194ad065bffff', '89194ad33a7ffff', '89194ad3307ffff', '89194ad332fffff', '89194ad06cfffff', '89194ad06cbffff', '89194ad06d3ffff', '89194ad0653ffff', '89194ad06dbffff', '89194ad3337ffff', '89194ad3327ffff', '89194ad332bffff', '89194ad06c3ffff', '89194ad33a3ffff', '89194ad3333ffff', '89194ad33afffff'}",4.0,55.0
89194ad333bffff,"{'89194ad3377ffff', '89194ad33abffff', '89194ad330fffff', '89194ad3323ffff', '89194ad333bffff', '89194ad1593ffff', '89194ad3367ffff', '89194ad3373ffff', '89194ad3317ffff', '89194ad330bffff', '89194ad3307ffff', '89194ad332fffff', '89194ad3363ffff', '89194ad3303ffff', '89194ad3337ffff', '89194ad3327ffff', '89194ad332bffff', '89194ad3333ffff', '89194ad33afffff'}",1.0,128.0
89194ad3343ffff,"{'89194ad322fffff', '89194ad3347ffff', '89194ad14b7ffff', '89194ad3373ffff', '89194ad3357ffff', '89194ad3353ffff', '89194ad330bffff', '89194ad334bffff', '89194ad335bffff', '89194ad334fffff', '89194ad3343ffff', '89194ad331bffff', '89194ad1497ffff', '89194ad33cfffff', '89194ad1487ffff', '89194ad33cbffff', '89194ad3227ffff', '89194ad14b3ffff', '89194ad337bffff'}",3.0,150.0
89194ad3347ffff,"{'89194ad3377ffff', '89194ad336bffff', '89194ad330fffff', '89194ad14b7ffff', '89194ad3347ffff', '89194ad3373ffff', '89194ad3357ffff', '89194ad3353ffff', '89194ad330bffff', '89194ad334bffff', '89194ad335bffff', '89194ad3363ffff', '89194ad3343ffff', '89194ad334fffff', '89194ad331bffff', '89194ad3303ffff', '89194ad33cfffff', '89194ad14b3ffff', '89194ad337bffff'}",42.0,158.0
89194ad334fffff,"{'89194ad336bffff', '89194ad14b7ffff', '89194ad3347ffff', '89194ad3373ffff', '89194ad3357ffff', '89194ad3353ffff', '89194ad14a7ffff', '89194ad330bffff', '89194ad334bffff', '89194ad335bffff', '89194ad3363ffff', '89194ad3343ffff', '89194ad334fffff', '89194ad1497ffff', '89194ad14a3ffff', '89194ad1487ffff', '89194ad14bbffff', '89194ad14b3ffff', '89194ad337bffff'}",1.0,145.0
89194ad3353ffff,"{'89194ad322fffff', '89194ad3347ffff', '89194ad3357ffff', '89194ad33dbffff', '89194ad3353ffff', '89194ad330bffff', '89194ad334bffff', '89194ad33c3ffff', '89194ad335bffff', '89194ad3343ffff', '89194ad334fffff', '89194ad331bffff', '89194ad33cfffff', '89194ad1497ffff', '89194ad33cbffff', '89194ad3237ffff', '89194ad3223ffff', '89194ad33c7ffff', '89194ad3227ffff'}",38.0,202.0
89194ad3357ffff,"{'89194ad330fffff', '89194ad3347ffff', '89194ad3373ffff', '89194ad3357ffff', '89194ad3353ffff', '89194ad330bffff', '89194ad334bffff', '89194ad3313ffff', '89194ad33c3ffff', '89194ad335bffff', '89194ad3343ffff', '89194ad334fffff', '89194ad331bffff', '89194ad3303ffff', '89194ad33cfffff', '89194ad33cbffff', '89194ad33c7ffff', '89194ad3227ffff', '89194ad337bffff'}",4.0,156.0
89194ad335bffff,"{'89194ad322fffff', '89194ad1493ffff', '89194ad3347ffff', '89194ad3357ffff', '89194ad1483ffff', '89194ad3353ffff', '89194ad334bffff', '89194ad335bffff', '89194ad3343ffff', '89194ad334fffff', '89194ad322bffff', '89194ad1497ffff', '89194ad33cfffff', '89194ad1487ffff', '89194ad33cbffff', '89194ad3237ffff', '89194ad3223ffff', '89194ad3227ffff', '89194ad14b3ffff'}",8.0,221.0
89194ad3363ffff,"{'89194ad3377ffff', '89194ad336bffff', '89194ad333bffff', '89194ad330fffff', '89194ad1593ffff', '89194ad3367ffff', '89194ad3347ffff', '89194ad3373ffff', '89194ad14b7ffff', '89194ad15d3ffff', '89194ad14a7ffff', '89194ad330bffff', '89194ad15d7ffff', '89194ad159bffff', '89194ad336fffff', '89194ad3363ffff', '89194ad334fffff', '89194ad332bffff', '89194ad337bffff'}",17.0,132.0
89194ad3367ffff,"{'89194ad3377ffff', '89194ad1583ffff', '89194ad336bffff', '89194ad3323ffff', '89194ad333bffff', '89194ad1593ffff', '89194ad330fffff', '89194ad3367ffff', '89194ad158bffff', '89194ad3373ffff', '89194ad15d3ffff', '89194ad15d7ffff', '89194ad1597ffff', '89194ad159bffff', '89194ad332fffff', '89194ad336fffff', '89194ad3363ffff', '89194ad332bffff', '89194ad337bffff'}",24.0,80.0
89194ad336bffff,"{'89194ad3377ffff', '89194ad336bffff', '89194ad14b7ffff', '89194ad3367ffff', '89194ad3373ffff', '89194ad3347ffff', '89194ad15d3ffff', '89194ad14a7ffff', '89194ad15d7ffff', '89194ad14afffff', '89194ad159bffff', '89194ad336fffff', '89194ad3363ffff', '89194ad334fffff', '89194ad15dbffff', '89194ad15c3ffff', '89194ad14a3ffff', '89194ad14b3ffff', '89194ad337bffff'}",1.0,137.0
89194ad3373ffff,"{'89194ad3377ffff', '89194ad330fffff', '89194ad336bffff', '89194ad333bffff', '89194ad3347ffff', '89194ad14b7ffff', '89194ad3367ffff', '89194ad3373ffff', '89194ad3357ffff', '89194ad330bffff', '89194ad3307ffff', '89194ad336fffff', '89194ad3363ffff', '89194ad3343ffff', '89194ad334fffff', '89194ad331bffff', '89194ad3303ffff', '89194ad332bffff', '89194ad337bffff'}",8.0,135.0
89194ad3377ffff,"{'89194ad3377ffff', '89194ad333bffff', '89194ad330fffff', '89194ad336bffff', '89194ad1593ffff', '89194ad3323ffff', '89194ad3367ffff', '89194ad3347ffff', '89194ad3373ffff', '89194ad330bffff', '89194ad3307ffff', '89194ad159bffff', '89194ad332fffff', '89194ad336fffff', '89194ad3363ffff', '89194ad3303ffff', '89194ad332bffff', '89194ad3333ffff', '89194ad337bffff'}",8.0,130.0
89194ad337bffff,"{'89194ad3377ffff', '89194ad336bffff', '89194ad330fffff', '89194ad14b7ffff', '89194ad3347ffff', '89194ad3373ffff', '89194ad3367ffff', '89194ad3357ffff', '89194ad15d3ffff', '89194ad14a7ffff', '89194ad330bffff', '89194ad334bffff', '89194ad336fffff', '89194ad3363ffff', '89194ad3343ffff', '89194ad334fffff', '89194ad14a3ffff', '89194ad14b3ffff', '89194ad337bffff'}",1.0,127.0
89194ad3383ffff,"{'89194ad302bffff', '89194ad3387ffff', '89194ad3317ffff', '89194ad3393ffff', '89194ad3067ffff', '89194ad3313ffff', '89194ad315bffff', '89194ad338bffff', '89194ad33d7ffff', '89194ad306fffff', '89194ad3383ffff', '89194ad33b3ffff', '89194ad338fffff', '89194ad33bbffff', '89194ad3397ffff', '89194ad339bffff', '89194ad33c7ffff', '89194ad302fffff', '89194ad314bffff'}",17.0,172.0
89194ad3387ffff,"{'89194ad33abffff', '89194ad33b7ffff', '89194ad3387ffff', '89194ad3317ffff', '89194ad3393ffff', '89194ad3313ffff', '89194ad315bffff', '89194ad338bffff', '89194ad314fffff', '89194ad3143ffff', '89194ad3383ffff', '89194ad33b3ffff', '89194ad338fffff', '89194ad33bbffff', '89194ad3397ffff', '89194ad339bffff', '89194ad302fffff', '89194ad33a3ffff', '89194ad314bffff'}",6.0,124.0
89194ad338bffff,"{'89194ad3387ffff', '89194ad3317ffff', '89194ad33d3ffff', '89194ad3393ffff', '89194ad3067ffff', '89194ad3313ffff', '89194ad33c3ffff', '89194ad338bffff', '89194ad331bffff', '89194ad33d7ffff', '89194ad306fffff', '89194ad3303ffff', '89194ad3383ffff', '89194ad33cfffff', '89194ad338fffff', '89194ad33bbffff', '89194ad3397ffff', '89194ad339bffff', '89194ad33c7ffff'}",3.0,191.0
89194ad338fffff,"{'89194ad33abffff', '89194ad3387ffff', '89194ad3317ffff', '89194ad3393ffff', '89194ad3307ffff', '89194ad3313ffff', '89194ad338bffff', '89194ad331bffff', '89194ad33d7ffff', '89194ad3303ffff', '89194ad3383ffff', '89194ad33b3ffff', '89194ad338fffff', '89194ad33bbffff', '89194ad3397ffff', '89194ad339bffff', '89194ad33c7ffff', '89194ad33a3ffff', '89194ad314bffff'}",10.0,114.0
89194ad3393ffff,"{'89194ad302bffff', '89194ad3387ffff', '89194ad3023ffff', '89194ad3393ffff', '89194ad3067ffff', '89194ad338bffff', '89194ad315bffff', '89194ad33d7ffff', '89194ad3063ffff', '89194ad306fffff', '89194ad3383ffff', '89194ad303bffff', '89194ad314bffff', '89194ad338fffff', '89194ad3397ffff', '89194ad339bffff', '89194ad302fffff', '89194ad3027ffff', '89194ad3077ffff'}",6.0,191.0
89194ad3397ffff,"{'89194ad302bffff', '89194ad3387ffff', '89194ad3023ffff', '89194ad3393ffff', '89194ad3067ffff', '89194ad3153ffff', '89194ad338bffff', '89194ad315bffff', '89194ad314fffff', '89194ad3143ffff', '89194ad3383ffff', '89194ad33b3ffff', '89194ad314bffff', '89194ad338fffff', '89194ad33bbffff', '89194ad3397ffff', '89194ad339bffff', '89194ad302fffff', '89194ad3027ffff'}",20.0,163.0
89194ad339bffff,"{'89194ad302bffff', '89194ad3387ffff', '89194ad33d3ffff', '89194ad3393ffff', '89194ad3067ffff', '89194ad3313ffff', '89194ad33c3ffff', '89194ad338bffff', '89194ad33d7ffff', '89194ad306fffff', '89194ad3063ffff', '89194ad306bffff', '89194ad3383ffff', '89194ad338fffff', '89194ad3397ffff', '89194ad33c7ffff', '89194ad339bffff', '89194ad302fffff', '89194ad3077ffff'}",16.0,285.0
89194ad33a7ffff,"{'89194ad317bffff', '89194ad33abffff', '89194ad33b7ffff', '89194ad33a7ffff', '89194ad06cbffff', '89194ad06d3ffff', '89194ad314fffff', '89194ad06dbffff', '89194ad3337ffff', '89194ad33b3ffff', '89194ad316fffff', '89194ad33bbffff', '89194ad06c3ffff', '89194ad06d7ffff', '89194ad316bffff', '89194ad3163ffff', '89194ad33a3ffff', '89194ad3333ffff', '89194ad33afffff'}",1.0,59.0
89194ad33abffff,"{'89194ad33abffff', '89194ad33b7ffff', '89194ad330fffff', '89194ad333bffff', '89194ad3323ffff', '89194ad3387ffff', '89194ad3317ffff', '89194ad33a7ffff', '89194ad3307ffff', '89194ad3313ffff', '89194ad06dbffff', '89194ad3303ffff', '89194ad3337ffff', '89194ad33b3ffff', '89194ad338fffff', '89194ad33bbffff', '89194ad33a3ffff', '89194ad3333ffff', '89194ad33afffff'}",17.0,81.0
89194ad33afffff,"{'89194ad33abffff', '89194ad33b7ffff', '89194ad333bffff', '89194ad3323ffff', '89194ad3317ffff', '89194ad33a7ffff', '89194ad3307ffff', '89194ad06cbffff', '89194ad06d3ffff', '89194ad06dbffff', '89194ad3337ffff', '89194ad33b3ffff', '89194ad3327ffff', '89194ad33bbffff', '89194ad06c3ffff', '89194ad316bffff', '89194ad33a3ffff', '89194ad3333ffff', '89194ad33afffff'}",26.0,58.0
89194ad33b3ffff,"{'89194ad317bffff', '89194ad33abffff', '89194ad3147ffff', '89194ad33b7ffff', '89194ad3387ffff', '89194ad3317ffff', '89194ad33a7ffff', '89194ad315bffff', '89194ad314fffff', '89194ad3143ffff', '89194ad3383ffff', '89194ad33b3ffff', '89194ad338fffff', '89194ad33bbffff', '89194ad3397ffff', '89194ad316bffff', '89194ad33a3ffff', '89194ad314bffff', '89194ad33afffff'}",3.0,116.0
89194ad33c3ffff,"{'89194ad3357ffff', '89194ad32afffff', '89194ad33dbffff', '89194ad3353ffff', '89194ad33d3ffff', '89194ad3313ffff', '89194ad33c3ffff', '89194ad338bffff', '89194ad331bffff', '89194ad33d7ffff', '89194ad306fffff', '89194ad306bffff', '89194ad33cfffff', '89194ad33cbffff', '89194ad3237ffff', '89194ad339bffff', '89194ad33c7ffff', '89194ad3227ffff', '89194ad32a7ffff'}",22.0,270.0
89194ad33c7ffff,"{'89194ad3357ffff', '89194ad3317ffff', '89194ad33d3ffff', '89194ad3353ffff', '89194ad33dbffff', '89194ad330bffff', '89194ad3313ffff', '89194ad33c3ffff', '89194ad338bffff', '89194ad331bffff', '89194ad33d7ffff', '89194ad3303ffff', '89194ad306fffff', '89194ad3383ffff', '89194ad33cfffff', '89194ad338fffff', '89194ad33cbffff', '89194ad339bffff', '89194ad33c7ffff'}",1.0,203.0
89194ad33cbffff,"{'89194ad322fffff', '89194ad3233ffff', '89194ad3357ffff', '89194ad32afffff', '89194ad33dbffff', '89194ad3353ffff', '89194ad33d3ffff', '89194ad33c3ffff', '89194ad335bffff', '89194ad3343ffff', '89194ad331bffff', '89194ad33d7ffff', '89194ad33cfffff', '89194ad33cbffff', '89194ad3237ffff', '89194ad3223ffff', '89194ad33c7ffff', '89194ad3227ffff', '89194ad32a7ffff'}",4.0,220.0
89194ad33cfffff,"{'89194ad3347ffff', '89194ad3357ffff', '89194ad33dbffff', '89194ad3353ffff', '89194ad33d3ffff', '89194ad330bffff', '89194ad3313ffff', '89194ad33c3ffff', '89194ad335bffff', '89194ad338bffff', '89194ad3343ffff', '89194ad331bffff', '89194ad33d7ffff', '89194ad3303ffff', '89194ad33cfffff', '89194ad33cbffff', '89194ad3237ffff', '89194ad33c7ffff', '89194ad3227ffff'}",4.0,202.0
89194ad33d3ffff,"{'89194ad32b7ffff', '89194ad32afffff', '89194ad33dbffff', '89194ad33d3ffff', '89194ad307bffff', '89194ad3067ffff', '89194ad33c3ffff', '89194ad338bffff', '89194ad33d7ffff', '89194ad306fffff', '89194ad3063ffff', '89194ad306bffff', '89194ad33cfffff', '89194ad33cbffff', '89194ad3237ffff', '89194ad339bffff', '89194ad33c7ffff', '89194ad32a7ffff', '89194ad32a3ffff'}",27.0,263.0
89194ad33d7ffff,"{'89194ad33d3ffff', '89194ad33dbffff', '89194ad3393ffff', '89194ad3067ffff', '89194ad3313ffff', '89194ad33c3ffff', '89194ad338bffff', '89194ad331bffff', '89194ad33d7ffff', '89194ad306fffff', '89194ad3063ffff', '89194ad306bffff', '89194ad33cfffff', '89194ad3383ffff', '89194ad338fffff', '89194ad33cbffff', '89194ad339bffff', '89194ad33c7ffff', '89194ad32a7ffff'}",2.0,267.0
89194ad33dbffff,"{'89194ad3233ffff', '89194ad32b7ffff', '89194ad32afffff', '89194ad33d3ffff', '89194ad3353ffff', '89194ad33dbffff', '89194ad33c3ffff', '89194ad33d7ffff', '89194ad306fffff', '89194ad306bffff', '89194ad33cfffff', '89194ad33cbffff', '89194ad3237ffff', '89194ad3223ffff', '89194ad33c7ffff', '89194ad3227ffff', '89194ad32abffff', '89194ad32a7ffff', '89194ad32a3ffff'}",17.0,281.0
89194ad3403ffff,"{'89194ad3447ffff', '89194ad3407ffff', '89194ad3403ffff', '89194ad34bbffff', '89194ad348fffff', '89194ad3457ffff', '89194ad3413ffff', '89194ad34c7ffff', '89194ad34abffff', '89194ad341bffff', '89194ad3473ffff', '89194ad3433ffff', '89194ad340bffff', '89194ad343bffff', '89194ad3417ffff', '89194ad348bffff', '89194ad340fffff', '89194ad3477ffff', '89194ad34cfffff'}",12.0,155.0
89194ad340bffff,"{'89194ad3447ffff', '89194ad3407ffff', '89194ad3403ffff', '89194ad3453ffff', '89194ad3463ffff', '89194ad34cfffff', '89194ad3457ffff', '89194ad3413ffff', '89194ad34c7ffff', '89194ad344fffff', '89194ad341bffff', '89194ad3473ffff', '89194ad3443ffff', '89194ad340bffff', '89194ad343bffff', '89194ad3417ffff', '89194ad340fffff', '89194ad3477ffff', '89194ad347bffff'}",5.0,138.0
89194ad340fffff,"{'89194ad3447ffff', '89194ad3407ffff', '89194ad3467ffff', '89194ad3403ffff', '89194ad3463ffff', '89194ad342bffff', '89194ad3457ffff', '89194ad3413ffff', '89194ad34abffff', '89194ad341bffff', '89194ad3473ffff', '89194ad3433ffff', '89194ad340bffff', '89194ad343bffff', '89194ad3417ffff', '89194ad340fffff', '89194ad3477ffff', '89194ad347bffff', '89194ad3423ffff'}",3.0,154.0
89194ad3413ffff,"{'89194ad3407ffff', '89194ad3403ffff', '89194ad3483ffff', '89194ad34c3ffff', '89194ad348fffff', '89194ad34bbffff', '89194ad349bffff', '89194ad3457ffff', '89194ad3413ffff', '89194ad34c7ffff', '89194ad34abffff', '89194ad341bffff', '89194ad3487ffff', '89194ad34d7ffff', '89194ad340bffff', '89194ad3417ffff', '89194ad348bffff', '89194ad340fffff', '89194ad34cfffff'}",1.0,124.0
89194ad3417ffff,"{'89194ad3407ffff', '89194ad3403ffff', '89194ad3483ffff', '89194ad34bbffff', '89194ad348fffff', '89194ad34b3ffff', '89194ad3413ffff', '89194ad34c7ffff', '89194ad34abffff', '89194ad341bffff', '89194ad3487ffff', '89194ad34afffff', '89194ad3433ffff', '89194ad340bffff', '89194ad343bffff', '89194ad3417ffff', '89194ad348bffff', '89194ad340fffff', '89194ad34a3ffff'}",9.0,183.0
89194ad3423ffff,"{'89194ad342fffff', '89194ad3407ffff', '89194ad3467ffff', '89194ad3437ffff', '89194ad3093ffff', '89194ad35dbffff', '89194ad342bffff', '89194ad3427ffff', '89194ad3553ffff', '89194ad355bffff', '89194ad34abffff', '89194ad34afffff', '89194ad3097ffff', '89194ad3433ffff', '89194ad343bffff', '89194ad35cbffff', '89194ad340fffff', '89194ad3477ffff', '89194ad3423ffff'}",2.0,169.0
89194ad3427ffff,"{'89194ad342fffff', '89194ad3437ffff', '89194ad3543ffff', '89194ad35dbffff', '89194ad3093ffff', '89194ad342bffff', '89194ad354bffff', '89194ad3427ffff', '89194ad3553ffff', '89194ad3557ffff', '89194ad35c3ffff', '89194ad35cfffff', '89194ad34afffff', '89194ad3097ffff', '89194ad3433ffff', '89194ad343bffff', '89194ad35cbffff', '89194ad355bffff', '89194ad3423ffff'}",1.0,189.0
89194ad342bffff,"{'89194ad3467ffff', '89194ad342fffff', '89194ad3407ffff', '89194ad3437ffff', '89194ad3093ffff', '89194ad3463ffff', '89194ad342bffff', '89194ad3083ffff', '89194ad3427ffff', '89194ad3423ffff', '89194ad355bffff', '89194ad3473ffff', '89194ad3097ffff', '89194ad3433ffff', '89194ad343bffff', '89194ad340fffff', '89194ad346fffff', '89194ad3477ffff', '89194ad309bffff'}",1.0,323.0
89194ad342fffff,"{'89194ad3467ffff', '89194ad3087ffff', '89194ad342fffff', '89194ad3437ffff', '89194ad3543ffff', '89194ad3093ffff', '89194ad342bffff', '89194ad354bffff', '89194ad3083ffff', '89194ad3427ffff', '89194ad3423ffff', '89194ad3553ffff', '89194ad3097ffff', '89194ad3433ffff', '89194ad343bffff', '89194ad35cbffff', '89194ad355bffff', '89194ad3477ffff', '89194ad309bffff'}",2.0,338.0
89194ad3433ffff,"{'89194ad3407ffff', '89194ad342fffff', '89194ad3403ffff', '89194ad3437ffff', '89194ad35dbffff', '89194ad34bbffff', '89194ad342bffff', '89194ad3427ffff', '89194ad34abffff', '89194ad34afffff', '89194ad34a7ffff', '89194ad3433ffff', '89194ad343bffff', '89194ad3417ffff', '89194ad35cbffff', '89194ad340fffff', '89194ad3477ffff', '89194ad34a3ffff', '89194ad3423ffff'}",11.0,150.0
89194ad3437ffff,"{'89194ad3407ffff', '89194ad342fffff', '89194ad3437ffff', '89194ad35dbffff', '89194ad342bffff', '89194ad3427ffff', '89194ad3553ffff', '89194ad35c3ffff', '89194ad34abffff', '89194ad35cfffff', '89194ad34afffff', '89194ad34a7ffff', '89194ad35d3ffff', '89194ad3433ffff', '89194ad343bffff', '89194ad35cbffff', '89194ad355bffff', '89194ad34a3ffff', '89194ad3423ffff'}",4.0,158.0
89194ad343bffff,"{'89194ad3407ffff', '89194ad3467ffff', '89194ad342fffff', '89194ad3403ffff', '89194ad3437ffff', '89194ad342bffff', '89194ad3463ffff', '89194ad3427ffff', '89194ad34abffff', '89194ad34afffff', '89194ad3473ffff', '89194ad3433ffff', '89194ad343bffff', '89194ad340bffff', '89194ad3093ffff', '89194ad3417ffff', '89194ad340fffff', '89194ad3477ffff', '89194ad3423ffff'}",16.0,159.0
89194ad3443ffff,"{'89194ad3447ffff', '89194ad3687ffff', '89194ad3697ffff', '89194ad3453ffff', '89194ad347bffff', '89194ad34cbffff', '89194ad3457ffff', '89194ad34cfffff', '89194ad344fffff', '89194ad36b3ffff', '89194ad341bffff', '89195da6927ffff', '89194ad3473ffff', '89194ad3443ffff', '89194ad340bffff', '89194ad344bffff', '89194ad345bffff', '89194ad36b7ffff', '89195da692fffff'}",12.0,107.0
89194ad3447ffff,"{'89194ad3447ffff', '89194ad3403ffff', '89194ad36b7ffff', '89194ad3453ffff', '89194ad3463ffff', '89194ad34cfffff', '89194ad3457ffff', '89194ad344fffff', '89194ad36b3ffff', '89194ad341bffff', '89194ad3473ffff', '89194ad346bffff', '89194ad3443ffff', '89194ad340bffff', '89194ad344bffff', '89194ad345bffff', '89194ad340fffff', '89194ad3477ffff', '89194ad347bffff'}",9.0,177.0
89194ad344bffff,"{'89194ad3447ffff', '89194ad3687ffff', '89194ad36bbffff', '89194ad36b7ffff', '89194ad3697ffff', '89194ad3453ffff', '89194ad3457ffff', '89194ad344bffff', '89194ad368fffff', '89194ad344fffff', '89194ad36b3ffff', '89195da6927ffff', '89194ad3693ffff', '89194ad3683ffff', '89194ad36a3ffff', '89194ad3443ffff', '89194ad345bffff', '89194ad347bffff', '89195da692fffff'}",3.0,102.0
89194ad344fffff,"{'89194ad3447ffff', '89194ad3687ffff', '89194ad36bbffff', '89194ad36b7ffff', '89194ad3697ffff', '89194ad3453ffff', '89194ad3463ffff', '89194ad3457ffff', '89194ad344bffff', '89194ad36a7ffff', '89194ad36b3ffff', '89194ad344fffff', '89194ad346bffff', '89194ad3473ffff', '89194ad36a3ffff', '89194ad340bffff', '89194ad3443ffff', '89194ad345bffff', '89194ad347bffff'}",14.0,210.0
89194ad3453ffff,"{'89194ad3447ffff', '89194ad3697ffff', '89195da6937ffff', '89194ad34c3ffff', '89194ad3453ffff', '89194ad34cbffff', '89194ad3457ffff', '89194ad344fffff', '89194ad34c7ffff', '89194ad341bffff', '89195da6927ffff', '89194ad34dbffff', '89195da6923ffff', '89194ad3443ffff', '89194ad340bffff', '89194ad344bffff', '89194ad345bffff', '89194ad34cfffff', '89195da692fffff'}",7.0,76.0
89194ad345bffff,"{'89194ad3447ffff', '89194ad3687ffff', '89194ad3697ffff', '89195da6937ffff', '89194ad3453ffff', '89194ad34cbffff', '89195da692bffff', '89194ad3457ffff', '89194ad344fffff', '89194ad36b3ffff', '89195da6927ffff', '89194ad3693ffff', '89194ad3683ffff', '89195da6923ffff', '89194ad3443ffff', '89194ad344bffff', '89194ad345bffff', '89194ad34cfffff', '89195da692fffff'}",1.0,72.0
89194ad3463ffff,"{'89194ad3447ffff', '89194ad3467ffff', '89194ad36b7ffff', '89194ad3093ffff', '89194ad30d7ffff', '89194ad342bffff', '89194ad3463ffff', '89194ad36a7ffff', '89194ad344fffff', '89194ad346bffff', '89194ad3473ffff', '89194ad340bffff', '89194ad30d3ffff', '89194ad343bffff', '89194ad340fffff', '89194ad346fffff', '89194ad3477ffff', '89194ad347bffff', '89194ad309bffff'}",7.0,407.0
89194ad3467ffff,"{'89194ad342fffff', '89194ad3467ffff', '89194ad3093ffff', '89194ad309bffff', '89194ad30d7ffff', '89194ad3463ffff', '89194ad342bffff', '89194ad3083ffff', '89194ad308bffff', '89194ad3473ffff', '89194ad346bffff', '89194ad3097ffff', '89194ad30d3ffff', '89194ad343bffff', '89194ad340fffff', '89194ad346fffff', '89194ad3477ffff', '89194ad347bffff', '89194ad3423ffff'}",34.0,463.0
89194ad346bffff,"{'89194ad3447ffff', '89194ad3467ffff', '89194ad36b7ffff', '89194ad30d7ffff', '89194ad3463ffff', '89194ad344fffff', '89194ad36b3ffff', '89194ad36a7ffff', '89194ad30dbffff', '89194ad30c3ffff', '89194ad3473ffff', '89194ad346bffff', '89194ad36a3ffff', '89194ad30d3ffff', '89194ad36afffff', '89194ad346fffff', '89194ad3477ffff', '89194ad347bffff', '89194ad309bffff'}",39.0,441.0
89194ad346fffff,"{'89194ad3467ffff', '89194ad36b7ffff', '89194ad30d7ffff', '89194ad3463ffff', '89194ad342bffff', '89194ad3083ffff', '89194ad36a7ffff', '89194ad30dbffff', '89194ad308bffff', '89194ad30c3ffff', '89194ad346bffff', '89194ad3473ffff', '89194ad30d3ffff', '89194ad30c7ffff', '89194ad3093ffff', '89194ad346fffff', '89194ad3477ffff', '89194ad347bffff', '89194ad309bffff'}",34.0,567.0
89194ad3473ffff,"{'89194ad3447ffff', '89194ad3467ffff', '89194ad3407ffff', '89194ad3403ffff', '89194ad36b7ffff', '89194ad3463ffff', '89194ad342bffff', '89194ad3457ffff', '89194ad344fffff', '89194ad341bffff', '89194ad346bffff', '89194ad3473ffff', '89194ad3443ffff', '89194ad340bffff', '89194ad343bffff', '89194ad340fffff', '89194ad346fffff', '89194ad3477ffff', '89194ad347bffff'}",15.0,247.0
89194ad3477ffff,"{'89194ad3447ffff', '89194ad3467ffff', '89194ad342fffff', '89194ad3407ffff', '89194ad3403ffff', '89194ad3093ffff', '89194ad309bffff', '89194ad342bffff', '89194ad3463ffff', '89194ad3473ffff', '89194ad346bffff', '89194ad3433ffff', '89194ad340bffff', '89194ad343bffff', '89194ad340fffff', '89194ad346fffff', '89194ad3477ffff', '89194ad347bffff', '89194ad3423ffff'}",13.0,304.0
89194ad347bffff,"{'89194ad3447ffff', '89194ad3467ffff', '89194ad3463ffff', '89194ad347bffff', '89194ad3457ffff', '89194ad36a7ffff', '89194ad36b3ffff', '89194ad344fffff', '89194ad346bffff', '89194ad3473ffff', '89194ad36a3ffff', '89194ad3443ffff', '89194ad340bffff', '89194ad30d3ffff', '89194ad344bffff', '89194ad340fffff', '89194ad346fffff', '89194ad3477ffff', '89194ad36b7ffff'}",15.0,300.0
89194ad3483ffff,"{'89194e69b5bffff', '89194e69a6fffff', '89194e69a2fffff', '89194e69a67ffff', '89194ad3483ffff', '89194ad34bbffff', '89194ad348fffff', '89194ad3497ffff', '89194ad349bffff', '89194e69b4bffff', '89194ad34b3ffff', '89194ad3413ffff', '89194ad34c7ffff', '89194ad3487ffff', '89194e69a2bffff', '89194ad34d7ffff', '89194ad3417ffff', '89194ad348bffff', '89194ad3493ffff'}",23.0,142.0
89194ad3487ffff,"{'89194e69b5bffff', '89194e69a2fffff', '89194ad3483ffff', '89194ad34bbffff', '89194ad348fffff', '89194ad3497ffff', '89194ad349bffff', '89194e69b4bffff', '89194ad34b3ffff', '89194ad3413ffff', '89194ad34abffff', '89194ad34b7ffff', '89194ad3487ffff', '89194e69b43ffff', '89194ad3417ffff', '89194ad348bffff', '89194ad3493ffff', '89194ad34a3ffff', '89194e69b4fffff'}",7.0,160.0
89194ad348bffff,"{'89194ad3403ffff', '89194e69a6fffff', '89194e69a67ffff', '89194ad3483ffff', '89194ad34c3ffff', '89194ad348fffff', '89194ad3497ffff', '89194ad349bffff', '89194ad34bbffff', '89194ad34d3ffff', '89194ad3413ffff', '89194ad34c7ffff', '89194ad341bffff', '89194ad3487ffff', '89194ad34d7ffff', '89194ad3417ffff', '89194ad348bffff', '89194ad3493ffff', '89194ad34cfffff'}",20.0,143.0
89194ad348fffff,"{'89194ad3407ffff', '89194ad3403ffff', '89194ad3483ffff', '89194ad34bbffff', '89194e69b4bffff', '89194ad3497ffff', '89194ad349bffff', '89194ad348fffff', '89194ad34b3ffff', '89194ad3413ffff', '89194ad34c7ffff', '89194ad34abffff', '89194ad341bffff', '89194ad3487ffff', '89194ad34d7ffff', '89194ad3417ffff', '89194ad348bffff', '89194ad3493ffff', '89194ad34a3ffff'}",16.0,159.0
89194ad3493ffff,"{'89194e69b5bffff', '89194e69a27ffff', '89194e69a6fffff', '89194e69a2fffff', '89194ad3483ffff', '89194e69a67ffff', '89194e69a23ffff', '89194ad348fffff', '89194ad3497ffff', '89194ad349bffff', '89194e69b4bffff', '89194e69a3bffff', '89194e69a63ffff', '89194ad3487ffff', '89194e69a2bffff', '89194ad34d7ffff', '89194ad348bffff', '89194ad3493ffff', '89194e69a77ffff'}",27.0,130.0
89194ad34a3ffff,"{'89194ad3407ffff', '89194ad3437ffff', '89194ad35dbffff', '89194e69b6bffff', '89194ad348fffff', '89194ad34bbffff', '89194e69b4bffff', '89194ad34b3ffff', '89194e69b7bffff', '89194ad34abffff', '89194ad34b7ffff', '89194ad3487ffff', '89194ad34afffff', '89194ad34a7ffff', '89194ad35d3ffff', '89194ad3433ffff', '89194ad3417ffff', '89194ad34a3ffff', '89194e69b4fffff'}",14.0,138.0
89194ad34a7ffff,"{'89194ad35d7ffff', '89194e69b6fffff', '89194ad3437ffff', '89194ad35dbffff', '89194e69b6bffff', '89194ad34bbffff', '89194e69b63ffff', '89194ad34b3ffff', '89194e69b7bffff', '89194ad35c3ffff', '89194ad34abffff', '89194ad34b7ffff', '89194ad34afffff', '89194ad34a7ffff', '89194ad35d3ffff', '89194ad3433ffff', '89194ad35cbffff', '89194ad34a3ffff', '89194e69b4fffff'}",12.0,130.0
89194ad34abffff,"{'89194ad3407ffff', '89194ad3403ffff', '89194ad3437ffff', '89194ad35dbffff', '89194ad34bbffff', '89194ad348fffff', '89194ad34b3ffff', '89194ad3413ffff', '89194ad34abffff', '89194ad34b7ffff', '89194ad3487ffff', '89194ad34afffff', '89194ad34a7ffff', '89194ad3433ffff', '89194ad343bffff', '89194ad3417ffff', '89194ad340fffff', '89194ad34a3ffff', '89194ad3423ffff'}",1.0,163.0
89194ad34afffff,"{'89194ad3407ffff', '89194ad3437ffff', '89194ad35dbffff', '89194e69b6bffff', '89194ad34bbffff', '89194ad3427ffff', '89194ad34b3ffff', '89194ad35c3ffff', '89194ad34abffff', '89194ad34b7ffff', '89194ad34afffff', '89194ad34a7ffff', '89194ad35d3ffff', '89194ad3433ffff', '89194ad343bffff', '89194ad3417ffff', '89194ad35cbffff', '89194ad34a3ffff', '89194ad3423ffff'}",21.0,148.0
89194ad34b7ffff,"{'89194e69b6fffff', '89194ad35dbffff', '89194e69b6bffff', '89194e69b4bffff', '89194ad34bbffff', '89194e69b63ffff', '89194ad34b3ffff', '89194e69b7bffff', '89194ad34abffff', '89194ad34b7ffff', '89194ad3487ffff', '89194ad34afffff', '89194e69b73ffff', '89194e69b47ffff', '89194ad34a7ffff', '89194e69b43ffff', '89194ad35d3ffff', '89194ad34a3ffff', '89194e69b4fffff'}",9.0,106.0
89194ad34bbffff,"{'89194ad3407ffff', '89194ad3403ffff', '89194ad3483ffff', '89194e69b4bffff', '89194ad348fffff', '89194ad3497ffff', '89194ad34bbffff', '89194ad34b3ffff', '89194ad3413ffff', '89194ad34abffff', '89194ad34b7ffff', '89194ad3487ffff', '89194ad34afffff', '89194ad34a7ffff', '89194ad3433ffff', '89194ad3417ffff', '89194ad348bffff', '89194ad34a3ffff', '89194e69b4fffff'}",24.0,185.0
89194ad34c3ffff,"{'89195da69afffff', '89195da69a7ffff', '89194e69a6fffff', '89195da6937ffff', '89194ad3453ffff', '89194ad34c3ffff', '89194ad349bffff', '89194ad34cbffff', '89194ad3457ffff', '89194ad34d3ffff', '89194ad3413ffff', '89194ad34c7ffff', '89194ad341bffff', '89195da6927ffff', '89194e69a6bffff', '89194ad34dbffff', '89194ad34d7ffff', '89194ad348bffff', '89194ad34cfffff'}",3.0,81.0
89194ad34cbffff,"{'89195da69afffff', '89195da69a7ffff', '89195da6937ffff', '89194ad3453ffff', '89194ad34c3ffff', '89194ad34cbffff', '89194ad3457ffff', '89194ad34d3ffff', '89194ad34c7ffff', '89194ad341bffff', '89195da6927ffff', '89194ad34dbffff', '89195da6923ffff', '89195da6933ffff', '89194ad34d7ffff', '89194ad3443ffff', '89194ad345bffff', '89194ad34cfffff', '89195da692fffff'}",3.0,74.0
89194ad34dbffff,"{'89195da69b7ffff', '89195da69afffff', '89195da69a7ffff', '89194e69a6fffff', '89195da6937ffff', '89194ad3453ffff', '89194ad34c3ffff', '89194ad34cbffff', '89194ad34d3ffff', '89195da69a3ffff', '89194ad34c7ffff', '89195da6927ffff', '89194e69a6bffff', '89194ad34dbffff', '89195da69abffff', '89195da6923ffff', '89195da6933ffff', '89194ad34d7ffff', '89194ad34cfffff'}",3.0,106.0
89194ad3503ffff,"{'89194ad3547ffff', '89194ad358fffff', '89194ad3507ffff', '89194ad35abffff', '89194ad3513ffff', '89194ad3517ffff', '89194ad3573ffff', '89194ad350fffff', '89194ad35bbffff', '89194ad351bffff', '89194ad35c7ffff', '89194ad3557ffff', '89194ad350bffff', '89194ad35cfffff', '89194ad358bffff', '89194ad353bffff', '89194ad3533ffff', '89194ad3577ffff', '89194ad3503ffff'}",4.0,60.0
89194ad3507ffff,"{'89194ad358fffff', '89194ad3517ffff', '89194ad35abffff', '89194ad3513ffff', '89194ad3573ffff', '89194ad3507ffff', '89194ad350fffff', '89194ad35bbffff', '89194ad351bffff', '89194ad35a3ffff', '89194ad352bffff', '89194ad350bffff', '89194ad3537ffff', '89194ad35afffff', '89194ad353bffff', '89194ad3533ffff', '89194ad3523ffff', '89194ad3577ffff', '89194ad3503ffff'}",11.0,49.0
89194ad350bffff,"{'89194ad3547ffff', '89194ad3543ffff', '89194ad3573ffff', '89194ad3507ffff', '89194ad3513ffff', '89194ad3517ffff', '89194ad350fffff', '89194ad351bffff', '89194ad35c7ffff', '89194ad3553ffff', '89194ad3557ffff', '89194ad3563ffff', '89194ad350bffff', '89194ad357bffff', '89194ad35cfffff', '89194ad353bffff', '89194ad354fffff', '89194ad3577ffff', '89194ad3503ffff'}",3.0,91.0
89194ad3513ffff,"{'89194ad35d7ffff', '89194ad3587ffff', '89194ad358fffff', '89194ad3517ffff', '89194ad35abffff', '89194ad3507ffff', '89194ad3513ffff', '89194ad350fffff', '89194ad35bbffff', '89194ad351bffff', '89194ad35c7ffff', '89194ad3557ffff', '89194ad35c3ffff', '89194ad350bffff', '89194ad358bffff', '89194ad35cfffff', '89194ad3583ffff', '89194ad359bffff', '89194ad3503ffff'}",3.0,77.0
89194ad3517ffff,"{'89194ad3587ffff', '89194ad358fffff', '89194ad3507ffff', '89194ad35abffff', '89194ad3513ffff', '89194ad3517ffff', '89194ad350fffff', '89194ad35bbffff', '89194ad351bffff', '89194ad35c7ffff', '89194ad35a3ffff', '89194ad350bffff', '89194ad35afffff', '89194ad358bffff', '89194ad3583ffff', '89194ad353bffff', '89194ad3533ffff', '89194ad35b3ffff', '89194ad3503ffff'}",3.0,47.0
89194ad3523ffff,"{'89194ad352fffff', '89194ad3507ffff', '89194ad35abffff', '89194ad3567ffff', '89194ad3193ffff', '89194ad350fffff', '89194ad352bffff', '89194ad3197ffff', '89194ad3537ffff', '89194ad35afffff', '89194ad22cbffff', '89194ad3527ffff', '89194ad353bffff', '89194ad3533ffff', '89194ad225bffff', '89194ad3523ffff', '89194ad3577ffff', '89194ad22dbffff', '89194ad2253ffff'}",1.0,23.0
89194ad352bffff,"{'89194ad319bffff', '89194ad352fffff', '89194ad3573ffff', '89194ad3507ffff', '89194ad3193ffff', '89194ad3567ffff', '89194ad350fffff', '89194ad356fffff', '89194ad3183ffff', '89194ad3563ffff', '89194ad352bffff', '89194ad3197ffff', '89194ad3537ffff', '89194ad3527ffff', '89194ad353bffff', '89194ad3533ffff', '89194ad225bffff', '89194ad3523ffff', '89194ad3577ffff'}",1.0,21.0
89194ad3533ffff,"{'89194ad352fffff', '89194ad3507ffff', '89194ad35abffff', '89194ad3517ffff', '89194ad350fffff', '89194ad35bbffff', '89194ad35a3ffff', '89194ad352bffff', '89194ad3537ffff', '89194ad35afffff', '89194ad22cbffff', '89194ad3527ffff', '89194ad353bffff', '89194ad3533ffff', '89194ad3523ffff', '89194ad3577ffff', '89194ad22dbffff', '89194ad3503ffff', '89194ad35a7ffff'}",3.0,38.0
89194ad3537ffff,"{'89194ad22c3ffff', '89194ad352fffff', '89194ad22cfffff', '89194ad35abffff', '89194ad3507ffff', '89194ad22d3ffff', '89194ad35a3ffff', '89194ad352bffff', '89194ad35afffff', '89194ad3537ffff', '89194ad22cbffff', '89194ad3527ffff', '89194ad353bffff', '89194ad3533ffff', '89194ad225bffff', '89194ad3523ffff', '89194ad22dbffff', '89194ad2253ffff', '89194ad35a7ffff'}",1.0,40.0
89194ad3543ffff,"{'89194ad3547ffff', '89194ad342fffff', '89194ad30b7ffff', '89194ad3543ffff', '89194ad3573ffff', '89194ad354bffff', '89194ad3427ffff', '89194ad351bffff', '89194ad3553ffff', '89194ad3557ffff', '89194ad35cbffff', '89194ad350bffff', '89194ad357bffff', '89194ad35cfffff', '89194ad3097ffff', '89194ad354fffff', '89194ad30b3ffff', '89194ad355bffff', '89194ad3087ffff'}",14.0,178.0
89194ad3547ffff,"{'89194ad3547ffff', '89194ad30b7ffff', '89194ad356bffff', '89194ad3543ffff', '89194ad3573ffff', '89194ad354bffff', '89194ad350fffff', '89194ad351bffff', '89194ad3553ffff', '89194ad3557ffff', '89194ad3563ffff', '89194ad350bffff', '89194ad357bffff', '89194ad35cfffff', '89194ad354fffff', '89194ad3577ffff', '89194ad3503ffff', '89194ad30b3ffff', '89194ad355bffff'}",5.0,135.0
89194ad354bffff,"{'89194ad342fffff', '89194ad3547ffff', '89194ad30b7ffff', '89194ad3543ffff', '89194ad354bffff', '89194ad308fffff', '89194ad3083ffff', '89194ad3427ffff', '89194ad30a3ffff', '89194ad3553ffff', '89194ad3557ffff', '89194ad357bffff', '89194ad3097ffff', '89194ad30bbffff', '89194ad354fffff', '89194ad3093ffff', '89194ad30b3ffff', '89194ad355bffff', '89194ad3087ffff'}",21.0,246.0
89194ad354fffff,"{'89194ad3547ffff', '89194ad30b7ffff', '89194ad356bffff', '89194ad3543ffff', '89194ad3573ffff', '89194ad30a7ffff', '89194ad354bffff', '89194ad30a3ffff', '89194ad3553ffff', '89194ad3557ffff', '89194ad3563ffff', '89194ad350bffff', '89194ad357bffff', '89194ad3097ffff', '89194ad30bbffff', '89194ad354fffff', '89194ad30b3ffff', '89194ad355bffff', '89194ad3087ffff'}",7.0,171.0
89194ad3553ffff,"{'89194ad342fffff', '89194ad3547ffff', '89194ad3437ffff', '89194ad3543ffff', '89194ad35dbffff', '89194ad354bffff', '89194ad3427ffff', '89194ad351bffff', '89194ad35c7ffff', '89194ad3553ffff', '89194ad3557ffff', '89194ad35c3ffff', '89194ad350bffff', '89194ad35cfffff', '89194ad3097ffff', '89194ad354fffff', '89194ad35cbffff', '89194ad355bffff', '89194ad3423ffff'}",16.0,153.0
89194ad355bffff,"{'89194ad342fffff', '89194ad3547ffff', '89194ad3087ffff', '89194ad3437ffff', '89194ad3543ffff', '89194ad342bffff', '89194ad354bffff', '89194ad3083ffff', '89194ad3427ffff', '89194ad3553ffff', '89194ad3557ffff', '89194ad35cbffff', '89194ad35cfffff', '89194ad3097ffff', '89194ad354fffff', '89194ad3093ffff', '89194ad30b3ffff', '89194ad355bffff', '89194ad3423ffff'}",16.0,226.0
89194ad3567ffff,"{'89194ad319bffff', '89194ad352fffff', '89194ad356bffff', '89194ad3573ffff', '89194ad3193ffff', '89194ad3567ffff', '89194ad350fffff', '89194ad356fffff', '89194ad3183ffff', '89194ad3563ffff', '89194ad352bffff', '89194ad3197ffff', '89194ad31d3ffff', '89194ad357bffff', '89194ad31d7ffff', '89194ad318bffff', '89194ad353bffff', '89194ad3523ffff', '89194ad3577ffff'}",1.0,20.0
89194ad356bffff,"{'89194ad3547ffff', '89194ad319bffff', '89194ad31c3ffff', '89194ad30b7ffff', '89194ad356bffff', '89194ad3573ffff', '89194ad3567ffff', '89194ad30a7ffff', '89194ad30a3ffff', '89194ad356fffff', '89194ad3563ffff', '89194ad31d3ffff', '89194ad357bffff', '89194ad31d7ffff', '89194ad31dbffff', '89194ad354fffff', '89194ad3577ffff', '89194ad30afffff', '89194ad30b3ffff'}",1.0,65.0
89194ad356fffff,"{'89194ad319bffff', '89194ad31c3ffff', '89194ad30b7ffff', '89194ad356bffff', '89194ad3573ffff', '89194ad3567ffff', '89194ad3193ffff', '89194ad30a7ffff', '89194ad356fffff', '89194ad3183ffff', '89194ad3563ffff', '89194ad352bffff', '89194ad31d3ffff', '89194ad31d7ffff', '89194ad357bffff', '89194ad318bffff', '89194ad31dbffff', '89194ad3577ffff', '89194ad31c7ffff'}",1.0,32.0
89194ad3573ffff,"{'89194ad3547ffff', '89194ad30b7ffff', '89194ad356bffff', '89194ad3543ffff', '89194ad3507ffff', '89194ad3573ffff', '89194ad3567ffff', '89194ad350fffff', '89194ad351bffff', '89194ad356fffff', '89194ad3557ffff', '89194ad3563ffff', '89194ad352bffff', '89194ad350bffff', '89194ad357bffff', '89194ad353bffff', '89194ad3577ffff', '89194ad354fffff', '89194ad3503ffff'}",1.0,62.0
89194ad357bffff,"{'89194ad3547ffff', '89194ad30b7ffff', '89194ad356bffff', '89194ad3543ffff', '89194ad3573ffff', '89194ad3567ffff', '89194ad30a7ffff', '89194ad354bffff', '89194ad350fffff', '89194ad30a3ffff', '89194ad356fffff', '89194ad3557ffff', '89194ad3563ffff', '89194ad350bffff', '89194ad31d3ffff', '89194ad357bffff', '89194ad354fffff', '89194ad3577ffff', '89194ad30b3ffff'}",5.0,92.0
89194ad358fffff,"{'89194ad35d7ffff', '89194ad3587ffff', '89194ad358fffff', '89194ad3517ffff', '89194ad35abffff', '89194ad3513ffff', '89194ad3597ffff', '89194ad264bffff', '89194ad3507ffff', '89194ad35bbffff', '89194ad351bffff', '89194ad35c7ffff', '89194ad35a3ffff', '89194ad3593ffff', '89194ad358bffff', '89194ad3583ffff', '89194ad35b3ffff', '89194ad359bffff', '89194ad3503ffff'}",5.0,61.0
89194ad3593ffff,"{'89194ad35d7ffff', '89194e69b6fffff', '89194ad3587ffff', '89194e69b67ffff', '89194e69b77ffff', '89194ad358fffff', '89194e69b3bffff', '89194e69b63ffff', '89194ad3597ffff', '89194e69b27ffff', '89194ad264bffff', '89194e69b2fffff', '89194ad265bffff', '89194ad3593ffff', '89194ad358bffff', '89194e69b23ffff', '89194ad3583ffff', '89194ad359bffff', '89194e69b2bffff'}",9.0,47.0
89194ad3597ffff,"{'89194ad3587ffff', '89194e69b67ffff', '89194ad358fffff', '89194e69b27ffff', '89194ad3597ffff', '89194ad264bffff', '89194e69b2fffff', '89194ad35bbffff', '89194ad264fffff', '89194ad265bffff', '89194ad2643ffff', '89194ad3593ffff', '89194ad358bffff', '89194e69b23ffff', '89194ad3583ffff', '89194ad35b3ffff', '89194ad359bffff', '89194e69b2bffff', '89194ad2653ffff'}",3.0,43.0
89194ad35a3ffff,"{'89194ad3587ffff', '89194ad358fffff', '89194ad3517ffff', '89194ad35abffff', '89194ad3507ffff', '89194ad264bffff', '89194ad22d3ffff', '89194ad35bbffff', '89194ad35b7ffff', '89194ad264fffff', '89194ad35a3ffff', '89194ad35afffff', '89194ad3537ffff', '89194ad3533ffff', '89194ad35b3ffff', '89194ad22dbffff', '89194ad266bffff', '89194ad267bffff', '89194ad35a7ffff'}",9.0,59.0
89194ad35abffff,"{'89194ad3587ffff', '89194ad358fffff', '89194ad3517ffff', '89194ad3507ffff', '89194ad3513ffff', '89194ad35abffff', '89194ad350fffff', '89194ad35bbffff', '89194ad35b7ffff', '89194ad35a3ffff', '89194ad35afffff', '89194ad3537ffff', '89194ad353bffff', '89194ad3533ffff', '89194ad3523ffff', '89194ad35b3ffff', '89194ad22dbffff', '89194ad3503ffff', '89194ad35a7ffff'}",2.0,55.0
89194ad35afffff,"{'89194ad22c3ffff', '89194ad3517ffff', '89194ad35abffff', '89194ad3507ffff', '89194ad22d3ffff', '89194ad35bbffff', '89194ad35b7ffff', '89194ad35a3ffff', '89194ad3537ffff', '89194ad35afffff', '89194ad22cbffff', '89194ad3527ffff', '89194ad353bffff', '89194ad3533ffff', '89194ad3523ffff', '89194ad35b3ffff', '89194ad22dbffff', '89194ad266bffff', '89194ad35a7ffff'}",1.0,58.0
89194ad35b3ffff,"{'89194ad3587ffff', '89194ad358fffff', '89194ad3517ffff', '89194ad35abffff', '89194ad3597ffff', '89194ad264bffff', '89194ad35bbffff', '89194ad35b7ffff', '89194ad264fffff', '89194ad265bffff', '89194ad35a3ffff', '89194ad2643ffff', '89194ad35afffff', '89194ad2647ffff', '89194ad3583ffff', '89194ad35b3ffff', '89194ad266bffff', '89194ad267bffff', '89194ad35a7ffff'}",2.0,45.0
89194ad35b7ffff,"{'89194ad3587ffff', '89194ad2663ffff', '89194ad35abffff', '89194ad264bffff', '89194ad22d3ffff', '89194ad35bbffff', '89194ad266fffff', '89194ad35b7ffff', '89194ad264fffff', '89194ad35a3ffff', '89194ad2643ffff', '89194ad35afffff', '89194ad2647ffff', '89194ad35b3ffff', '89194ad22dbffff', '89194ad2673ffff', '89194ad266bffff', '89194ad267bffff', '89194ad35a7ffff'}",9.0,52.0
89194ad35bbffff,"{'89194ad3587ffff', '89194ad358fffff', '89194ad3517ffff', '89194ad35abffff', '89194ad3513ffff', '89194ad3597ffff', '89194ad264bffff', '89194ad3507ffff', '89194ad35bbffff', '89194ad35b7ffff', '89194ad264fffff', '89194ad35a3ffff', '89194ad35afffff', '89194ad358bffff', '89194ad3583ffff', '89194ad3533ffff', '89194ad35b3ffff', '89194ad3503ffff', '89194ad35a7ffff'}",1.0,56.0
89194ad35c3ffff,"{'89194ad35d7ffff', '89194e69b6fffff', '89194ad3437ffff', '89194ad35dbffff', '89194e69b6bffff', '89194ad3513ffff', '89194ad3427ffff', '89194ad351bffff', '89194ad35c7ffff', '89194ad3553ffff', '89194ad3557ffff', '89194ad35c3ffff', '89194ad35cfffff', '89194ad358bffff', '89194ad34afffff', '89194ad34a7ffff', '89194ad35d3ffff', '89194ad359bffff', '89194ad35cbffff'}",17.0,109.0
89194ad35cbffff,"{'89194ad35d7ffff', '89194ad342fffff', '89194ad3437ffff', '89194ad3543ffff', '89194ad35dbffff', '89194ad3427ffff', '89194ad351bffff', '89194ad35c7ffff', '89194ad3553ffff', '89194ad3557ffff', '89194ad35c3ffff', '89194ad35cfffff', '89194ad34afffff', '89194ad34a7ffff', '89194ad35d3ffff', '89194ad3433ffff', '89194ad35cbffff', '89194ad355bffff', '89194ad3423ffff'}",3.0,149.0
89194ad35cfffff,"{'89194ad35d7ffff', '89194ad3547ffff', '89194ad3437ffff', '89194ad3543ffff', '89194ad35dbffff', '89194ad3513ffff', '89194ad3427ffff', '89194ad351bffff', '89194ad35c7ffff', '89194ad3553ffff', '89194ad3557ffff', '89194ad35c3ffff', '89194ad350bffff', '89194ad358bffff', '89194ad35cfffff', '89194ad35d3ffff', '89194ad3503ffff', '89194ad35cbffff', '89194ad355bffff'}",19.0,116.0
89194ad35d3ffff,"{'89194ad35d7ffff', '89194e69b6fffff', '89194ad3437ffff', '89194e69b67ffff', '89194ad35dbffff', '89194e69b6bffff', '89194e69b63ffff', '89194ad35c7ffff', '89194e69b7bffff', '89194ad35c3ffff', '89194ad34b7ffff', '89194ad35cfffff', '89194ad358bffff', '89194ad34afffff', '89194ad34a7ffff', '89194ad35d3ffff', '89194ad359bffff', '89194ad35cbffff', '89194ad34a3ffff'}",1.0,118.0
89194ad35d7ffff,"{'89194ad35d7ffff', '89194e69b6fffff', '89194e69b67ffff', '89194ad358fffff', '89194ad35dbffff', '89194e69b6bffff', '89194ad3513ffff', '89194e69b63ffff', '89194ad351bffff', '89194ad35c7ffff', '89194ad35c3ffff', '89194ad3593ffff', '89194ad358bffff', '89194ad35cfffff', '89194ad3583ffff', '89194ad34a7ffff', '89194ad35d3ffff', '89194ad359bffff', '89194ad35cbffff'}",9.0,86.0
89194ad35dbffff,"{'89194ad35d7ffff', '89194e69b6fffff', '89194ad3437ffff', '89194ad35dbffff', '89194e69b6bffff', '89194ad3427ffff', '89194ad35c7ffff', '89194ad3553ffff', '89194ad35c3ffff', '89194ad34abffff', '89194ad34b7ffff', '89194ad35cfffff', '89194ad34afffff', '89194ad34a7ffff', '89194ad35d3ffff', '89194ad3433ffff', '89194ad35cbffff', '89194ad34a3ffff', '89194ad3423ffff'}",1.0,143.0
89194ad3603ffff,"{'89194ad36bbffff', '89194ad3677ffff', '89194ad360fffff', '89194ad368bffff', '89194ad36c7ffff', '89194ad3617ffff', '89194ad36abffff', '89194ad3603ffff', '89194ad360bffff', '89194ad363bffff', '89194ad3613ffff', '89194ad368fffff', '89194ad3647ffff', '89194ad361bffff', '89194ad3657ffff', '89194ad3633ffff', '89194ad36cfffff', '89194ad3607ffff', '89194ad3673ffff'}",2.0,125.0
89194ad3607ffff,"{'89194ad36bbffff', '89194ad3677ffff', '89194ad360fffff', '89194ad36abffff', '89194ad3617ffff', '89194ad3603ffff', '89194ad360bffff', '89194ad363bffff', '89194ad3613ffff', '89194ad3637ffff', '89194ad368fffff', '89194ad361bffff', '89194ad362bffff', '89194ad36a3ffff', '89194ad3623ffff', '89194ad3633ffff', '89194ad3607ffff', '89194ad36afffff', '89194ad3673ffff'}",7.0,138.0
89194ad360bffff,"{'89194ad3677ffff', '89194ad360fffff', '89194ad3643ffff', '89194ad36c7ffff', '89194ad367bffff', '89194ad3617ffff', '89194ad3603ffff', '89194ad364fffff', '89194ad363bffff', '89194ad360bffff', '89194ad3613ffff', '89194ad3663ffff', '89194ad3647ffff', '89194ad361bffff', '89194ad3653ffff', '89194ad3657ffff', '89194ad36cfffff', '89194ad3607ffff', '89194ad3673ffff'}",8.0,143.0
89194ad360fffff,"{'89194ad3677ffff', '89194ad360fffff', '89194ad367bffff', '89194ad36abffff', '89194ad3617ffff', '89194ad3603ffff', '89194ad360bffff', '89194ad363bffff', '89194ad3613ffff', '89194ad3663ffff', '89194ad3647ffff', '89194ad361bffff', '89194ad3667ffff', '89194ad362bffff', '89194ad3657ffff', '89194ad3623ffff', '89194ad3633ffff', '89194ad3607ffff', '89194ad3673ffff'}",6.0,143.0
89194ad3613ffff,"{'89194ad3687ffff', '89194ad36bbffff', '89194ad360fffff', '89194ad368bffff', '89194ad36d7ffff', '89194ad36c7ffff', '89194ad3617ffff', '89194ad36abffff', '89194ad3603ffff', '89194ad369bffff', '89194ad360bffff', '89194ad3613ffff', '89194ad36c3ffff', '89194ad368fffff', '89194ad361bffff', '89194ad3683ffff', '89194ad3657ffff', '89194ad36cfffff', '89194ad3607ffff'}",2.0,138.0
89194ad3617ffff,"{'89194ad3687ffff', '89194ad36bbffff', '89194ad360fffff', '89194ad368bffff', '89194ad36c7ffff', '89194ad36abffff', '89194ad3603ffff', '89194ad3617ffff', '89194ad360bffff', '89194ad363bffff', '89194ad3613ffff', '89194ad368fffff', '89194ad36b3ffff', '89194ad361bffff', '89194ad3683ffff', '89194ad36a3ffff', '89194ad3633ffff', '89194ad3607ffff', '89194ad36afffff'}",4.0,104.0
89194ad361bffff,"{'89194ad360fffff', '89194ad368bffff', '89194ad3643ffff', '89194ad36d7ffff', '89194ad36c7ffff', '89194ad3617ffff', '89194ad3603ffff', '89194ad360bffff', '89194ad3613ffff', '89194ad36c3ffff', '89194ad368fffff', '89194ad36cbffff', '89194ad3653ffff', '89194ad3647ffff', '89194ad361bffff', '89194ad3657ffff', '89194ad36cfffff', '89194ad3607ffff', '89194ad3673ffff'}",1.0,154.0
89194ad3623ffff,"{'89194ad3627ffff', '89194ad3677ffff', '89194ad3293ffff', '89194ad360fffff', '89194ad305bffff', '89194ad36abffff', '89194ad363bffff', '89194ad3637ffff', '89194ad3053ffff', '89194ad30dbffff', '89194ad362bffff', '89194ad3667ffff', '89194ad3297ffff', '89194ad3633ffff', '89194ad3623ffff', '89194ad362fffff', '89194ad3607ffff', '89194ad30cbffff', '89194ad36afffff'}",16.0,204.0
89194ad3627ffff,"{'89194ad3627ffff', '89194ad3293ffff', '89194ad305bffff', '89194ad363bffff', '89194ad304bffff', '89194ad30cfffff', '89194ad3637ffff', '89194ad3053ffff', '89194ad30dbffff', '89194ad30c3ffff', '89194ad3043ffff', '89194ad362bffff', '89194ad3057ffff', '89194ad3623ffff', '89194ad3297ffff', '89194ad3633ffff', '89194ad362fffff', '89194ad30cbffff', '89194ad36afffff'}",6.0,317.0
89194ad362bffff,"{'89194ad3627ffff', '89194ad3677ffff', '89194ad3293ffff', '89194ad360fffff', '89194ad305bffff', '89194ad329bffff', '89194ad363bffff', '89194ad3637ffff', '89194ad3663ffff', '89194ad3667ffff', '89194ad362bffff', '89194ad3283ffff', '89194ad3623ffff', '89194ad3297ffff', '89194ad366fffff', '89194ad362fffff', '89194ad3607ffff', '89194ad3633ffff', '89194ad3673ffff'}",15.0,167.0
89194ad3633ffff,"{'89194ad3627ffff', '89194ad3677ffff', '89194ad36bbffff', '89194ad360fffff', '89194ad36abffff', '89194ad3617ffff', '89194ad3603ffff', '89194ad363bffff', '89194ad3637ffff', '89194ad36a7ffff', '89194ad30dbffff', '89194ad362bffff', '89194ad36a3ffff', '89194ad3623ffff', '89194ad3633ffff', '89194ad362fffff', '89194ad3607ffff', '89194ad30cbffff', '89194ad36afffff'}",13.0,203.0
89194ad3637ffff,"{'89194ad3627ffff', '89194ad305bffff', '89194ad36abffff', '89194ad363bffff', '89194ad30cfffff', '89194ad3637ffff', '89194ad36a7ffff', '89194ad3053ffff', '89194ad30dbffff', '89194ad30c3ffff', '89194ad362bffff', '89194ad36a3ffff', '89194ad3623ffff', '89194ad3633ffff', '89194ad362fffff', '89194ad3607ffff', '89194ad30d3ffff', '89194ad30cbffff', '89194ad36afffff'}",6.0,285.0
89194ad363bffff,"{'89194ad3627ffff', '89194ad3677ffff', '89194ad3293ffff', '89194ad360fffff', '89194ad36abffff', '89194ad3617ffff', '89194ad3603ffff', '89194ad360bffff', '89194ad363bffff', '89194ad3637ffff', '89194ad3663ffff', '89194ad362bffff', '89194ad3667ffff', '89194ad3623ffff', '89194ad3633ffff', '89194ad362fffff', '89194ad3607ffff', '89194ad36afffff', '89194ad3673ffff'}",4.0,167.0
89194ad3643ffff,"{'89195da4d97ffff', '89195da4d87ffff', '89194ad3643ffff', '89194ad367bffff', '89194ad364fffff', '89194ad360bffff', '89194ad364bffff', '89194ad36cbffff', '89194ad3647ffff', '89194ad3653ffff', '89194ad361bffff', '89194ad365bffff', '89195da6b27ffff', '89195da4db3ffff', '89195da4db7ffff', '89194ad3657ffff', '89195da6b2fffff', '89194ad36cfffff', '89194ad3673ffff'}",20.0,158.0
89194ad3647ffff,"{'89194ad3677ffff', '89194ad360fffff', '89194ad3643ffff', '89194ad367bffff', '89194ad3603ffff', '89194ad364fffff', '89194ad360bffff', '89194ad364bffff', '89194ad3663ffff', '89194ad3653ffff', '89194ad361bffff', '89194ad366bffff', '89194ad365bffff', '89194ad3647ffff', '89195da4db3ffff', '89195da4db7ffff', '89194ad3657ffff', '89194ad36cfffff', '89194ad3673ffff'}",2.0,166.0
89194ad364bffff,"{'89195da4d97ffff', '89195da4d87ffff', '89194ad3643ffff', '89194ad367bffff', '89194ad364fffff', '89195da4d83ffff', '89194ad364bffff', '89195da4d93ffff', '89195da4d8fffff', '89195da4da3ffff', '89194ad3647ffff', '89194ad3653ffff', '89194ad365bffff', '89195da6b27ffff', '89195da4db3ffff', '89195da4db7ffff', '89194ad3657ffff', '89195da6b2fffff', '89195da4dbbffff'}",2.0,179.0
89194ad364fffff,"{'89195da4d97ffff', '89195da4d87ffff', '89194ad3643ffff', '89194ad367bffff', '89194ad364fffff', '89194ad360bffff', '89194ad364bffff', '89195da4da3ffff', '89194ad3663ffff', '89194ad3647ffff', '89194ad3653ffff', '89194ad366bffff', '89194ad365bffff', '89195da4db3ffff', '89195da4db7ffff', '89194ad3657ffff', '89195da4da7ffff', '89194ad3673ffff', '89195da4dbbffff'}",1.0,174.0
89194ad3653ffff,"{'89195da4d97ffff', '89194ad36dbffff', '89194ad3643ffff', '89194ad36c7ffff', '89194ad364fffff', '89194ad360bffff', '89194ad364bffff', '89194ad36c3ffff', '89194ad36cbffff', '89194ad3647ffff', '89194ad361bffff', '89194ad3653ffff', '89194ad365bffff', '89195da6b27ffff', '89195da6b23ffff', '89195da6b37ffff', '89194ad3657ffff', '89195da6b2fffff', '89194ad36cfffff'}",9.0,152.0
89194ad3657ffff,"{'89194ad360fffff', '89194ad3643ffff', '89194ad36c7ffff', '89194ad367bffff', '89194ad3603ffff', '89194ad364fffff', '89194ad360bffff', '89194ad364bffff', '89194ad3613ffff', '89194ad36c3ffff', '89194ad36cbffff', '89194ad3653ffff', '89194ad3647ffff', '89194ad361bffff', '89195da6b27ffff', '89194ad365bffff', '89194ad3657ffff', '89194ad36cfffff', '89194ad3673ffff'}",15.0,156.0
89194ad365bffff,"{'89195da4d97ffff', '89195da4d87ffff', '89194ad3643ffff', '89194ad364fffff', '89194ad364bffff', '89195da4d83ffff', '89194ad36cbffff', '89195da4d93ffff', '89194ad3653ffff', '89194ad3647ffff', '89195da6b27ffff', '89194ad365bffff', '89195da6b23ffff', '89195da4db3ffff', '89195da6b37ffff', '89195da6b2bffff', '89194ad3657ffff', '89195da6b2fffff', '89194ad36cfffff'}",1.0,173.0
89194ad3663ffff,"{'89194ad3677ffff', '89194ad3293ffff', '89194ad360fffff', '89194ad367bffff', '89194ad364fffff', '89194ad329bffff', '89194ad360bffff', '89194ad363bffff', '89194ad32d3ffff', '89194ad32d7ffff', '89194ad3663ffff', '89194ad3647ffff', '89194ad366bffff', '89194ad3667ffff', '89195da4db7ffff', '89194ad362bffff', '89194ad366fffff', '89195da4da7ffff', '89194ad3673ffff'}",5.0,217.0
89194ad3667ffff,"{'89194ad3677ffff', '89194ad3293ffff', '89194ad360fffff', '89194ad367bffff', '89194ad329bffff', '89194ad363bffff', '89194ad32d3ffff', '89194ad32d7ffff', '89194ad328bffff', '89194ad3663ffff', '89194ad366bffff', '89194ad362bffff', '89194ad3667ffff', '89194ad3283ffff', '89194ad3623ffff', '89194ad3297ffff', '89194ad366fffff', '89194ad362fffff', '89194ad3673ffff'}",13.0,239.0
89194ad366bffff,"{'89194ad3677ffff', '89194ad367bffff', '89194ad364fffff', '89195da4dafffff', '89194ad329bffff', '89194ad32d3ffff', '89194ad32d7ffff', '89194ad32c3ffff', '89195da4da3ffff', '89194ad3663ffff', '89194ad32dbffff', '89194ad3647ffff', '89194ad366bffff', '89195da4db3ffff', '89195da4db7ffff', '89194ad3667ffff', '89194ad366fffff', '89195da4da7ffff', '89194ad3673ffff'}",26.0,208.0
89194ad366fffff,"{'89194ad3677ffff', '89194ad3293ffff', '89194ad367bffff', '89194ad329bffff', '89194ad32d3ffff', '89194ad32d7ffff', '89194ad328bffff', '89194ad32c3ffff', '89194ad3663ffff', '89194ad32dbffff', '89194ad366bffff', '89194ad32c7ffff', '89194ad3667ffff', '89195da4db7ffff', '89194ad3283ffff', '89194ad362bffff', '89194ad366fffff', '89195da4da7ffff', '89194ad3673ffff'}",19.0,259.0
89194ad3673ffff,"{'89194ad3677ffff', '89194ad360fffff', '89194ad3643ffff', '89194ad367bffff', '89194ad3603ffff', '89194ad364fffff', '89194ad360bffff', '89194ad363bffff', '89194ad3663ffff', '89194ad3647ffff', '89194ad361bffff', '89194ad366bffff', '89195da4db7ffff', '89194ad3667ffff', '89194ad362bffff', '89194ad3657ffff', '89194ad366fffff', '89194ad3607ffff', '89194ad3673ffff'}",1.0,166.0
89194ad3677ffff,"{'89194ad360fffff', '89194ad3293ffff', '89194ad3677ffff', '89194ad367bffff', '89194ad3603ffff', '89194ad329bffff', '89194ad360bffff', '89194ad363bffff', '89194ad3663ffff', '89194ad3647ffff', '89194ad366bffff', '89194ad3667ffff', '89194ad362bffff', '89194ad3623ffff', '89194ad3633ffff', '89194ad366fffff', '89194ad362fffff', '89194ad3607ffff', '89194ad3673ffff'}",6.0,195.0
89194ad367bffff,"{'89194ad3677ffff', '89194ad360fffff', '89194ad3643ffff', '89194ad367bffff', '89194ad364fffff', '89194ad360bffff', '89194ad364bffff', '89194ad32d3ffff', '89195da4da3ffff', '89194ad3663ffff', '89194ad3647ffff', '89194ad366bffff', '89195da4db3ffff', '89195da4db7ffff', '89194ad3667ffff', '89194ad3657ffff', '89194ad366fffff', '89195da4da7ffff', '89194ad3673ffff'}",14.0,187.0
89194ad3683ffff,"{'89195da696fffff', '89194ad3687ffff', '89194ad36bbffff', '89194ad368bffff', '89194ad36d7ffff', '89194ad3697ffff', '89194ad36c7ffff', '89194ad3617ffff', '89194ad369bffff', '89195da692bffff', '89194ad3613ffff', '89194ad368fffff', '89194ad36b3ffff', '89194ad3693ffff', '89195da6967ffff', '89194ad3683ffff', '89194ad344bffff', '89194ad345bffff', '89195da692fffff'}",2.0,42.0
89194ad368bffff,"{'89195da696fffff', '89194ad3687ffff', '89194ad36bbffff', '89194ad36d7ffff', '89194ad3697ffff', '89194ad368bffff', '89194ad36c7ffff', '89194ad3617ffff', '89194ad36d3ffff', '89194ad3603ffff', '89194ad369bffff', '89194ad3613ffff', '89194ad36c3ffff', '89194ad368fffff', '89194ad361bffff', '89194ad3693ffff', '89195da6967ffff', '89194ad3683ffff', '89194ad36cfffff'}",1.0,118.0
89194ad3693ffff,"{'89195da696fffff', '89194ad3687ffff', '89194ad36d7ffff', '89194ad368bffff', '89194ad3697ffff', '89194ad369bffff', '89195da6977ffff', '89195da692bffff', '89194ad368fffff', '89195da6927ffff', '89195da693bffff', '89194ad3693ffff', '89195da6967ffff', '89194ad3683ffff', '89195da6923ffff', '89195da6963ffff', '89194ad344bffff', '89194ad345bffff', '89195da692fffff'}",1.0,29.0
89194ad369bffff,"{'89195da696fffff', '89194ad3687ffff', '89194ad36d7ffff', '89194ad368bffff', '89195da696bffff', '89194ad3697ffff', '89194ad36c7ffff', '89194ad36d3ffff', '89194ad369bffff', '89195da6977ffff', '89195da692bffff', '89194ad3613ffff', '89194ad36c3ffff', '89194ad368fffff', '89194ad3693ffff', '89195da6967ffff', '89194ad3683ffff', '89195da6963ffff', '89195da692fffff'}",1.0,77.0
89194ad36a3ffff,"{'89194ad3687ffff', '89194ad36bbffff', '89194ad36b7ffff', '89194ad36abffff', '89194ad3617ffff', '89194ad3637ffff', '89194ad368fffff', '89194ad344fffff', '89194ad36b3ffff', '89194ad36a7ffff', '89194ad30dbffff', '89194ad346bffff', '89194ad36a3ffff', '89194ad3633ffff', '89194ad30d3ffff', '89194ad3607ffff', '89194ad344bffff', '89194ad36afffff', '89194ad347bffff'}",7.0,248.0
89194ad36a7ffff,"{'89194ad36bbffff', '89194ad36b7ffff', '89194ad36abffff', '89194ad30d7ffff', '89194ad3463ffff', '89194ad3637ffff', '89194ad344fffff', '89194ad36b3ffff', '89194ad36a7ffff', '89194ad30dbffff', '89194ad30c3ffff', '89194ad346bffff', '89194ad36a3ffff', '89194ad3633ffff', '89194ad30d3ffff', '89194ad30cbffff', '89194ad36afffff', '89194ad346fffff', '89194ad347bffff'}",46.0,337.0
89194ad36abffff,"{'89194ad3687ffff', '89194ad36bbffff', '89194ad360fffff', '89194ad3617ffff', '89194ad3603ffff', '89194ad36abffff', '89194ad363bffff', '89194ad3613ffff', '89194ad3637ffff', '89194ad368fffff', '89194ad36a7ffff', '89194ad36b3ffff', '89194ad30dbffff', '89194ad36a3ffff', '89194ad3623ffff', '89194ad3633ffff', '89194ad3607ffff', '89194ad36afffff', '89194ad36b7ffff'}",9.0,185.0
89194ad36afffff,"{'89194ad3627ffff', '89194ad36bbffff', '89194ad36abffff', '89194ad3617ffff', '89194ad363bffff', '89194ad3637ffff', '89194ad36a7ffff', '89194ad36b3ffff', '89194ad30dbffff', '89194ad30c3ffff', '89194ad346bffff', '89194ad36a3ffff', '89194ad3623ffff', '89194ad3633ffff', '89194ad30d3ffff', '89194ad3607ffff', '89194ad30cbffff', '89194ad36afffff', '89194ad36b7ffff'}",23.0,274.0
89194ad36b3ffff,"{'89194ad3447ffff', '89194ad3687ffff', '89194ad36bbffff', '89194ad36b7ffff', '89194ad3697ffff', '89194ad3617ffff', '89194ad36abffff', '89194ad344bffff', '89194ad368fffff', '89194ad36a7ffff', '89194ad344fffff', '89194ad36b3ffff', '89194ad346bffff', '89194ad3683ffff', '89194ad36a3ffff', '89194ad3443ffff', '89194ad345bffff', '89194ad36afffff', '89194ad347bffff'}",4.0,214.0
89194ad36b7ffff,"{'89194ad3447ffff', '89194ad3687ffff', '89194ad36bbffff', '89194ad36b7ffff', '89194ad36abffff', '89194ad3463ffff', '89194ad344bffff', '89194ad344fffff', '89194ad36a7ffff', '89194ad36b3ffff', '89194ad30dbffff', '89194ad346bffff', '89194ad3473ffff', '89194ad36a3ffff', '89194ad30d3ffff', '89194ad3443ffff', '89194ad36afffff', '89194ad346fffff', '89194ad347bffff'}",18.0,295.0
89194ad36bbffff,"{'89194ad3687ffff', '89194ad36bbffff', '89194ad368bffff', '89194ad3697ffff', '89194ad3617ffff', '89194ad36abffff', '89194ad3603ffff', '89194ad3613ffff', '89194ad368fffff', '89194ad344fffff', '89194ad36a7ffff', '89194ad36b3ffff', '89194ad3683ffff', '89194ad36a3ffff', '89194ad3633ffff', '89194ad3607ffff', '89194ad344bffff', '89194ad36afffff', '89194ad36b7ffff'}",8.0,163.0
89194ad36c3ffff,"{'89195da696fffff', '89194ad36dbffff', '89194ad36d7ffff', '89194ad368bffff', '89195da696bffff', '89194ad36c7ffff', '89194ad36d3ffff', '89194ad369bffff', '89194ad3613ffff', '89194ad36c3ffff', '89194ad36cbffff', '89194ad3653ffff', '89194ad361bffff', '89195da6b27ffff', '89195da6bafffff', '89195da6b37ffff', '89194ad3657ffff', '89194ad36cfffff', '89195da6ba7ffff'}",32.0,141.0
89194ad36c7ffff,"{'89195da696fffff', '89194ad36dbffff', '89194ad368bffff', '89194ad36d7ffff', '89194ad36c7ffff', '89194ad3617ffff', '89194ad36d3ffff', '89194ad3603ffff', '89194ad369bffff', '89194ad360bffff', '89194ad3613ffff', '89194ad36c3ffff', '89194ad368fffff', '89194ad36cbffff', '89194ad3653ffff', '89194ad361bffff', '89194ad3683ffff', '89194ad3657ffff', '89194ad36cfffff'}",3.0,147.0
89194ad36cbffff,"{'89194ad36dbffff', '89194ad36d7ffff', '89194ad3643ffff', '89194ad36c7ffff', '89194ad36d3ffff', '89194ad36c3ffff', '89194ad36cbffff', '89194ad3653ffff', '89194ad361bffff', '89195da6b27ffff', '89194ad365bffff', '89195da6b23ffff', '89195da6bafffff', '89195da6b37ffff', '89195da6b33ffff', '89194ad3657ffff', '89195da6b2fffff', '89194ad36cfffff', '89195da6ba7ffff'}",4.0,178.0
89194ad36cfffff,"{'89194ad36dbffff', '89194ad368bffff', '89194ad3643ffff', '89194ad36d7ffff', '89194ad36c7ffff', '89194ad36d3ffff', '89194ad3603ffff', '89194ad360bffff', '89194ad3613ffff', '89194ad36c3ffff', '89194ad36cbffff', '89194ad3653ffff', '89194ad361bffff', '89194ad3647ffff', '89195da6b27ffff', '89194ad365bffff', '89195da6b37ffff', '89194ad3657ffff', '89194ad36cfffff'}",33.0,156.0
89194ad36d3ffff,"{'89195da696fffff', '89194ad36dbffff', '89194ad36d7ffff', '89194ad368bffff', '89195da696bffff', '89194ad36c7ffff', '89194ad36d3ffff', '89194ad369bffff', '89195da697bffff', '89195da6bb7ffff', '89194ad36c3ffff', '89194ad36cbffff', '89195da6ba3ffff', '89195da6bafffff', '89195da6b37ffff', '89195da6967ffff', '89195da6963ffff', '89194ad36cfffff', '89195da6ba7ffff'}",16.0,134.0
89194ad36d7ffff,"{'89195da696fffff', '89194ad36dbffff', '89194ad368bffff', '89194ad36d7ffff', '89195da696bffff', '89194ad36c7ffff', '89194ad36d3ffff', '89194ad369bffff', '89194ad3613ffff', '89194ad36c3ffff', '89194ad368fffff', '89194ad36cbffff', '89194ad361bffff', '89194ad3693ffff', '89195da6967ffff', '89194ad3683ffff', '89195da6963ffff', '89194ad36cfffff', '89195da6ba7ffff'}",4.0,119.0
89194ad36dbffff,"{'89195da696fffff', '89194ad36dbffff', '89194ad36d7ffff', '89195da696bffff', '89194ad36c7ffff', '89194ad36d3ffff', '89195da6bb7ffff', '89194ad36c3ffff', '89194ad36cbffff', '89195da6ba3ffff', '89194ad3653ffff', '89195da6babffff', '89195da6b27ffff', '89195da6b23ffff', '89195da6bafffff', '89195da6b37ffff', '89195da6b33ffff', '89194ad36cfffff', '89195da6ba7ffff'}",2.0,164.0
89194ad8193ffff,"{'89194adaa4bffff', '89194ad852bffff', '89194ad8187ffff', '89194ad818bffff', '89194ad8577ffff', '89194ad819bffff', '89194ad856fffff', '89194ad81d7ffff', '89194ad8567ffff', '89194adaa5bffff', '89194ad8523ffff', '89194ad8527ffff', '89194ad8193ffff', '89194ad8563ffff', '89194ad853bffff', '89194ad8183ffff', '89194ad852fffff', '89194ad8197ffff', '89194ad818fffff'}",1.0,2.0
89194ad819bffff,"{'89194ad856bffff', '89194ad852bffff', '89194ad8187ffff', '89194ad818bffff', '89194ad8577ffff', '89194ad8113ffff', '89194ad819bffff', '89194ad856fffff', '89194ad81d7ffff', '89194ad8567ffff', '89194ad81c7ffff', '89194ad81c3ffff', '89194ad8193ffff', '89194ad81d3ffff', '89194ad8563ffff', '89194ad8183ffff', '89194ad852fffff', '89194ad8197ffff', '89194ad818fffff'}",1.0,2.0
89194ad81cfffff,"{'89194ad8143ffff', '89194ad81cfffff', '89194ad815bffff', '89194ad81dbffff', '89194ad810bffff', '89194ad818bffff', '89194ad8037ffff', '89194ad8153ffff', '89194ad8113ffff', '89194ad81d7ffff', '89194ad811bffff', '89194ad8103ffff', '89194ad8027ffff', '89194ad81c7ffff', '89194ad81c3ffff', '89194ad81cbffff', '89194ad81d3ffff', '89194ad8157ffff', '89194ad8147ffff'}",1.0,1.0
89194ad8487ffff,"{'89194ada34bffff', '89194ad848bffff', '89194ada35bffff', '89194ada343ffff', '89194ada34fffff', '89194ad8483ffff', '89194ad8417ffff', '89194ad8497ffff', '89194ad84abffff', '89194ad84a3ffff', '89194ad84bbffff', '89194ada22fffff', '89194ad84b7ffff', '89194ad848fffff', '89194ad849bffff', '89194ad8487ffff', '89194ad8493ffff', '89194ad84b3ffff', '89194ad8413ffff'}",1.0,1.0
89194ad8503ffff,"{'89194ad8557ffff', '89194ad85abffff', '89194ad8507ffff', '89194ad8577ffff', '89194ad851bffff', '89194ad8573ffff', '89194ad850bffff', '89194ad850fffff', '89194ad85bbffff', '89194ad858bffff', '89194ad8547ffff', '89194ad8503ffff', '89194ad8513ffff', '89194ad8517ffff', '89194ad858fffff', '89194ad853bffff', '89194ad85cfffff', '89194ad85c7ffff', '89194ad8533ffff'}",4.0,9.0
89194ad8517ffff,"{'89194ad85a3ffff', '89194ad85afffff', '89194ad85abffff', '89194ad8507ffff', '89194ad851bffff', '89194ad850bffff', '89194ad850fffff', '89194ad85bbffff', '89194ad8583ffff', '89194ad85b3ffff', '89194ad858bffff', '89194ad8503ffff', '89194ad8513ffff', '89194ad8587ffff', '89194ad8517ffff', '89194ad858fffff', '89194ad853bffff', '89194ad85c7ffff', '89194ad8533ffff'}",3.0,8.0
89194ad8557ffff,"{'89194ad8557ffff', '89194ad854bffff', '89194ad8543ffff', '89194ad851bffff', '89194ad857bffff', '89194ad855bffff', '89194ad85cbffff', '89194ad8573ffff', '89194ad8427ffff', '89194ad850bffff', '89194ad850fffff', '89194ad8547ffff', '89194ad8503ffff', '89194ad8553ffff', '89194ad8513ffff', '89194ad85c3ffff', '89194ad85cfffff', '89194ad85c7ffff', '89194ad854fffff'}",1.0,6.0
89194ad8597ffff,"{'89194ada32bffff', '89194ad8597ffff', '89194ada32fffff', '89194adae53ffff', '89194ad859bffff', '89194ada327ffff', '89194ada323ffff', '89194adae4bffff', '89194ad85bbffff', '89194ad85b3ffff', '89194ad8593ffff', '89194ad8583ffff', '89194ad858bffff', '89194adae43ffff', '89194adae5bffff', '89194ada367ffff', '89194ad8587ffff', '89194ad858fffff', '89194adae4fffff'}",2.0,3.0
89194ad85c7ffff,"{'89194ad8557ffff', '89194ad851bffff', '89194ad85d7ffff', '89194ad859bffff', '89194ad85d3ffff', '89194ad85cbffff', '89194ad850bffff', '89194ad8583ffff', '89194ad858bffff', '89194ad8553ffff', '89194ad8503ffff', '89194ad8513ffff', '89194ad8517ffff', '89194ad858fffff', '89194ad85dbffff', '89194ad85c3ffff', '89194ad85cfffff', '89194ad85c7ffff', '89194ada36fffff'}",1.0,9.0
89194ada00bffff,"{'89194ada077ffff', '89194ada03bffff', '89194ada003ffff', '89194ada053ffff', '89194ada063ffff', '89194ada007ffff', '89194ada017ffff', '89194ada01bffff', '89194ada043ffff', '89194ada00fffff', '89194ada07bffff', '89194ada057ffff', '89194ada073ffff', '89194ada047ffff', '89194ada00bffff', '89194ada0c7ffff', '89194ada0cfffff', '89194ada013ffff', '89194ada04fffff'}",12.0,83.0
89194ada00fffff,"{'89194ada077ffff', '89194ada03bffff', '89194ada003ffff', '89194ada033ffff', '89194ada063ffff', '89194ada007ffff', '89194ada017ffff', '89194ada0abffff', '89194ada01bffff', '89194ada067ffff', '89194ada00fffff', '89194ada07bffff', '89194ada023ffff', '89194ada057ffff', '89194ada073ffff', '89194ada047ffff', '89194ada02bffff', '89194ada00bffff', '89194ada013ffff'}",7.0,43.0
89194ada017ffff,"{'89194ada08fffff', '89194ada03bffff', '89194ada003ffff', '89194ada083ffff', '89194ada033ffff', '89194ada0bbffff', '89194ada007ffff', '89194ada0afffff', '89194ada01bffff', '89194ada087ffff', '89194ada0abffff', '89194ada017ffff', '89194ada00fffff', '89194ada08bffff', '89194ada0b3ffff', '89194ada0a3ffff', '89194ada00bffff', '89194ada0c7ffff', '89194ada013ffff'}",1.0,80.0
89194ada01bffff,"{'89194ada08fffff', '89194ada003ffff', '89194ada0cbffff', '89194ada053ffff', '89194ada007ffff', '89194ada0d7ffff', '89194ada017ffff', '89194ada01bffff', '89194ada043ffff', '89194ada00fffff', '89194ada08bffff', '89194ada057ffff', '89194ada073ffff', '89194ada0c3ffff', '89194ada047ffff', '89194ada00bffff', '89194ada0c7ffff', '89194ada0cfffff', '89194ada013ffff'}",11.0,88.0
89194ada023ffff,"{'89194ada397ffff', '89194ada077ffff', '89194ada03bffff', '89194ada02fffff', '89194ada027ffff', '89194ada1cbffff', '89194ada033ffff', '89194ada393ffff', '89194ada007ffff', '89194ada0afffff', '89194ada0abffff', '89194ada067ffff', '89194ada00fffff', '89194ada037ffff', '89194ada15bffff', '89194ada023ffff', '89194ada02bffff', '89194ada1dbffff', '89194ada153ffff'}",1.0,29.0
89194ada033ffff,"{'89194ada077ffff', '89194ada03bffff', '89194ada003ffff', '89194ada02fffff', '89194ada027ffff', '89194ada0a7ffff', '89194ada1cbffff', '89194ada033ffff', '89194ada0bbffff', '89194ada007ffff', '89194ada0afffff', '89194ada017ffff', '89194ada0abffff', '89194ada00fffff', '89194ada023ffff', '89194ada037ffff', '89194ada02bffff', '89194ada0a3ffff', '89194ada1dbffff'}",5.0,28.0
89194ada037ffff,"{'89194ada03bffff', '89194ada02fffff', '89194ada027ffff', '89194ada0a7ffff', '89194ada1cbffff', '89194ada033ffff', '89194ada1cfffff', '89194ada007ffff', '89194ada0afffff', '89194ada0abffff', '89194ada023ffff', '89194ada15bffff', '89194ada1c3ffff', '89194ada1d3ffff', '89194ada037ffff', '89194ada02bffff', '89194ada0a3ffff', '89194ada1dbffff', '89194ada153ffff'}",4.0,52.0
89194ada03bffff,"{'89194ada077ffff', '89194ada03bffff', '89194ada003ffff', '89194ada02fffff', '89194ada027ffff', '89194ada033ffff', '89194ada393ffff', '89194ada063ffff', '89194ada007ffff', '89194ada0afffff', '89194ada017ffff', '89194ada0abffff', '89194ada067ffff', '89194ada00fffff', '89194ada023ffff', '89194ada037ffff', '89194ada073ffff', '89194ada02bffff', '89194ada00bffff'}",1.0,35.0
89194ada047ffff,"{'89194ada077ffff', '89194ada003ffff', '89194ada05bffff', '89194ada2b7ffff', '89194ada04bffff', '89194ada053ffff', '89194ada063ffff', '89194ada06bffff', '89194ada01bffff', '89194ada043ffff', '89194ada00fffff', '89194ada07bffff', '89194ada057ffff', '89194ada073ffff', '89194ada047ffff', '89194ada00bffff', '89194ada0cfffff', '89194ada2b3ffff', '89194ada04fffff'}",2.0,88.0
89194ada053ffff,"{'89194ada05bffff', '89194ada04bffff', '89194ada0cbffff', '89194ada053ffff', '89194ada297ffff', '89194ada623ffff', '89194ada01bffff', '89194ada627ffff', '89194ada043ffff', '89194ada62fffff', '89194ada637ffff', '89194ada0dbffff', '89194ada057ffff', '89194ada0c3ffff', '89194ada047ffff', '89194ada00bffff', '89194ada0c7ffff', '89194ada0cfffff', '89194ada04fffff'}",11.0,100.0
89194ada057ffff,"{'89194ada003ffff', '89194ada05bffff', '89194ada04bffff', '89194ada0cbffff', '89194ada053ffff', '89194ada01bffff', '89194ada627ffff', '89194ada043ffff', '89194ada00fffff', '89194ada07bffff', '89194ada057ffff', '89194ada073ffff', '89194ada0c3ffff', '89194ada047ffff', '89194ada00bffff', '89194ada0c7ffff', '89194ada0cfffff', '89194ada013ffff', '89194ada04fffff'}",1.0,98.0
89194ada05bffff,"{'89194ada05bffff', '89194ada04bffff', '89194ada293ffff', '89194ada0cbffff', '89194ada053ffff', '89194ada62bffff', '89194ada297ffff', '89194ada0cfffff', '89194ada623ffff', '89194ada627ffff', '89194ada62fffff', '89194ada043ffff', '89194ada637ffff', '89194ada057ffff', '89194ada047ffff', '89194ada287ffff', '89194ada283ffff', '89194ada2b3ffff', '89194ada04fffff'}",12.0,88.0
89194ada073ffff,"{'89194ada077ffff', '89194ada03bffff', '89194ada003ffff', '89194ada2b7ffff', '89194ada06fffff', '89194ada063ffff', '89194ada007ffff', '89194ada06bffff', '89194ada01bffff', '89194ada067ffff', '89194ada043ffff', '89194ada00fffff', '89194ada07bffff', '89194ada057ffff', '89194ada073ffff', '89194ada047ffff', '89194ada02bffff', '89194ada00bffff', '89194ada04fffff'}",1.0,36.0
89194ada077ffff,"{'89194ada077ffff', '89194ada03bffff', '89194ada003ffff', '89194ada02fffff', '89194ada06fffff', '89194ada033ffff', '89194ada393ffff', '89194ada39bffff', '89194ada063ffff', '89194ada007ffff', '89194ada06bffff', '89194ada067ffff', '89194ada00fffff', '89194ada07bffff', '89194ada023ffff', '89194ada073ffff', '89194ada02bffff', '89194ada047ffff', '89194ada00bffff'}",1.0,30.0
89194ada083ffff,"{'89194ada08fffff', '89194ada083ffff', '89194ada09bffff', '89194ada46fffff', '89194ada54bffff', '89194ada55bffff', '89194ada42bffff', '89194ada0bbffff', '89194ada0d7ffff', '89194ada017ffff', '89194ada087ffff', '89194ada097ffff', '89194ada08bffff', '89194ada467ffff', '89194ada42fffff', '89194ada0b3ffff', '89194ada093ffff', '89194ada0c7ffff', '89194ada013ffff'}",12.0,64.0
89194ada087ffff,"{'89194ada08fffff', '89194ada083ffff', '89194ada09bffff', '89194ada54bffff', '89194ada55bffff', '89194ada0bbffff', '89194ada017ffff', '89194ada0abffff', '89194ada087ffff', '89194ada097ffff', '89194ada08bffff', '89194ada42fffff', '89194ada0b3ffff', '89194ada0a3ffff', '89194ada543ffff', '89194ada093ffff', '89194ada54fffff', '89194ada013ffff', '89194ada0b7ffff'}",15.0,79.0
89194ada08bffff,"{'89194ada0d3ffff', '89194ada08fffff', '89194ada083ffff', '89194ada003ffff', '89194ada09bffff', '89194ada46fffff', '89194ada0bbffff', '89194ada0d7ffff', '89194ada017ffff', '89194ada087ffff', '89194ada01bffff', '89194ada097ffff', '89194ada08bffff', '89194ada467ffff', '89194ada0c3ffff', '89194ada093ffff', '89194ada0c7ffff', '89194ada0cfffff', '89194ada013ffff'}",2.0,102.0
89194ada093ffff,"{'89194ada08fffff', '89194ada083ffff', '89194ada463ffff', '89194ada09bffff', '89194ada46fffff', '89194ada54bffff', '89194ada55bffff', '89194ada43bffff', '89194ada42bffff', '89194ada427ffff', '89194ada0d7ffff', '89194ada087ffff', '89194ada097ffff', '89194ada477ffff', '89194ada08bffff', '89194ada467ffff', '89194ada42fffff', '89194ada423ffff', '89194ada093ffff'}",4.0,66.0
89194ada09bffff,"{'89194ada0d3ffff', '89194ada08fffff', '89194ada083ffff', '89194ada463ffff', '89194ada09bffff', '89194ada46fffff', '89194ada42bffff', '89194ada0d7ffff', '89194ada087ffff', '89194ada097ffff', '89194ada477ffff', '89194ada08bffff', '89194ada467ffff', '89194ada0c3ffff', '89194ada42fffff', '89194ada0c7ffff', '89194ada093ffff', '89194ada46bffff', '89194ada013ffff'}",3.0,75.0
89194ada0a3ffff,"{'89194ada08fffff', '89194ada0a7ffff', '89194ada54bffff', '89194ada033ffff', '89194ada0bbffff', '89194ada007ffff', '89194ada0afffff', '89194ada017ffff', '89194ada087ffff', '89194ada0abffff', '89194ada037ffff', '89194ada1d3ffff', '89194ada57bffff', '89194ada0b3ffff', '89194ada0a3ffff', '89194ada1dbffff', '89194ada54fffff', '89194ada56bffff', '89194ada0b7ffff'}",1.0,97.0
89194ada0a7ffff,"{'89194ada1d7ffff', '89194ada0a7ffff', '89194ada1cbffff', '89194ada033ffff', '89194ada0bbffff', '89194ada0afffff', '89194ada0abffff', '89194ada037ffff', '89194ada1d3ffff', '89194ada1c3ffff', '89194ada563ffff', '89194ada57bffff', '89194ada0b3ffff', '89194ada0a3ffff', '89194ada1dbffff', '89194ada56fffff', '89194ada54fffff', '89194ada56bffff', '89194ada0b7ffff'}",3.0,104.0
89194ada0afffff,"{'89194ada03bffff', '89194ada027ffff', '89194ada0a7ffff', '89194ada1cbffff', '89194ada033ffff', '89194ada0bbffff', '89194ada007ffff', '89194ada0afffff', '89194ada017ffff', '89194ada0abffff', '89194ada037ffff', '89194ada023ffff', '89194ada1c3ffff', '89194ada1d3ffff', '89194ada0b3ffff', '89194ada0a3ffff', '89194ada1dbffff', '89194ada0b7ffff', '89194ada56bffff'}",2.0,84.0
89194ada0b3ffff,"{'89194ada08fffff', '89194ada083ffff', '89194ada0a7ffff', '89194ada54bffff', '89194ada55bffff', '89194ada0bbffff', '89194ada0afffff', '89194ada017ffff', '89194ada0abffff', '89194ada087ffff', '89194ada097ffff', '89194ada57bffff', '89194ada0b3ffff', '89194ada547ffff', '89194ada0a3ffff', '89194ada543ffff', '89194ada54fffff', '89194ada56bffff', '89194ada0b7ffff'}",6.0,91.0
89194ada0b7ffff,"{'89194ada0a7ffff', '89194ada54bffff', '89194ada0bbffff', '89194ada0afffff', '89194ada0abffff', '89194ada087ffff', '89194ada1d3ffff', '89194ada563ffff', '89194ada57bffff', '89194ada0b3ffff', '89194ada547ffff', '89194ada1dbffff', '89194ada573ffff', '89194ada0a3ffff', '89194ada543ffff', '89194ada56fffff', '89194ada54fffff', '89194ada56bffff', '89194ada0b7ffff'}",28.0,108.0
89194ada0c3ffff,"{'89194ada0d3ffff', '89194ada09bffff', '89194ada46fffff', '89194ada6a7ffff', '89194ada0cbffff', '89194ada053ffff', '89194ada0d7ffff', '89194ada01bffff', '89194ada627ffff', '89194ada46bffff', '89194ada637ffff', '89194ada08bffff', '89194ada0dbffff', '89194ada057ffff', '89194ada0c3ffff', '89194ada0c7ffff', '89194ada0cfffff', '89194ada013ffff', '89194ada6afffff'}",2.0,90.0
89194ada0c7ffff,"{'89194ada0d3ffff', '89194ada08fffff', '89194ada083ffff', '89194ada003ffff', '89194ada09bffff', '89194ada46fffff', '89194ada0cbffff', '89194ada053ffff', '89194ada0d7ffff', '89194ada017ffff', '89194ada01bffff', '89194ada0dbffff', '89194ada08bffff', '89194ada057ffff', '89194ada0c3ffff', '89194ada00bffff', '89194ada0c7ffff', '89194ada0cfffff', '89194ada013ffff'}",5.0,106.0
89194ada0cbffff,"{'89194ada0d3ffff', '89194ada05bffff', '89194ada6a7ffff', '89194ada633ffff', '89194ada053ffff', '89194ada0cbffff', '89194ada623ffff', '89194ada0d7ffff', '89194ada01bffff', '89194ada627ffff', '89194ada62fffff', '89194ada043ffff', '89194ada637ffff', '89194ada0dbffff', '89194ada057ffff', '89194ada0c3ffff', '89194ada0c7ffff', '89194ada0cfffff', '89194ada6afffff'}",3.0,96.0
89194ada0cfffff,"{'89194ada0d3ffff', '89194ada003ffff', '89194ada05bffff', '89194ada0cbffff', '89194ada053ffff', '89194ada0d7ffff', '89194ada01bffff', '89194ada627ffff', '89194ada043ffff', '89194ada637ffff', '89194ada08bffff', '89194ada0dbffff', '89194ada057ffff', '89194ada0c3ffff', '89194ada047ffff', '89194ada00bffff', '89194ada0c7ffff', '89194ada0cfffff', '89194ada013ffff'}",30.0,104.0
89194ada0d3ffff,"{'89194ada0d3ffff', '89194ada463ffff', '89194ada09bffff', '89194ada46fffff', '89194ada6a7ffff', '89194ada0cbffff', '89194ada0d7ffff', '89194ada637ffff', '89194ada08bffff', '89194ada0dbffff', '89194ada467ffff', '89194ada0c3ffff', '89194ada6b7ffff', '89194ada0c7ffff', '89194ada47bffff', '89194ada6a3ffff', '89194ada46bffff', '89194ada0cfffff', '89194ada6afffff'}",9.0,112.0
89194ada0dbffff,"{'89194ada0d3ffff', '89194ada6abffff', '89194ada46fffff', '89194ada6a7ffff', '89194ada633ffff', '89194ada0cbffff', '89194ada053ffff', '89194ada623ffff', '89194ada0d7ffff', '89194ada627ffff', '89194ada46bffff', '89194ada637ffff', '89194ada0dbffff', '89194ada0c3ffff', '89194ada0c7ffff', '89194ada6a3ffff', '89194ada6b7ffff', '89194ada0cfffff', '89194ada6afffff'}",1.0,113.0
89194ada113ffff,"{'89194ada1bbffff', '89194ada107ffff', '89194ada19bffff', '89194ada11bffff', '89194ada1d7ffff', '89194ada10bffff', '89194ada187ffff', '89194ada18bffff', '89194ada10fffff', '89194ada1cfffff', '89194ada18fffff', '89194ada1abffff', '89194ada1c7ffff', '89194ada183ffff', '89194ada1c3ffff', '89194ada113ffff', '89194ada103ffff', '89194ada117ffff', '89194ada157ffff'}",3.0,56.0
89194ada11bffff,"{'89194ada107ffff', '89194ada11bffff', '89194ada10bffff', '89194ada1d7ffff', '89194ada1cbffff', '89194ada18bffff', '89194ada10fffff', '89194ada1cfffff', '89194ada18fffff', '89194ada1c7ffff', '89194ada147ffff', '89194ada113ffff', '89194ada1c3ffff', '89194ada143ffff', '89194ada103ffff', '89194ada173ffff', '89194ada117ffff', '89194ada157ffff', '89194ada153ffff'}",8.0,51.0
89194ada127ffff,"{'89194ada127ffff', '89194adacdbffff', '89194ada1afffff', '89194adae97ffff', '89194adae93ffff', '89194ada12bffff', '89194ada13bffff', '89194ada137ffff', '89194adaccbffff', '89194adac4bffff', '89194adaccfffff', '89194ada12fffff', '89194adacc3ffff', '89194ada133ffff', '89194adac53ffff', '89194adac5bffff', '89194adac57ffff', '89194ada123ffff', '89194adac43ffff'}",5.0,43.0
89194ada12bffff,"{'89194ada107ffff', '89194ada127ffff', '89194adae97ffff', '89194adae93ffff', '89194ada10fffff', '89194ada13bffff', '89194ada16fffff', '89194ada12bffff', '89194ada137ffff', '89194ada163ffff', '89194adae83ffff', '89194ada12fffff', '89194ada173ffff', '89194adac5bffff', '89194ada133ffff', '89194ada167ffff', '89194ada177ffff', '89194ada123ffff', '89194adae9bffff'}",1.0,31.0
89194ada143ffff,"{'89194ada3b3ffff', '89194ada397ffff', '89194ada11bffff', '89194ada10bffff', '89194ada02fffff', '89194ada027ffff', '89194ada17bffff', '89194ada14fffff', '89194ada1cbffff', '89194ada157ffff', '89194ada1cfffff', '89194ada147ffff', '89194ada3b7ffff', '89194ada14bffff', '89194ada15bffff', '89194ada143ffff', '89194ada173ffff', '89194ada387ffff', '89194ada153ffff'}",6.0,40.0
89194ada147ffff,"{'89194ada3b3ffff', '89194ada11bffff', '89194ada10bffff', '89194ada17bffff', '89194ada14fffff', '89194ada16bffff', '89194ada10fffff', '89194ada1cfffff', '89194ada163ffff', '89194ada147ffff', '89194ada3b7ffff', '89194ada14bffff', '89194ada15bffff', '89194ada143ffff', '89194ada173ffff', '89194ada103ffff', '89194ada177ffff', '89194ada157ffff', '89194ada153ffff'}",2.0,41.0
89194ada153ffff,"{'89194ada397ffff', '89194ada11bffff', '89194ada10bffff', '89194ada02fffff', '89194ada027ffff', '89194ada14fffff', '89194ada1cbffff', '89194ada1cfffff', '89194ada1c7ffff', '89194ada147ffff', '89194ada14bffff', '89194ada037ffff', '89194ada023ffff', '89194ada15bffff', '89194ada1c3ffff', '89194ada143ffff', '89194ada1dbffff', '89194ada157ffff', '89194ada153ffff'}",3.0,50.0
89194ada157ffff,"{'89194ada11bffff', '89194ada10bffff', '89194ada027ffff', '89194ada17bffff', '89194ada14fffff', '89194ada1cbffff', '89194ada10fffff', '89194ada1cfffff', '89194ada1c7ffff', '89194ada147ffff', '89194ada14bffff', '89194ada15bffff', '89194ada113ffff', '89194ada1c3ffff', '89194ada143ffff', '89194ada173ffff', '89194ada103ffff', '89194ada157ffff', '89194ada153ffff'}",3.0,47.0
89194ada15bffff,"{'89194ada3b3ffff', '89194ada397ffff', '89194ada02fffff', '89194ada027ffff', '89194ada14fffff', '89194ada1cbffff', '89194ada157ffff', '89194ada393ffff', '89194ada1cfffff', '89194ada147ffff', '89194ada14bffff', '89194ada383ffff', '89194ada023ffff', '89194ada037ffff', '89194ada15bffff', '89194ada02bffff', '89194ada143ffff', '89194ada387ffff', '89194ada153ffff'}",3.0,35.0
89194ada16bffff,"{'89194ada3b3ffff', '89194adaec3ffff', '89194adaedbffff', '89194ada17bffff', '89194ada14fffff', '89194ada3a3ffff', '89194ada16bffff', '89194adaed7ffff', '89194ada16fffff', '89194ada163ffff', '89194ada147ffff', '89194ada3b7ffff', '89194ada3a7ffff', '89194adaed3ffff', '89194ada3afffff', '89194ada173ffff', '89194ada167ffff', '89194ada177ffff', '89194adae9bffff'}",2.0,51.0
89194ada183ffff,"{'89194ada1bbffff', '89194ada19bffff', '89194ada1d7ffff', '89194ada52fffff', '89194ada187ffff', '89194ada18bffff', '89194ada18fffff', '89194ada1c7ffff', '89194ada193ffff', '89194ada1b3ffff', '89194ada52bffff', '89194ada183ffff', '89194ada113ffff', '89194ad125bffff', '89194ada197ffff', '89194ada567ffff', '89194ada117ffff', '89194ad124bffff', '89194ada56fffff'}",1.0,66.0
89194ada187ffff,"{'89194ada1bbffff', '89194ad124fffff', '89194ada19bffff', '89194ada52fffff', '89194ada187ffff', '89194ada18bffff', '89194ada18fffff', '89194ada1abffff', '89194ada1a3ffff', '89194ada193ffff', '89194ada1b3ffff', '89194ada183ffff', '89194ada113ffff', '89194ad125bffff', '89194ada197ffff', '89194ada1b7ffff', '89194ad1243ffff', '89194ada117ffff', '89194ad124bffff'}",8.0,42.0
89194ada18bffff,"{'89194ada1bbffff', '89194ada19bffff', '89194ada11bffff', '89194ada1d7ffff', '89194ada187ffff', '89194ada18bffff', '89194ada1cfffff', '89194ada18fffff', '89194ada1c7ffff', '89194ada193ffff', '89194ada183ffff', '89194ada113ffff', '89194ada1d3ffff', '89194ada1c3ffff', '89194ada197ffff', '89194ada567ffff', '89194ada103ffff', '89194ada117ffff', '89194ada56fffff'}",1.0,87.0
89194ada18fffff,"{'89194ada1bbffff', '89194ada19bffff', '89194ada107ffff', '89194ada11bffff', '89194ada1d7ffff', '89194ada187ffff', '89194ada18bffff', '89194ada18fffff', '89194ada1abffff', '89194ada1a3ffff', '89194ada1c7ffff', '89194ada193ffff', '89194ada1b3ffff', '89194ada183ffff', '89194ada113ffff', '89194ada197ffff', '89194ada103ffff', '89194ada117ffff', '89194ad124bffff'}",6.0,49.0
89194ada193ffff,"{'89194ada19bffff', '89194ada527ffff', '89194ada1d7ffff', '89194ada52fffff', '89194ada53bffff', '89194ada187ffff', '89194ada18bffff', '89194ada523ffff', '89194ada18fffff', '89194ada193ffff', '89194ada183ffff', '89194ada52bffff', '89194ad125bffff', '89194ada197ffff', '89194ada563ffff', '89194ada567ffff', '89194ada577ffff', '89194ad124bffff', '89194ada56fffff'}",2.0,63.0
89194ada1a3ffff,"{'89194ada1bbffff', '89194ad124fffff', '89194ada107ffff', '89194adacdbffff', '89194ada1afffff', '89194ada187ffff', '89194ada18fffff', '89194ada1abffff', '89194ada1a3ffff', '89194ada137ffff', '89194ada1b3ffff', '89194ad127bffff', '89194ada1b7ffff', '89194ada117ffff', '89194ada133ffff', '89194ad124bffff', '89194ada1a7ffff', '89194adacd3ffff', '89194ad126bffff'}",1.0,41.0
89194ada1a7ffff,"{'89194ada1bbffff', '89194ad124fffff', '89194adacdbffff', '89194ada1a7ffff', '89194ada1afffff', '89194ada1abffff', '89194ada1a3ffff', '89194ada137ffff', '89194adaccbffff', '89194ada1b3ffff', '89194ad127bffff', '89194adacc3ffff', '89194adacd7ffff', '89194ad126bffff', '89194ada1b7ffff', '89194ada133ffff', '89194ad1263ffff', '89194adacd3ffff', '89194ad126fffff'}",6.0,33.0
89194ada1abffff,"{'89194ada1bbffff', '89194ada107ffff', '89194adacdbffff', '89194ada1afffff', '89194ada187ffff', '89194ada10fffff', '89194ada13bffff', '89194ada18fffff', '89194ada1a3ffff', '89194ada1abffff', '89194ada137ffff', '89194ada1b3ffff', '89194ada113ffff', '89194ada103ffff', '89194ada1b7ffff', '89194ada117ffff', '89194ada133ffff', '89194ada1a7ffff', '89194ada123ffff'}",5.0,35.0
89194ada1afffff,"{'89194ada1bbffff', '89194ada107ffff', '89194ada127ffff', '89194adacdbffff', '89194ada1afffff', '89194ada123ffff', '89194ada13bffff', '89194ada1abffff', '89194ada1a3ffff', '89194ada137ffff', '89194adaccbffff', '89194ada1b3ffff', '89194adacc3ffff', '89194ada1b7ffff', '89194ada117ffff', '89194ada133ffff', '89194ada1a7ffff', '89194adacd3ffff', '89194ad126bffff'}",1.0,27.0
89194ada1bbffff,"{'89194ad124fffff', '89194ada107ffff', '89194ada1bbffff', '89194ada187ffff', '89194ada1afffff', '89194ada18bffff', '89194ada18fffff', '89194ada1abffff', '89194ada1a3ffff', '89194ada1b3ffff', '89194ada183ffff', '89194ada113ffff', '89194ada197ffff', '89194ada103ffff', '89194ada1b7ffff', '89194ada117ffff', '89194ada133ffff', '89194ad124bffff', '89194ada1a7ffff'}",3.0,43.0
89194ada1c3ffff,"{'89194ada19bffff', '89194ada11bffff', '89194ada1d7ffff', '89194ada027ffff', '89194ada0a7ffff', '89194ada1cbffff', '89194ada18bffff', '89194ada1cfffff', '89194ada1c7ffff', '89194ada0afffff', '89194ada037ffff', '89194ada1d3ffff', '89194ada113ffff', '89194ada1c3ffff', '89194ada1dbffff', '89194ada56fffff', '89194ada56bffff', '89194ada157ffff', '89194ada153ffff'}",2.0,94.0
89194ada1c7ffff,"{'89194ada19bffff', '89194ada11bffff', '89194ada1d7ffff', '89194ada10bffff', '89194ada1cbffff', '89194ada18bffff', '89194ada1cfffff', '89194ada18fffff', '89194ada1c7ffff', '89194ada183ffff', '89194ada1c3ffff', '89194ada113ffff', '89194ada1d3ffff', '89194ada103ffff', '89194ada117ffff', '89194ada1dbffff', '89194ada56fffff', '89194ada157ffff', '89194ada153ffff'}",5.0,78.0
89194ada1cbffff,"{'89194ada11bffff', '89194ada1d7ffff', '89194ada02fffff', '89194ada027ffff', '89194ada0a7ffff', '89194ada1cbffff', '89194ada033ffff', '89194ada1cfffff', '89194ada1c7ffff', '89194ada0afffff', '89194ada037ffff', '89194ada023ffff', '89194ada15bffff', '89194ada1c3ffff', '89194ada1d3ffff', '89194ada143ffff', '89194ada1dbffff', '89194ada157ffff', '89194ada153ffff'}",1.0,72.0
89194ada1cfffff,"{'89194ada11bffff', '89194ada10bffff', '89194ada1d7ffff', '89194ada027ffff', '89194ada1cbffff', '89194ada18bffff', '89194ada1cfffff', '89194ada1c7ffff', '89194ada147ffff', '89194ada037ffff', '89194ada15bffff', '89194ada1c3ffff', '89194ada113ffff', '89194ada1d3ffff', '89194ada143ffff', '89194ada103ffff', '89194ada1dbffff', '89194ada157ffff', '89194ada153ffff'}",11.0,67.0
89194ada1d3ffff,"{'89194ada19bffff', '89194ada1d7ffff', '89194ada0a7ffff', '89194ada1cbffff', '89194ada18bffff', '89194ada1cfffff', '89194ada1c7ffff', '89194ada0afffff', '89194ada037ffff', '89194ada1c3ffff', '89194ada1d3ffff', '89194ada563ffff', '89194ada57bffff', '89194ada567ffff', '89194ada0a3ffff', '89194ada1dbffff', '89194ada56fffff', '89194ada0b7ffff', '89194ada56bffff'}",14.0,114.0
89194ada1dbffff,"{'89194ada1d7ffff', '89194ada027ffff', '89194ada0a7ffff', '89194ada1cbffff', '89194ada033ffff', '89194ada1cfffff', '89194ada1c7ffff', '89194ada0afffff', '89194ada0abffff', '89194ada037ffff', '89194ada023ffff', '89194ada1c3ffff', '89194ada1d3ffff', '89194ada0a3ffff', '89194ada1dbffff', '89194ada56fffff', '89194ada0b7ffff', '89194ada56bffff', '89194ada153ffff'}",1.0,114.0
89194ada283ffff,"{'89194ada2bbffff', '89194ada05bffff', '89194ada04bffff', '89194ada293ffff', '89194ada62bffff', '89194ada297ffff', '89194ada2c7ffff', '89194ada217ffff', '89194ada2d7ffff', '89194ada62fffff', '89194ada667ffff', '89194ada28bffff', '89194ada213ffff', '89194ada29bffff', '89194ada287ffff', '89194ada283ffff', '89194ada2b3ffff', '89194ada66fffff', '89194ada28fffff'}",5.0,44.0
89194ada28fffff,"{'89194ada2bbffff', '89194ada207ffff', '89194ada04bffff', '89194ada293ffff', '89194ada2a3ffff', '89194ada297ffff', '89194ada2c7ffff', '89194ada217ffff', '89194ada2d7ffff', '89194ada2abffff', '89194ada203ffff', '89194ada21bffff', '89194ada28bffff', '89194ada213ffff', '89194ada29bffff', '89194ada287ffff', '89194ada283ffff', '89194ada2b3ffff', '89194ada28fffff'}",1.0,27.0
89194ada293ffff,"{'89194ada677ffff', '89194ada05bffff', '89194ada63bffff', '89194ada663ffff', '89194ada04bffff', '89194ada293ffff', '89194ada62bffff', '89194ada297ffff', '89194ada623ffff', '89194ada2d7ffff', '89194ada627ffff', '89194ada62fffff', '89194ada667ffff', '89194ada28bffff', '89194ada29bffff', '89194ada287ffff', '89194ada283ffff', '89194ada66fffff', '89194ada28fffff'}",14.0,50.0
89194ada297ffff,"{'89194ada2bbffff', '89194ada05bffff', '89194ada04bffff', '89194ada293ffff', '89194ada053ffff', '89194ada62bffff', '89194ada297ffff', '89194ada623ffff', '89194ada627ffff', '89194ada62fffff', '89194ada667ffff', '89194ada043ffff', '89194ada28bffff', '89194ada28fffff', '89194ada29bffff', '89194ada287ffff', '89194ada283ffff', '89194ada2b3ffff', '89194ada04fffff'}",1.0,57.0
89194ada29bffff,"{'89194ada677ffff', '89194ada66bffff', '89194ada663ffff', '89194ada293ffff', '89194ada62bffff', '89194ada297ffff', '89194ada2c7ffff', '89194ada2d7ffff', '89194ada62fffff', '89194ada667ffff', '89194ada28bffff', '89194ada2d3ffff', '89194ada213ffff', '89194ada2c3ffff', '89194ada29bffff', '89194ada287ffff', '89194ada283ffff', '89194ada66fffff', '89194ada28fffff'}",6.0,32.0
89194ada317ffff,"{'89194ada3b3ffff', '89194ada317ffff', '89194ada313ffff', '89194ada33bffff', '89194ada3abffff', '89194ada30bffff', '89194ada3a3ffff', '89194ada303ffff', '89194ada38fffff', '89194ada333ffff', '89194ada383ffff', '89194ada38bffff', '89194ada307ffff', '89194ada30fffff', '89194ada3c7ffff', '89194ada31bffff', '89194ada3afffff', '89194ada3bbffff', '89194ada387ffff'}",4.0,19.0
89194ada333ffff,"{'89194ada317ffff', '89194ada32bffff', '89194adaecbffff', '89194adaedbffff', '89194ada33bffff', '89194ada377ffff', '89194ada3abffff', '89194ada32fffff', '89194ada3a3ffff', '89194ada303ffff', '89194ada327ffff', '89194ada323ffff', '89194ada333ffff', '89194ada3a7ffff', '89194ada307ffff', '89194ada337ffff', '89194ada30fffff', '89194ada3afffff', '89194ada3bbffff'}",2.0,56.0
89194ada337ffff,"{'89194ada32bffff', '89194adaec3ffff', '89194adaecbffff', '89194adaedbffff', '89194ada33bffff', '89194ada3abffff', '89194ada32fffff', '89194ada3a3ffff', '89194adaecfffff', '89194adae53ffff', '89194ada327ffff', '89194ada323ffff', '89194ada333ffff', '89194ada3a7ffff', '89194adae5bffff', '89194ada307ffff', '89194adaed3ffff', '89194ada3afffff', '89194ada337ffff'}",4.0,50.0
89194ada33bffff,"{'89194ada317ffff', '89194ada32bffff', '89194ada33bffff', '89194ada377ffff', '89194ada3abffff', '89194ada30bffff', '89194ada32fffff', '89194ada303ffff', '89194ada327ffff', '89194ada323ffff', '89194ada333ffff', '89194ada363ffff', '89194ad8593ffff', '89194ada307ffff', '89194ada367ffff', '89194ada373ffff', '89194ada337ffff', '89194ada30fffff', '89194ada3afffff'}",1.0,13.0
89194ada353ffff,"{'89194ada227ffff', '89194ada34bffff', '89194ada35bffff', '89194ada343ffff', '89194ada34fffff', '89194ada30bffff', '89194ada223ffff', '89194ada347ffff', '89194ad8497ffff', '89194ada3cfffff', '89194ada22fffff', '89194ada3dbffff', '89194ada353ffff', '89194ada237ffff', '89194ada357ffff', '89194ada31bffff', '89194ada3c7ffff', '89194ada3cbffff', '89194ada3c3ffff'}",2.0,7.0
89194ada373ffff,"{'89194ada32bffff', '89194ada343ffff', '89194ada36bffff', '89194ada33bffff', '89194ada34fffff', '89194ada377ffff', '89194ada30bffff', '89194ada347ffff', '89194ada303ffff', '89194ada363ffff', '89194ad84b7ffff', '89194ada307ffff', '89194ada367ffff', '89194ada37bffff', '89194ada373ffff', '89194ada357ffff', '89194ada30fffff', '89194ada31bffff', '89194ada36fffff'}",1.0,3.0
89194ada37bffff,"{'89194ada34bffff', '89194ada343ffff', '89194ada36bffff', '89194ada34fffff', '89194ada377ffff', '89194ada30bffff', '89194ada347ffff', '89194ad85d3ffff', '89194ada363ffff', '89194ad84a3ffff', '89194ad84b7ffff', '89194ad84a7ffff', '89194ada367ffff', '89194ada37bffff', '89194ada373ffff', '89194ada357ffff', '89194ada30fffff', '89194ad84b3ffff', '89194ada36fffff'}",1.0,2.0
89194ada383ffff,"{'89194ada3b3ffff', '89194ada397ffff', '89194ada317ffff', '89194ada313ffff', '89194ada02fffff', '89194ada06fffff', '89194ada38fffff', '89194ada393ffff', '89194ada39bffff', '89194ada3d7ffff', '89194ada067ffff', '89194ada14bffff', '89194ada383ffff', '89194ada38bffff', '89194ada15bffff', '89194ada3c7ffff', '89194ada02bffff', '89194ada3bbffff', '89194ada387ffff'}",1.0,14.0
89194ada3a3ffff,"{'89194ada3b3ffff', '89194ada317ffff', '89194adaedbffff', '89194ada17bffff', '89194ada3abffff', '89194ada14fffff', '89194ada3a3ffff', '89194ada16bffff', '89194ada38fffff', '89194ada333ffff', '89194ada3b7ffff', '89194ada14bffff', '89194ada3a7ffff', '89194ada307ffff', '89194ada337ffff', '89194adaed3ffff', '89194ada3afffff', '89194ada3bbffff', '89194ada387ffff'}",4.0,60.0
89194ada3a7ffff,"{'89194ada3b3ffff', '89194adaec3ffff', '89194adaedbffff', '89194adaecbffff', '89194ada17bffff', '89194ada3abffff', '89194ada14fffff', '89194ada3a3ffff', '89194ada16bffff', '89194adaed7ffff', '89194ada16fffff', '89194ada333ffff', '89194ada3b7ffff', '89194ada3a7ffff', '89194adaed3ffff', '89194ada337ffff', '89194ada3afffff', '89194ada3bbffff', '89194ada163ffff'}",18.0,62.0
89194ada3abffff,"{'89194ada3b3ffff', '89194ada317ffff', '89194ada313ffff', '89194adaedbffff', '89194ada33bffff', '89194ada3abffff', '89194ada3a3ffff', '89194ada303ffff', '89194ada38fffff', '89194ada323ffff', '89194ada333ffff', '89194ada3b7ffff', '89194ada3a7ffff', '89194ada307ffff', '89194ada337ffff', '89194ada30fffff', '89194ada3afffff', '89194ada3bbffff', '89194ada387ffff'}",1.0,59.0
89194ada3b7ffff,"{'89194ada3b3ffff', '89194adaedbffff', '89194ada17bffff', '89194ada3abffff', '89194ada14fffff', '89194ada3a3ffff', '89194ada16bffff', '89194ada16fffff', '89194ada147ffff', '89194ada3b7ffff', '89194ada14bffff', '89194ada3a7ffff', '89194adaed3ffff', '89194ada3afffff', '89194ada143ffff', '89194ada173ffff', '89194ada3bbffff', '89194ada163ffff', '89194ada387ffff'}",3.0,58.0
89194ada3bbffff,"{'89194ada3b3ffff', '89194ada317ffff', '89194ada397ffff', '89194ada313ffff', '89194ada3abffff', '89194ada14fffff', '89194ada3a3ffff', '89194ada303ffff', '89194ada38fffff', '89194ada333ffff', '89194ada3b7ffff', '89194ada14bffff', '89194ada3a7ffff', '89194ada383ffff', '89194ada38bffff', '89194ada307ffff', '89194ada3afffff', '89194ada3bbffff', '89194ada387ffff'}",6.0,39.0
89194ada3cbffff,"{'89194ada3d3ffff', '89194ada227ffff', '89194ada35bffff', '89194ada2a7ffff', '89194ada343ffff', '89194ada223ffff', '89194ada3d7ffff', '89194ada3cfffff', '89194ada22fffff', '89194ada3dbffff', '89194ada233ffff', '89194ada237ffff', '89194ada353ffff', '89194ada357ffff', '89194ada31bffff', '89194ada3c7ffff', '89194ada3cbffff', '89194ada2afffff', '89194ada3c3ffff'}",5.0,7.0
89194ada403ffff,"{'89194ada417ffff', '89194ada4abffff', '89194ada433ffff', '89194ada40fffff', '89194ada41bffff', '89194ada447ffff', '89194ada48bffff', '89194ada473ffff', '89194ada43bffff', '89194ada4cfffff', '89194ada413ffff', '89194ada457ffff', '89194ada4c7ffff', '89194ada477ffff', '89194ada40bffff', '89194ada4bbffff', '89194ada48fffff', '89194ada403ffff', '89194ada407ffff'}",6.0,42.0
89194ada41bffff,"{'89194ada417ffff', '89194ada40fffff', '89194ada41bffff', '89194ada447ffff', '89194ada48bffff', '89194ada473ffff', '89194ada4cfffff', '89194ada413ffff', '89194ada457ffff', '89194ada4cbffff', '89194ada453ffff', '89194ada4c7ffff', '89194ada4d7ffff', '89194ada40bffff', '89194ada443ffff', '89194ada48fffff', '89194ada403ffff', '89194ada4c3ffff', '89194ada407ffff'}",1.0,46.0
89194ada423ffff,"{'89194ada4abffff', '89194ada433ffff', '89194ada4afffff', '89194ada40fffff', '89194ada55bffff', '89194ada553ffff', '89194ada43bffff', '89194ada42bffff', '89194ada427ffff', '89194ada5dbffff', '89194ada097ffff', '89194ada477ffff', '89194ada467ffff', '89194ada42fffff', '89194ada437ffff', '89194ada5cbffff', '89194ada423ffff', '89194ada093ffff', '89194ada407ffff'}",6.0,67.0
89194ada42bffff,"{'89194ada433ffff', '89194ada083ffff', '89194ada463ffff', '89194ada40fffff', '89194ada09bffff', '89194ada46fffff', '89194ada55bffff', '89194ada43bffff', '89194ada473ffff', '89194ada42bffff', '89194ada427ffff', '89194ada097ffff', '89194ada477ffff', '89194ada467ffff', '89194ada42fffff', '89194ada437ffff', '89194ada423ffff', '89194ada093ffff', '89194ada407ffff'}",1.0,65.0
89194ada42fffff,"{'89194ada433ffff', '89194ada083ffff', '89194ada09bffff', '89194ada54bffff', '89194ada55bffff', '89194ada553ffff', '89194ada43bffff', '89194ada42bffff', '89194ada427ffff', '89194ada087ffff', '89194ada097ffff', '89194ada477ffff', '89194ada467ffff', '89194ada42fffff', '89194ada437ffff', '89194ada423ffff', '89194ada5cbffff', '89194ada543ffff', '89194ada093ffff'}",2.0,84.0
89194ada433ffff,"{'89194ada4abffff', '89194ada417ffff', '89194ada433ffff', '89194ada4afffff', '89194ada40fffff', '89194ada43bffff', '89194ada42bffff', '89194ada427ffff', '89194ada5dbffff', '89194ada477ffff', '89194ada42fffff', '89194ada437ffff', '89194ada423ffff', '89194ada4bbffff', '89194ada5cbffff', '89194ada4a3ffff', '89194ada4a7ffff', '89194ada403ffff', '89194ada407ffff'}",1.0,91.0
89194ada437ffff,"{'89194ada4abffff', '89194ada433ffff', '89194ada4afffff', '89194ada55bffff', '89194ada553ffff', '89194ada43bffff', '89194ada42bffff', '89194ada427ffff', '89194ada5c3ffff', '89194ada5dbffff', '89194ada5d3ffff', '89194ada42fffff', '89194ada5cbffff', '89194ada423ffff', '89194ada4a3ffff', '89194ada4a7ffff', '89194ada437ffff', '89194ada5cfffff', '89194ada407ffff'}",13.0,105.0
89194ada43bffff,"{'89194ada4abffff', '89194ada417ffff', '89194ada433ffff', '89194ada4afffff', '89194ada463ffff', '89194ada40fffff', '89194ada473ffff', '89194ada42bffff', '89194ada43bffff', '89194ada427ffff', '89194ada477ffff', '89194ada467ffff', '89194ada40bffff', '89194ada42fffff', '89194ada437ffff', '89194ada423ffff', '89194ada093ffff', '89194ada403ffff', '89194ada407ffff'}",1.0,48.0
89194ada443ffff,"{'89194ada41bffff', '89194ada44fffff', '89194ada447ffff', '89194ada6b3ffff', '89194ada473ffff', '89194ada687ffff', '89194ada4cfffff', '89194ada457ffff', '89194ada4cbffff', '89195da592fffff', '89194ada453ffff', '89194ada697ffff', '89195da5927ffff', '89194ada40bffff', '89194ada44bffff', '89194ada443ffff', '89194ada47bffff', '89194ada45bffff', '89194ada6b7ffff'}",11.0,120.0
89194ada447ffff,"{'89194ada463ffff', '89194ada40fffff', '89194ada41bffff', '89194ada44fffff', '89194ada6b3ffff', '89194ada447ffff', '89194ada473ffff', '89194ada4cfffff', '89194ada457ffff', '89194ada453ffff', '89194ada46bffff', '89194ada477ffff', '89194ada40bffff', '89194ada44bffff', '89194ada443ffff', '89194ada47bffff', '89194ada403ffff', '89194ada45bffff', '89194ada6b7ffff'}",3.0,130.0
89194ada44bffff,"{'89194ada44fffff', '89194ada447ffff', '89194ada6b3ffff', '89194ada687ffff', '89194ada693ffff', '89194ada457ffff', '89195da592fffff', '89194ada453ffff', '89194ada6bbffff', '89194ada697ffff', '89195da5927ffff', '89194ada683ffff', '89194ada68fffff', '89194ada44bffff', '89194ada443ffff', '89194ada47bffff', '89194ada45bffff', '89194ada6b7ffff', '89194ada6a3ffff'}",13.0,155.0
89194ada44fffff,"{'89194ada463ffff', '89194ada6a7ffff', '89194ada44fffff', '89194ada447ffff', '89194ada6b3ffff', '89194ada473ffff', '89194ada687ffff', '89194ada457ffff', '89194ada453ffff', '89194ada6bbffff', '89194ada697ffff', '89194ada46bffff', '89194ada40bffff', '89194ada44bffff', '89194ada443ffff', '89194ada47bffff', '89194ada45bffff', '89194ada6b7ffff', '89194ada6a3ffff'}",33.0,157.0
89194ada457ffff,"{'89194ada40fffff', '89194ada41bffff', '89194ada44fffff', '89194ada447ffff', '89194ada473ffff', '89194ada4cfffff', '89194ada413ffff', '89194ada457ffff', '89194ada4cbffff', '89194ada453ffff', '89194ada4c7ffff', '89195da5927ffff', '89194ada40bffff', '89194ada44bffff', '89194ada443ffff', '89194ada47bffff', '89194ada403ffff', '89194ada45bffff', '89194ada4c3ffff'}",1.0,86.0
89194ada45bffff,"{'89195da592bffff', '89194ada44fffff', '89194ada447ffff', '89194ada6b3ffff', '89195da5937ffff', '89194ada687ffff', '89194ada4cfffff', '89195da5923ffff', '89194ada693ffff', '89194ada457ffff', '89194ada4cbffff', '89195da592fffff', '89194ada453ffff', '89194ada697ffff', '89195da5927ffff', '89194ada683ffff', '89194ada44bffff', '89194ada443ffff', '89194ada45bffff'}",1.0,102.0
89194ada463ffff,"{'89194ada0d3ffff', '89194ada463ffff', '89194ada40fffff', '89194ada09bffff', '89194ada46fffff', '89194ada6a7ffff', '89194ada44fffff', '89194ada447ffff', '89194ada473ffff', '89194ada43bffff', '89194ada42bffff', '89194ada0d7ffff', '89194ada477ffff', '89194ada467ffff', '89194ada40bffff', '89194ada6b7ffff', '89194ada47bffff', '89194ada093ffff', '89194ada46bffff'}",2.0,95.0
89194ada467ffff,"{'89194ada0d3ffff', '89194ada083ffff', '89194ada463ffff', '89194ada40fffff', '89194ada09bffff', '89194ada46fffff', '89194ada473ffff', '89194ada43bffff', '89194ada42bffff', '89194ada0d7ffff', '89194ada097ffff', '89194ada477ffff', '89194ada08bffff', '89194ada467ffff', '89194ada42fffff', '89194ada423ffff', '89194ada47bffff', '89194ada093ffff', '89194ada46bffff'}",5.0,73.0
89194ada46bffff,"{'89194ada0d3ffff', '89194ada463ffff', '89194ada09bffff', '89194ada46fffff', '89194ada6a7ffff', '89194ada44fffff', '89194ada447ffff', '89194ada6b3ffff', '89194ada473ffff', '89194ada0d7ffff', '89194ada46bffff', '89194ada477ffff', '89194ada0dbffff', '89194ada467ffff', '89194ada0c3ffff', '89194ada47bffff', '89194ada6a3ffff', '89194ada6b7ffff', '89194ada6afffff'}",5.0,141.0
89194ada46fffff,"{'89194ada0d3ffff', '89194ada083ffff', '89194ada463ffff', '89194ada09bffff', '89194ada46fffff', '89194ada6a7ffff', '89194ada473ffff', '89194ada42bffff', '89194ada0d7ffff', '89194ada477ffff', '89194ada08bffff', '89194ada0dbffff', '89194ada467ffff', '89194ada0c3ffff', '89194ada6b7ffff', '89194ada0c7ffff', '89194ada47bffff', '89194ada093ffff', '89194ada46bffff'}",3.0,80.0
89194ada473ffff,"{'89194ada463ffff', '89194ada40fffff', '89194ada41bffff', '89194ada46fffff', '89194ada44fffff', '89194ada447ffff', '89194ada43bffff', '89194ada42bffff', '89194ada473ffff', '89194ada457ffff', '89194ada46bffff', '89194ada477ffff', '89194ada467ffff', '89194ada40bffff', '89194ada443ffff', '89194ada47bffff', '89194ada403ffff', '89194ada6b7ffff', '89194ada407ffff'}",2.0,97.0
89194ada477ffff,"{'89194ada433ffff', '89194ada463ffff', '89194ada40fffff', '89194ada09bffff', '89194ada46fffff', '89194ada447ffff', '89194ada473ffff', '89194ada43bffff', '89194ada42bffff', '89194ada477ffff', '89194ada467ffff', '89194ada40bffff', '89194ada42fffff', '89194ada423ffff', '89194ada093ffff', '89194ada47bffff', '89194ada403ffff', '89194ada46bffff', '89194ada407ffff'}",5.0,60.0
89194ada47bffff,"{'89194ada0d3ffff', '89194ada463ffff', '89194ada40fffff', '89194ada46fffff', '89194ada6a7ffff', '89194ada44fffff', '89194ada447ffff', '89194ada6b3ffff', '89194ada473ffff', '89194ada457ffff', '89194ada46bffff', '89194ada477ffff', '89194ada467ffff', '89194ada40bffff', '89194ada44bffff', '89194ada443ffff', '89194ada47bffff', '89194ada6a3ffff', '89194ada6b7ffff'}",11.0,160.0
89194ada483ffff,"{'89194ada417ffff', '89194ada4b3ffff', '89194ada49bffff', '89194ada483ffff', '89194ada48bffff', '89194ada493ffff', '89194ada413ffff', '89195da4a2fffff', '89194ada497ffff', '89195da4b5bffff', '89194ada4c7ffff', '89194ada4d7ffff', '89195da4a2bffff', '89194ada487ffff', '89195da4a6fffff', '89194ada4bbffff', '89194ada48fffff', '89195da4b4bffff', '89195da4a67ffff'}",2.0,139.0
89194ada487ffff,"{'89194ada417ffff', '89194ada4abffff', '89194ada4b3ffff', '89194ada49bffff', '89194ada483ffff', '89194ada48bffff', '89194ada4b7ffff', '89194ada493ffff', '89195da4b4fffff', '89194ada413ffff', '89195da4b43ffff', '89195da4a2fffff', '89194ada497ffff', '89195da4b5bffff', '89194ada487ffff', '89194ada4bbffff', '89194ada4a3ffff', '89194ada48fffff', '89195da4b4bffff'}",20.0,111.0
89194ada48bffff,"{'89194ada417ffff', '89194ada41bffff', '89194ada49bffff', '89194ada483ffff', '89194ada48bffff', '89194ada4cfffff', '89194ada493ffff', '89194ada413ffff', '89194ada4d3ffff', '89194ada497ffff', '89194ada4c7ffff', '89194ada4d7ffff', '89194ada487ffff', '89195da4a6fffff', '89194ada4bbffff', '89194ada48fffff', '89194ada403ffff', '89195da4a67ffff', '89194ada4c3ffff'}",6.0,138.0
89194ada48fffff,"{'89194ada417ffff', '89194ada4abffff', '89194ada4b3ffff', '89194ada41bffff', '89194ada49bffff', '89194ada483ffff', '89194ada48bffff', '89194ada493ffff', '89194ada413ffff', '89194ada497ffff', '89194ada4c7ffff', '89194ada4d7ffff', '89194ada487ffff', '89194ada4bbffff', '89194ada4a3ffff', '89194ada48fffff', '89194ada403ffff', '89195da4b4bffff', '89194ada407ffff'}",1.0,86.0
89194ada493ffff,"{'89195da4a63ffff', '89195da4a77ffff', '89194ada49bffff', '89194ada483ffff', '89194ada48bffff', '89195da4a27ffff', '89194ada493ffff', '89195da4a3bffff', '89195da4a2fffff', '89194ada497ffff', '89195da4b5bffff', '89195da4a2bffff', '89194ada4d7ffff', '89194ada487ffff', '89195da4a6fffff', '89194ada48fffff', '89195da4a23ffff', '89195da4b4bffff', '89195da4a67ffff'}",5.0,146.0
89194ada49bffff,"{'89195da4a63ffff', '89195da4a77ffff', '89194ada49bffff', '89194ada483ffff', '89194ada48bffff', '89194ada493ffff', '89194ada413ffff', '89194ada4d3ffff', '89195da4a6bffff', '89195da4a2fffff', '89194ada497ffff', '89194ada4c7ffff', '89194ada4d7ffff', '89195da4a2bffff', '89194ada487ffff', '89195da4a6fffff', '89194ada48fffff', '89195da4a67ffff', '89194ada4c3ffff'}",12.0,166.0
89194ada4a3ffff,"{'89194ada4abffff', '89194ada417ffff', '89194ada433ffff', '89194ada4b3ffff', '89194ada4afffff', '89194ada4b7ffff', '89195da4b4fffff', '89194ada5dbffff', '89194ada5d3ffff', '89195da4b7bffff', '89194ada487ffff', '89195da4b6bffff', '89194ada437ffff', '89194ada4bbffff', '89194ada4a7ffff', '89194ada48fffff', '89194ada4a3ffff', '89195da4b4bffff', '89194ada407ffff'}",2.0,115.0
89194ada4a7ffff,"{'89194ada4abffff', '89194ada433ffff', '89194ada4b3ffff', '89194ada4afffff', '89195da4b63ffff', '89194ada4b7ffff', '89195da4b4fffff', '89194ada5c3ffff', '89194ada5dbffff', '89194ada5d7ffff', '89194ada5d3ffff', '89195da4b7bffff', '89195da4b6bffff', '89194ada437ffff', '89194ada4bbffff', '89194ada5cbffff', '89194ada4a3ffff', '89194ada4a7ffff', '89195da4b6fffff'}",23.0,105.0
89194ada4b3ffff,"{'89194ada417ffff', '89194ada4abffff', '89194ada4afffff', '89194ada4b3ffff', '89195da4b47ffff', '89194ada483ffff', '89194ada4b7ffff', '89195da4b4fffff', '89195da4b43ffff', '89194ada497ffff', '89195da4b5bffff', '89195da4b7bffff', '89194ada487ffff', '89195da4b6bffff', '89194ada4bbffff', '89194ada4a3ffff', '89194ada48fffff', '89194ada4a7ffff', '89195da4b4bffff'}",3.0,106.0
89194ada4b7ffff,"{'89194ada4abffff', '89194ada4b3ffff', '89194ada4afffff', '89195da4b63ffff', '89195da4b47ffff', '89194ada4b7ffff', '89195da4b4fffff', '89195da4b43ffff', '89194ada5dbffff', '89194ada5d3ffff', '89195da4b7bffff', '89195da4b73ffff', '89194ada487ffff', '89195da4b6bffff', '89194ada4bbffff', '89194ada4a3ffff', '89194ada4a7ffff', '89195da4b6fffff', '89195da4b4bffff'}",1.0,124.0
89194ada4bbffff,"{'89194ada417ffff', '89194ada4abffff', '89194ada433ffff', '89194ada4b3ffff', '89194ada4afffff', '89194ada483ffff', '89194ada48bffff', '89194ada4b7ffff', '89195da4b4fffff', '89194ada413ffff', '89194ada497ffff', '89194ada487ffff', '89194ada4a3ffff', '89194ada48fffff', '89194ada4a7ffff', '89194ada4bbffff', '89194ada403ffff', '89195da4b4bffff', '89194ada407ffff'}",14.0,83.0
89194ada4cbffff,"{'89195da59afffff', '89194ada4dbffff', '89194ada41bffff', '89195da5937ffff', '89194ada4cfffff', '89195da5923ffff', '89195da59a7ffff', '89194ada457ffff', '89195da592fffff', '89194ada453ffff', '89194ada4cbffff', '89194ada4d3ffff', '89195da5933ffff', '89194ada4c7ffff', '89194ada4d7ffff', '89195da5927ffff', '89194ada443ffff', '89194ada45bffff', '89194ada4c3ffff'}",3.0,59.0
89194ada4cfffff,"{'89194ada4dbffff', '89194ada41bffff', '89194ada447ffff', '89194ada48bffff', '89195da5937ffff', '89194ada4cfffff', '89194ada413ffff', '89194ada457ffff', '89194ada4cbffff', '89194ada453ffff', '89194ada4d3ffff', '89194ada4c7ffff', '89194ada4d7ffff', '89195da5927ffff', '89194ada40bffff', '89194ada443ffff', '89194ada403ffff', '89194ada45bffff', '89194ada4c3ffff'}",1.0,69.0
89194ada4d3ffff,"{'89195da59afffff', '89195da4a63ffff', '89194ada4dbffff', '89194ada49bffff', '89194ada48bffff', '89195da5937ffff', '89194ada4cfffff', '89195da59a7ffff', '89194ada4cbffff', '89195da59a3ffff', '89194ada4d3ffff', '89195da4a6bffff', '89194ada4c7ffff', '89195da4a7bffff', '89194ada4d7ffff', '89195da4a6fffff', '89195da59b7ffff', '89195da4a67ffff', '89194ada4c3ffff'}",25.0,126.0
89194ada4d7ffff,"{'89195da4a63ffff', '89194ada4dbffff', '89194ada41bffff', '89194ada49bffff', '89194ada483ffff', '89194ada48bffff', '89194ada4cfffff', '89194ada493ffff', '89194ada413ffff', '89195da59a7ffff', '89194ada4cbffff', '89194ada4d3ffff', '89195da4a6bffff', '89194ada4c7ffff', '89194ada4d7ffff', '89195da4a6fffff', '89194ada48fffff', '89195da4a67ffff', '89194ada4c3ffff'}",11.0,126.0
89194ada507ffff,"{'89194ada5bbffff', '89194ada507ffff', '89194ada50bffff', '89194ada5afffff', '89194ada5a3ffff', '89194ada537ffff', '89194ada503ffff', '89194ada53bffff', '89194ada5abffff', '89194ada51bffff', '89194ada523ffff', '89194ada517ffff', '89194ada50fffff', '89194ada52bffff', '89194ada513ffff', '89194ada58fffff', '89194ada533ffff', '89194ada577ffff', '89194ada573ffff'}",14.0,83.0
89194ada50bffff,"{'89194ada507ffff', '89194ada50bffff', '89194ada557ffff', '89194ada503ffff', '89194ada53bffff', '89194ada553ffff', '89194ada51bffff', '89194ada517ffff', '89194ada50fffff', '89194ada513ffff', '89194ada563ffff', '89194ada57bffff', '89194ada547ffff', '89194ada577ffff', '89194ada5c7ffff', '89194ada543ffff', '89194ada573ffff', '89194ada54fffff', '89194ada5cfffff'}",9.0,81.0
89194ada50fffff,"{'89194ada507ffff', '89194ada50bffff', '89194ada557ffff', '89194ada503ffff', '89194ada53bffff', '89194ada51bffff', '89194ada5abffff', '89194ada523ffff', '89194ada517ffff', '89194ada50fffff', '89194ada52bffff', '89194ada513ffff', '89194ada563ffff', '89194ada57bffff', '89194ada567ffff', '89194ada547ffff', '89194ada533ffff', '89194ada577ffff', '89194ada573ffff'}",1.0,76.0
89194ada513ffff,"{'89194ada507ffff', '89194ada5bbffff', '89194ada50bffff', '89194ada583ffff', '89194ada557ffff', '89194ada59bffff', '89194ada503ffff', '89194ada51bffff', '89194ada5abffff', '89194ada517ffff', '89194ada5c3ffff', '89194ada50fffff', '89194ada58bffff', '89194ada5d7ffff', '89194ada513ffff', '89194ada587ffff', '89194ada58fffff', '89194ada5c7ffff', '89194ada5cfffff'}",8.0,146.0
89194ada51bffff,"{'89194ada507ffff', '89194ada50bffff', '89194ada557ffff', '89194ada503ffff', '89194ada553ffff', '89194ada51bffff', '89194ada517ffff', '89194ada5c3ffff', '89194ada50fffff', '89194ada58bffff', '89194ada5d7ffff', '89194ada513ffff', '89194ada58fffff', '89194ada5cbffff', '89194ada547ffff', '89194ada573ffff', '89194ada5c7ffff', '89194ada543ffff', '89194ada5cfffff'}",2.0,111.0
89194ada523ffff,"{'89194ada507ffff', '89194ada527ffff', '89194ada5afffff', '89194ada52fffff', '89194ada537ffff', '89194ada53bffff', '89194ada5abffff', '89194ada523ffff', '89194ad1253ffff', '89194ada193ffff', '89194ada50fffff', '89194ada52bffff', '89194ad12cbffff', '89194ad125bffff', '89194ada197ffff', '89194ada567ffff', '89194ad12dbffff', '89194ada533ffff', '89194ada577ffff'}",4.0,65.0
89194ada527ffff,"{'89194ada5afffff', '89194ada527ffff', '89194ada52fffff', '89194ad12cfffff', '89194ad1257ffff', '89194ada537ffff', '89194ada53bffff', '89194ada523ffff', '89194ad1253ffff', '89194ada193ffff', '89194ada52bffff', '89194ad12cbffff', '89194ad125bffff', '89194ada197ffff', '89194ad12dbffff', '89194ada533ffff', '89194ad12c3ffff', '89194ad1243ffff', '89194ad124bffff'}",1.0,44.0
89194ada52bffff,"{'89194ada507ffff', '89194ada19bffff', '89194ada527ffff', '89194ada52fffff', '89194ada537ffff', '89194ada53bffff', '89194ada523ffff', '89194ada193ffff', '89194ada50fffff', '89194ada183ffff', '89194ada52bffff', '89194ad125bffff', '89194ada197ffff', '89194ada563ffff', '89194ada567ffff', '89194ada533ffff', '89194ada577ffff', '89194ada573ffff', '89194ada56fffff'}",4.0,60.0
89194ada52fffff,"{'89194ada19bffff', '89194ada527ffff', '89194ada52fffff', '89194ada537ffff', '89194ada53bffff', '89194ada187ffff', '89194ada523ffff', '89194ad1253ffff', '89194ada193ffff', '89194ada52bffff', '89194ada183ffff', '89194ad12cbffff', '89194ad125bffff', '89194ada197ffff', '89194ada567ffff', '89194ada533ffff', '89194ad1243ffff', '89194ada577ffff', '89194ad124bffff'}",1.0,44.0
89194ada533ffff,"{'89194ada507ffff', '89194ada5bbffff', '89194ada5a3ffff', '89194ada527ffff', '89194ada5afffff', '89194ada52fffff', '89194ada537ffff', '89194ada503ffff', '89194ada53bffff', '89194ada5abffff', '89194ada523ffff', '89194ada517ffff', '89194ada5a7ffff', '89194ada50fffff', '89194ada52bffff', '89194ad12cbffff', '89194ad12dbffff', '89194ada533ffff', '89194ada577ffff'}",2.0,64.0
89194ada537ffff,"{'89194ada507ffff', '89194ada5a3ffff', '89194ada527ffff', '89194ada5afffff', '89194ada52fffff', '89194ad12cfffff', '89194ada537ffff', '89194ada53bffff', '89194ada5abffff', '89194ada523ffff', '89194ad1253ffff', '89194ada5a7ffff', '89194ada52bffff', '89194ad12d3ffff', '89194ad12cbffff', '89194ad125bffff', '89194ad12dbffff', '89194ada533ffff', '89194ad12c3ffff'}",1.0,72.0
89194ada53bffff,"{'89194ada507ffff', '89194ada50bffff', '89194ada527ffff', '89194ada5afffff', '89194ada52fffff', '89194ada537ffff', '89194ada503ffff', '89194ada53bffff', '89194ada5abffff', '89194ada523ffff', '89194ada517ffff', '89194ada193ffff', '89194ada50fffff', '89194ada52bffff', '89194ada563ffff', '89194ada567ffff', '89194ada533ffff', '89194ada577ffff', '89194ada573ffff'}",2.0,67.0
89194ada547ffff,"{'89194ada50bffff', '89194ada557ffff', '89194ada503ffff', '89194ada54bffff', '89194ada55bffff', '89194ada553ffff', '89194ada51bffff', '89194ada50fffff', '89194ada563ffff', '89194ada57bffff', '89194ada0b3ffff', '89194ada56bffff', '89194ada547ffff', '89194ada577ffff', '89194ada573ffff', '89194ada543ffff', '89194ada54fffff', '89194ada5cfffff', '89194ada0b7ffff'}",1.0,105.0
89194ada553ffff,"{'89194ada50bffff', '89194ada557ffff', '89194ada54bffff', '89194ada55bffff', '89194ada553ffff', '89194ada51bffff', '89194ada427ffff', '89194ada5c3ffff', '89194ada5dbffff', '89194ada097ffff', '89194ada42fffff', '89194ada437ffff', '89194ada423ffff', '89194ada547ffff', '89194ada5cbffff', '89194ada5c7ffff', '89194ada543ffff', '89194ada54fffff', '89194ada5cfffff'}",7.0,99.0
89194ada557ffff,"{'89194ada50bffff', '89194ada557ffff', '89194ada503ffff', '89194ada54bffff', '89194ada55bffff', '89194ada553ffff', '89194ada51bffff', '89194ada427ffff', '89194ada5c3ffff', '89194ada50fffff', '89194ada513ffff', '89194ada57bffff', '89194ada5cbffff', '89194ada547ffff', '89194ada573ffff', '89194ada5c7ffff', '89194ada543ffff', '89194ada54fffff', '89194ada5cfffff'}",10.0,77.0
89194ada55bffff,"{'89194ada083ffff', '89194ada557ffff', '89194ada54bffff', '89194ada55bffff', '89194ada553ffff', '89194ada42bffff', '89194ada427ffff', '89194ada087ffff', '89194ada097ffff', '89194ada42fffff', '89194ada0b3ffff', '89194ada423ffff', '89194ada547ffff', '89194ada437ffff', '89194ada5cbffff', '89194ada543ffff', '89194ada093ffff', '89194ada54fffff', '89194ada5cfffff'}",5.0,104.0
89194ada563ffff,"{'89194ada19bffff', '89194ada50bffff', '89194ada1d7ffff', '89194ada0a7ffff', '89194ada53bffff', '89194ada193ffff', '89194ada50fffff', '89194ada52bffff', '89194ada1d3ffff', '89194ada563ffff', '89194ada57bffff', '89194ada567ffff', '89194ada547ffff', '89194ada577ffff', '89194ada573ffff', '89194ada56fffff', '89194ada54fffff', '89194ada56bffff', '89194ada0b7ffff'}",1.0,105.0
89194ada567ffff,"{'89194ada19bffff', '89194ada1d7ffff', '89194ada52fffff', '89194ada53bffff', '89194ada18bffff', '89194ada523ffff', '89194ada193ffff', '89194ada50fffff', '89194ada52bffff', '89194ada183ffff', '89194ada1d3ffff', '89194ada563ffff', '89194ada197ffff', '89194ada57bffff', '89194ada567ffff', '89194ada577ffff', '89194ada573ffff', '89194ada56fffff', '89194ada56bffff'}",4.0,71.0
89194ada56bffff,"{'89194ada19bffff', '89194ada1d7ffff', '89194ada0a7ffff', '89194ada0afffff', '89194ada1d3ffff', '89194ada1c3ffff', '89194ada563ffff', '89194ada57bffff', '89194ada0b3ffff', '89194ada547ffff', '89194ada567ffff', '89194ada577ffff', '89194ada0a3ffff', '89194ada1dbffff', '89194ada573ffff', '89194ada56fffff', '89194ada54fffff', '89194ada56bffff', '89194ada0b7ffff'}",14.0,99.0
89194ada56fffff,"{'89194ada19bffff', '89194ada1d7ffff', '89194ada0a7ffff', '89194ada18bffff', '89194ada1c7ffff', '89194ada193ffff', '89194ada183ffff', '89194ada52bffff', '89194ada1d3ffff', '89194ada1c3ffff', '89194ada563ffff', '89194ada57bffff', '89194ada567ffff', '89194ada577ffff', '89194ada573ffff', '89194ada1dbffff', '89194ada56fffff', '89194ada0b7ffff', '89194ada56bffff'}",19.0,102.0
89194ada57bffff,"{'89194ada50bffff', '89194ada557ffff', '89194ada0a7ffff', '89194ada54bffff', '89194ada50fffff', '89194ada1d3ffff', '89194ada563ffff', '89194ada567ffff', '89194ada0b3ffff', '89194ada547ffff', '89194ada57bffff', '89194ada577ffff', '89194ada0a3ffff', '89194ada543ffff', '89194ada573ffff', '89194ada56fffff', '89194ada54fffff', '89194ada56bffff', '89194ada0b7ffff'}",3.0,114.0
89194ada583ffff,"{'89194ada593ffff', '89194ada5bbffff', '89194ada583ffff', '89194ada59bffff', '89194ad165bffff', '89194ada517ffff', '89195da4b2bffff', '89194ada58bffff', '89194ada5d7ffff', '89194ada513ffff', '89194ad164bffff', '89194ada587ffff', '89195da4b67ffff', '89194ada58fffff', '89195da4b2fffff', '89194ada597ffff', '89194ada5c7ffff', '89195da4b6fffff', '89194ada5b3ffff'}",5.0,134.0
89194ada587ffff,"{'89194ada5bbffff', '89194ada593ffff', '89194ada5a3ffff', '89194ada583ffff', '89194ada5b7ffff', '89194ada59bffff', '89194ad165bffff', '89194ada5abffff', '89194ada517ffff', '89194ada58bffff', '89194ad1643ffff', '89194ada513ffff', '89194ad164bffff', '89194ada587ffff', '89194ad164fffff', '89194ada58fffff', '89195da4b2fffff', '89194ada597ffff', '89194ada5b3ffff'}",27.0,167.0
89194ada58bffff,"{'89194ada5bbffff', '89194ada593ffff', '89194ada583ffff', '89194ada59bffff', '89194ada503ffff', '89194ada51bffff', '89194ada517ffff', '89194ada5c3ffff', '89194ada58bffff', '89194ada5d7ffff', '89194ada513ffff', '89194ada5d3ffff', '89194ada587ffff', '89195da4b67ffff', '89194ada58fffff', '89194ada597ffff', '89194ada5c7ffff', '89195da4b6fffff', '89194ada5cfffff'}",25.0,150.0
89194ada58fffff,"{'89194ada507ffff', '89194ada5bbffff', '89194ada593ffff', '89194ada583ffff', '89194ada5a3ffff', '89194ada59bffff', '89194ada503ffff', '89194ada51bffff', '89194ada5abffff', '89194ada517ffff', '89194ada58bffff', '89194ada5d7ffff', '89194ada513ffff', '89194ad164bffff', '89194ada587ffff', '89194ada58fffff', '89194ada597ffff', '89194ada5c7ffff', '89194ada5b3ffff'}",3.0,156.0
89194ada593ffff,"{'89194ada593ffff', '89194ada583ffff', '89195da4b23ffff', '89194ada59bffff', '89195da4b63ffff', '89195da4b3bffff', '89194ad165bffff', '89195da4b2bffff', '89194ada58bffff', '89194ada5d7ffff', '89194ad164bffff', '89194ada587ffff', '89195da4b67ffff', '89194ada58fffff', '89195da4b2fffff', '89194ada597ffff', '89195da4b27ffff', '89195da4b6fffff', '89195da4b77ffff'}",5.0,129.0
89194ada597ffff,"{'89194ada593ffff', '89194ada5bbffff', '89194ada583ffff', '89195da4b23ffff', '89194ada59bffff', '89194ad165bffff', '89195da4b2bffff', '89194ada58bffff', '89194ad1643ffff', '89194ad1653ffff', '89194ad164bffff', '89194ada587ffff', '89195da4b67ffff', '89194ad164fffff', '89194ada58fffff', '89195da4b2fffff', '89194ada597ffff', '89195da4b27ffff', '89194ada5b3ffff'}",32.0,148.0
89194ada59bffff,"{'89194ada593ffff', '89194ada583ffff', '89194ada59bffff', '89195da4b63ffff', '89194ada5c3ffff', '89195da4b2bffff', '89194ada58bffff', '89194ada5d7ffff', '89194ada513ffff', '89194ada5d3ffff', '89194ada587ffff', '89195da4b6bffff', '89195da4b67ffff', '89194ada58fffff', '89195da4b2fffff', '89194ada597ffff', '89194ada5c7ffff', '89195da4b6fffff', '89195da4b77ffff'}",2.0,148.0
89194ada5a3ffff,"{'89194ada507ffff', '89194ada5bbffff', '89194ada5a3ffff', '89194ada5afffff', '89194ada5b7ffff', '89194ad167bffff', '89194ada537ffff', '89194ada5abffff', '89194ada517ffff', '89194ada5a7ffff', '89194ad166bffff', '89194ad12d3ffff', '89194ad164bffff', '89194ada587ffff', '89194ad164fffff', '89194ada58fffff', '89194ad12dbffff', '89194ada533ffff', '89194ada5b3ffff'}",10.0,107.0
89194ada5a7ffff,"{'89194ada5bbffff', '89194ada5a3ffff', '89194ada5afffff', '89194ada5b7ffff', '89194ad167bffff', '89194ada537ffff', '89194ada5abffff', '89194ad12d7ffff', '89194ada5a7ffff', '89194ad166bffff', '89194ad12d3ffff', '89194ad12cbffff', '89194ad164fffff', '89194ad12dbffff', '89194ada533ffff', '89194ad12c3ffff', '89194ada5b3ffff', '89194ad1663ffff', '89194ad166fffff'}",1.0,63.0
89194ada5abffff,"{'89194ada507ffff', '89194ada5bbffff', '89194ada5a3ffff', '89194ada5afffff', '89194ada5b7ffff', '89194ada537ffff', '89194ada503ffff', '89194ada53bffff', '89194ada5abffff', '89194ada523ffff', '89194ada517ffff', '89194ada5a7ffff', '89194ada50fffff', '89194ada513ffff', '89194ada587ffff', '89194ada58fffff', '89194ad12dbffff', '89194ada533ffff', '89194ada5b3ffff'}",11.0,107.0
89194ada5afffff,"{'89194ada507ffff', '89194ada5bbffff', '89194ada5a3ffff', '89194ada527ffff', '89194ada5b7ffff', '89194ada5afffff', '89194ada537ffff', '89194ada53bffff', '89194ada5abffff', '89194ada523ffff', '89194ada517ffff', '89194ada5a7ffff', '89194ad166bffff', '89194ad12d3ffff', '89194ad12cbffff', '89194ad12dbffff', '89194ada533ffff', '89194ad12c3ffff', '89194ada5b3ffff'}",10.0,74.0
89194ada5b3ffff,"{'89194ada5bbffff', '89194ada5a3ffff', '89194ada583ffff', '89194ada5b7ffff', '89194ada5afffff', '89194ad167bffff', '89194ad165bffff', '89194ada5abffff', '89194ada517ffff', '89194ad1647ffff', '89194ada5a7ffff', '89194ad166bffff', '89194ad1643ffff', '89194ad164bffff', '89194ada587ffff', '89194ad164fffff', '89194ada58fffff', '89194ada597ffff', '89194ada5b3ffff'}",1.0,152.0
89194ada5b7ffff,"{'89194ada5bbffff', '89194ada5a3ffff', '89194ada5afffff', '89194ada5b7ffff', '89194ad167bffff', '89194ada5abffff', '89194ad1647ffff', '89194ada5a7ffff', '89194ad166bffff', '89194ad12d3ffff', '89194ad1643ffff', '89194ad164bffff', '89194ada587ffff', '89194ad1673ffff', '89194ad164fffff', '89194ad12dbffff', '89194ada5b3ffff', '89194ad1663ffff', '89194ad166fffff'}",10.0,110.0
89194ada5bbffff,"{'89194ada507ffff', '89194ada5bbffff', '89194ada5a3ffff', '89194ada583ffff', '89194ada5afffff', '89194ada5b7ffff', '89194ada503ffff', '89194ada5abffff', '89194ada517ffff', '89194ada5a7ffff', '89194ada58bffff', '89194ada513ffff', '89194ad164bffff', '89194ada587ffff', '89194ad164fffff', '89194ada58fffff', '89194ada597ffff', '89194ada533ffff', '89194ada5b3ffff'}",2.0,171.0
89194ada5c3ffff,"{'89194ada4afffff', '89194ada557ffff', '89194ada59bffff', '89194ada553ffff', '89194ada51bffff', '89194ada427ffff', '89194ada5c3ffff', '89194ada5dbffff', '89194ada58bffff', '89194ada5d7ffff', '89194ada513ffff', '89194ada5d3ffff', '89195da4b6bffff', '89194ada437ffff', '89194ada5cbffff', '89194ada4a7ffff', '89194ada5c7ffff', '89195da4b6fffff', '89194ada5cfffff'}",4.0,160.0
89194ada5c7ffff,"{'89194ada50bffff', '89194ada583ffff', '89194ada557ffff', '89194ada59bffff', '89194ada503ffff', '89194ada553ffff', '89194ada51bffff', '89194ada517ffff', '89194ada5c3ffff', '89194ada5dbffff', '89194ada58bffff', '89194ada5d7ffff', '89194ada513ffff', '89194ada5d3ffff', '89194ada58fffff', '89194ada5cbffff', '89194ada5c7ffff', '89195da4b6fffff', '89194ada5cfffff'}",5.0,126.0
89194ada5cbffff,"{'89194ada433ffff', '89194ada4afffff', '89194ada557ffff', '89194ada55bffff', '89194ada553ffff', '89194ada51bffff', '89194ada427ffff', '89194ada5c3ffff', '89194ada5dbffff', '89194ada5d7ffff', '89194ada5d3ffff', '89194ada42fffff', '89194ada437ffff', '89194ada423ffff', '89194ada4a7ffff', '89194ada5cbffff', '89194ada5c7ffff', '89194ada543ffff', '89194ada5cfffff'}",4.0,118.0
89194ada5cfffff,"{'89194ada50bffff', '89194ada557ffff', '89194ada503ffff', '89194ada55bffff', '89194ada553ffff', '89194ada51bffff', '89194ada427ffff', '89194ada5c3ffff', '89194ada5dbffff', '89194ada58bffff', '89194ada5d7ffff', '89194ada513ffff', '89194ada5d3ffff', '89194ada437ffff', '89194ada547ffff', '89194ada5cbffff', '89194ada5c7ffff', '89194ada543ffff', '89194ada5cfffff'}",18.0,129.0
89194ada5d3ffff,"{'89194ada4afffff', '89194ada59bffff', '89195da4b63ffff', '89194ada4b7ffff', '89194ada5c3ffff', '89194ada5dbffff', '89194ada58bffff', '89194ada5d7ffff', '89194ada5d3ffff', '89195da4b7bffff', '89195da4b6bffff', '89195da4b67ffff', '89194ada437ffff', '89194ada5cbffff', '89194ada4a3ffff', '89194ada4a7ffff', '89194ada5c7ffff', '89195da4b6fffff', '89194ada5cfffff'}",5.0,137.0
89194ada5dbffff,"{'89194ada4abffff', '89194ada433ffff', '89194ada4afffff', '89194ada553ffff', '89194ada4b7ffff', '89194ada427ffff', '89194ada5c3ffff', '89194ada5dbffff', '89194ada5d7ffff', '89194ada5d3ffff', '89195da4b6bffff', '89194ada437ffff', '89194ada423ffff', '89194ada5cbffff', '89194ada4a3ffff', '89194ada5c7ffff', '89194ada4a7ffff', '89195da4b6fffff', '89194ada5cfffff'}",13.0,123.0
89194ada603ffff,"{'89194ada677ffff', '89194ada61bffff', '89194ada6abffff', '89194ada603ffff', '89194ada60bffff', '89194ada63bffff', '89194ada6cfffff', '89194ada633ffff', '89194ada673ffff', '89194ada60fffff', '89194ada613ffff', '89194ada6bbffff', '89194ada617ffff', '89194ada68fffff', '89194ada6c7ffff', '89194ada657ffff', '89194ada68bffff', '89194ada607ffff', '89194ada647ffff'}",4.0,63.0
89194ada60bffff,"{'89194ada677ffff', '89194ada61bffff', '89194ada603ffff', '89194ada60bffff', '89194ada63bffff', '89194ada6cfffff', '89194ada663ffff', '89194ada673ffff', '89194ada60fffff', '89194ada613ffff', '89194ada67bffff', '89194ada617ffff', '89194ada6c7ffff', '89194ada643ffff', '89194ada64fffff', '89194ada657ffff', '89194ada607ffff', '89194ada647ffff', '89194ada653ffff'}",4.0,27.0
89194ada60fffff,"{'89194ada677ffff', '89194ada61bffff', '89194ada6abffff', '89194ada603ffff', '89194ada60bffff', '89194ada63bffff', '89194ada633ffff', '89194ada673ffff', '89194ada663ffff', '89194ada62bffff', '89194ada613ffff', '89194ada60fffff', '89194ada623ffff', '89194ada67bffff', '89194ada667ffff', '89194ada617ffff', '89194ada657ffff', '89194ada607ffff', '89194ada647ffff'}",7.0,37.0
89194ada613ffff,"{'89194ada61bffff', '89194ada6abffff', '89194ada603ffff', '89194ada60bffff', '89194ada6cfffff', '89194ada687ffff', '89194ada69bffff', '89194ada60fffff', '89194ada6d7ffff', '89194ada613ffff', '89194ada6bbffff', '89194ada617ffff', '89194ada683ffff', '89194ada6c7ffff', '89194ada68fffff', '89194ada657ffff', '89194ada68bffff', '89194ada607ffff', '89194ada6c3ffff'}",1.0,58.0
89194ada617ffff,"{'89194ada61bffff', '89194ada6abffff', '89194ada603ffff', '89194ada60bffff', '89194ada63bffff', '89194ada633ffff', '89194ada6b3ffff', '89194ada687ffff', '89194ada60fffff', '89194ada613ffff', '89194ada6bbffff', '89194ada617ffff', '89194ada683ffff', '89194ada6c7ffff', '89194ada68fffff', '89194ada68bffff', '89194ada607ffff', '89194ada6a3ffff', '89194ada6afffff'}",2.0,109.0
89194ada623ffff,"{'89194ada677ffff', '89194ada6abffff', '89194ada05bffff', '89194ada63bffff', '89194ada633ffff', '89194ada293ffff', '89194ada0cbffff', '89194ada053ffff', '89194ada60fffff', '89194ada62bffff', '89194ada297ffff', '89194ada623ffff', '89194ada627ffff', '89194ada62fffff', '89194ada667ffff', '89194ada637ffff', '89194ada0dbffff', '89194ada607ffff', '89194ada6afffff'}",1.0,73.0
89194ada627ffff,"{'89194ada05bffff', '89194ada63bffff', '89194ada633ffff', '89194ada04bffff', '89194ada293ffff', '89194ada0cbffff', '89194ada053ffff', '89194ada62bffff', '89194ada297ffff', '89194ada623ffff', '89194ada62fffff', '89194ada043ffff', '89194ada627ffff', '89194ada637ffff', '89194ada0dbffff', '89194ada057ffff', '89194ada0c3ffff', '89194ada0cfffff', '89194ada6afffff'}",1.0,89.0
89194ada62fffff,"{'89194ada677ffff', '89194ada05bffff', '89194ada63bffff', '89194ada633ffff', '89194ada04bffff', '89194ada293ffff', '89194ada0cbffff', '89194ada053ffff', '89194ada62bffff', '89194ada297ffff', '89194ada623ffff', '89194ada627ffff', '89194ada667ffff', '89194ada043ffff', '89194ada62fffff', '89194ada637ffff', '89194ada29bffff', '89194ada287ffff', '89194ada283ffff'}",5.0,66.0
89194ada633ffff,"{'89194ada677ffff', '89194ada6abffff', '89194ada603ffff', '89194ada6a7ffff', '89194ada63bffff', '89194ada633ffff', '89194ada0cbffff', '89194ada62bffff', '89194ada60fffff', '89194ada623ffff', '89194ada627ffff', '89194ada62fffff', '89194ada6bbffff', '89194ada617ffff', '89194ada637ffff', '89194ada0dbffff', '89194ada607ffff', '89194ada6a3ffff', '89194ada6afffff'}",1.0,80.0
89194ada637ffff,"{'89194ada0d3ffff', '89194ada6abffff', '89194ada05bffff', '89194ada6a7ffff', '89194ada63bffff', '89194ada633ffff', '89194ada0cbffff', '89194ada053ffff', '89194ada62bffff', '89194ada623ffff', '89194ada627ffff', '89194ada62fffff', '89194ada0dbffff', '89194ada637ffff', '89194ada0c3ffff', '89194ada607ffff', '89194ada6a3ffff', '89194ada0cfffff', '89194ada6afffff'}",2.0,114.0
89194ada63bffff,"{'89194ada677ffff', '89194ada6abffff', '89194ada603ffff', '89194ada60bffff', '89194ada63bffff', '89194ada633ffff', '89194ada673ffff', '89194ada663ffff', '89194ada293ffff', '89194ada62bffff', '89194ada60fffff', '89194ada623ffff', '89194ada627ffff', '89194ada62fffff', '89194ada667ffff', '89194ada617ffff', '89194ada637ffff', '89194ada607ffff', '89194ada6afffff'}",4.0,55.0
89194ada643ffff,"{'89194ada65bffff', '89195da5b27ffff', '89194ada61bffff', '89194adb597ffff', '89194ada60bffff', '89194ada64bffff', '89194ada6cfffff', '89194adb587ffff', '89194ada673ffff', '89194adb5b3ffff', '89194ada67bffff', '89194ada653ffff', '89194adb5b7ffff', '89194ada643ffff', '89195da5b2fffff', '89194ada64fffff', '89194ada657ffff', '89194ada647ffff', '89194ada6cbffff'}",2.0,25.0
89194ada64bffff,"{'89194ada65bffff', '89195da5b27ffff', '89194adb597ffff', '89194adb593ffff', '89194adb5a3ffff', '89194ada64bffff', '89194adb587ffff', '89194adb5bbffff', '89194adb5b3ffff', '89194ada67bffff', '89194adb5b7ffff', '89194adb58fffff', '89194ada643ffff', '89195da5b2fffff', '89194ada64fffff', '89194ada657ffff', '89194adb583ffff', '89194ada647ffff', '89194ada653ffff'}",8.0,13.0
89194ada657ffff,"{'89194ada61bffff', '89195da5b27ffff', '89194ada65bffff', '89194ada603ffff', '89194ada60bffff', '89194ada64bffff', '89194ada6cfffff', '89194ada673ffff', '89194ada60fffff', '89194ada613ffff', '89194ada67bffff', '89194ada653ffff', '89194ada6c7ffff', '89194ada643ffff', '89194ada64fffff', '89194ada657ffff', '89194ada6c3ffff', '89194ada647ffff', '89194ada6cbffff'}",3.0,37.0
89194ada68bffff,"{'89194ada61bffff', '89194ada603ffff', '89194ada6cfffff', '89194ada687ffff', '89195da596fffff', '89194ada69bffff', '89194ada693ffff', '89194ada613ffff', '89194ada6d7ffff', '89194ada6d3ffff', '89194ada6bbffff', '89194ada697ffff', '89194ada617ffff', '89194ada683ffff', '89194ada6c7ffff', '89194ada68fffff', '89194ada68bffff', '89195da5967ffff', '89194ada6c3ffff'}",7.0,39.0
89194ada68fffff,"{'89194ada61bffff', '89194ada6abffff', '89194ada603ffff', '89194ada6b3ffff', '89194ada687ffff', '89194ada69bffff', '89194ada693ffff', '89194ada6d7ffff', '89194ada613ffff', '89194ada6bbffff', '89194ada697ffff', '89194ada617ffff', '89194ada683ffff', '89194ada6c7ffff', '89194ada44bffff', '89194ada68fffff', '89194ada68bffff', '89194ada607ffff', '89194ada6a3ffff'}",3.0,108.0
89194ada693ffff,"{'89195da592bffff', '89195da5963ffff', '89194ada687ffff', '89195da596fffff', '89194ada69bffff', '89195da5923ffff', '89194ada693ffff', '89194ada6d7ffff', '89195da592fffff', '89195da5977ffff', '89194ada697ffff', '89195da5927ffff', '89194ada683ffff', '89194ada68fffff', '89194ada44bffff', '89195da593bffff', '89194ada68bffff', '89195da5967ffff', '89194ada45bffff'}",1.0,41.0
89194ada697ffff,"{'89195da592bffff', '89194ada44fffff', '89194ada6b3ffff', '89194ada687ffff', '89194ada69bffff', '89195da5923ffff', '89194ada693ffff', '89195da592fffff', '89194ada453ffff', '89194ada6bbffff', '89194ada697ffff', '89195da5927ffff', '89194ada683ffff', '89194ada68fffff', '89194ada44bffff', '89194ada443ffff', '89194ada68bffff', '89195da5967ffff', '89194ada45bffff'}",1.0,121.0
89194ada6a3ffff,"{'89194ada0d3ffff', '89194ada6abffff', '89194ada6a7ffff', '89194ada44fffff', '89194ada633ffff', '89194ada6b3ffff', '89194ada687ffff', '89194ada6bbffff', '89194ada46bffff', '89194ada617ffff', '89194ada637ffff', '89194ada0dbffff', '89194ada68fffff', '89194ada44bffff', '89194ada47bffff', '89194ada607ffff', '89194ada6a3ffff', '89194ada6b7ffff', '89194ada6afffff'}",21.0,164.0
89194ada6a7ffff,"{'89194ada0d3ffff', '89194ada6abffff', '89194ada463ffff', '89194ada46fffff', '89194ada44fffff', '89194ada6a7ffff', '89194ada633ffff', '89194ada6b3ffff', '89194ada0cbffff', '89194ada0d7ffff', '89194ada6bbffff', '89194ada637ffff', '89194ada0dbffff', '89194ada0c3ffff', '89194ada6b7ffff', '89194ada47bffff', '89194ada6a3ffff', '89194ada46bffff', '89194ada6afffff'}",1.0,156.0
89194ada6abffff,"{'89194ada6abffff', '89194ada603ffff', '89194ada6a7ffff', '89194ada63bffff', '89194ada633ffff', '89194ada6b3ffff', '89194ada687ffff', '89194ada60fffff', '89194ada613ffff', '89194ada623ffff', '89194ada6bbffff', '89194ada617ffff', '89194ada637ffff', '89194ada0dbffff', '89194ada68fffff', '89194ada607ffff', '89194ada6a3ffff', '89194ada6b7ffff', '89194ada6afffff'}",10.0,110.0
89194ada6b3ffff,"{'89194ada6abffff', '89194ada6a7ffff', '89194ada44fffff', '89194ada447ffff', '89194ada6b3ffff', '89194ada687ffff', '89194ada6bbffff', '89194ada697ffff', '89194ada617ffff', '89194ada46bffff', '89194ada683ffff', '89194ada68fffff', '89194ada44bffff', '89194ada443ffff', '89194ada47bffff', '89194ada45bffff', '89194ada6b7ffff', '89194ada6a3ffff', '89194ada6afffff'}",28.0,167.0
89194ada6b7ffff,"{'89194ada0d3ffff', '89194ada6abffff', '89194ada463ffff', '89194ada46fffff', '89194ada6a7ffff', '89194ada44fffff', '89194ada447ffff', '89194ada6b3ffff', '89194ada473ffff', '89194ada687ffff', '89194ada6bbffff', '89194ada0dbffff', '89194ada44bffff', '89194ada6b7ffff', '89194ada443ffff', '89194ada47bffff', '89194ada6a3ffff', '89194ada46bffff', '89194ada6afffff'}",7.0,177.0
89194ada6bbffff,"{'89194ada6abffff', '89194ada603ffff', '89194ada6a7ffff', '89194ada44fffff', '89194ada633ffff', '89194ada6b3ffff', '89194ada687ffff', '89194ada613ffff', '89194ada6bbffff', '89194ada697ffff', '89194ada617ffff', '89194ada683ffff', '89194ada68fffff', '89194ada44bffff', '89194ada68bffff', '89194ada607ffff', '89194ada6a3ffff', '89194ada6b7ffff', '89194ada6afffff'}",17.0,149.0
89194ada6cbffff,"{'89195da5b27ffff', '89195da5bafffff', '89194ada65bffff', '89194ada61bffff', '89194ada6cfffff', '89194ada6d7ffff', '89194ada6cbffff', '89194ada6d3ffff', '89194ada6dbffff', '89195da5b33ffff', '89194ada6c7ffff', '89195da5b23ffff', '89194ada643ffff', '89195da5b37ffff', '89195da5b2fffff', '89194ada657ffff', '89194ada6c3ffff', '89195da5ba7ffff', '89194ada653ffff'}",8.0,25.0
89194ada6d3ffff,"{'89195da597bffff', '89195da5bafffff', '89194ada6cfffff', '89195da596bffff', '89195da5963ffff', '89195da596fffff', '89194ada69bffff', '89194ada6d7ffff', '89195da5ba3ffff', '89195da5bb7ffff', '89194ada6dbffff', '89194ada6d3ffff', '89194ada6c7ffff', '89195da5b37ffff', '89194ada68bffff', '89195da5967ffff', '89194ada6c3ffff', '89195da5ba7ffff', '89194ada6cbffff'}",3.0,29.0
89194ada6dbffff,"{'89195da5bafffff', '89195da5b27ffff', '89194ada6cfffff', '89195da596bffff', '89195da596fffff', '89194ada6d7ffff', '89194ada6cbffff', '89195da5ba3ffff', '89195da5babffff', '89194ada6d3ffff', '89195da5bb7ffff', '89194ada6dbffff', '89195da5b33ffff', '89194ada6c7ffff', '89195da5b23ffff', '89195da5b37ffff', '89194ada6c3ffff', '89195da5ba7ffff', '89194ada653ffff'}",6.0,20.0
89194ada803ffff,"{'89194ada857ffff', '89194ada847ffff', '89194ada8abffff', '89194ada813ffff', '89194ada817ffff', '89194ada80fffff', '89194ada8bbffff', '89194ada873ffff', '89194ada803ffff', '89194ada80bffff', '89194ada833ffff', '89194ada877ffff', '89194ada8c7ffff', '89194ada83bffff', '89194ada807ffff', '89194ada88fffff', '89194ada81bffff', '89194ada88bffff', '89194ada8cfffff'}",2.0,30.0
89194ada807ffff,"{'89194ada8abffff', '89194ada813ffff', '89194ada817ffff', '89194ada803ffff', '89194ada80fffff', '89194ada8bbffff', '89194ada873ffff', '89194ada837ffff', '89194ada80bffff', '89194ada833ffff', '89194ada877ffff', '89194ada83bffff', '89194ada823ffff', '89194ada88fffff', '89194ada807ffff', '89194ada81bffff', '89194ada8afffff', '89194ada8a3ffff', '89194ada82bffff'}",1.0,31.0
89194ada80bffff,"{'89194ada857ffff', '89194ada847ffff', '89194ada813ffff', '89194ada817ffff', '89194ada80fffff', '89194ada803ffff', '89194ada873ffff', '89194ada863ffff', '89194ada80bffff', '89194ada877ffff', '89194ada8c7ffff', '89194ada87bffff', '89194ada843ffff', '89194ada83bffff', '89194ada807ffff', '89194ada81bffff', '89194ada8cfffff', '89194ada853ffff', '89194ada84fffff'}",1.0,20.0
89194ada813ffff,"{'89194ada857ffff', '89194ada883ffff', '89194ada8abffff', '89194ada813ffff', '89194ada817ffff', '89194ada803ffff', '89194ada80fffff', '89194ada8bbffff', '89194ada8c3ffff', '89194ada80bffff', '89194ada8c7ffff', '89194ada807ffff', '89194ada88fffff', '89194ada89bffff', '89194ada81bffff', '89194ada88bffff', '89194ada8d7ffff', '89194ada887ffff', '89194ada8cfffff'}",3.0,39.0
89194ada817ffff,"{'89194ada883ffff', '89194ada8abffff', '89194ada813ffff', '89194ada817ffff', '89194ada803ffff', '89194ada8bbffff', '89194ada80fffff', '89194ada80bffff', '89194ada833ffff', '89194ada8c7ffff', '89194ada83bffff', '89194ada807ffff', '89194ada88fffff', '89194ada81bffff', '89194ada88bffff', '89194ada8b3ffff', '89194ada8afffff', '89194ada8a3ffff', '89194ada887ffff'}",8.0,29.0
89194ada82bffff,"{'89194ada80fffff', '89194ada873ffff', '89194ada82fffff', '89194adab83ffff', '89194ada837ffff', '89194ada863ffff', '89194ada833ffff', '89194adab9bffff', '89194ada877ffff', '89194ada86fffff', '89194ada83bffff', '89194ada827ffff', '89194ada823ffff', '89194ada807ffff', '89194ada82bffff', '89194ada867ffff', '89194adab97ffff', '89194ada95bffff', '89194adab93ffff'}",7.0,12.0
89194ada843ffff,"{'89194ada857ffff', '89194adaa97ffff', '89194ada847ffff', '89194ada8cbffff', '89194ada873ffff', '89194adae2fffff', '89194ada80bffff', '89194ada87bffff', '89194ada85bffff', '89194ada843ffff', '89194adaab7ffff', '89194adae27ffff', '89194ada81bffff', '89194ada84bffff', '89194adaa87ffff', '89194adaab3ffff', '89194ada8cfffff', '89194ada853ffff', '89194ada84fffff'}",1.0,13.0
89194ada857ffff,"{'89194ada857ffff', '89194ada8cbffff', '89194ada847ffff', '89194ada813ffff', '89194ada80fffff', '89194ada803ffff', '89194ada873ffff', '89194ada8c3ffff', '89194ada80bffff', '89194ada8c7ffff', '89194ada87bffff', '89194ada85bffff', '89194ada843ffff', '89194adae27ffff', '89194ada81bffff', '89194ada84bffff', '89194ada8cfffff', '89194ada853ffff', '89194ada84fffff'}",2.0,17.0
89194ada877ffff,"{'89194ada847ffff', '89194ada80fffff', '89194ada803ffff', '89194ada873ffff', '89194ada82fffff', '89194ada86bffff', '89194ada863ffff', '89194ada833ffff', '89194adab9bffff', '89194ada80bffff', '89194ada877ffff', '89194ada87bffff', '89194ada86fffff', '89194ada83bffff', '89194ada823ffff', '89194ada807ffff', '89194ada82bffff', '89194ada867ffff', '89194adab93ffff'}",2.0,13.0
89194ada88bffff,"{'89194ada883ffff', '89194ada813ffff', '89194ada817ffff', '89194ada803ffff', '89194ada8bbffff', '89194adac6fffff', '89194ada8c3ffff', '89194ada8c7ffff', '89194ada88fffff', '89194ada89bffff', '89194ada81bffff', '89194ada88bffff', '89194ada8d7ffff', '89194ada8d3ffff', '89194ada897ffff', '89194ada887ffff', '89194ada893ffff', '89194ada8cfffff', '89194adac67ffff'}",7.0,34.0
89194ada8a3ffff,"{'89194ada8abffff', '89194adad6bffff', '89194ada9d3ffff', '89194ada817ffff', '89194ada8bbffff', '89194adad4fffff', '89194ada837ffff', '89194ada833ffff', '89194adad4bffff', '89194ada807ffff', '89194ada88fffff', '89194ada8a7ffff', '89194ada8b3ffff', '89194adad7bffff', '89194ada8afffff', '89194ada9dbffff', '89194ada8a3ffff', '89194ada887ffff', '89194ada8b7ffff'}",3.0,57.0
89194ada8a7ffff,"{'89194ada8abffff', '89194adad6bffff', '89194ada9d3ffff', '89194ada8bbffff', '89194adad63ffff', '89194ada837ffff', '89194adad4fffff', '89194ada833ffff', '89194ada9c3ffff', '89194ada8a7ffff', '89194adad6fffff', '89194ada8b3ffff', '89194ada9cbffff', '89194adad7bffff', '89194ada8afffff', '89194ada9dbffff', '89194ada8a3ffff', '89194ada9d7ffff', '89194ada8b7ffff'}",1.0,139.0
89194ada8abffff,"{'89194ada8abffff', '89194ada813ffff', '89194ada817ffff', '89194ada8bbffff', '89194ada803ffff', '89194ada80fffff', '89194ada837ffff', '89194ada833ffff', '89194ada83bffff', '89194ada807ffff', '89194ada823ffff', '89194ada88fffff', '89194ada8a7ffff', '89194ada8b3ffff', '89194ada8afffff', '89194ada9dbffff', '89194ada8a3ffff', '89194ada887ffff', '89194ada8b7ffff'}",2.0,23.0
89194ada8bbffff,"{'89194ada883ffff', '89194ada8abffff', '89194ada813ffff', '89194ada817ffff', '89194ada803ffff', '89194ada8bbffff', '89194adad4fffff', '89194ada833ffff', '89194adad4bffff', '89194ada807ffff', '89194ada88fffff', '89194ada8a7ffff', '89194ada88bffff', '89194ada8b3ffff', '89194ada8afffff', '89194ada8a3ffff', '89194ada897ffff', '89194ada887ffff', '89194ada8b7ffff'}",2.0,29.0
89194ada8cbffff,"{'89194ada857ffff', '89194adae37ffff', '89194adaeafffff', '89194ada8cbffff', '89194adae2fffff', '89194ada8c3ffff', '89194ada8c7ffff', '89194ada85bffff', '89194ada843ffff', '89194adaea7ffff', '89194adae27ffff', '89194ada81bffff', '89194ada8d7ffff', '89194ada8d3ffff', '89194adae23ffff', '89194ada8dbffff', '89194ada8cfffff', '89194adae33ffff', '89194ada853ffff'}",8.0,33.0
89194ada8d3ffff,"{'89194adac63ffff', '89194adae37ffff', '89194ada8cbffff', '89194adaeafffff', '89194adac6fffff', '89194ada8c3ffff', '89194adaea3ffff', '89194ada8c7ffff', '89194adaea7ffff', '89194ada89bffff', '89194ada88bffff', '89194ada8d7ffff', '89194ada8d3ffff', '89194ada8dbffff', '89194ada8cfffff', '89194adac67ffff', '89194adaeb7ffff', '89194adac6bffff', '89194adac7bffff'}",1.0,53.0
89194ada8d7ffff,"{'89194adac63ffff', '89194ada883ffff', '89194ada8cbffff', '89194ada813ffff', '89194adac6fffff', '89194ada8c3ffff', '89194ada8c7ffff', '89194adaea7ffff', '89194ada89bffff', '89194ada88fffff', '89194ada81bffff', '89194ada88bffff', '89194ada8d7ffff', '89194ada8d3ffff', '89194ada8dbffff', '89194ada893ffff', '89194ada8cfffff', '89194adac67ffff', '89194adac6bffff'}",11.0,37.0
89194ada983ffff,"{'89194ada9b3ffff', '89194ada9bbffff', '89194ada993ffff', '89194ada987ffff', '89194adad2bffff', '89194ada983ffff', '89194ada98bffff', '89194ada917ffff', '89194ad1a4bffff', '89194ada98fffff', '89194adad67ffff', '89194adad6fffff', '89194adad2fffff', '89194ada997ffff', '89194ada99bffff', '89194ad1a5bffff', '89194ada9d7ffff', '89194ada9c7ffff', '89194ada913ffff'}",14.0,52.0
89194ada98fffff,"{'89194ada9b3ffff', '89194ada9bbffff', '89194ada993ffff', '89194ada91bffff', '89194ada987ffff', '89194ada983ffff', '89194ada98bffff', '89194ada917ffff', '89194ad1a4bffff', '89194ada98fffff', '89194ada9abffff', '89194ada997ffff', '89194ada99bffff', '89194ada9a3ffff', '89194ada9c7ffff', '89194ada9d7ffff', '89194ada903ffff', '89194ada907ffff', '89194ada913ffff'}",6.0,28.0
89194ada997ffff,"{'89194ada9b3ffff', '89194ada9bbffff', '89194ada993ffff', '89194ad1a53ffff', '89194ada987ffff', '89194adad2bffff', '89194ada983ffff', '89194adad23ffff', '89194ada98bffff', '89194adad27ffff', '89194ad1a4bffff', '89194ada98fffff', '89194adad67ffff', '89194ad1a4fffff', '89194ad1a43ffff', '89194adad2fffff', '89194ada99bffff', '89194ada997ffff', '89194ad1a5bffff'}",1.0,39.0
89194ada99bffff,"{'89194adad6bffff', '89194ada993ffff', '89194adad77ffff', '89194ada987ffff', '89194ada9d3ffff', '89194adad2bffff', '89194ada983ffff', '89194adad63ffff', '89194ada98bffff', '89194ada9c3ffff', '89194ada98fffff', '89194adad67ffff', '89194adad6fffff', '89194adad2fffff', '89194ada997ffff', '89194ada99bffff', '89194ada9d7ffff', '89194ada9c7ffff', '89194ada913ffff'}",5.0,158.0
89194ada9b3ffff,"{'89194ada9b7ffff', '89194ada9b3ffff', '89194ada9bbffff', '89194ada987ffff', '89194ada983ffff', '89194ad1a6bffff', '89194ad1a7bffff', '89194ada917ffff', '89194ad1a4bffff', '89194ada98fffff', '89194ad1a4fffff', '89194ad1a43ffff', '89194ada9abffff', '89194ada997ffff', '89194ada9a3ffff', '89194ada9a7ffff', '89194ad1a5bffff', '89194ad1a47ffff', '89194ada9afffff'}",2.0,31.0
89194ada9c3ffff,"{'89194ada9cfffff', '89194adad6bffff', '89194ada9d3ffff', '89194ada91bffff', '89194ada957ffff', '89194ada837ffff', '89194ada953ffff', '89194ada98bffff', '89194ada9c3ffff', '89194ada827ffff', '89194ada8a7ffff', '89194adad6fffff', '89194ada9cbffff', '89194ada8afffff', '89194ada9dbffff', '89194ada99bffff', '89194ada9d7ffff', '89194ada9c7ffff', '89194ada913ffff'}",5.0,73.0
89194ada9d3ffff,"{'89194ada9cfffff', '89194adad6bffff', '89194ada9d3ffff', '89194adad63ffff', '89194ada837ffff', '89194ada98bffff', '89194ada9c3ffff', '89194adad67ffff', '89194ada8a7ffff', '89194adad6fffff', '89194ada9cbffff', '89194adad7bffff', '89194ada8afffff', '89194ada9dbffff', '89194ada8a3ffff', '89194ada99bffff', '89194ada9d7ffff', '89194ada8b7ffff', '89194ada9c7ffff'}",18.0,142.0
89194ada9dbffff,"{'89194ada9cfffff', '89194ada8abffff', '89194adad6bffff', '89194ada9d3ffff', '89194ada837ffff', '89194ada833ffff', '89194ada953ffff', '89194ada9c3ffff', '89194ada827ffff', '89194ada823ffff', '89194ada8a7ffff', '89194adad6fffff', '89194ada9cbffff', '89194ada8afffff', '89194ada8a3ffff', '89194ada9dbffff', '89194ada9d7ffff', '89194ada8b7ffff', '89194ada9c7ffff'}",1.0,73.0
89194adaa87ffff,"{'89194adaa97ffff', '89194adae2fffff', '89194ada84fffff', '89194adaa9bffff', '89194adaa8fffff', '89194adaa83ffff', '89194ada85bffff', '89194ada843ffff', '89194adaaa3ffff', '89194adaab7ffff', '89194adaa8bffff', '89194ada84bffff', '89194adaa17ffff', '89194adaabbffff', '89194adaa87ffff', '89194adaaabffff', '89194adaa93ffff', '89194adaab3ffff', '89194adaa13ffff'}",1.0,2.0
89194adab97ffff,"{'89194ada95bffff', '89194ada94fffff', '89194ada943ffff', '89194ada82fffff', '89194adab83ffff', '89194adab9bffff', '89194ada953ffff', '89194adab8fffff', '89194adabbbffff', '89194ada827ffff', '89194ada823ffff', '89194ada94bffff', '89194adab87ffff', '89194adab8bffff', '89194ada82bffff', '89194ada867ffff', '89194adab97ffff', '89194adabb3ffff', '89194adab93ffff'}",2.0,9.0
89194adac17ffff,"{'89194adac0fffff', '89194adac8bffff', '89194adac17ffff', '89194adac3bffff', '89194adac0bffff', '89194adac1bffff', '89194adacafffff', '89194adaca3ffff', '89194adacbbffff', '89194adac8fffff', '89194adac03ffff', '89194adac33ffff', '89194adac07ffff', '89194adac87ffff', '89194adacc7ffff', '89194adacabffff', '89194adac83ffff', '89194adac13ffff', '89194adacb3ffff'}",1.0,7.0
89194adac43ffff,"{'89194ada127ffff', '89194adaeb3ffff', '89194adac0bffff', '89194adac1bffff', '89194adae97ffff', '89194adac47ffff', '89194adae87ffff', '89194adac4fffff', '89194adaccbffff', '89194adac4bffff', '89194adac73ffff', '89194adaccfffff', '89194ada12fffff', '89194adac53ffff', '89194adac5bffff', '89194adac57ffff', '89194adaeb7ffff', '89194adac43ffff', '89194adac7bffff'}",1.0,50.0
89194adac4bffff,"{'89194adae8fffff', '89194ada127ffff', '89194adaeb3ffff', '89194adae97ffff', '89194adaea3ffff', '89194adae87ffff', '89194adae93ffff', '89194adac47ffff', '89194adac4fffff', '89194adae83ffff', '89194ada12fffff', '89194adac4bffff', '89194adaebbffff', '89194adac53ffff', '89194adac5bffff', '89194adac57ffff', '89194adaeb7ffff', '89194adac43ffff', '89194adac7bffff'}",6.0,58.0
89194adac4fffff,"{'89194adac63ffff', '89194adaeb3ffff', '89194adac0bffff', '89194adae97ffff', '89194adaea3ffff', '89194adac47ffff', '89194adae87ffff', '89194adaea7ffff', '89194adac4fffff', '89194adac4bffff', '89194adac73ffff', '89194adaebbffff', '89194adac53ffff', '89194adac5bffff', '89194adac57ffff', '89194adaeb7ffff', '89194adac6bffff', '89194adac43ffff', '89194adac7bffff'}",4.0,57.0
89194adac5bffff,"{'89194ada127ffff', '89194adaeb3ffff', '89194adae97ffff', '89194adae87ffff', '89194adae93ffff', '89194adac47ffff', '89194ada12bffff', '89194ada137ffff', '89194adac4fffff', '89194adaccbffff', '89194adac4bffff', '89194adaccfffff', '89194adae83ffff', '89194ada12fffff', '89194adac53ffff', '89194adac5bffff', '89194adac57ffff', '89194ada123ffff', '89194adac43ffff'}",11.0,46.0
89194adac6bffff,"{'89194adac63ffff', '89194adaeafffff', '89194adac77ffff', '89194adaeb3ffff', '89194adac6fffff', '89194ada8c3ffff', '89194adac47ffff', '89194adaea3ffff', '89194adac4fffff', '89194adaea7ffff', '89194ada89bffff', '89194adac73ffff', '89194ada8d7ffff', '89194ada8d3ffff', '89194ada8dbffff', '89194adac67ffff', '89194adaeb7ffff', '89194adac6bffff', '89194adac7bffff'}",7.0,42.0
89194adac7bffff,"{'89194adac63ffff', '89194adac0fffff', '89194adac77ffff', '89194adaeb3ffff', '89194adac6fffff', '89194adac0bffff', '89194adac47ffff', '89194adaea3ffff', '89194adaea7ffff', '89194adac4fffff', '89194adac73ffff', '89194adac4bffff', '89194ada8d3ffff', '89194adac57ffff', '89194adac67ffff', '89194adaeb7ffff', '89194adac6bffff', '89194adac43ffff', '89194adac7bffff'}",8.0,33.0
89194adac87ffff,"{'89194adac93ffff', '89194ad134bffff', '89194adac8bffff', '89194adac9bffff', '89194ad1343ffff', '89194adac17ffff', '89194adaca3ffff', '89194adacbbffff', '89194adac8fffff', '89194ad135bffff', '89194ad134fffff', '89194adac87ffff', '89194ad122fffff', '89194adac97ffff', '89194adacabffff', '89194adacb7ffff', '89194adac83ffff', '89194adac13ffff', '89194adacb3ffff'}",5.0,44.0
89194adac93ffff,"{'89194adac93ffff', '89194ad134bffff', '89194adac8bffff', '89194adac9bffff', '89194ad1227ffff', '89194ad1223ffff', '89194ad1267ffff', '89194adac8fffff', '89194ad135bffff', '89194ad122bffff', '89194ad123bffff', '89194adac87ffff', '89194adacd7ffff', '89194ad122fffff', '89194adac97ffff', '89194adac83ffff', '89194ad1263ffff', '89194ad126fffff', '89194ad1277ffff'}",19.0,79.0
89194adac97ffff,"{'89194adac93ffff', '89194ad134bffff', '89194adac8bffff', '89194adac9bffff', '89194ad1343ffff', '89194ad1227ffff', '89194ad1353ffff', '89194ad1223ffff', '89194ad1267ffff', '89194adacbbffff', '89194adac8fffff', '89194ad135bffff', '89194ad134fffff', '89194ad122bffff', '89194adac87ffff', '89194ad122fffff', '89194adac97ffff', '89194adac83ffff', '89194adacb3ffff'}",7.0,63.0
89194adacb3ffff,"{'89194ad134bffff', '89194ad1343ffff', '89194adac17ffff', '89194adacafffff', '89194adaca7ffff', '89194adaca3ffff', '89194adacbbffff', '89194adac8fffff', '89194ad135bffff', '89194ad134fffff', '89194ad136bffff', '89194ad1347ffff', '89194adac87ffff', '89194ad137bffff', '89194adac97ffff', '89194adacb7ffff', '89194adacabffff', '89194adac83ffff', '89194adacb3ffff'}",1.0,14.0
89194adaccbffff,"{'89194ada127ffff', '89194adacdbffff', '89194ada1afffff', '89194adac1bffff', '89194ada137ffff', '89194adaccbffff', '89194adaccfffff', '89194adacc3ffff', '89194ada12fffff', '89194adacd7ffff', '89194ada133ffff', '89194adac53ffff', '89194adacc7ffff', '89194adacd3ffff', '89194adac5bffff', '89194adac57ffff', '89194ada1a7ffff', '89194ada123ffff', '89194adac43ffff'}",3.0,39.0
89194adaccfffff,"{'89194adac57ffff', '89194adac8bffff', '89194ada127ffff', '89194adacdbffff', '89194adac0bffff', '89194adac1bffff', '89194adac47ffff', '89194ada137ffff', '89194adac03ffff', '89194adaccbffff', '89194adaccfffff', '89194adacc3ffff', '89194adacd7ffff', '89194adac53ffff', '89194adac5bffff', '89194adacc7ffff', '89194adacd3ffff', '89194adac13ffff', '89194adac43ffff'}",1.0,32.0
89194adacd7ffff,"{'89194adac93ffff', '89194adac8bffff', '89194adac9bffff', '89194adacdbffff', '89194ada1a7ffff', '89194adac1bffff', '89194adac83ffff', '89194ad1267ffff', '89194adac8fffff', '89194adaccbffff', '89194adaccfffff', '89194adacc3ffff', '89194adacd7ffff', '89194ad126bffff', '89194adacc7ffff', '89194ad1263ffff', '89194adacd3ffff', '89194adac13ffff', '89194ad126fffff'}",9.0,45.0
89194adacdbffff,"{'89194ada127ffff', '89194adacdbffff', '89194ada1afffff', '89194ada123ffff', '89194ada1abffff', '89194ada1a3ffff', '89194ada137ffff', '89194adaccbffff', '89194adaccfffff', '89194adacc3ffff', '89194adacd7ffff', '89194ada133ffff', '89194adac53ffff', '89194ad126bffff', '89194ada1b7ffff', '89194adacc7ffff', '89194ada1a7ffff', '89194adacd3ffff', '89194ad126fffff'}",2.0,34.0
89194adad03ffff,"{'89194adadc7ffff', '89194adad77ffff', '89194adad03ffff', '89194adad57ffff', '89194adad47ffff', '89194adad13ffff', '89194adad0bffff', '89194adad0fffff', '89194adadbbffff', '89194adad8fffff', '89194adad3bffff', '89194adad1bffff', '89194adad17ffff', '89194adad07ffff', '89194adadabffff', '89194adadcfffff', '89194adad33ffff', '89194adad73ffff', '89194adad8bffff'}",6.0,62.0
89194adad0bffff,"{'89194adadc7ffff', '89194adad77ffff', '89194adad53ffff', '89194adad03ffff', '89194adad4fffff', '89194adad63ffff', '89194adad57ffff', '89194adad47ffff', '89194adad13ffff', '89194adad0fffff', '89194adad0bffff', '89194adad3bffff', '89194adad1bffff', '89194adad17ffff', '89194adad07ffff', '89194adadcfffff', '89194adad7bffff', '89194adad73ffff', '89194adad43ffff'}",15.0,114.0
89194adad13ffff,"{'89194adad87ffff', '89194adadc7ffff', '89194adad9bffff', '89194adad03ffff', '89194adad57ffff', '89194adad0bffff', '89194adad0fffff', '89194adadbbffff', '89194adadc3ffff', '89194adad8fffff', '89194adad13ffff', '89194adadd7ffff', '89194adad83ffff', '89194adad1bffff', '89194adad17ffff', '89194adad07ffff', '89194adadabffff', '89194adadcfffff', '89194adad8bffff'}",5.0,64.0
89194adad1bffff,"{'89194adadc7ffff', '89194adadcbffff', '89194adad53ffff', '89194adad03ffff', '89194adad57ffff', '89194adad47ffff', '89194adad13ffff', '89194adad0bffff', '89194adadc3ffff', '89194adad0fffff', '89194adad8fffff', '89194adadd7ffff', '89194adad17ffff', '89194adad1bffff', '89194adad07ffff', '89194adadcfffff', '89194adad73ffff', '89194adad8bffff', '89194adad43ffff'}",10.0,65.0
89194adad27ffff,"{'89194ad1ac3ffff', '89194ada993ffff', '89194ad1a53ffff', '89194ad1adbffff', '89194adad2bffff', '89194ad1acfffff', '89194adad23ffff', '89194adad3bffff', '89194adad27ffff', '89194ad1a4bffff', '89194ad1a57ffff', '89194ad1a43ffff', '89194adad33ffff', '89194adad2fffff', '89194ada997ffff', '89194ad1acbffff', '89194ad1a5bffff', '89194adad37ffff', '89194adadafffff'}",1.0,14.0
89194adad3bffff,"{'89194ada993ffff', '89194adad77ffff', '89194adad2bffff', '89194adad03ffff', '89194adad63ffff', '89194adad0fffff', '89194adad23ffff', '89194adad0bffff', '89194adad27ffff', '89194adad3bffff', '89194adad17ffff', '89194adad67ffff', '89194adad07ffff', '89194adadabffff', '89194adad33ffff', '89194adad73ffff', '89194adad2fffff', '89194adad37ffff', '89194adadafffff'}",1.0,102.0
89194adad5bffff,"{'89194ada883ffff', '89194adadcbffff', '89194adac23ffff', '89194adad53ffff', '89194adad4fffff', '89194adad57ffff', '89194adad47ffff', '89194adad4bffff', '89194adadcfffff', '89194adac2fffff', '89194ada8b3ffff', '89194ada897ffff', '89194adad5bffff', '89194adac2bffff', '89194ada887ffff', '89194ada893ffff', '89194adac37ffff', '89194adac27ffff', '89194adad43ffff'}",1.0,5.0
89194adad63ffff,"{'89194adad6bffff', '89194ada993ffff', '89194adad77ffff', '89194ada9d3ffff', '89194adad2bffff', '89194adad4fffff', '89194adad63ffff', '89194adad47ffff', '89194adad0fffff', '89194adad0bffff', '89194adad3bffff', '89194adad67ffff', '89194ada8a7ffff', '89194adad6fffff', '89194adad7bffff', '89194adad73ffff', '89194ada99bffff', '89194ada9d7ffff', '89194ada8b7ffff'}",64.0,162.0
89194adad67ffff,"{'89194adad6bffff', '89194ada993ffff', '89194adad77ffff', '89194ada9d3ffff', '89194adad2bffff', '89194ada983ffff', '89194adad63ffff', '89194adad0fffff', '89194adad23ffff', '89194ada98bffff', '89194adad3bffff', '89194adad67ffff', '89194adad6fffff', '89194adad7bffff', '89194adad73ffff', '89194adad2fffff', '89194ada997ffff', '89194ada99bffff', '89194ada9d7ffff'}",2.0,161.0
89194adad6bffff,"{'89194adad6bffff', '89194adad77ffff', '89194ada9d3ffff', '89194adad63ffff', '89194adad4fffff', '89194adad47ffff', '89194ada9c3ffff', '89194adad67ffff', '89194ada8a7ffff', '89194adad6fffff', '89194ada8b3ffff', '89194adad7bffff', '89194ada8afffff', '89194ada9dbffff', '89194ada8a3ffff', '89194adad73ffff', '89194ada99bffff', '89194ada9d7ffff', '89194ada8b7ffff'}",21.0,155.0
89194adad6fffff,"{'89194adad6bffff', '89194ada993ffff', '89194adad77ffff', '89194ada9d3ffff', '89194adad2bffff', '89194ada983ffff', '89194adad63ffff', '89194ada98bffff', '89194ada9c3ffff', '89194adad67ffff', '89194ada8a7ffff', '89194adad6fffff', '89194adad7bffff', '89194adad73ffff', '89194ada9dbffff', '89194ada99bffff', '89194ada9d7ffff', '89194ada8b7ffff', '89194ada9c7ffff'}",22.0,166.0
89194adad73ffff,"{'89194adad6bffff', '89194adad77ffff', '89194adad2bffff', '89194adad03ffff', '89194adad63ffff', '89194adad4fffff', '89194adad57ffff', '89194adad47ffff', '89194adad0fffff', '89194adad0bffff', '89194adad3bffff', '89194adad1bffff', '89194adad67ffff', '89194adad07ffff', '89194adad6fffff', '89194adad7bffff', '89194adad73ffff', '89194ada8b7ffff', '89194adad43ffff'}",13.0,154.0
89194adad83ffff,"{'89194adad87ffff', '89194ad1367ffff', '89194adadc7ffff', '89194adad9bffff', '89194ad1e5bffff', '89194ad132bffff', '89194adadbbffff', '89194adad13ffff', '89194adad8fffff', '89194ad132fffff', '89194adadd7ffff', '89194ad136fffff', '89194ad1e4bffff', '89194adad83ffff', '89194adad17ffff', '89194adad97ffff', '89194adad8bffff', '89194adadb3ffff', '89194adad93ffff'}",3.0,79.0
89194adad8bffff,"{'89194adad87ffff', '89194ad1367ffff', '89194adadc7ffff', '89194adad9bffff', '89194adad03ffff', '89194adadbbffff', '89194adad13ffff', '89194adadc3ffff', '89194adad8fffff', '89194adadd7ffff', '89194adad83ffff', '89194ad136fffff', '89194adad1bffff', '89194adad17ffff', '89194adadcfffff', '89194adadd3ffff', '89194adad97ffff', '89194adad8bffff', '89194adad93ffff'}",12.0,88.0
89194adad93ffff,"{'89194ad1367ffff', '89194ad1377ffff', '89194adad87ffff', '89194adad9bffff', '89194ad1e5bffff', '89194ad132bffff', '89194adad8fffff', '89194ad132fffff', '89194adadd7ffff', '89194ad136fffff', '89194adad83ffff', '89194ad1327ffff', '89194ad1e4bffff', '89194adad97ffff', '89194ad1323ffff', '89194ad1363ffff', '89194adad8bffff', '89194ad133bffff', '89194adad93ffff'}",4.0,77.0
89194adad9bffff,"{'89194ad1367ffff', '89194adad87ffff', '89194adadc7ffff', '89194ad1377ffff', '89194adad9bffff', '89194ad132bffff', '89194adad13ffff', '89194adadc3ffff', '89194adad8fffff', '89194ad132fffff', '89194adadd7ffff', '89194ad136fffff', '89194adad83ffff', '89194ad136bffff', '89194adadd3ffff', '89194adad97ffff', '89194ad1363ffff', '89194adad8bffff', '89194adad93ffff'}",13.0,82.0
89194adadcbffff,"{'89194adaddbffff', '89194adadc7ffff', '89194adadcbffff', '89194adac23ffff', '89194adad53ffff', '89194adad57ffff', '89194adacafffff', '89194adadc3ffff', '89194adaca7ffff', '89194adadd7ffff', '89194adad1bffff', '89194adac33ffff', '89194adadcfffff', '89194adac2fffff', '89194adadd3ffff', '89194adad5bffff', '89194adac37ffff', '89194adac27ffff', '89194adad43ffff'}",4.0,18.0
89194adaddbffff,"{'89194adaddbffff', '89194adadc7ffff', '89194adadcbffff', '89194adac23ffff', '89194adad53ffff', '89194adacafffff', '89194adadc3ffff', '89194adaca7ffff', '89194adaca3ffff', '89194adadd7ffff', '89194ad136fffff', '89194ad136bffff', '89194adac33ffff', '89194adadcfffff', '89194adadd3ffff', '89194adacabffff', '89194adacb7ffff', '89194adac37ffff', '89194adac27ffff'}",3.0,11.0
89194adae23ffff,"{'89194adaa97ffff', '89194adae37ffff', '89194ada8cbffff', '89194adaeafffff', '89194adae2fffff', '89194adae2bffff', '89194ada85bffff', '89194adaeabffff', '89194adae27ffff', '89194adae77ffff', '89194adae67ffff', '89194adae23ffff', '89194ada8dbffff', '89194adae3bffff', '89194adae33ffff', '89194adaa93ffff', '89194ada853ffff', '89194adae07ffff', '89194adae0fffff'}",2.0,21.0
89194adae33ffff,"{'89194adae37ffff', '89194ada8cbffff', '89194adaeafffff', '89194adae17ffff', '89194adae2bffff', '89194adae2fffff', '89194adaea3ffff', '89194adaea7ffff', '89194adae03ffff', '89194adaeabffff', '89194adae27ffff', '89194adae77ffff', '89194adaebbffff', '89194adae23ffff', '89194ada8dbffff', '89194adae3bffff', '89194adae33ffff', '89194adae07ffff', '89194adae0fffff'}",3.0,30.0
89194adae3bffff,"{'89194adae37ffff', '89194adaeafffff', '89194adae17ffff', '89194adae2bffff', '89194adae2fffff', '89194adae03ffff', '89194adaeabffff', '89194adae27ffff', '89194adae77ffff', '89194adae73ffff', '89194adae67ffff', '89194adae63ffff', '89194adae23ffff', '89194adae0bffff', '89194adae3bffff', '89194adae33ffff', '89194adaa93ffff', '89194adae07ffff', '89194adae0fffff'}",1.0,13.0
89194adae43ffff,"{'89194ad8597ffff', '89194adaecbffff', '89194ada32fffff', '89194adae7bffff', '89194adae57ffff', '89194adaecfffff', '89194adae53ffff', '89194ada327ffff', '89194adae4bffff', '89194ad85b3ffff', '89194adae43ffff', '89194adae47ffff', '89194adae5bffff', '89194adae73ffff', '89194ad8587ffff', '89194adae4fffff', '89194adae0bffff', '89194adae1bffff', '89194ad85b7ffff'}",1.0,5.0
89194adae7bffff,"{'89194ad85a3ffff', '89194ad85a7ffff', '89194adae7bffff', '89194adae57ffff', '89194adae4bffff', '89194ad85b3ffff', '89194adae43ffff', '89194adae77ffff', '89194adae47ffff', '89194adae6bffff', '89194adae73ffff', '89194adaad3ffff', '89194adae67ffff', '89194adae4fffff', '89194adae63ffff', '89194adae6fffff', '89194adae0bffff', '89194ad85b7ffff', '89194adae0fffff'}",2.0,3.0
89194adae83ffff,"{'89194adae8fffff', '89194adae17ffff', '89194adaeb3ffff', '89194adae97ffff', '89194adae87ffff', '89194adae93ffff', '89194adaed7ffff', '89194ada12bffff', '89194adaec7ffff', '89194ada16fffff', '89194adae8bffff', '89194adac4bffff', '89194ada12fffff', '89194adae83ffff', '89194adaebbffff', '89194adac5bffff', '89194ada167ffff', '89194adae9bffff', '89194adae13ffff'}",2.0,38.0
89194adae8bffff,"{'89194adaec3ffff', '89194adae8fffff', '89194adae17ffff', '89194adaecfffff', '89194adae97ffff', '89194adae87ffff', '89194adaed7ffff', '89194adae93ffff', '89194adaec7ffff', '89194ada16fffff', '89194adae03ffff', '89194adae8bffff', '89194adae83ffff', '89194adaed3ffff', '89194adaebbffff', '89194ada167ffff', '89194adae1bffff', '89194adae9bffff', '89194adae13ffff'}",1.0,24.0
89194adae93ffff,"{'89194adae8fffff', '89194ada127ffff', '89194adae97ffff', '89194adae87ffff', '89194adaed7ffff', '89194adae93ffff', '89194ada12bffff', '89194ada13bffff', '89194ada16fffff', '89194adae8bffff', '89194ada177ffff', '89194adac4bffff', '89194adae83ffff', '89194ada12fffff', '89194adac5bffff', '89194ada167ffff', '89194ada163ffff', '89194ada123ffff', '89194adae9bffff'}",1.0,40.0
89194adae97ffff,"{'89194adae8fffff', '89194ada127ffff', '89194adaeb3ffff', '89194adae87ffff', '89194adae93ffff', '89194adae97ffff', '89194ada12bffff', '89194adac4fffff', '89194adae8bffff', '89194adac43ffff', '89194adac4bffff', '89194adae83ffff', '89194ada12fffff', '89194adaebbffff', '89194adac53ffff', '89194adac5bffff', '89194ada167ffff', '89194ada123ffff', '89194adae9bffff'}",11.0,46.0
89194adaea3ffff,"{'89194adae37ffff', '89194adaeafffff', '89194adae8fffff', '89194adae17ffff', '89194adaeb3ffff', '89194adae87ffff', '89194adaea3ffff', '89194adac4fffff', '89194adaea7ffff', '89194adaeabffff', '89194adac4bffff', '89194ada8d3ffff', '89194adaebbffff', '89194ada8dbffff', '89194adae33ffff', '89194adae07ffff', '89194adaeb7ffff', '89194adac6bffff', '89194adac7bffff'}",6.0,45.0
89194adaeabffff,"{'89194adae37ffff', '89194adaeafffff', '89194adae8fffff', '89194adae17ffff', '89194adaeb3ffff', '89194adae87ffff', '89194adaea3ffff', '89194adaea7ffff', '89194adae03ffff', '89194adaeabffff', '89194adaebbffff', '89194adae23ffff', '89194ada8dbffff', '89194adae3bffff', '89194adae33ffff', '89194adae07ffff', '89194adaeb7ffff', '89194adae0fffff', '89194adae13ffff'}",2.0,22.0
89194adaeafffff,"{'89194adae37ffff', '89194ada8cbffff', '89194adaeafffff', '89194adae17ffff', '89194adaeb3ffff', '89194ada8c3ffff', '89194adaea3ffff', '89194adaea7ffff', '89194adaeabffff', '89194adae27ffff', '89194ada8d3ffff', '89194adaebbffff', '89194adae23ffff', '89194ada8dbffff', '89194adae3bffff', '89194adae33ffff', '89194adae07ffff', '89194adaeb7ffff', '89194adac6bffff'}",5.0,38.0
89194adaebbffff,"{'89194adaeafffff', '89194adae8fffff', '89194adae17ffff', '89194adaeb3ffff', '89194adae97ffff', '89194adaea3ffff', '89194adae87ffff', '89194adac4fffff', '89194adae03ffff', '89194adaea7ffff', '89194adae8bffff', '89194adaeabffff', '89194adac4bffff', '89194adae83ffff', '89194adaebbffff', '89194adae33ffff', '89194adae07ffff', '89194adaeb7ffff', '89194adae13ffff'}",3.0,43.0
89194adaec3ffff,"{'89194adaec3ffff', '89194adaedbffff', '89194adaecbffff', '89194ada16bffff', '89194adaecfffff', '89194adae57ffff', '89194adae53ffff', '89194ada327ffff', '89194adaed7ffff', '89194adaec7ffff', '89194ada16fffff', '89194adae8bffff', '89194ada3a7ffff', '89194adaed3ffff', '89194ada337ffff', '89194ada3afffff', '89194adae1bffff', '89194adae9bffff', '89194adae13ffff'}",4.0,47.0
89194adaed7ffff,"{'89194adaec3ffff', '89194adae8fffff', '89194adaedbffff', '89194adaecbffff', '89194ada16bffff', '89194adaecfffff', '89194adae93ffff', '89194adaed7ffff', '89194adaec7ffff', '89194ada16fffff', '89194adae8bffff', '89194ada3a7ffff', '89194adae83ffff', '89194adaed3ffff', '89194ada167ffff', '89194ada163ffff', '89194adae1bffff', '89194adae9bffff', '89194adae13ffff'}",2.0,46.0
89194adaedbffff,"{'89194adaec3ffff', '89194adaecbffff', '89194adaedbffff', '89194ada3abffff', '89194ada3a3ffff', '89194ada16bffff', '89194adaecfffff', '89194adae53ffff', '89194ada327ffff', '89194adaed7ffff', '89194ada323ffff', '89194adaec7ffff', '89194ada16fffff', '89194ada333ffff', '89194ada3b7ffff', '89194ada3a7ffff', '89194ada337ffff', '89194adaed3ffff', '89194ada3afffff'}",16.0,56.0
89194e6930fffff,"{'89194e69357ffff', '89194e69377ffff', '89194e69323ffff', '89194e69347ffff', '89194e69317ffff', '89194e6930fffff', '89194e6931bffff', '89194e69333ffff', '89194e6933bffff', '89194e69307ffff', '89194e6930bffff', '89194e69363ffff', '89194e69367ffff', '89194e693abffff', '89194e69313ffff', '89194e69303ffff', '89194e6932bffff', '89194e69373ffff', '89194e6937bffff'}",1.0,7.0
89194e6932bffff,"{'89194e69377ffff', '89194e69323ffff', '89195da6d97ffff', '89194e69e5bffff', '89194e6932fffff', '89195da6d9bffff', '89194e6930fffff', '89195da6d83ffff', '89194e69333ffff', '89194e69327ffff', '89195da6d93ffff', '89194e6933bffff', '89194e6936fffff', '89194e69307ffff', '89194e69367ffff', '89194e69363ffff', '89194e6932bffff', '89194e69373ffff', '89194e69337ffff'}",1.0,13.0
89194e6933bffff,"{'89194e69377ffff', '89194e69323ffff', '89194e6932fffff', '89194e69373ffff', '89194e6930fffff', '89194e693afffff', '89194e69333ffff', '89194e69327ffff', '89195da6d93ffff', '89194e69307ffff', '89194e6933bffff', '89194e6930bffff', '89194e69363ffff', '89194e69367ffff', '89194e693abffff', '89194e69303ffff', '89194e6932bffff', '89194e69317ffff', '89194e69337ffff'}",5.0,7.0
89194e6936fffff,"{'89195da6dd7ffff', '89195da6ca7ffff', '89194e69377ffff', '89194e6936bffff', '89195da6dc3ffff', '89195da6d9bffff', '89195da6d83ffff', '89195da6d93ffff', '89195da6cb7ffff', '89195da6dd3ffff', '89194e6936fffff', '89195da6d8bffff', '89194e69367ffff', '89194e69363ffff', '89194e6932bffff', '89195da6dc7ffff', '89194e69373ffff', '89194e6937bffff', '89195da6ddbffff'}",4.0,17.0
89194e69827ffff,"{'89194e69953ffff', '89194e6994bffff', '89194e6982bffff', '89194e69823ffff', '89194e69833ffff', '89194e69943ffff', '89194e6982fffff', '89194e69827ffff', '89194e69b93ffff', '89194e6983bffff', '89194e699cbffff', '89194e69957ffff', '89194e699c3ffff', '89194e6995bffff', '89194e699dbffff', '89194e699cfffff', '89194e69b97ffff', '89194e69837ffff', '89194e698afffff'}",2.0,42.0
89194e6982bffff,"{'89194e69b9bffff', '89194e6982bffff', '89194e69823ffff', '89194e69833ffff', '89194e6986fffff', '89194e6982fffff', '89194e69873ffff', '89194e69807ffff', '89194e6980fffff', '89194e69827ffff', '89194e69b93ffff', '89194e6983bffff', '89194e69b83ffff', '89194e69863ffff', '89194e69877ffff', '89194e6995bffff', '89194e69867ffff', '89194e69b97ffff', '89194e69837ffff'}",14.0,52.0
89194e6982fffff,"{'89194e69953ffff', '89194e69b9bffff', '89194e6994bffff', '89194e6982bffff', '89194e69823ffff', '89194e69833ffff', '89194e69943ffff', '89194e6982fffff', '89194e69b87ffff', '89194e69827ffff', '89194e69b93ffff', '89194e6983bffff', '89194e69b83ffff', '89194e699cbffff', '89194e69877ffff', '89194e6995bffff', '89194e69867ffff', '89194e69b97ffff', '89194e69837ffff'}",1.0,50.0
89194e6984bffff,"{'89194e6985bffff', '89194e69a83ffff', '89194e69a87ffff', '89194e69a97ffff', '89194e69aa3ffff', '89194e69857ffff', '89194e69853ffff', '89194e69a8fffff', '89194e6984bffff', '89194e69a93ffff', '89194e69847ffff', '89194e69e27ffff', '89194e69abbffff', '89194e69ab7ffff', '89194e69843ffff', '89194e69e2fffff', '89194e6984fffff', '89194e6987bffff', '89194e69ab3ffff'}",2.0,30.0
89194e6984fffff,"{'89194e6985bffff', '89194e69a87ffff', '89194e69a97ffff', '89194e69aa3ffff', '89194e69857ffff', '89194e69853ffff', '89194e6984bffff', '89194e69aa7ffff', '89194e6986bffff', '89194e69873ffff', '89194e69863ffff', '89194e69847ffff', '89194e69abbffff', '89194e69ab7ffff', '89194e69843ffff', '89194e6984fffff', '89194e6987bffff', '89194e69ab3ffff', '89194e6980bffff'}",1.0,42.0
89194e69863ffff,"{'89194e69b9bffff', '89194e69bd3ffff', '89194e69aa7ffff', '89194e6982bffff', '89194e6986fffff', '89194e6986bffff', '89194e69873ffff', '89194e6980fffff', '89194e69b93ffff', '89194e6983bffff', '89194e69863ffff', '89194e69847ffff', '89194e69bd7ffff', '89194e69877ffff', '89194e69ab7ffff', '89194e6984fffff', '89194e69867ffff', '89194e6987bffff', '89194e6980bffff'}",5.0,54.0
89194e69867ffff,"{'89194e69b9bffff', '89194e69bd3ffff', '89194e6987bffff', '89194e6982bffff', '89194e69823ffff', '89194e6982fffff', '89194e6986fffff', '89194e69b8bffff', '89194e6986bffff', '89194e69873ffff', '89194e6980fffff', '89194e69b93ffff', '89194e69863ffff', '89194e69b83ffff', '89194e6983bffff', '89194e69bd7ffff', '89194e69877ffff', '89194e69867ffff', '89194e69b97ffff'}",4.0,56.0
89194e6986bffff,"{'89194e69b9bffff', '89194e69bd3ffff', '89194e69aa3ffff', '89194e69aa7ffff', '89194e69bdbffff', '89194e69aafffff', '89194e6986fffff', '89194e6986bffff', '89194e69873ffff', '89194e69863ffff', '89194e69847ffff', '89194e69bd7ffff', '89194e69877ffff', '89194e69ab7ffff', '89194e69bc3ffff', '89194e6984fffff', '89194e69867ffff', '89194e6987bffff', '89194e69ab3ffff'}",6.0,39.0
89194e6986fffff,"{'89194e69b9bffff', '89194e69bd3ffff', '89194e69bc7ffff', '89194e69aa7ffff', '89194e6982bffff', '89194e69bdbffff', '89194e69b8bffff', '89194e6986fffff', '89194e6986bffff', '89194e69873ffff', '89194e69b93ffff', '89194e69863ffff', '89194e69b83ffff', '89194e69bd7ffff', '89194e69877ffff', '89194e69ab7ffff', '89194e69bc3ffff', '89194e69867ffff', '89194e6987bffff'}",1.0,58.0
89194e69877ffff,"{'89194e69b9bffff', '89194e6982bffff', '89194e69823ffff', '89194e69833ffff', '89194e6986fffff', '89194e69803ffff', '89194e6982fffff', '89194e69873ffff', '89194e6986bffff', '89194e69807ffff', '89194e6980fffff', '89194e69b93ffff', '89194e69863ffff', '89194e6983bffff', '89194e69847ffff', '89194e69877ffff', '89194e69867ffff', '89194e6987bffff', '89194e6980bffff'}",3.0,47.0
89194e698a7ffff,"{'89194e69d6bffff', '89194e698b7ffff', '89194e698a7ffff', '89194e69d6fffff', '89194e69837ffff', '89194e69d4fffff', '89194e69833ffff', '89194e699d3ffff', '89194e69d7bffff', '89194e69d63ffff', '89194e699d7ffff', '89194e699cbffff', '89194e699c3ffff', '89194e698abffff', '89194e698a3ffff', '89194e698bbffff', '89194e699dbffff', '89194e698b3ffff', '89194e698afffff'}",4.0,11.0
89194e698afffff,"{'89194e69d6bffff', '89194e698b7ffff', '89194e698a7ffff', '89194e69823ffff', '89194e69833ffff', '89194e699d3ffff', '89194e69807ffff', '89194e69827ffff', '89194e6983bffff', '89194e699cbffff', '89194e699c3ffff', '89194e698abffff', '89194e698b3ffff', '89194e698a3ffff', '89194e698bbffff', '89194e69817ffff', '89194e699dbffff', '89194e69837ffff', '89194e698afffff'}",5.0,11.0
89194e698c7ffff,"{'89194e6988bffff', '89194e69883ffff', '89194e698d7ffff', '89194e69857ffff', '89194e6981bffff', '89194e69853ffff', '89194e698cfffff', '89194e698cbffff', '89194e69803ffff', '89194e6989bffff', '89194e698c3ffff', '89194e698dbffff', '89194e69c6fffff', '89194e698d3ffff', '89194e6988fffff', '89194e69817ffff', '89194e69813ffff', '89194e6980bffff', '89194e698c7ffff'}",1.0,1.0
89194e6990bffff,"{'89194e69953ffff', '89194e69947ffff', '89194e6991bffff', '89194e6994fffff', '89194e6997bffff', '89194e69943ffff', '89194e69963ffff', '89194e6990bffff', '89194e6993bffff', '89194e69907ffff', '89194e6990fffff', '89194e69913ffff', '89194e69917ffff', '89194e699c7ffff', '89194e69957ffff', '89194e699cfffff', '89194e69973ffff', '89194e69903ffff', '89194e69977ffff'}",1.0,5.0
89194e69947ffff,"{'89194e69953ffff', '89194e6991bffff', '89194e69947ffff', '89194e6994fffff', '89194e6994bffff', '89194e6997bffff', '89194e69943ffff', '89194e69963ffff', '89194e6990bffff', '89194e69bb7ffff', '89194e69bb3ffff', '89194e6990fffff', '89194e6996bffff', '89194e69957ffff', '89194e6995bffff', '89194e699cfffff', '89194e69973ffff', '89194e69903ffff', '89194e69977ffff'}",1.0,7.0
89194e69953ffff,"{'89194e69953ffff', '89194e69947ffff', '89194e6991bffff', '89194e6994fffff', '89194e6994bffff', '89194e69823ffff', '89194e6982fffff', '89194e69943ffff', '89194e6990bffff', '89194e69827ffff', '89194e699cbffff', '89194e699c7ffff', '89194e69957ffff', '89194e699c3ffff', '89194e6995bffff', '89194e699dbffff', '89194e699cfffff', '89194e69b97ffff', '89194e69837ffff'}",3.0,12.0
89194e69a03ffff,"{'89194e69a33ffff', '89194e69a17ffff', '89194e69a47ffff', '89194e69a0bffff', '89194e69a3bffff', '89194e69a8fffff', '89194e69a8bffff', '89194e69a03ffff', '89194e69a13ffff', '89194e69a0fffff', '89194e69ac7ffff', '89194e69a73ffff', '89194e69a1bffff', '89194e69abbffff', '89194e69acfffff', '89194e69a07ffff', '89194e69a57ffff', '89194e69aabffff', '89194e69a77ffff'}",6.0,98.0
89194e69a07ffff,"{'89194e69a33ffff', '89194e69aa3ffff', '89194e69a17ffff', '89194e69a23ffff', '89194e69a0bffff', '89194e69a3bffff', '89194e69a8fffff', '89194e69a37ffff', '89194e69aafffff', '89194e69a13ffff', '89194e69a0fffff', '89194e69a73ffff', '89194e69a1bffff', '89194e69abbffff', '89194e69a77ffff', '89194e69a07ffff', '89194e69a2bffff', '89194e69aabffff', '89194e69a03ffff'}",4.0,106.0
89194e69a0bffff,"{'89194e69a17ffff', '89194e69a47ffff', '89194e69a53ffff', '89194e69a3bffff', '89194e69a0bffff', '89194e69a63ffff', '89194e69a13ffff', '89194e69a43ffff', '89194e69a0fffff', '89194e69ac7ffff', '89194e69a73ffff', '89194e69a1bffff', '89194e69a7bffff', '89194e69acfffff', '89194e69a77ffff', '89194e69a07ffff', '89194e69a4fffff', '89194e69a57ffff', '89194e69a03ffff'}",10.0,91.0
89194e69a0fffff,"{'89194e69a33ffff', '89194e69a67ffff', '89194e69a23ffff', '89194e69a17ffff', '89194e69a47ffff', '89194e69a0bffff', '89194e69a3bffff', '89194e69a03ffff', '89194e69a63ffff', '89194e69a13ffff', '89194e69a0fffff', '89194e69a73ffff', '89194e69a1bffff', '89194e69a7bffff', '89194e69a07ffff', '89194e69a57ffff', '89194e69a2bffff', '89194e69aabffff', '89194e69a77ffff'}",19.0,90.0
89194e69a13ffff,"{'89194e69ad7ffff', '89194e69a83ffff', '89194e69a87ffff', '89194e69a17ffff', '89194e69a0bffff', '89194e69a8fffff', '89194e69a8bffff', '89194e69a13ffff', '89194e69a0fffff', '89194e69ac7ffff', '89194e69a9bffff', '89194e69ac3ffff', '89194e69a1bffff', '89194e69abbffff', '89194e69acfffff', '89194e69a07ffff', '89194e69a57ffff', '89194e69aabffff', '89194e69a03ffff'}",10.0,83.0
89194e69a17ffff,"{'89194e69a33ffff', '89194e69a83ffff', '89194e69a87ffff', '89194e69aa3ffff', '89194e69a17ffff', '89194e69a0bffff', '89194e69a8fffff', '89194e69a3bffff', '89194e69a8bffff', '89194e69aafffff', '89194e69a13ffff', '89194e69a0fffff', '89194e69ac7ffff', '89194e69a1bffff', '89194e69abbffff', '89194e69a07ffff', '89194e69ab3ffff', '89194e69aabffff', '89194e69a03ffff'}",2.0,104.0
89194e69a1bffff,"{'89194e69ad7ffff', '89194e69a17ffff', '89194e69a47ffff', '89194e69a53ffff', '89194e69a0bffff', '89194e69a8fffff', '89194e69a8bffff', '89194e69acbffff', '89194e69a13ffff', '89194e69a43ffff', '89194e69a0fffff', '89194e69ac7ffff', '89194e69a73ffff', '89194e69ac3ffff', '89194e69a1bffff', '89194e69acfffff', '89194e69a07ffff', '89194e69a57ffff', '89194e69a03ffff'}",1.0,74.0
89194e69a23ffff,"{'89194e69a33ffff', '89194e69b5bffff', '89194e69a27ffff', '89194e69a2fffff', '89194e69a67ffff', '89194e69a23ffff', '89194ad3497ffff', '89194e69a3bffff', '89194e69a37ffff', '89194e69bdbffff', '89194e69aafffff', '89194e69bcbffff', '89194e69a0fffff', '89194e69a07ffff', '89194e69b53ffff', '89194e69a2bffff', '89194ad3493ffff', '89194e69aabffff', '89194e69a77ffff'}",2.0,98.0
89194e69a2bffff,"{'89194e69b5bffff', '89194e69a33ffff', '89194e69a27ffff', '89194e69a6fffff', '89194e69a2fffff', '89194ad3483ffff', '89194e69a67ffff', '89194e69a23ffff', '89194ad3497ffff', '89194ad349bffff', '89194e69a3bffff', '89194e69a37ffff', '89194e69a63ffff', '89194e69a0fffff', '89194e69a73ffff', '89194e69a07ffff', '89194e69a2bffff', '89194ad3493ffff', '89194e69a77ffff'}",8.0,112.0
89194e69a33ffff,"{'89194e69a33ffff', '89194e69a27ffff', '89194e69a2fffff', '89194e69aa3ffff', '89194e69a23ffff', '89194e69a17ffff', '89194e69a3bffff', '89194e69aa7ffff', '89194e69a37ffff', '89194e69bdbffff', '89194e69bcbffff', '89194e69aafffff', '89194e69a0fffff', '89194e69abbffff', '89194e69a77ffff', '89194e69a07ffff', '89194e69a2bffff', '89194e69aabffff', '89194e69a03ffff'}",2.0,86.0
89194e69a37ffff,"{'89194e69a33ffff', '89194e69b5bffff', '89194e69bcfffff', '89194e69a27ffff', '89194e69bd3ffff', '89194e69a2fffff', '89194e69aa3ffff', '89194e69a23ffff', '89194e69a3bffff', '89194e69aa7ffff', '89194e69a37ffff', '89194e69bdbffff', '89194e69aafffff', '89194e69bcbffff', '89194e69bc3ffff', '89194e69a07ffff', '89194e69b53ffff', '89194e69a2bffff', '89194e69aabffff'}",5.0,50.0
89194e69a3bffff,"{'89194e69a33ffff', '89194e69a27ffff', '89194e69a2fffff', '89194e69a67ffff', '89194e69a23ffff', '89194e69a17ffff', '89194e69a0bffff', '89194e69a3bffff', '89194e69a37ffff', '89194e69aafffff', '89194e69a03ffff', '89194e69a63ffff', '89194e69a0fffff', '89194e69a73ffff', '89194e69a07ffff', '89194e69a2bffff', '89194ad3493ffff', '89194e69aabffff', '89194e69a77ffff'}",9.0,112.0
89194e69a43ffff,"{'89195da69b7ffff', '89195da6997ffff', '89194e69a47ffff', '89194e69a53ffff', '89194e69a0bffff', '89194e69a5bffff', '89194e69acbffff', '89195da6d2fffff', '89194e69a4bffff', '89194e69a43ffff', '89194e69a73ffff', '89194e69a7bffff', '89194e69a1bffff', '89195da6d27ffff', '89194e69acfffff', '89194e69a4fffff', '89195da6987ffff', '89194e69a57ffff', '89195da69b3ffff'}",1.0,82.0
89194e69a47ffff,"{'89195da69b7ffff', '89194e69a0bffff', '89194e69a53ffff', '89194e69a47ffff', '89194e69a5bffff', '89194e69a63ffff', '89194e69a4bffff', '89194e69a43ffff', '89194e69a6bffff', '89194e69a0fffff', '89194e69a73ffff', '89194e69a7bffff', '89194e69a1bffff', '89194e69acfffff', '89194e69a77ffff', '89194e69a4fffff', '89194e69a57ffff', '89195da69b3ffff', '89194e69a03ffff'}",3.0,79.0
89194e69a4bffff,"{'89195da69b7ffff', '89195da6997ffff', '89194e69a47ffff', '89194e69a53ffff', '89195da6993ffff', '89195da698fffff', '89194e69a5bffff', '89195da69a3ffff', '89195da6d2fffff', '89194e69a4bffff', '89194e69a43ffff', '89194e69a7bffff', '89195da6d27ffff', '89195da69bbffff', '89194e69a4fffff', '89195da6987ffff', '89194e69a57ffff', '89195da6983ffff', '89195da69b3ffff'}",3.0,118.0
89194e69a53ffff,"{'89194e69adbffff', '89195da6997ffff', '89194e69a47ffff', '89194e69a0bffff', '89194e69a53ffff', '89194e69a5bffff', '89194e69acbffff', '89194e69a4bffff', '89195da6d2fffff', '89194e69a43ffff', '89195da6d37ffff', '89194e69ac7ffff', '89194e69ac3ffff', '89194e69a1bffff', '89195da6d27ffff', '89194e69acfffff', '89194e69a4fffff', '89194e69a57ffff', '89195da6d23ffff'}",1.0,70.0
89194e69a5bffff,"{'89195da6997ffff', '89194e69a47ffff', '89194e69a53ffff', '89195da6993ffff', '89194e69a5bffff', '89194e69acbffff', '89195da6d2fffff', '89194e69a4bffff', '89194e69a43ffff', '89195da6d37ffff', '89195da6d27ffff', '89194e69acfffff', '89194e69a4fffff', '89195da6987ffff', '89195da6983ffff', '89194e69a57ffff', '89195da6d23ffff', '89195da6d2bffff', '89195da69b3ffff'}",7.0,86.0
89194e69a63ffff,"{'89195da69b7ffff', '89195da69a7ffff', '89194e69a6fffff', '89194e69a67ffff', '89194e69a47ffff', '89194e69a0bffff', '89194ad349bffff', '89194e69a3bffff', '89194ad34d3ffff', '89194e69a63ffff', '89194e69a6bffff', '89194e69a0fffff', '89194e69a73ffff', '89194e69a7bffff', '89194ad34d7ffff', '89194e69a4fffff', '89194e69a2bffff', '89194ad3493ffff', '89194e69a77ffff'}",3.0,97.0
89194e69a67ffff,"{'89194e69a6fffff', '89194e69a2fffff', '89194ad3483ffff', '89194e69a23ffff', '89194e69a67ffff', '89194ad3497ffff', '89194ad349bffff', '89194e69a3bffff', '89194ad34d3ffff', '89194e69a63ffff', '89194e69a6bffff', '89194e69a0fffff', '89194e69a73ffff', '89194e69a2bffff', '89194e69a7bffff', '89194ad34d7ffff', '89194ad348bffff', '89194ad3493ffff', '89194e69a77ffff'}",1.0,120.0
89194e69a77ffff,"{'89194e69a33ffff', '89194e69a6fffff', '89194e69a2fffff', '89194e69a67ffff', '89194e69a23ffff', '89194e69a47ffff', '89194e69a0bffff', '89194ad349bffff', '89194e69a3bffff', '89194e69a63ffff', '89194e69a0fffff', '89194e69a6bffff', '89194e69a73ffff', '89194e69a7bffff', '89194e69a77ffff', '89194e69a07ffff', '89194e69a2bffff', '89194ad3493ffff', '89194e69a03ffff'}",8.0,102.0
89194e69a87ffff,"{'89194e6985bffff', '89194e69a83ffff', '89194e69a97ffff', '89194e69a87ffff', '89194e69aa3ffff', '89194e69a17ffff', '89194e69a8fffff', '89194e6984bffff', '89194e69a8bffff', '89194e69a93ffff', '89194e69a13ffff', '89194e69a9bffff', '89194e69abbffff', '89194e69ab7ffff', '89194e69843ffff', '89194e69e2fffff', '89194e6984fffff', '89194e69ab3ffff', '89194e69aabffff'}",5.0,44.0
89194e69aa3ffff,"{'89194e69a33ffff', '89194e69bd3ffff', '89194e69a87ffff', '89194e69aa3ffff', '89194e69a17ffff', '89194e69a8fffff', '89194e6984bffff', '89194e69aa7ffff', '89194e69a37ffff', '89194e69bdbffff', '89194e69aafffff', '89194e6986bffff', '89194e69abbffff', '89194e69ab7ffff', '89194e6984fffff', '89194e69a07ffff', '89194e6987bffff', '89194e69ab3ffff', '89194e69aabffff'}",6.0,56.0
89194e69aa7ffff,"{'89194e69a33ffff', '89194e69bd3ffff', '89194e69aa3ffff', '89194e69a37ffff', '89194e69aa7ffff', '89194e69bdbffff', '89194e69bcbffff', '89194e69aafffff', '89194e6986fffff', '89194e6986bffff', '89194e69863ffff', '89194e69bd7ffff', '89194e69abbffff', '89194e69ab7ffff', '89194e69bc3ffff', '89194e6984fffff', '89194e6987bffff', '89194e69ab3ffff', '89194e69aabffff'}",1.0,49.0
89194e69aabffff,"{'89194e69a33ffff', '89194e69a87ffff', '89194e69aa3ffff', '89194e69a17ffff', '89194e69a23ffff', '89194e69a8fffff', '89194e69a3bffff', '89194e69aa7ffff', '89194e69a37ffff', '89194e69bdbffff', '89194e69aafffff', '89194e69a13ffff', '89194e69a0fffff', '89194e69abbffff', '89194e69ab7ffff', '89194e69a07ffff', '89194e69ab3ffff', '89194e69aabffff', '89194e69a03ffff'}",2.0,93.0
89194e69aafffff,"{'89194e69a33ffff', '89194e69a27ffff', '89194e69bd3ffff', '89194e69aa3ffff', '89194e69a17ffff', '89194e69a23ffff', '89194e69a3bffff', '89194e69aa7ffff', '89194e69a37ffff', '89194e69bdbffff', '89194e69bcbffff', '89194e69aafffff', '89194e6986bffff', '89194e69abbffff', '89194e69ab7ffff', '89194e69bc3ffff', '89194e69a07ffff', '89194e69ab3ffff', '89194e69aabffff'}",4.0,59.0
89194e69ab3ffff,"{'89194e6985bffff', '89194e69a83ffff', '89194e69a87ffff', '89194e69a97ffff', '89194e69aa3ffff', '89194e69a17ffff', '89194e69a8fffff', '89194e6984bffff', '89194e69aa7ffff', '89194e69aafffff', '89194e6986bffff', '89194e69847ffff', '89194e69abbffff', '89194e69ab7ffff', '89194e69843ffff', '89194e6984fffff', '89194e6987bffff', '89194e69ab3ffff', '89194e69aabffff'}",2.0,45.0
89194e69ab7ffff,"{'89194e69bd3ffff', '89194e69a87ffff', '89194e69aa3ffff', '89194e6984bffff', '89194e69aa7ffff', '89194e69bdbffff', '89194e69aafffff', '89194e6986fffff', '89194e6986bffff', '89194e69873ffff', '89194e69863ffff', '89194e69847ffff', '89194e69abbffff', '89194e69ab7ffff', '89194e69843ffff', '89194e6984fffff', '89194e6987bffff', '89194e69ab3ffff', '89194e69aabffff'}",6.0,49.0
89194e69abbffff,"{'89194e69a33ffff', '89194e69a83ffff', '89194e69a87ffff', '89194e69a97ffff', '89194e69aa3ffff', '89194e69a17ffff', '89194e69a8fffff', '89194e6984bffff', '89194e69aa7ffff', '89194e69a8bffff', '89194e69aafffff', '89194e69a13ffff', '89194e69abbffff', '89194e69ab7ffff', '89194e6984fffff', '89194e69a07ffff', '89194e69ab3ffff', '89194e69aabffff', '89194e69a03ffff'}",8.0,61.0
89194e69ac3ffff,"{'89194e69ad7ffff', '89194e69adbffff', '89194e69e6fffff', '89194e69e6bffff', '89194e69a53ffff', '89194e69ad3ffff', '89195da6da7ffff', '89194e69a8bffff', '89194e69acbffff', '89194e69a13ffff', '89195da6d37ffff', '89194e69ac7ffff', '89194e69a9bffff', '89194e69ac3ffff', '89194e69a1bffff', '89195da6d27ffff', '89194e69acfffff', '89194e69a57ffff', '89195da6dafffff'}",1.0,49.0
89194e69ac7ffff,"{'89194e69ad7ffff', '89194e69adbffff', '89194e69a83ffff', '89194e69e6fffff', '89194e69a17ffff', '89194e69a0bffff', '89194e69a53ffff', '89194e69a8fffff', '89194e69ad3ffff', '89194e69a8bffff', '89194e69acbffff', '89194e69a13ffff', '89194e69ac7ffff', '89194e69a9bffff', '89194e69ac3ffff', '89194e69a1bffff', '89194e69acfffff', '89194e69a57ffff', '89194e69a03ffff'}",14.0,56.0
89194e69acbffff,"{'89194e69ad7ffff', '89194e69adbffff', '89195da6d33ffff', '89194e69a53ffff', '89194e69ad3ffff', '89195da6da7ffff', '89194e69a5bffff', '89194e69acbffff', '89195da6d2fffff', '89195da6d37ffff', '89194e69a43ffff', '89194e69ac7ffff', '89194e69ac3ffff', '89194e69a1bffff', '89195da6d27ffff', '89194e69acfffff', '89194e69a57ffff', '89195da6d23ffff', '89195da6dafffff'}",1.0,64.0
89194e69ad3ffff,"{'89194e69ad7ffff', '89194e69adbffff', '89194e69e6fffff', '89195da6db7ffff', '89194e69e6bffff', '89195da6da3ffff', '89195da6da7ffff', '89194e69ad3ffff', '89194e69a8bffff', '89194e69acbffff', '89194e69e63ffff', '89195da6d37ffff', '89194e69ac7ffff', '89194e69a9bffff', '89194e69ac3ffff', '89194e69e7bffff', '89194e69acfffff', '89194e69e67ffff', '89195da6dafffff'}",6.0,37.0
89194e69ad7ffff,"{'89194e69ad7ffff', '89194e69adbffff', '89194e69a83ffff', '89194e69e6fffff', '89194e69e6bffff', '89194e69a8fffff', '89194e69ad3ffff', '89195da6da7ffff', '89194e69a8bffff', '89194e69acbffff', '89194e69e63ffff', '89194e69a93ffff', '89194e69a13ffff', '89194e69ac7ffff', '89194e69a9bffff', '89194e69ac3ffff', '89194e69a1bffff', '89194e69acfffff', '89194e69e67ffff'}",1.0,48.0
89194e69adbffff,"{'89194e69ad7ffff', '89194e69e6fffff', '89194e69adbffff', '89195da6db7ffff', '89195da6d33ffff', '89194e69e6bffff', '89194e69a53ffff', '89195da6da3ffff', '89195da6da7ffff', '89194e69ad3ffff', '89194e69acbffff', '89195da6dabffff', '89195da6d37ffff', '89194e69ac7ffff', '89194e69ac3ffff', '89195da6d27ffff', '89194e69acfffff', '89195da6d23ffff', '89195da6dafffff'}",3.0,47.0
89194e69b03ffff,"{'89194e69bcfffff', '89194e69b33ffff', '89194e69bbbffff', '89194e69b77ffff', '89194e69b3bffff', '89194e69b03ffff', '89194e69bc7ffff', '89194e69b07ffff', '89194e69b8fffff', '89194e69b8bffff', '89194e69babffff', '89194e69b57ffff', '89194e69b0fffff', '89194e69b73ffff', '89194e69b47ffff', '89194e69b0bffff', '89194e69b17ffff', '89194e69b1bffff', '89194e69b13ffff'}",14.0,37.0
89194e69b0bffff,"{'89194e69bcfffff', '89194e69b77ffff', '89194e69b3bffff', '89194e69b03ffff', '89194e69bc7ffff', '89194e69b63ffff', '89194e69b07ffff', '89194e69b7bffff', '89194e69b57ffff', '89194e69b0fffff', '89194e69b73ffff', '89194e69b47ffff', '89194e69b43ffff', '89194e69b0bffff', '89194e69b17ffff', '89194e69b53ffff', '89194e69b1bffff', '89194e69b13ffff', '89194e69b4fffff'}",3.0,43.0
89194e69b0fffff,"{'89194e69b33ffff', '89194e69b67ffff', '89194e69b77ffff', '89194e69b3bffff', '89194e69b03ffff', '89194e69b63ffff', '89194e69b07ffff', '89194e69b7bffff', '89194e69babffff', '89194e69b57ffff', '89194e69b0fffff', '89194e69b23ffff', '89194e69b73ffff', '89194e69b47ffff', '89194e69b0bffff', '89194e69b17ffff', '89194e69b2bffff', '89194e69b1bffff', '89194e69b13ffff'}",1.0,52.0
89194e69b13ffff,"{'89194e69bcfffff', '89194e69b9bffff', '89194e69bbbffff', '89194e69b03ffff', '89194e69bc7ffff', '89194e69b07ffff', '89194e69b8fffff', '89194e69b8bffff', '89194e69babffff', '89194e69b87ffff', '89194e69b57ffff', '89194e69b0fffff', '89194e69b83ffff', '89194e69bd7ffff', '89194e69b0bffff', '89194e69bc3ffff', '89194e69b17ffff', '89194e69b1bffff', '89194e69b13ffff'}",2.0,38.0
89194e69b17ffff,"{'89194e69b33ffff', '89194e69bbbffff', '89194e69b3bffff', '89194e69b03ffff', '89194e69bafffff', '89194e69bc7ffff', '89194e69b07ffff', '89194e69b8fffff', '89194e69b8bffff', '89194e69babffff', '89194e69ba3ffff', '89194e69b87ffff', '89194e69b0fffff', '89194e69bb3ffff', '89194e69b83ffff', '89194e69b0bffff', '89194e69b17ffff', '89194e69b1bffff', '89194e69b13ffff'}",8.0,42.0
89194e69b23ffff,"{'89194e69b33ffff', '89194e69b67ffff', '89194e69b77ffff', '89194e69b3bffff', '89194e69bafffff', '89194ad3597ffff', '89194e69b27ffff', '89194ad26dbffff', '89194e69b37ffff', '89194e69b07ffff', '89194ad26cbffff', '89194e69b2fffff', '89194ad265bffff', '89194e69babffff', '89194ad3593ffff', '89194e69b0fffff', '89194e69b23ffff', '89194e69b2bffff', '89194ad2653ffff'}",1.0,39.0
89194e69b2bffff,"{'89194e69b6fffff', '89194e69b33ffff', '89194e69b67ffff', '89194e69b77ffff', '89194e69b3bffff', '89194e69b63ffff', '89194ad3597ffff', '89194e69b27ffff', '89194e69b37ffff', '89194e69b07ffff', '89194e69b2fffff', '89194ad265bffff', '89194e69b0fffff', '89194ad3593ffff', '89194e69b23ffff', '89194ad3583ffff', '89194e69b73ffff', '89194ad359bffff', '89194e69b2bffff'}",12.0,41.0
89194e69b37ffff,"{'89194e69b33ffff', '89194e69b3bffff', '89194e69bafffff', '89194ad26d3ffff', '89194e69b27ffff', '89194e69b37ffff', '89194ad26dbffff', '89194e69b07ffff', '89194ad26cbffff', '89194e69b2fffff', '89194ad265bffff', '89194e69babffff', '89194e69ba3ffff', '89194e69b23ffff', '89194e69ba7ffff', '89194e69b2bffff', '89194ad2653ffff', '89194ad26cfffff', '89194ad26c3ffff'}",3.0,28.0
89194e69b43ffff,"{'89194e69b5bffff', '89194e69bcfffff', '89194e69a27ffff', '89194e69a2fffff', '89194e69b4bffff', '89194ad3497ffff', '89194ad34b3ffff', '89194e69bcbffff', '89194e69b7bffff', '89194e69b57ffff', '89194ad34b7ffff', '89194ad3487ffff', '89194e69b73ffff', '89194e69b47ffff', '89194e69b43ffff', '89194e69b0bffff', '89194e69b53ffff', '89194e69b1bffff', '89194e69b4fffff'}",3.0,40.0
89194e69b47ffff,"{'89194e69b5bffff', '89194e69bcfffff', '89194e69b77ffff', '89194e69b03ffff', '89194e69b6bffff', '89194e69b4bffff', '89194e69b63ffff', '89194ad34b3ffff', '89194e69b7bffff', '89194e69b57ffff', '89194e69b0fffff', '89194ad34b7ffff', '89194e69b73ffff', '89194e69b47ffff', '89194e69b43ffff', '89194e69b0bffff', '89194e69b53ffff', '89194e69b1bffff', '89194e69b4fffff'}",1.0,50.0
89194e69b4bffff,"{'89194e69b5bffff', '89194e69a27ffff', '89194e69a2fffff', '89194ad3483ffff', '89194ad34bbffff', '89194ad348fffff', '89194ad3497ffff', '89194e69b4bffff', '89194ad34b3ffff', '89194e69b7bffff', '89194e69b57ffff', '89194ad34b7ffff', '89194ad3487ffff', '89194e69b47ffff', '89194e69b43ffff', '89194e69b53ffff', '89194ad3493ffff', '89194ad34a3ffff', '89194e69b4fffff'}",5.0,137.0
89194e69b53ffff,"{'89194e69b5bffff', '89194e69bcfffff', '89194e69a27ffff', '89194e69a2fffff', '89194e69a23ffff', '89194e69bc7ffff', '89194e69b4bffff', '89194ad3497ffff', '89194e69a37ffff', '89194e69bdbffff', '89194e69bcbffff', '89194e69b57ffff', '89194e69b47ffff', '89194e69b43ffff', '89194e69b0bffff', '89194e69bc3ffff', '89194e69b53ffff', '89194e69b1bffff', '89194e69b4fffff'}",6.0,26.0
89194e69b5bffff,"{'89194e69b5bffff', '89194e69bcfffff', '89194e69a27ffff', '89194e69a2fffff', '89194ad3483ffff', '89194e69a23ffff', '89194e69b4bffff', '89194ad3497ffff', '89194e69a37ffff', '89194ad34b3ffff', '89194e69bcbffff', '89194e69b57ffff', '89194ad3487ffff', '89194e69b47ffff', '89194e69b43ffff', '89194e69b53ffff', '89194e69a2bffff', '89194ad3493ffff', '89194e69b4fffff'}",1.0,88.0
89194e69b67ffff,"{'89194ad35d7ffff', '89194e69b6fffff', '89194e69b67ffff', '89194e69b77ffff', '89194e69b3bffff', '89194e69b6bffff', '89194ad3597ffff', '89194e69b63ffff', '89194e69b2fffff', '89194e69b7bffff', '89194e69b0fffff', '89194ad3593ffff', '89194ad358bffff', '89194e69b23ffff', '89194ad3583ffff', '89194e69b73ffff', '89194ad35d3ffff', '89194ad359bffff', '89194e69b2bffff'}",5.0,48.0
89194e69b6bffff,"{'89194ad35d7ffff', '89194e69b6fffff', '89194e69b67ffff', '89194e69b77ffff', '89194ad35dbffff', '89194e69b63ffff', '89194e69b6bffff', '89194ad34b3ffff', '89194e69b7bffff', '89194ad35c3ffff', '89194ad34b7ffff', '89194ad34afffff', '89194e69b73ffff', '89194e69b47ffff', '89194ad34a7ffff', '89194ad35d3ffff', '89194ad359bffff', '89194ad34a3ffff', '89194e69b4fffff'}",2.0,97.0
89194e69b73ffff,"{'89194e69b6fffff', '89194e69b67ffff', '89194e69b77ffff', '89194e69b3bffff', '89194e69b03ffff', '89194e69b6bffff', '89194e69b63ffff', '89194e69b07ffff', '89194e69b7bffff', '89194e69b57ffff', '89194e69b0fffff', '89194ad34b7ffff', '89194e69b73ffff', '89194e69b47ffff', '89194e69b43ffff', '89194e69b0bffff', '89194e69b2bffff', '89194e69b1bffff', '89194e69b4fffff'}",4.0,55.0
89194e69b7bffff,"{'89194e69b6fffff', '89194e69b67ffff', '89194e69b77ffff', '89194e69b6bffff', '89194e69b63ffff', '89194e69b4bffff', '89194ad34b3ffff', '89194e69b7bffff', '89194e69b57ffff', '89194e69b0fffff', '89194ad34b7ffff', '89194e69b73ffff', '89194e69b47ffff', '89194e69b43ffff', '89194ad34a7ffff', '89194e69b0bffff', '89194ad35d3ffff', '89194ad34a3ffff', '89194e69b4fffff'}",1.0,61.0
89194e69b83ffff,"{'89194e69b9bffff', '89194e69bbbffff', '89194e69bc7ffff', '89194e6994bffff', '89194e69b8fffff', '89194e6982bffff', '89194e6982fffff', '89194e6986fffff', '89194e69b8bffff', '89194e69bb3ffff', '89194e69b87ffff', '89194e69b93ffff', '89194e69b83ffff', '89194e69bd7ffff', '89194e69b17ffff', '89194e6995bffff', '89194e69867ffff', '89194e69b97ffff', '89194e69b13ffff'}",5.0,59.0
89194e69b87ffff,"{'89194e69b9bffff', '89194e69bbbffff', '89194e6994fffff', '89194e6994bffff', '89194e69b8fffff', '89194e6982fffff', '89194e69943ffff', '89194e69b8bffff', '89194e69bb7ffff', '89194e69ba3ffff', '89194e69babffff', '89194e69bb3ffff', '89194e69b93ffff', '89194e69b87ffff', '89194e69b83ffff', '89194e69b17ffff', '89194e6995bffff', '89194e69b97ffff', '89194e69b13ffff'}",1.0,40.0
89194e69b93ffff,"{'89194e69b9bffff', '89194e6994bffff', '89194e69b8fffff', '89194e69823ffff', '89194e6982bffff', '89194e6986fffff', '89194e69b8bffff', '89194e6982fffff', '89194e69b87ffff', '89194e69827ffff', '89194e69b93ffff', '89194e69863ffff', '89194e69b83ffff', '89194e6983bffff', '89194e69bd7ffff', '89194e69877ffff', '89194e6995bffff', '89194e69867ffff', '89194e69b97ffff'}",13.0,53.0
89194e69b97ffff,"{'89194e69953ffff', '89194e69b9bffff', '89194e69bbbffff', '89194e6994fffff', '89194e6994bffff', '89194e69b8fffff', '89194e69823ffff', '89194e6982bffff', '89194e69943ffff', '89194e69b8bffff', '89194e6982fffff', '89194e69bb3ffff', '89194e69b87ffff', '89194e69827ffff', '89194e69b93ffff', '89194e69b83ffff', '89194e6995bffff', '89194e69867ffff', '89194e69b97ffff'}",4.0,53.0
89194e69ba7ffff,"{'89194e69b33ffff', '89194e69bbbffff', '89194e69bafffff', '89194ad26d3ffff', '89194e6994fffff', '89194e69b37ffff', '89194ad26dbffff', '89194ad26d7ffff', '89194e6997bffff', '89194ad26cbffff', '89194e69963ffff', '89194e69bb7ffff', '89194e69ba3ffff', '89194e69babffff', '89194e69bb3ffff', '89194e6996bffff', '89194e6996fffff', '89194e69ba7ffff', '89194ad26c3ffff'}",6.0,17.0
89194e69bafffff,"{'89194e69b33ffff', '89194e69bbbffff', '89194e69b3bffff', '89194ad26d3ffff', '89194e69bafffff', '89194e69b37ffff', '89194e69b27ffff', '89194ad26dbffff', '89194e69b07ffff', '89194ad26cbffff', '89194e69bb7ffff', '89194e69ba3ffff', '89194e69babffff', '89194e69bb3ffff', '89194e6996bffff', '89194e69b23ffff', '89194e69b17ffff', '89194e69ba7ffff', '89194ad26c3ffff'}",2.0,26.0
89194e69bb3ffff,"{'89194e69bbbffff', '89194e69947ffff', '89194e69bafffff', '89194e6994fffff', '89194e6994bffff', '89194e6997bffff', '89194e69b8fffff', '89194e69943ffff', '89194e69bb7ffff', '89194e69ba3ffff', '89194e69b87ffff', '89194e69babffff', '89194e69bb3ffff', '89194e69b83ffff', '89194e6996bffff', '89194e69b17ffff', '89194e69ba7ffff', '89194e6995bffff', '89194e69b97ffff'}",2.0,33.0
89194e69bbbffff,"{'89194e69b33ffff', '89194e69bbbffff', '89194e69b03ffff', '89194e69bafffff', '89194e6994fffff', '89194e6994bffff', '89194e69b07ffff', '89194e69b8fffff', '89194e69b8bffff', '89194e69bb7ffff', '89194e69ba3ffff', '89194e69b87ffff', '89194e69babffff', '89194e69bb3ffff', '89194e69b83ffff', '89194e69b17ffff', '89194e69ba7ffff', '89194e69b97ffff', '89194e69b13ffff'}",4.0,48.0
89194e69d4fffff,"{'89194e69d6bffff', '89194e69d5bffff', '89194e698b7ffff', '89194e69897ffff', '89194e698a7ffff', '89194e69d73ffff', '89194e69d4fffff', '89194e69d7bffff', '89194e69d63ffff', '89194e69d4bffff', '89194e69887ffff', '89194e69d53ffff', '89194e69d0bffff', '89194e698a3ffff', '89194e698bbffff', '89194e69d57ffff', '89194e698b3ffff', '89194e69d43ffff', '89194e69d47ffff'}",2.0,6.0
89194e69e33ffff,"{'89194e69e03ffff', '89194e69eabffff', '89194e69e23ffff', '89194e69e17ffff', '89194e69e37ffff', '89194e69e0fffff', '89194e698cbffff', '89194e69ea7ffff', '89194e69e33ffff', '89194e69e07ffff', '89194e69e3bffff', '89194e69ebbffff', '89194e69e2bffff', '89194e698dbffff', '89194e69e27ffff', '89194e69e2fffff', '89194e69eafffff', '89194e69e77ffff', '89194e69ea3ffff'}",1.0,1.0
89194e69e5bffff,"{'89195da6db3ffff', '89194e69323ffff', '89195da6d97ffff', '89194e69e5bffff', '89194e6932fffff', '89194e69e47ffff', '89195da6d87ffff', '89195da6d83ffff', '89194e69ecfffff', '89194e69327ffff', '89195da6d93ffff', '89194e69e4bffff', '89194e69ecbffff', '89194e69e4fffff', '89194e6932bffff', '89194e69337ffff', '89194e69e53ffff', '89194e69e57ffff', '89194e69e43ffff'}",1.0,2.0
89194e69e63ffff,"{'89194e69ad7ffff', '89194e69e6fffff', '89195da6db7ffff', '89194e69e6bffff', '89194e69ad3ffff', '89195da6da7ffff', '89194e69e47ffff', '89194e69e0fffff', '89194e69e63ffff', '89194e69a93ffff', '89194e69e3bffff', '89194e69e2bffff', '89194e69a9bffff', '89194e69e7bffff', '89194e69e0bffff', '89194e69e77ffff', '89194e69e4fffff', '89194e69e67ffff', '89194e69e73ffff'}",1.0,19.0
89194e69e6bffff,"{'89194e69ad7ffff', '89194e69adbffff', '89194e69e6fffff', '89195da6db7ffff', '89195da6db3ffff', '89194e69e6bffff', '89195da6da3ffff', '89195da6da7ffff', '89194e69ad3ffff', '89194e69e47ffff', '89194e69e63ffff', '89194e69a9bffff', '89194e69ac3ffff', '89194e69e7bffff', '89194e69e77ffff', '89194e69e4fffff', '89194e69e67ffff', '89194e69e73ffff', '89195da6dafffff'}",1.0,23.0
89194e69e73ffff,"{'89194e69e03ffff', '89194e69e6fffff', '89195da6db7ffff', '89194e69e6bffff', '89194e69e47ffff', '89194e69e0fffff', '89194e69e63ffff', '89194e69e1bffff', '89194e69e3bffff', '89194e69e07ffff', '89194e69e2bffff', '89194e69e7bffff', '89194e69e0bffff', '89194e69e77ffff', '89194e69e4fffff', '89194e69e67ffff', '89194e69e73ffff', '89194e69e57ffff', '89194e69e43ffff'}",1.0,3.0
89195da4123ffff,"{'89195da410fffff', '89195da4167ffff', '89195da4c5bffff', '89195da4137ffff', '89195da4ccbffff', '89195da4cdbffff', '89195da412fffff', '89195da4127ffff', '89195da4107ffff', '89195da41abffff', '89195da4e93ffff', '89195da4133ffff', '89195da4177ffff', '89195da41afffff', '89195da4e97ffff', '89195da413bffff', '89195da412bffff', '89195da4c53ffff', '89195da4123ffff'}",3.0,55.0
89195da4127ffff,"{'89195da4c57ffff', '89195da4cc3ffff', '89195da4c5bffff', '89195da4137ffff', '89195da4ccbffff', '89195da4ccfffff', '89195da4cdbffff', '89195da412fffff', '89195da4127ffff', '89195da4e93ffff', '89195da4c4bffff', '89195da4133ffff', '89195da41afffff', '89195da4e97ffff', '89195da413bffff', '89195da412bffff', '89195da4c53ffff', '89195da4123ffff', '89195da4c43ffff'}",7.0,40.0
89195da412bffff,"{'89195da410fffff', '89195da4167ffff', '89195da4e9bffff', '89195da4c5bffff', '89195da4137ffff', '89195da416fffff', '89195da412fffff', '89195da4123ffff', '89195da4127ffff', '89195da4107ffff', '89195da4e93ffff', '89195da4133ffff', '89195da4e83ffff', '89195da4177ffff', '89195da4e97ffff', '89195da413bffff', '89195da412bffff', '89195da4163ffff', '89195da4173ffff'}",9.0,55.0
89195da4163ffff,"{'89195da4147ffff', '89195da410fffff', '89195da4167ffff', '89195da4ed7ffff', '89195da4e9bffff', '89195da416bffff', '89195da416fffff', '89195da4ed3ffff', '89195da43a7ffff', '89195da43b7ffff', '89195da4e93ffff', '89195da4177ffff', '89195da417bffff', '89195da413bffff', '89195da412bffff', '89195da410bffff', '89195da4173ffff', '89195da4163ffff', '89195da414fffff'}",7.0,36.0
89195da4167ffff,"{'89195da410fffff', '89195da4167ffff', '89195da4ed7ffff', '89195da4e9bffff', '89195da416bffff', '89195da4e8bffff', '89195da416fffff', '89195da4ed3ffff', '89195da412fffff', '89195da4e93ffff', '89195da4e83ffff', '89195da4177ffff', '89195da417bffff', '89195da4e97ffff', '89195da413bffff', '89195da4163ffff', '89195da412bffff', '89195da4123ffff', '89195da4173ffff'}",20.0,50.0
89195da419bffff,"{'89195da452bffff', '89195da41d3ffff', '89195da4567ffff', '89195da41c7ffff', '89195da456bffff', '89195da4187ffff', '89195da4193ffff', '89195da456fffff', '89195da452fffff', '89195da4183ffff', '89195da4577ffff', '89195da41d7ffff', '89195da419bffff', '89195da418bffff', '89195da4563ffff', '89195da4197ffff', '89195da418fffff', '89195da4113ffff', '89195da41c3ffff'}",1.0,1.0
89195da4317ffff,"{'89195da431bffff', '89195da438bffff', '89195da43c7ffff', '89195da4387ffff', '89195da4317ffff', '89195da43bbffff', '89195da43afffff', '89195da43abffff', '89195da438fffff', '89195da433bffff', '89195da4383ffff', '89195da4303ffff', '89195da43a3ffff', '89195da43b3ffff', '89195da430bffff', '89195da4313ffff', '89195da4333ffff', '89195da430fffff', '89195da4307ffff'}",2.0,8.0
89195da4327ffff,"{'89195da4337ffff', '89195da5d97ffff', '89195da4e5bffff', '89195da4323ffff', '89195da4ecfffff', '89195da4e4bffff', '89195da432fffff', '89195da4ec3ffff', '89195da43afffff', '89195da4e53ffff', '89195da433bffff', '89195da4edbffff', '89195da5d93ffff', '89195da4327ffff', '89195da4333ffff', '89195da4ecbffff', '89195da4e43ffff', '89195da432bffff', '89195da4e57ffff'}",1.0,54.0
89195da4337ffff,"{'89195da4337ffff', '89195da4e5bffff', '89195da4323ffff', '89195da4ecfffff', '89195da432fffff', '89195da4ec3ffff', '89195da4ed3ffff', '89195da43afffff', '89195da43a7ffff', '89195da4e53ffff', '89195da4edbffff', '89195da433bffff', '89195da43abffff', '89195da4327ffff', '89195da43a3ffff', '89195da4333ffff', '89195da4ecbffff', '89195da432bffff', '89195da4307ffff'}",6.0,37.0
89195da4367ffff,"{'89195da5d8bffff', '89195da436fffff', '89195da5d97ffff', '89195da4323ffff', '89195da432fffff', '89195da5dd7ffff', '89195da437bffff', '89195da5dd3ffff', '89195da433bffff', '89195da5d93ffff', '89195da4363ffff', '89195da5d9bffff', '89195da4373ffff', '89195da4377ffff', '89195da5d83ffff', '89195da432bffff', '89195da430fffff', '89195da436bffff', '89195da4367ffff'}",11.0,20.0
89195da436fffff,"{'89195da5d8bffff', '89195da436fffff', '89195da5dc3ffff', '89195da5ddbffff', '89195da5cb7ffff', '89195da5dd7ffff', '89195da437bffff', '89195da5dd3ffff', '89195da5ca7ffff', '89195da5d93ffff', '89195da4363ffff', '89195da5d9bffff', '89195da4373ffff', '89195da4377ffff', '89195da5dc7ffff', '89195da5d83ffff', '89195da432bffff', '89195da436bffff', '89195da4367ffff'}",6.0,20.0
89195da43abffff,"{'89195da4337ffff', '89195da4323ffff', '89195da4387ffff', '89195da4317ffff', '89195da43bbffff', '89195da43afffff', '89195da43a7ffff', '89195da438fffff', '89195da433bffff', '89195da4edbffff', '89195da43b7ffff', '89195da43abffff', '89195da4303ffff', '89195da43a3ffff', '89195da43b3ffff', '89195da4313ffff', '89195da4333ffff', '89195da430fffff', '89195da4307ffff'}",2.0,15.0
89195da43afffff,"{'89195da4337ffff', '89195da4323ffff', '89195da416bffff', '89195da4317ffff', '89195da43bbffff', '89195da4ed3ffff', '89195da43afffff', '89195da43a7ffff', '89195da4edbffff', '89195da433bffff', '89195da43b7ffff', '89195da43abffff', '89195da4327ffff', '89195da43a3ffff', '89195da43b3ffff', '89195da4333ffff', '89195da4ecbffff', '89195da4ec3ffff', '89195da4307ffff'}",1.0,33.0
89195da43bbffff,"{'89195da414bffff', '89195da438bffff', '89195da4387ffff', '89195da4317ffff', '89195da43bbffff', '89195da43afffff', '89195da43a7ffff', '89195da438fffff', '89195da43b7ffff', '89195da43abffff', '89195da4397ffff', '89195da4383ffff', '89195da4303ffff', '89195da43a3ffff', '89195da43b3ffff', '89195da4313ffff', '89195da4333ffff', '89195da414fffff', '89195da4307ffff'}",3.0,8.0
89195da4537ffff,"{'89195da4527ffff', '89195da452bffff', '89195da45a7ffff', '89195da45afffff', '89195da4537ffff', '89195da6acbffff', '89195da4507ffff', '89195da45abffff', '89195da6a5bffff', '89195da4523ffff', '89195da452fffff', '89195da6ac3ffff', '89195da6acfffff', '89195da453bffff', '89195da45a3ffff', '89195da6ad3ffff', '89195da6adbffff', '89195da6a53ffff', '89195da4533ffff'}",1.0,6.0
89195da4803ffff,"{'89195da4847ffff', '89195da488bffff', '89195da4817ffff', '89195da4833ffff', '89195da480fffff', '89195da48c7ffff', '89195da4877ffff', '89195da4873ffff', '89195da4803ffff', '89195da4857ffff', '89195da48cfffff', '89195da488fffff', '89195da483bffff', '89195da481bffff', '89195da480bffff', '89195da4813ffff', '89195da48bbffff', '89195da48abffff', '89195da4807ffff'}",1.0,75.0
89195da4807ffff,"{'89195da482bffff', '89195da4817ffff', '89195da4833ffff', '89195da4837ffff', '89195da480fffff', '89195da48afffff', '89195da4877ffff', '89195da4873ffff', '89195da4803ffff', '89195da4823ffff', '89195da488fffff', '89195da48a3ffff', '89195da483bffff', '89195da481bffff', '89195da480bffff', '89195da4813ffff', '89195da48bbffff', '89195da48abffff', '89195da4807ffff'}",4.0,124.0
89195da480fffff,"{'89195da4847ffff', '89195da482bffff', '89195da4817ffff', '89195da4867ffff', '89195da4833ffff', '89195da480fffff', '89195da4873ffff', '89195da4877ffff', '89195da4803ffff', '89195da487bffff', '89195da4857ffff', '89195da4823ffff', '89195da483bffff', '89195da481bffff', '89195da480bffff', '89195da4813ffff', '89195da48abffff', '89195da4807ffff', '89195da4863ffff'}",2.0,154.0
89195da481bffff,"{'89195da4847ffff', '89195da48c3ffff', '89195da48d7ffff', '89195da488bffff', '89195da4817ffff', '89195da480fffff', '89195da48c7ffff', '89195da4853ffff', '89195da4873ffff', '89195da48cbffff', '89195da4843ffff', '89195da4803ffff', '89195da4857ffff', '89195da48cfffff', '89195da488fffff', '89195da481bffff', '89195da480bffff', '89195da4813ffff', '89195da4807ffff'}",1.0,36.0
89195da4823ffff,"{'89195da482bffff', '89195da4b97ffff', '89195da495bffff', '89195da4827ffff', '89195da4867ffff', '89195da4833ffff', '89195da480fffff', '89195da4837ffff', '89195da48afffff', '89195da4877ffff', '89195da49dbffff', '89195da4953ffff', '89195da4823ffff', '89195da49cbffff', '89195da483bffff', '89195da482fffff', '89195da4b93ffff', '89195da48abffff', '89195da4807ffff'}",13.0,325.0
89195da4827ffff,"{'89195da49cfffff', '89195da482bffff', '89195da4b97ffff', '89195da4943ffff', '89195da495bffff', '89195da49c3ffff', '89195da4827ffff', '89195da4833ffff', '89195da4837ffff', '89195da48afffff', '89195da49dbffff', '89195da4953ffff', '89195da4823ffff', '89195da49cbffff', '89195da494bffff', '89195da483bffff', '89195da482fffff', '89195da4b93ffff', '89195da4957ffff'}",14.0,379.0
89195da482bffff,"{'89195da4b9bffff', '89195da482bffff', '89195da4b97ffff', '89195da495bffff', '89195da4827ffff', '89195da4867ffff', '89195da4837ffff', '89195da4833ffff', '89195da480fffff', '89195da4873ffff', '89195da4877ffff', '89195da4b83ffff', '89195da4823ffff', '89195da483bffff', '89195da482fffff', '89195da4b93ffff', '89195da486fffff', '89195da4807ffff', '89195da4863ffff'}",12.0,291.0
89195da482fffff,"{'89195da482bffff', '89195da4b9bffff', '89195da4b97ffff', '89195da4943ffff', '89195da4b87ffff', '89195da495bffff', '89195da4827ffff', '89195da4867ffff', '89195da4833ffff', '89195da4837ffff', '89195da4877ffff', '89195da4b83ffff', '89195da4953ffff', '89195da4823ffff', '89195da49cbffff', '89195da494bffff', '89195da483bffff', '89195da482fffff', '89195da4b93ffff'}",4.0,356.0
89195da4833ffff,"{'89195da482bffff', '89195da4827ffff', '89195da4817ffff', '89195da4837ffff', '89195da480fffff', '89195da4833ffff', '89195da48afffff', '89195da4877ffff', '89195da49dbffff', '89195da4803ffff', '89195da4823ffff', '89195da48a3ffff', '89195da49cbffff', '89195da483bffff', '89195da482fffff', '89195da48a7ffff', '89195da48bbffff', '89195da48abffff', '89195da4807ffff'}",38.0,194.0
89195da4837ffff,"{'89195da49cfffff', '89195da482bffff', '89195da495bffff', '89195da49c3ffff', '89195da4827ffff', '89195da4833ffff', '89195da4837ffff', '89195da48afffff', '89195da49dbffff', '89195da4953ffff', '89195da4823ffff', '89195da49cbffff', '89195da49d3ffff', '89195da483bffff', '89195da482fffff', '89195da48a7ffff', '89195da48a3ffff', '89195da48abffff', '89195da4807ffff'}",34.0,295.0
89195da483bffff,"{'89195da482bffff', '89195da4827ffff', '89195da4817ffff', '89195da4867ffff', '89195da4833ffff', '89195da4837ffff', '89195da480fffff', '89195da48afffff', '89195da4873ffff', '89195da4877ffff', '89195da4803ffff', '89195da4823ffff', '89195da483bffff', '89195da480bffff', '89195da482fffff', '89195da4b93ffff', '89195da48abffff', '89195da4807ffff', '89195da4863ffff'}",8.0,220.0
89195da4857ffff,"{'89195da4847ffff', '89195da48c3ffff', '89195da4e27ffff', '89195da480fffff', '89195da48c7ffff', '89195da4853ffff', '89195da4873ffff', '89195da48cbffff', '89195da484bffff', '89195da4843ffff', '89195da487bffff', '89195da4803ffff', '89195da4857ffff', '89195da48cfffff', '89195da484fffff', '89195da481bffff', '89195da480bffff', '89195da4813ffff', '89195da485bffff'}",2.0,52.0
89195da4863ffff,"{'89195da4847ffff', '89195da4b9bffff', '89195da482bffff', '89195da4bd7ffff', '89195da4867ffff', '89195da480fffff', '89195da4bd3ffff', '89195da4aa7ffff', '89195da4873ffff', '89195da4877ffff', '89195da487bffff', '89195da486bffff', '89195da4ab7ffff', '89195da484fffff', '89195da483bffff', '89195da480bffff', '89195da4b93ffff', '89195da486fffff', '89195da4863ffff'}",28.0,209.0
89195da4867ffff,"{'89195da4b9bffff', '89195da482bffff', '89195da4b97ffff', '89195da4b8bffff', '89195da4bd7ffff', '89195da4867ffff', '89195da480fffff', '89195da4bd3ffff', '89195da4873ffff', '89195da4877ffff', '89195da4b83ffff', '89195da487bffff', '89195da4823ffff', '89195da486bffff', '89195da483bffff', '89195da482fffff', '89195da4b93ffff', '89195da486fffff', '89195da4863ffff'}",17.0,256.0
89195da486bffff,"{'89195da4847ffff', '89195da4bdbffff', '89195da4b9bffff', '89195da4aa3ffff', '89195da4bd7ffff', '89195da4867ffff', '89195da4bd3ffff', '89195da4aa7ffff', '89195da4873ffff', '89195da4877ffff', '89195da487bffff', '89195da4aafffff', '89195da486bffff', '89195da4ab7ffff', '89195da484fffff', '89195da4ab3ffff', '89195da486fffff', '89195da4bc3ffff', '89195da4863ffff'}",4.0,180.0
89195da486fffff,"{'89195da4bdbffff', '89195da4b9bffff', '89195da482bffff', '89195da4b8bffff', '89195da4bd7ffff', '89195da4867ffff', '89195da4bd3ffff', '89195da4bc7ffff', '89195da4aa7ffff', '89195da4873ffff', '89195da4877ffff', '89195da4b83ffff', '89195da487bffff', '89195da486bffff', '89195da4ab7ffff', '89195da4b93ffff', '89195da486fffff', '89195da4bc3ffff', '89195da4863ffff'}",7.0,247.0
89195da4873ffff,"{'89195da4847ffff', '89195da482bffff', '89195da4867ffff', '89195da480fffff', '89195da4877ffff', '89195da4873ffff', '89195da4843ffff', '89195da487bffff', '89195da4803ffff', '89195da4857ffff', '89195da486bffff', '89195da4ab7ffff', '89195da484fffff', '89195da483bffff', '89195da481bffff', '89195da480bffff', '89195da486fffff', '89195da4807ffff', '89195da4863ffff'}",5.0,117.0
89195da4877ffff,"{'89195da4847ffff', '89195da482bffff', '89195da4b9bffff', '89195da4867ffff', '89195da4833ffff', '89195da480fffff', '89195da4873ffff', '89195da4877ffff', '89195da487bffff', '89195da4803ffff', '89195da4823ffff', '89195da486bffff', '89195da483bffff', '89195da480bffff', '89195da482fffff', '89195da4b93ffff', '89195da486fffff', '89195da4807ffff', '89195da4863ffff'}",3.0,216.0
89195da487bffff,"{'89195da4847ffff', '89195da4aa3ffff', '89195da4867ffff', '89195da480fffff', '89195da4bd3ffff', '89195da4aa7ffff', '89195da4873ffff', '89195da4877ffff', '89195da484bffff', '89195da4843ffff', '89195da487bffff', '89195da4857ffff', '89195da486bffff', '89195da4ab7ffff', '89195da484fffff', '89195da480bffff', '89195da4ab3ffff', '89195da486fffff', '89195da4863ffff'}",20.0,114.0
89195da4893ffff,"{'89195da4d5bffff', '89195da4c6fffff', '89195da4c2fffff', '89195da4c63ffff', '89195da4c23ffff', '89195da48d7ffff', '89195da488bffff', '89195da4897ffff', '89195da4c3bffff', '89195da4c77ffff', '89195da4c67ffff', '89195da489bffff', '89195da4887ffff', '89195da4c2bffff', '89195da4c27ffff', '89195da488fffff', '89195da4883ffff', '89195da4d4bffff', '89195da4893ffff'}",2.0,26.0
89195da489bffff,"{'89195da4c6fffff', '89195da4c6bffff', '89195da48c3ffff', '89195da4c2fffff', '89195da4c63ffff', '89195da48d7ffff', '89195da48d3ffff', '89195da488bffff', '89195da4897ffff', '89195da4c77ffff', '89195da48c7ffff', '89195da4c67ffff', '89195da489bffff', '89195da4887ffff', '89195da4c2bffff', '89195da488fffff', '89195da4883ffff', '89195da4813ffff', '89195da4893ffff'}",1.0,14.0
89195da48afffff,"{'89195da49c3ffff', '89195da4827ffff', '89195da4817ffff', '89195da4837ffff', '89195da4833ffff', '89195da48afffff', '89195da49dbffff', '89195da4d6bffff', '89195da48b3ffff', '89195da4823ffff', '89195da48a3ffff', '89195da49cbffff', '89195da49d3ffff', '89195da483bffff', '89195da48a7ffff', '89195da48b7ffff', '89195da48bbffff', '89195da48abffff', '89195da4807ffff'}",2.0,198.0
89195da48bbffff,"{'89195da488bffff', '89195da4817ffff', '89195da4897ffff', '89195da4d4fffff', '89195da4833ffff', '89195da48afffff', '89195da4887ffff', '89195da4803ffff', '89195da48b3ffff', '89195da488fffff', '89195da4883ffff', '89195da4d4bffff', '89195da48a7ffff', '89195da4813ffff', '89195da48bbffff', '89195da48b7ffff', '89195da48a3ffff', '89195da48abffff', '89195da4807ffff'}",1.0,47.0
89195da48c3ffff,"{'89195da4c6fffff', '89195da4c6bffff', '89195da48c3ffff', '89195da4e27ffff', '89195da48d7ffff', '89195da48d3ffff', '89195da488bffff', '89195da48c7ffff', '89195da4eafffff', '89195da489bffff', '89195da4ea7ffff', '89195da4853ffff', '89195da48cbffff', '89195da48dbffff', '89195da4e37ffff', '89195da4857ffff', '89195da48cfffff', '89195da481bffff', '89195da4813ffff'}",3.0,25.0
89195da48c7ffff,"{'89195da4c6fffff', '89195da48c3ffff', '89195da48d7ffff', '89195da48d3ffff', '89195da488bffff', '89195da4817ffff', '89195da48c7ffff', '89195da4853ffff', '89195da489bffff', '89195da48cbffff', '89195da48dbffff', '89195da4803ffff', '89195da4857ffff', '89195da48cfffff', '89195da488fffff', '89195da4883ffff', '89195da481bffff', '89195da480bffff', '89195da4813ffff'}",1.0,26.0
89195da48cbffff,"{'89195da48c3ffff', '89195da4e27ffff', '89195da48d7ffff', '89195da48d3ffff', '89195da48c7ffff', '89195da4eafffff', '89195da4e23ffff', '89195da4ea7ffff', '89195da4853ffff', '89195da4843ffff', '89195da48cbffff', '89195da4e37ffff', '89195da48dbffff', '89195da4857ffff', '89195da48cfffff', '89195da4e2fffff', '89195da481bffff', '89195da4e33ffff', '89195da485bffff'}",8.0,27.0
89195da48cfffff,"{'89195da4847ffff', '89195da48c3ffff', '89195da4e27ffff', '89195da48d7ffff', '89195da48d3ffff', '89195da488bffff', '89195da48c7ffff', '89195da4853ffff', '89195da48cbffff', '89195da4843ffff', '89195da48dbffff', '89195da4e37ffff', '89195da4803ffff', '89195da4857ffff', '89195da48cfffff', '89195da481bffff', '89195da480bffff', '89195da4813ffff', '89195da485bffff'}",9.0,25.0
89195da4903ffff,"{'89195da498bffff', '89195da493bffff', '89195da49cfffff', '89195da4903ffff', '89195da4973ffff', '89195da49abffff', '89195da4933ffff', '89195da490fffff', '89195da490bffff', '89195da4917ffff', '89195da498fffff', '89195da4913ffff', '89195da49bbffff', '89195da491bffff', '89195da4957ffff', '89195da49c7ffff', '89195da4977ffff', '89195da4907ffff', '89195da4947ffff'}",27.0,552.0
89195da4907ffff,"{'89195da493bffff', '89195da4903ffff', '89195da492bffff', '89195da4973ffff', '89195da49abffff', '89195da4933ffff', '89195da49afffff', '89195da490fffff', '89195da490bffff', '89195da49a3ffff', '89195da4917ffff', '89195da498fffff', '89195da4913ffff', '89195da49bbffff', '89195da4923ffff', '89195da491bffff', '89195da4977ffff', '89195da4907ffff', '89195da4937ffff'}",23.0,435.0
89195da490bffff,"{'89195da493bffff', '89195da49cfffff', '89195da4943ffff', '89195da497bffff', '89195da4903ffff', '89195da4973ffff', '89195da490fffff', '89195da4963ffff', '89195da490bffff', '89195da4953ffff', '89195da4917ffff', '89195da4913ffff', '89195da491bffff', '89195da4957ffff', '89195da494fffff', '89195da49c7ffff', '89195da4977ffff', '89195da4907ffff', '89195da4947ffff'}",8.0,401.0
89195da490fffff,"{'89195da493bffff', '89195da497bffff', '89195da4903ffff', '89195da492bffff', '89195da49abffff', '89195da4973ffff', '89195da4933ffff', '89195da490fffff', '89195da4963ffff', '89195da490bffff', '89195da4917ffff', '89195da4913ffff', '89195da4923ffff', '89195da491bffff', '89195da4957ffff', '89195da4967ffff', '89195da4977ffff', '89195da4907ffff', '89195da4947ffff'}",24.0,279.0
89195da4913ffff,"{'89195da498bffff', '89195da49d7ffff', '89195da49cfffff', '89195da499bffff', '89195da49c3ffff', '89195da4903ffff', '89195da490fffff', '89195da49abffff', '89195da4987ffff', '89195da490bffff', '89195da4983ffff', '89195da4917ffff', '89195da498fffff', '89195da4913ffff', '89195da49bbffff', '89195da491bffff', '89195da4957ffff', '89195da49c7ffff', '89195da4907ffff'}",53.0,800.0
89195da4917ffff,"{'89195da498bffff', '89195da493bffff', '89195da4903ffff', '89195da490fffff', '89195da49afffff', '89195da4933ffff', '89195da4987ffff', '89195da49abffff', '89195da490bffff', '89195da4983ffff', '89195da49a3ffff', '89195da4917ffff', '89195da498fffff', '89195da4913ffff', '89195da49bbffff', '89195da491bffff', '89195da49c7ffff', '89195da4907ffff', '89195da49b3ffff'}",36.0,796.0
89195da491bffff,"{'89195da498bffff', '89195da49d7ffff', '89195da49cfffff', '89195da4943ffff', '89195da49c3ffff', '89195da4903ffff', '89195da4973ffff', '89195da490fffff', '89195da490bffff', '89195da4953ffff', '89195da4917ffff', '89195da49cbffff', '89195da498fffff', '89195da4913ffff', '89195da4957ffff', '89195da491bffff', '89195da49c7ffff', '89195da4907ffff', '89195da4947ffff'}",21.0,579.0
89195da4927ffff,"{'89195da493bffff', '89194ad1443ffff', '89194ad14cbffff', '89195da492bffff', '89194ad145bffff', '89195da4927ffff', '89195da492fffff', '89194ad1457ffff', '89195da49afffff', '89195da4933ffff', '89194ad1697ffff', '89194ad144bffff', '89194ad14dbffff', '89194ad14c3ffff', '89195da4923ffff', '89194ad14cfffff', '89194ad1453ffff', '89194ad1693ffff', '89195da4937ffff'}",13.0,145.0
89195da492fffff,"{'89195da493bffff', '89194ad1443ffff', '89194ad1683ffff', '89194ad14cbffff', '89195da492bffff', '89194ad145bffff', '89195da4927ffff', '89195da492fffff', '89195da4933ffff', '89194ad1687ffff', '89194ad1697ffff', '89194ad144bffff', '89195da4923ffff', '89195da4967ffff', '89194ad169bffff', '89194ad1453ffff', '89195da4977ffff', '89194ad1693ffff', '89195da4937ffff'}",9.0,191.0
89195da4933ffff,"{'89195da493bffff', '89194ad14cbffff', '89195da4903ffff', '89195da492bffff', '89195da4927ffff', '89195da492fffff', '89195da490fffff', '89195da49abffff', '89195da49afffff', '89195da4933ffff', '89194ad14dbffff', '89195da49a3ffff', '89195da4917ffff', '89195da49a7ffff', '89195da49bbffff', '89195da4923ffff', '89195da4977ffff', '89195da4907ffff', '89195da4937ffff'}",8.0,285.0
89195da493bffff,"{'89195da493bffff', '89195da4903ffff', '89195da492bffff', '89195da4927ffff', '89195da492fffff', '89195da4973ffff', '89195da49abffff', '89195da4933ffff', '89195da490fffff', '89195da49afffff', '89195da4963ffff', '89195da490bffff', '89195da4917ffff', '89195da4923ffff', '89195da4967ffff', '89195da4977ffff', '89195da4907ffff', '89194ad1693ffff', '89195da4937ffff'}",2.0,214.0
89195da4943ffff,"{'89195da4bb3ffff', '89195da49cfffff', '89195da4b97ffff', '89195da4b87ffff', '89195da4943ffff', '89195da495bffff', '89195da497bffff', '89195da4827ffff', '89195da4973ffff', '89195da490bffff', '89195da4953ffff', '89195da49cbffff', '89195da494bffff', '89195da482fffff', '89195da491bffff', '89195da4957ffff', '89195da494fffff', '89195da4947ffff', '89195da4bb7ffff'}",23.0,299.0
89195da4947ffff,"{'89195da4bb3ffff', '89195da49cfffff', '89195da4943ffff', '89195da495bffff', '89195da497bffff', '89195da4903ffff', '89195da496bffff', '89195da4973ffff', '89195da490fffff', '89195da4963ffff', '89195da490bffff', '89195da4953ffff', '89195da494bffff', '89195da491bffff', '89195da4957ffff', '89195da494fffff', '89195da4977ffff', '89195da4947ffff', '89195da4bb7ffff'}",10.0,278.0
89195da494bffff,"{'89195da4bb3ffff', '89195da4b87ffff', '89195da4943ffff', '89195da4b97ffff', '89195da4ba3ffff', '89195da495bffff', '89195da497bffff', '89195da4827ffff', '89195da4b83ffff', '89195da4953ffff', '89195da494bffff', '89195da4b8fffff', '89195da482fffff', '89195da4b93ffff', '89195da4bbbffff', '89195da4957ffff', '89195da494fffff', '89195da4947ffff', '89195da4bb7ffff'}",1.0,198.0
89195da494fffff,"{'89195da4bb3ffff', '89195da4b97ffff', '89195da4943ffff', '89195da4b87ffff', '89195da4ba3ffff', '89195da495bffff', '89195da497bffff', '89195da496bffff', '89195da4973ffff', '89195da4963ffff', '89195da490bffff', '89195da4ba7ffff', '89195da4953ffff', '89195da494bffff', '89195da4bbbffff', '89195da4957ffff', '89195da494fffff', '89195da4947ffff', '89195da4bb7ffff'}",5.0,185.0
89195da4953ffff,"{'89195da49cfffff', '89195da4b97ffff', '89195da4943ffff', '89195da495bffff', '89195da49c3ffff', '89195da4827ffff', '89195da4837ffff', '89195da490bffff', '89195da49dbffff', '89195da4953ffff', '89195da4823ffff', '89195da49cbffff', '89195da494bffff', '89195da482fffff', '89195da491bffff', '89195da4957ffff', '89195da494fffff', '89195da49c7ffff', '89195da4947ffff'}",38.0,359.0
89195da4957ffff,"{'89195da49cfffff', '89195da4943ffff', '89195da495bffff', '89195da497bffff', '89195da49c3ffff', '89195da4903ffff', '89195da4827ffff', '89195da4973ffff', '89195da490fffff', '89195da490bffff', '89195da4953ffff', '89195da49cbffff', '89195da494bffff', '89195da4913ffff', '89195da491bffff', '89195da4957ffff', '89195da494fffff', '89195da49c7ffff', '89195da4947ffff'}",8.0,411.0
89195da495bffff,"{'89195da4bb3ffff', '89195da482bffff', '89195da49cfffff', '89195da4b97ffff', '89195da4943ffff', '89195da4b87ffff', '89195da495bffff', '89195da4827ffff', '89195da4837ffff', '89195da4b83ffff', '89195da4953ffff', '89195da4823ffff', '89195da49cbffff', '89195da494bffff', '89195da482fffff', '89195da4b93ffff', '89195da4957ffff', '89195da494fffff', '89195da4947ffff'}",19.0,341.0
89195da4963ffff,"{'89195da493bffff', '89195da497bffff', '89194ad16d3ffff', '89195da496bffff', '89194ad16d7ffff', '89195da492bffff', '89195da490fffff', '89195da4973ffff', '89195da4963ffff', '89195da490bffff', '89195da4ba7ffff', '89195da496fffff', '89195da4967ffff', '89195da494fffff', '89194ad169bffff', '89195da4977ffff', '89194ad1693ffff', '89195da4947ffff', '89195da4bb7ffff'}",14.0,135.0
89195da496bffff,"{'89195da4bb3ffff', '89195da4ba3ffff', '89195da497bffff', '89194ad16d3ffff', '89194ad16d7ffff', '89195da4bafffff', '89195da496bffff', '89194ad16dbffff', '89195da4973ffff', '89195da4963ffff', '89195da4ba7ffff', '89195da496fffff', '89195da4967ffff', '89195da494fffff', '89194ad169bffff', '89195da4977ffff', '89194ad16c3ffff', '89195da4947ffff', '89195da4bb7ffff'}",2.0,129.0
89195da496fffff,"{'89194ad16c7ffff', '89194ad168bffff', '89195da497bffff', '89194ad1683ffff', '89194ad16d3ffff', '89195da496bffff', '89194ad16d7ffff', '89195da492bffff', '89194ad16dbffff', '89195da4973ffff', '89195da4963ffff', '89195da4ba7ffff', '89195da496fffff', '89195da4967ffff', '89194ad169bffff', '89195da4977ffff', '89194ad16c3ffff', '89194ad1693ffff', '89195da4bb7ffff'}",8.0,159.0
89195da4973ffff,"{'89195da493bffff', '89195da4943ffff', '89195da497bffff', '89195da4903ffff', '89195da496bffff', '89195da492bffff', '89195da490fffff', '89195da4973ffff', '89195da4963ffff', '89195da490bffff', '89195da496fffff', '89195da491bffff', '89195da4957ffff', '89195da4967ffff', '89195da494fffff', '89195da4977ffff', '89195da4907ffff', '89195da4947ffff', '89195da4bb7ffff'}",24.0,210.0
89195da4977ffff,"{'89195da493bffff', '89195da497bffff', '89195da4903ffff', '89195da496bffff', '89195da492bffff', '89195da492fffff', '89195da4973ffff', '89195da490fffff', '89195da4933ffff', '89195da4963ffff', '89195da490bffff', '89195da4923ffff', '89195da496fffff', '89195da4967ffff', '89194ad169bffff', '89195da4977ffff', '89195da4907ffff', '89194ad1693ffff', '89195da4947ffff'}",3.0,185.0
89195da497bffff,"{'89195da4bb3ffff', '89195da4943ffff', '89195da4ba3ffff', '89195da497bffff', '89194ad16d3ffff', '89195da496bffff', '89195da4973ffff', '89195da490fffff', '89195da4963ffff', '89195da490bffff', '89195da4ba7ffff', '89195da494bffff', '89195da496fffff', '89195da4957ffff', '89195da4967ffff', '89195da494fffff', '89195da4977ffff', '89195da4947ffff', '89195da4bb7ffff'}",8.0,150.0
89195da4983ffff,"{'89195da498bffff', '89195da49d7ffff', '89195da4d2bffff', '89195da499bffff', '89195da4987ffff', '89195da4993ffff', '89195da4d67ffff', '89195da4983ffff', '89195da4917ffff', '89195da498fffff', '89194ad325bffff', '89195da4913ffff', '89195da4997ffff', '89195da49bbffff', '89195da4d2fffff', '89195da49c7ffff', '89195da4d6fffff', '89194ad324bffff', '89195da49b3ffff'}",60.0,1025.0
89195da4987ffff,"{'89195da498bffff', '89195da499bffff', '89194ad324fffff', '89195da49abffff', '89195da4987ffff', '89195da4993ffff', '89195da4983ffff', '89195da49a3ffff', '89195da4917ffff', '89195da49b7ffff', '89194ad3243ffff', '89195da498fffff', '89194ad325bffff', '89195da4913ffff', '89195da49bbffff', '89195da4997ffff', '89195da4d2fffff', '89194ad324bffff', '89195da49b3ffff'}",170.0,1074.0
89195da498bffff,"{'89195da49d7ffff', '89195da498bffff', '89195da49cfffff', '89195da499bffff', '89195da49c3ffff', '89195da4903ffff', '89195da4987ffff', '89195da4993ffff', '89195da4d67ffff', '89195da4983ffff', '89195da4917ffff', '89195da49d3ffff', '89195da498fffff', '89195da4913ffff', '89195da49bbffff', '89195da4997ffff', '89195da491bffff', '89195da49c7ffff', '89195da4d6fffff'}",49.0,876.0
89195da498fffff,"{'89195da498bffff', '89195da49d7ffff', '89195da499bffff', '89195da4903ffff', '89195da49abffff', '89195da4987ffff', '89195da4993ffff', '89195da4983ffff', '89195da49a3ffff', '89195da4917ffff', '89195da498fffff', '89195da4913ffff', '89195da49bbffff', '89195da4997ffff', '89195da491bffff', '89195da49c7ffff', '89194ad324bffff', '89195da4907ffff', '89195da49b3ffff'}",78.0,980.0
89195da4993ffff,"{'89195da49d7ffff', '89195da498bffff', '89195da4d2bffff', '89195da499bffff', '89195da4987ffff', '89195da4993ffff', '89195da4d67ffff', '89195da4983ffff', '89195da498fffff', '89194ad325bffff', '89195da4d77ffff', '89195da4d27ffff', '89195da4997ffff', '89195da4d63ffff', '89195da4d3bffff', '89195da4d23ffff', '89195da4d2fffff', '89195da4d6fffff', '89194ad324bffff'}",44.0,808.0
89195da4997ffff,"{'89195da498bffff', '89195da4d2bffff', '89195da499bffff', '89194ad324fffff', '89194ad3253ffff', '89195da4987ffff', '89195da4993ffff', '89195da4d67ffff', '89195da4983ffff', '89194ad3243ffff', '89194ad325bffff', '89195da498fffff', '89195da4d27ffff', '89195da49bbffff', '89195da4997ffff', '89195da4d23ffff', '89195da4d2fffff', '89194ad324bffff', '89195da49b3ffff'}",35.0,1029.0
89195da499bffff,"{'89195da49d7ffff', '89195da498bffff', '89195da4d2bffff', '89195da499bffff', '89195da49c3ffff', '89195da4987ffff', '89195da4993ffff', '89195da4d6bffff', '89195da4d67ffff', '89195da4983ffff', '89195da49d3ffff', '89195da498fffff', '89195da4d77ffff', '89195da4913ffff', '89195da4997ffff', '89195da4d63ffff', '89195da4d2fffff', '89195da49c7ffff', '89195da4d6fffff'}",31.0,746.0
89195da49a3ffff,"{'89194ad14d3ffff', '89194ad326bffff', '89194ad324fffff', '89194ad327bffff', '89195da49abffff', '89195da49afffff', '89195da4933ffff', '89195da4987ffff', '89194ad14dbffff', '89195da49a3ffff', '89195da49a7ffff', '89195da4917ffff', '89195da49b7ffff', '89195da498fffff', '89195da49bbffff', '89194ad324bffff', '89195da4907ffff', '89195da4937ffff', '89195da49b3ffff'}",24.0,735.0
89195da49a7ffff,"{'89194ad14d3ffff', '89194ad326bffff', '89194ad324fffff', '89194ad14cbffff', '89194ad327bffff', '89194ad3263ffff', '89195da49abffff', '89195da49afffff', '89195da4933ffff', '89194ad14dbffff', '89195da49a3ffff', '89195da49a7ffff', '89195da49b7ffff', '89194ad14c3ffff', '89195da49bbffff', '89194ad14d7ffff', '89194ad326fffff', '89195da4937ffff', '89195da49b3ffff'}",8.0,391.0
89195da49abffff,"{'89195da493bffff', '89195da4903ffff', '89195da490fffff', '89195da49afffff', '89195da4987ffff', '89195da4933ffff', '89195da49abffff', '89194ad14dbffff', '89195da49a3ffff', '89195da4917ffff', '89195da49a7ffff', '89195da49b7ffff', '89195da498fffff', '89195da4913ffff', '89195da49bbffff', '89195da4923ffff', '89195da4907ffff', '89195da4937ffff', '89195da49b3ffff'}",10.0,662.0
89195da49b3ffff,"{'89194ad326bffff', '89194ad324fffff', '89194ad3247ffff', '89194ad327bffff', '89195da49abffff', '89195da49afffff', '89195da4987ffff', '89195da4983ffff', '89195da49a3ffff', '89195da4917ffff', '89195da49a7ffff', '89195da49b7ffff', '89195da498fffff', '89194ad325bffff', '89194ad3243ffff', '89195da49bbffff', '89195da4997ffff', '89194ad324bffff', '89195da49b3ffff'}",78.0,945.0
89195da49b7ffff,"{'89194ad14d3ffff', '89194ad326bffff', '89194ad324fffff', '89194ad3273ffff', '89194ad3247ffff', '89194ad327bffff', '89194ad3263ffff', '89195da49abffff', '89195da49afffff', '89195da4987ffff', '89194ad14dbffff', '89195da49a3ffff', '89195da49a7ffff', '89194ad3243ffff', '89195da49b7ffff', '89195da49bbffff', '89194ad324bffff', '89194ad326fffff', '89195da49b3ffff'}",27.0,733.0
89195da49bbffff,"{'89195da498bffff', '89194ad324fffff', '89195da4903ffff', '89195da49abffff', '89195da49afffff', '89195da4933ffff', '89195da4987ffff', '89195da4983ffff', '89195da49a3ffff', '89195da4917ffff', '89195da49a7ffff', '89195da49b7ffff', '89195da498fffff', '89195da4913ffff', '89195da4997ffff', '89195da49bbffff', '89194ad324bffff', '89195da4907ffff', '89195da49b3ffff'}",94.0,941.0
89195da49c3ffff,"{'89195da49d7ffff', '89195da498bffff', '89195da49cfffff', '89195da499bffff', '89195da49c3ffff', '89195da4827ffff', '89195da4837ffff', '89195da48afffff', '89195da49dbffff', '89195da4d6bffff', '89195da4953ffff', '89195da49cbffff', '89195da49d3ffff', '89195da4913ffff', '89195da48a7ffff', '89195da491bffff', '89195da4957ffff', '89195da49c7ffff', '89195da4d6fffff'}",5.0,460.0
89195da49c7ffff,"{'89195da498bffff', '89195da49d7ffff', '89195da49cfffff', '89195da499bffff', '89195da49c3ffff', '89195da4903ffff', '89195da490bffff', '89195da49dbffff', '89195da4953ffff', '89195da4983ffff', '89195da4917ffff', '89195da49cbffff', '89195da49d3ffff', '89195da498fffff', '89195da4913ffff', '89195da491bffff', '89195da4957ffff', '89195da49c7ffff', '89195da4d6fffff'}",31.0,601.0
89195da49cbffff,"{'89195da49d7ffff', '89195da49cfffff', '89195da4943ffff', '89195da495bffff', '89195da49c3ffff', '89195da4827ffff', '89195da4833ffff', '89195da4837ffff', '89195da48afffff', '89195da49dbffff', '89195da4953ffff', '89195da4823ffff', '89195da49cbffff', '89195da49d3ffff', '89195da482fffff', '89195da48a7ffff', '89195da491bffff', '89195da4957ffff', '89195da49c7ffff'}",49.0,383.0
89195da49cfffff,"{'89195da498bffff', '89195da49d7ffff', '89195da49cfffff', '89195da4943ffff', '89195da495bffff', '89195da49c3ffff', '89195da4903ffff', '89195da4827ffff', '89195da4837ffff', '89195da490bffff', '89195da49dbffff', '89195da4953ffff', '89195da49cbffff', '89195da49d3ffff', '89195da4913ffff', '89195da491bffff', '89195da4957ffff', '89195da49c7ffff', '89195da4947ffff'}",43.0,473.0
89195da49d3ffff,"{'89195da49d7ffff', '89195da498bffff', '89195da49cfffff', '89195da499bffff', '89195da49c3ffff', '89195da4837ffff', '89195da48afffff', '89195da49dbffff', '89195da4d6bffff', '89195da4d67ffff', '89195da48a3ffff', '89195da49cbffff', '89195da49d3ffff', '89195da48a7ffff', '89195da4d63ffff', '89195da48b7ffff', '89195da49c7ffff', '89195da4d6fffff', '89195da4d7bffff'}",3.0,413.0
89195da49d7ffff,"{'89195da498bffff', '89195da49d7ffff', '89195da49cfffff', '89195da499bffff', '89195da49c3ffff', '89195da49dbffff', '89195da4d6bffff', '89195da4993ffff', '89195da4983ffff', '89195da4d67ffff', '89195da49cbffff', '89195da49d3ffff', '89195da498fffff', '89195da4913ffff', '89195da48a7ffff', '89195da4d63ffff', '89195da491bffff', '89195da49c7ffff', '89195da4d6fffff'}",29.0,629.0
89195da49dbffff,"{'89195da49d7ffff', '89195da49cfffff', '89195da49c3ffff', '89195da4827ffff', '89195da4833ffff', '89195da4837ffff', '89195da48afffff', '89195da49dbffff', '89195da4d6bffff', '89195da4953ffff', '89195da4823ffff', '89195da49cbffff', '89195da49d3ffff', '89195da48a7ffff', '89195da48b7ffff', '89195da49c7ffff', '89195da4d6fffff', '89195da48a3ffff', '89195da48abffff'}",9.0,349.0
89195da4a03ffff,"{'89195da4a0fffff', '89195da4a8bffff', '89195da4a77ffff', '89195da4a47ffff', '89195da4acfffff', '89195da4a17ffff', '89195da4aabffff', '89195da4a8fffff', '89195da4a0bffff', '89195da4a3bffff', '89195da4a1bffff', '89195da4a03ffff', '89195da4a07ffff', '89195da4ac7ffff', '89195da4a13ffff', '89195da4a33ffff', '89195da4a73ffff', '89195da4abbffff', '89195da4a57ffff'}",1.0,58.0
89195da4a07ffff,"{'89195da4a0fffff', '89195da4a77ffff', '89195da4aa3ffff', '89195da4a17ffff', '89195da4aabffff', '89195da4a8fffff', '89195da4a0bffff', '89195da4a3bffff', '89195da4a1bffff', '89195da4aafffff', '89195da4a2bffff', '89195da4a03ffff', '89195da4a37ffff', '89195da4a07ffff', '89195da4a13ffff', '89195da4a23ffff', '89195da4a33ffff', '89195da4a73ffff', '89195da4abbffff'}",8.0,67.0
89195da4a0bffff,"{'89195da4a0fffff', '89195da4a63ffff', '89195da4a4fffff', '89195da4a77ffff', '89195da4a47ffff', '89195da4acfffff', '89195da4a17ffff', '89195da4a0bffff', '89195da4a3bffff', '89195da4a1bffff', '89195da4a7bffff', '89195da4a03ffff', '89195da4a43ffff', '89195da4a07ffff', '89195da4ac7ffff', '89195da4a13ffff', '89195da4a73ffff', '89195da4a53ffff', '89195da4a57ffff'}",5.0,60.0
89195da4a0fffff,"{'89195da4a63ffff', '89195da4a0fffff', '89195da4a77ffff', '89195da4a47ffff', '89195da4a17ffff', '89195da4aabffff', '89195da4a0bffff', '89195da4a3bffff', '89195da4a1bffff', '89195da4a7bffff', '89195da4a2bffff', '89195da4a03ffff', '89195da4a07ffff', '89195da4a13ffff', '89195da4a23ffff', '89195da4a33ffff', '89195da4a73ffff', '89195da4a67ffff', '89195da4a57ffff'}",15.0,79.0
89195da4a17ffff,"{'89195da4a0fffff', '89195da4a8bffff', '89195da4aa3ffff', '89195da4aabffff', '89195da4a17ffff', '89195da4a8fffff', '89195da4a0bffff', '89195da4a3bffff', '89195da4a1bffff', '89195da4aafffff', '89195da4a03ffff', '89195da4a07ffff', '89195da4ac7ffff', '89195da4a13ffff', '89195da4a83ffff', '89195da4a33ffff', '89195da4ab3ffff', '89195da4a87ffff', '89195da4abbffff'}",1.0,60.0
89195da4a1bffff,"{'89195da4a0fffff', '89195da4acbffff', '89195da4a8bffff', '89195da4a47ffff', '89195da4acfffff', '89195da4a17ffff', '89195da4a8fffff', '89195da4ac3ffff', '89195da4a0bffff', '89195da4a1bffff', '89195da4a03ffff', '89195da4a43ffff', '89195da4a07ffff', '89195da4ac7ffff', '89195da4a13ffff', '89195da4a73ffff', '89195da4a53ffff', '89195da4a57ffff', '89195da4ad7ffff'}",13.0,62.0
89195da4a23ffff,"{'89195da4a0fffff', '89195da4bdbffff', '89195da4a77ffff', '89195da4b53ffff', '89195da4a27ffff', '89195da4aabffff', '89194ada493ffff', '89195da4a3bffff', '89195da4a2fffff', '89194ada497ffff', '89195da4b5bffff', '89195da4aafffff', '89195da4a2bffff', '89195da4a37ffff', '89195da4a07ffff', '89195da4a23ffff', '89195da4a33ffff', '89195da4bcbffff', '89195da4a67ffff'}",2.0,123.0
89195da4a27ffff,"{'89195da4bdbffff', '89195da4b57ffff', '89195da4b53ffff', '89195da4a27ffff', '89194ada493ffff', '89195da4b43ffff', '89195da4a3bffff', '89195da4a2fffff', '89194ada497ffff', '89195da4b5bffff', '89195da4aafffff', '89195da4a2bffff', '89195da4a37ffff', '89195da4bcfffff', '89195da4a23ffff', '89195da4a33ffff', '89195da4bcbffff', '89195da4bc3ffff', '89195da4b4bffff'}",19.0,129.0
89195da4a2bffff,"{'89195da4a0fffff', '89195da4a63ffff', '89195da4a77ffff', '89194ada49bffff', '89194ada483ffff', '89195da4a27ffff', '89194ada493ffff', '89195da4a3bffff', '89195da4a2fffff', '89194ada497ffff', '89195da4b5bffff', '89195da4a2bffff', '89195da4a37ffff', '89195da4a6fffff', '89195da4a07ffff', '89195da4a23ffff', '89195da4a33ffff', '89195da4a73ffff', '89195da4a67ffff'}",5.0,133.0
89195da4a2fffff,"{'89195da4a77ffff', '89194ada49bffff', '89195da4b53ffff', '89194ada483ffff', '89195da4a27ffff', '89194ada493ffff', '89195da4b43ffff', '89195da4a3bffff', '89195da4a2fffff', '89194ada497ffff', '89195da4b5bffff', '89195da4a2bffff', '89194ada487ffff', '89195da4a37ffff', '89195da4a23ffff', '89195da4a33ffff', '89195da4bcbffff', '89195da4b4bffff', '89195da4a67ffff'}",20.0,140.0
89195da4a33ffff,"{'89195da4a0fffff', '89195da4bdbffff', '89195da4a77ffff', '89195da4aa3ffff', '89195da4a27ffff', '89195da4a17ffff', '89195da4aabffff', '89195da4aa7ffff', '89195da4a3bffff', '89195da4a2fffff', '89195da4aafffff', '89195da4a2bffff', '89195da4a03ffff', '89195da4a37ffff', '89195da4a07ffff', '89195da4a23ffff', '89195da4a33ffff', '89195da4bcbffff', '89195da4abbffff'}",2.0,95.0
89195da4a43ffff,"{'89195da4a4fffff', '89195da4acbffff', '89195da4a47ffff', '89195da5d27ffff', '89195da4acfffff', '89195da59b7ffff', '89195da4a0bffff', '89195da4a4bffff', '89195da59b3ffff', '89195da5d2fffff', '89195da4a1bffff', '89195da4a5bffff', '89195da4a7bffff', '89195da4a43ffff', '89195da5997ffff', '89195da4a73ffff', '89195da4a53ffff', '89195da5987ffff', '89195da4a57ffff'}",1.0,59.0
89195da4a47ffff,"{'89195da4a63ffff', '89195da4a0fffff', '89195da4a4fffff', '89195da4a77ffff', '89195da4a47ffff', '89195da4acfffff', '89195da59b7ffff', '89195da4a0bffff', '89195da4a6bffff', '89195da4a4bffff', '89195da59b3ffff', '89195da4a1bffff', '89195da4a5bffff', '89195da4a7bffff', '89195da4a03ffff', '89195da4a43ffff', '89195da4a73ffff', '89195da4a53ffff', '89195da4a57ffff'}",3.0,79.0
89195da4a5bffff,"{'89195da4a4fffff', '89195da4acbffff', '89195da5d2bffff', '89195da4a47ffff', '89195da5d27ffff', '89195da4acfffff', '89195da5993ffff', '89195da5d23ffff', '89195da4a4bffff', '89195da59b3ffff', '89195da5d2fffff', '89195da4a5bffff', '89195da4a43ffff', '89195da5d37ffff', '89195da5997ffff', '89195da4a53ffff', '89195da5983ffff', '89195da5987ffff', '89195da4a57ffff'}",1.0,34.0
89195da4a63ffff,"{'89195da4a0fffff', '89195da4a63ffff', '89195da4a4fffff', '89195da4a77ffff', '89195da4a47ffff', '89194ada49bffff', '89194ada493ffff', '89195da59a7ffff', '89195da4a0bffff', '89194ada4d3ffff', '89195da4a6bffff', '89195da4a3bffff', '89195da4a7bffff', '89194ada4d7ffff', '89195da4a2bffff', '89195da4a6fffff', '89195da4a73ffff', '89195da59b7ffff', '89195da4a67ffff'}",3.0,152.0
89195da4a67ffff,"{'89195da4a63ffff', '89195da4a0fffff', '89195da4a77ffff', '89194ada49bffff', '89194ada483ffff', '89194ada48bffff', '89194ada493ffff', '89194ada4d3ffff', '89195da4a6bffff', '89195da4a3bffff', '89195da4a2fffff', '89194ada497ffff', '89195da4a7bffff', '89195da4a2bffff', '89194ada4d7ffff', '89195da4a6fffff', '89195da4a23ffff', '89195da4a73ffff', '89195da4a67ffff'}",7.0,172.0
89195da4a6bffff,"{'89195da4a63ffff', '89195da59afffff', '89195da4a4fffff', '89194ada4dbffff', '89195da4a77ffff', '89194ada49bffff', '89195da4a47ffff', '89195da59a7ffff', '89195da59a3ffff', '89194ada4d3ffff', '89195da4a6bffff', '89195da59b3ffff', '89195da4a7bffff', '89194ada4d7ffff', '89195da4a6fffff', '89195da4a73ffff', '89195da59b7ffff', '89195da4a67ffff', '89194ada4c3ffff'}",22.0,125.0
89195da4a6fffff,"{'89195da4a63ffff', '89194ada4dbffff', '89195da4a77ffff', '89194ada49bffff', '89194ada483ffff', '89194ada48bffff', '89194ada493ffff', '89195da59a7ffff', '89194ada4d3ffff', '89195da4a6bffff', '89194ada4c7ffff', '89195da4a7bffff', '89194ada4d7ffff', '89195da4a2bffff', '89195da4a6fffff', '89195da4a73ffff', '89195da59b7ffff', '89195da4a67ffff', '89194ada4c3ffff'}",27.0,137.0
89195da4a73ffff,"{'89195da4a63ffff', '89195da4a0fffff', '89195da4a4fffff', '89195da4a77ffff', '89195da4a47ffff', '89195da4a0bffff', '89195da4a6bffff', '89195da4a3bffff', '89195da4a1bffff', '89195da4a7bffff', '89195da4a2bffff', '89195da4a03ffff', '89195da4a43ffff', '89195da4a6fffff', '89195da4a07ffff', '89195da4a73ffff', '89195da59b7ffff', '89195da4a67ffff', '89195da4a57ffff'}",3.0,122.0
89195da4a7bffff,"{'89195da4a63ffff', '89195da4a0fffff', '89195da4a4fffff', '89195da4a77ffff', '89195da4a47ffff', '89195da59a7ffff', '89195da4a0bffff', '89195da59a3ffff', '89194ada4d3ffff', '89195da4a6bffff', '89195da4a4bffff', '89195da59b3ffff', '89195da4a7bffff', '89195da4a43ffff', '89195da4a6fffff', '89195da4a73ffff', '89195da59b7ffff', '89195da4a67ffff', '89195da4a57ffff'}",7.0,123.0
89195da4a87ffff,"{'89195da4a8bffff', '89195da4a9bffff', '89195da4aa3ffff', '89195da4a17ffff', '89195da4aabffff', '89195da4a8fffff', '89195da4a93ffff', '89195da4a97ffff', '89195da484bffff', '89195da4843ffff', '89195da4e2fffff', '89195da4ab7ffff', '89195da484fffff', '89195da4a13ffff', '89195da4a83ffff', '89195da4ab3ffff', '89195da4a87ffff', '89195da4abbffff', '89195da485bffff'}",2.0,24.0
89195da4a8fffff,"{'89195da4a8bffff', '89195da4a9bffff', '89195da4aa3ffff', '89195da4a17ffff', '89195da4aabffff', '89195da4a8fffff', '89195da4a93ffff', '89195da4a97ffff', '89195da484bffff', '89195da4a1bffff', '89195da4a03ffff', '89195da4a07ffff', '89195da4ac7ffff', '89195da4a13ffff', '89195da4a83ffff', '89195da4ab3ffff', '89195da4a87ffff', '89195da4abbffff', '89195da4ad7ffff'}",3.0,41.0
89195da4a97ffff,"{'89195da4a8bffff', '89195da4a9bffff', '89195da4e27ffff', '89195da4a8fffff', '89195da4a93ffff', '89195da4a97ffff', '89195da4853ffff', '89195da4e23ffff', '89195da484bffff', '89195da4843ffff', '89195da4e2fffff', '89195da484fffff', '89195da4e2bffff', '89195da4e67ffff', '89195da4a83ffff', '89195da4ab3ffff', '89195da4a87ffff', '89195da4abbffff', '89195da485bffff'}",1.0,25.0
89195da4a9bffff,"{'89195da4e77ffff', '89195da4a8bffff', '89195da4a9bffff', '89195da4a8fffff', '89195da4a93ffff', '89195da4a97ffff', '89195da4ac3ffff', '89195da4ad3ffff', '89195da4e63ffff', '89195da4e6fffff', '89195da4e2fffff', '89195da4e6bffff', '89195da4ac7ffff', '89195da4e2bffff', '89195da4e67ffff', '89195da4a13ffff', '89195da4a83ffff', '89195da4a87ffff', '89195da4ad7ffff'}",2.0,41.0
89195da4aa3ffff,"{'89195da4bdbffff', '89195da4aa3ffff', '89195da4a17ffff', '89195da4aabffff', '89195da4a8fffff', '89195da4bd3ffff', '89195da4aa7ffff', '89195da484bffff', '89195da487bffff', '89195da4aafffff', '89195da486bffff', '89195da4ab7ffff', '89195da484fffff', '89195da4a37ffff', '89195da4a07ffff', '89195da4a33ffff', '89195da4ab3ffff', '89195da4a87ffff', '89195da4abbffff'}",5.0,81.0
89195da4aa7ffff,"{'89195da4abbffff', '89195da4bdbffff', '89195da4aa3ffff', '89195da4aabffff', '89195da4bd7ffff', '89195da4bd3ffff', '89195da4bcbffff', '89195da4aa7ffff', '89195da487bffff', '89195da4aafffff', '89195da486bffff', '89195da4ab7ffff', '89195da484fffff', '89195da4a37ffff', '89195da4a33ffff', '89195da4ab3ffff', '89195da486fffff', '89195da4bc3ffff', '89195da4863ffff'}",2.0,146.0
89195da4aabffff,"{'89195da4a0fffff', '89195da4bdbffff', '89195da4aa3ffff', '89195da4a17ffff', '89195da4aabffff', '89195da4a8fffff', '89195da4aa7ffff', '89195da4a3bffff', '89195da4aafffff', '89195da4ab7ffff', '89195da4a03ffff', '89195da4a37ffff', '89195da4a07ffff', '89195da4a13ffff', '89195da4a23ffff', '89195da4a33ffff', '89195da4ab3ffff', '89195da4a87ffff', '89195da4abbffff'}",4.0,60.0
89195da4ab3ffff,"{'89195da4847ffff', '89195da4aa3ffff', '89195da4a17ffff', '89195da4aabffff', '89195da4a8fffff', '89195da4a97ffff', '89195da4aa7ffff', '89195da484bffff', '89195da4843ffff', '89195da487bffff', '89195da4aafffff', '89195da486bffff', '89195da4ab7ffff', '89195da484fffff', '89195da4a83ffff', '89195da4ab3ffff', '89195da4a87ffff', '89195da4abbffff', '89195da485bffff'}",1.0,46.0
89195da4ab7ffff,"{'89195da4847ffff', '89195da486fffff', '89195da4bdbffff', '89195da4aa3ffff', '89195da4aabffff', '89195da4bd3ffff', '89195da4aa7ffff', '89195da4873ffff', '89195da484bffff', '89195da4843ffff', '89195da487bffff', '89195da486bffff', '89195da4aafffff', '89195da484fffff', '89195da4ab7ffff', '89195da4ab3ffff', '89195da4a87ffff', '89195da4abbffff', '89195da4863ffff'}",3.0,107.0
89195da4acbffff,"{'89195da5da7ffff', '89195da5d33ffff', '89195da4acbffff', '89195da5d27ffff', '89195da4acfffff', '89195da5dafffff', '89195da4ac3ffff', '89195da4ad3ffff', '89195da5d23ffff', '89195da4adbffff', '89195da5d2fffff', '89195da4a1bffff', '89195da4a5bffff', '89195da4a43ffff', '89195da4ac7ffff', '89195da5d37ffff', '89195da4a53ffff', '89195da4a57ffff', '89195da4ad7ffff'}",9.0,32.0
89195da4adbffff,"{'89195da4acbffff', '89195da5d33ffff', '89195da5d27ffff', '89195da4acfffff', '89195da5dafffff', '89195da4ac3ffff', '89195da4ad3ffff', '89195da5d23ffff', '89195da5da3ffff', '89195da4adbffff', '89195da5db7ffff', '89195da4e6fffff', '89195da5dabffff', '89195da4e6bffff', '89195da4ac7ffff', '89195da5d37ffff', '89195da4a53ffff', '89195da5da7ffff', '89195da4ad7ffff'}",7.0,33.0
89195da4b07ffff,"{'89195da4b1bffff', '89195da4b23ffff', '89195da4b17ffff', '89195da4b37ffff', '89195da4ba3ffff', '89195da4b3bffff', '89195da4bafffff', '89195da4b07ffff', '89195da4b33ffff', '89195da4b2bffff', '89195da4b0fffff', '89195da4b13ffff', '89195da4b73ffff', '89195da4b0bffff', '89195da4b8fffff', '89195da4bbbffff', '89195da4babffff', '89195da4b03ffff', '89195da4b77ffff'}",1.0,10.0
89195da4b13ffff,"{'89195da4b1bffff', '89195da4b17ffff', '89195da4b57ffff', '89195da4b9bffff', '89195da4b87ffff', '89195da4b8bffff', '89195da4b07ffff', '89195da4bd7ffff', '89195da4b83ffff', '89195da4b0fffff', '89195da4b13ffff', '89195da4b0bffff', '89195da4bcfffff', '89195da4b8fffff', '89195da4bbbffff', '89195da4babffff', '89195da4b03ffff', '89195da4bc3ffff', '89195da4bc7ffff'}",1.0,96.0
89195da4b1bffff,"{'89195da4b1bffff', '89195da4b17ffff', '89195da4b57ffff', '89195da4b8bffff', '89195da4b47ffff', '89195da4b53ffff', '89195da4b07ffff', '89195da4bd7ffff', '89195da4b43ffff', '89195da4b0fffff', '89195da4b13ffff', '89195da4b73ffff', '89195da4b0bffff', '89195da4bcfffff', '89195da4b8fffff', '89195da4bcbffff', '89195da4b03ffff', '89195da4bc3ffff', '89195da4bc7ffff'}",1.0,112.0
89195da4b23ffff,"{'89194ada593ffff', '89195da4b23ffff', '89195da4b77ffff', '89195da4b37ffff', '89195da4b3bffff', '89194ad165bffff', '89195da4b07ffff', '89195da4bafffff', '89194ad16dbffff', '89195da4b33ffff', '89195da4b2bffff', '89195da4b0fffff', '89194ad1653ffff', '89195da4b67ffff', '89195da4b2fffff', '89195da4babffff', '89194ada597ffff', '89195da4b27ffff', '89194ad16cbffff'}",1.0,121.0
89195da4b27ffff,"{'89194ada593ffff', '89195da4b23ffff', '89194ad16cfffff', '89195da4b37ffff', '89195da4b3bffff', '89194ad165bffff', '89194ad1657ffff', '89195da4bafffff', '89194ad16dbffff', '89195da4b33ffff', '89195da4b2bffff', '89194ad1643ffff', '89194ad1653ffff', '89194ad164bffff', '89195da4b2fffff', '89194ada597ffff', '89195da4b27ffff', '89194ad16c3ffff', '89194ad16cbffff'}",10.0,154.0
89195da4b2bffff,"{'89194ada593ffff', '89194ada583ffff', '89195da4b23ffff', '89194ada59bffff', '89195da4b37ffff', '89195da4b63ffff', '89195da4b3bffff', '89194ad165bffff', '89195da4b07ffff', '89195da4b33ffff', '89195da4b2bffff', '89195da4b0fffff', '89195da4b73ffff', '89195da4b67ffff', '89195da4b2fffff', '89194ada597ffff', '89195da4b27ffff', '89195da4b6fffff', '89195da4b77ffff'}",4.0,73.0
89195da4b2fffff,"{'89194ada593ffff', '89194ada583ffff', '89195da4b23ffff', '89194ada59bffff', '89195da4b77ffff', '89195da4b37ffff', '89195da4b3bffff', '89194ad165bffff', '89195da4b33ffff', '89195da4b2bffff', '89194ad1643ffff', '89194ad1653ffff', '89194ad164bffff', '89194ada587ffff', '89195da4b67ffff', '89195da4b2fffff', '89194ada597ffff', '89195da4b27ffff', '89194ad16cbffff'}",1.0,145.0
89195da4b37ffff,"{'89195da4b23ffff', '89194ad16cfffff', '89195da4ba3ffff', '89195da4b37ffff', '89195da4b3bffff', '89194ad165bffff', '89195da4b07ffff', '89194ad16d3ffff', '89195da4bafffff', '89194ad16dbffff', '89195da4b33ffff', '89195da4b2bffff', '89195da4ba7ffff', '89194ad1653ffff', '89195da4b2fffff', '89195da4babffff', '89195da4b27ffff', '89194ad16c3ffff', '89194ad16cbffff'}",2.0,113.0
89195da4b43ffff,"{'89195da4b1bffff', '89194ada4b3ffff', '89195da4b57ffff', '89195da4b47ffff', '89195da4b53ffff', '89195da4a27ffff', '89194ada4b7ffff', '89195da4b4fffff', '89195da4b43ffff', '89195da4a2fffff', '89194ada497ffff', '89195da4b5bffff', '89195da4b73ffff', '89195da4b7bffff', '89195da4b0bffff', '89194ada487ffff', '89195da4bcfffff', '89195da4bcbffff', '89195da4b4bffff'}",18.0,119.0
89195da4b4bffff,"{'89194ada4b3ffff', '89195da4b57ffff', '89195da4b47ffff', '89195da4b53ffff', '89194ada483ffff', '89195da4a27ffff', '89194ada4b7ffff', '89194ada493ffff', '89195da4b4fffff', '89195da4b43ffff', '89195da4a2fffff', '89194ada497ffff', '89195da4b5bffff', '89195da4b7bffff', '89194ada487ffff', '89194ada4bbffff', '89194ada4a3ffff', '89194ada48fffff', '89195da4b4bffff'}",3.0,135.0
89195da4b4fffff,"{'89194ada4b3ffff', '89195da4b57ffff', '89195da4b63ffff', '89195da4b47ffff', '89195da4b53ffff', '89194ada4b7ffff', '89195da4b4fffff', '89195da4b43ffff', '89194ada497ffff', '89195da4b5bffff', '89195da4b73ffff', '89195da4b7bffff', '89195da4b0bffff', '89194ada487ffff', '89195da4b6bffff', '89194ada4bbffff', '89194ada4a3ffff', '89194ada4a7ffff', '89195da4b4bffff'}",1.0,126.0
89195da4b53ffff,"{'89195da4b1bffff', '89195da4bdbffff', '89195da4b57ffff', '89195da4b47ffff', '89195da4b53ffff', '89195da4a27ffff', '89195da4b4fffff', '89195da4b43ffff', '89195da4a2fffff', '89194ada497ffff', '89195da4b5bffff', '89195da4b0bffff', '89195da4a37ffff', '89195da4bcfffff', '89195da4a23ffff', '89195da4bcbffff', '89195da4bc3ffff', '89195da4bc7ffff', '89195da4b4bffff'}",22.0,134.0
89195da4b57ffff,"{'89195da4b1bffff', '89195da4b57ffff', '89195da4b47ffff', '89195da4b53ffff', '89195da4a27ffff', '89195da4b4fffff', '89195da4b43ffff', '89195da4b0fffff', '89195da4b5bffff', '89195da4b73ffff', '89195da4b7bffff', '89195da4b13ffff', '89195da4b0bffff', '89195da4bcfffff', '89195da4bcbffff', '89195da4b03ffff', '89195da4bc3ffff', '89195da4bc7ffff', '89195da4b4bffff'}",1.0,102.0
89195da4b5bffff,"{'89194ada4b3ffff', '89195da4b57ffff', '89195da4b47ffff', '89195da4b53ffff', '89194ada483ffff', '89195da4a27ffff', '89194ada493ffff', '89195da4b4fffff', '89195da4b43ffff', '89195da4a2fffff', '89194ada497ffff', '89195da4b5bffff', '89195da4a2bffff', '89194ada487ffff', '89195da4a37ffff', '89195da4bcfffff', '89195da4a23ffff', '89195da4bcbffff', '89195da4b4bffff'}",3.0,131.0
89195da4b67ffff,"{'89194ada593ffff', '89194ada583ffff', '89195da4b23ffff', '89194ada59bffff', '89195da4b63ffff', '89195da4b3bffff', '89195da4b2bffff', '89194ada58bffff', '89195da4b0fffff', '89194ada5d7ffff', '89195da4b73ffff', '89195da4b7bffff', '89194ada5d3ffff', '89195da4b6bffff', '89195da4b67ffff', '89195da4b2fffff', '89194ada597ffff', '89195da4b6fffff', '89195da4b77ffff'}",1.0,102.0
89195da4b6bffff,"{'89194ada4b3ffff', '89194ada4afffff', '89194ada59bffff', '89195da4b63ffff', '89195da4b47ffff', '89194ada4b7ffff', '89195da4b4fffff', '89194ada5c3ffff', '89194ada5dbffff', '89194ada5d7ffff', '89194ada5d3ffff', '89195da4b7bffff', '89195da4b73ffff', '89195da4b6bffff', '89195da4b67ffff', '89194ada4a3ffff', '89194ada4a7ffff', '89195da4b6fffff', '89195da4b77ffff'}",15.0,76.0
89195da4b6fffff,"{'89194ada593ffff', '89194ada583ffff', '89194ada59bffff', '89195da4b63ffff', '89194ada4b7ffff', '89194ada5c3ffff', '89195da4b2bffff', '89194ada5dbffff', '89194ada58bffff', '89194ada5d7ffff', '89194ada5d3ffff', '89195da4b7bffff', '89195da4b73ffff', '89195da4b6bffff', '89195da4b67ffff', '89194ada4a7ffff', '89194ada5c7ffff', '89195da4b6fffff', '89195da4b77ffff'}",6.0,114.0
89195da4b83ffff,"{'89195da4b17ffff', '89195da4b9bffff', '89195da4bb3ffff', '89195da482bffff', '89195da4b87ffff', '89195da4b8bffff', '89195da4b97ffff', '89195da495bffff', '89195da4bd7ffff', '89195da4867ffff', '89195da4b83ffff', '89195da4b13ffff', '89195da494bffff', '89195da4b8fffff', '89195da482fffff', '89195da4b93ffff', '89195da4bbbffff', '89195da486fffff', '89195da4bc7ffff'}",9.0,194.0
89195da4b8bffff,"{'89195da4b1bffff', '89195da4b17ffff', '89195da4b9bffff', '89195da4b87ffff', '89195da4b97ffff', '89195da4b8bffff', '89195da4bd7ffff', '89195da4867ffff', '89195da4bd3ffff', '89195da4b83ffff', '89195da4b03ffff', '89195da4b13ffff', '89195da4bcfffff', '89195da4b8fffff', '89195da4b93ffff', '89195da4bbbffff', '89195da486fffff', '89195da4bc3ffff', '89195da4bc7ffff'}",2.0,192.0
89195da4b93ffff,"{'89195da4b9bffff', '89195da482bffff', '89195da4b97ffff', '89195da4b8bffff', '89195da4b87ffff', '89195da495bffff', '89195da4bd7ffff', '89195da4827ffff', '89195da4867ffff', '89195da4877ffff', '89195da4b83ffff', '89195da4823ffff', '89195da494bffff', '89195da483bffff', '89195da4b8fffff', '89195da482fffff', '89195da4b93ffff', '89195da486fffff', '89195da4863ffff'}",35.0,244.0
89195da4b97ffff,"{'89195da4bb3ffff', '89195da482bffff', '89195da4b9bffff', '89195da4b87ffff', '89195da4b8bffff', '89195da4943ffff', '89195da495bffff', '89195da4b97ffff', '89195da4827ffff', '89195da4867ffff', '89195da4b83ffff', '89195da4953ffff', '89195da4823ffff', '89195da494bffff', '89195da4b8fffff', '89195da482fffff', '89195da4b93ffff', '89195da4bbbffff', '89195da494fffff'}",24.0,231.0
89195da4b9bffff,"{'89195da482bffff', '89195da4b9bffff', '89195da4b87ffff', '89195da4b8bffff', '89195da4b97ffff', '89195da4bd7ffff', '89195da4867ffff', '89195da4bd3ffff', '89195da4bc7ffff', '89195da4877ffff', '89195da4b83ffff', '89195da486bffff', '89195da4b13ffff', '89195da4b8fffff', '89195da482fffff', '89195da4b93ffff', '89195da486fffff', '89195da4bc3ffff', '89195da4863ffff'}",15.0,235.0
89195da4ba7ffff,"{'89195da4bb3ffff', '89195da4b37ffff', '89195da4ba3ffff', '89195da497bffff', '89194ad16d3ffff', '89195da496bffff', '89194ad16d7ffff', '89195da4bafffff', '89194ad16dbffff', '89195da4b33ffff', '89195da4963ffff', '89195da4ba7ffff', '89195da4bbbffff', '89195da496fffff', '89195da4babffff', '89195da494fffff', '89194ad16c3ffff', '89194ad16cbffff', '89195da4bb7ffff'}",1.0,124.0
89195da4bc3ffff,"{'89195da4b1bffff', '89195da4bdbffff', '89195da4b57ffff', '89195da4b9bffff', '89195da4b8bffff', '89195da4b53ffff', '89195da4a27ffff', '89195da4bd7ffff', '89195da4bd3ffff', '89195da4aa7ffff', '89195da4aafffff', '89195da486bffff', '89195da4b13ffff', '89195da4a37ffff', '89195da4bcfffff', '89195da4bcbffff', '89195da486fffff', '89195da4bc3ffff', '89195da4bc7ffff'}",11.0,166.0
89195da4bc7ffff,"{'89195da486fffff', '89195da4b1bffff', '89195da4b17ffff', '89195da4b57ffff', '89195da4b9bffff', '89195da4bdbffff', '89195da4b8bffff', '89195da4b53ffff', '89195da4bd7ffff', '89195da4bd3ffff', '89195da4b83ffff', '89195da4b13ffff', '89195da4b0bffff', '89195da4bcfffff', '89195da4b8fffff', '89195da4bcbffff', '89195da4b03ffff', '89195da4bc3ffff', '89195da4bc7ffff'}",15.0,150.0
89195da4bcfffff,"{'89195da4b1bffff', '89195da4bdbffff', '89195da4b57ffff', '89195da4b8bffff', '89195da4b47ffff', '89195da4b53ffff', '89195da4a27ffff', '89195da4bd7ffff', '89195da4bd3ffff', '89195da4b43ffff', '89195da4b5bffff', '89195da4b13ffff', '89195da4b0bffff', '89195da4a37ffff', '89195da4bcfffff', '89195da4bcbffff', '89195da4b03ffff', '89195da4bc3ffff', '89195da4bc7ffff'}",7.0,159.0
89195da4bd3ffff,"{'89195da4bdbffff', '89195da4b9bffff', '89195da4b8bffff', '89195da4aa3ffff', '89195da4bd7ffff', '89195da4867ffff', '89195da4bd3ffff', '89195da4aa7ffff', '89195da487bffff', '89195da486bffff', '89195da4aafffff', '89195da4ab7ffff', '89195da4a37ffff', '89195da4bcfffff', '89195da4863ffff', '89195da4bcbffff', '89195da486fffff', '89195da4bc3ffff', '89195da4bc7ffff'}",15.0,195.0
89195da4bd7ffff,"{'89195da4b1bffff', '89195da4bdbffff', '89195da4b9bffff', '89195da4b8bffff', '89195da4bd7ffff', '89195da4867ffff', '89195da4bd3ffff', '89195da4aa7ffff', '89195da4b83ffff', '89195da486bffff', '89195da4b13ffff', '89195da4bcfffff', '89195da4b8fffff', '89195da4b93ffff', '89195da4863ffff', '89195da4bcbffff', '89195da486fffff', '89195da4bc3ffff', '89195da4bc7ffff'}",33.0,213.0
89195da4bdbffff,"{'89195da4bdbffff', '89195da4aa3ffff', '89195da4b53ffff', '89195da4a27ffff', '89195da4aabffff', '89195da4bd7ffff', '89195da4bd3ffff', '89195da4aa7ffff', '89195da4aafffff', '89195da486bffff', '89195da4ab7ffff', '89195da4a37ffff', '89195da4bcfffff', '89195da4a23ffff', '89195da4a33ffff', '89195da4bcbffff', '89195da486fffff', '89195da4bc3ffff', '89195da4bc7ffff'}",11.0,162.0
89195da4c03ffff,"{'89195da4c57ffff', '89195da4c0bffff', '89195da4cbbffff', '89195da4c03ffff', '89195da4c73ffff', '89195da4cc7ffff', '89195da4ccfffff', '89195da4c07ffff', '89195da4c77ffff', '89195da4c3bffff', '89195da4cabffff', '89195da4c17ffff', '89195da4c8fffff', '89195da4c1bffff', '89195da4c0fffff', '89195da4c47ffff', '89195da4c33ffff', '89195da4c8bffff', '89195da4c13ffff'}",3.0,177.0
89195da4c07ffff,"{'89195da4c0bffff', '89195da4c03ffff', '89195da4cbbffff', '89195da4ca3ffff', '89195da4c23ffff', '89195da4c73ffff', '89195da4cafffff', '89195da4c77ffff', '89195da4c3bffff', '89195da4cabffff', '89195da4c07ffff', '89195da4c17ffff', '89195da4c2bffff', '89195da4c8fffff', '89195da4c1bffff', '89195da4c0fffff', '89195da4c33ffff', '89195da4c37ffff', '89195da4c13ffff'}",14.0,262.0
89195da4c0bffff,"{'89195da4c57ffff', '89195da4c7bffff', '89195da4c0bffff', '89195da4c03ffff', '89195da4c63ffff', '89195da4c73ffff', '89195da4ccfffff', '89195da4cc7ffff', '89195da4c07ffff', '89195da4c77ffff', '89195da4c3bffff', '89195da4c17ffff', '89195da4c1bffff', '89195da4c0fffff', '89195da4c4fffff', '89195da4c47ffff', '89195da4c53ffff', '89195da4c13ffff', '89195da4c43ffff'}",5.0,53.0
89195da4c0fffff,"{'89195da4c57ffff', '89195da4c7bffff', '89195da4c0bffff', '89195da4c03ffff', '89195da4c63ffff', '89195da4c23ffff', '89195da4c73ffff', '89195da4c07ffff', '89195da4c77ffff', '89195da4c3bffff', '89195da4cabffff', '89195da4c67ffff', '89195da4c17ffff', '89195da4c2bffff', '89195da4c1bffff', '89195da4c0fffff', '89195da4c47ffff', '89195da4c33ffff', '89195da4c13ffff'}",5.0,166.0
89195da4c13ffff,"{'89195da4c57ffff', '89195da4cd7ffff', '89195da4c0bffff', '89195da4c03ffff', '89195da4cbbffff', '89195da4cc3ffff', '89195da4cc7ffff', '89195da4ccfffff', '89195da4c07ffff', '89195da4cabffff', '89195da4c17ffff', '89195da4c83ffff', '89195da4c8fffff', '89195da4c1bffff', '89195da4c0fffff', '89195da4c9bffff', '89195da4c8bffff', '89195da4c87ffff', '89195da4c13ffff'}",5.0,95.0
89195da4c1bffff,"{'89195da4c57ffff', '89195da4cd7ffff', '89195da4c0bffff', '89195da4c03ffff', '89195da4cc3ffff', '89195da4c73ffff', '89195da4ccbffff', '89195da4ccfffff', '89195da4cc7ffff', '89195da4c07ffff', '89195da4c17ffff', '89195da4c8fffff', '89195da4c1bffff', '89195da4c0fffff', '89195da4c47ffff', '89195da4c8bffff', '89195da4c53ffff', '89195da4c13ffff', '89195da4c43ffff'}",1.0,51.0
89195da4c23ffff,"{'89195da4d5bffff', '89195da4c2fffff', '89195da4ddbffff', '89195da4c23ffff', '89195da4cafffff', '89195da4897ffff', '89195da4c07ffff', '89195da4c3bffff', '89195da4c77ffff', '89195da4cabffff', '89195da4c67ffff', '89195da4d53ffff', '89195da4c2bffff', '89195da4c27ffff', '89195da4c0fffff', '89195da4c33ffff', '89195da4c37ffff', '89195da4dcbffff', '89195da4893ffff'}",4.0,264.0
89195da4c27ffff,"{'89195da4d5bffff', '89195da4d43ffff', '89195da4c2fffff', '89195da4ddbffff', '89195da4c23ffff', '89195da4dc3ffff', '89195da4cafffff', '89195da4897ffff', '89195da4c3bffff', '89195da4d57ffff', '89195da4d53ffff', '89195da4c2bffff', '89195da4c27ffff', '89195da4d4bffff', '89195da4c33ffff', '89195da4c37ffff', '89195da4dcfffff', '89195da4dcbffff', '89195da4893ffff'}",6.0,243.0
89195da4c2bffff,"{'89195da4d5bffff', '89195da4c6fffff', '89195da4c2fffff', '89195da4c63ffff', '89195da4c23ffff', '89195da4c73ffff', '89195da4897ffff', '89195da4c07ffff', '89195da4c77ffff', '89195da4c3bffff', '89195da4c67ffff', '89195da489bffff', '89195da4c2bffff', '89195da4c27ffff', '89195da4c0fffff', '89195da4883ffff', '89195da4c33ffff', '89195da4c37ffff', '89195da4893ffff'}",1.0,214.0
89195da4c33ffff,"{'89195da4c03ffff', '89195da4cbbffff', '89195da4c2fffff', '89195da4ddbffff', '89195da4c23ffff', '89195da4ca3ffff', '89195da4cafffff', '89195da4c07ffff', '89195da4c77ffff', '89195da4c3bffff', '89195da4cabffff', '89195da4c17ffff', '89195da4c2bffff', '89195da4c27ffff', '89195da4c0fffff', '89195da4c33ffff', '89195da4c37ffff', '89195da4ca7ffff', '89195da4dcbffff'}",107.0,308.0
89195da4c37ffff,"{'89195da4d5bffff', '89195da4ddbffff', '89195da4c2fffff', '89195da4c23ffff', '89195da4ca3ffff', '89195da4dc3ffff', '89195da4cafffff', '89195da4c07ffff', '89195da4c3bffff', '89195da4cabffff', '89195da4d53ffff', '89195da4c2bffff', '89195da4c27ffff', '89195da4c33ffff', '89195da4c37ffff', '89195da4dcfffff', '89195da4ca7ffff', '89195da4dd3ffff', '89195da4dcbffff'}",62.0,292.0
89195da4c3bffff,"{'89195da4c0bffff', '89195da4c03ffff', '89195da4c2fffff', '89195da4c63ffff', '89195da4c23ffff', '89195da4c73ffff', '89195da4cafffff', '89195da4c07ffff', '89195da4c77ffff', '89195da4cabffff', '89195da4c67ffff', '89195da4c3bffff', '89195da4c17ffff', '89195da4c2bffff', '89195da4c27ffff', '89195da4c0fffff', '89195da4c33ffff', '89195da4c37ffff', '89195da4893ffff'}",6.0,237.0
89195da4c43ffff,"{'89195da4c57ffff', '89195da4c7bffff', '89195da4c0bffff', '89195da4eb7ffff', '89195da4c73ffff', '89195da4c5bffff', '89195da4ccbffff', '89195da4ccfffff', '89195da412fffff', '89195da4e87ffff', '89195da4127ffff', '89195da4eb3ffff', '89195da4c1bffff', '89195da4c4bffff', '89195da4c4fffff', '89195da4c47ffff', '89195da4e97ffff', '89195da4c53ffff', '89195da4c43ffff'}",1.0,39.0
89195da4c47ffff,"{'89195da4c57ffff', '89195da4c7bffff', '89195da4c6bffff', '89195da4c03ffff', '89195da4c0bffff', '89195da4eb7ffff', '89195da4c63ffff', '89195da4c73ffff', '89195da4c5bffff', '89195da4ccfffff', '89195da4c77ffff', '89195da4c1bffff', '89195da4eb3ffff', '89195da4c0fffff', '89195da4c4bffff', '89195da4c4fffff', '89195da4c47ffff', '89195da4c53ffff', '89195da4c43ffff'}",1.0,36.0
89195da4c4bffff,"{'89195da4c57ffff', '89195da4ebbffff', '89195da4c7bffff', '89195da4eb7ffff', '89195da4c5bffff', '89195da4e8fffff', '89195da4ea3ffff', '89195da412fffff', '89195da4e87ffff', '89195da4eb3ffff', '89195da4127ffff', '89195da4e93ffff', '89195da4c4bffff', '89195da4e83ffff', '89195da4c4fffff', '89195da4c47ffff', '89195da4e97ffff', '89195da4c53ffff', '89195da4c43ffff'}",1.0,48.0
89195da4c53ffff,"{'89195da4c57ffff', '89195da4c0bffff', '89195da4cc3ffff', '89195da4c5bffff', '89195da4137ffff', '89195da4ccbffff', '89195da4ccfffff', '89195da4cc7ffff', '89195da4cdbffff', '89195da4c53ffff', '89195da412fffff', '89195da4c1bffff', '89195da4127ffff', '89195da4c4bffff', '89195da4c4fffff', '89195da4c47ffff', '89195da4e97ffff', '89195da4c43ffff', '89195da4123ffff'}",4.0,38.0
89195da4c57ffff,"{'89195da4c57ffff', '89195da4c7bffff', '89195da4c0bffff', '89195da4c03ffff', '89195da4cc3ffff', '89195da4c73ffff', '89195da4c5bffff', '89195da4ccbffff', '89195da4ccfffff', '89195da4cc7ffff', '89195da4c1bffff', '89195da4127ffff', '89195da4c0fffff', '89195da4c4bffff', '89195da4c4fffff', '89195da4c47ffff', '89195da4c53ffff', '89195da4c13ffff', '89195da4c43ffff'}",1.0,47.0
89195da4c5bffff,"{'89195da4c57ffff', '89195da4c5bffff', '89195da4137ffff', '89195da4ccbffff', '89195da4ccfffff', '89195da412fffff', '89195da4e87ffff', '89195da4127ffff', '89195da4eb3ffff', '89195da4e93ffff', '89195da4c4bffff', '89195da4e83ffff', '89195da4c4fffff', '89195da4c47ffff', '89195da4e97ffff', '89195da412bffff', '89195da4c53ffff', '89195da4123ffff', '89195da4c43ffff'}",7.0,44.0
89195da4c63ffff,"{'89195da4c7bffff', '89195da4c6fffff', '89195da4c6bffff', '89195da4c0bffff', '89195da4eb7ffff', '89195da4c73ffff', '89195da4c63ffff', '89195da48d7ffff', '89195da48d3ffff', '89195da4c3bffff', '89195da4c77ffff', '89195da4c67ffff', '89195da489bffff', '89195da4ea7ffff', '89195da4c2bffff', '89195da4c0fffff', '89195da4c4fffff', '89195da4c47ffff', '89195da4893ffff'}",1.0,28.0
89195da4c77ffff,"{'89195da4c7bffff', '89195da4c6bffff', '89195da4c6fffff', '89195da4c03ffff', '89195da4c0bffff', '89195da4c2fffff', '89195da4c63ffff', '89195da4c23ffff', '89195da4c73ffff', '89195da4c07ffff', '89195da4c3bffff', '89195da4c77ffff', '89195da4c67ffff', '89195da489bffff', '89195da4c2bffff', '89195da4c0fffff', '89195da4c47ffff', '89195da4c33ffff', '89195da4893ffff'}",5.0,156.0
89195da4c7bffff,"{'89195da4c57ffff', '89195da4c7bffff', '89195da4c6bffff', '89195da4c6fffff', '89195da4c0bffff', '89195da4eb7ffff', '89195da4c63ffff', '89195da4c73ffff', '89195da48d3ffff', '89195da4c77ffff', '89195da4c67ffff', '89195da4ea7ffff', '89195da4ea3ffff', '89195da4eb3ffff', '89195da4c0fffff', '89195da4c4bffff', '89195da4c4fffff', '89195da4c47ffff', '89195da4c43ffff'}",1.0,24.0
89195da4c83ffff,"{'89195da6b5bffff', '89195da4cd7ffff', '89195da4cbbffff', '89195da6a2bffff', '89195da4cc7ffff', '89195da6a2fffff', '89195da6b4bffff', '89195da4c17ffff', '89195da4cb3ffff', '89195da4c8fffff', '89195da6a6fffff', '89195da4c83ffff', '89195da4c9bffff', '89195da6a67ffff', '89195da4c8bffff', '89195da4c87ffff', '89195da4c93ffff', '89195da4c13ffff', '89195da4c97ffff'}",12.0,83.0
89195da4c87ffff,"{'89195da6b5bffff', '89195da4cbbffff', '89195da4ca3ffff', '89195da4cabffff', '89195da4cb7ffff', '89195da6a2fffff', '89195da6b43ffff', '89195da6b4bffff', '89195da4c17ffff', '89195da4c83ffff', '89195da4cb3ffff', '89195da4c8fffff', '89195da6b4fffff', '89195da4c9bffff', '89195da4c8bffff', '89195da4c87ffff', '89195da4c93ffff', '89195da4c13ffff', '89195da4c97ffff'}",22.0,88.0
89195da4c8fffff,"{'89195da4cd7ffff', '89195da4c03ffff', '89195da4cbbffff', '89195da4ca3ffff', '89195da4cc7ffff', '89195da4c07ffff', '89195da4cabffff', '89195da6b4bffff', '89195da4c17ffff', '89195da4c83ffff', '89195da4cb3ffff', '89195da4c1bffff', '89195da4c8fffff', '89195da4c9bffff', '89195da4c8bffff', '89195da4c87ffff', '89195da4c93ffff', '89195da4c13ffff', '89195da4c97ffff'}",6.0,97.0
89195da4c93ffff,"{'89195da6b5bffff', '89195da4cd7ffff', '89195da6a63ffff', '89195da6a3bffff', '89195da6a2bffff', '89195da6a2fffff', '89195da6a23ffff', '89195da6b4bffff', '89195da4c8fffff', '89195da4c83ffff', '89195da6a6fffff', '89195da6a77ffff', '89195da4c9bffff', '89195da6a27ffff', '89195da6a67ffff', '89195da4c8bffff', '89195da4c87ffff', '89195da4c93ffff', '89195da4c97ffff'}",1.0,68.0
89195da4c97ffff,"{'89195da6b5bffff', '89195da4cbbffff', '89195da6a2bffff', '89195da6a2fffff', '89195da6a23ffff', '89195da6b43ffff', '89195da6b4bffff', '89195da4c8fffff', '89195da4c83ffff', '89195da4cb3ffff', '89195da6b4fffff', '89195da4c9bffff', '89195da6a27ffff', '89195da6a67ffff', '89195da4c8bffff', '89195da6b53ffff', '89195da4c87ffff', '89195da4c93ffff', '89195da4c97ffff'}",4.0,83.0
89195da4c9bffff,"{'89195da4cd7ffff', '89195da4cc3ffff', '89195da6a63ffff', '89195da4c13ffff', '89195da6a2bffff', '89195da4cc7ffff', '89195da6a2fffff', '89195da4c8fffff', '89195da4c83ffff', '89195da6a6fffff', '89195da6a77ffff', '89195da4cd3ffff', '89195da4c9bffff', '89195da6a67ffff', '89195da4c8bffff', '89195da4c87ffff', '89195da4c93ffff', '89195da6a6bffff', '89195da4c97ffff'}",1.0,74.0
89195da4ca3ffff,"{'89195da6b6bffff', '89195da4cbbffff', '89195da4ddbffff', '89195da4ca3ffff', '89195da4cafffff', '89195da4c07ffff', '89195da4cb7ffff', '89195da4cabffff', '89195da6b7bffff', '89195da6b4bffff', '89195da4c17ffff', '89195da4cb3ffff', '89195da4c8fffff', '89195da6b4fffff', '89195da4c33ffff', '89195da4c87ffff', '89195da4c37ffff', '89195da4ca7ffff', '89195da4dd3ffff'}",10.0,273.0
89195da4ca7ffff,"{'89195da6b6bffff', '89195da4cbbffff', '89195da6b6fffff', '89195da4ddbffff', '89195da4ca3ffff', '89195da4dc3ffff', '89195da4cafffff', '89195da4cabffff', '89195da4cb7ffff', '89195da6b7bffff', '89195da4dd7ffff', '89195da4cb3ffff', '89195da6b4fffff', '89195da4c33ffff', '89195da4c37ffff', '89195da4ca7ffff', '89195da4dd3ffff', '89195da4dcbffff', '89195da6b63ffff'}",21.0,269.0
89195da4cabffff,"{'89195da4c03ffff', '89195da4cbbffff', '89195da4ddbffff', '89195da4ca3ffff', '89195da4c23ffff', '89195da4cafffff', '89195da4c07ffff', '89195da4cb7ffff', '89195da4c3bffff', '89195da4ca7ffff', '89195da4cabffff', '89195da4c17ffff', '89195da4cb3ffff', '89195da4c8fffff', '89195da4c0fffff', '89195da4c33ffff', '89195da4c87ffff', '89195da4c37ffff', '89195da4c13ffff'}",6.0,295.0
89195da4cafffff,"{'89195da6b6bffff', '89195da4cbbffff', '89195da4ddbffff', '89195da4ca3ffff', '89195da4c23ffff', '89195da4dc3ffff', '89195da4cafffff', '89195da4c07ffff', '89195da4cb7ffff', '89195da4c3bffff', '89195da4cabffff', '89195da4c17ffff', '89195da4cb3ffff', '89195da4c27ffff', '89195da4c33ffff', '89195da4c37ffff', '89195da4ca7ffff', '89195da4dd3ffff', '89195da4dcbffff'}",10.0,297.0
89195da4cbbffff,"{'89195da4c03ffff', '89195da4cbbffff', '89195da4ca3ffff', '89195da4cafffff', '89195da4c07ffff', '89195da4cb7ffff', '89195da4cabffff', '89195da4ca7ffff', '89195da6b4bffff', '89195da4c17ffff', '89195da4cb3ffff', '89195da4c83ffff', '89195da4c8fffff', '89195da6b4fffff', '89195da4c33ffff', '89195da4c8bffff', '89195da4c87ffff', '89195da4c13ffff', '89195da4c97ffff'}",12.0,232.0
89195da4cc3ffff,"{'89195da4c57ffff', '89195da4cd7ffff', '89195da6a6bffff', '89195da4cc3ffff', '89195da4137ffff', '89195da4ccbffff', '89195da4cc7ffff', '89195da4ccfffff', '89195da4cdbffff', '89195da41a7ffff', '89195da6a6fffff', '89195da4c1bffff', '89195da4127ffff', '89195da4cd3ffff', '89195da4c9bffff', '89195da41afffff', '89195da4c8bffff', '89195da4c53ffff', '89195da4c13ffff'}",2.0,24.0
89195da4ccbffff,"{'89195da4c57ffff', '89195da4cd7ffff', '89195da4cc3ffff', '89195da4c5bffff', '89195da4137ffff', '89195da4ccbffff', '89195da4ccfffff', '89195da4cc7ffff', '89195da4cdbffff', '89195da41a7ffff', '89195da412fffff', '89195da4c1bffff', '89195da4127ffff', '89195da4cd3ffff', '89195da4133ffff', '89195da41afffff', '89195da4c53ffff', '89195da4123ffff', '89195da4c43ffff'}",3.0,29.0
89195da4d03ffff,"{'89195da4d03ffff', '89195da4d17ffff', '89195da4d07ffff', '89195da4d0bffff', '89195da4d8bffff', '89195da4d57ffff', '89195da4d8fffff', '89195da4d47ffff', '89195da4dc7ffff', '89195da4dabffff', '89195da4d0fffff', '89195da4d77ffff', '89195da4d33ffff', '89195da4d3bffff', '89195da4d73ffff', '89195da4dcfffff', '89195da4d13ffff', '89195da4d1bffff', '89195da4dbbffff'}",19.0,179.0
89195da4d07ffff,"{'89195da4d2bffff', '89195da4d03ffff', '89195da4dafffff', '89195da4d17ffff', '89195da4d07ffff', '89195da4d0bffff', '89195da4da3ffff', '89195da4d8fffff', '89195da4dabffff', '89195da4d0fffff', '89195da4d77ffff', '89195da4d37ffff', '89195da4d33ffff', '89195da4d3bffff', '89195da4d23ffff', '89195da4d73ffff', '89195da4d13ffff', '89195da4d1bffff', '89195da4dbbffff'}",7.0,203.0
89195da4d0bffff,"{'89195da4d03ffff', '89195da4d43ffff', '89195da4d17ffff', '89195da4d07ffff', '89195da4d0bffff', '89195da4d4fffff', '89195da4d57ffff', '89195da4d7bffff', '89195da4d47ffff', '89195da4d53ffff', '89195da4dc7ffff', '89195da4d0fffff', '89195da4d77ffff', '89195da4d63ffff', '89195da4d3bffff', '89195da4d73ffff', '89195da4dcfffff', '89195da4d13ffff', '89195da4d1bffff'}",10.0,134.0
89195da4d0fffff,"{'89195da4d2bffff', '89195da4d03ffff', '89195da4d17ffff', '89195da4d07ffff', '89195da4d0bffff', '89195da4d57ffff', '89195da4d7bffff', '89195da4d47ffff', '89195da4d67ffff', '89195da4dabffff', '89195da4d0fffff', '89195da4d77ffff', '89195da4d33ffff', '89195da4d63ffff', '89195da4d3bffff', '89195da4d23ffff', '89195da4d73ffff', '89195da4d13ffff', '89195da4d1bffff'}",4.0,228.0
89195da4d13ffff,"{'89195da4d87ffff', '89195da4d03ffff', '89195da4d17ffff', '89195da4dc3ffff', '89195da4d07ffff', '89195da4d83ffff', '89195da4d0bffff', '89195da4d8bffff', '89195da4d57ffff', '89195da4d8fffff', '89195da4d9bffff', '89195da4dd7ffff', '89195da4dc7ffff', '89195da4dabffff', '89195da4d0fffff', '89195da4dcfffff', '89195da4d13ffff', '89195da4d1bffff', '89195da4dbbffff'}",3.0,195.0
89195da4d17ffff,"{'89195da4d87ffff', '89195da4d03ffff', '89195da4dafffff', '89195da4d17ffff', '89195da4d07ffff', '89195da4d83ffff', '89195da4d0bffff', '89195da4d8bffff', '89195da4da3ffff', '89195da4d8fffff', '89195da4dc7ffff', '89195da4db3ffff', '89195da4dabffff', '89195da4d0fffff', '89195da4d33ffff', '89195da4d3bffff', '89195da4d13ffff', '89195da4d1bffff', '89195da4dbbffff'}",12.0,217.0
89195da4d1bffff,"{'89195da4d03ffff', '89195da4d43ffff', '89195da4d17ffff', '89195da4dc3ffff', '89195da4d07ffff', '89195da4d0bffff', '89195da4d8bffff', '89195da4d57ffff', '89195da4d8fffff', '89195da4d47ffff', '89195da4dd7ffff', '89195da4dc7ffff', '89195da4d53ffff', '89195da4d0fffff', '89195da4d73ffff', '89195da4dcfffff', '89195da4d13ffff', '89195da4d1bffff', '89195da4dcbffff'}",2.0,152.0
89195da4d23ffff,"{'89195da4d2bffff', '89195da4dafffff', '89194ad32cbffff', '89194ad3253ffff', '89195da4d07ffff', '89194ad32dbffff', '89195da4993ffff', '89195da4d67ffff', '89195da4dabffff', '89194ad325bffff', '89195da4d0fffff', '89195da4d27ffff', '89195da4d37ffff', '89195da4d77ffff', '89195da4997ffff', '89195da4d33ffff', '89195da4d3bffff', '89195da4d23ffff', '89195da4d2fffff'}",9.0,378.0
89195da4d27ffff,"{'89195da4d2bffff', '89194ad32cfffff', '89195da4dafffff', '89194ad32cbffff', '89194ad3253ffff', '89194ad32c3ffff', '89194ad32dbffff', '89195da4993ffff', '89194ad3243ffff', '89194ad325bffff', '89195da4d27ffff', '89195da4d37ffff', '89195da4997ffff', '89194ad3257ffff', '89195da4d33ffff', '89195da4d3bffff', '89195da4d23ffff', '89195da4d2fffff', '89194ad324bffff'}",22.0,483.0
89195da4d2bffff,"{'89195da4d2bffff', '89195da499bffff', '89195da4d07ffff', '89195da4993ffff', '89195da4d67ffff', '89195da4983ffff', '89194ad325bffff', '89195da4d0fffff', '89195da4d77ffff', '89195da4d27ffff', '89195da4997ffff', '89195da4d37ffff', '89195da4d33ffff', '89195da4d3bffff', '89195da4d63ffff', '89195da4d2fffff', '89195da4d23ffff', '89195da4d73ffff', '89195da4d6fffff'}",11.0,463.0
89195da4d2fffff,"{'89195da4d2bffff', '89195da499bffff', '89194ad32cbffff', '89194ad3253ffff', '89195da4987ffff', '89195da4993ffff', '89195da4d67ffff', '89195da4983ffff', '89194ad3243ffff', '89194ad325bffff', '89195da4d27ffff', '89195da4d77ffff', '89195da4997ffff', '89195da4d37ffff', '89195da4d33ffff', '89195da4d3bffff', '89195da4d23ffff', '89195da4d2fffff', '89194ad324bffff'}",23.0,738.0
89195da4d33ffff,"{'89195da4d2bffff', '89195da4d03ffff', '89195da4dafffff', '89194ad32cbffff', '89195da4d17ffff', '89195da4d07ffff', '89195da4da3ffff', '89194ad32dbffff', '89195da4dabffff', '89195da4d0fffff', '89195da4d77ffff', '89195da4d37ffff', '89195da4d27ffff', '89195da4d33ffff', '89195da4d3bffff', '89195da4d23ffff', '89195da4d2fffff', '89195da4da7ffff', '89195da4dbbffff'}",24.0,243.0
89195da4d37ffff,"{'89195da4d2bffff', '89194ad32cfffff', '89195da4dafffff', '89194ad32cbffff', '89194ad3253ffff', '89195da4d07ffff', '89194ad32d3ffff', '89194ad32c3ffff', '89195da4da3ffff', '89194ad32dbffff', '89195da4dabffff', '89194ad325bffff', '89195da4d27ffff', '89195da4d37ffff', '89195da4d33ffff', '89195da4d3bffff', '89195da4d23ffff', '89195da4d2fffff', '89195da4da7ffff'}",16.0,310.0
89195da4d3bffff,"{'89195da4d2bffff', '89195da4d03ffff', '89195da4dafffff', '89195da4d17ffff', '89195da4d07ffff', '89195da4d0bffff', '89195da4993ffff', '89195da4d67ffff', '89195da4dabffff', '89195da4d0fffff', '89195da4d77ffff', '89195da4d27ffff', '89195da4d37ffff', '89195da4d33ffff', '89195da4d63ffff', '89195da4d23ffff', '89195da4d73ffff', '89195da4d2fffff', '89195da4d3bffff'}",5.0,324.0
89195da4d43ffff,"{'89195da4d5bffff', '89195da4d43ffff', '89195da4c2fffff', '89195da4d0bffff', '89195da4897ffff', '89195da4d4fffff', '89195da4d57ffff', '89195da4887ffff', '89195da4d47ffff', '89195da4d53ffff', '89195da48b3ffff', '89195da4c27ffff', '89195da4d4bffff', '89195da4d73ffff', '89195da48b7ffff', '89195da4dcfffff', '89195da4d7bffff', '89195da4d1bffff', '89195da4dcbffff'}",1.0,85.0
89195da4d47ffff,"{'89195da4d5bffff', '89195da4d03ffff', '89195da4d43ffff', '89195da4d0bffff', '89195da4d4fffff', '89195da4d57ffff', '89195da4d47ffff', '89195da4d6bffff', '89195da4d53ffff', '89195da48b3ffff', '89195da4d4bffff', '89195da4d0fffff', '89195da4d77ffff', '89195da4d63ffff', '89195da4d73ffff', '89195da48b7ffff', '89195da4dcfffff', '89195da4d7bffff', '89195da4d1bffff'}",4.0,125.0
89195da4d4fffff,"{'89195da4d5bffff', '89195da4d43ffff', '89195da4d0bffff', '89195da4897ffff', '89195da4d4fffff', '89195da4d57ffff', '89195da4887ffff', '89195da4d47ffff', '89195da4d6bffff', '89195da4d53ffff', '89195da48b3ffff', '89195da48a3ffff', '89195da4d4bffff', '89195da48a7ffff', '89195da4d63ffff', '89195da4d73ffff', '89195da48bbffff', '89195da48b7ffff', '89195da4d7bffff'}",1.0,95.0
89195da4d63ffff,"{'89195da49d7ffff', '89195da4d2bffff', '89195da499bffff', '89195da4d0bffff', '89195da4d4fffff', '89195da4d47ffff', '89195da4d6bffff', '89195da4993ffff', '89195da4d67ffff', '89195da49d3ffff', '89195da4d0fffff', '89195da4d77ffff', '89195da48a7ffff', '89195da4d3bffff', '89195da4d73ffff', '89195da4d63ffff', '89195da48b7ffff', '89195da4d6fffff', '89195da4d7bffff'}",39.0,287.0
89195da4d67ffff,"{'89195da49d7ffff', '89195da498bffff', '89195da4d2bffff', '89195da499bffff', '89195da4993ffff', '89195da4d6bffff', '89195da4d67ffff', '89195da4983ffff', '89195da49d3ffff', '89195da4d0fffff', '89195da4d77ffff', '89195da4997ffff', '89195da4d63ffff', '89195da4d3bffff', '89195da4d23ffff', '89195da4d2fffff', '89195da4d73ffff', '89195da4d6fffff', '89195da4d7bffff'}",44.0,448.0
89195da4d6bffff,"{'89195da49d7ffff', '89195da499bffff', '89195da49c3ffff', '89195da4d4fffff', '89195da48afffff', '89195da4d47ffff', '89195da49dbffff', '89195da48b3ffff', '89195da4d67ffff', '89195da4d6bffff', '89195da48a3ffff', '89195da49d3ffff', '89195da4d77ffff', '89195da48a7ffff', '89195da4d63ffff', '89195da4d73ffff', '89195da48b7ffff', '89195da4d6fffff', '89195da4d7bffff'}",18.0,229.0
89195da4d6fffff,"{'89195da49d7ffff', '89195da498bffff', '89195da4d2bffff', '89195da499bffff', '89195da49c3ffff', '89195da49dbffff', '89195da4d6bffff', '89195da4993ffff', '89195da4983ffff', '89195da4d67ffff', '89195da49d3ffff', '89195da4d77ffff', '89195da48a7ffff', '89195da4d63ffff', '89195da4d73ffff', '89195da48b7ffff', '89195da49c7ffff', '89195da4d6fffff', '89195da4d7bffff'}",23.0,417.0
89195da4d73ffff,"{'89195da4d2bffff', '89195da4d03ffff', '89195da4d43ffff', '89195da4d07ffff', '89195da4d0bffff', '89195da4d4fffff', '89195da4d57ffff', '89195da4d47ffff', '89195da4d6bffff', '89195da4d67ffff', '89195da4d0fffff', '89195da4d77ffff', '89195da4d63ffff', '89195da4d3bffff', '89195da4d73ffff', '89195da48b7ffff', '89195da4d6fffff', '89195da4d7bffff', '89195da4d1bffff'}",17.0,209.0
89195da4d7bffff,"{'89195da4d43ffff', '89195da4d0bffff', '89195da4d4fffff', '89195da4d57ffff', '89195da4d7bffff', '89195da4d47ffff', '89195da4d6bffff', '89195da48b3ffff', '89195da4d67ffff', '89195da49d3ffff', '89195da4d4bffff', '89195da4d0fffff', '89195da4d77ffff', '89195da48a7ffff', '89195da4d63ffff', '89195da4d73ffff', '89195da48b7ffff', '89195da4d6fffff', '89195da48a3ffff'}",4.0,168.0
89195da4d83ffff,"{'89195da4d97ffff', '89195da4d87ffff', '89195da6b6fffff', '89195da4d17ffff', '89194ad364bffff', '89195da4d83ffff', '89195da4d8bffff', '89195da6b67ffff', '89195da4d93ffff', '89195da4d8fffff', '89195da4d9bffff', '89195da4dd7ffff', '89195da4dc7ffff', '89194ad365bffff', '89195da4db3ffff', '89195da6b2bffff', '89195da6b2fffff', '89195da4d13ffff', '89195da4dbbffff'}",16.0,157.0
89195da4d87ffff,"{'89195da4d97ffff', '89195da4d87ffff', '89194ad3643ffff', '89194ad364fffff', '89195da4d17ffff', '89195da4d83ffff', '89194ad364bffff', '89195da4d8bffff', '89195da4d93ffff', '89195da4d8fffff', '89195da4da3ffff', '89195da4d9bffff', '89194ad365bffff', '89195da4db3ffff', '89195da4db7ffff', '89195da4dabffff', '89195da6b2fffff', '89195da4d13ffff', '89195da4dbbffff'}",31.0,192.0
89195da4d8bffff,"{'89195da4d97ffff', '89195da4d87ffff', '89195da4dd3ffff', '89195da4d03ffff', '89195da6b6fffff', '89195da4d17ffff', '89195da4dc3ffff', '89195da4d83ffff', '89195da4d8bffff', '89195da6b67ffff', '89195da4d93ffff', '89195da4d8fffff', '89195da4d9bffff', '89195da4dd7ffff', '89195da4dc7ffff', '89195da4dcfffff', '89195da4d13ffff', '89195da4d1bffff', '89195da4dbbffff'}",7.0,168.0
89195da4d8fffff,"{'89195da4d97ffff', '89195da4d87ffff', '89195da4d03ffff', '89195da4d17ffff', '89195da4d07ffff', '89195da4d83ffff', '89194ad364bffff', '89195da4d8bffff', '89195da4d93ffff', '89195da4da3ffff', '89195da4d8fffff', '89195da4d9bffff', '89195da4dd7ffff', '89195da4dc7ffff', '89195da4db3ffff', '89195da4dabffff', '89195da4d13ffff', '89195da4d1bffff', '89195da4dbbffff'}",24.0,195.0
89195da4d93ffff,"{'89195da4d97ffff', '89195da4d87ffff', '89195da6b77ffff', '89195da6b6fffff', '89195da4d83ffff', '89194ad364bffff', '89195da4d8bffff', '89195da6b67ffff', '89195da4d93ffff', '89195da4d8fffff', '89195da4d9bffff', '89195da4dd7ffff', '89194ad365bffff', '89195da6b27ffff', '89195da6b23ffff', '89195da6b2bffff', '89195da6b3bffff', '89195da6b2fffff', '89195da6b63ffff'}",6.0,140.0
89195da4d9bffff,"{'89195da4d97ffff', '89195da4d87ffff', '89195da6b77ffff', '89195da6b6bffff', '89195da6b6fffff', '89195da4dc3ffff', '89195da4d83ffff', '89195da4d8bffff', '89195da6b67ffff', '89195da4d93ffff', '89195da4d8fffff', '89195da4d9bffff', '89195da4dd7ffff', '89195da4dc7ffff', '89195da6b2bffff', '89195da6b2fffff', '89195da4d13ffff', '89195da4dd3ffff', '89195da6b63ffff'}",17.0,114.0
89195da4da3ffff,"{'89195da4d87ffff', '89194ad367bffff', '89194ad364fffff', '89195da4dafffff', '89195da4d17ffff', '89195da4d07ffff', '89194ad364bffff', '89194ad32d3ffff', '89195da4da3ffff', '89195da4d8fffff', '89194ad32dbffff', '89194ad366bffff', '89195da4db3ffff', '89195da4db7ffff', '89195da4dabffff', '89195da4d37ffff', '89195da4d33ffff', '89195da4da7ffff', '89195da4dbbffff'}",1.0,256.0
89195da4da7ffff,"{'89194ad367bffff', '89194ad364fffff', '89195da4dafffff', '89194ad32cbffff', '89194ad32d3ffff', '89194ad32d7ffff', '89194ad32c3ffff', '89195da4da3ffff', '89194ad3663ffff', '89194ad32dbffff', '89194ad366bffff', '89195da4db3ffff', '89195da4db7ffff', '89195da4dabffff', '89195da4d37ffff', '89195da4d33ffff', '89194ad366fffff', '89195da4da7ffff', '89195da4dbbffff'}",3.0,283.0
89195da4dabffff,"{'89195da4d87ffff', '89195da4d03ffff', '89195da4dafffff', '89195da4d17ffff', '89195da4d07ffff', '89195da4da3ffff', '89195da4d8fffff', '89194ad32dbffff', '89195da4db3ffff', '89195da4db7ffff', '89195da4dabffff', '89195da4d0fffff', '89195da4d37ffff', '89195da4d33ffff', '89195da4d3bffff', '89195da4d23ffff', '89195da4da7ffff', '89195da4d13ffff', '89195da4dbbffff'}",14.0,222.0
89195da4dafffff,"{'89195da4d17ffff', '89194ad32cbffff', '89195da4dafffff', '89195da4d07ffff', '89194ad32d3ffff', '89194ad32c3ffff', '89195da4da3ffff', '89194ad32dbffff', '89194ad366bffff', '89195da4db3ffff', '89195da4db7ffff', '89195da4dabffff', '89195da4d27ffff', '89195da4d37ffff', '89195da4d33ffff', '89195da4d3bffff', '89195da4d23ffff', '89195da4da7ffff', '89195da4dbbffff'}",4.0,275.0
89195da4db3ffff,"{'89195da4d97ffff', '89195da4d87ffff', '89194ad3643ffff', '89194ad367bffff', '89194ad364fffff', '89195da4dafffff', '89195da4d17ffff', '89194ad364bffff', '89195da4d83ffff', '89195da4da3ffff', '89195da4d8fffff', '89194ad3647ffff', '89194ad366bffff', '89194ad365bffff', '89195da4db3ffff', '89195da4db7ffff', '89195da4dabffff', '89195da4da7ffff', '89195da4dbbffff'}",13.0,206.0
89195da4db7ffff,"{'89195da4d87ffff', '89194ad3643ffff', '89194ad367bffff', '89194ad364fffff', '89195da4dafffff', '89194ad364bffff', '89194ad32d3ffff', '89195da4da3ffff', '89194ad3663ffff', '89194ad32dbffff', '89194ad3647ffff', '89194ad366bffff', '89195da4db3ffff', '89195da4db7ffff', '89195da4dabffff', '89194ad366fffff', '89195da4da7ffff', '89194ad3673ffff', '89195da4dbbffff'}",1.0,220.0
89195da4dbbffff,"{'89195da4d97ffff', '89195da4d87ffff', '89195da4d03ffff', '89194ad364fffff', '89195da4dafffff', '89195da4d17ffff', '89195da4d07ffff', '89195da4d83ffff', '89194ad364bffff', '89195da4d8bffff', '89195da4da3ffff', '89195da4d8fffff', '89195da4db3ffff', '89195da4db7ffff', '89195da4dabffff', '89195da4d33ffff', '89195da4da7ffff', '89195da4d13ffff', '89195da4dbbffff'}",21.0,203.0
89195da4dc3ffff,"{'89195da4dd3ffff', '89195da6b6bffff', '89195da6b6fffff', '89195da4ddbffff', '89195da4dc3ffff', '89195da4cafffff', '89195da4d8bffff', '89195da4d57ffff', '89195da4d9bffff', '89195da4dd7ffff', '89195da4dc7ffff', '89195da4d53ffff', '89195da4c27ffff', '89195da4c37ffff', '89195da4dcfffff', '89195da4d13ffff', '89195da4ca7ffff', '89195da4d1bffff', '89195da4dcbffff'}",2.0,173.0
89195da4dcbffff,"{'89195da4d5bffff', '89195da4d43ffff', '89195da4ddbffff', '89195da4c2fffff', '89195da4c23ffff', '89195da4d1bffff', '89195da4dc3ffff', '89195da4cafffff', '89195da4d57ffff', '89195da4dd7ffff', '89195da4d53ffff', '89195da4dc7ffff', '89195da4c27ffff', '89195da4c33ffff', '89195da4c37ffff', '89195da4dcfffff', '89195da4ca7ffff', '89195da4dd3ffff', '89195da4dcbffff'}",34.0,258.0
89195da4dcfffff,"{'89195da4d5bffff', '89195da4d03ffff', '89195da4d43ffff', '89195da4ddbffff', '89195da4d1bffff', '89195da4dc3ffff', '89195da4d0bffff', '89195da4d8bffff', '89195da4d57ffff', '89195da4d47ffff', '89195da4dd7ffff', '89195da4d53ffff', '89195da4dc7ffff', '89195da4c27ffff', '89195da4c37ffff', '89195da4dcfffff', '89195da4d13ffff', '89195da4dd3ffff', '89195da4dcbffff'}",6.0,159.0
89195da4dd3ffff,"{'89195da6b6bffff', '89195da6b6fffff', '89195da4ddbffff', '89195da4ca3ffff', '89195da4dc3ffff', '89195da4cafffff', '89195da4d8bffff', '89195da4cb7ffff', '89195da6b7bffff', '89195da6b67ffff', '89195da4d9bffff', '89195da4dd7ffff', '89195da4dc7ffff', '89195da4c37ffff', '89195da4dcfffff', '89195da4ca7ffff', '89195da4dd3ffff', '89195da4dcbffff', '89195da6b63ffff'}",1.0,175.0
89195da4ddbffff,"{'89195da6b6bffff', '89195da6b6fffff', '89195da4ddbffff', '89195da4ca3ffff', '89195da4c23ffff', '89195da4dc3ffff', '89195da4cafffff', '89195da4cabffff', '89195da4cb7ffff', '89195da4dd7ffff', '89195da4d53ffff', '89195da4dc7ffff', '89195da4c27ffff', '89195da4c33ffff', '89195da4c37ffff', '89195da4dcfffff', '89195da4ca7ffff', '89195da4dd3ffff', '89195da4dcbffff'}",2.0,271.0
89195da4e07ffff,"{'89195da4e07ffff', '89195da4eabffff', '89195da4ebbffff', '89195da4e77ffff', '89195da4e8fffff', '89195da4e0fffff', '89195da4e17ffff', '89195da4eafffff', '89195da4e23ffff', '89195da4e03ffff', '89195da4e1bffff', '89195da4e37ffff', '89195da4e73ffff', '89195da4ea3ffff', '89195da4e0bffff', '89195da4e3bffff', '89195da4e2bffff', '89195da4e13ffff', '89195da4e33ffff'}",5.0,41.0
89195da4e0bffff,"{'89195da4e07ffff', '89195da4ec7ffff', '89195da4ecfffff', '89195da4e77ffff', '89195da4e7bffff', '89195da4e0fffff', '89195da4e17ffff', '89195da4e03ffff', '89195da4e53ffff', '89195da4e1bffff', '89195da4e73ffff', '89195da4e63ffff', '89195da4e0bffff', '89195da4e3bffff', '89195da4e4fffff', '89195da4e43ffff', '89195da4e47ffff', '89195da4e13ffff', '89195da4e57ffff'}",1.0,63.0
89195da4e13ffff,"{'89195da4e07ffff', '89195da4ec7ffff', '89195da4eabffff', '89195da4ebbffff', '89195da4ecfffff', '89195da4ed7ffff', '89195da4e9bffff', '89195da4e8fffff', '89195da4e8bffff', '89195da4e17ffff', '89195da4e0fffff', '89195da4e03ffff', '89195da4e1bffff', '89195da4e87ffff', '89195da4e0bffff', '89195da4e83ffff', '89195da4ec3ffff', '89195da4e13ffff', '89195da4e57ffff'}",2.0,64.0
89195da4e17ffff,"{'89195da4e07ffff', '89195da4eabffff', '89195da4ec7ffff', '89195da4ebbffff', '89195da4e8fffff', '89195da4e8bffff', '89195da4e0fffff', '89195da4e17ffff', '89195da4eafffff', '89195da4e03ffff', '89195da4e1bffff', '89195da4ea3ffff', '89195da4e87ffff', '89195da4eb3ffff', '89195da4e0bffff', '89195da4e3bffff', '89195da4e83ffff', '89195da4e13ffff', '89195da4e33ffff'}",3.0,46.0
89195da4e23ffff,"{'89195da4e07ffff', '89195da4eabffff', '89195da4e77ffff', '89195da4e27ffff', '89195da4e0fffff', '89195da4a93ffff', '89195da4a97ffff', '89195da4eafffff', '89195da4853ffff', '89195da48cbffff', '89195da4e23ffff', '89195da4e37ffff', '89195da48dbffff', '89195da4e2fffff', '89195da4e3bffff', '89195da4e2bffff', '89195da4e67ffff', '89195da4e33ffff', '89195da485bffff'}",1.0,32.0
89195da4e2bffff,"{'89195da4e07ffff', '89195da4e77ffff', '89195da4a9bffff', '89195da4e27ffff', '89195da4e0fffff', '89195da4a93ffff', '89195da4a97ffff', '89195da4e23ffff', '89195da4e37ffff', '89195da4e63ffff', '89195da4e73ffff', '89195da4e6fffff', '89195da4e2fffff', '89195da4e3bffff', '89195da4e2bffff', '89195da4e67ffff', '89195da4a83ffff', '89195da4e33ffff', '89195da485bffff'}",9.0,39.0
89195da4e2fffff,"{'89195da4e77ffff', '89195da4a9bffff', '89195da4e27ffff', '89195da4a93ffff', '89195da4a97ffff', '89195da4853ffff', '89195da4e23ffff', '89195da48cbffff', '89195da484bffff', '89195da4843ffff', '89195da4e37ffff', '89195da4e2fffff', '89195da4e3bffff', '89195da4e2bffff', '89195da4e67ffff', '89195da4a83ffff', '89195da4a87ffff', '89195da4e33ffff', '89195da485bffff'}",2.0,29.0
89195da4e47ffff,"{'89195da4e5bffff', '89195da4e77ffff', '89195da4ecfffff', '89195da4e7bffff', '89195da4e4bffff', '89195da5db3ffff', '89195da4e0fffff', '89195da4e03ffff', '89195da4e53ffff', '89195da4e1bffff', '89195da4e73ffff', '89195da4e63ffff', '89195da5db7ffff', '89195da4e0bffff', '89195da4e6bffff', '89195da4e4fffff', '89195da4e43ffff', '89195da4e47ffff', '89195da4e57ffff'}",1.0,78.0
89195da4e4bffff,"{'89195da5d97ffff', '89195da4e5bffff', '89195da5d87ffff', '89195da4e7bffff', '89195da4e4bffff', '89195da432fffff', '89195da5db3ffff', '89195da5dbbffff', '89195da5d8fffff', '89195da4e53ffff', '89195da5da3ffff', '89195da5d93ffff', '89195da5db7ffff', '89195da4327ffff', '89195da4e4fffff', '89195da5d83ffff', '89195da4e43ffff', '89195da4e47ffff', '89195da4e57ffff'}",9.0,60.0
89195da4e4fffff,"{'89195da5d97ffff', '89195da4e5bffff', '89195da5d87ffff', '89195da4e4bffff', '89195da4e7bffff', '89195da5db3ffff', '89195da5dbbffff', '89195da4e53ffff', '89195da5da3ffff', '89195da4e73ffff', '89195da4e63ffff', '89195da5db7ffff', '89195da4e0bffff', '89195da4e6bffff', '89195da4e4fffff', '89195da4e43ffff', '89195da4e47ffff', '89195da5da7ffff', '89195da4e57ffff'}",14.0,70.0
89195da4e57ffff,"{'89195da4ec7ffff', '89195da4e5bffff', '89195da4ecfffff', '89195da4e7bffff', '89195da4e4bffff', '89195da4e0fffff', '89195da4e03ffff', '89195da4e53ffff', '89195da4e1bffff', '89195da4e73ffff', '89195da4327ffff', '89195da4e0bffff', '89195da4e4fffff', '89195da4ecbffff', '89195da4e43ffff', '89195da4ec3ffff', '89195da4e47ffff', '89195da4e13ffff', '89195da4e57ffff'}",10.0,75.0
89195da4e63ffff,"{'89195da4e77ffff', '89195da4a9bffff', '89195da4e7bffff', '89195da4e0fffff', '89195da4a93ffff', '89195da4ad3ffff', '89195da4e73ffff', '89195da4e63ffff', '89195da5db7ffff', '89195da4e6fffff', '89195da4e0bffff', '89195da4e3bffff', '89195da4e6bffff', '89195da4e2bffff', '89195da4e67ffff', '89195da4e4fffff', '89195da4e47ffff', '89195da5da7ffff', '89195da4ad7ffff'}",7.0,64.0
89195da4e67ffff,"{'89195da4e77ffff', '89195da4a8bffff', '89195da4a9bffff', '89195da4e7bffff', '89195da4e0fffff', '89195da4a93ffff', '89195da4a97ffff', '89195da4ad3ffff', '89195da4e23ffff', '89195da4e73ffff', '89195da4e63ffff', '89195da4e6fffff', '89195da4e2fffff', '89195da4e3bffff', '89195da4e6bffff', '89195da4e2bffff', '89195da4e67ffff', '89195da4a83ffff', '89195da4ad7ffff'}",4.0,47.0
89195da4e6bffff,"{'89195da4e77ffff', '89195da4a9bffff', '89195da4e7bffff', '89195da5db3ffff', '89195da5dafffff', '89195da4ac3ffff', '89195da4ad3ffff', '89195da5da3ffff', '89195da4adbffff', '89195da4e63ffff', '89195da4e73ffff', '89195da4e6fffff', '89195da5db7ffff', '89195da4e6bffff', '89195da4e4fffff', '89195da4e67ffff', '89195da4e47ffff', '89195da5da7ffff', '89195da4ad7ffff'}",3.0,70.0
89195da4e6fffff,"{'89195da4e77ffff', '89195da4a8bffff', '89195da4a9bffff', '89195da4e7bffff', '89195da4a93ffff', '89195da4ac3ffff', '89195da4ad3ffff', '89195da4adbffff', '89195da4e63ffff', '89195da4e73ffff', '89195da5db7ffff', '89195da4e6fffff', '89195da4e6bffff', '89195da4ac7ffff', '89195da4e2bffff', '89195da4e67ffff', '89195da4a83ffff', '89195da5da7ffff', '89195da4ad7ffff'}",8.0,55.0
89195da4e7bffff,"{'89195da4e77ffff', '89195da4e7bffff', '89195da4e4bffff', '89195da5db3ffff', '89195da4e0fffff', '89195da4ad3ffff', '89195da5da3ffff', '89195da4e73ffff', '89195da4e63ffff', '89195da5db7ffff', '89195da4e6fffff', '89195da4e0bffff', '89195da4e6bffff', '89195da4e4fffff', '89195da4e67ffff', '89195da4e43ffff', '89195da4e47ffff', '89195da5da7ffff', '89195da4e57ffff'}",10.0,81.0
89195da4e87ffff,"{'89195da4eabffff', '89195da4ebbffff', '89195da4eb7ffff', '89195da4e9bffff', '89195da4c5bffff', '89195da4e8fffff', '89195da4e8bffff', '89195da4e17ffff', '89195da4ea3ffff', '89195da412fffff', '89195da4e87ffff', '89195da4eb3ffff', '89195da4e93ffff', '89195da4c4bffff', '89195da4e83ffff', '89195da4c4fffff', '89195da4e97ffff', '89195da4c43ffff', '89195da4e13ffff'}",5.0,50.0
89195da4e8bffff,"{'89195da4ec7ffff', '89195da4ebbffff', '89195da4167ffff', '89195da4ecfffff', '89195da4ed7ffff', '89195da4e9bffff', '89195da4e8fffff', '89195da4e8bffff', '89195da4e17ffff', '89195da416fffff', '89195da4ed3ffff', '89195da4e03ffff', '89195da4e1bffff', '89195da4e87ffff', '89195da4e93ffff', '89195da4e83ffff', '89195da4e97ffff', '89195da4ec3ffff', '89195da4e13ffff'}",9.0,68.0
89195da4e8fffff,"{'89195da4e07ffff', '89195da4ec7ffff', '89195da4eabffff', '89195da4ebbffff', '89195da4ed7ffff', '89195da4e9bffff', '89195da4e8fffff', '89195da4e8bffff', '89195da4e17ffff', '89195da4e03ffff', '89195da4e1bffff', '89195da4ea3ffff', '89195da4e87ffff', '89195da4eb3ffff', '89195da4e93ffff', '89195da4c4bffff', '89195da4e83ffff', '89195da4e97ffff', '89195da4e13ffff'}",5.0,48.0
89195da4e97ffff,"{'89195da4ebbffff', '89195da4167ffff', '89195da4e9bffff', '89195da4c5bffff', '89195da4e8fffff', '89195da4e8bffff', '89195da412fffff', '89195da4e87ffff', '89195da4eb3ffff', '89195da4127ffff', '89195da4e93ffff', '89195da4c4bffff', '89195da4e83ffff', '89195da4c4fffff', '89195da4e97ffff', '89195da412bffff', '89195da4c53ffff', '89195da4123ffff', '89195da4c43ffff'}",2.0,83.0
89195da4ea3ffff,"{'89195da4e07ffff', '89195da4eabffff', '89195da4ebbffff', '89195da4c7bffff', '89195da4c6bffff', '89195da4eb7ffff', '89195da4e8fffff', '89195da48d3ffff', '89195da4e17ffff', '89195da4eafffff', '89195da4ea7ffff', '89195da4ea3ffff', '89195da4e37ffff', '89195da48dbffff', '89195da4e87ffff', '89195da4eb3ffff', '89195da4c4bffff', '89195da4c4fffff', '89195da4e33ffff'}",3.0,35.0
89195da4eabffff,"{'89195da4e07ffff', '89195da4ebbffff', '89195da4eabffff', '89195da4eb7ffff', '89195da4e8fffff', '89195da4e17ffff', '89195da4e0fffff', '89195da4e03ffff', '89195da4e23ffff', '89195da4eafffff', '89195da4ea7ffff', '89195da4ea3ffff', '89195da4e37ffff', '89195da48dbffff', '89195da4e87ffff', '89195da4eb3ffff', '89195da4e3bffff', '89195da4e13ffff', '89195da4e33ffff'}",2.0,36.0
89195da4ebbffff,"{'89195da4e07ffff', '89195da4eabffff', '89195da4ebbffff', '89195da4eb7ffff', '89195da4e8fffff', '89195da4e8bffff', '89195da4e17ffff', '89195da4e03ffff', '89195da4eafffff', '89195da4ea7ffff', '89195da4ea3ffff', '89195da4e87ffff', '89195da4eb3ffff', '89195da4c4bffff', '89195da4e83ffff', '89195da4c4fffff', '89195da4e97ffff', '89195da4e13ffff', '89195da4e33ffff'}",10.0,47.0
89195da4ec3ffff,"{'89195da4ec7ffff', '89195da4337ffff', '89195da4ecfffff', '89195da4ed7ffff', '89195da4e9bffff', '89195da416bffff', '89195da4e8bffff', '89195da416fffff', '89195da4ed3ffff', '89195da43afffff', '89195da43a7ffff', '89195da4e53ffff', '89195da4edbffff', '89195da4e1bffff', '89195da4327ffff', '89195da4ecbffff', '89195da4ec3ffff', '89195da4e13ffff', '89195da4e57ffff'}",2.0,57.0
89195da4ec7ffff,"{'89195da4ec7ffff', '89195da4ecfffff', '89195da4ed7ffff', '89195da4e9bffff', '89195da4e8fffff', '89195da4e8bffff', '89195da4e17ffff', '89195da416fffff', '89195da4ed3ffff', '89195da4e03ffff', '89195da4e53ffff', '89195da4edbffff', '89195da4e1bffff', '89195da4e0bffff', '89195da4e83ffff', '89195da4ecbffff', '89195da4ec3ffff', '89195da4e13ffff', '89195da4e57ffff'}",1.0,58.0
89195da4ecbffff,"{'89195da4337ffff', '89195da4ec7ffff', '89195da4e5bffff', '89195da4323ffff', '89195da4ecfffff', '89195da4ed7ffff', '89195da432fffff', '89195da4ed3ffff', '89195da43afffff', '89195da43a7ffff', '89195da4e53ffff', '89195da4edbffff', '89195da4e1bffff', '89195da4327ffff', '89195da4333ffff', '89195da4ecbffff', '89195da4e43ffff', '89195da4ec3ffff', '89195da4e57ffff'}",15.0,46.0
89195da4ecfffff,"{'89195da4ec7ffff', '89195da4337ffff', '89195da4e5bffff', '89195da4ecfffff', '89195da4ed7ffff', '89195da4e8bffff', '89195da4ed3ffff', '89195da4e03ffff', '89195da4e53ffff', '89195da4edbffff', '89195da4e1bffff', '89195da4327ffff', '89195da4e0bffff', '89195da4ecbffff', '89195da4e43ffff', '89195da4ec3ffff', '89195da4e47ffff', '89195da4e13ffff', '89195da4e57ffff'}",9.0,58.0
89195da4edbffff,"{'89195da4337ffff', '89195da4ec7ffff', '89195da4ecfffff', '89195da4323ffff', '89195da4ed7ffff', '89195da416bffff', '89195da416fffff', '89195da4ed3ffff', '89195da43afffff', '89195da43abffff', '89195da4e53ffff', '89195da43b7ffff', '89195da43a7ffff', '89195da4edbffff', '89195da4327ffff', '89195da43a3ffff', '89195da4333ffff', '89195da4ecbffff', '89195da4ec3ffff'}",1.0,38.0
89195da5827ffff,"{'89195da5827ffff', '89195da5b97ffff', '89195da59cfffff', '89195da5833ffff', '89195da5943ffff', '89195da59c3ffff', '89195da5823ffff', '89195da59cbffff', '89195da5953ffff', '89195da594bffff', '89195da5837ffff', '89195da595bffff', '89195da59dbffff', '89195da583bffff', '89195da582bffff', '89195da58afffff', '89195da582fffff', '89195da5b93ffff', '89195da5957ffff'}",2.0,18.0
89195da582fffff,"{'89195da5827ffff', '89195da5b97ffff', '89195da5833ffff', '89195da5943ffff', '89195da5823ffff', '89195da59cbffff', '89195da5953ffff', '89195da594bffff', '89195da5877ffff', '89195da5b87ffff', '89195da5837ffff', '89195da595bffff', '89195da5b9bffff', '89195da583bffff', '89195da5867ffff', '89195da582bffff', '89195da582fffff', '89195da5b93ffff', '89195da5b83ffff'}",1.0,9.0
89195da5903ffff,"{'89195da5903ffff', '89195da5973ffff', '89195da59abffff', '89195da59cfffff', '89195da598fffff', '89195da590bffff', '89195da5913ffff', '89195da598bffff', '89195da5977ffff', '89195da591bffff', '89195da59bbffff', '89195da5907ffff', '89195da5933ffff', '89195da5917ffff', '89195da59c7ffff', '89195da5947ffff', '89195da593bffff', '89195da590fffff', '89195da5957ffff'}",1.0,18.0
89195da5907ffff,"{'89195da5903ffff', '89195da59afffff', '89195da5973ffff', '89195da59abffff', '89195da592bffff', '89195da598fffff', '89195da5937ffff', '89195da590bffff', '89195da5923ffff', '89195da5913ffff', '89195da59a3ffff', '89195da5977ffff', '89195da591bffff', '89195da59bbffff', '89195da5907ffff', '89195da5933ffff', '89195da5917ffff', '89195da593bffff', '89195da590fffff'}",1.0,16.0
89195da590bffff,"{'89195da597bffff', '89195da5903ffff', '89195da5973ffff', '89195da5963ffff', '89195da59cfffff', '89195da594fffff', '89195da5943ffff', '89195da590bffff', '89195da5953ffff', '89195da5913ffff', '89195da5977ffff', '89195da591bffff', '89195da5907ffff', '89195da5917ffff', '89195da59c7ffff', '89195da5947ffff', '89195da593bffff', '89195da590fffff', '89195da5957ffff'}",1.0,19.0
89195da5923ffff,"{'89195da59afffff', '89194ada4dbffff', '89195da59abffff', '89195da592bffff', '89195da5937ffff', '89195da5923ffff', '89194ada693ffff', '89194ada4cbffff', '89195da592fffff', '89194ada453ffff', '89195da5977ffff', '89195da5907ffff', '89194ada697ffff', '89195da5933ffff', '89195da5927ffff', '89195da593bffff', '89195da590fffff', '89195da5967ffff', '89194ada45bffff'}",1.0,24.0
89195da592bffff,"{'89195da5973ffff', '89195da592bffff', '89195da5963ffff', '89195da5937ffff', '89195da596fffff', '89194ada69bffff', '89195da5923ffff', '89194ada693ffff', '89195da592fffff', '89195da5977ffff', '89195da5907ffff', '89194ada697ffff', '89195da5933ffff', '89195da5927ffff', '89194ada683ffff', '89195da593bffff', '89195da590fffff', '89195da5967ffff', '89194ada45bffff'}",1.0,19.0
89195da592fffff,"{'89195da592bffff', '89195da5937ffff', '89194ada687ffff', '89194ada69bffff', '89195da5923ffff', '89194ada693ffff', '89194ada4cbffff', '89194ada453ffff', '89195da592fffff', '89195da5977ffff', '89194ada697ffff', '89195da5933ffff', '89195da5927ffff', '89194ada683ffff', '89194ada44bffff', '89195da593bffff', '89194ada443ffff', '89195da5967ffff', '89194ada45bffff'}",4.0,43.0
89195da593bffff,"{'89195da5903ffff', '89195da59afffff', '89195da5973ffff', '89195da59abffff', '89195da592bffff', '89195da5963ffff', '89195da5937ffff', '89195da590bffff', '89195da5923ffff', '89194ada693ffff', '89195da592fffff', '89195da5977ffff', '89195da5907ffff', '89195da5933ffff', '89195da5927ffff', '89195da5917ffff', '89195da593bffff', '89195da590fffff', '89195da5967ffff'}",7.0,23.0
89195da5943ffff,"{'89195da597bffff', '89195da5973ffff', '89195da5827ffff', '89195da5b97ffff', '89195da59cfffff', '89195da594fffff', '89195da590bffff', '89195da5943ffff', '89195da59cbffff', '89195da5953ffff', '89195da594bffff', '89195da5b87ffff', '89195da591bffff', '89195da5bb7ffff', '89195da595bffff', '89195da5947ffff', '89195da582fffff', '89195da5bb3ffff', '89195da5957ffff'}",1.0,10.0
89195da5953ffff,"{'89195da5827ffff', '89195da5b97ffff', '89195da59cfffff', '89195da59c3ffff', '89195da594fffff', '89195da590bffff', '89195da5943ffff', '89195da5823ffff', '89195da59cbffff', '89195da5953ffff', '89195da594bffff', '89195da591bffff', '89195da5837ffff', '89195da595bffff', '89195da59dbffff', '89195da59c7ffff', '89195da5947ffff', '89195da582fffff', '89195da5957ffff'}",3.0,21.0
89195da5957ffff,"{'89195da597bffff', '89195da5903ffff', '89195da5973ffff', '89195da5827ffff', '89195da59cfffff', '89195da59c3ffff', '89195da594fffff', '89195da590bffff', '89195da5943ffff', '89195da59cbffff', '89195da5953ffff', '89195da594bffff', '89195da5913ffff', '89195da591bffff', '89195da595bffff', '89195da59c7ffff', '89195da5947ffff', '89195da590fffff', '89195da5957ffff'}",1.0,21.0
89195da5963ffff,"{'89195da597bffff', '89195da5973ffff', '89195da592bffff', '89195da596bffff', '89195da5963ffff', '89195da594fffff', '89195da596fffff', '89195da590bffff', '89194ada69bffff', '89194ada693ffff', '89194ada6d7ffff', '89195da5977ffff', '89194ada6d3ffff', '89195da5bb7ffff', '89195da5947ffff', '89195da593bffff', '89195da590fffff', '89195da5967ffff', '89195da5ba7ffff'}",2.0,15.0
89195da5987ffff,"{'89195da4a4fffff', '89195da59abffff', '89195da598fffff', '89195da5913ffff', '89195da598bffff', '89195da59a3ffff', '89195da5993ffff', '89195da59b3ffff', '89195da4a4bffff', '89195da5d2fffff', '89195da59bbffff', '89195da4a5bffff', '89195da4a43ffff', '89195da5917ffff', '89195da5997ffff', '89195da59b7ffff', '89195da5983ffff', '89195da5987ffff', '89195da599bffff'}",9.0,28.0
89195da598bffff,"{'89195da5903ffff', '89195da5d6fffff', '89195da59cfffff', '89195da598fffff', '89195da59c3ffff', '89195da59d3ffff', '89195da5913ffff', '89195da598bffff', '89195da5993ffff', '89195da591bffff', '89195da59bbffff', '89195da5917ffff', '89195da59c7ffff', '89195da5997ffff', '89195da5d67ffff', '89195da59d7ffff', '89195da5983ffff', '89195da5987ffff', '89195da599bffff'}",1.0,29.0
89195da5993ffff,"{'89195da5d6fffff', '89195da5d2bffff', '89195da5d3bffff', '89195da5d27ffff', '89195da598fffff', '89195da5d77ffff', '89195da598bffff', '89195da5993ffff', '89195da5d23ffff', '89195da4a4bffff', '89195da5d2fffff', '89195da4a5bffff', '89195da5d63ffff', '89195da5997ffff', '89195da5d67ffff', '89195da59d7ffff', '89195da5983ffff', '89195da5987ffff', '89195da599bffff'}",4.0,18.0
89195da5997ffff,"{'89195da4a4fffff', '89195da5d2bffff', '89195da5d27ffff', '89195da598fffff', '89195da598bffff', '89195da5993ffff', '89195da5d23ffff', '89195da4a4bffff', '89195da59b3ffff', '89195da5d2fffff', '89195da59bbffff', '89195da4a5bffff', '89195da4a43ffff', '89195da5997ffff', '89195da5d67ffff', '89195da4a53ffff', '89195da5983ffff', '89195da5987ffff', '89195da599bffff'}",3.0,22.0
89195da59abffff,"{'89195da5903ffff', '89195da59afffff', '89194ada4dbffff', '89195da59abffff', '89195da598fffff', '89195da5937ffff', '89195da5923ffff', '89195da59a7ffff', '89195da5913ffff', '89195da59a3ffff', '89195da59b3ffff', '89195da59bbffff', '89195da5907ffff', '89195da5933ffff', '89195da5917ffff', '89195da593bffff', '89195da590fffff', '89195da59b7ffff', '89195da5987ffff'}",4.0,28.0
89195da59b3ffff,"{'89195da59afffff', '89195da4a4fffff', '89195da59abffff', '89195da4a47ffff', '89195da598fffff', '89195da59a7ffff', '89195da59a3ffff', '89195da4a6bffff', '89195da4a4bffff', '89195da59b3ffff', '89195da59bbffff', '89195da4a5bffff', '89195da4a7bffff', '89195da4a43ffff', '89195da5917ffff', '89195da5997ffff', '89195da59b7ffff', '89195da5983ffff', '89195da5987ffff'}",3.0,55.0
89195da59b7ffff,"{'89195da59afffff', '89195da4a63ffff', '89195da4a4fffff', '89194ada4dbffff', '89195da59abffff', '89195da4a47ffff', '89195da59a7ffff', '89195da59a3ffff', '89194ada4d3ffff', '89195da4a6bffff', '89195da59b3ffff', '89195da4a4bffff', '89195da59bbffff', '89195da4a7bffff', '89195da4a6fffff', '89195da4a43ffff', '89195da4a73ffff', '89195da59b7ffff', '89195da5987ffff'}",2.0,109.0
89195da59c3ffff,"{'89195da5827ffff', '89195da58a7ffff', '89195da5d6fffff', '89195da59cfffff', '89195da59c3ffff', '89195da59cbffff', '89195da5953ffff', '89195da59d3ffff', '89195da5913ffff', '89195da598bffff', '89195da591bffff', '89195da599bffff', '89195da5837ffff', '89195da59dbffff', '89195da5d6bffff', '89195da59c7ffff', '89195da58afffff', '89195da59d7ffff', '89195da5957ffff'}",9.0,19.0
89195da59c7ffff,"{'89195da5903ffff', '89195da5d6fffff', '89195da59cfffff', '89195da598fffff', '89195da59c3ffff', '89195da590bffff', '89195da59cbffff', '89195da5953ffff', '89195da59d3ffff', '89195da5913ffff', '89195da598bffff', '89195da591bffff', '89195da599bffff', '89195da59dbffff', '89195da5917ffff', '89195da59c7ffff', '89195da59d7ffff', '89195da5983ffff', '89195da5957ffff'}",2.0,19.0
89195da59cbffff,"{'89195da5827ffff', '89195da58a7ffff', '89195da59cfffff', '89195da59c3ffff', '89195da5833ffff', '89195da5943ffff', '89195da5823ffff', '89195da59cbffff', '89195da5953ffff', '89195da59d3ffff', '89195da591bffff', '89195da5837ffff', '89195da595bffff', '89195da59dbffff', '89195da58afffff', '89195da59c7ffff', '89195da582fffff', '89195da59d7ffff', '89195da5957ffff'}",1.0,20.0
89195da5b13ffff,"{'89195da5b83ffff', '89195da5bc7ffff', '89195da5bcfffff', '89195da5b57ffff', '89195da5b03ffff', '89195da5bc3ffff', '89195da5b87ffff', '89195da5b0bffff', '89195da5b0fffff', '89195da5babffff', '89195da5bd7ffff', '89195da5b13ffff', '89195da5b07ffff', '89195da5b8fffff', '89195da5b9bffff', '89195da5b1bffff', '89195da5b17ffff', '89195da5b8bffff', '89195da5bbbffff'}",5.0,8.0
89195da5b37ffff,"{'89195da5b27ffff', '89195da5bafffff', '89194ada65bffff', '89194ada6cfffff', '89195da5b2bffff', '89194ada6cbffff', '89195da5ba3ffff', '89195da5babffff', '89194ada6d3ffff', '89194ada6dbffff', '89195da5b33ffff', '89195da5b07ffff', '89195da5b3bffff', '89195da5b23ffff', '89195da5b2fffff', '89195da5b37ffff', '89194ada6c3ffff', '89195da5ba7ffff', '89194ada653ffff'}",3.0,20.0
89195da5b83ffff,"{'89195da5b83ffff', '89195da5bc7ffff', '89195da5b97ffff', '89195da5b87ffff', '89195da594bffff', '89195da5bd7ffff', '89195da5b13ffff', '89195da595bffff', '89195da5b9bffff', '89195da5b8fffff', '89195da5867ffff', '89195da582bffff', '89195da586fffff', '89195da5b17ffff', '89195da582fffff', '89195da5bb3ffff', '89195da5b93ffff', '89195da5b8bffff', '89195da5bbbffff'}",1.0,9.0
89195da5bc7ffff,"{'89195da5bc7ffff', '89195da5b53ffff', '89195da5bcfffff', '89195da5b57ffff', '89195da5b03ffff', '89195da5bc3ffff', '89195da5bd3ffff', '89195da5b0bffff', '89195da5bdbffff', '89195da5bd7ffff', '89195da5b13ffff', '89195da5bcbffff', '89195da5b9bffff', '89195da5b8fffff', '89195da5b1bffff', '89195da586fffff', '89195da5b17ffff', '89195da5b8bffff', '89195da5b83ffff'}",2.0,8.0
89195da5d37ffff,"{'89195da4acbffff', '89195da5d33ffff', '89195da5d2bffff', '89195da5d3bffff', '89195da5d27ffff', '89195da4acfffff', '89195da5d07ffff', '89195da5dafffff', '89195da4ac3ffff', '89195da4ad3ffff', '89195da5d23ffff', '89195da5da3ffff', '89195da4adbffff', '89195da5d2fffff', '89195da5dabffff', '89195da4a5bffff', '89195da5d37ffff', '89195da4a53ffff', '89195da5da7ffff'}",1.0,18.0
89195da5d87ffff,"{'89195da5d8bffff', '89195da5d97ffff', '89195da4e5bffff', '89195da5d87ffff', '89195da4e4bffff', '89195da432fffff', '89195da5db3ffff', '89195da5dbbffff', '89195da5d13ffff', '89195da5d8fffff', '89195da5da3ffff', '89195da5d93ffff', '89195da5db7ffff', '89195da5d9bffff', '89195da5dabffff', '89195da5d17ffff', '89195da4e4fffff', '89195da5d83ffff', '89195da4e43ffff'}",1.0,41.0
89195da5d9bffff,"{'89195da5d8bffff', '89195da436fffff', '89195da5dc3ffff', '89195da5d97ffff', '89195da5d87ffff', '89195da432fffff', '89195da5dd7ffff', '89195da5dd3ffff', '89195da5d13ffff', '89195da5d8fffff', '89195da5d93ffff', '89195da4363ffff', '89195da5d9bffff', '89195da4377ffff', '89195da5dc7ffff', '89195da5d83ffff', '89195da432bffff', '89195da436bffff', '89195da4367ffff'}",3.0,21.0
89195da5db3ffff,"{'89195da5d97ffff', '89195da4e5bffff', '89195da5d87ffff', '89195da4e4bffff', '89195da4e7bffff', '89195da5db3ffff', '89195da5dbbffff', '89195da5dafffff', '89195da5d8fffff', '89195da5da3ffff', '89195da5db7ffff', '89195da5dabffff', '89195da5d17ffff', '89195da4e6bffff', '89195da4e4fffff', '89195da5d83ffff', '89195da4e43ffff', '89195da4e47ffff', '89195da5da7ffff'}",9.0,52.0
89195da5db7ffff,"{'89195da5d87ffff', '89195da4e4bffff', '89195da4e7bffff', '89195da5db3ffff', '89195da5dbbffff', '89195da5dafffff', '89195da4ad3ffff', '89195da5da3ffff', '89195da4adbffff', '89195da4e63ffff', '89195da4e73ffff', '89195da4e6fffff', '89195da5db7ffff', '89195da5dabffff', '89195da4e6bffff', '89195da4e4fffff', '89195da4e43ffff', '89195da4e47ffff', '89195da5da7ffff'}",5.0,74.0
89195da6803ffff,"{'89195da6857ffff', '89195da6833ffff', '89195da688bffff', '89195da680fffff', '89195da6873ffff', '89195da688fffff', '89195da6807ffff', '89195da680bffff', '89195da681bffff', '89195da6877ffff', '89195da68abffff', '89195da6813ffff', '89195da68bbffff', '89195da68c7ffff', '89195da683bffff', '89195da6803ffff', '89195da6847ffff', '89195da68cfffff', '89195da6817ffff'}",17.0,98.0
89195da6807ffff,"{'89195da6833ffff', '89195da680fffff', '89195da6873ffff', '89195da688fffff', '89195da68a3ffff', '89195da6807ffff', '89195da681bffff', '89195da6837ffff', '89195da6823ffff', '89195da68afffff', '89195da68abffff', '89195da6877ffff', '89195da6813ffff', '89195da68bbffff', '89195da683bffff', '89195da6803ffff', '89195da680bffff', '89195da682bffff', '89195da6817ffff'}",29.0,110.0
89195da680bffff,"{'89195da6863ffff', '89195da6857ffff', '89195da680fffff', '89195da6873ffff', '89195da687bffff', '89195da6807ffff', '89195da680bffff', '89195da681bffff', '89195da6853ffff', '89195da6843ffff', '89195da684fffff', '89195da6877ffff', '89195da6813ffff', '89195da68c7ffff', '89195da683bffff', '89195da6803ffff', '89195da6847ffff', '89195da68cfffff', '89195da6817ffff'}",4.0,140.0
89195da680fffff,"{'89195da6863ffff', '89195da6857ffff', '89195da6833ffff', '89195da680fffff', '89195da6873ffff', '89195da687bffff', '89195da6807ffff', '89195da681bffff', '89195da6867ffff', '89195da6823ffff', '89195da6877ffff', '89195da68abffff', '89195da6813ffff', '89195da683bffff', '89195da6803ffff', '89195da6847ffff', '89195da680bffff', '89195da682bffff', '89195da6817ffff'}",11.0,139.0
89195da681bffff,"{'89195da6857ffff', '89195da688bffff', '89195da680fffff', '89195da6873ffff', '89195da688fffff', '89195da6807ffff', '89195da680bffff', '89195da681bffff', '89195da6853ffff', '89195da6843ffff', '89195da68c3ffff', '89195da6813ffff', '89195da68c7ffff', '89195da6803ffff', '89195da68cbffff', '89195da68d7ffff', '89195da6847ffff', '89195da68cfffff', '89195da6817ffff'}",13.0,89.0
89195da6823ffff,"{'89195da695bffff', '89195da6b93ffff', '89195da6833ffff', '89195da680fffff', '89195da6807ffff', '89195da69cbffff', '89195da6837ffff', '89195da6867ffff', '89195da6823ffff', '89195da68afffff', '89195da6827ffff', '89195da6877ffff', '89195da6b97ffff', '89195da68abffff', '89195da683bffff', '89195da6953ffff', '89195da69dbffff', '89195da682fffff', '89195da682bffff'}",1.0,97.0
89195da6827ffff,"{'89195da695bffff', '89195da6b93ffff', '89195da6957ffff', '89195da6833ffff', '89195da69cfffff', '89195da69cbffff', '89195da6837ffff', '89195da6823ffff', '89195da6943ffff', '89195da68afffff', '89195da6827ffff', '89195da6b97ffff', '89195da69c3ffff', '89195da683bffff', '89195da6953ffff', '89195da69dbffff', '89195da694bffff', '89195da682fffff', '89195da682bffff'}",1.0,45.0
89195da682fffff,"{'89195da695bffff', '89195da6b93ffff', '89195da6833ffff', '89195da6b9bffff', '89195da69cbffff', '89195da6837ffff', '89195da6867ffff', '89195da6823ffff', '89195da6943ffff', '89195da6b83ffff', '89195da6827ffff', '89195da6877ffff', '89195da6b97ffff', '89195da683bffff', '89195da6953ffff', '89195da6b87ffff', '89195da694bffff', '89195da682fffff', '89195da682bffff'}",1.0,99.0
89195da6833ffff,"{'89195da6833ffff', '89195da680fffff', '89195da68a3ffff', '89195da6807ffff', '89195da69cbffff', '89195da6837ffff', '89195da6823ffff', '89195da68a7ffff', '89195da68afffff', '89195da68abffff', '89195da6877ffff', '89195da6827ffff', '89195da68bbffff', '89195da683bffff', '89195da6803ffff', '89195da69dbffff', '89195da682fffff', '89195da682bffff', '89195da6817ffff'}",5.0,102.0
89195da6837ffff,"{'89195da695bffff', '89195da6833ffff', '89195da69cfffff', '89195da68a3ffff', '89195da6807ffff', '89195da69cbffff', '89195da6837ffff', '89195da6823ffff', '89195da68a7ffff', '89195da68afffff', '89195da6827ffff', '89195da68abffff', '89195da69c3ffff', '89195da683bffff', '89195da6953ffff', '89195da69d3ffff', '89195da69dbffff', '89195da682fffff', '89195da682bffff'}",17.0,73.0
89195da683bffff,"{'89195da6b93ffff', '89195da6833ffff', '89195da680fffff', '89195da6873ffff', '89195da6807ffff', '89195da6837ffff', '89195da6867ffff', '89195da6823ffff', '89195da68afffff', '89195da6877ffff', '89195da6827ffff', '89195da68abffff', '89195da683bffff', '89195da6803ffff', '89195da6863ffff', '89195da682fffff', '89195da680bffff', '89195da682bffff', '89195da6817ffff'}",3.0,132.0
89195da684bffff,"{'89195da6a93ffff', '89195da6857ffff', '89195da6ab7ffff', '89195da6e27ffff', '89195da687bffff', '89195da6853ffff', '89195da6abbffff', '89195da6843ffff', '89195da684fffff', '89195da685bffff', '89195da684bffff', '89195da6a87ffff', '89195da6ab3ffff', '89195da6a97ffff', '89195da6aa3ffff', '89195da6a8fffff', '89195da6847ffff', '89195da6a83ffff', '89195da6e2fffff'}",4.0,47.0
89195da684fffff,"{'89195da6863ffff', '89195da686bffff', '89195da6857ffff', '89195da6ab7ffff', '89195da6873ffff', '89195da687bffff', '89195da6853ffff', '89195da6abbffff', '89195da6843ffff', '89195da684fffff', '89195da685bffff', '89195da684bffff', '89195da6a87ffff', '89195da6ab3ffff', '89195da6a97ffff', '89195da6aa7ffff', '89195da6aa3ffff', '89195da6847ffff', '89195da680bffff'}",2.0,79.0
89195da6853ffff,"{'89195da68dbffff', '89195da6857ffff', '89195da6e27ffff', '89195da680bffff', '89195da681bffff', '89195da6853ffff', '89195da6843ffff', '89195da684fffff', '89195da685bffff', '89195da68c3ffff', '89195da684bffff', '89195da6a97ffff', '89195da6e37ffff', '89195da68c7ffff', '89195da68cbffff', '89195da6e23ffff', '89195da6847ffff', '89195da6e2fffff', '89195da68cfffff'}",9.0,41.0
89195da6857ffff,"{'89195da6857ffff', '89195da680fffff', '89195da6873ffff', '89195da6e27ffff', '89195da687bffff', '89195da680bffff', '89195da681bffff', '89195da6853ffff', '89195da6843ffff', '89195da684fffff', '89195da685bffff', '89195da68c3ffff', '89195da684bffff', '89195da6813ffff', '89195da68c7ffff', '89195da68cbffff', '89195da6803ffff', '89195da6847ffff', '89195da68cfffff'}",6.0,76.0
89195da6863ffff,"{'89195da6b93ffff', '89195da6863ffff', '89195da686bffff', '89195da6ab7ffff', '89195da680fffff', '89195da6873ffff', '89195da687bffff', '89195da6b9bffff', '89195da686fffff', '89195da6867ffff', '89195da684fffff', '89195da6877ffff', '89195da6aa7ffff', '89195da683bffff', '89195da6bd7ffff', '89195da6847ffff', '89195da6bd3ffff', '89195da680bffff', '89195da682bffff'}",26.0,130.0
89195da6867ffff,"{'89195da6b93ffff', '89195da686bffff', '89195da680fffff', '89195da6873ffff', '89195da6b9bffff', '89195da687bffff', '89195da686fffff', '89195da6867ffff', '89195da6823ffff', '89195da6b83ffff', '89195da6877ffff', '89195da6b97ffff', '89195da683bffff', '89195da6bd7ffff', '89195da6863ffff', '89195da6bd3ffff', '89195da6b8bffff', '89195da682fffff', '89195da682bffff'}",4.0,139.0
89195da686fffff,"{'89195da6b93ffff', '89195da686bffff', '89195da6ab7ffff', '89195da6873ffff', '89195da6bdbffff', '89195da6b9bffff', '89195da687bffff', '89195da686fffff', '89195da6867ffff', '89195da6b83ffff', '89195da6877ffff', '89195da6aa7ffff', '89195da6bd7ffff', '89195da6863ffff', '89195da6bd3ffff', '89195da6b8bffff', '89195da682bffff', '89195da6bc3ffff', '89195da6bc7ffff'}",32.0,129.0
89195da6877ffff,"{'89195da6b93ffff', '89195da6863ffff', '89195da686bffff', '89195da6833ffff', '89195da680fffff', '89195da6873ffff', '89195da687bffff', '89195da6b9bffff', '89195da686fffff', '89195da6807ffff', '89195da6867ffff', '89195da6823ffff', '89195da6877ffff', '89195da683bffff', '89195da6803ffff', '89195da6847ffff', '89195da682fffff', '89195da680bffff', '89195da682bffff'}",10.0,160.0
89195da687bffff,"{'89195da6863ffff', '89195da686bffff', '89195da6857ffff', '89195da6ab7ffff', '89195da680fffff', '89195da6873ffff', '89195da686fffff', '89195da687bffff', '89195da6867ffff', '89195da6843ffff', '89195da684fffff', '89195da684bffff', '89195da6ab3ffff', '89195da6877ffff', '89195da6aa7ffff', '89195da6aa3ffff', '89195da6847ffff', '89195da6bd3ffff', '89195da680bffff'}",10.0,131.0
89195da6887ffff,"{'89195da688bffff', '89195da688fffff', '89195da68a3ffff', '89195da6c2fffff', '89195da6897ffff', '89195da68b3ffff', '89195da6d4bffff', '89195da6d5bffff', '89195da6883ffff', '89195da689bffff', '89195da6d4fffff', '89195da6893ffff', '89195da68abffff', '89195da6813ffff', '89195da68bbffff', '89195da6887ffff', '89195da6d43ffff', '89195da68b7ffff', '89195da6817ffff'}",4.0,13.0
89195da6893ffff,"{'89195da688bffff', '89195da6c23ffff', '89195da688fffff', '89195da6c2fffff', '89195da6c27ffff', '89195da6c2bffff', '89195da6897ffff', '89195da6c63ffff', '89195da6c67ffff', '89195da6d4bffff', '89195da6c77ffff', '89195da6d5bffff', '89195da689bffff', '89195da6883ffff', '89195da6893ffff', '89195da6c6fffff', '89195da68d7ffff', '89195da6887ffff', '89195da6c3bffff'}",6.0,15.0
89195da68b7ffff,"{'89195da6d6fffff', '89195da68a3ffff', '89195da6d6bffff', '89195da68b3ffff', '89195da6d47ffff', '89195da6d73ffff', '89195da6d4bffff', '89195da6d4fffff', '89195da68a7ffff', '89195da68afffff', '89195da68abffff', '89195da68bbffff', '89195da6d63ffff', '89195da6d43ffff', '89195da68b7ffff', '89195da6d7bffff', '89195da69dbffff', '89195da69d3ffff', '89195da6887ffff'}",1.0,9.0
89195da6903ffff,"{'89195da6957ffff', '89195da690bffff', '89195da69cfffff', '89195da6913ffff', '89195da698fffff', '89195da6977ffff', '89195da691bffff', '89195da690fffff', '89195da6907ffff', '89195da6973ffff', '89195da6903ffff', '89195da693bffff', '89195da6947ffff', '89195da69abffff', '89195da6917ffff', '89195da6933ffff', '89195da69bbffff', '89195da698bffff', '89195da69c7ffff'}",9.0,58.0
89195da6907ffff,"{'89195da69afffff', '89195da690bffff', '89195da6937ffff', '89195da6913ffff', '89195da698fffff', '89195da6977ffff', '89195da692bffff', '89195da691bffff', '89195da690fffff', '89195da69a3ffff', '89195da6903ffff', '89195da6973ffff', '89195da6907ffff', '89195da693bffff', '89195da69abffff', '89195da6917ffff', '89195da6923ffff', '89195da6933ffff', '89195da69bbffff'}",2.0,120.0
89195da690bffff,"{'89195da6957ffff', '89195da690bffff', '89195da69cfffff', '89195da6913ffff', '89195da6977ffff', '89195da697bffff', '89195da691bffff', '89195da690fffff', '89195da694fffff', '89195da6907ffff', '89195da6973ffff', '89195da6943ffff', '89195da6903ffff', '89195da693bffff', '89195da6947ffff', '89195da6917ffff', '89195da6963ffff', '89195da6953ffff', '89195da69c7ffff'}",1.0,54.0
89195da690fffff,"{'89195da6957ffff', '89195da690bffff', '89195da6913ffff', '89195da6977ffff', '89195da697bffff', '89195da692bffff', '89195da691bffff', '89195da690fffff', '89195da6903ffff', '89195da6973ffff', '89195da6907ffff', '89195da693bffff', '89195da6947ffff', '89195da6967ffff', '89195da69abffff', '89195da6917ffff', '89195da6923ffff', '89195da6963ffff', '89195da6933ffff'}",1.0,41.0
89195da6913ffff,"{'89195da6957ffff', '89195da690bffff', '89195da699bffff', '89195da69cfffff', '89195da6913ffff', '89195da698fffff', '89195da69d7ffff', '89195da691bffff', '89195da690fffff', '89195da6907ffff', '89195da6903ffff', '89195da69c3ffff', '89195da69abffff', '89195da6917ffff', '89195da69bbffff', '89195da698bffff', '89195da69c7ffff', '89195da6987ffff', '89195da6983ffff'}",12.0,82.0
89195da6923ffff,"{'89195da69afffff', '89194ad3697ffff', '89195da6937ffff', '89194ad3453ffff', '89195da6977ffff', '89194ad34cbffff', '89195da692bffff', '89195da690fffff', '89195da6907ffff', '89195da6927ffff', '89195da693bffff', '89194ad34dbffff', '89194ad3693ffff', '89195da6967ffff', '89195da69abffff', '89195da6923ffff', '89195da6933ffff', '89194ad345bffff', '89195da692fffff'}",1.0,69.0
89195da6927ffff,"{'89195da69afffff', '89194ad3697ffff', '89195da6937ffff', '89194ad3453ffff', '89194ad34c3ffff', '89194ad34cbffff', '89195da692bffff', '89194ad3457ffff', '89194ad344bffff', '89195da6927ffff', '89195da693bffff', '89194ad34dbffff', '89194ad3693ffff', '89195da6923ffff', '89195da6933ffff', '89194ad3443ffff', '89194ad345bffff', '89194ad34cfffff', '89195da692fffff'}",1.0,74.0
89195da6937ffff,"{'89195da69afffff', '89195da69a7ffff', '89194ad34c3ffff', '89194ad3453ffff', '89195da6937ffff', '89194ad34cbffff', '89195da692bffff', '89194ad34d3ffff', '89195da69a3ffff', '89195da6907ffff', '89195da6927ffff', '89195da693bffff', '89194ad34dbffff', '89195da69abffff', '89195da6923ffff', '89195da6933ffff', '89194ad345bffff', '89194ad34cfffff', '89195da692fffff'}",14.0,104.0
89195da6953ffff,"{'89195da695bffff', '89195da6957ffff', '89195da690bffff', '89195da69cfffff', '89195da69cbffff', '89195da6837ffff', '89195da691bffff', '89195da694fffff', '89195da6823ffff', '89195da6943ffff', '89195da6827ffff', '89195da6947ffff', '89195da6b97ffff', '89195da69c3ffff', '89195da6953ffff', '89195da69c7ffff', '89195da69dbffff', '89195da694bffff', '89195da682fffff'}",5.0,48.0
89195da696bffff,"{'89195da696fffff', '89194ad36dbffff', '89194ad36d7ffff', '89195da696bffff', '89194ad36d3ffff', '89194ad369bffff', '89195da6bb3ffff', '89195da697bffff', '89195da6977ffff', '89195da6bb7ffff', '89194ad36c3ffff', '89195da694fffff', '89195da6ba3ffff', '89195da6973ffff', '89195da6947ffff', '89195da6bafffff', '89195da6967ffff', '89195da6963ffff', '89195da6ba7ffff'}",1.0,105.0
89195da696fffff,"{'89195da696fffff', '89194ad36dbffff', '89194ad36d7ffff', '89194ad368bffff', '89195da696bffff', '89194ad36c7ffff', '89194ad36d3ffff', '89194ad369bffff', '89195da6977ffff', '89195da697bffff', '89195da692bffff', '89195da6bb7ffff', '89194ad36c3ffff', '89195da6973ffff', '89194ad3693ffff', '89195da6967ffff', '89194ad3683ffff', '89195da6963ffff', '89195da6ba7ffff'}",8.0,105.0
89195da6977ffff,"{'89195da696fffff', '89195da690bffff', '89195da696bffff', '89194ad369bffff', '89195da6977ffff', '89195da697bffff', '89195da692bffff', '89195da690fffff', '89195da6903ffff', '89195da6973ffff', '89195da6907ffff', '89195da693bffff', '89195da6947ffff', '89194ad3693ffff', '89195da6967ffff', '89195da6923ffff', '89195da6963ffff', '89195da6933ffff', '89195da692fffff'}",6.0,36.0
89195da697bffff,"{'89195da696fffff', '89195da6957ffff', '89195da690bffff', '89195da696bffff', '89194ad36d3ffff', '89195da6bb3ffff', '89195da6977ffff', '89195da697bffff', '89195da6bb7ffff', '89195da690fffff', '89195da694fffff', '89195da6ba3ffff', '89195da6973ffff', '89195da6943ffff', '89195da6947ffff', '89195da6967ffff', '89195da6963ffff', '89195da6ba7ffff', '89195da694bffff'}",5.0,68.0
89195da6987ffff,"{'89195da69b7ffff', '89195da699bffff', '89195da6997ffff', '89195da6913ffff', '89195da6993ffff', '89195da698fffff', '89194e69a5bffff', '89195da69a3ffff', '89195da6d2fffff', '89194e69a4bffff', '89194e69a43ffff', '89195da69abffff', '89195da6917ffff', '89195da69bbffff', '89194e69a4fffff', '89195da698bffff', '89195da6987ffff', '89195da6983ffff', '89195da69b3ffff'}",22.0,136.0
89195da698bffff,"{'89195da6d6fffff', '89195da699bffff', '89195da69cfffff', '89195da6997ffff', '89195da6913ffff', '89195da6993ffff', '89195da698fffff', '89195da69d7ffff', '89195da691bffff', '89195da6903ffff', '89195da69c3ffff', '89195da6917ffff', '89195da69bbffff', '89195da6d67ffff', '89195da69c7ffff', '89195da69d3ffff', '89195da6987ffff', '89195da698bffff', '89195da6983ffff'}",1.0,87.0
89195da698fffff,"{'89195da699bffff', '89195da6997ffff', '89195da6913ffff', '89195da6993ffff', '89195da69d7ffff', '89195da698fffff', '89195da691bffff', '89195da69a3ffff', '89195da6907ffff', '89194e69a4bffff', '89195da6903ffff', '89195da69abffff', '89195da6917ffff', '89195da69bbffff', '89195da698bffff', '89195da69c7ffff', '89195da6987ffff', '89195da6983ffff', '89195da69b3ffff'}",1.0,138.0
89195da6993ffff,"{'89195da6d6fffff', '89195da6d77ffff', '89195da699bffff', '89195da6997ffff', '89195da6993ffff', '89195da698fffff', '89195da69d7ffff', '89194e69a5bffff', '89194e69a4bffff', '89195da6d2fffff', '89195da6d63ffff', '89195da6d27ffff', '89195da6d3bffff', '89195da6d67ffff', '89195da698bffff', '89195da6987ffff', '89195da6d23ffff', '89195da6983ffff', '89195da6d2bffff'}",3.0,109.0
89195da6997ffff,"{'89195da699bffff', '89195da6997ffff', '89194e69a53ffff', '89195da6993ffff', '89195da698fffff', '89194e69a5bffff', '89195da6d2fffff', '89194e69a4bffff', '89194e69a43ffff', '89195da6d27ffff', '89195da69bbffff', '89194e69a4fffff', '89195da6d67ffff', '89195da698bffff', '89195da6987ffff', '89195da6d23ffff', '89195da6983ffff', '89195da6d2bffff', '89195da69b3ffff'}",6.0,100.0
89195da699bffff,"{'89195da6d6fffff', '89195da6d77ffff', '89195da699bffff', '89195da6997ffff', '89195da6913ffff', '89195da6993ffff', '89195da6d6bffff', '89195da698fffff', '89195da69d7ffff', '89195da6d2fffff', '89195da69c3ffff', '89195da6d63ffff', '89195da6d67ffff', '89195da698bffff', '89195da69c7ffff', '89195da69d3ffff', '89195da6987ffff', '89195da6983ffff', '89195da6d2bffff'}",6.0,100.0
89195da69a3ffff,"{'89195da69b7ffff', '89195da69afffff', '89195da69a7ffff', '89195da6937ffff', '89195da698fffff', '89194ad34d3ffff', '89195da69a3ffff', '89194e69a4bffff', '89195da6907ffff', '89194e69a6bffff', '89194ad34dbffff', '89195da69abffff', '89194e69a7bffff', '89195da6917ffff', '89195da69bbffff', '89195da6933ffff', '89194e69a4fffff', '89195da6987ffff', '89195da69b3ffff'}",36.0,139.0
89195da69a7ffff,"{'89195da69b7ffff', '89195da69afffff', '89195da69a7ffff', '89194e69a6fffff', '89195da6937ffff', '89194ad34c3ffff', '89194ad34cbffff', '89194ad34d3ffff', '89194e69a63ffff', '89195da69a3ffff', '89194e69a6bffff', '89194ad34dbffff', '89195da69abffff', '89194e69a7bffff', '89195da69bbffff', '89194ad34d7ffff', '89195da6933ffff', '89194e69a4fffff', '89195da69b3ffff'}",4.0,120.0
89195da69abffff,"{'89195da69b7ffff', '89195da69afffff', '89195da69a7ffff', '89195da6937ffff', '89195da6913ffff', '89195da698fffff', '89195da690fffff', '89195da69a3ffff', '89195da6903ffff', '89195da6907ffff', '89195da693bffff', '89194ad34dbffff', '89195da69abffff', '89195da6917ffff', '89195da6923ffff', '89195da6933ffff', '89195da69bbffff', '89195da6987ffff', '89195da69b3ffff'}",4.0,159.0
89195da69afffff,"{'89195da69b7ffff', '89195da69afffff', '89195da69a7ffff', '89195da6937ffff', '89194ad34c3ffff', '89194ad34cbffff', '89194ad34d3ffff', '89195da69a3ffff', '89195da6907ffff', '89195da6927ffff', '89195da693bffff', '89194e69a6bffff', '89194ad34dbffff', '89195da69abffff', '89195da6917ffff', '89195da6923ffff', '89195da6933ffff', '89195da69bbffff', '89195da69b3ffff'}",25.0,121.0
89195da69b3ffff,"{'89195da69b7ffff', '89195da69afffff', '89195da69a7ffff', '89195da6997ffff', '89194e69a47ffff', '89195da698fffff', '89194e69a5bffff', '89195da69a3ffff', '89194e69a4bffff', '89194e69a43ffff', '89194e69a6bffff', '89195da69abffff', '89194e69a7bffff', '89195da6917ffff', '89195da69bbffff', '89194e69a4fffff', '89195da6987ffff', '89195da6983ffff', '89195da69b3ffff'}",12.0,137.0
89195da69b7ffff,"{'89195da69b7ffff', '89195da69afffff', '89195da69a7ffff', '89194e69a6fffff', '89194e69a47ffff', '89194ad34d3ffff', '89194e69a63ffff', '89195da69a3ffff', '89194e69a4bffff', '89194e69a43ffff', '89194e69a6bffff', '89194ad34dbffff', '89194e69a73ffff', '89194e69a7bffff', '89195da69abffff', '89195da69bbffff', '89194e69a4fffff', '89195da6987ffff', '89195da69b3ffff'}",5.0,129.0
89195da69bbffff,"{'89195da69b7ffff', '89195da69afffff', '89195da69a7ffff', '89195da6997ffff', '89195da6913ffff', '89195da698fffff', '89195da69a3ffff', '89195da6907ffff', '89194e69a4bffff', '89195da6903ffff', '89195da69abffff', '89195da6917ffff', '89195da6933ffff', '89195da69bbffff', '89194e69a4fffff', '89195da698bffff', '89195da6987ffff', '89195da6983ffff', '89195da69b3ffff'}",8.0,150.0
89195da69c3ffff,"{'89195da6d6fffff', '89195da6957ffff', '89195da699bffff', '89195da69cfffff', '89195da6913ffff', '89195da6d6bffff', '89195da69d7ffff', '89195da69cbffff', '89195da6837ffff', '89195da691bffff', '89195da68a7ffff', '89195da68afffff', '89195da6827ffff', '89195da69c3ffff', '89195da6953ffff', '89195da698bffff', '89195da69c7ffff', '89195da69d3ffff', '89195da69dbffff'}",2.0,66.0
89195da69c7ffff,"{'89195da6d6fffff', '89195da6957ffff', '89195da690bffff', '89195da699bffff', '89195da69cfffff', '89195da6913ffff', '89195da698fffff', '89195da69d7ffff', '89195da69cbffff', '89195da691bffff', '89195da6903ffff', '89195da69c3ffff', '89195da6917ffff', '89195da6953ffff', '89195da698bffff', '89195da69c7ffff', '89195da69d3ffff', '89195da69dbffff', '89195da6983ffff'}",13.0,59.0
89195da69cbffff,"{'89195da695bffff', '89195da6957ffff', '89195da6833ffff', '89195da69cfffff', '89195da69d7ffff', '89195da69cbffff', '89195da6837ffff', '89195da691bffff', '89195da6823ffff', '89195da6943ffff', '89195da68a7ffff', '89195da68afffff', '89195da6827ffff', '89195da69c3ffff', '89195da6953ffff', '89195da69c7ffff', '89195da69d3ffff', '89195da69dbffff', '89195da682fffff'}",7.0,54.0
89195da69d3ffff,"{'89195da6d6fffff', '89195da699bffff', '89195da69cfffff', '89195da68a3ffff', '89195da6d6bffff', '89195da69d7ffff', '89195da69cbffff', '89195da6837ffff', '89195da68a7ffff', '89195da68afffff', '89195da69c3ffff', '89195da6d63ffff', '89195da6d67ffff', '89195da698bffff', '89195da6d7bffff', '89195da69dbffff', '89195da69c7ffff', '89195da69d3ffff', '89195da68b7ffff'}",2.0,52.0
89195da6a03ffff,"{'89195da6a8bffff', '89195da6a07ffff', '89195da6a17ffff', '89195da6a0bffff', '89195da6a03ffff', '89195da6a3bffff', '89195da6a73ffff', '89195da6a47ffff', '89195da6abbffff', '89195da6a1bffff', '89195da6ac7ffff', '89195da6a13ffff', '89195da6a77ffff', '89195da6acfffff', '89195da6a33ffff', '89195da6a0fffff', '89195da6a8fffff', '89195da6a57ffff', '89195da6aabffff'}",1.0,38.0
89195da6a07ffff,"{'89195da6a07ffff', '89195da6a17ffff', '89195da6a0bffff', '89195da6a03ffff', '89195da6a37ffff', '89195da6a3bffff', '89195da6a73ffff', '89195da6a2bffff', '89195da6abbffff', '89195da6a1bffff', '89195da6aafffff', '89195da6a23ffff', '89195da6a13ffff', '89195da6a77ffff', '89195da6aa3ffff', '89195da6a33ffff', '89195da6a0fffff', '89195da6a8fffff', '89195da6aabffff'}",6.0,54.0
89195da6a13ffff,"{'89195da6a8bffff', '89195da6a07ffff', '89195da6a17ffff', '89195da6a0bffff', '89195da6a03ffff', '89195da6a9bffff', '89195da6ac3ffff', '89195da6abbffff', '89195da6a1bffff', '89195da6a87ffff', '89195da6ac7ffff', '89195da6a13ffff', '89195da6acfffff', '89195da6a0fffff', '89195da6a8fffff', '89195da6a57ffff', '89195da6a83ffff', '89195da6aabffff', '89195da6ad7ffff'}",3.0,35.0
89195da6a17ffff,"{'89195da6a8bffff', '89195da6a07ffff', '89195da6a17ffff', '89195da6a0bffff', '89195da6a03ffff', '89195da6a3bffff', '89195da6abbffff', '89195da6a1bffff', '89195da6aafffff', '89195da6a87ffff', '89195da6ac7ffff', '89195da6a13ffff', '89195da6ab3ffff', '89195da6aa3ffff', '89195da6a33ffff', '89195da6a0fffff', '89195da6a8fffff', '89195da6a83ffff', '89195da6aabffff'}",10.0,39.0
89195da6a1bffff,"{'89195da6acbffff', '89195da6a8bffff', '89195da6a07ffff', '89195da6a17ffff', '89195da6a0bffff', '89195da6a03ffff', '89195da6a73ffff', '89195da6ac3ffff', '89195da6a47ffff', '89195da6a1bffff', '89195da6ac7ffff', '89195da6a13ffff', '89195da6a43ffff', '89195da6acfffff', '89195da6a0fffff', '89195da6a8fffff', '89195da6a57ffff', '89195da6a53ffff', '89195da6ad7ffff'}",1.0,26.0
89195da6a2bffff,"{'89195da6b5bffff', '89195da6a07ffff', '89195da6a63ffff', '89195da6a37ffff', '89195da6a3bffff', '89195da6a73ffff', '89195da6a2bffff', '89195da6a2fffff', '89195da6a23ffff', '89195da4c83ffff', '89195da6a6fffff', '89195da6a77ffff', '89195da4c9bffff', '89195da6a27ffff', '89195da6a67ffff', '89195da6a33ffff', '89195da6a0fffff', '89195da4c93ffff', '89195da4c97ffff'}",15.0,47.0
89195da6a2fffff,"{'89195da6b5bffff', '89195da6a37ffff', '89195da6a3bffff', '89195da6a2bffff', '89195da6bcbffff', '89195da6a2fffff', '89195da6a23ffff', '89195da6b43ffff', '89195da6b4bffff', '89195da4c83ffff', '89195da6a77ffff', '89195da4c9bffff', '89195da6a27ffff', '89195da6a67ffff', '89195da6a33ffff', '89195da6b53ffff', '89195da4c87ffff', '89195da4c93ffff', '89195da4c97ffff'}",4.0,68.0
89195da6a33ffff,"{'89195da6a07ffff', '89195da6bdbffff', '89195da6a17ffff', '89195da6a37ffff', '89195da6a03ffff', '89195da6a3bffff', '89195da6a2bffff', '89195da6abbffff', '89195da6bcbffff', '89195da6a2fffff', '89195da6aafffff', '89195da6a23ffff', '89195da6a77ffff', '89195da6aa7ffff', '89195da6aa3ffff', '89195da6a27ffff', '89195da6a33ffff', '89195da6a0fffff', '89195da6aabffff'}",1.0,57.0
89195da6a3bffff,"{'89195da6a07ffff', '89195da6a17ffff', '89195da6a63ffff', '89195da6a03ffff', '89195da6a37ffff', '89195da6a0bffff', '89195da6a3bffff', '89195da6a73ffff', '89195da6a2bffff', '89195da6a2fffff', '89195da6aafffff', '89195da6a23ffff', '89195da6a77ffff', '89195da6a27ffff', '89195da6a67ffff', '89195da6a33ffff', '89195da6a0fffff', '89195da4c93ffff', '89195da6aabffff'}",1.0,45.0
89195da6a53ffff,"{'89195da4527ffff', '89195da6a4bffff', '89195da4537ffff', '89195da6acbffff', '89195da6a0bffff', '89195da6a5bffff', '89195da4523ffff', '89195da452fffff', '89195da6a4fffff', '89195da6ac3ffff', '89195da6a47ffff', '89195da6a1bffff', '89195da6ac7ffff', '89195da6a43ffff', '89195da6acfffff', '89195da4197ffff', '89195da6a57ffff', '89195da6adbffff', '89195da6a53ffff'}",1.0,7.0
89195da6a67ffff,"{'89195da4cd7ffff', '89195da6a63ffff', '89195da6a3bffff', '89195da6a73ffff', '89195da6a2bffff', '89195da6a2fffff', '89195da6a23ffff', '89195da4c83ffff', '89195da6a6fffff', '89195da6a77ffff', '89195da6a7bffff', '89195da4cd3ffff', '89195da4c9bffff', '89195da6a67ffff', '89195da6a0fffff', '89195da4c8bffff', '89195da4c93ffff', '89195da6a6bffff', '89195da4c97ffff'}",1.0,42.0
89195da6a77ffff,"{'89195da6a07ffff', '89195da6a63ffff', '89195da6a03ffff', '89195da6a0bffff', '89195da6a3bffff', '89195da6a73ffff', '89195da6a2bffff', '89195da6a47ffff', '89195da6a2fffff', '89195da6a23ffff', '89195da6a6fffff', '89195da6a7bffff', '89195da6a77ffff', '89195da4c9bffff', '89195da6a67ffff', '89195da6a33ffff', '89195da6a0fffff', '89195da4c93ffff', '89195da6a6bffff'}",1.0,34.0
89195da6a7bffff,"{'89195da6a4bffff', '89195da6a63ffff', '89195da6a0bffff', '89195da6a4fffff', '89195da6a73ffff', '89195da6a47ffff', '89195da41b3ffff', '89195da41a7ffff', '89195da6a43ffff', '89195da41b7ffff', '89195da6a6fffff', '89195da6a77ffff', '89195da6a7bffff', '89195da4cd3ffff', '89195da41a3ffff', '89195da6a67ffff', '89195da6a0fffff', '89195da6a57ffff', '89195da6a6bffff'}",2.0,4.0
89195da6a97ffff,"{'89195da6a93ffff', '89195da6a8bffff', '89195da6e27ffff', '89195da6e2bffff', '89195da6a9bffff', '89195da6e67ffff', '89195da6853ffff', '89195da6843ffff', '89195da6abbffff', '89195da684fffff', '89195da685bffff', '89195da684bffff', '89195da6a87ffff', '89195da6ab3ffff', '89195da6a97ffff', '89195da6e23ffff', '89195da6a8fffff', '89195da6a83ffff', '89195da6e2fffff'}",2.0,25.0
89195da6aa3ffff,"{'89195da686bffff', '89195da6ab7ffff', '89195da6a07ffff', '89195da6bdbffff', '89195da6a17ffff', '89195da6a37ffff', '89195da687bffff', '89195da6abbffff', '89195da684fffff', '89195da6aafffff', '89195da684bffff', '89195da6a87ffff', '89195da6ab3ffff', '89195da6aa7ffff', '89195da6aa3ffff', '89195da6a33ffff', '89195da6a8fffff', '89195da6bd3ffff', '89195da6aabffff'}",5.0,65.0
89195da6aa7ffff,"{'89195da686bffff', '89195da6ab7ffff', '89195da6bdbffff', '89195da6a37ffff', '89195da687bffff', '89195da686fffff', '89195da6abbffff', '89195da684fffff', '89195da6bcbffff', '89195da6aafffff', '89195da6ab3ffff', '89195da6aa7ffff', '89195da6aa3ffff', '89195da6a33ffff', '89195da6bd7ffff', '89195da6863ffff', '89195da6bd3ffff', '89195da6aabffff', '89195da6bc3ffff'}",3.0,108.0
89195da6aabffff,"{'89195da6ab7ffff', '89195da6a07ffff', '89195da6bdbffff', '89195da6a17ffff', '89195da6a03ffff', '89195da6a37ffff', '89195da6a3bffff', '89195da6abbffff', '89195da6aafffff', '89195da6a23ffff', '89195da6a87ffff', '89195da6a13ffff', '89195da6ab3ffff', '89195da6aa7ffff', '89195da6aa3ffff', '89195da6a33ffff', '89195da6a0fffff', '89195da6a8fffff', '89195da6aabffff'}",4.0,42.0
89195da6ab3ffff,"{'89195da686bffff', '89195da6ab7ffff', '89195da6a17ffff', '89195da687bffff', '89195da6843ffff', '89195da6abbffff', '89195da684fffff', '89195da6aafffff', '89195da685bffff', '89195da684bffff', '89195da6a87ffff', '89195da6ab3ffff', '89195da6a97ffff', '89195da6aa7ffff', '89195da6aa3ffff', '89195da6a8fffff', '89195da6847ffff', '89195da6a83ffff', '89195da6aabffff'}",1.0,48.0
89195da6ab7ffff,"{'89195da6863ffff', '89195da686bffff', '89195da6ab7ffff', '89195da6873ffff', '89195da6bdbffff', '89195da687bffff', '89195da686fffff', '89195da6843ffff', '89195da6abbffff', '89195da684fffff', '89195da6aafffff', '89195da684bffff', '89195da6a87ffff', '89195da6ab3ffff', '89195da6aa7ffff', '89195da6aa3ffff', '89195da6847ffff', '89195da6bd3ffff', '89195da6aabffff'}",1.0,106.0
89195da6abbffff,"{'89195da6ab7ffff', '89195da6a8bffff', '89195da6a07ffff', '89195da6a17ffff', '89195da6a03ffff', '89195da6abbffff', '89195da684fffff', '89195da6aafffff', '89195da684bffff', '89195da6a87ffff', '89195da6a13ffff', '89195da6ab3ffff', '89195da6a97ffff', '89195da6aa7ffff', '89195da6aa3ffff', '89195da6a33ffff', '89195da6a8fffff', '89195da6a83ffff', '89195da6aabffff'}",6.0,49.0
89195da6acfffff,"{'89195da4527ffff', '89195da4537ffff', '89195da6acbffff', '89195da6a8bffff', '89195da6a0bffff', '89195da6a03ffff', '89195da6a5bffff', '89195da6ac3ffff', '89195da6a47ffff', '89195da6a1bffff', '89195da6ac7ffff', '89195da6a13ffff', '89195da6a43ffff', '89195da6acfffff', '89195da6ad3ffff', '89195da6a57ffff', '89195da6adbffff', '89195da6a53ffff', '89195da6ad7ffff'}",4.0,11.0
89195da6b03ffff,"{'89195da6b77ffff', '89195da6b1bffff', '89195da6b47ffff', '89195da6b8fffff', '89195da6b03ffff', '89195da6bcfffff', '89195da6b17ffff', '89195da6b13ffff', '89195da6b57ffff', '89195da6b73ffff', '89195da6babffff', '89195da6b33ffff', '89195da6b07ffff', '89195da6bbbffff', '89195da6b3bffff', '89195da6b0fffff', '89195da6b0bffff', '89195da6b8bffff', '89195da6bc7ffff'}",3.0,62.0
89195da6b07ffff,"{'89195da6b77ffff', '89195da6b1bffff', '89195da6b8fffff', '89195da6ba3ffff', '89195da6b03ffff', '89195da6b17ffff', '89195da6b13ffff', '89195da6babffff', '89195da6b23ffff', '89195da6bafffff', '89195da6b37ffff', '89195da6b73ffff', '89195da6b33ffff', '89195da6b07ffff', '89195da6b2bffff', '89195da6bbbffff', '89195da6b3bffff', '89195da6b0fffff', '89195da6b0bffff'}",1.0,69.0
89195da6b0bffff,"{'89195da6b77ffff', '89195da6b1bffff', '89195da6b47ffff', '89195da6b7bffff', '89195da6b43ffff', '89195da6b03ffff', '89195da6bcfffff', '89195da6b17ffff', '89195da6b13ffff', '89195da6b57ffff', '89195da6b73ffff', '89195da6b4fffff', '89195da6b07ffff', '89195da6b3bffff', '89195da6b53ffff', '89195da6b0fffff', '89195da6b0bffff', '89195da6b63ffff', '89195da6bc7ffff'}",1.0,43.0
89195da6b0fffff,"{'89195da6b77ffff', '89195da6b1bffff', '89195da6b47ffff', '89195da6b7bffff', '89195da6b67ffff', '89195da6b03ffff', '89195da6b17ffff', '89195da6b13ffff', '89195da6b57ffff', '89195da6b23ffff', '89195da6b73ffff', '89195da6babffff', '89195da6b33ffff', '89195da6b07ffff', '89195da6b2bffff', '89195da6b3bffff', '89195da6b0fffff', '89195da6b0bffff', '89195da6b63ffff'}",7.0,66.0
89195da6b13ffff,"{'89195da6b1bffff', '89195da6b9bffff', '89195da6b8fffff', '89195da6b03ffff', '89195da6bcfffff', '89195da6b83ffff', '89195da6b17ffff', '89195da6babffff', '89195da6b57ffff', '89195da6b13ffff', '89195da6b07ffff', '89195da6bbbffff', '89195da6b87ffff', '89195da6bd7ffff', '89195da6b0fffff', '89195da6b0bffff', '89195da6b8bffff', '89195da6bc3ffff', '89195da6bc7ffff'}",1.0,77.0
89195da6b23ffff,"{'89195da4d97ffff', '89195da6b77ffff', '89194ad36dbffff', '89195da6b67ffff', '89194ad36cbffff', '89195da4d93ffff', '89194ad3653ffff', '89195da6babffff', '89195da6b27ffff', '89194ad365bffff', '89195da6b33ffff', '89195da6bafffff', '89195da6b37ffff', '89195da6b07ffff', '89195da6b23ffff', '89195da6b2bffff', '89195da6b3bffff', '89195da6b2fffff', '89195da6b0fffff'}",16.0,77.0
89195da6b2bffff,"{'89195da4d97ffff', '89195da6b77ffff', '89195da6b6fffff', '89195da4d83ffff', '89195da6b67ffff', '89195da4d93ffff', '89195da4d9bffff', '89195da6b73ffff', '89194ad365bffff', '89195da6b27ffff', '89195da6b23ffff', '89195da6b33ffff', '89195da6b37ffff', '89195da6b07ffff', '89195da6b2bffff', '89195da6b3bffff', '89195da6b2fffff', '89195da6b0fffff', '89195da6b63ffff'}",1.0,96.0
89195da6b2fffff,"{'89195da4d97ffff', '89195da4d87ffff', '89195da6b77ffff', '89194ad3643ffff', '89195da4d83ffff', '89194ad364bffff', '89195da6b67ffff', '89194ad36cbffff', '89195da4d93ffff', '89194ad3653ffff', '89195da4d9bffff', '89194ad365bffff', '89195da6b27ffff', '89195da6b23ffff', '89195da6b33ffff', '89195da6b37ffff', '89195da6b2bffff', '89195da6b3bffff', '89195da6b2fffff'}",2.0,152.0
89195da6b33ffff,"{'89195da6b77ffff', '89194ad36dbffff', '89194ad36cbffff', '89195da6ba3ffff', '89195da6b03ffff', '89195da6b17ffff', '89195da6babffff', '89195da6b27ffff', '89195da6b23ffff', '89195da6bafffff', '89195da6b37ffff', '89195da6b07ffff', '89195da6b33ffff', '89195da6b2bffff', '89195da6bbbffff', '89195da6b3bffff', '89195da6b2fffff', '89195da6b0fffff', '89195da6ba7ffff'}",11.0,79.0
89195da6b37ffff,"{'89194ad36dbffff', '89194ad36d3ffff', '89194ad36c3ffff', '89194ad36cbffff', '89195da6ba3ffff', '89194ad3653ffff', '89195da6babffff', '89195da6b27ffff', '89194ad365bffff', '89195da6b23ffff', '89195da6bafffff', '89195da6b33ffff', '89195da6b07ffff', '89195da6b37ffff', '89195da6b2bffff', '89195da6b3bffff', '89195da6b2fffff', '89194ad36cfffff', '89195da6ba7ffff'}",1.0,151.0
89195da6b3bffff,"{'89195da6b77ffff', '89195da6b67ffff', '89195da4d93ffff', '89195da6b03ffff', '89195da6b17ffff', '89195da6b73ffff', '89195da6b27ffff', '89195da6b23ffff', '89195da6bafffff', '89195da6b37ffff', '89195da6babffff', '89195da6b33ffff', '89195da6b07ffff', '89195da6b2bffff', '89195da6b3bffff', '89195da6b2fffff', '89195da6b0fffff', '89195da6b0bffff', '89195da6b63ffff'}",13.0,67.0
89195da6b43ffff,"{'89195da6b5bffff', '89195da6b1bffff', '89195da6b47ffff', '89195da4cb7ffff', '89195da6a2fffff', '89195da6bcbffff', '89195da6b7bffff', '89195da6b43ffff', '89195da6b4bffff', '89195da6bcfffff', '89195da6b73ffff', '89195da4cb3ffff', '89195da6b57ffff', '89195da6b4fffff', '89195da6a27ffff', '89195da6b53ffff', '89195da4c87ffff', '89195da6b0bffff', '89195da4c97ffff'}",5.0,43.0
89195da6b47ffff,"{'89195da6b77ffff', '89195da6b5bffff', '89195da6b1bffff', '89195da6b6bffff', '89195da6b47ffff', '89195da4cb7ffff', '89195da6b7bffff', '89195da6b43ffff', '89195da6b4bffff', '89195da6bcfffff', '89195da6b03ffff', '89195da6b73ffff', '89195da4cb3ffff', '89195da6b57ffff', '89195da6b4fffff', '89195da6b53ffff', '89195da6b0fffff', '89195da6b0bffff', '89195da6b63ffff'}",7.0,26.0
89195da6b63ffff,"{'89195da6b77ffff', '89195da6b6bffff', '89195da6b47ffff', '89195da6b6fffff', '89195da4cb7ffff', '89195da6b7bffff', '89195da6b67ffff', '89195da4d93ffff', '89195da4d9bffff', '89195da4dd7ffff', '89195da6b73ffff', '89195da6b4fffff', '89195da6b2bffff', '89195da6b3bffff', '89195da6b0fffff', '89195da6b0bffff', '89195da4ca7ffff', '89195da4dd3ffff', '89195da6b63ffff'}",2.0,78.0
89195da6b67ffff,"{'89195da4d97ffff', '89195da6b77ffff', '89195da6b6bffff', '89195da6b6fffff', '89195da4d83ffff', '89195da4d8bffff', '89195da6b7bffff', '89195da6b67ffff', '89195da4d93ffff', '89195da4d9bffff', '89195da4dd7ffff', '89195da6b73ffff', '89195da6b23ffff', '89195da6b2bffff', '89195da6b3bffff', '89195da6b2fffff', '89195da6b0fffff', '89195da4dd3ffff', '89195da6b63ffff'}",1.0,90.0
89195da6b77ffff,"{'89195da6b77ffff', '89195da6b6bffff', '89195da6b47ffff', '89195da6b6fffff', '89195da6b7bffff', '89195da6b67ffff', '89195da4d93ffff', '89195da6b03ffff', '89195da4d9bffff', '89195da6b73ffff', '89195da6b23ffff', '89195da6b33ffff', '89195da6b07ffff', '89195da6b2bffff', '89195da6b3bffff', '89195da6b2fffff', '89195da6b0fffff', '89195da6b0bffff', '89195da6b63ffff'}",1.0,89.0
89195da6b83ffff,"{'89195da695bffff', '89195da6b93ffff', '89195da6b9bffff', '89195da686fffff', '89195da6bb3ffff', '89195da6b8fffff', '89195da6867ffff', '89195da6bc7ffff', '89195da6b83ffff', '89195da6b13ffff', '89195da6b17ffff', '89195da6b97ffff', '89195da6bbbffff', '89195da6b87ffff', '89195da6bd7ffff', '89195da694bffff', '89195da6b8bffff', '89195da682fffff', '89195da682bffff'}",15.0,111.0
89195da6b87ffff,"{'89195da695bffff', '89195da6b93ffff', '89195da6b9bffff', '89195da6bb3ffff', '89195da6b8fffff', '89195da6bb7ffff', '89195da694fffff', '89195da6ba3ffff', '89195da6943ffff', '89195da6b13ffff', '89195da6b17ffff', '89195da6babffff', '89195da6b97ffff', '89195da6bbbffff', '89195da6b87ffff', '89195da694bffff', '89195da6b8bffff', '89195da682fffff', '89195da6b83ffff'}",23.0,84.0
89195da6b8bffff,"{'89195da6b93ffff', '89195da6b1bffff', '89195da6b9bffff', '89195da686fffff', '89195da6b8fffff', '89195da6867ffff', '89195da6b03ffff', '89195da6bcfffff', '89195da6b83ffff', '89195da6b13ffff', '89195da6b17ffff', '89195da6b97ffff', '89195da6bbbffff', '89195da6b87ffff', '89195da6bd7ffff', '89195da6bd3ffff', '89195da6b8bffff', '89195da6bc3ffff', '89195da6bc7ffff'}",2.0,118.0
89195da6b8fffff,"{'89195da6b93ffff', '89195da6b1bffff', '89195da6b9bffff', '89195da6bb3ffff', '89195da6b8fffff', '89195da6bc7ffff', '89195da6ba3ffff', '89195da6b03ffff', '89195da6b17ffff', '89195da6b13ffff', '89195da6babffff', '89195da6b97ffff', '89195da6b07ffff', '89195da6bbbffff', '89195da6b87ffff', '89195da6bd7ffff', '89195da694bffff', '89195da6b8bffff', '89195da6b83ffff'}",4.0,79.0
89195da6b93ffff,"{'89195da695bffff', '89195da6863ffff', '89195da6b93ffff', '89195da6b9bffff', '89195da686fffff', '89195da6b8fffff', '89195da6867ffff', '89195da6823ffff', '89195da6b83ffff', '89195da6877ffff', '89195da6827ffff', '89195da6b97ffff', '89195da683bffff', '89195da6b87ffff', '89195da6bd7ffff', '89195da694bffff', '89195da6b8bffff', '89195da682fffff', '89195da682bffff'}",3.0,134.0
89195da6b9bffff,"{'89195da6b93ffff', '89195da686bffff', '89195da686fffff', '89195da6b9bffff', '89195da6b8fffff', '89195da6867ffff', '89195da6bc7ffff', '89195da6b13ffff', '89195da6877ffff', '89195da6b97ffff', '89195da6b87ffff', '89195da6bd7ffff', '89195da6863ffff', '89195da6bd3ffff', '89195da6b8bffff', '89195da682fffff', '89195da682bffff', '89195da6bc3ffff', '89195da6b83ffff'}",4.0,144.0
89195da6ba7ffff,"{'89195da696fffff', '89194ad36dbffff', '89194ad36d7ffff', '89195da696bffff', '89194ad36d3ffff', '89195da6bb3ffff', '89195da697bffff', '89195da6bb7ffff', '89194ad36c3ffff', '89195da694fffff', '89194ad36cbffff', '89195da6ba3ffff', '89195da6babffff', '89195da6b33ffff', '89195da6bafffff', '89195da6b37ffff', '89195da6963ffff', '89195da6bbbffff', '89195da6ba7ffff'}",8.0,123.0
89195da6babffff,"{'89194ad36dbffff', '89195da6bb3ffff', '89195da6b8fffff', '89195da6bb7ffff', '89195da6ba3ffff', '89195da6b03ffff', '89195da6b17ffff', '89195da6b13ffff', '89195da6babffff', '89195da6b23ffff', '89195da6bafffff', '89195da6b37ffff', '89195da6b33ffff', '89195da6b07ffff', '89195da6bbbffff', '89195da6b3bffff', '89195da6b87ffff', '89195da6b0fffff', '89195da6ba7ffff'}",1.0,121.0
89195da6bb3ffff,"{'89195da695bffff', '89195da696bffff', '89195da6bb3ffff', '89195da697bffff', '89195da6b8fffff', '89195da6bb7ffff', '89195da694fffff', '89195da6ba3ffff', '89195da6943ffff', '89195da6b17ffff', '89195da6babffff', '89195da6947ffff', '89195da6b97ffff', '89195da6bafffff', '89195da6bbbffff', '89195da6b87ffff', '89195da6ba7ffff', '89195da694bffff', '89195da6b83ffff'}",7.0,87.0
89195da6bb7ffff,"{'89195da696fffff', '89194ad36dbffff', '89195da696bffff', '89194ad36d3ffff', '89195da6bb3ffff', '89195da697bffff', '89195da6bb7ffff', '89195da694fffff', '89195da6ba3ffff', '89195da6973ffff', '89195da6943ffff', '89195da6babffff', '89195da6947ffff', '89195da6bafffff', '89195da6963ffff', '89195da6bbbffff', '89195da6b87ffff', '89195da6ba7ffff', '89195da694bffff'}",15.0,94.0
89195da6bbbffff,"{'89195da6bb3ffff', '89195da6b8fffff', '89195da6bb7ffff', '89195da694fffff', '89195da6ba3ffff', '89195da6b03ffff', '89195da6b17ffff', '89195da6b13ffff', '89195da6babffff', '89195da6b97ffff', '89195da6bafffff', '89195da6b33ffff', '89195da6b07ffff', '89195da6bbbffff', '89195da6b87ffff', '89195da6ba7ffff', '89195da694bffff', '89195da6b8bffff', '89195da6b83ffff'}",8.0,99.0
89195da6bc7ffff,"{'89195da6b1bffff', '89195da6bdbffff', '89195da6b9bffff', '89195da686fffff', '89195da6b8fffff', '89195da6bcbffff', '89195da6bc7ffff', '89195da6b03ffff', '89195da6bcfffff', '89195da6b13ffff', '89195da6b17ffff', '89195da6b57ffff', '89195da6b53ffff', '89195da6bd7ffff', '89195da6b0bffff', '89195da6b8bffff', '89195da6bd3ffff', '89195da6bc3ffff', '89195da6b83ffff'}",2.0,81.0
89195da6bd3ffff,"{'89195da686bffff', '89195da6ab7ffff', '89195da6bdbffff', '89195da6a37ffff', '89195da6b9bffff', '89195da687bffff', '89195da686fffff', '89195da6867ffff', '89195da6bcbffff', '89195da6aafffff', '89195da6bcfffff', '89195da6aa7ffff', '89195da6aa3ffff', '89195da6bd7ffff', '89195da6863ffff', '89195da6bd3ffff', '89195da6b8bffff', '89195da6bc3ffff', '89195da6bc7ffff'}",12.0,106.0
89195da6bd7ffff,"{'89195da6b93ffff', '89195da686bffff', '89195da6b1bffff', '89195da6bdbffff', '89195da6b9bffff', '89195da686fffff', '89195da6b8fffff', '89195da6867ffff', '89195da6bcbffff', '89195da6b83ffff', '89195da6bcfffff', '89195da6b13ffff', '89195da6aa7ffff', '89195da6bd7ffff', '89195da6863ffff', '89195da6bd3ffff', '89195da6b8bffff', '89195da6bc3ffff', '89195da6bc7ffff'}",5.0,113.0
89195da6c27ffff,"{'89195da6d57ffff', '89195da6d53ffff', '89195da6dcfffff', '89195da6c23ffff', '89195da6c2fffff', '89195da6c27ffff', '89195da6c33ffff', '89195da6897ffff', '89195da6c37ffff', '89195da6d4bffff', '89195da6dcbffff', '89195da6dc3ffff', '89195da6d5bffff', '89195da6c3bffff', '89195da6893ffff', '89195da6d43ffff', '89195da6cafffff', '89195da6ddbffff', '89195da6c2bffff'}",4.0,19.0
89195da6d07ffff,"{'89195da6d03ffff', '89195da6d77ffff', '89195da6d13ffff', '89195da6d33ffff', '89195da6da3ffff', '89195da6d17ffff', '89195da6d73ffff', '89195da6d0bffff', '89195da6dbbffff', '89195da6dabffff', '89195da6d37ffff', '89195da6d0fffff', '89195da6d8fffff', '89195da6d07ffff', '89195da6d3bffff', '89195da6d23ffff', '89195da6d1bffff', '89195da6dafffff', '89195da6d2bffff'}",6.0,55.0
89195da6d13ffff,"{'89195da6d03ffff', '89195da6d57ffff', '89195da6dd7ffff', '89195da6dcfffff', '89195da6d13ffff', '89195da6d17ffff', '89195da6d87ffff', '89195da6d0bffff', '89195da6dbbffff', '89195da6dc3ffff', '89195da6d9bffff', '89195da6d83ffff', '89195da6dabffff', '89195da6d0fffff', '89195da6d8fffff', '89195da6d07ffff', '89195da6d8bffff', '89195da6dc7ffff', '89195da6d1bffff'}",1.0,14.0
89195da6d23ffff,"{'89195da6d77ffff', '89194e69adbffff', '89195da6d33ffff', '89195da6997ffff', '89194e69a53ffff', '89195da6993ffff', '89194e69a5bffff', '89194e69acbffff', '89195da6d2fffff', '89195da6dabffff', '89195da6d37ffff', '89195da6d0fffff', '89195da6d27ffff', '89195da6d07ffff', '89195da6d3bffff', '89195da6d67ffff', '89195da6d23ffff', '89195da6dafffff', '89195da6d2bffff'}",9.0,86.0
89195da6d27ffff,"{'89194e69adbffff', '89195da6d33ffff', '89195da6997ffff', '89194e69a53ffff', '89195da6993ffff', '89194e69a5bffff', '89194e69acbffff', '89194e69a4bffff', '89195da6d2fffff', '89195da6d37ffff', '89194e69a43ffff', '89194e69ac3ffff', '89195da6d27ffff', '89194e69acfffff', '89195da6d3bffff', '89194e69a57ffff', '89195da6d23ffff', '89195da6dafffff', '89195da6d2bffff'}",1.0,71.0
89195da6d2bffff,"{'89195da6d6fffff', '89195da6d77ffff', '89195da699bffff', '89195da6997ffff', '89195da6d33ffff', '89195da6993ffff', '89195da6d73ffff', '89194e69a5bffff', '89195da6d2fffff', '89195da6d37ffff', '89195da6d0fffff', '89195da6d63ffff', '89195da6d27ffff', '89195da6d07ffff', '89195da6d3bffff', '89195da6d67ffff', '89195da6983ffff', '89195da6d23ffff', '89195da6d2bffff'}",8.0,88.0
89195da6d2fffff,"{'89195da6d77ffff', '89195da699bffff', '89195da6997ffff', '89195da6d33ffff', '89194e69a53ffff', '89195da6993ffff', '89194e69a5bffff', '89194e69acbffff', '89194e69a4bffff', '89195da6d2fffff', '89194e69a43ffff', '89195da6d37ffff', '89195da6d27ffff', '89195da6d3bffff', '89195da6d67ffff', '89195da6987ffff', '89195da6983ffff', '89195da6d23ffff', '89195da6d2bffff'}",9.0,109.0
89195da6d3bffff,"{'89195da6d03ffff', '89195da6d77ffff', '89195da6d33ffff', '89195da6993ffff', '89195da6d17ffff', '89195da6d73ffff', '89195da6d0bffff', '89195da6d2fffff', '89195da6dabffff', '89195da6d37ffff', '89195da6d0fffff', '89195da6d63ffff', '89195da6d07ffff', '89195da6d27ffff', '89195da6d3bffff', '89195da6d67ffff', '89195da6d23ffff', '89195da6dafffff', '89195da6d2bffff'}",18.0,69.0
89195da6d43ffff,"{'89195da6d57ffff', '89195da6d53ffff', '89195da6dcfffff', '89195da6c27ffff', '89195da6c2fffff', '89195da6897ffff', '89195da6d47ffff', '89195da68b3ffff', '89195da6d73ffff', '89195da6d4bffff', '89195da6dcbffff', '89195da6d0bffff', '89195da6d5bffff', '89195da6d4fffff', '89195da68b7ffff', '89195da6d43ffff', '89195da6d7bffff', '89195da6d1bffff', '89195da6887ffff'}",1.0,12.0
89195da6d5bffff,"{'89195da6d57ffff', '89195da6d53ffff', '89195da6dcfffff', '89195da6c23ffff', '89195da6c2fffff', '89195da6c27ffff', '89195da6897ffff', '89195da68b3ffff', '89195da6d47ffff', '89195da6c37ffff', '89195da6d4bffff', '89195da6dcbffff', '89195da6d5bffff', '89195da6883ffff', '89195da6d4fffff', '89195da6893ffff', '89195da6d43ffff', '89195da6887ffff', '89195da6c2bffff'}",1.0,17.0
89195da6d63ffff,"{'89195da6d6fffff', '89195da6d77ffff', '89195da699bffff', '89195da6993ffff', '89195da6d6bffff', '89195da6d47ffff', '89195da69d7ffff', '89195da6d73ffff', '89195da6d0bffff', '89195da6d4fffff', '89195da68a7ffff', '89195da6d0fffff', '89195da6d63ffff', '89195da6d3bffff', '89195da6d67ffff', '89195da6d7bffff', '89195da69d3ffff', '89195da68b7ffff', '89195da6d2bffff'}",1.0,53.0
89195da6d67ffff,"{'89195da6d6fffff', '89195da6d77ffff', '89195da699bffff', '89195da6997ffff', '89195da6993ffff', '89195da6d6bffff', '89195da69d7ffff', '89195da6d73ffff', '89195da6d2fffff', '89195da6d0fffff', '89195da6d63ffff', '89195da6d3bffff', '89195da698bffff', '89195da6d23ffff', '89195da6d7bffff', '89195da69d3ffff', '89195da6d67ffff', '89195da6983ffff', '89195da6d2bffff'}",2.0,77.0
89195da6d77ffff,"{'89195da6d6fffff', '89195da6d03ffff', '89195da6d77ffff', '89195da699bffff', '89195da6d33ffff', '89195da6993ffff', '89195da6d6bffff', '89195da6d47ffff', '89195da6d73ffff', '89195da6d0bffff', '89195da6d2fffff', '89195da6d0fffff', '89195da6d63ffff', '89195da6d07ffff', '89195da6d3bffff', '89195da6d67ffff', '89195da6d7bffff', '89195da6d23ffff', '89195da6d2bffff'}",12.0,74.0
89195da6d8bffff,"{'89195da6d03ffff', '89195da6dd7ffff', '89195da6dcfffff', '89195da6d13ffff', '89195da6d97ffff', '89195da6d17ffff', '89195da6d87ffff', '89195da6dbbffff', '89195da6dc3ffff', '89195da6d9bffff', '89195da6d83ffff', '89195da6d93ffff', '89195da6d8fffff', '89194e6936fffff', '89195da6dd3ffff', '89195da6d8bffff', '89194e69367ffff', '89195da6dc7ffff', '89195da6d1bffff'}",5.0,12.0
89195da6d9bffff,"{'89195da6dd7ffff', '89194e69377ffff', '89195da6d13ffff', '89195da6d97ffff', '89194e6936bffff', '89194e6932fffff', '89195da6d87ffff', '89195da6dc3ffff', '89195da6d83ffff', '89195da6d9bffff', '89195da6d93ffff', '89195da6d8fffff', '89194e6936fffff', '89195da6dd3ffff', '89195da6d8bffff', '89194e69367ffff', '89194e69363ffff', '89194e6932bffff', '89195da6dc7ffff'}",1.0,12.0
89195da6da7ffff,"{'89194e69ad7ffff', '89194e69adbffff', '89194e69e6fffff', '89195da6db7ffff', '89195da6db3ffff', '89195da6d33ffff', '89194e69e6bffff', '89195da6da3ffff', '89194e69ad3ffff', '89195da6da7ffff', '89194e69acbffff', '89194e69e63ffff', '89195da6dbbffff', '89195da6dabffff', '89195da6d37ffff', '89194e69ac3ffff', '89194e69e7bffff', '89194e69e4fffff', '89195da6dafffff'}",9.0,24.0
89195da6dbbffff,"{'89195da6d03ffff', '89195da6db7ffff', '89195da6db3ffff', '89195da6d13ffff', '89195da6d33ffff', '89195da6d97ffff', '89195da6da3ffff', '89195da6d17ffff', '89195da6da7ffff', '89195da6d87ffff', '89195da6dbbffff', '89195da6d83ffff', '89195da6dabffff', '89195da6d8fffff', '89195da6d07ffff', '89194e69e4bffff', '89195da6d8bffff', '89194e69e4fffff', '89195da6dafffff'}",1.0,22.0
89195da6dcbffff,"{'89195da6d57ffff', '89195da6dd7ffff', '89195da6d53ffff', '89195da6ca7ffff', '89195da6c23ffff', '89195da6dcfffff', '89195da6c27ffff', '89195da6c2fffff', '89195da6c33ffff', '89195da6c37ffff', '89195da6dcbffff', '89195da6dc3ffff', '89195da6d5bffff', '89195da6dd3ffff', '89195da6d43ffff', '89195da6cafffff', '89195da6dc7ffff', '89195da6d1bffff', '89195da6ddbffff'}",1.0,13.0
89195da6ddbffff,"{'89195da6dd7ffff', '89195da6ca7ffff', '89195da6d53ffff', '89195da6c23ffff', '89195da6dcfffff', '89195da6c27ffff', '89194e6936bffff', '89195da6c33ffff', '89195da6cabffff', '89195da6c37ffff', '89195da6dcbffff', '89195da6dc3ffff', '89195da6cb7ffff', '89195da6dd3ffff', '89194e6936fffff', '89195da6ca3ffff', '89195da6cafffff', '89195da6dc7ffff', '89195da6ddbffff'}",6.0,15.0
89195da6e2fffff,"{'89195da6a93ffff', '89195da6e27ffff', '89195da6e2bffff', '89195da6a9bffff', '89195da6e3bffff', '89195da6e67ffff', '89195da6e77ffff', '89195da6853ffff', '89195da6843ffff', '89195da6e33ffff', '89195da685bffff', '89195da684bffff', '89195da6a87ffff', '89195da6a97ffff', '89195da6e37ffff', '89195da68cbffff', '89195da6e23ffff', '89195da6a83ffff', '89195da6e2fffff'}",1.0,16.0
