tile_id,seed_index,tile_path_id,h3_res,level,center_lat,center_lon,tile_size_m,geometry,children,checked,fetch_success,current
8819732445fffff,0,0,8,0,54.87641147037792,-1.5690795788564569,531.415,"POLYGON ((-1.5678831029295734 54.88075955400465, -1.5750698559208698 54.87960965386887, -1.5762657725615428 54.87526131891974, -1.570275866463723 54.87206312120509, -1.5630903082801386 54.87321302203617, -1.5618934615170024 54.877561119865874, -1.5678831029295734 54.88075955400465))",0,True,True,False
8819732469fffff,1,1,8,0,54.878459251694885,-1.5822566851024762,531.415,"POLYGON ((-1.581061139596104 54.88280757237632, -1.5882486042091906 54.88165691939782, -1.5894435902494775 54.87730834744387, -1.5834520424073921 54.874110665452484, -1.5762657725615428 54.87526131891974, -1.5750698559208698 54.87960965386887, -1.581061139596104 54.88280757237632))",0,True,True,False
881973244dfffff,2,2,8,0,54.88190895214108,-1.5606964263535206,531.415,"POLYGON ((-1.5594992027462005 54.88625651883035, -1.5666864386396202 54.88510737205375, -1.5678831029295734 54.88075955400465, -1.5618934615170024 54.877561119865874, -1.5547074207680582 54.878710267422385, -1.5535098264176115 54.88305784831702, -1.5594992027462005 54.88625651883035))",0,True,True,False
8819732713fffff,3,3,8,0,54.88395772324869,-1.5738737509979404,531.415,"POLYGON ((-1.572677457749294 54.88830552702778, -1.5798654058448653 54.88715562746538, -1.581061139596104 54.88280757237632, -1.5750698559208698 54.87960965386887, -1.5678831029295734 54.88075955400465, -1.5666864386396202 54.88510737205375, -1.572677457749294 54.88830552702778))",0,True,True,False
8819732627fffff,4,4,8,0,54.8874051636174,-1.5523120435425926,531.415,"POLYGON ((-1.5511140720995529 54.89175221329201, -1.5583017906516086 54.89060381990224, -1.5594992027462005 54.88625651883035, -1.5535098264176115 54.88305784831702, -1.546323303346758 54.884206242571395, -1.5451249612537818 54.88855330645376, -1.5511140720995529 54.89175221329201))",0,True,True,False
8819732717fffff,5,5,8,0,54.8860052257677,-1.5870534300048575,531.415,"POLYGON ((-1.5858580675931244 54.89035326652203, -1.5930467272697915 54.889202613910335, -1.5942415300042578 54.88485432189597, -1.5882486042091906 54.88165691939782, -1.581061139596104 54.88280757237632, -1.5798654058448653 54.88715562746538, -1.5858580675931244 54.89035326652203))",0,True,True,False
881973271bfffff,6,6,8,0,54.88945492449379,-1.565489585943193,531.415,"POLYGON ((-1.564292544796822 54.89380221129329, -1.5714809761315331 54.89265306517468, -1.572677457749294 54.88830552702778, -1.5666864386396202 54.88510737205375, -1.5594992027462005 54.88625651883035, -1.5583017906516086 54.89060381990224, -1.564292544796822 54.89380221129329))",0,True,True,False
881973255dfffff,7,7,8,0,54.87909226857068,-1.6301831597137295,531.415,"POLYGON ((-1.6289911561066104 54.883441816447586, -1.6361802663884915 54.88228814980339, -1.6373717100223186 54.87793835084163, -1.6313749755989724 54.87474245512838, -1.6241870596222001 54.87589612155701, -1.6229946838938505 54.88024568389359, -1.6289911561066104 54.883441816447586))",0,True,True,False
8819732509fffff,8,8,8,0,54.87562900801075,-1.651749033205035,531.415,"POLYGON ((-1.650558709665165 54.879979309054505, -1.6577480422094932 54.87882413487275, -1.658937805628795 54.874473582831875, -1.6529391692660989 54.871278441426654, -1.6457510306460499 54.87243361510173, -1.6445603345944788 54.87678393066782, -1.650558709665165 54.879979309054505))",0,True,True,False
8819732711fffff,9,9,8,0,54.89150341693056,-1.578669483805323,531.415,"POLYGON ((-1.5774733734340607 54.89585094074038, -1.584662516930514 54.89470104162938, -1.5858580675931244 54.89035326652203, -1.5798654058448653 54.88715562746538, -1.572677457749294 54.88830552702778, -1.5714809761315331 54.89265306517468, -1.5774733734340607 54.89585094074038))",0,True,True,False
8819732737fffff,10,10,8,0,54.88459498065637,-1.6218021203626607,531.415,"POLYGON ((-1.6206093689852947 54.888944011813855, -1.6277989647343145 54.88779109872754, -1.6289911561066104 54.883441816447586, -1.6229946838938505 54.88024568389359, -1.6158062827878426 54.881398596848896, -1.6146131593818296 54.88574764246837, -1.6206093689852947 54.888944011813855))",0,True,True,False
8819732625fffff,11,11,8,0,54.89495085532525,-1.5571041900262823,531.415,"POLYGON ((-1.5559064008267343 54.89929762506795, -1.5630953151570264 54.8981492324208, -1.564292544796822 54.89380221129329, -1.5583017906516086 54.89060381990224, -1.5511140720995529 54.89175221329201, -1.549915912044981 54.896098997309466, -1.5559064008267343 54.89929762506795))",0,True,True,False
8819732543fffff,12,12,8,0,54.88113398068522,-1.643369450983079,531.415,"POLYGON ((-1.6421783797685388 54.885483765122416, -1.6493681986031978 54.88432934452647, -1.650558709665165 54.879979309054505, -1.6445603345944788 54.87678393066782, -1.6373717100223186 54.87793835084163, -1.6361802663884915 54.88228814980339, -1.6421783797685388 54.885483765122416))",0,True,True,False
8819732715fffff,13,13,8,0,54.893550640286016,-1.591851736365388,531.415,"POLYGON ((-1.5906565572475935 54.89789840099159, -1.5978464122842952 54.89674774862467, -1.5990410315134886 54.89239973667155, -1.5930467272697915 54.889202613910335, -1.5858580675931244 54.89035326652203, -1.584662516930514 54.89470104162938, -1.5906565572475935 54.89789840099159))",0,True,True,False
8819732731fffff,14,14,8,0,54.890096422474194,-1.613419848048666,531.415,"POLYGON ((-1.6122263487449584 54.894444936834915, -1.6194164297183855 54.893292777334594, -1.6206093689852947 54.888944011813855, -1.6146131593818296 54.88574764246837, -1.6074242733893118 54.88689980192221, -1.6062304021496587 54.89124833074718, -1.6122263487449584 54.894444936834915))",0,True,True,False
8819732719fffff,15,15,8,0,54.8970003376579,-1.5702843061011809,531.415,"POLYGON ((-1.569087447614779 54.90134734444604, -1.5762770746876025 54.90019819886345, -1.5774733734340607 54.89585094074038, -1.5714809761315331 54.89265306517468, -1.564292544796822 54.89380221129329, -1.5630953151570264 54.8981492324208, -1.569087447614779 54.90134734444604))",0,True,True,False
881973254bfffff,16,16,8,0,54.88663768317661,-1.6349886350704943,531.415,"POLYGON ((-1.6337968160249967 54.890986950929744, -1.640987120907547 54.88983328394793, -1.6421783797685388 54.885483765122416, -1.6361802663884915 54.88228814980339, -1.6289911561066104 54.883441816447586, -1.6277989647343145 54.88779109872754, -1.6337968160249967 54.890986950929744))",0,True,True,False
8819732547fffff,17,17,8,0,54.88317442135017,-1.656558091349177,531.415,"POLYGON ((-1.6553679530046044 54.887524442232625, -1.6625584797683837 54.88636926742205, -1.663748057781178 54.88201899555505, -1.6577480422094932 54.87882413487275, -1.650558709665165 54.879979309054505, -1.6493681986031978 54.88432934452647, -1.6553679530046044 54.887524442232625))",0,True,True,False
8819732739fffff,18,18,8,0,54.89559659391868,-1.6050363428585124,531.415,"POLYGON ((-1.6038420954724777 54.899944591405294, -1.611032661427352 54.898793185519054, -1.6122263487449584 54.894444936834915, -1.6062304021496587 54.89124833074718, -1.5990410315134886 54.89239973667155, -1.5978464122842952 54.89674774862467, -1.6038420954724777 54.899944591405294))",0,True,True,False
881973271dfffff,19,19,8,0,54.89904855105826,-1.583466777973611,531.415,"POLYGON ((-1.5822708506789966 54.90339579477727, -1.5894611898729958 54.90224589599563, -1.5906565572475935 54.89789840099159, -1.584662516930514 54.89470104162938, -1.5774733734340607 54.89585094074038, -1.5762770746876025 54.90019819886345, -1.5822708506789966 54.90339579477727))",0,True,True,False
8819732735fffff,20,20,8,0,54.89214011537909,-1.626606585553482,531.415,"POLYGON ((-1.625414018520802 54.896488866370746, -1.632604809208657 54.89533595303135, -1.6337968160249967 54.890986950929744, -1.6277989647343145 54.88779109872754, -1.6206093689852947 54.888944011813855, -1.6194164297183855 54.893292777334594, -1.625414018520802 54.896488866370746))",0,True,True,False
8819732753fffff,21,21,8,0,54.902495987844894,-1.5618978969803248,531.415,"POLYGON ((-1.560700290223275 54.90684247753417, -1.5678904006288603 54.90569408550765, -1.569087447614779 54.90134734444604, -1.5630953151570264 54.8981492324208, -1.5559064008267343 54.89929762506795, -1.554708423009452 54.90364412909892, -1.560700290223275 54.90684247753417))",0,True,True,False
8819732541fffff,22,22,8,0,54.88867911439508,-1.648177499975873,531.415,"POLYGON ((-1.6469866137398916 54.89302861862883, -1.654177627132457 54.891874197488576, -1.6553679530046044 54.887524442232625, -1.6493681986031978 54.88432934452647, -1.6421783797685388 54.885483765122416, -1.640987120907547 54.88983328394793, -1.6469866137398916 54.89302861862883))",0,True,True,False
8819732703fffff,23,23,8,0,54.90109549488455,-1.596651604879253,531.415,"POLYGON ((-1.5954566092549027 54.90544297541978, -1.6026476599481312 54.90429232317555, -1.6038420954724777 54.899944591405294, -1.5978464122842952 54.89674774862467, -1.5906565572475935 54.89789840099159, -1.5894611898729958 54.90224589599563, -1.5954566092549027 54.90544297541978))",0,True,True,False
881973273dfffff,24,24,8,0,54.89764127718711,-1.6182233025185695,531.415,"POLYGON ((-1.6170299873424767 54.90198951133991, -1.6242212635928466 54.900837351671065, -1.625414018520802 54.896488866370746, -1.6194164297183855 54.893292777334594, -1.6122263487449584 54.894444936834915, -1.611032661427352 54.898793185519054, -1.6170299873424767 54.90198951133991))",0,True,True,False
8819732757fffff,25,25,8,0,54.90454519126832,-1.575080587522521,531.415,"POLYGON ((-1.5738839118953398 54.90889191792355, -1.581074735003175 54.90774277275494, -1.5822708506789966 54.90339579477727, -1.5762770746876025 54.90019819886345, -1.569087447614779 54.90134734444604, -1.5678904006288603 54.90569408550765, -1.5738839118953398 54.90889191792355))",0,True,True,False
8819732549fffff,26,26,8,0,54.89418253713024,-1.6397956743568078,531.415,"POLYGON ((-1.638604040072982 54.898531524637875, -1.6457955398518958 54.897377857196304, -1.6469866137398916 54.89302861862883, -1.640987120907547 54.88983328394793, -1.6337968160249967 54.890986950929744, -1.632604809208657 54.89533595303135, -1.638604040072982 54.898531524637875))",0,True,True,False
881973275bfffff,27,27,8,0,54.90799036738678,-1.553510256530953,531.415,"POLYGON ((-1.552311901347693 54.9123363399001, -1.5595024948423126 54.91118870145721, -1.560700290223275 54.90684247753417, -1.554708423009452 54.90364412909892, -1.5475190259273066 54.90479176824707, -1.5463202997771393 54.90913775510444, -1.552311901347693 54.9123363399001))",0,True,True,False
8819732545fffff,28,28,8,0,54.89071927367093,-1.6613687143091418,531.415,"POLYGON ((-1.6601787613601984 54.89506901427025, -1.6673704826386577 54.89391383870868, -1.6685598750445199 54.889563847137424, -1.6625584797683837 54.88636926742205, -1.6553679530046044 54.887524442232625, -1.654177627132457 54.891874197488576, -1.6601787613601984 54.89506901427025))",0,True,True,False
88197334d7fffff,29,29,8,0,54.92856655757239,-1.42410302472304,531.415,"POLYGON ((-1.4228946016636261 54.932907999756246, -1.4300837749161877 54.93176939427002, -1.4312916390775219 54.9274277001557, -1.4253112576257605 54.92422484946537, -1.4181232830281425 54.9253634574051, -1.4169144913585174 54.92970491356111, -1.4228946016636261 54.932907999756246))",0,True,True,False
8819732707fffff,30,30,8,0,54.90314116849516,-1.6098387860524426,531.415,"POLYGON ((-1.6086447225768377 54.90748888573184, -1.615836484146718 54.9063374797616, -1.6170299873424767 54.90198951133991, -1.611032661427352 54.898793185519054, -1.6038420954724777 54.899944591405294, -1.6026476599481312 54.90429232317555, -1.6086447225768377 54.90748888573184))",0,True,True,False
881973270bfffff,31,31,8,0,54.90659312526663,-1.5882656341981445,531.415,"POLYGON ((-1.587069890179591 54.91094008877325, -1.5942614253678407 54.90979019019889, -1.5954566092549027 54.90544297541978, -1.5894611898729958 54.90224589599563, -1.5822708506789966 54.90339579477727, -1.581074735003175 54.90774277275494, -1.587069890179591 54.91094008877325))",0,True,True,False
8819732723fffff,32,32,8,0,54.89968468944993,-1.631412614578165,531.415,"POLYGON ((-1.6302202320901202 54.90403316015407, -1.6374122180127193 54.9028802464394, -1.638604040072982 54.898531524637875, -1.632604809208657 54.89533595303135, -1.625414018520802 54.896488866370746, -1.6242212635928466 54.900837351671065, -1.6302202320901202 54.90403316015407))",0,True,True,False
8819732751fffff,33,33,8,0,54.91004056081135,-1.5666931650999516,531.415,"POLYGON ((-1.5654957409845178 54.91438677032571, -1.5726870477625545 54.91323837879779, -1.5738839118953398 54.90889191792355, -1.5678904006288603 54.90569408550765, -1.560700290223275 54.90684247753417, -1.5595024948423126 54.91118870145721, -1.5654957409845178 54.91438677032571))",0,True,True,False
881973254dfffff,34,34,8,0,54.89622368708659,-1.6529871136894398,531.415,"POLYGON ((-1.651796412632289 54.90057291099518, -1.6589886208782316 54.89941848918846, -1.6601787613601984 54.89506901427025, -1.654177627132457 54.891874197488576, -1.6469866137398916 54.89302861862883, -1.6457955398518958 54.897377857196304, -1.651796412632289 54.90057291099518))",0,True,True,False
8819733487fffff,35,35,8,0,54.92720995696625,-1.4588412738330945,531.415,"POLYGON ((-1.457635455972502 54.931552392601006, -1.4648255902846965 54.93041153103249, -1.4660308489137814 54.92606884360319, -1.4600469018959037 54.922867255418204, -1.452857965831226 54.92400811894213, -1.4516517786679404 54.92835056867504, -1.457635455972502 54.931552392601006))",0,True,True,False
881973348bfffff,36,36,8,0,54.93063028728744,-1.4372730289844482,531.415,"POLYGON ((-1.43606553373236 54.93497196736545, -1.4432554274712328 54.93383261072802, -1.4444623636433807 54.92949067876894, -1.4384803341970382 54.9262883412714, -1.4312916390775219 54.9274277001557, -1.4300837749161877 54.93176939427002, -1.43606553373236 54.93497196736545))",0,True,True,False
88197334d1fffff,37,37,8,0,54.934046103785725,-1.4157055094517197,531.415,"POLYGON ((-1.4144963372639134 54.9383870280477, -1.4216859884036583 54.93724917598573, -1.4228946016636261 54.932907999756246, -1.4169144913585174 54.92970491356111, -1.4097260392089148 54.93084276816137, -1.4085164985055099 54.935183706397986, -1.4144963372639134 54.9383870280477))",0,True,True,False
881946cb65fffff,38,38,8,0,54.93745740752949,-1.394138721310052,531.415,"POLYGON ((-1.392927872643632 54.941797575716556, -1.4001172791588905 54.94066122787346, -1.4013275690499725 54.93632080763266, -1.3953493794541134 54.93311697335519, -1.388161172298714 54.93425332402804, -1.3869499555106721 54.93859350612811, -1.392927872643632 54.941797575716556))",0,True,True,False
8819732701fffff,39,39,8,0,54.90863978919803,-1.6014530362420554,531.415,"POLYGON ((-1.600258224310822 54.91298698944132, -1.607450470957072 54.911836337197684, -1.6086447225768377 54.90748888573184, -1.6026476599481312 54.90429232317555, -1.5954566092549027 54.90544297541978, -1.5942614253678407 54.90979019019889, -1.600258224310822 54.91298698944132))",0,True,True,False
881973272bfffff,40,40,8,0,54.90518557124857,-1.6230283207263103,531.415,"POLYGON ((-1.6218351898777672 54.909533525071886, -1.6290276617012018 54.90838136511232, -1.6302202320901202 54.90403316015407, -1.6242212635928466 54.900837351671065, -1.6170299873424767 54.90198951133991, -1.615836484146718 54.9063374797616, -1.6218351898777672 54.909533525071886))",0,True,True,False
8819732755fffff,41,41,8,0,54.912089484959935,-1.5798784309026943,531.415,"POLYGON ((-1.5786819383340844 54.91643593136083, -1.5858739577738736 54.9152867864841, -1.587069890179591 54.91094008877325, -1.581074735003175 54.90774277275494, -1.5738839118953398 54.90889191792355, -1.5726870477625545 54.91323837879779, -1.5786819383340844 54.91643593136083))",0,True,True,False
8819732727fffff,42,42,8,0,54.90172683006598,-1.6446042782686086,531.415,"POLYGON ((-1.6434128289466596 54.90607553720645, -1.6506055239176156 54.90492186918289, -1.651796412632289 54.90057291099518, -1.6457955398518958 54.897377857196304, -1.638604040072982 54.898531524637875, -1.6374122180127193 54.9028802464394, -1.6434128289466596 54.90607553720645))",0,True,True,False
8819732759fffff,43,43,8,0,54.91553465958263,-1.55830451079394,531.415,"POLYGON ((-1.5571063380346146 54.919880351879115, -1.5642981282390422 54.91873271401942, -1.5654957409845178 54.91438677032571, -1.5595024948423126 54.91118870145721, -1.552311901347693 54.9123363399001, -1.551113357416171 54.91668204660752, -1.5571063380346146 54.919880351879115))",0,True,True,False
8819732093fffff,44,44,8,0,54.898263564607255,-1.666180902780945,531.415,"POLYGON ((-1.664991135428134 54.90261302480162, -1.6721840515165365 54.90145784836689, -1.6733732581148903 54.89710813721312, -1.6673704826386577 54.89391383870868, -1.6601787613601984 54.89506901427025, -1.6589886208782316 54.89941848918846, -1.664991135428134 54.90261302480162))",0,True,True,False
88197334a7fffff,45,45,8,0,54.92584306713885,-1.493586922690623,531.415,"POLYGON ((-1.492383712053258 54.93018649555406, -1.499574802382095 54.92904337663737, -1.5007774534555387 54.92469969656388, -1.4947899438897452 54.921499372820236, -1.4876000513979757 54.92264249319426, -1.4863964707658897 54.92698593583391, -1.492383712053258 54.93018649555406))",0,True,True,False
88197334abfffff,46,46,8,0,54.9292701677414,-1.47201580433775,531.415,"POLYGON ((-1.4708109153103486 54.93361284100823, -1.4780017682921602 54.93247122770018, -1.4792060979065416 54.92812830268829, -1.473220503684868 54.92492722854641, -1.4660308489137814 54.92606884360319, -1.4648255902846965 54.93041153103249, -1.4708109153103486 54.93361284100823))",0,True,True,False
8819733481fffff,47,47,8,0,54.93269275248637,-1.4504454016263035,531.415,"POLYGON ((-1.4492388346624756 54.93703467034492, -1.456429448270321 54.935894562291196, -1.457635455972502 54.931552392601006, -1.4516517786679404 54.92835056867504, -1.4444623636433807 54.92949067876894, -1.4432554274712328 54.93383261072802, -1.4492388346624756 54.93703467034492))",0,True,True,False
88197334d5fffff,48,48,8,0,54.936110822438174,-1.4288757206348268,531.415,"POLYGON ((-1.4276674761896073 54.94045198462885, -1.4348578483969892 54.939313381474236, -1.43606553373236 54.93497196736545, -1.4300837749161877 54.93176939427002, -1.4228946016636261 54.932907999756246, -1.4216859884036583 54.93724917598573, -1.4276674761896073 54.94045198462885))",0,True,True,False
88197334d9fffff,49,49,8,0,54.93952437866373,-1.407306767440644,531.415,"POLYGON ((-1.406096845970425 54.94386478492743, -1.413286974751236 54.94272768631584, -1.4144963372639134 54.9383870280477, -1.4085164985055099 54.935183706397986, -1.4013275690499725 54.93632080763266, -1.4001172791588905 54.94066122787346, -1.406096845970425 54.94386478492743))",0,True,True,False
881946cb6dfffff,50,50,8,0,54.94293342223273,-1.385738548119891,531.415,"POLYGON ((-1.3845269500824555 54.94727307231071, -1.391716833410983 54.94613747788516, -1.392927872643632 54.941797575716556, -1.3869499555106721 54.93859350612811, -1.3797612718768013 54.939729103468245, -1.3785493058126357 54.94406876746176, -1.3845269500824555 54.94727307231071))",0,True,True,False
8819732705fffff,51,51,8,0,54.91068518242076,-1.6146427928878966,531.415,"POLYGON ((-1.6134489135225543 54.915032619285974, -1.6206418710038109 54.91388121310954, -1.6218351898777672 54.909533525071886, -1.615836484146718 54.9063374797616, -1.6086447225768377 54.90748888573184, -1.607450470957072 54.911836337197684, -1.6134489135225543 54.915032619285974))",0,True,True,False
8819732709fffff,52,52,8,0,54.91413713919056,-1.5930660531745984,531.415,"POLYGON ((-1.5918704926317049 54.918483822363314, -1.5990632241109692 54.91733392387407, -1.600258224310822 54.91298698944132, -1.5942614253678407 54.90979019019889, -1.587069890179591 54.91094008877325, -1.5858739577738736 54.9152867864841, -1.5918704926317049 54.918483822363314))",0,True,True,False
8819732721fffff,53,53,8,0,54.907228702503375,-1.636220208132669,531.415,"POLYGON ((-1.635028010389464 54.911576892798365, -1.6422211918427172 54.91042397858626, -1.6434128289466596 54.90607553720645, -1.6374122180127193 54.9028802464394, -1.6302202320901202 54.90403316015407, -1.6290276617012018 54.90838136511232, -1.635028010389464 54.911576892798365))",0,True,True,False
881973275dfffff,54,54,8,0,54.91758457385964,-1.571489995080656,531.415,"POLYGON ((-1.5702927538061668 54.921930503077725, -1.577485257253816 54.920782111926265, -1.5786819383340844 54.91643593136083, -1.5726870477625545 54.91323837879779, -1.5654957409845178 54.91438677032571, -1.5642981282390422 54.91873271401942, -1.5702927538061668 54.921930503077725))",0,True,True,False
881973209bfffff,55,55,8,0,54.90376769839413,-1.6577982928199535,531.415,"POLYGON ((-1.6566077771420322 54.90811664185582, -1.6638011805368678 54.906962219260365, -1.664991135428134 54.90261302480162, -1.6589886208782316 54.89941848918846, -1.651796412632289 54.90057291099518, -1.6506055239176156 54.90492186918289, -1.6566077771420322 54.90811664185582))",0,True,True,False
8819732097fffff,56,56,8,0,54.90030216905142,-1.6793770408595805,531.415,"POLYGON ((-1.6781882076887111 54.90465186541635, -1.6853818309943887 54.903495934090834, -1.686570103231641 54.89914598681677, -1.6805656866545073 54.89595220696754, -1.6733732581148903 54.89710813721312, -1.6721840515165365 54.90145784836689, -1.6781882076887111 54.90465186541635))",0,True,True,False
881973359bfffff,57,57,8,0,54.92789975577252,-1.5067659713761363,531.415,"POLYGON ((-1.5055636905963863 54.93224342155719, -1.5127554977753712 54.93109955031359, -1.5139572188100425 54.92675563292033, -1.507968062835464 54.92355582406967, -1.5007774534555387 54.92469969656388, -1.499574802382095 54.92904337663737, -1.5055636905963863 54.93224342155719))",0,True,True,False
88197334a1fffff,58,58,8,0,54.93132911256191,-1.485192700614871,531.415,"POLYGON ((-1.4839887409012178 54.935672023347, -1.491180311934004 54.9345296580346, -1.492383712053258 54.93018649555406, -1.4863964707658897 54.92698593583391, -1.4792060979065416 54.92812830268829, -1.4780017682921602 54.93247122770018, -1.4839887409012178 54.935672023347))",0,True,True,False
8819733485fffff,59,59,8,0,54.93475395252543,-1.463620141894683,531.415,"POLYGON ((-1.4624145036999918 54.93909610805078, -1.469605836558934 54.937955248315696, -1.4708109153103486 54.93361284100823, -1.4648255902846965 54.93041153103249, -1.457635455972502 54.931552392601006, -1.456429448270321 54.935894562291196, -1.4624145036999918 54.93909610805078))",0,True,True,False
8819733489fffff,60,60,8,0,54.9381742767261,-1.4420483012963146,531.415,"POLYGON ((-1.4408409850748793 54.94251567673189, -1.4480320777327345 54.9413763222194, -1.4492388346624756 54.93703467034492, -1.4432554274712328 54.93383261072802, -1.43606553373236 54.93497196736545, -1.4348578483969892 54.939313381474236, -1.4408409850748793 54.94251567673189))",0,True,True,False
88197334ddfffff,61,61,8,0,54.94159008622953,-1.4204771848993196,531.415,"POLYGON ((-1.4192681911067797 54.9459307304564, -1.4264590415367142 54.94479288081083, -1.4276674761896073 54.94045198462885, -1.4216859884036583 54.93724917598573, -1.4144963372639134 54.9383870280477, -1.413286974751236 54.94272768631584, -1.4192681911067797 54.9459307304564))",0,True,True,False
88197336b3fffff,62,62,8,0,54.945001382103975,-1.3989067987819963,531.415,"POLYGON ((-1.3976961278754068 54.94934127029301, -1.4048867340509867 54.94820492515784, -1.406096845970425 54.94386478492743, -1.4001172791588905 54.94066122787346, -1.392927872643632 54.941797575716556, -1.391716833410983 54.94613747788516, -1.3976961278754068 54.94934127029301))",0,True,True,False
8819733697fffff,63,63,8,0,54.948408165420425,-1.3773371490214008,531.415,"POLYGON ((-1.3761248014591956 54.95274729731308, -1.383315161354415 54.951612456330864, -1.3845269500824555 54.94727307231071, -1.3785493058126357 54.94406876746176, -1.371360145946814 54.9452036114434, -1.3701474304528933 54.94954275725404, -1.3761248014591956 54.95274729731308))",0,False,False,False
881973270dfffff,64,64,8,0,54.91618352286123,-1.606256031149769,531.415,"POLYGON ((-1.6050614031114574 54.92053044269114, -1.6122548460073127 54.919379790325834, -1.6134489135225543 54.915032619285974, -1.607450470957072 54.911836337197684, -1.600258224310822 54.91298698944132, -1.5990632241109692 54.91733392387407, -1.6050614031114574 54.92053044269114))",0,True,True,False
8819732729fffff,65,65,8,0,54.91272930429326,-1.62783490336798,531.415,"POLYGON ((-1.626641957047073 54.91707697766547, -1.6338356247397259 54.91592481729296, -1.635028010389464 54.911576892798365, -1.6290276617012018 54.90838136511232, -1.6218351898777672 54.909533525071886, -1.6206418710038109 54.91388121310954, -1.626641957047073 54.91707697766547))",0,True,True,False
8819732743fffff,66,66,8,0,54.91963321836776,-1.584677836937487,531.415,"POLYGON ((-1.583481527626975 54.923979384392865, -1.5906747436957127 54.922830239685815, -1.5918704926317049 54.918483822363314, -1.5858739577738736 54.9152867864841, -1.5786819383340844 54.91643593136083, -1.577485257253816 54.920782111926265, -1.583481527626975 54.923979384392865))",0,True,True,False
8819732725fffff,67,67,8,0,54.90927056161826,-1.6494144475021006,531.415,"POLYGON ((-1.6482231833424106 54.913618988269924, -1.6554170738011236 54.912465319542115, -1.6566077771420322 54.90811664185582, -1.6506055239176156 54.90492186918289, -1.6434128289466596 54.90607553720645, -1.6422211918427172 54.91042397858626, -1.6482231833424106 54.913618988269924))",0,True,True,False
88197335b7fffff,68,68,8,0,54.923078391861054,-1.5631003268200172,531.415,"POLYGON ((-1.5619023366838813 54.927423803819316, -1.5690953238955427 54.92627616642067, -1.5702927538061668 54.921930503077725, -1.5642981282390422 54.91873271401942, -1.5571063380346146 54.919880351879115, -1.5559079765208161 54.92422577831525, -1.5619023366838813 54.927423803819316))",0,True,True,False
8819732091fffff,69,69,8,0,54.9058072937934,-1.6709946574609675,531.415,"POLYGON ((-1.6698050759049365 54.91015647346112, -1.6769991870986187 54.9090012960309, -1.6781882076887111 54.90465186541635, -1.6721840515165365 54.90145784836689, -1.664991135428134 54.90261302480162, -1.6638011805368678 54.906962219260365, -1.6698050759049365 54.91015647346112))",0,True,True,False
88197320bbfffff,70,70,8,0,54.90233949977839,-1.6925755271523284,531.415,"POLYGON ((-1.6913876286409502 54.90668943219854, -1.6985819585381121 54.905532745719576, -1.6997692959368438 54.901182562440646, -1.6937632384070784 54.89798930162454, -1.686570103231641 54.89914598681677, -1.6853818309943887 54.903495934090834, -1.6913876286409502 54.90668943219854))",0,True,True,False
8819733591fffff,71,71,8,0,54.92995517701446,-1.5199473832190673,531.415,"POLYGON ((-1.518746032777081 54.93429908005442, -1.5259385561862469 54.9331544562195, -1.5271393467021743 54.92881030162061, -1.521148544458615 54.92561100804153, -1.5139572188100425 54.92675563292033, -1.5127554977753712 54.93109955031359, -1.518746032777081 54.93429908005442))",0,True,True,False
88197334a5fffff,72,72,8,0,54.933386790784425,-1.4983719619074898,531.415,"POLYGON ((-1.4971689319880288 54.93772993897377, -1.5043612204525716 54.93658682139235, -1.5055636905963863 54.93224342155719, -1.499574802382095 54.92904337663737, -1.492383712053258 54.93018649555406, -1.491180311934004 54.9345296580346, -1.4971689319880288 54.93772993897377))",0,True,True,False
88197334a9fffff,73,73,8,0,54.93681388676092,-1.4767972490344203,531.415,"POLYGON ((-1.4755925400896337 54.9411562798392, -1.4827845915812037 54.940014668157886, -1.4839887409012178 54.935672023347, -1.4780017682921602 54.93247122770018, -1.4708109153103486 54.93361284100823, -1.469605836558934 54.937955248315696, -1.4755925400896337 54.9411562798392))",0,True,True,False
881973348dfffff,74,74,8,0,54.94023646600553,-1.4552232506828384,531.415,"POLYGON ((-1.4540168631662536 54.94457810371275, -1.4612086756568412 54.943437997577234, -1.4624145036999918 54.93909610805078, -1.456429448270321 54.935894562291196, -1.4492388346624756 54.93703467034492, -1.4480320777327345 54.9413763222194, -1.4540168631662536 54.94457810371275))",0,True,True,False
88197334c3fffff,75,75,8,0,54.94365452958252,-1.4336499729344676,531.415,"POLYGON ((-1.432441907301016 54.94799541165912, -1.439633478763074 54.94685681071417, -1.4408409850748793 54.94251567673189, -1.4348578483969892 54.939313381474236, -1.4276674761896073 54.94045198462885, -1.4264590415367142 54.94479288081083, -1.432441907301016 54.94799541165912))",0,True,True,False
88197336b7fffff,76,76,8,0,54.947068078558864,-1.4120774218698122,531.415,"POLYGON ((-1.4108676785758218 54.9514082047456, -1.4180590069821624 54.95027110863521, -1.4192681911067797 54.9459307304564, -1.413286974751236 54.94272768631584, -1.406096845970425 54.94386478492743, -1.4048867340509867 54.94820492515784, -1.4108676785758218 54.9514082047456))",0,True,True,False
88197336bbfffff,77,77,8,0,54.9504771140041,-1.390505603568186,531.415,"POLYGON ((-1.389294183071309 54.95481648404221, -1.3964852663952194 54.95368089240939, -1.3976961278754068 54.94934127029301, -1.391716833410983 54.94613747788516, -1.3845269500824555 54.94727307231071, -1.383315161354415 54.951612456330864, -1.389294183071309 54.95481648404221))",0,True,True,False
8819732763fffff,78,78,8,0,54.91822863533019,-1.6194483640610535,531.415,"POLYGON ((-1.6182546690060409 54.92257579170245, -1.6254488226950627 54.9214243851976, -1.626641957047073 54.91707697766547, -1.6206418710038109 54.91388121310954, -1.6134489135225543 54.915032619285974, -1.6122548460073127 54.919379790325834, -1.6182546690060409 54.92257579170245))",0,True,True,False
8819732747fffff,79,79,8,0,54.92168059246489,-1.5978680355990451,531.415,"POLYGON ((-1.5966726587315885 54.92602699518236, -1.6038665867986666 54.924877096656026, -1.6050614031114574 54.92053044269114, -1.5990632241109692 54.91733392387407, -1.5918704926317049 54.918483822363314, -1.5906747436957127 54.922830239685815, -1.5966726587315885 54.92602699518236))",0,True,True,False
881973272dfffff,80,80,8,0,54.914772154174,-1.6410293669133842,531.415,"POLYGON ((-1.6398373541153062 54.91912006393826, -1.6470317313951819 54.91796714910641, -1.6482231833424106 54.913618988269924, -1.6422211918427172 54.91042397858626, -1.635028010389464 54.911576892798365, -1.6338356247397259 54.91592481729296, -1.6398373541153062 54.91912006393826))",0,True,True,False
881973274bfffff,81,81,8,0,54.92512802662486,-1.5762883876184042,531.415,"POLYGON ((-1.575091329384312 54.92947367542526, -1.5822850297988 54.92832528452809, -1.583481527626975 54.923979384392865, -1.577485257253816 54.920782111926265, -1.5702927538061668 54.921930503077725, -1.5690953238955427 54.92627616642067, -1.575091329384312 54.92947367542526))",0,True,True,False
8819732099fffff,82,82,8,0,54.911311147952034,-1.6626110380638666,531.415,"POLYGON ((-1.6614207079657881 54.915659810845206, -1.6686153068050793 54.91450538733871, -1.6698050759049365 54.91015647346112, -1.6638011805368678 54.906962219260365, -1.6566077771420322 54.90811664185582, -1.6554170738011236 54.912465319542115, -1.6614207079657881 54.915659810845206))",0,True,True,False
88197335b1fffff,83,83,8,0,54.92857093885971,-1.5547094262089696,531.415,"POLYGON ((-1.5535106870555104 54.93291583348118, -1.5607041577871046 54.93176894986284, -1.5619023366838813 54.927423803819316, -1.5559079765208161 54.92422577831525, -1.5487157031340049 54.92537266247925, -1.5475165926962762 54.92971757158087, -1.5535106870555104 54.93291583348118))",0,True,True,False
8819732095fffff,84,84,8,0,54.90784561562283,-1.684193371419202,531.415,"POLYGON ((-1.6830047244627857 54.91219503138139, -1.6901995428296686 54.911039098853564, -1.6913876286409502 54.90668943219854, -1.6853818309943887 54.903495934090834, -1.6781882076887111 54.90465186541635, -1.6769991870986187 54.9090012960309, -1.6830047244627857 54.91219503138139))",0,True,True,False
8819733595fffff,85,85,8,0,54.93200933022169,-1.533131157459452,531.415,"POLYGON ((-1.531930737835255 54.9363534704027, -1.53912397685406 54.93520809371203, -1.5403238363712806 54.930863702021846, -1.5343313879992828 54.92766492409288, -1.5271393467021743 54.92881030162061, -1.5259385561862469 54.9331544562195, -1.531930737835255 54.9363534704027))",0,True,True,False
8819733599fffff,86,86,8,0,54.93544320176565,-1.5115535874573844,531.415,"POLYGON ((-1.5103514878124809 54.93978658724514, -1.5175444930889757 54.938642717130115, -1.518746032777081 54.93429908005442, -1.5127554977753712 54.93109955031359, -1.5055636905963863 54.93224342155719, -1.5043612204525716 54.93658682139235, -1.5103514878124809 54.93978658724514))",0,True,True,False
88197334adfffff,87,87,8,0,54.93887255454918,-1.4899767222890996,531.415,"POLYGON ((-1.4887729430748873 54.943215185066514, -1.495965712579991 54.94207282117409, -1.4971689319880288 54.93772993897377, -1.491180311934004 54.9345296580346, -1.4839887409012178 54.935672023347, -1.4827845915812037 54.940014668157886, -1.4887729430748873 54.943215185066514))",0,True,True,False
88197334e3fffff,88,88,8,0,54.94229738963252,-1.4684005680397318,531.415,"POLYGON ((-1.4671951097090283 54.946639264927434, -1.4743876414140045 54.94549840690381, -1.4755925400896337 54.9411562798392, -1.469605836558934 54.937955248315696, -1.4624145036999918 54.93909610805078, -1.4612086756568412 54.943437997577234, -1.4671951097090283 54.946639264927434))",0,True,True,False
88197334c7fffff,89,89,8,0,54.94571770807857,-1.4468251307932285,531.415,"POLYGON ((-1.4456179938002043 54.950058827891226, -1.4528102856767768 54.94891947538167, -1.4540168631662536 54.94457810371275, -1.4480320777327345 54.9413763222194, -1.4408409850748793 54.94251567673189, -1.439633478763074 54.94685681071417, -1.4456179938002043 54.950058827891226))",0,True,True,False
88197334cbfffff,90,90,8,0,54.94913351095291,-1.4252504166322997,531.415,"POLYGON ((-1.4240416014325203 54.95347387502386, -1.431233651452786 54.952336027672736, -1.432441907301016 54.94799541165912, -1.4264590415367142 54.94479288081083, -1.4192681911067797 54.9459307304564, -1.4180590069821624 54.95027110863521, -1.4240416014325203 54.95347387502386))",0,True,True,False
88197336b1fffff,91,91,8,0,54.95254479932376,-1.4036764316384296,531.415,"POLYGON ((-1.402465938688855 54.956884407394014, -1.4096577448253134 54.95574806484482, -1.4108676785758218 54.9514082047456, -1.4048867340509867 54.94820492515784, -1.3976961278754068 54.94934127029301, -1.3964852663952194 54.95368089240939, -1.402465938688855 54.956884407394014))",0,True,True,False
8819733695fffff,92,92,8,0,54.95595157426201,-1.382103181891864,531.415,"POLYGON ((-1.3808910116508522 54.96029042607293, -1.3880825718764151 54.959155587968304, -1.389294183071309 54.95481648404221, -1.383315161354415 54.951612456330864, -1.3761248014591956 54.95274729731308, -1.3749122630820445 54.95708616310852, -1.3808910116508522 54.96029042607293))",0,True,True,False
881973276bfffff,93,93,8,0,54.923726695509,-1.611060590298714,531.415,"POLYGON ((-1.6098661463532726 54.92807333480406, -1.6170607857953658 54.926922682194885, -1.6182546690060409 54.92257579170245, -1.6122548460073127 54.919379790325834, -1.6050614031114574 54.92053044269114, -1.6038665867986666 54.924877096656026, -1.6098661463532726 54.92807333480406))",0,True,True,False
8819732767fffff,94,94,8,0,54.92027247595577,-1.632643051140049,531.415,"POLYGON ((-1.6314502895470164 54.924619868755414, -1.638645153405091 54.92346770784765, -1.6398373541153062 54.91912006393826, -1.6338356247397259 54.91592481729296, -1.626641957047073 54.91707697766547, -1.6254488226950627 54.9214243851976, -1.6314502895470164 54.924619868755414))",0,True,True,False
8819732741fffff,95,95,8,0,54.92717639112677,-1.589478806323086,531.415,"POLYGON ((-1.5882826804703487 54.931522276654725, -1.5954770934650648 54.930373131995154, -1.5966726587315885 54.92602699518236, -1.5906747436957127 54.922830239685815, -1.583481527626975 54.923979384392865, -1.5822850297988 54.92832528452809, -1.5882826804703487 54.931522276654725))",0,True,True,False
88197320d3fffff,96,96,8,0,54.91681373142156,-1.6542261827539129,531.415,"POLYGON ((-1.653035103957017 54.9211618774628, -1.6602301901993084 54.92000820790846, -1.6614207079657881 54.915659810845206, -1.6554170738011236 54.912465319542115, -1.6482231833424106 54.913618988269924, -1.6470317313951819 54.91796714910641, -1.653035103957017 54.9211618774628))",0,True,True,False
88197335b5fffff,97,97,8,0,54.930621563857216,-1.5678977053052257,531.415,"POLYGON ((-1.5666998979916813 54.934966695355946, -1.5738940825080112 54.9338190582962, -1.575091329384312 54.92947367542526, -1.5690953238955427 54.92627616642067, -1.5619023366838813 54.927423803819316, -1.5607041577871046 54.93176894986284, -1.5666998979916813 54.934966695355946))",0,True,True,False
881973209dfffff,98,98,8,0,54.91335046086361,-1.6758099790459888,531.415,"POLYGON ((-1.6746205834875572 54.91769935988306, -1.681815890081878 54.916544181334984, -1.6830047244627857 54.91219503138139, -1.6769991870986187 54.9090012960309, -1.6698050759049365 54.91015647346112, -1.6686153068050793 54.91450538733871, -1.6746205834875572 54.91769935988306))",0,True,True,False
88197335b9fffff,99,99,8,0,54.93406221475124,-1.5463172933359806,531.415,"POLYGON ((-1.545117805009534 54.93840659195902, -1.5523117590168398 54.937260462148345, -1.5535106870555104 54.93291583348118, -1.5475165926962762 54.92971757158087, -1.5403238363712806 54.930863702021846, -1.53912397685406 54.93520809371203, -1.545117805009534 54.93840659195902))",0,True,True,False
88197320b9fffff,100,100,8,0,54.90988266324172,-1.697394433920847,531.415,"POLYGON ((-1.696206722041766 54.91423231497566, -1.7034022469556043 54.91307562708759, -1.7045893975104969 54.90872572450751, -1.6985819585381121 54.905532745719576, -1.6913876286409502 54.90668943219854, -1.6901995428296686 54.911039098853564, -1.696206722041766 54.91423231497566))",0,True,True,False
881973359dfffff,101,101,8,0,54.93749834486235,-1.5247375765050597,531.415,"POLYGON ((-1.5235364076149878 54.94184196751788, -1.5307301290830482 54.94069734460468, -1.531930737835255 54.9363534704027, -1.5259385561862469 54.9331544562195, -1.518746032777081 54.93429908005442, -1.5175444930889757 54.938642717130115, -1.5235364076149878 54.94184196751788))",0,True,True,False
88197320b5fffff,102,102,8,0,54.90641033751852,-1.7189795412818942,531.415,"POLYGON ((-1.7177935135217048 54.91076074170272, -1.724989254722163 54.90960254412931, -1.726174721011941 54.90525188918709, -1.7201653820244627 54.90205966757114, -1.7129708354556579 54.90321786344419, -1.7117844333727854 54.90756828261257, -1.7177935135217048 54.91076074170272))",0,True,True,False
88197335d3fffff,103,103,8,0,54.94092995524674,-1.503158560900995,531.415,"POLYGON ((-1.5019557118979772 54.94527282308911, -1.509149198796928 54.94412970672089, -1.5103514878124809 54.93978658724514, -1.5043612204525716 54.93658682139235, -1.4971689319880288 54.93772993897377, -1.495965712579991 54.94207282117409, -1.5019557118979772 54.94527282308911))",0,True,True,False
88197334e7fffff,104,104,8,0,54.9443570469633,-1.4815802526110968,531.415,"POLYGON ((-1.480375723947161 54.94869915973204, -1.487568974247605 54.94755754955537, -1.4887729430748873 54.943215185066514, -1.4827845915812037 54.940014668157886, -1.4755925400896337 54.9411562798392, -1.4743876414140045 54.94549840690381, -1.480375723947161 54.94869915973204))",0,True,True,False
88197334ebfffff,105,105,8,0,54.94777962107356,-1.4600026577214875,531.415,"POLYGON ((-1.4587964498501258 54.95212097850855, -1.465989461522994 54.95098087416922, -1.4671951097090283 54.946639264927434, -1.4612086756568412 54.943437997577234, -1.4540168631662536 54.94457810371275, -1.4528102856767768 54.94891947538167, -1.4587964498501258 54.95212097850855))",0,True,True,False
88197334c1fffff,106,106,8,0,54.95119767864174,-1.4384257823170925,531.415,"POLYGON ((-1.437217895693106 54.95553828048334, -1.4444106667097913 54.95439968162612, -1.4456179938002043 54.950058827891226, -1.439633478763074 54.94685681071417, -1.432441907301016 54.94799541165912, -1.431233651452786 54.952336027672736, -1.437217895693106 54.95553828048334))",0,True,True,False
88197336b5fffff,107,107,8,0,54.95461122073467,-1.4168496324816218,531.415,"POLYGON ((-1.415640067561235 54.95895106672366, -1.4228325958934938 54.9578139729925, -1.4240416014325203 54.95347387502386, -1.4180590069821624 54.95027110863521, -1.4108676785758218 54.9514082047456, -1.4096577448253134 54.95574806484482, -1.415640067561235 54.95895106672366))",0,True,True,False
88197336b9fffff,108,108,8,0,54.95802024842191,-1.395274214297495,531.415,"POLYGON ((-1.3940629715383304 54.96235933829942, -1.4012552551583568 54.96122374933741, -1.402465938688855 54.956884407394014, -1.3964852663952194 54.95368089240939, -1.389294183071309 54.95481648404221, -1.3880825718764151 54.959155587968304, -1.3940629715383304 54.96235933829942))",0,True,True,False
8819732761fffff,109,109,8,0,54.92577152685825,-1.6242555002685242,531.415,"POLYGON ((-1.623061989724031 54.93011840261605, -1.630257339917227 54.92896699566049, -1.6314502895470164 54.924619868755414, -1.6254488226950627 54.9214243851976, -1.6182546690060409 54.92257579170245, -1.6170607857953658 54.926922682194885, -1.623061989724031 54.93011840261605))",0,True,True,False
8819732745fffff,110,110,8,0,54.92922348472456,-1.6026715821679376,531.415,"POLYGON ((-1.6014763891757824 54.933569606865376, -1.608671514127548 54.932419708179715, -1.6098661463532726 54.92807333480406, -1.6038665867986666 54.924877096656026, -1.5966726587315885 54.92602699518236, -1.5954770934650648 54.930373131995154, -1.6014763891757824 54.933569606865376))",0,True,True,False
88197320dbfffff,111,111,8,0,54.92231504409634,-1.6458400916170193,531.415,"POLYGON ((-1.644648263964549 54.92666267320837, -1.6518438373670603 54.92550975763442, -1.653035103957017 54.9211618774628, -1.6470317313951819 54.91796714910641, -1.6398373541153062 54.91912006393826, -1.638645153405091 54.92346770784765, -1.644648263964549 54.92666267320837))",0,True,True,False
8819732749fffff,112,112,8,0,54.93267091874211,-1.5810883434094345,531.415,"POLYGON ((-1.579891468415377 54.93701628700356, -1.5870863660939707 54.935867896238435, -1.5882826804703487 54.931522276654725, -1.5822850297988 54.92832528452809, -1.575091329384312 54.92947367542526, -1.5738940825080112 54.9338190582962, -1.579891468415377 54.93701628700356))",0,True,True,False
88197320d7fffff,113,113,8,0,54.91885403539475,-1.667425350118079,531.415,"POLYGON ((-1.6662352058006065 54.923202417597786, -1.6734310003799164 54.922047993057895, -1.6746205834875572 54.91769935988306, -1.6686153068050793 54.91450538733871, -1.6614207079657881 54.915659810845206, -1.6602301901993084 54.92000820790846, -1.6662352058006065 54.923202417597786))",0,True,True,False
88197335bdfffff,114,114,8,0,54.93611382996033,-1.5595057900860976,531.415,"POLYGON ((-1.55830723353727 54.94045844408046, -1.5655019019113514 54.93931156088561, -1.5666998979916813 54.934966695355946, -1.5607041577871046 54.93176894986284, -1.5535106870555104 54.93291583348118, -1.5523117590168398 54.937260462148345, -1.55830723353727 54.94045844408046))",0,True,True,False
8819732083fffff,115,115,8,0,54.91538849971201,-1.6890112696752395,531.415,"POLYGON ((-1.6878228091343161 54.919737634742454, -1.6950188228575938 54.91858170088995, -1.696206722041766 54.91423231497566, -1.6901995428296686 54.911039098853564, -1.6830047244627857 54.91219503138139, -1.681815890081878 54.916544181334984, -1.6878228091343161 54.919737634742454))",0,True,True,False
8819733583fffff,116,116,8,0,54.93955221943144,-1.5379239282897446,531.415,"POLYGON ((-1.5367236906347208 54.94389607914871, -1.543918127673325 54.942750703172955, -1.545117805009534 54.93840659195902, -1.53912397685406 54.93520809371203, -1.531930737835255 54.9363534704027, -1.5307301290830482 54.94069734460468, -1.5367236906347208 54.94389607914871))",0,True,True,False
88197320bdfffff,117,117,8,0,54.91191843600938,-1.71059784419088,531.415,"POLYGON ((-1.709411067866718 54.91626832360325, -1.7166072987006882 54.915110880092314, -1.7177935135217048 54.91076074170272, -1.7117844333727854 54.90756828261257, -1.7045893975104969 54.90872572450751, -1.7034022469556043 54.91307562708759, -1.709411067866718 54.91626832360325))",0,True,True,False
88197335d7fffff,118,118,8,0,54.942986088210205,-1.5163427641111018,531.415,"POLYGON ((-1.5151408457997848 54.94732919326349, -1.5223350494723533 54.946185324154825, -1.5235364076149878 54.94184196751788, -1.5175444930889757 54.938642717130115, -1.5103514878124809 54.93978658724514, -1.509149198796928 54.94412970672089, -1.5151408457997848 54.94732919326349))",0,True,True,False
8819732e49fffff,119,119,8,0,54.90844384325084,-1.732185067566329,531.415,"POLYGON ((-1.7309999758976808 54.91279448314369, -1.73819642180874 54.91163552962946, -1.7393809518282854 54.90728463902907, -1.7333699723370812 54.90409293758007, -1.726174721011941 54.90525188918709, -1.724989254722163 54.90960254412931, -1.7309999758976808 54.91279448314369))",0,True,True,False
88197335dbfffff,120,120,8,0,54.94641543735417,-1.4947623036396938,531.415,"POLYGON ((-1.4935587051234047 54.950757787482765, -1.5007526733997874 54.949615424888194, -1.5019557118979772 54.94527282308911, -1.495965712579991 54.94207282117409, -1.4887729430748873 54.943215185066514, -1.487568974247605 54.94755754955537, -1.4935587051234047 54.950757787482765))",0,True,True,False
88197334e1fffff,121,121,8,0,54.94984026792351,-1.4731825529638165,531.415,"POLYGON ((-1.471977274695275 54.95418186286707, -1.4791710055456475 54.953041006432805, -1.480375723947161 54.94869915973204, -1.4743876414140045 54.94549840690381, -1.4671951097090283 54.946639264927434, -1.465989461522994 54.95098087416922, -1.471977274695275 54.95418186286707))",0,True,True,False
88197334c5fffff,122,122,8,0,54.953260580981045,-1.4516035181705795,531.415,"POLYGON ((-1.4503965606038813 54.957601420479655, -1.4575900519989191 54.956462069851014, -1.4587964498501258 54.95212097850855, -1.4528102856767768 54.94891947538167, -1.4456179938002043 54.950058827891226, -1.4444106667097913 54.95439968162612, -1.4503965606038813 54.957601420479655))",0,True,True,False
88197334c9fffff,123,123,8,0,54.956676377592295,-1.4300252053458893,531.415,"POLYGON ((-1.4288165689365213 54.9610164613865, -1.4360098188472605 54.95987861620785, -1.437217895693106 54.95553828048334, -1.431233651452786 54.952336027672736, -1.4240416014325203 54.95347387502386, -1.4228325958934938 54.9578139729925, -1.4288165689365213 54.9610164613865))",0,True,True,False
88197336bdfffff,124,124,8,0,54.9600876588254,-1.4084476205744163,531.415,"POLYGON ((-1.4072373057792331 54.9644269866561, -1.4144303121771173 54.96329064657096, -1.415640067561235 54.95895106672366, -1.4096577448253134 54.95574806484482, -1.402465938688855 54.956884407394014, -1.4012552551583568 54.96122374933741, -1.4072373057792331 54.9644269866561))",0,True,True,False
8819733683fffff,125,125,8,0,54.96349442575119,-1.3868707699395948,531.415,"POLYGON ((-1.3856587772168336 54.96783299735976, -1.392851538073758 54.966698162010736, -1.3940629715383304 54.96235933829942, -1.3880825718764151 54.959155587968304, -1.3808910116508522 54.96029042607293, -1.3796786505873955 54.964629011732505, -1.3856587772168336 54.96783299735976))",0,True,True,False
8819732769fffff,126,126,8,0,54.931269306776215,-1.615866714385536,531.415,"POLYGON ((-1.6146724547331177 54.93561566541506, -1.6218682910181317 54.93446501243967, -1.623061989724031 54.93011840261605, -1.6170607857953658 54.926922682194885, -1.6098661463532726 54.92807333480406, -1.608671514127548 54.932419708179715, -1.6146724547331177 54.93561566541506))",0,True,True,False
881973274dfffff,127,127,8,0,54.93471900287201,-1.5942813397560072,531.415,"POLYGON ((-1.5930853975609083 54.939064607781525, -1.600281007778713 54.93791546304716, -1.6014763891757824 54.933569606865376, -1.5954770934650648 54.930373131995154, -1.5882826804703487 54.931522276654725, -1.5870863660939707 54.935867896238435, -1.5930853975609083 54.939064607781525))",0,True,True,False
8819732765fffff,128,128,8,0,54.927815085870826,-1.6374527647393238,531.415,"POLYGON ((-1.6362601880745953 54.9321621979764, -1.6434562483943596 54.931010036411074, -1.644648263964549 54.92666267320837, -1.638645153405091 54.92346770784765, -1.6314502895470164 54.924619868755414, -1.630257339917227 54.92896699566049, -1.6362601880745953 54.9321621979764))",0,True,True,False
88197335a3fffff,129,129,8,0,54.938164175206296,-1.5726966469459485,531.415,"POLYGON ((-1.5714990226545547 54.94250902612429, -1.5786944047730675 54.94136138928116, -1.579891468415377 54.93701628700356, -1.5738940825080112 54.9338190582962, -1.5666998979916813 54.934966695355946, -1.5655019019113514 54.93931156088561, -1.5714990226545547 54.94250902612429))",0,True,True,False
88197320d1fffff,130,130,8,0,54.924356339110425,-1.6590394847210208,531.415,"POLYGON ((-1.6578485914876004 54.92870420441973, -1.665044873809281 54.92755053391645, -1.6662352058006065 54.923202417597786, -1.6602301901993084 54.92000820790846, -1.653035103957017 54.9211618774628, -1.6518438373670603 54.92550975763442, -1.6578485914876004 54.92870420441973))",0,True,True,False
8819733587fffff,131,131,8,0,54.9416048248299,-1.5511126420493828,531.415,"POLYGON ((-1.5499133361095083 54.945948921494605, -1.5571084880970543 54.94480279219201, -1.55830723353727 54.94045844408046, -1.5523117590168398 54.937260462148345, -1.545117805009534 54.93840659195902, -1.543918127673325 54.942750703172955, -1.5499133361095083 54.945948921494605))",0,True,True,False
881973208bfffff,132,132,8,0,54.9208930654523,-1.680626868233123,531.415,"POLYGON ((-1.6794376588732365 54.92524168370186, -1.6866341611636444 54.924086503913536, -1.6878228091343161 54.919737634742454, -1.681815890081878 54.916544181334984, -1.6746205834875572 54.91769935988306, -1.6734310003799164 54.922047993057895, -1.6794376588732365 54.92524168370186))",0,True,True,False
881973358bfffff,133,133,8,0,54.94504095279628,-1.529529331159194,531.415,"POLYGON ((-1.5283283440200317 54.9493842949463, -1.535523263845319 54.94823967283262, -1.5367236906347208 54.94389607914871, -1.5307301290830482 54.94069734460468, -1.5235364076149878 54.94184196751788, -1.5223350494723533 54.946185324154825, -1.5283283440200317 54.9493842949463))",0,True,True,False
8819732087fffff,134,134,8,0,54.91742526385634,-1.702214909177026,531.415,"POLYGON ((-1.7010273841314965 54.92177463478238, -1.7082241043570252 54.92061794536274, -1.709411067866718 54.91626832360325, -1.7034022469556043 54.91307562708759, -1.696206722041766 54.91423231497566, -1.6950188228575938 54.91858170088995, -1.7010273841314965 54.92177463478238))",0,True,True,False
88197335d1fffff,135,135,8,0,54.94847256016156,-1.5079467203670696,531.415,"POLYGON ((-1.5067440524791935 54.95281514753593, -1.5139387381113316 54.95167203225873, -1.5151408457997848 54.94732919326349, -1.509149198796928 54.94412970672089, -1.5019557118979772 54.94527282308911, -1.5007526733997874 54.949615424888194, -1.5067440524791935 54.95281514753593))",0,True,True,False
88197320a3fffff,136,136,8,0,54.913952933285216,-1.7238036014530058,531.415,"POLYGON ((-1.7226177611612568 54.91830305662348, -1.7298146972879354 54.917144857227214, -1.7309999758976808 54.91279448314369, -1.724989254722163 54.90960254412931, -1.7177935135217048 54.91076074170272, -1.7166072987006882 54.915110880092314, -1.7226177611612568 54.91830305662348))",0,True,True,False
88197334e5fffff,137,137,8,0,54.9518996479845,-1.48636481576354,531.415,"POLYGON ((-1.4851604675789079 54.956241480322696, -1.4923549169873966 54.95509987152861, -1.4935587051234047 54.950757787482765, -1.487568974247605 54.94755754955537, -1.480375723947161 54.94869915973204, -1.4791710055456475 54.953041006432805, -1.4851604675789079 54.956241480322696))",0,True,True,False
88197334e9fffff,138,138,8,0,54.95532221732663,-1.4647836234378644,531.415,"POLYGON ((-1.4635775954098544 54.95966329436854, -1.4707718065645854 54.958523191703264, -1.471977274695275 54.95418186286707, -1.465989461522994 54.95098087416922, -1.4587964498501258 54.95212097850855, -1.4575900519989191 54.956462069851014, -1.4635775954098544 54.95966329436854))",0,True,True,False
8819732e69fffff,139,139,8,0,54.90699468108152,-1.7669829155966454,531.415,"POLYGON ((-1.7658004461251577 54.911346308449794, -1.772997807950838 54.91018508806791, -1.774179715449382 54.905833210131085, -1.768165198534813 54.90264278794574, -1.7609690308613306 54.90380400592229, -1.7597861860801796 54.90815564846844, -1.7658004461251577 54.911346308449794))",0,True,True,False
88197334cdfffff,140,140,8,0,54.95874026925208,-1.4432031494781756,531.415,"POLYGON ((-1.4419954420615197 54.96308059073794, -1.4491894129328209 54.96194199384636, -1.4503965606038813 54.957601420479655, -1.4444106667097913 54.95439968162612, -1.437217895693106 54.95553828048334, -1.4360098188472605 54.95987861620785, -1.4419954420615197 54.96308059073794))",0,True,True,False
8819732e65fffff,141,141,8,0,54.90350875738766,-1.7885735252593566,531.415,"POLYGON ((-1.7873927418515456 54.90786113637296, -1.7945903134743122 54.90669840498386, -1.7957705347644375 54.902345775518626, -1.7897541223787456 54.89915611266002, -1.7825577445195575 54.90031884135259, -1.7813765854123171 54.90467123557915, -1.7873927418515456 54.90786113637296))",0,True,True,False
88197336a3fffff,142,142,8,0,54.96215380482767,-1.421623399971338,531.415,"POLYGON ((-1.42041401362216 54.96649337049815, -1.4276077421807476 54.96535627902422, -1.4288165689365213 54.9610164613865, -1.4228325958934938 54.9578139729925, -1.415640067561235 54.95895106672366, -1.4144303121771173 54.96329064657096, -1.42041401362216 54.96649337049815))",0,True,True,False
8819733687fffff,143,143,8,0,54.96556282512278,-1.4000443810029857,531.415,"POLYGON ((-1.398833316178809 54.96990163471904, -1.4060268003958054 54.96876604830584, -1.4072373057792331 54.9644269866561, -1.4012552551583568 54.96122374933741, -1.3940629715383304 54.96235933829942, -1.392851538073758 54.966698162010736, -1.398833316178809 54.96990163471904))",0,True,True,False
881973368bfffff,144,144,8,0,54.968967331209626,-1.378466098657522,531.415,"POLYGON ((-1.3772533558172473 54.97330538447313, -1.3844465936641772 54.97217130276286, -1.3856587772168336 54.96783299735976, -1.3796786505873955 54.964629011732505, -1.372486613706988 54.96576309628323, -1.3712735026211214 54.9701011636002, -1.3772533558172473 54.97330538447313))",0,True,True,False
8819732293fffff,145,145,8,0,54.936765815604645,-1.6074766935780398,531.415,"POLYGON ((-1.606281684661266 54.941111657047465, -1.6134780067946068 54.939961758080095, -1.6146724547331177 54.93561566541506, -1.608671514127548 54.932419708179715, -1.6014763891757824 54.933569606865376, -1.600281007778713 54.93791546304716, -1.606281684661266 54.941111657047465))",0,True,True,False
881973276dfffff,146,146,8,0,54.9333138566397,-1.6290642022072257,531.415,"POLYGON ((-1.6278708763735952 54.93766045166167, -1.6350674233674634 54.936509044133054, -1.6362601880745953 54.9321621979764, -1.630257339917227 54.92896699566049, -1.623061989724031 54.93011840261605, -1.6218682910181317 54.93446501243967, -1.6278708763735952 54.93766045166167))",0,True,True,False
88197335a7fffff,147,147,8,0,54.94021324984654,-1.585889863150442,531.415,"POLYGON ((-1.5846931715961936 54.944558337447795, -1.5918892668362061 54.94340994669242, -1.5930853975609083 54.939064607781525, -1.5870863660939707 54.935867896238435, -1.579891468415377 54.93701628700356, -1.5786944047730675 54.94136138928116, -1.5846931715961936 54.944558337447795))",0,True,True,False
88197320d9fffff,148,148,8,0,54.92985737190507,-1.65065238294066,531.415,"POLYGON ((-1.649460740634428 54.93420472024337, -1.6566575104556398 54.93305180380499, -1.6578485914876004 54.92870420441973, -1.6518438373670603 54.92550975763442, -1.644648263964549 54.92666267320837, -1.6434562483943596 54.931010036411074, -1.649460740634428 54.93420472024337))",0,True,True,False
88197335abfffff,149,149,8,0,54.94365616041491,-1.5643037170206473,531.415,"POLYGON ((-1.5631053432759698 54.94800049391256, -1.570301209590268 54.9468536110189, -1.5714990226545547 54.94250902612429, -1.5655019019113514 54.93931156088561, -1.55830723353727 54.94045844408046, -1.5571084880970543 54.94480279219201, -1.5631053432759698 54.94800049391256))",0,True,True,False
88197320d5fffff,150,150,8,0,54.92639636035666,-1.6722412296798124,531.415,"POLYGON ((-1.671051271343838 54.930744461748034, -1.678248261958869 54.92959003605236, -1.6794376588732365 54.92524168370186, -1.6734310003799164 54.922047993057895, -1.6662352058006065 54.923202417597786, -1.665044873809281 54.92755053391645, -1.671051271343838 54.930744461748034))",0,True,True,False
8819733581fffff,151,151,8,0,54.947094548361775,-1.5427182612837096,531.415,"POLYGON ((-1.5415182057970593 54.951438127494235, -1.5487138411536012 54.950292752111146, -1.5499133361095083 54.945948921494605, -1.543918127673325 54.942750703172955, -1.5367236906347208 54.94389607914871, -1.535523263845319 54.94823967283262, -1.5415182057970593 54.951438127494235))",0,True,True,False
8819732081fffff,152,152,8,0,54.92293082095318,-1.6938307363250518,531.415,"POLYGON ((-1.6926424624008216 54.92727967513393, -1.6998396717757125 54.92612373983429, -1.7010273841314965 54.92177463478238, -1.6950188228575938 54.91858170088995, -1.6878228091343161 54.919737634742454, -1.6866341611636444 54.924086503913536, -1.6926424624008216 54.92727967513393))",0,True,True,False
88197335d5fffff,153,153,8,0,54.95052841474194,-1.5211335020334933,531.415,"POLYGON ((-1.5199317652547004 54.95487123924798, -1.5271271676218958 54.95372737102346, -1.5283283440200317 54.9493842949463, -1.5223350494723533 54.946185324154825, -1.5151408457997848 54.94732919326349, -1.5139387381113316 54.95167203225873, -1.5199317652547004 54.95487123924798))",0,True,True,False
88197320abfffff,154,154,8,0,54.91946075265589,-1.715420896775618,531.415,"POLYGON ((-1.7142343077031943 54.92381035936197, -1.721431733803673 54.92265291411258, -1.7226177611612568 54.91830305662348, -1.7166072987006882 54.915110880092314, -1.709411067866718 54.91626832360325, -1.7082241043570252 54.92061794536274, -1.7142343077031943 54.92381035936197))",0,True,True,False
88197335d9fffff,155,155,8,0,54.95395776061279,-1.4995494453626794,531.415,"POLYGON ((-1.498346027742977 54.95829983023164, -1.5055411950895776 54.95715746881281, -1.5067440524791935 54.95281514753593, -1.5007526733997874 54.949615424888194, -1.4935587051234047 54.950757787482765, -1.4923549169873966 54.95509987152861, -1.498346027742977 54.95829983023164))",0,True,True,False
88197320a7fffff,156,156,8,0,54.91598615442884,-1.7370117049296177,531.415,"POLYGON ((-1.7358268011477032 54.92033651339578, -1.7430244419390775 54.919177557851796, -1.7442087838602494 54.914826948190075, -1.73819642180874 54.91163552962946, -1.7309999758976808 54.91279448314369, -1.7298146972879354 54.917144857227214, -1.7358268011477032 54.92033651339578))",0,True,True,False
88197334edfffff,157,157,8,0,54.95738258703447,-1.477966097362798,531.415,"POLYGON ((-1.4767609993547914 54.96172390150577, -1.4839559296499565 54.96058304653876, -1.4851604675789079 54.956241480322696, -1.4791710055456475 54.953041006432805, -1.471977274695275 54.95418186286707, -1.4707718065645854 54.958523191703264, -1.4767609993547914 54.96172390150577))",0,True,True,False
8819732193fffff,158,158,8,0,54.9125070252387,-1.7586031546841066,531.415,"POLYGON ((-1.7574199366299654 54.916858136201625, -1.7646177900772175 54.915697670019085, -1.7658004461251577 54.911346308449794, -1.7597861860801796 54.90815564846844, -1.7525895271260103 54.90931611233, -1.7514059338537806 54.91366723847276, -1.7574199366299654 54.916858136201625))",0,True,True,False
8819733413fffff,159,159,8,0,54.960802895069726,-1.4563834641240898,531.415,"POLYGON ((-1.4551766861818054 54.96514345413351, -1.4623713773951224 54.96400410526367, -1.4635775954098544 54.95966329436854, -1.4575900519989191 54.956462069851014, -1.4503965606038813 54.957601420479655, -1.4491894129328209 54.96194199384636, -1.4551766861818054 54.96514345413351))",0,True,True,False
8819732e6dfffff,160,160,8,0,54.909023364054974,-1.7801952399349978,531.415,"POLYGON ((-1.7790137080445225 54.91337522674856, -1.7862117721122355 54.9122132495844, -1.7873927418515456 54.90786113637296, -1.7813765854123171 54.90467123557915, -1.774179715449382 54.905833210131085, -1.772997807950838 54.91018508806791, -1.7790137080445225 54.91337522674856))",0,True,True,False
8819732f59fffff,161,161,8,0,54.90553516984969,-1.8017879545771551,531.415,"POLYGON ((-1.8006081092847943 54.90988778400822, -1.8078063819372128 54.90872429552029, -1.8089856649338985 54.904371430932535, -1.8029676137014152 54.9011822899341, -1.7957705347644375 54.902345775518626, -1.7945903134743122 54.90669840498386, -1.8006081092847943 54.90988778400822))",0,True,True,False
8819732f55fffff,162,162,8,0,54.90204244159769,-1.8233812925043424,531.415,"POLYGON ((-1.8222031342431897 54.90639580695508, -1.8294016134442324 54.90523080680206, -1.8305792092656465 54.90087719110431, -1.8245592648426487 54.89768881050845, -1.817361978966666 54.898853807466864, -1.8161834443183478 54.903207188194514, -1.8222031342431897 54.90639580695508))",0,True,True,False
8819733681fffff,163,163,8,0,54.971036719524776,-1.3916399138598206,531.415,"POLYGON ((-1.3904280988525544 54.97537501081037, -1.3976220606418708 54.97424017809501, -1.398833316178809 54.96990163471904, -1.392851538073758 54.966698162010736, -1.3856587772168336 54.96783299735976, -1.3844465936641772 54.97217130276286, -1.3904280988525544 54.97537501081037))",0,True,True,False
8819732297fffff,164,164,8,0,54.93881135629779,-1.6206744041073349,531.415,"POLYGON ((-1.6194803289482202 54.94315743415908, -1.6266773623728519 54.942006780695124, -1.6278708763735952 54.93766045166167, -1.6218682910181317 54.93446501243967, -1.6146724547331177 54.93561566541506, -1.6134780067946068 54.939961758080095, -1.6194803289482202 54.94315743415908))",0,True,True,False
881973229bfffff,165,165,8,0,54.94226105323862,-1.5990854379331771,531.415,"POLYGON ((-1.5978896795957238 54.9466063774084, -1.605086487333715 54.94545723247691, -1.606281684661266 54.941111657047465, -1.600281007778713 54.93791546304716, -1.5930853975609083 54.939064607781525, -1.5918892668362061 54.94340994669242, -1.5978896795957238 54.9466063774084))",0,True,True,False
88197322b3fffff,166,166,8,0,54.93535713367317,-1.6422640448630437,531.415,"POLYGON ((-1.641071653327161 54.939703964963286, -1.6482689104049268 54.93855180261797, -1.649460740634428 54.93420472024337, -1.6434562483943596 54.931010036411074, -1.6362601880745953 54.9321621979764, -1.6350674233674634 54.936509044133054, -1.641071653327161 54.939703964963286))",0,True,True,False
88197335a1fffff,167,167,8,0,54.94570622554363,-1.577497152438945,531.415,"POLYGON ((-1.5762997113694255 54.950050795759694, -1.5834962913876829 54.948903159010875, -1.5846931715961936 54.944558337447795, -1.5786944047730675 54.94136138928116, -1.5714990226545547 54.94250902612429, -1.570301209590268 54.9468536110189, -1.5762997113694255 54.950050795759694))",0,True,True,False
88197320ddfffff,168,168,8,0,54.93189838431942,-1.6638543541007738,531.415,"POLYGON ((-1.6626636466316689 54.93624596877525, -1.6698611253286557 54.93509229720062, -1.671051271343838 54.930744461748034, -1.665044873809281 54.92755053391645, -1.6578485914876004 54.92870420441973, -1.6566575104556398 54.93305180380499, -1.6626636466316689 54.93624596877525))",0,True,True,False
8819733585fffff,169,169,8,0,54.94914687426364,-1.5559095537218264,531.415,"POLYGON ((-1.5547104303679737 54.95349069026409, -1.5619067806337423 54.952344561347275, -1.5631053432759698 54.94800049391256, -1.5571084880970543 54.94480279219201, -1.5499133361095083 54.945948921494605, -1.5487138411536012 54.950292752111146, -1.5547104303679737 54.95349069026409))",0,True,True,False
8819732089fffff,170,170,8,0,54.9284351071938,-1.6854453257198545,531.415,"POLYGON ((-1.6842563027596587 54.93278344455194, -1.6914540010415926 54.93162826340087, -1.6926424624008216 54.92727967513393, -1.6866341611636444 54.924086503913536, -1.6794376588732365 54.92524168370186, -1.678248261958869 54.92959003605236, -1.6842563027596587 54.93278344455194))",0,True,True,False
8819733589fffff,171,171,8,0,54.95258300045196,-1.5343226478779044,531.415,"POLYGON ((-1.533121842688801 54.95692606197542, -1.5403179611697229 54.955781440539035, -1.5415182057970593 54.951438127494235, -1.535523263845319 54.94823967283262, -1.5283283440200317 54.9493842949463, -1.5271271676218958 54.95372737102346, -1.533121842688801 54.95692606197542))",0,True,True,False
8819732085fffff,172,172,8,0,54.92496730125642,-1.7070369536185328,531.415,"POLYGON ((-1.7058496156079563 54.92931639125293, -1.7130475314401903 54.92815970017925, -1.7142343077031943 54.92381035936197, -1.7082241043570252 54.92061794536274, -1.7010273841314965 54.92177463478238, -1.6998396717757125 54.92612373983429, -1.7058496156079563 54.92931639125293))",0,True,True,False
88197335ddfffff,173,173,8,0,54.95601460516466,-1.5127364410020223,531.415,"POLYGON ((-1.5115339544281856 54.960356911950086, -1.5187298390922848 54.95921379764171, -1.5199317652547004 54.95487123924798, -1.5139387381113316 54.95167203225873, -1.5067440524791935 54.95281514753593, -1.5055411950895776 54.95715746881281, -1.5115339544281856 54.960356911950086))",0,True,True,False
88197320a1fffff,174,174,8,0,54.921494965469975,-1.7286292316938603,531.415,"POLYGON ((-1.7274435790722447 54.92584480784053, -1.7346417104197782 54.924686606498916, -1.7358268011477032 54.92033651339578, -1.7298146972879354 54.917144857227214, -1.7226177611612568 54.91830305662348, -1.721431733803673 54.92265291411258, -1.7274435790722447 54.92584480784053))",0,True,True,False
8819733433fffff,175,175,8,0,54.95944168946052,-1.491150939187898,531.415,"POLYGON ((-1.4899467716811645 54.963783241247285, -1.4971424204969057 54.96264163371355, -1.498346027742977 54.95829983023164, -1.4923549169873966 54.95509987152861, -1.4851604675789079 54.956241480322696, -1.4839559296499565 54.96058304653876, -1.4899467716811645 54.963783241247285))",0,True,True,False
881973219bfffff,176,176,8,0,54.91801809879981,-1.7502221538418792,531.415,"POLYGON ((-1.7490381870471245 54.922368693279736, -1.7562365318745883 54.921208981325776, -1.7574199366299654 54.916858136201625, -1.7514059338537806 54.91366723847276, -1.7442087838602494 54.914826948190075, -1.7430244419390775 54.919177557851796, -1.7490381870471245 54.922368693279736))",0,True,True,False
8819733417fffff,177,177,8,0,54.962864254400905,-1.4695661485279856,531.415,"POLYGON ((-1.468360300541631 54.967205050928854, -1.475555711477857 54.96606494981553, -1.4767609993547914 54.96172390150577, -1.4707718065645854 54.958523191703264, -1.4635775954098544 54.95966329436854, -1.4623713773951224 54.96400410526367, -1.468360300541631 54.967205050928854))",0,True,True,False
8819732197fffff,178,178,8,0,54.91453670021411,-1.7718157139574582,531.415,"POLYGON ((-1.7706334334260967 54.918888046538235, -1.77783198969773 54.91772682362845, -1.7790137080445225 54.91337522674856, -1.772997807950838 54.91018508806791, -1.7658004461251577 54.911346308449794, -1.7646177900772175 54.915697670019085, -1.7706334334260967 54.918888046538235))",0,True,True,False
881973341bfffff,179,179,8,0,54.96628230104995,-1.4479820751135464,531.415,"POLYGON ((-1.4467745471022335 54.97062234205925, -1.4539697181281945 54.969483747011225, -1.4551766861818054 54.96514345413351, -1.4491894129328209 54.96194199384636, -1.4419954420615197 54.96308059073794, -1.4407875444159484 54.9674206460525, -1.4467745471022335 54.97062234205925))",0,True,True,False
88197321b3fffff,180,180,8,0,54.91105076868362,-1.7934099059343924,531.415,"POLYGON ((-1.7922293121015664 54.915402866586454, -1.7994280777812692 54.91424013237822, -1.8006081092847943 54.90988778400822, -1.7945903134743122 54.90669840498386, -1.7873927418515456 54.90786113637296, -1.7862117721122355 54.9122132495844, -1.7922293121015664 54.915402866586454))",0,True,True,False
8819732f5dfffff,181,181,8,0,54.90756030318187,-1.8150047236654416,531.415,"POLYGON ((-1.8138258169648667 54.91191315239744, -1.821024790016184 54.910748906549074, -1.8222031342431897 54.90639580695508, -1.8161834443183478 54.903207188194514, -1.8089856649338985 54.904371430932535, -1.8078063819372128 54.90872429552029, -1.8138258169648667 54.91191315239744))",0,True,True,False
8819733689fffff,182,182,8,0,54.9765093419294,-1.3832342192376603,531.415,"POLYGON ((-1.3820216538932448 54.98084711482826, -1.3892160930079742 54.97971303583643, -1.3904280988525544 54.97537501081037, -1.3844465936641772 54.97217130276286, -1.3772533558172473 54.97330538447313, -1.3760404220225821 54.977643171491906, -1.3820216538932448 54.98084711482826))",0,True,True,False
8819732291fffff,183,183,8,0,54.94430758474008,-1.61228337052652,531.415,"POLYGON ((-1.6110885458853472 54.94865314536366, -1.6182860654972357 54.94750324599226, -1.6194803289482202 54.94315743415908, -1.6134780067946068 54.939961758080095, -1.606281684661266 54.941111657047465, -1.605086487333715 54.94545723247691, -1.6110885458853472 54.94865314536366))",0,True,True,False
88197322bbfffff,184,184,8,0,54.94085562430942,-1.6338744705745016,531.415,"POLYGON ((-1.632681329652225 54.945201938474256, -1.6398790737433098 54.94405053025012, -1.641071653327161 54.939703964963286, -1.6350674233674634 54.936509044133054, -1.6278708763735952 54.93766045166167, -1.6266773623728519 54.942006780695124, -1.632681329652225 54.945201938474256))",0,True,True,False
88197335a5fffff,185,185,8,0,54.94775501957344,-1.590692947538395,531.415,"POLYGON ((-1.589496439623901 54.95209982639326, -1.5966937327227282 54.95095143552528, -1.5978896795957238 54.9466063774084, -1.5918892668362061 54.94340994669242, -1.5846931715961936 54.944558337447795, -1.5834962913876829 54.948903159010875, -1.589496439623901 54.95209982639326))",0,True,True,False
88197322b7fffff,186,186,8,0,54.93739913723486,-1.6554662415817638,531.415,"POLYGON ((-1.654274784822544 54.94174620467802, -1.6614727513586056 54.94059328725272, -1.6626636466316689 54.93624596877525, -1.6566575104556398 54.93305180380499, -1.649460740634428 54.93420472024337, -1.6482689104049268 54.93855180261797, -1.654274784822544 54.94174620467802))",0,True,True,False
88197335a9fffff,187,187,8,0,54.95119792985883,-1.5691032077095006,531.415,"POLYGON ((-1.567905016968635 54.95554198261284, -1.575102081520932 54.95439509989809, -1.5762997113694255 54.950050795759694, -1.570301209590268 54.9468536110189, -1.5631053432759698 54.94800049391256, -1.5619067806337423 54.952344561347275, -1.567905016968635 54.95554198261284))",0,True,True,False
88197320c3fffff,188,188,8,0,54.93393812247237,-1.6770586774466691,531.415,"POLYGON ((-1.675868905293276 54.938285942930555, -1.683067092239693 54.93713151595657, -1.6842563027596587 54.93278344455194, -1.678248261958869 54.92959003605236, -1.671051271343838 54.930744461748034, -1.6698611253286557 54.93509229720062, -1.675868905293276 54.938285942930555))",0,True,True,False
881973358dfffff,189,189,8,0,54.95463631664832,-1.5475141571380353,531.415,"POLYGON ((-1.5463142840191466 54.958979615074846, -1.5535111179918457 54.95783424016217, -1.5547104303679737 54.95349069026409, -1.5487138411536012 54.950292752111146, -1.5415182057970593 54.951438127494235, -1.5403179611697229 54.955781440539035, -1.5463142840191466 54.958979615074846))",0,True,True,False
881973208dfffff,190,190,8,0,54.93047257898069,-1.6986517720663905,531.415,"POLYGON ((-1.697463684960194 54.9348211521902, -1.7046620902819878 54.933665215320886, -1.7058496156079563 54.92931639125293, -1.6998396717757125 54.92612373983429, -1.6926424624008216 54.92727967513393, -1.6914540010415926 54.93162826340087, -1.697463684960194 54.9348211521902))",0,True,True,False
88197335c3fffff,191,191,8,0,54.95807018099656,-1.5259258019210704,531.415,"POLYGON ((-1.5247242468739048 54.962412724834365, -1.5319208482343447 54.96126885737178, -1.533121842688801 54.95692606197542, -1.5271271676218958 54.95372737102346, -1.5199317652547004 54.95487123924798, -1.5187298390922848 54.95921379764171, -1.5247242468739048 54.962412724834365))",0,True,True,False
88197320a9fffff,192,192,8,0,54.9270025057212,-1.7202455193370036,531.415,"POLYGON ((-1.7190591177179888 54.9313518314179, -1.7262577393798095 54.93019438430754, -1.7274435790722447 54.92584480784053, -1.721431733803673 54.92265291411258, -1.7142343077031943 54.92381035936197, -1.7130475314401903 54.92815970017925, -1.7190591177179888 54.9313518314179))",0,True,True,False
8819733437fffff,193,193,8,0,54.96149952396094,-1.504338148154477,531.415,"POLYGON ((-1.5031349116301795 54.96584131294916, -1.5103312783460292 54.96469895258378, -1.5115339544281856 54.960356911950086, -1.5055411950895776 54.95715746881281, -1.498346027742977 54.95829983023164, -1.4971424204969057 54.96264163371355, -1.5031349116301795 54.96584131294916))",0,True,True,False
88197320a5fffff,194,194,8,0,54.92352790165805,-1.7418399131534656,531.415,"POLYGON ((-1.7406551974601836 54.927877979577374, -1.747854033426314 54.92671902188111, -1.7490381870471245 54.922368693279736, -1.7430244419390775 54.919177557851796, -1.7358268011477032 54.92033651339578, -1.7346417104197782 54.924686606498916, -1.7406551974601836 54.927877979577374))",0,True,True,False
881973343bfffff,195,195,8,0,54.96492434660149,-1.4827512019329232,531.415,"POLYGON ((-1.4815462843839784 54.969265380479705, -1.488742414423397 54.96812452685775, -1.4899467716811645 54.963783241247285, -1.4839559296499565 54.96058304653876, -1.4767609993547914 54.96172390150577, -1.475555711477857 54.96606494981553, -1.4815462843839784 54.969265380479705))",0,True,True,False
8819732191fffff,196,196,8,0,54.920048765758,-1.7634349474096322,531.415,"POLYGON ((-1.7622519180792908 54.92439959563504, -1.7694509663136238 54.9232391270089, -1.7706334334260967 54.918888046538235, -1.7646177900772175 54.915697670019085, -1.7574199366299654 54.916858136201625, -1.7562365318745883 54.921208981325776, -1.7622519180792908 54.92439959563504))",0,True,True,False
8819733411fffff,197,197,8,0,54.96834464998093,-1.4611649693498647,531.415,"POLYGON ((-1.4599583712302238 54.97268492848909, -1.4671542625616878 54.9715455812559, -1.468360300541631 54.967205050928854, -1.4623713773951224 54.96400410526367, -1.4551766861818054 54.96514345413351, -1.4539697181281945 54.969483747011225, -1.4599583712302238 54.97268492848909))",0,True,True,False
88197321bbfffff,198,198,8,0,54.91656509699052,-1.7850306159982914,531.415,"POLYGON ((-1.7838492734666442 54.920916678559884, -1.7910485319327458 54.91975469866088, -1.7922293121015664 54.915402866586454, -1.7862117721122355 54.9122132495844, -1.7790137080445225 54.91337522674856, -1.77783198969773 54.91772682362845, -1.7838492734666442 54.920916678559884))",0,True,True,False
88197321b7fffff,199,199,8,0,54.91307689432787,-1.8066269128111203,531.415,"POLYGON ((-1.8054472575125373 54.91742922732379, -1.81264672417358 54.916265735809766, -1.8138258169648667 54.91191315239744, -1.8078063819372128 54.90872429552029, -1.8006081092847943 54.90988778400822, -1.7994280777812692 54.91424013237822, -1.8054472575125373 54.91742922732379))",0,True,True,False
8819732f43fffff,200,200,8,0,54.90958415674485,-1.828223831738756,531.415,"POLYGON ((-1.8270458641062048 54.91393724090119, -1.8342455369250308 54.912772237430886, -1.835422941906261 54.908418902947005, -1.8294016134442324 54.90523080680206, -1.8222031342431897 54.90639580695508, -1.821024790016184 54.910748906549074, -1.8270458641062048 54.91393724090119))",0,True,True,False
8819732295fffff,201,201,8,0,54.9463528437087,-1.625483660161517,531.415,"POLYGON ((-1.62428976969613 54.950698640671156, -1.6314880005571664 54.94954798659618, -1.632681329652225 54.945201938474256, -1.6266773623728519 54.942006780695124, -1.6194803289482202 54.94315743415908, -1.6182860654972357 54.94750324599226, -1.62428976969613 54.950698640671156))",0,True,True,False
8819732299fffff,202,202,8,0,54.94980254186169,-1.6038911015518622,531.415,"POLYGON ((-1.6026955272721783 54.95414758517056, -1.6098935328275874 54.95299843991952, -1.6110885458853472 54.94865314536366, -1.605086487333715 54.94545723247691, -1.5978896795957238 54.9466063774084, -1.5966937327227282 54.95095143552528, -1.6026955272721783 54.95414758517056))",0,True,True,False
88197322b1fffff,203,203,8,0,54.9428986189976,-1.647076892208758,531.415,"POLYGON ((-1.645884686002472 54.947245169350886, -1.6530831401345665 54.94609300610314, -1.654274784822544 54.94174620467802, -1.6482689104049268 54.93855180261797, -1.641071653327161 54.939703964963286, -1.6398790737433098 54.94405053025012, -1.645884686002472 54.947245169350886))",0,True,True,False
88197335adfffff,204,204,8,0,54.95324771450456,-1.582299222481324,531.415,"POLYGON ((-1.581101964833557 54.957592003897524, -1.588299743049157 54.956444367120646, -1.589496439623901 54.95209982639326, -1.5834962913876829 54.948903159010875, -1.5762997113694255 54.950050795759694, -1.575102081520932 54.95439509989809, -1.581101964833557 54.957592003897524))",0,True,True,False
88197320cbfffff,205,205,8,0,54.939439866683095,-1.6686707915908807,531.415,"POLYGON ((-1.6674802700871152 54.94378717016409, -1.6746789454553173 54.9426334973956, -1.675868905293276 54.938285942930555, -1.6698611253286557 54.93509229720062, -1.6626636466316689 54.93624596877525, -1.6614727513586056 54.94059328725272, -1.6674802700871152 54.94378717016409))",0,True,True,False
88197335e3fffff,206,206,8,0,54.95668836268786,-1.5607080290503053,531.415,"POLYGON ((-1.559509088482058 54.96103189790306, -1.5667066373240517 54.959885769249716, -1.567905016968635 54.95554198261284, -1.5619067806337423 54.952344561347275, -1.5547104303679737 54.95349069026409, -1.5535111179918457 54.95783424016217, -1.559509088482058 54.96103189790306))",0,True,True,False
88197320c7fffff,207,207,8,0,54.93597658572261,-1.6902653522040512,531.415,"POLYGON ((-1.6890765158448302 54.94032464206779, -1.6962754104138074 54.939169459431454, -1.697463684960194 54.9348211521902, -1.6914540010415926 54.93162826340087, -1.6842563027596587 54.93278344455194, -1.683067092239693 54.93713151595657, -1.6890765158448302 54.94032464206779))",0,True,True,False
88197335c7fffff,208,208,8,0,54.96012448746501,-1.539117527358029,531.415,"POLYGON ((-1.5379169043183103 54.96446726824089, -1.545114221753275 54.963322647359554, -1.5463142840191466 54.958979615074846, -1.5403179611697229 54.955781440539035, -1.533121842688801 54.95692606197542, -1.5319208482343447 54.96126885737178, -1.5379169043183103 54.96446726824089))",0,True,True,False
88197320e3fffff,209,209,8,0,54.93250877507624,-1.7118605679433112,531.415,"POLYGON ((-1.7106734171692692 54.93685758402163, -1.7178725289033276 54.93570089117132, -1.7190591177179888 54.9313518314179, -1.7130475314401903 54.92815970017925, -1.7058496156079563 54.92931639125293, -1.7046620902819878 54.933665215320886, -1.7106734171692692 54.93685758402163))",0,True,True,False
88197335cbfffff,210,210,8,0,54.96355608989196,-1.5175277235025382,531.415,"POLYGON ((-1.5163254184417483 54.96789811596748, -1.5235225024366674 54.96675500250568, -1.5247242468739048 54.962412724834365, -1.5187298390922848 54.95921379764171, -1.5115339544281856 54.960356911950086, -1.5103312783460292 54.96469895258378, -1.5163254184417483 54.96789811596748))",0,True,True,False
88197320adfffff,211,211,8,0,54.929036433706784,-1.7334564327026,531.415,"POLYGON ((-1.7322709679529489 54.93338599498804, -1.739470294816021 54.93222779157845, -1.7406551974601836 54.927877979577374, -1.7346417104197782 54.924686606498916, -1.7274435790722447 54.92584480784053, -1.7262577393798095 54.93019438430754, -1.7322709679529489 54.93338599498804))",0,True,True,False
8819733431fffff,212,212,8,0,54.96698317102736,-1.4959386235806962,531.415,"POLYGON ((-1.4947346369506063 54.971324442141864, -1.5019314854728738 54.97018283574628, -1.5031349116301795 54.96584131294916, -1.4971424204969057 54.96264163371355, -1.4899467716811645 54.963783241247285, -1.488742414423397 54.96812452685775, -1.4947346369506063 54.971324442141864))",0,True,True,False
8819732199fffff,213,213,8,0,54.92555956057972,-1.7550529403747628,531.415,"POLYGON ((-1.7538691620873093 54.929909873932026, -1.7610687020429623 54.9287501596188, -1.7622519180792908 54.92439959563504, -1.7562365318745883 54.921208981325776, -1.7490381870471245 54.922368693279736, -1.747854033426314 54.92671902188111, -1.7538691620873093 54.929909873932026))",0,True,True,False
8819733415fffff,214,214,8,0,54.970405731932594,-1.474350233688186,531.415,"POLYGON ((-1.473144565941946 54.974746247825834, -1.4803411769593537 54.97360614814223, -1.4815462843839784 54.969265380479705, -1.475555711477857 54.96606494981553, -1.468360300541631 54.967205050928854, -1.4671542625616878 54.9715455812559, -1.473144565941946 54.974746247825834))",0,True,True,False
8819732195fffff,215,215,8,0,54.922078154663225,-1.7766500848514992,531.415,"POLYGON ((-1.775467993462692 54.926429219821436, -1.7826677444741257 54.92526799426109, -1.7838492734666442 54.920916678559884, -1.77783198969773 54.91772682362845, -1.7706334334260967 54.918888046538235, -1.7694509663136238 54.9232391270089, -1.775467993462692 54.926429219821436))",0,True,True,False
8819733419fffff,216,216,8,0,54.97382377367166,-1.45276255991944,531.415,"POLYGON ((-1.4515552115116324 54.97816353408375, -1.4587515829923634 54.97702494075706, -1.4599583712302238 54.97268492848909, -1.4539697181281945 54.969483747011225, -1.4467745471022335 54.97062234205925, -1.4455668288549814 54.974962116843166, -1.4515552115116324 54.97816353408375))",0,True,True,False
88197321b1fffff,217,217,8,0,54.9185922149282,-1.79824786002347,531.415,"POLYGON ((-1.7970674559683328 54.922944031626685, -1.8042674159983805 54.92178129447663, -1.8054472575125373 54.91742922732379, -1.7994280777812692 54.91424013237822, -1.7922293121015664 54.915402866586454, -1.7910485319327458 54.91975469866088, -1.7970674559683328 54.922944031626685))",0,True,True,False
8819732f4bfffff,218,218,8,0,54.91510174034819,-1.8198462597802576,531.415,"POLYGON ((-1.8186675434923876 54.91945430832098, -1.8258677105035441 54.91829005923956, -1.8270458641062048 54.91393724090119, -1.821024790016184 54.910748906549074, -1.8138258169648667 54.91191315239744, -1.81264672417358 54.916265735809766, -1.8186675434923876 54.91945430832098))",0,True,True,False
8819732f47fffff,219,219,8,0,54.91160672989953,-1.8414452780103567,531.415,"POLYGON ((-1.8402682499219751 54.91596004888017, -1.8474686218763705 54.914794287526625, -1.8486450871357818 54.910440718269264, -1.8426221202923772 54.90725314511769, -1.835422941906261 54.908418902947005, -1.8342455369250308 54.912772237430886, -1.8402682499219751 54.91596004888017))",0,True,True,False
881973229dfffff,220,220,8,0,54.951848791766,-1.6170916137109117,531.415,"POLYGON ((-1.6158969735457394 54.956194071449076, -1.623095690933178 54.955044171551165, -1.62428976969613 54.950698640671156, -1.6182860654972357 54.94750324599226, -1.6110885458853472 54.94865314536366, -1.6098935328275874 54.95299843991952, -1.6158969735457394 54.956194071449076))",0,True,True,False
88197322b9fffff,221,221,8,0,54.94839682950235,-1.6386863060679735,531.415,"POLYGON ((-1.637493350257728 54.95274286268868, -1.6446922917426212 54.951591453646586, -1.645884686002472 54.947245169350886, -1.6398790737433098 54.94405053025012, -1.632681329652225 54.945201938474256, -1.6314880005571664 54.94954798659618, -1.637493350257728 54.95274286268868))",0,True,True,False
88197322d3fffff,222,222,8,0,54.955296227558,-1.5954975972707015,531.415,"POLYGON ((-1.5943012731960466 54.95964075347525, -1.6014997644511118 54.958492362372255, -1.6026955272721783 54.95414758517056, -1.5966937327227282 54.95095143552528, -1.589496439623901 54.95209982639326, -1.588299743049157 54.956444367120646, -1.5943012731960466 54.95964075347525))",0,True,True,False
88197322b5fffff,223,223,8,0,54.944940339720425,-1.660281668238151,531.415,"POLYGON ((-1.6590903972268944 54.94928712614708, -1.6662895607739623 54.94813420761236, -1.6674802700871152 54.94378717016409, -1.6614727513586056 54.94059328725272, -1.654274784822544 54.94174620467802, -1.6530831401345665 54.94609300610314, -1.6590903972268944 54.94928712614708))",0,True,True,False
88197335e7fffff,224,224,8,0,54.95873913792755,-1.5739042628498745,531.415,"POLYGON ((-1.5727062553126367 54.96308290981684, -1.5799045184007785 54.961936027158565, -1.581101964833557 54.957592003897524, -1.575102081520932 54.95439509989809, -1.567905016968635 54.95554198261284, -1.5667066373240517 54.959885769249716, -1.5727062553126367 54.96308290981684))",0,True,True,False
88197320c1fffff,225,225,8,0,54.941479321376335,-1.681877694116615,531.415,"POLYGON ((-1.6806881083470098 54.94582686077994, -1.6878874919205895 54.94467243240509, -1.6890765158448302 54.94032464206779, -1.683067092239693 54.93713151595657, -1.675868905293276 54.938285942930555, -1.6746789454553173 54.9426334973956, -1.6806881083470098 54.94582686077994))",0,True,True,False
88197335ebfffff,226,226,8,0,54.96217752392663,-1.5523116165498292,531.415,"POLYGON ((-1.5511119259982393 54.96652054152626, -1.5583099588853633 54.96537516696163, -1.559509088482058 54.96103189790306, -1.5535111179918457 54.95783424016217, -1.5463142840191466 54.958979615074846, -1.545114221753275 54.963322647359554, -1.5511119259982393 54.96652054152626))",0,True,True,False
88197320ebfffff,227,227,8,0,54.9380137734289,-1.7034743775973582,531.415,"POLYGON ((-1.7022864775106947 54.942362065545645, -1.7094860790747435 54.94120612698408, -1.7106734171692692 54.93685758402163, -1.7046620902819878 54.933665215320886, -1.697463684960194 54.9348211521902, -1.6962754104138074 54.939169459431454, -1.7022864775106947 54.942362065545645))",0,True,True,False
88197335c1fffff,228,228,8,0,54.96561138660989,-1.530719664470818,531.415,"POLYGON ((-1.5295182913545156 54.969953649658514, -1.5367160920068654 54.968809782835535, -1.5379169043183103 54.96446726824089, -1.5319208482343447 54.96126885737178, -1.5247242468739048 54.962412724834365, -1.5235225024366674 54.96675500250568, -1.5295182913545156 54.969953649658514))",0,True,True,False
88197320e7fffff,229,229,8,0,54.934543694839554,-1.7250717125733004,531.415,"POLYGON ((-1.723885498609472 54.938892739405276, -1.7310853161275603 54.937735290311295, -1.7322709679529489 54.93338599498804, -1.7262577393798095 54.93019438430754, -1.7190591177179888 54.9313518314179, -1.7178725289033276 54.93570089117132, -1.723885498609472 54.938892739405276))",0,True,True,False
8819733435fffff,230,230,8,0,54.9690407270346,-1.50912841271186,531.415,"POLYGON ((-1.5079253574819074 54.97338223527133, -1.5151229238661192 54.97223987583714, -1.5163254184417483 54.96789811596748, -1.5103312783460292 54.96469895258378, -1.5031349116301795 54.96584131294916, -1.5019314854728738 54.97018283574628, -1.5079253574819074 54.97338223527133))",0,True,True,False
88197321d3fffff,231,231,8,0,54.93106908457252,-1.7466696929362482,531.415,"POLYGON ((-1.7454851655336738 54.9354188813226, -1.7526851969690445 54.93425992135135, -1.7538691620873093 54.929909873932026, -1.747854033426314 54.92671902188111, -1.7406551974601836 54.927877979577374, -1.739470294816021 54.93222779157845, -1.7454851655336738 54.9354188813226))",0,True,True,False
8819733439fffff,232,232,8,0,54.97246554626072,-1.487537867370824,531.415,"POLYGON ((-1.4863331304796397 54.97680629942505, -1.4935304605627893 54.97566544702592, -1.4947346369506063 54.971324442141864, -1.488742414423397 54.96812452685775, -1.4815462843839784 54.969265380479705, -1.4803411769593537 54.97360614814223, -1.4863331304796397 54.97680629942505))",0,True,True,False
881973219dfffff,233,233,8,0,54.92758994159464,-1.7682683125768657,531.415,"POLYGON ((-1.767085472172659 54.93194049026408, -1.7742857154881468 54.93078001907168, -1.775467993462692 54.926429219821436, -1.7694509663136238 54.9232391270089, -1.7622519180792908 54.92439959563504, -1.7610687020429623 54.9287501596188, -1.767085472172659 54.93194049026408))",0,True,True,False
881973341dfffff,234,234,8,0,54.97588584535093,-1.465948034544371,531.415,"POLYGON ((-1.4647416164457756 54.98022584318281, -1.471938708195321 54.97908649746404, -1.473144565941946 54.974746247825834, -1.4671542625616878 54.9715455812559, -1.4599583712302238 54.97268492848909, -1.4587515829923634 54.97702494075706, -1.4647416164457756 54.98022584318281))",0,True,True,False
88197321b9fffff,235,235,8,0,54.92410626487552,-1.7898675653847822,531.415,"POLYGON ((-1.7886864124145958 54.92845756519887, -1.795886865572717 54.92729558244229, -1.7970674559683328 54.922944031626685, -1.7910485319327458 54.91975469866088, -1.7838492734666442 54.920916678559884, -1.7826677444741257 54.92526799426109, -1.7886864124145958 54.92845756519887))",0,True,True,False
8819733453fffff,236,236,8,0,54.97930162537052,-1.44435892032791,531.415,"POLYGON ((-1.4431508214771565 54.98364086761025, -1.4503476728609213 54.98250302821634, -1.4515552115116324 54.97816353408375, -1.4455668288549814 54.974962116843166, -1.4383711782625372 54.97609995804313, -1.4371627096669182 54.980439214657, -1.4431508214771565 54.98364086761025))",0,True,True,False
88197321b5fffff,237,237,8,0,54.920618053387365,-1.8114674452485444,531.415,"POLYGON ((-1.8102879801466083 54.924970105098836, -1.8174886411095061 54.92380661043599, -1.8186675434923876 54.91945430832098, -1.81264672417358 54.916265735809766, -1.8054472575125373 54.91742922732379, -1.8042674159983805 54.92178129447663, -1.8102879801466083 54.924970105098836))",0,True,True,False
8819732f41fffff,238,238,8,0,54.91712530610524,-1.8330679460555417,531.415,"POLYGON ((-1.8318901692547873 54.92147810893856, -1.8390910359842099 54.92031310202822, -1.8402682499219751 54.91596004888017, -1.8342455369250308 54.912772237430886, -1.8270458641062048 54.91393724090119, -1.8258677105035441 54.91829005923956, -1.8318901692547873 54.92147810893856))",0,True,True,False
8819732f6bfffff,239,239,8,0,54.91362802200676,-1.854669061692256,531.415,"POLYGON ((-1.8534929736240946 54.91798157569531, -1.8606940440814936 54.91681505619719, -1.8618695691431493 54.912461252282895, -1.8558449640748806 54.90927420250239, -1.8486450871357818 54.910440718269264, -1.8474686218763705 54.914794287526625, -1.8534929736240946 54.91798157569531))",0,True,True,False
8819732283fffff,240,240,8,0,54.95389376864397,-1.6302944832458623,531.415,"POLYGON ((-1.6291007776748196 54.95823928458633, -1.6363002062690786 54.95708862977787, -1.637493350257728 54.95274286268868, -1.6314880005571664 54.94954798659618, -1.62428976969613 54.950698640671156, -1.623095690933178 54.955044171551165, -1.6291007776748196 54.95823928458633))",0,True,True,False
88197322d7fffff,241,241,8,0,54.95734346837647,-1.6086983313096863,531.415,"POLYGON ((-1.6075029412881177 54.96168823070326, -1.6147021449581838 54.96053908501022, -1.6158969735457394 54.956194071449076, -1.6098935328275874 54.95299843991952, -1.6026955272721783 54.95414758517056, -1.6014997644511118 54.958492362372255, -1.6075029412881177 54.96168823070326))",0,True,True,False
88197322bdfffff,242,242,8,0,54.95043954147892,-1.651891307474391,531.415,"POLYGON ((-1.650699286798576 54.954785810774105, -1.6578989382814084 54.95363364650138, -1.6590903972268944 54.94928712614708, -1.6530831401345665 54.94609300610314, -1.645884686002472 54.947245169350886, -1.6446922917426212 54.951591453646586, -1.650699286798576 54.954785810774105))",0,True,True,False
88197322dbfffff,243,243,8,0,54.96078864172438,-1.5871028577706003,531.415,"POLYGON ((-1.5859057837446249 54.965132650173175, -1.5931047604552244 54.963985013245825, -1.5943012731960466 54.95964075347525, -1.588299743049157 54.956444367120646, -1.581101964833557 54.957592003897524, -1.5799045184007785 54.961936027158565, -1.5859057837446249 54.965132650173175))",0,True,True,False
88197320c9fffff,244,244,8,0,54.94698078583617,-1.6734887978893973,531.415,"POLYGON ((-1.6722984625521442 54.95132780822095, -1.6794983348875412 54.95017413413602, -1.6806881083470098 54.94582686077994, -1.6746789454553173 54.9426334973956, -1.6674802700871152 54.94378717016409, -1.6662895607739623 54.94813420761236, -1.6722984625521442 54.95132780822095))",0,True,True,False
88197335e1fffff,245,245,8,0,54.964229289738185,-1.5655080687321536,531.415,"POLYGON ((-1.5643093111492883 54.96857254404708, -1.5715080588655692 54.967426415534796, -1.5727062553126367 54.96308290981684, -1.5667066373240517 54.959885769249716, -1.559509088482058 54.96103189790306, -1.5583099588853633 54.96537516696163, -1.5643093111492883 54.96857254404708))",0,True,True,False
88197320c5fffff,246,246,8,0,54.94351750067317,-1.6950869483838984,531.415,"POLYGON ((-1.6938982988271134 54.947865275883935, -1.7010983899787173 54.94671009163978, -1.7022864775106947 54.942362065545645, -1.6962754104138074 54.939169459431454, -1.6890765158448302 54.94032464206779, -1.6878874919205895 54.94467243240509, -1.6938982988271134 54.947865275883935))",0,True,True,False
88197335c5fffff,247,247,8,0,54.96766541347119,-1.5439139702967557,531.415,"POLYGON ((-1.5427135296058858 54.972007913378604, -1.5499120462933966 54.97086329292987, -1.5511119259982393 54.96652054152626, -1.545114221753275 54.963322647359554, -1.5379169043183103 54.96446726824089, -1.5367160920068654 54.968809782835535, -1.5427135296058858 54.972007913378604))",0,True,True,False
88197320e1fffff,248,248,8,0,54.94004968495008,-1.716685752849756,531.415,"POLYGON ((-1.7154987895139602 54.94439821272285, -1.7226990974449914 54.943241517973284, -1.723885498609472 54.938892739405276, -1.7178725289033276 54.93570089117132, -1.7106734171692692 54.93685758402163, -1.7094860790747435 54.94120612698408, -1.7154987895139602 54.94439821272285))",0,True,True,False
88197335c9fffff,249,249,8,0,54.97109701397931,-1.5223205685656307,531.415,"POLYGON ((-1.521118445217067 54.97543875922408, -1.528316728841731 54.9742956464865, -1.5295182913545156 54.969953649658514, -1.5235225024366674 54.96675500250568, -1.5163254184417483 54.96789811596748, -1.5151229238661192 54.97223987583714, -1.521118445217067 54.97543875922408))",0,True,True,False
88197321dbfffff,250,250,8,0,54.93657733762981,-1.7382852051777424,531.415,"POLYGON ((-1.7370999285020707 54.94092661770016, -1.7443004511753817 54.93976841209996, -1.7454851655336738 54.9354188813226, -1.739470294816021 54.93222779157845, -1.7322709679529489 54.93338599498804, -1.7310853161275603 54.937735290311295, -1.7370999285020707 54.94092661770016))",0,True,True,False
881973343dfffff,251,251,8,0,54.97452409232114,-1.5007278696388369,531.415,"POLYGON ((-1.4995240640842733 54.97886508264258, -1.5067221126124 54.97772347726283, -1.5079253574819074 54.97338223527133, -1.5019314854728738 54.97018283574628, -1.4947346369506063 54.971324442141864, -1.4935304605627893 54.97566544702592, -1.4995240640842733 54.97886508264258))",0,True,True,False
88197321d7fffff,252,252,8,0,54.93310045767792,-1.759885299257497,531.415,"POLYGON ((-1.7587017096796473 54.937450489780964, -1.7659024450577905 54.93629077298577, -1.767085472172659 54.93194049026408, -1.7610687020429623 54.9287501596188, -1.7538691620873093 54.929909873932026, -1.7526851969690445 54.93425992135135, -1.7587017096796473 54.937450489780964))",0,True,True,False
8819733403fffff,253,253,8,0,54.977946649557936,-1.4791358796152192,531.415,"POLYGON ((-1.477930392307712 54.98228688469572, -1.4851282037060112 54.981146786319634, -1.4863331304796397 54.97680629942505, -1.4803411769593537 54.97360614814223, -1.473144565941946 54.974746247825834, -1.471938708195321 54.97908649746404, -1.477930392307712 54.98228688469572))",0,True,True,False
8819732183fffff,254,254,8,0,54.92961904406264,-1.781486028977599,531.415,"POLYGON ((-1.7803041269339228 54.93396982793319, -1.7875050729790207 54.932808599599554, -1.7886864124145958 54.92845756519887, -1.7826677444741257 54.92526799426109, -1.775467993462692 54.926429219821436, -1.7742857154881468 54.93078001907168, -1.7803041269339228 54.93396982793319))",0,True,True,False
8819733457fffff,255,255,8,0,54.98136468675371,-1.457544604592391,531.415,"POLYGON ((-1.4563374359864318 54.98570416644792, -1.4635350082220657 54.98456557472036, -1.4647416164457756 54.98022584318281, -1.4587515829923634 54.97702494075706, -1.4515552115116324 54.97816353408375, -1.4503476728609213 54.98250302821634, -1.4563374359864318 54.98570416644792))",0,True,True,False
88197321bdfffff,256,256,8,0,54.92613309575496,-1.803087388225544,531.415,"POLYGON ((-1.8019071741509107 54.93048463112732, -1.8091083288247558 54.929321890912696, -1.8102879801466083 54.924970105098836, -1.8042674159983805 54.92178129447663, -1.7970674559683328 54.922944031626685, -1.795886865572717 54.92729558244229, -1.8019071741509107 54.93048463112732))",0,True,True,False
8819732f49fffff,257,257,8,0,54.92264261172854,-1.8246893708877143,531.415,"POLYGON ((-1.823510845215678 54.92699489833666, -1.8307122064796992 54.92583064589942, -1.8318901692547873 54.92147810893856, -1.8258677105035441 54.91829005923956, -1.8186675434923876 54.91945430832098, -1.8174886411095061 54.92380661043599, -1.823510845215678 54.92699489833666))",0,True,True,False
8819732f45fffff,258,258,8,0,54.91914759095975,-1.8462919708494827,531.415,"POLYGON ((-1.8451151340121328 54.923500628537134, -1.852316699827409 54.92233486353652, -1.8534929736240946 54.91798157569531, -1.8474686218763705 54.914794287526625, -1.8402682499219751 54.91596004888017, -1.8390910359842099 54.92031310202822, -1.8451151340121328 54.923500628537134))",0,True,True,False
881973228bfffff,259,259,8,0,54.95938943631752,-1.621901423829129,531.415,"POLYGON ((-1.6207069683404702 54.96373443493896, -1.6279068838004969 54.96258453439202, -1.6291007776748196 54.95823928458633, -1.623095690933178 54.955044171551165, -1.6158969735457394 54.956194071449076, -1.6147021449581838 54.96053908501022, -1.6207069683404702 54.96373443493896))",0,True,True,False
8819732287fffff,260,260,8,0,54.955937471853375,-1.643499709385717,531.415,"POLYGON ((-1.642306938888327 54.960283223939996, -1.649507078063653 54.95913181395738, -1.650699286798576 54.954785810774105, -1.6446922917426212 54.951591453646586, -1.637493350257728 54.95274286268868, -1.6363002062690786 54.95708862977787, -1.642306938888327 54.960283223939996))",0,True,True,False
88197322d1fffff,261,261,8,0,54.96283687343549,-1.6003038130450988,531.415,"POLYGON ((-1.5991076730105824 54.967181118329115, -1.6063073627193187 54.966032726868605, -1.6075029412881177 54.96168823070326, -1.6014997644511118 54.958492362372255, -1.5943012731960466 54.95964075347525, -1.5931047604552244 54.963985013245825, -1.5991076730105824 54.967181118329115))",0,True,True,False
88197322a3fffff,262,262,8,0,54.95248097899653,-1.665098663608013,531.415,"POLYGON ((-1.6639075785458317 54.956827484285355, -1.6711079394001127 54.955674564518645, -1.6722984625521442 54.95132780822095, -1.6662895607739623 54.94813420761236, -1.6590903972268944 54.94928712614708, -1.6578989382814084 54.95363364650138, -1.6639075785458317 54.956827484285355))",0,True,True,False
88197335e5fffff,263,263,8,0,54.966279784256514,-1.5787068831393751,531.415,"POLYGON ((-1.5775090590057372 54.97062327516008, -1.5847085209276233 54.969476392435865, -1.5859057837446249 54.965132650173175, -1.5799045184007785 54.961936027158565, -1.5727062553126367 54.96308290981684, -1.5715080588655692 54.967426415534796, -1.5775090590057372 54.97062327516008))",0,True,True,False
88197320cdfffff,264,264,8,0,54.94901995670321,-1.6866982803879675,531.415,"POLYGON ((-1.685508881203562 54.953367214930786, -1.692709461700081 54.95221278503251, -1.6938982988271134 54.947865275883935, -1.6878874919205895 54.94467243240509, -1.6806881083470098 54.94582686077994, -1.6794983348875412 54.95017413413602, -1.685508881203562 54.953367214930786))",0,True,True,False
88197335e9fffff,265,265,8,0,54.96971816983238,-1.5571106402165438,531.415,"POLYGON ((-1.5559111324319281 54.974060906484155, -1.5631103645317863 54.97291553214516, -1.5643093111492883 54.96857254404708, -1.5583099588853633 54.96537516696163, -1.5511119259982393 54.96652054152626, -1.5499120462933966 54.97086329292987, -1.5559111324319281 54.974060906484155))",0,True,True,False
88197320e9fffff,266,266,8,0,54.94555440393224,-1.7082985536164237,531.415,"POLYGON ((-1.7071108407509765 54.949902414834746, -1.7143116388526276 54.948746474458325, -1.7154987895139602 54.94439821272285, -1.7094860790747435 54.94120612698408, -1.7022864775106947 54.942362065545645, -1.7010983899787173 54.94671009163978, -1.7071108407509765 54.949902414834746))",0,True,True,False
88197335cdfffff,267,267,8,0,54.97315203121775,-1.5355150903799892,531.415,"POLYGON ((-1.5343138993939691 54.97749401335632, -1.5415128996369762 54.97635014705057, -1.5427135296058858 54.972007913378604, -1.5367160920068654 54.968809782835535, -1.5295182913545156 54.969953649658514, -1.528316728841731 54.9742956464865, -1.5343138993939691 54.97749401335632))",0,True,True,False
88197320e5fffff,268,268,8,0,54.942084319645176,-1.729899477183138,531.415,"POLYGON ((-1.7287134510764113 54.94643308295837, -1.735914464745739 54.94527563175811, -1.7370999285020707 54.94092661770016, -1.7310853161275603 54.937735290311295, -1.723885498609472 54.938892739405276, -1.7226990974449914 54.943241517973284, -1.7287134510764113 54.94643308295837))",0,True,True,False
8819733423fffff,269,269,8,0,54.97658136946976,-1.5139202397319709,531.415,"POLYGON ((-1.5127173659954958 54.9809225968342, -1.5199161323472263 54.97978023820887, -1.521118445217067 54.97543875922408, -1.5151229238661192 54.97223987583714, -1.5079253574819074 54.97338223527133, -1.5067221126124 54.97772347726283, -1.5127173659954958 54.9809225968342))",0,True,True,False
88197321d1fffff,270,270,8,0,54.93860970280632,-1.751501044976711,531.415,"POLYGON ((-1.7503167060670908 54.94295921826549, -1.7575179332662414 54.94180025589663, -1.7587017096796473 54.937450489780964, -1.7526851969690445 54.93425992135135, -1.7454851655336738 54.9354188813226, -1.7443004511753817 54.93976841209996, -1.7503167060670908 54.94295921826549))",0,True,True,False
8819733407fffff,271,271,8,0,54.98000618564837,-1.492326094373507,531.415,"POLYGON ((-1.4911215383389027 54.984346657978115, -1.4983200687653593 54.98320580667947, -1.4995240640842733 54.97886508264258, -1.4935304605627893 54.97566544702592, -1.4863331304796397 54.97680629942505, -1.4851282037060112 54.981146786319634, -1.4911215383389027 54.984346657978115))",0,True,True,False
881973218bfffff,272,272,8,0,54.93513055238257,-1.773103250884683,531.415,"POLYGON ((-1.7719205996091285 54.93948081972269, -1.779122038299907 54.93832034584131, -1.7803041269339228 54.93396982793319, -1.7742857154881468 54.93078001907168, -1.767085472172659 54.93194049026408, -1.7659024450577905 54.93629077298577, -1.7719205996091285 54.93948081972269))",0,True,True,False
881973340bfffff,273,273,8,0,54.98342648081614,-1.4707326604044468,531.415,"POLYGON ((-1.4695264225254514 54.98776619785102, -1.47672471499303 54.986626853524434, -1.477930392307712 54.98228688469572, -1.471938708195321 54.97908649746404, -1.4647416164457756 54.98022584318281, -1.4635350082220657 54.98456557472036, -1.4695264225254514 54.98776619785102))",0,True,True,False
8819732187fffff,274,274,8,0,54.931646867343616,-1.7947060887935031,531.415,"POLYGON ((-1.7935251255875648 54.9359978862992, -1.8007267737314028 54.93483590056232, -1.8019071741509107 54.93048463112732, -1.795886865572717 54.92729558244229, -1.7886864124145958 54.92845756519887, -1.7875050729790207 54.932808599599554, -1.7935251255875648 54.9359978862992))",0,True,True,False
8819733451fffff,275,275,8,0,54.98684225603832,-1.4491399439233954,531.415,"POLYGON ((-1.447932024655144 54.99118121751863, -1.4551300771306206 54.99004337980856, -1.4563374359864318 54.98570416644792, -1.4503476728609213 54.98250302821634, -1.4431508214771565 54.98364086761025, -1.4419425322587354 54.9879798435312, -1.447932024655144 54.99118121751863))",0,True,True,False
88197321a3fffff,276,276,8,0,54.9281586466618,-1.8163095525885145,531.415,"POLYGON ((-1.8151302778863594 54.93251041696696, -1.8223321334443592 54.93134691903249, -1.823510845215678 54.92699489833666, -1.8174886411095061 54.92380661043599, -1.8102879801466083 54.924970105098836, -1.8091083288247558 54.929321890912696, -1.8151302778863594 54.93251041696696))",0,True,True,False
8819732f4dfffff,277,277,8,0,54.92466588931219,-1.837913636154031,531.415,"POLYGON ((-1.836736050388404 54.929018410700586, -1.843938111321281 54.927853400227406, -1.8451151340121328 54.923500628537134, -1.8390910359842099 54.92031310202822, -1.8318901692547873 54.92147810893856, -1.8307122064796992 54.92583064589942, -1.836736050388404 54.929018410700586))",0,True,True,False
8819732281fffff,278,278,8,0,54.96143413073863,-1.635106874058517,531.415,"POLYGON ((-1.6339133535825812 54.96577936553973, -1.6411139802069254 54.96462870987524, -1.642306938888327 54.960283223939996, -1.6363002062690786 54.95708862977787, -1.6291007776748196 54.95823928458633, -1.6279068838004969 54.96258453439202, -1.6339133535825812 54.96577936553973))",0,True,True,False
88197322d5fffff,279,279,8,0,54.9648838324182,-1.6135071279046738,531.415,"POLYGON ((-1.612311922341697 54.969228313641764, -1.6195123244236795 54.9680791673842, -1.6207069683404702 54.96373443493896, -1.6147021449581838 54.96053908501022, -1.6075029412881177 54.96168823070326, -1.6063073627193187 54.966032726868605, -1.612311922341697 54.969228313641764))",0,True,True,False
88197322abfffff,280,280,8,0,54.95797990075206,-1.6567072913582437,531.415,"POLYGON ((-1.6555154564139392 54.962325888867845, -1.662716305543971 54.961173723447565, -1.6639075785458317 54.956827484285355, -1.6578989382814084 54.95363364650138, -1.650699286798576 54.954785810774105, -1.649507078063653 54.95913181395738, -1.6555154564139392 54.962325888867845))",0,True,True,False
88197322d9fffff,281,281,8,0,54.96832900683853,-1.59190805900462,531.415,"POLYGON ((-1.590711168800624 54.97267273422213, -1.5979113443039321 54.971525097021846, -1.5991076730105824 54.967181118329115, -1.5931047604552244 54.963985013245825, -1.5859057837446249 54.965132650173175, -1.5847085209276233 54.969476392435865, -1.590711168800624 54.97267273422213))",0,True,True,False
88197322a7fffff,282,282,8,0,54.95452114141332,-1.6783083736947886,531.415,"POLYGON ((-1.6771182247253649 54.95886788258052, -1.6843192943240117 54.95771420705659, -1.685508881203562 54.953367214930786, -1.6794983348875412 54.95017413413602, -1.6722984625521442 54.95132780822095, -1.6711079394001127 54.955674564518645, -1.6771182247253649 54.95886788258052))",0,True,True,False
88197335edfffff,283,283,8,0,54.97176965505016,-1.5703096734650703,531.415,"POLYGON ((-1.5691110990674793 54.97611262833177, -1.5763110459562109 54.97496649983812, -1.5775090590057372 54.97062327516008, -1.5715080588655692 54.967426415534796, -1.5643093111492883 54.96857254404708, -1.5631103645317863 54.97291553214516, -1.5691110990674793 54.97611262833177))",0,True,True,False
8819732013fffff,284,284,8,0,54.95105785168,-1.699910114958008,531.415,"POLYGON ((-1.6987216524052646 54.95540534563498, -1.705922940435064 54.954250159660326, -1.7071108407509765 54.949902414834746, -1.7010983899787173 54.94671009163978, -1.6938982988271134 54.947865275883935, -1.692709461700081 54.95221278503251, -1.6987216524052646 54.95540534563498))",0,True,True,False
8819733513fffff,285,285,8,0,54.97520577810625,-1.548711977391644,531.415,"POLYGON ((-1.547511719249241 54.979547997024255, -1.5547114354878564 54.97840337688576, -1.5559111324319281 54.974060906484155, -1.5499120462933966 54.97086329292987, -1.5427135296058858 54.972007913378604, -1.5415128996369762 54.97635014705057, -1.547511719249241 54.979547997024255))",0,True,True,False
88197320edfffff,286,286,8,0,54.94759003051232,-1.7215125090365873,531.415,"POLYGON ((-1.7203257333409476 54.95193827699098, -1.7275272377640996 54.9507815802195, -1.7287134510764113 54.94643308295837, -1.7226990974449914 54.943241517973284, -1.7154987895139602 54.94439821272285, -1.7143116388526276 54.948746474458325, -1.7203257333409476 54.95193827699098))",0,True,True,False
8819733427fffff,287,287,8,0,54.97863737706268,-1.527114976888721,531.415,"POLYGON ((-1.5259130354517447 54.982978841355894, -1.533112519005093 54.98183572922012, -1.5343138993939691 54.97749401335632, -1.528316728841731 54.9742956464865, -1.521118445217067 54.97543875922408, -1.5199161323472263 54.97978023820887, -1.5259130354517447 54.982978841355894))",0,True,True,False
88197321d9fffff,288,288,8,0,54.94411767687325,-1.743115549818118,531.415,"POLYGON ((-1.7419304614185858 54.94846667561112, -1.7491321801969335 54.94730846769758, -1.7503167060670908 54.94295921826549, -1.7443004511753817 54.93976841209996, -1.7370999285020707 54.94092661770016, -1.735914464745739 54.94527563175811, -1.7419304614185858 54.94846667561112))",0,True,True,False
881973342bfffff,289,289,8,0,54.98206445297794,-1.5055186780595455,531.415,"POLYGON ((-1.5043150537795775 54.98640516238555, -1.5115143026129303 54.98526355789928, -1.5127173659954958 54.9809225968342, -1.5067221126124 54.97772347726283, -1.4995240640842733 54.97886508264258, -1.4983200687653593 54.98320580667947, -1.5043150537795775 54.98640516238555))",0,True,True,False
88197321d5fffff,290,290,8,0,54.94064078972843,-1.764719231189082,531.415,"POLYGON ((-1.7635358305233149 54.94499054046058, -1.7707377616182671 54.94383082106071, -1.7719205996091285 54.93948081972269, -1.7659024450577905 54.93629077298577, -1.7587017096796473 54.937450489780964, -1.7575179332662414 54.94180025589663, -1.7635358305233149 54.94499054046058))",0,True,True,False
8819733401fffff,291,291,8,0,54.98548700691328,-1.4839230870061542,531.415,"POLYGON ((-1.482717780336175 54.98982696117493, -1.4899167924151935 54.988686863983965, -1.4911215383389027 54.984346657978115, -1.4851282037060112 54.981146786319634, -1.477930392307712 54.98228688469572, -1.47672471499303 54.986626853524434, -1.482717780336175 54.98982696117493))",0,True,True,False
8819732181fffff,292,292,8,0,54.93715936804617,-1.7863235470348868,531.415,"POLYGON ((-1.7851418345390648 54.94150987050734, -1.7923439759117403 54.94034863927768, -1.7935251255875648 54.9359978862992, -1.7875050729790207 54.932808599599554, -1.7803041269339228 54.93396982793319, -1.779122038299907 54.93832034584131, -1.7851418345390648 54.94150987050734))",0,True,True,False
88197321abfffff,293,293,8,0,54.93367341079757,-1.807928491239868,531.415,"POLYGON ((-1.8067484673487808 54.938024664722036, -1.8139508169599194 54.93686192132005, -1.8151302778863594 54.93251041696696, -1.8091083288247558 54.929321890912696, -1.8019071741509107 54.93048463112732, -1.8007267737314028 54.93483590056232, -1.8067484673487808 54.938024664722036))",0,True,True,False
88197321a7fffff,294,294,8,0,54.93018291695636,-1.8295340576872323,531.415,"POLYGON ((-1.8283557228343241 54.93453492207796, -1.8355582786442775 54.93337066616208, -1.836736050388404 54.929018410700586, -1.8307122064796992 54.92583064589942, -1.823510845215678 54.92699489833666, -1.8223321334443592 54.93134691903249, -1.8283557228343241 54.93453492207796))",0,True,True,False
8819732a93fffff,295,295,8,0,54.92668788549896,-1.8511402402591943,531.415,"POLYGON ((-1.849963594876447 54.931040641551206, -1.8571663548452693 54.929874872780644, -1.8583424369755548 54.925521866477496, -1.852316699827409 54.92233486353652, -1.8451151340121328 54.923500628537134, -1.843938111321281 54.927853400227406, -1.849963594876447 54.931040641551206))",0,True,True,False
8819732289fffff,296,296,8,0,54.96692951802982,-1.62671280157939,531.415,"POLYGON ((-1.6255185309679723 54.97127423546844, -1.6327196447976935 54.97012433414997, -1.6339133535825812 54.96577936553973, -1.6279068838004969 54.96258453439202, -1.6207069683404702 54.96373443493896, -1.6195123244236795 54.9680791673842, -1.6255185309679723 54.97127423546844))",0,True,True,False
8819732285fffff,297,297,8,0,54.96347755099749,-1.6483146812261589,531.415,"POLYGON ((-1.647122096242581 54.96782302186323, -1.6543234334050227 54.9666716108175, -1.6555154564139392 54.962325888867845, -1.649507078063653 54.95913181395738, -1.642306938888327 54.960283223939996, -1.6411139802069254 54.96462870987524, -1.647122096242581 54.96782302186323))",0,True,True,False
88197322ddfffff,298,298,8,0,54.97037695684133,-1.6051115955597075,531.415,"POLYGON ((-1.6039156397657073 54.97472092059022, -1.6111165282256779 54.97357252864974, -1.612311922341697 54.969228313641764, -1.6063073627193187 54.966032726868605, -1.5991076730105824 54.967181118329115, -1.5979113443039321 54.971525097021846, -1.6039156397657073 54.97472092059022))",0,True,True,False
88197322a1fffff,299,299,8,0,54.96002105469802,-1.669917228389892,531.415,"POLYGON ((-1.6687263294780428 54.96436727872775, -1.6759278879358068 54.96321435760641, -1.6771182247253649 54.95886788258052, -1.6711079394001127 54.955674564518645, -1.6639075785458317 54.956827484285355, -1.662716305543971 54.961173723447565, -1.6687263294780428 54.96436727872775))",0,True,True,False
8819733533fffff,300,300,8,0,54.97381986848124,-1.583511069275978,531.415,"POLYGON ((-1.5823134287460598 54.97816307827811, -1.589514089799631 54.977016195365465, -1.590711168800624 54.97267273422213, -1.5847085209276233 54.969476392435865, -1.5775090590057372 54.97062327516008, -1.5763110459562109 54.97496649983812, -1.5823134287460598 54.97816307827811))",0,True,True,False
881973201bfffff,301,301,8,0,54.95656002808756,-1.691520436959426,531.415,"POLYGON ((-1.6903312245617705 54.96090700501783, -1.6975330022770854 54.95975257347344, -1.6987216524052646 54.95540534563498, -1.692709461700081 54.95221278503251, -1.685508881203562 54.953367214930786, -1.6843192943240117 54.95771420705659, -1.6903312245617705 54.96090700501783))",0,True,True,False
8819733517fffff,302,302,8,0,54.97725825400131,-1.5619112288359738,531.415,"POLYGON ((-1.5607119040181965 54.9816007095843, -1.567912335629118 54.98045533534848, -1.5691110990674793 54.97611262833177, -1.5631103645317863 54.97291553214516, -1.5559111324319281 54.974060906484155, -1.5547114354878564 54.97840337688576, -1.5607119040181965 54.9816007095843))",0,True,True,False
8819732017fffff,303,303,8,0,54.95309447012513,-1.7131243008224546,531.415,"POLYGON ((-1.7119367753800454 54.957442199692004, -1.7191387703147287 54.956286257378004, -1.7203257333409476 54.95193827699098, -1.7143116388526276 54.948746474458325, -1.7071108407509765 54.949902414834746, -1.705922940435064 54.954250159660326, -1.7119367753800454 54.957442199692004))",0,True,True,False
881973351bfffff,304,304,8,0,54.980692114456005,-1.5403120803462966,531.415,"POLYGON ((-1.53911107169012 54.98503381556369, -1.5463112718225296 54.98388994965275, -1.547511719249241 54.979547997024255, -1.5415128996369762 54.97635014705057, -1.5343138993939691 54.97749401335632, -1.533112519005093 54.98183572922012, -1.53911107169012 54.98503381556369))",0,True,True,False
8819732033fffff,305,305,8,0,54.94962437977231,-1.7347288138654795,531.415,"POLYGON ((-1.733542975818003 54.95397286171149, -1.7407451859335468 54.95281540828225, -1.7419304614185858 54.94846667561112, -1.735914464745739 54.94527563175811, -1.7287134510764113 54.94643308295837, -1.7275272377640996 54.9507815802195, -1.733542975818003 54.95397286171149))",0,True,True,False
8819733421fffff,306,306,8,0,54.9841214509025,-1.5187136299123316,531.415,"POLYGON ((-1.5175109378686213 54.98846239727389, -1.524710904487031 54.987320039335, -1.5259130354517447 54.982978841355894, -1.5199161323472263 54.97978023820887, -1.5127173659954958 54.9809225968342, -1.5115143026129303 54.98526355789928, -1.5175109378686213 54.98846239727389))",0,True,True,False
88197321ddfffff,307,307,8,0,54.94614975599348,-1.7563339699740037,531.415,"POLYGON ((-1.7551498197597246 54.950498990040245, -1.7623522430172154 54.949340025150974, -1.7635358305233149 54.94499054046058, -1.7575179332662414 54.94180025589663, -1.7503167060670908 54.94295921826549, -1.7491321801969335 54.94730846769758, -1.7551498197597246 54.950498990040245))",0,True,True,False
8819733405fffff,308,308,8,0,54.98754626440068,-1.4971158836383165,531.415,"POLYGON ((-1.4959115086593204 54.99188645577508, -1.5031112397286643 54.99074560545456, -1.5043150537795775 54.98640516238555, -1.4983200687653593 54.98320580667947, -1.4911215383389027 54.984346657978115, -1.4899167924151935 54.988686863983965, -1.4959115086593204 54.99188645577508))",0,True,True,False
8819732189fffff,309,309,8,0,54.94267059775567,-1.7779397630323717,531.415,"POLYGON ((-1.7767573010881317 54.94702058364488, -1.7839599354483349 54.945860106951734, -1.7851418345390648 54.94150987050734, -1.779122038299907 54.93832034584131, -1.7719205996091285 54.93948081972269, -1.7707377616182671 54.94383082106071, -1.7767573010881317 54.94702058364488))",0,True,True,False
8819732185fffff,310,310,8,0,54.93918690402858,-1.7995461869238536,531.415,"POLYGON ((-1.7983654136851248 54.94353764149468, -1.8055682571084013 54.9423756526547, -1.8067484673487808 54.938024664722036, -1.8007267737314028 54.93483590056232, -1.7935251255875648 54.9359978862992, -1.7923439759117403 54.94034863927768, -1.7983654136851248 54.94353764149468))",0,True,True,False
88197321a1fffff,311,311,8,0,54.93569867378466,-1.8211532355306383,531.415,"POLYGON ((-1.8199741514314625 54.94005016256174, -1.8271772018778814 54.93888666123286, -1.8283557228343241 54.93453492207796, -1.8223321334443592 54.93134691903249, -1.8151302778863594 54.93251041696696, -1.8139508169599194 54.93686192132005, -1.8199741514314625 54.94005016256174))",0,True,True,False
8819732a9bfffff,312,312,8,0,54.93220590599908,-1.8427609027338872,531.415,"POLYGON ((-1.8415835082069218 54.936558145820754, -1.8487867636361075 54.93539313166182, -1.849963594876447 54.931040641551206, -1.843938111321281 54.927853400227406, -1.836736050388404 54.929018410700586, -1.8355582786442775 54.93337066616208, -1.8415835082069218 54.936558145820754))",0,True,True,False
881973228dfffff,313,313,8,0,54.96897392962779,-1.6399208332980233,531.415,"POLYGON ((-1.6387274981180842 54.973318883166534, -1.6459293230694445 54.97216822652336, -1.647122096242581 54.96782302186323, -1.6411139802069254 54.96462870987524, -1.6339133535825812 54.96577936553973, -1.6327196447976935 54.97012433414997, -1.6387274981180842 54.973318883166534))",0,True,True,False
88197322c3fffff,314,314,8,0,54.9724236336221,-1.618317492035189,531.415,"POLYGON ((-1.6171224711314434 54.9767678336214, -1.6243240719227015 54.97561868667675, -1.6255185309679723 54.97127423546844, -1.6195123244236795 54.9680791673842, -1.612311922341697 54.969228313641764, -1.6111165282256779 54.97357252864974, -1.6171224711314434 54.9767678336214))",0,True,True,False
88197322a9fffff,315,315,8,0,54.96551969645191,-1.661524844558985,531.415,"POLYGON ((-1.660333195547397 54.96986540326712, -1.6675352426211087 54.96871323657663, -1.6687263294780428 54.96436727872775, -1.662716305543971 54.961173723447565, -1.6555154564139392 54.962325888867845, -1.6543234334050227 54.9666716108175, -1.660333195547397 54.96986540326712))",0,True,True,False
8819733537fffff,316,316,8,0,54.975868809482485,-1.5967148268815852,531.415,"POLYGON ((-1.5955181206999394 54.98021225567992, -1.6027194952937116 54.97906461808409, -1.6039156397657073 54.97472092059022, -1.5979113443039321 54.971525097021846, -1.590711168800624 54.97267273422213, -1.589514089799631 54.977016195365465, -1.5955181206999394 54.98021225567992))",0,True,True,False
88197322a5fffff,317,317,8,0,54.962060933049294,-1.6831295197058764,531.415,"POLYGON ((-1.68193955730575 54.966407392877684, -1.6891418244637002 54.96525371579202, -1.6903312245617705 54.96090700501783, -1.6843192943240117 54.95771420705659, -1.6771182247253649 54.95886788258052, -1.6759278879358068 54.96321435760641, -1.68193955730575 54.966407392877684))",0,True,True,False
881973353bfffff,318,318,8,0,54.97930945825942,-1.575112843947143,531.415,"POLYGON ((-1.5739144529348907 54.98365215039288, -1.5811155992942232 54.982506021795295, -1.5823134287460598 54.97816307827811, -1.5763110459562109 54.97496649983812, -1.5691110990674793 54.97611262833177, -1.567912335629118 54.98045533534848, -1.5739144529348907 54.98365215039288))",0,True,True,False
8819732011fffff,319,319,8,0,54.95859763837765,-1.7047348526253367,531.415,"POLYGON ((-1.7035465772783795 54.9629448509555, -1.7107490624820751 54.96178966312764, -1.7119367753800454 54.957442199692004, -1.705922940435064 54.954250159660326, -1.6987216524052646 54.95540534563498, -1.6975330022770854 54.95975257347344, -1.7035465772783795 54.9629448509555))",0,True,True,False
8819733511fffff,320,320,8,0,54.98274558100601,-1.5535115493406106,531.415,"POLYGON ((-1.5523114739464767 54.98708751881381, -1.5595123900347687 54.98594289886301, -1.5607119040181965 54.9816007095843, -1.5547114354878564 54.97840337688576, -1.547511719249241 54.979547997024255, -1.5463112718225296 54.98388994965275, -1.5523114739464767 54.98708751881381))",0,True,True,False
881973203bfffff,321,321,8,0,54.955129811397306,-1.726340837202884,531.415,"POLYGON ((-1.7251542493494332 54.95947777646045, -1.7323569505599927 54.95832107754431, -1.733542975818003 54.95397286171149, -1.7275272377640996 54.9507815802195, -1.7203257333409476 54.95193827699098, -1.7191387703147287 54.956286257378004, -1.7251542493494332 54.95947777646045))",0,True,True,False
8819733425fffff,322,322,8,0,54.98617717877804,-1.531910949169572,531.415,"POLYGON ((-1.5307091898436875 54.990518361998916, -1.5379098736247254 54.98937525034254, -1.53911107169012 54.98503381556369, -1.533112519005093 54.98183572922012, -1.5259130354517447 54.982978841355894, -1.524710904487031 54.987320039335, -1.5307091898436875 54.990518361998916))",0,True,True,False
8819732037fffff,323,323,8,0,54.95165745107125,-1.7479474673229662,531.415,"POLYGON ((-1.7467625674019316 54.95600616835517, -1.7539654825801114 54.95484795800557, -1.7551498197597246 54.950498990040245, -1.7491321801969335 54.94730846769758, -1.7419304614185858 54.94846667561112, -1.7407451859335468 54.95281540828225, -1.7467625674019316 54.95600616835517))",0,True,True,False
8819733429fffff,324,324,8,0,54.98960425263395,-1.510311049540456,531.415,"POLYGON ((-1.5091076067342981 54.99394468100707, -1.5163080561722848 54.99280307729186, -1.5175109378686213 54.98846239727389, -1.5115143026129303 54.98526355789928, -1.5043150537795775 54.98640516238555, -1.5031112397286643 54.99074560545456, -1.5091076067342981 54.99394468100707))",0,True,True,False
88197321c3fffff,325,325,8,0,54.94818055636525,-1.7695547368688898,531.415,"POLYGON ((-1.7683715253177688 54.95253002560497, -1.7755746524239844 54.95137030347759, -1.7767573010881317 54.94702058364488, -1.7707377616182671 54.94383082106071, -1.7635358305233149 54.94499054046058, -1.7623522430172154 54.949340025150974, -1.7683715253177688 54.95253002560497))",0,True,True,False
881973218dfffff,326,326,8,0,54.94469912624768,-1.7911626397228757,531.415,"POLYGON ((-1.7899811169777813 54.94904934717786, -1.7971844539720387 54.9478881129293, -1.7983654136851248 54.94353764149468, -1.7923439759117403 54.94034863927768, -1.7851418345390648 54.94150987050734, -1.7839599354483349 54.945860106951734, -1.7899811169777813 54.94904934717786))",0,True,True,False
88197321a9fffff,327,327,8,0,54.9412131596897,-1.812771169766084,531.415,"POLYGON ((-1.8115913362617178 54.94556413204454, -1.818794881103705 54.94440138533231, -1.8199741514314625 54.94005016256174, -1.8139508169599194 54.93686192132005, -1.8067484673487808 54.938024664722036, -1.8055682571084013 54.9423756526547, -1.8115913362617178 54.94556413204454))",0,True,True,False
88197322c7fffff,328,328,8,0,54.97446903653807,-1.631525747660367,531.415,"POLYGON ((-1.6303316621270352 54.978813472672854, -1.6375339746236026 54.977663570460166, -1.6387274981180842 54.973318883166534, -1.6327196447976935 54.97012433414997, -1.6255185309679723 54.97127423546844, -1.6243240719227015 54.97561868667675, -1.6303316621270352 54.978813472672854))",0,True,True,False
88197322e3fffff,329,329,8,0,54.971017066569786,-1.653131222288034,531.415,"POLYGON ((-1.6519388230194296 54.97536225609346, -1.6591413584657324 54.97421084386197, -1.660333195547397 54.96986540326712, -1.6543234334050227 54.9666716108175, -1.647122096242581 54.96782302186323, -1.6459293230694445 54.97216822652336, -1.6519388230194296 54.97536225609346))",0,True,True,False
88197322cbfffff,330,330,8,0,54.977916477410886,-1.609920945513002,531.415,"POLYGON ((-1.6087251741601052 54.982260159894075, -1.6159272616688471 54.981111767350946, -1.6171224711314434 54.9767678336214, -1.6111165282256779 54.97357252864974, -1.6039156397657073 54.97472092059022, -1.6027194952937116 54.97906461808409, -1.6087251741601052 54.982260159894075))",0,True,True,False
88197322adfffff,331,331,8,0,54.9675605664597,-1.6747373632827096,531.415,"POLYGON ((-1.67354665072262 54.97190650910913, -1.6807494070801923 54.9707535865105, -1.68193955730575 54.966407392877684, -1.6759278879358068 54.96321435760641, -1.6687263294780428 54.96436727872775, -1.6675352426211087 54.96871323657663, -1.67354665072262 54.97190650910913))",0,True,True,False
8819733531fffff,332,332,8,0,54.98135939023731,-1.588316821957998,531.415,"POLYGON ((-1.587119365232104 54.98570231880657, -1.5943212257153423 54.98455543558293, -1.5955181206999394 54.98021225567992, -1.589514089799631 54.977016195365465, -1.5823134287460598 54.97816307827811, -1.5811155992942232 54.982506021795295, -1.587119365232104 54.98570231880657))",0,True,True,False
8819732019fffff,333,333,8,0,54.96409953516414,-1.6963441645300754,531.415,"POLYGON ((-1.6951551391208592 54.96844623067575, -1.7023581143508486 54.96729179736256, -1.7035465772783795 54.9629448509555, -1.6975330022770854 54.95975257347344, -1.6903312245617705 54.96090700501783, -1.6891418244637002 54.96525371579202, -1.6951551391208592 54.96844623067575))",0,True,True,False
8819733515fffff,334,334,8,0,54.98479777606908,-1.5667133831063191,531.415,"POLYGON ((-1.5655142414553773 54.98913995046249, -1.5727158728758 54.98799457620728, -1.5739144529348907 54.98365215039288, -1.567912335629118 54.98045533534848, -1.5607119040181965 54.9816007095843, -1.5595123900347687 54.98594289886301, -1.5655142414553773 54.98913995046249))",0,True,True,False
8819732015fffff,335,335,8,0,54.960633971642096,-1.7179516199145977,531.415,"POLYGON ((-1.716764282097232 54.96498141975198, -1.7239674741604332 54.963825475377675, -1.7251542493494332 54.95947777646045, -1.7191387703147287 54.956286257378004, -1.7119367753800454 54.957442199692004, -1.7107490624820751 54.96178966312764, -1.716764282097232 54.96498141975198))",0,True,True,False
8819733519fffff,336,336,8,0,54.988231635960574,-1.545110635067731,531.415,"POLYGON ((-1.5439098089411432 54.992573055916615, -1.5511112092617596 54.991429190278, -1.5523114739464767 54.98708751881381, -1.5463112718225296 54.98388994965275, -1.53911107169012 54.98503381556369, -1.5379098736247254 54.98937525034254, -1.5439098089411432 54.992573055916615))",0,True,True,False
8819732031fffff,337,337,8,0,54.95716387485533,-1.7395597233196765,531.415,"POLYGON ((-1.7383740735337214 54.961512075299076, -1.7455774803905397 54.96035461951803, -1.7467625674019316 54.95600616835517, -1.7407451859335468 54.95281540828225, -1.733542975818003 54.95397286171149, -1.7323569505599927 54.95832107754431, -1.7383740735337214 54.961512075299076))",0,True,True,False
88197321cbfffff,338,338,8,0,54.95368924376824,-1.761168468627594,531.415,"POLYGON ((-1.7599845073111922 54.95803819628106, -1.7671881269216674 54.956879228748576, -1.7683715253177688 54.95253002560497, -1.7623522430172154 54.949340025150974, -1.7551498197597246 54.950498990040245, -1.7539654825801114 54.95484795800557, -1.7599845073111922 54.95803819628106))",0,True,True,False
88197321c7fffff,339,339,8,0,54.95021007734792,-1.7827778497195348,531.415,"POLYGON ((-1.7815955773094434 54.95455978166461, -1.7887994076332867 54.95339930203686, -1.7899811169777813 54.94904934717786, -1.7839599354483349 54.945860106951734, -1.7767573010881317 54.94702058364488, -1.7755746524239844 54.95137030347759, -1.7815955773094434 54.95455978166461))",0,True,True,False
88197321e3fffff,340,340,8,0,54.94672637456421,-1.8043878604755887,531.415,"POLYGON ((-1.8032072774071688 54.9510768304192, -1.8104113164036941 54.94991483835321, -1.8115913362617178 54.94556413204454, -1.8055682571084013 54.9423756526547, -1.7983654136851248 54.94353764149468, -1.7971844539720387 54.9478881129293, -1.8032072774071688 54.9510768304192))",0,True,True,False
88197321adfffff,341,341,8,0,54.94323813438961,-1.825998494774812,531.415,"POLYGON ((-1.8248196014820004 54.94758934151687, -1.8320238471101915 54.94642583667064, -1.8332021770482523 54.942074379178464, -1.8271772018778814 54.93888666123286, -1.8199741514314625 54.94005016256174, -1.818794881103705 54.94440138533231, -1.8248196014820004 54.94758934151687))",0,True,True,False
88197322ebfffff,342,342,8,0,54.97651316494663,-1.6447363616632198,531.415,"POLYGON ((-1.6435432119803992 54.98085783710189, -1.6507462355557367 54.97970717935738, -1.6519388230194296 54.97536225609346, -1.6459293230694445 54.97216822652336, -1.6387274981180842 54.973318883166534, -1.6375339746236026 54.977663570460166, -1.6435432119803992 54.98085783710189))",0,True,True,False
88197322c1fffff,343,343,8,0,54.97996287162352,-1.6231294243999752,531.415,"POLYGON ((-1.6219345883562493 54.98430679027758, -1.629137388154152 54.98315764252317, -1.6303316621270352 54.978813472672854, -1.6243240719227015 54.97561868667675, -1.6171224711314434 54.9767678336214, -1.6159272616688471 54.981111767350946, -1.6219345883562493 54.98430679027758))",0,True,True,False
88197322e7fffff,344,344,8,0,54.97305892821343,-1.666343967775623,531.415,"POLYGON ((-1.6651525048981242 54.9774043536069, -1.672355750212074 54.97625218552351, -1.67354665072262 54.97190650910913, -1.6675352426211087 54.96871323657663, -1.660333195547397 54.96986540326712, -1.6591413584657324 54.97421084386197, -1.6651525048981242 54.9774043536069))",0,True,True,False
8819733535fffff,345,345,8,0,54.98340804929173,-1.6015231621001316,531.415,"POLYGON ((-1.600326640141324 54.98775121418206, -1.6075292141233795 54.9866035760681, -1.6087251741601052 54.982260159894075, -1.6027194952937116 54.97906461808409, -1.5955181206999394 54.98021225567992, -1.5943212257153423 54.98455543558293, -1.600326640141324 54.98775121418206))",0,True,True,False
8819732053fffff,346,346,8,0,54.9696001603789,-1.6879522366217894,531.415,"POLYGON ((-1.686762460992616 54.97394633874723, -1.6939659260060038 54.97279265997711, -1.6951551391208592 54.96844623067575, -1.6891418244637002 54.96525371579202, -1.68193955730575 54.966407392877684, -1.6807494070801923 54.9707535865105, -1.686762460992616 54.97394633874723))",0,True,True,False
8819733539fffff,347,347,8,0,54.98684869900167,-1.5799175808768116,531.415,"POLYGON ((-1.578719373450134 54.99119110986607, -1.5859217195782773 54.99004498104204, -1.587119365232104 54.98570231880657, -1.5811155992942232 54.982506021795295, -1.5739144529348907 54.98365215039288, -1.5727158728758 54.98799457620728, -1.578719373450134 54.99119110986607))",0,True,True,False
881973201dfffff,348,348,8,0,54.96613686040078,-1.7095611620851756,531.415,"POLYGON ((-1.7083730741459549 54.970483791480184, -1.715576756819232 54.96932860167636, -1.716764282097232 54.96498141975198, -1.7107490624820751 54.96178966312764, -1.7035465772783795 54.9629448509555, -1.7023581143508486 54.96729179736256, -1.7083730741459549 54.970483791480184))",0,True,True,False
881973351dfffff,349,349,8,0,54.99028482180633,-1.558312686841944,531.415,"POLYGON ((-1.5571127943960352 54.994626478383104, -1.564314910632624 54.99348185849751, -1.5655142414553773 54.98913995046249, -1.5595123900347687 54.98594289886301, -1.5523114739464767 54.98708751881381, -1.5511112092617596 54.991429190278, -1.5571127943960352 54.994626478383104))",0,True,True,False
8819732039fffff,350,350,8,0,54.9626690272395,-1.7311707380481316,531.415,"POLYGON ((-1.7299843382390911 54.96701671076574, -1.7371882365323057 54.96586000958216, -1.7383740735337214 54.961512075299076, -1.7323569505599927 54.95832107754431, -1.7251542493494332 54.95947777646045, -1.7239674741604332 54.963825475377675, -1.7299843382390911 54.96701671076574))",0,True,True,False
8819732035fffff,351,351,8,0,54.95919665985814,-1.7527809583919047,531.415,"POLYGON ((-1.7515962471518438 54.96354509556665, -1.7588003590247152 54.962386882658116, -1.7599845073111922 54.95803819628106, -1.7539654825801114 54.95484795800557, -1.7467625674019316 54.95600616835517, -1.7455774803905397 54.96035461951803, -1.7515962471518438 54.96354509556665))",0,True,True,False
88197321c1fffff,352,352,8,0,54.95571975722248,-1.7743918169966677,531.415,"POLYGON ((-1.773208794762974 54.96006894484825, -1.780413118174846 54.95890921987049, -1.7815955773094434 54.95455978166461, -1.7755746524239844 54.95137030347759, -1.7683715253177688 54.95253002560497, -1.7671881269216674 54.956879228748576, -1.773208794762974 54.96006894484825))",0,True,True,False
88197321ebfffff,353,353,8,0,54.952238318301056,-1.7960033077414452,531.415,"POLYGON ((-1.7948219749501553 54.95658825757863, -1.8020265078599762 54.955427020188324, -1.8032072774071688 54.9510768304192, -1.7971844539720387 54.9478881129293, -1.7899811169777813 54.94904934717786, -1.7887994076332867 54.95339930203686, -1.7948219749501553 54.95658825757863))",0,True,True,False
88197321e7fffff,354,354,8,0,54.94875234206508,-1.817615424504241,531.415,"POLYGON ((-1.816435781589918 54.95310303272863, -1.8236405219563456 54.951940282583266, -1.8248196014820004 54.94758934151687, -1.818794881103705 54.94440138533231, -1.8115913362617178 54.94556413204454, -1.8104113164036941 54.94991483835321, -1.816435781589918 54.95310303272863))",0,True,True,False
88197322c5fffff,355,355,8,0,54.98200799147755,-1.636340262771036,531.415,"POLYGON ((-1.6351463625168063 54.98635214618748, -1.6423498739774407 54.9852022429579, -1.6435432119803992 54.98085783710189, -1.6375339746236026 54.977663570460166, -1.6303316621270352 54.978813472672854, -1.629137388154152 54.98315764252317, -1.6351463625168063 54.98635214618748))",0,True,True,False
88197322e1fffff,356,356,8,0,54.97855601820528,-1.657949333270478,531.415,"POLYGON ((-1.6567571199181632 54.98290092626584, -1.6639608539451012 54.98174951272584, -1.6651525048981242 54.9774043536069, -1.6591413584657324 54.97421084386197, -1.6519388230194296 54.97536225609346, -1.6507462355557367 54.97970717935738, -1.6567571199181632 54.98290092626584))",0,True,True,False
88197322c9fffff,357,357,8,0,54.98545543477958,-1.6147318636038337,531.415,"POLYGON ((-1.6135362768927732 54.98979883587611, -1.6207395637479254 54.98865044260775, -1.6219345883562493 54.98430679027758, -1.6159272616688471 54.981111767350946, -1.6087251741601052 54.982260159894075, -1.6075292141233795 54.9866035760681, -1.6135362768927732 54.98979883587611))",0,True,True,False
881973205bfffff,358,358,8,0,54.97509951391651,-1.6795590689857642,531.415,"POLYGON ((-1.6783685429790296 54.979445175064484, -1.6855724975327429 54.97829225086576, -1.686762460992616 54.97394633874723, -1.6807494070801923 54.9707535865105, -1.67354665072262 54.97190650910913, -1.672355750212074 54.97625218552351, -1.6783685429790296 54.979445175064484))",0,True,True,False
881973353dfffff,359,359,8,0,54.98889834916036,-1.593124141884153,531.415,"POLYGON ((-1.5919268691627249 54.993240996381104, -1.5991299293736598 54.992094112723834, -1.600326640141324 54.98775121418206, -1.5943212257153423 54.98455543558293, -1.587119365232104 54.98570231880657, -1.5859217195782773 54.99004498104204, -1.5919268691627249 54.993240996381104))",0,True,True,False
8819732057fffff,360,360,8,0,54.9716384775676,-1.7011694637993395,531.415,"POLYGON ((-1.6999806255804355 54.97598489153937, -1.7071847986210387 54.974830456334566, -1.7083730741459549 54.970483791480184, -1.7023581143508486 54.96729179736256, -1.6951551391208592 54.96844623067575, -1.6939659260060038 54.97279265997711, -1.6999806255804355 54.97598489153937))",0,True,True,False
8819733503fffff,361,361,8,0,54.99233673567155,-1.5715171037261235,531.415,"POLYGON ((-1.570318145442212 54.99667862875451, -1.5775209769705336 54.99553325435739, -1.578719373450134 54.99119110986607, -1.5727158728758 54.98799457620728, -1.5655142414553773 54.98913995046249, -1.564314910632624 54.99348185849751, -1.570318145442212 54.99667862875451))",0,True,True,False
8819732003fffff,362,362,8,0,54.96817290811769,-1.7227805115924937,531.415,"POLYGON ((-1.7215933616022827 54.97252007464926, -1.7287977510895107 54.97136412809182, -1.7299843382390911 54.96701671076574, -1.7239674741604332 54.963825475377675, -1.716764282097232 54.96498141975198, -1.715576756819232 54.96932860167636, -1.7215933616022827 54.97252007464926))",0,True,True,False
8819733557fffff,363,363,8,0,54.99577059536746,-1.549910755242687,531.415,"POLYGON ((-1.5487101118455593 55.00011173405112, -1.5559127126532843 54.99896786856224, -1.5571127943960352 54.994626478383104, -1.5511112092617596 54.991429190278, -1.5439098089411432 54.992573055916615, -1.54270879339898 54.996914209489766, -1.5487101118455593 55.00011173405112))",0,True,True,False
881973203dfffff,364,364,8,0,54.96470280452856,-1.744392206245453,531.415,"POLYGON ((-1.743206744923429 54.96905072335547, -1.7504113488166049 54.96789326509984, -1.7515962471518438 54.96354509556665, -1.7455774803905397 54.96035461951803, -1.7383740735337214 54.961512075299076, -1.7371882365323057 54.96586000958216, -1.743206744923429 54.96905072335547))",0,True,True,False
88197321c9fffff,365,365,8,0,54.96122816576473,-1.766004541637347,531.415,"POLYGON ((-1.7648207694215317 54.965576836622134, -1.772025585679673 54.96441786632357, -1.773208794762974 54.96006894484825, -1.7671881269216674 54.956879228748576, -1.7599845073111922 54.95803819628106, -1.7588003590247152 54.962386882658116, -1.7648207694215317 54.965576836622134))",0,True,True,False
88197321c5fffff,366,366,8,0,54.95774899079336,-1.7876175116461628,531.415,"POLYGON ((-1.7864354289732172 54.962098413415994, -1.793640455554948 54.96093793073071, -1.7948219749501553 54.95658825757863, -1.7887994076332867 54.95339930203686, -1.7815955773094434 54.95455978166461, -1.780413118174846 54.95890921987049, -1.7864354289732172 54.962098413415994))",0,True,True,False
88197321e1fffff,367,367,8,0,54.95426527858431,-1.8092311101488507,531.415,"POLYGON ((-1.8080507174540112 54.95861545270658, -1.8152559523176097 54.957453457291635, -1.816435781589918 54.95310303272863, -1.8104113164036941 54.94991483835321, -1.8032072774071688 54.9510768304192, -1.8020265078599762 54.955427020188324, -1.8080507174540112 54.95861545270658))",0,True,True,False
8819732adbfffff,368,368,8,0,54.950777028110274,-1.83084533102126,531.415,"POLYGON ((-1.829666628738372 54.95512795346605, -1.8368720698417251 54.953964444979505, -1.8380502085577894 54.94961326927175, -1.8320238471101915 54.94642583667064, -1.8248196014820004 54.94758934151687, -1.8236405219563456 54.951940282583266, -1.829666628738372 54.95512795346605))",0,True,True,False
88197322e9fffff,369,369,8,0,54.984051836330266,-1.6495534598534,531.415,"POLYGON ((-1.6483604958689204 54.98839622698103, -1.6555647183652364 54.987245568012476, -1.6567571199181632 54.98290092626584, -1.6507462355557367 54.97970717935738, -1.6435432119803992 54.98085783710189, -1.6423498739774407 54.9852022429579, -1.6483604958689204 54.98839622698103))",0,True,True,False
88197322cdfffff,370,370,8,0,54.98750154605781,-1.627942925698116,531.415,"POLYGON ((-1.6267482747153923 54.99184518324565, -1.6339522738173653 54.990696034558816, -1.6351463625168063 54.98635214618748, -1.629137388154152 54.98315764252317, -1.6219345883562493 54.98430679027758, -1.6207395637479254 54.98865044260775, -1.6267482747153923 54.99184518324565))",0,True,True,False
88197322e5fffff,371,371,8,0,54.9805975956716,-1.6711646617075897,531.415,"POLYGON ((-1.6699733851656866 54.98494273952225, -1.6771778290164723 54.98379056992323, -1.6783685429790296 54.979445175064484, -1.672355750212074 54.97625218552351, -1.6651525048981242 54.9774043536069, -1.6639608539451012 54.98174951272584, -1.6699733851656866 54.98494273952225))",0,True,True,False
8819733523fffff,372,372,8,0,54.99094672590186,-1.606333065359166,531.415,"POLYGON ((-1.605136727823899 54.99528960936413, -1.6123405014920604 54.99414197060942, -1.6135362768927732 54.98979883587611, -1.6075292141233795 54.9866035760681, -1.600326640141324 54.98775121418206, -1.5991299293736598 54.992094112723834, -1.605136727823899 54.99528960936413))",0,True,True,False
8819732051fffff,373,373,8,0,54.97713882303694,-1.692776525142111,531.415,"POLYGON ((-1.6915869364856966 54.981484719824046, -1.6987915996506995 54.98033103924669, -1.6999806255804355 54.97598489153937, -1.6939659260060038 54.97279265997711, -1.686762460992616 54.97394633874723, -1.6855724975327429 54.97829225086576, -1.6915869364856966 54.981484719824046))",0,True,True,False
8819733507fffff,374,374,8,0,54.9943873769126,-1.584723884952863,531.415,"POLYGON ((-1.5835258613121626 54.998729506387164, -1.5907294075074057 54.997583377214035, -1.5919268691627249 54.993240996381104, -1.5859217195782773 54.99004498104204, -1.578719373450134 54.99119110986607, -1.5775209769705336 54.99553325435739, -1.5835258613121626 54.998729506387164))",0,True,True,False
881973200bfffff,375,375,8,0,54.97367551738404,-1.7143890440372211,531.415,"POLYGON ((-1.7132011437078316 54.978022166843736, -1.7204060241464314 54.976866974941125, -1.7215933616022827 54.97252007464926, -1.715576756819232 54.96932860167636, -1.7083730741459549 54.970483791480184, -1.7071847986210387 54.974830456334566, -1.7132011437078316 54.978022166843736))",0,True,True,False
881973350bfffff,376,376,8,0,54.99782350014311,-1.5631153905943094,531.415,"POLYGON ((-1.5619156812967265 55.00216487536813, -1.5691189979803177 55.00102025542512, -1.570318145442212 54.99667862875451, -1.564314910632624 54.99348185849751, -1.5571127943960352 54.994626478383104, -1.5559127126532843 54.99896786856224, -1.5619156812967265 55.00216487536813))",0,True,True,False
8819732007fffff,377,377,8,0,54.97020767767337,-1.736002212272137,531.415,"POLYGON ((-1.734816000709852 54.97455507954141, -1.742021096381075 54.973398375967534, -1.743206744923429 54.96905072335547, -1.7371882365323057 54.96586000958216, -1.7299843382390911 54.96701671076574, -1.7287977510895107 54.97136412809182, -1.734816000709852 54.97455507954141))",0,True,True,False
8819732023fffff,378,378,8,0,54.96673530286816,-1.757616023724917,531.415,"POLYGON ((-1.7564315013684628 54.971083456879875, -1.7636368102309392 54.96992524128954, -1.7648207694215317 54.965576836622134, -1.7588003590247152 54.962386882658116, -1.7515962471518438 54.96354509556665, -1.7504113488166049 54.96789326509984, -1.7564315013684628 54.971083456879875))",0,True,True,False
88197321cdfffff,379,379,8,0,54.96325839193424,-1.7792304722725036,531.415,"POLYGON ((-1.7780476395591889 54.96760729782459, -1.7852531595712158 54.96644756987357, -1.7864354289732172 54.962098413415994, -1.780413118174846 54.95890921987049, -1.773208794762974 54.96006894484825, -1.772025585679673 54.96441786632357, -1.7780476395591889 54.96760729782459))",0,True,True,False
88197321e9fffff,380,380,8,0,54.95977694384026,-1.8008455517908373,531.415,"POLYGON ((-1.799664409156543 54.96412660134371, -1.8068701382760244 54.96296536068865, -1.8080507174540112 54.95861545270658, -1.8020265078599762 54.955427020188324, -1.7948219749501553 54.95658825757863, -1.793640455554948 54.96093793073071, -1.799664409156543 54.96412660134371))",0,True,True,False
88197321e5fffff,381,381,8,0,54.95629095755748,-1.822461256154686,531.415,"POLYGON ((-1.821281804033894 54.96064136640815, -1.8284877402184014 54.95947861270663, -1.829666628738372 54.95512795346605, -1.8236405219563456 54.951940282583266, -1.816435781589918 54.95310303272863, -1.8152559523176097 54.957453457291635, -1.821281804033894 54.96064136640815))",0,True,True,False
8819732213fffff,382,382,8,0,54.98954638248356,-1.6411563476107442,531.415,"POLYGON ((-1.639962632836806 54.993890255647685, -1.6471673435587197 54.992740351278464, -1.6483604958689204 54.98839622698103, -1.6423498739774407 54.9852022429579, -1.6351463625168063 54.98635214618748, -1.6339522738173653 54.990696034558816, -1.639962632836806 54.993890255647685))",0,True,True,False
8819733527fffff,383,383,8,0,54.99299382858288,-1.6195443505314169,531.415,"POLYGON ((-1.6183489486630918 54.99733694817188, -1.6255534351623238 54.996188554055536, -1.6267482747153923 54.99184518324565, -1.6207395637479254 54.98865044260775, -1.6135362768927732 54.98979883587611, -1.6123405014920604 54.99414197060942, -1.6183489486630918 54.99733694817188))",0,True,True,False
88197322edfffff,384,384,8,0,54.98609440553911,-1.662769014873053,531.415,"POLYGON ((-1.6615769876384627 54.9904390320155, -1.6687819205428553 54.989287617044255, -1.6699733851656866 54.98494273952225, -1.6639608539451012 54.98174951272584, -1.6567571199181632 54.98290092626584, -1.6555647183652364 54.987245568012476, -1.6615769876384627 54.9904390320155))",0,True,True,False
881973352bfffff,385,385,8,0,54.996436744886005,-1.5979330297534902,531.415,"POLYGON ((-1.5967359412371538 55.000779110637446, -1.6039402014738784 54.99963222642389, -1.605136727823899 54.99528960936413, -1.5991299293736598 54.992094112723834, -1.5919268691627249 54.993240996381104, -1.5907294075074057 54.997583377214035, -1.5967359412371538 55.000779110637446))",0,True,True,False
8819732059fffff,386,386,8,0,54.98263789670335,-1.6843823461987115,531.415,"POLYGON ((-1.683192006947044 54.98698327622875, -1.6903971599933376 54.98583035030721, -1.6915869364856966 54.981484719824046, -1.6855724975327429 54.97829225086576, -1.6783685429790296 54.979445175064484, -1.6771778290164723 54.98379056992323, -1.683192006947044 54.98698327622875))",0,True,True,False
8819733501fffff,387,387,8,0,54.99987513244452,-1.576322391394298,531.415,"POLYGON ((-1.5751236166777194 55.00421674409635, -1.5823276486124822 55.00307136943462, -1.5835258613121626 54.998729506387164, -1.5775209769705336 54.99553325435739, -1.570318145442212 54.99667862875451, -1.5691189979803177 55.00102025542512, -1.5751236166777194 55.00421674409635))",0,True,True,False
8819732055fffff,388,388,8,0,54.97917685493275,-1.7059963354669756,531.415,"POLYGON ((-1.704807684640423 54.9835229872435, -1.7120130557876254 54.98236855002424, -1.7132011437078316 54.978022166843736, -1.7071847986210387 54.974830456334566, -1.6999806255804355 54.97598489153937, -1.6987915996506995 54.98033103924669, -1.704807684640423 54.9835229872435))",0,True,True,False
8819733555fffff,389,389,8,0,55.003308992312654,-1.554712441569971,531.415,"POLYGON ((-1.5535119811023257 55.00764984960326, -1.5607157826961195 55.00650598414151, -1.5619156812967265 55.00216487536813, -1.5559127126532843 54.99896786856224, -1.5487101118455593 55.00011173405112, -1.5475092790265599 55.0044526062979, -1.5535119811023257 55.00764984960326))",0,True,True,False
8819732001fffff,390,390,8,0,54.97571127918648,-1.7276109765560344,531.415,"POLYGON ((-1.7264240145953171 54.9800581640185, -1.7336296018021073 54.97890221515508, -1.734816000709852 54.97455507954141, -1.7287977510895107 54.97136412809182, -1.7215933616022827 54.97252007464926, -1.7204060241464314 54.976866974941125, -1.7264240145953171 54.9800581640185))",0,True,True,False
881973202bfffff,391,391,8,0,54.97224116842645,-1.7492262633428934,531.415,"POLYGON ((-1.7480409906873726 54.976588805515206, -1.755246791912069 54.975431344662056, -1.7564315013684628 54.971083456879875, -1.7504113488166049 54.96789326509984, -1.743206744923429 54.96905072335547, -1.742021096381075 54.973398375967534, -1.7480409906873726 54.976588805515206))",0,True,True,False
8819732027fffff,392,392,8,0,54.96876652161719,-1.77084218970348,531.415,"POLYGON ((-1.7696586067911215 54.97311491069779, -1.776864619991626 54.97195593751022, -1.7780476395591889 54.96760729782459, -1.772025585679673 54.96441786632357, -1.7648207694215317 54.965576836622134, -1.7636368102309392 54.96992524128954, -1.7696586067911215 54.97311491069779))",0,True,True,False
8819732113fffff,393,393,8,0,54.96528733772596,-1.7924587495126394,531.415,"POLYGON ((-1.79127685677996 54.969636478533154, -1.7984830799138858 54.96847599266736, -1.799664409156543 54.96412660134371, -1.793640455554948 54.96093793073071, -1.7864354289732172 54.962098413415994, -1.7852531595712158 54.96644756987357, -1.79127685677996 54.969636478533154))",0,True,True,False
88197321edfffff,394,394,8,0,54.96180361572283,-1.8140759366441257,531.415,"POLYGON ((-1.8128957345263055 54.9661535079908, -1.820102165550829 54.96499150910395, -1.821281804033894 54.96064136640815, -1.8152559523176097 54.957453457291635, -1.8080507174540112 54.95861545270658, -1.8068701382760244 54.96296536068865, -1.8128957345263055 54.9661535079908))",0,True,True,False
8819732ad9fffff,395,395,8,0,54.95831535458039,-1.8356937449706456,531.415,"POLYGON ((-1.834515233901391 54.96266599804308, -1.841721870773371 54.961502485793154, -1.8428998180636198 54.95715159199144, -1.8368720698417251 54.953964444979505, -1.829666628738372 54.95512795346605, -1.8284877402184014 54.95947861270663, -1.834515233901391 54.96266599804308))",0,True,True,False
881973221bfffff,396,396,8,0,54.99503965656043,-1.6327579966291033,531.415,"POLYGON ((-1.6315635309084588 54.99938301216115, -1.6387687296120292 54.998233862419134, -1.639962632836806 54.993890255647685, -1.6339522738173653 54.990696034558816, -1.6267482747153923 54.99184518324565, -1.6255534351623238 54.996188554055536, -1.6315635309084588 54.99938301216115))",0,True,True,False
8819732217fffff,397,397,8,0,54.99158994341401,-1.654372128568183,531.415,"POLYGON ((-1.6531793504834384 54.995934052439274, -1.6603847721977967 54.994783392123864, -1.6615769876384627 54.9904390320155, -1.6555647183652364 54.987245568012476, -1.6483604958689204 54.98839622698103, -1.6471673435587197 54.992740351278464, -1.6531793504834384 54.995934052439274))",0,True,True,False
8819733521fffff,398,398,8,0,54.99848483894835,-1.6111445373580608,531.415,"POLYGON ((-1.6099483844471347 55.002827440861836, -1.6171533580993296 55.001679801343585, -1.6183489486630918 54.99733694817188, -1.6123405014920604 54.99414197060942, -1.605136727823899 54.99528960936413, -1.6039402014738784 54.99963222642389, -1.6099483844471347 55.002827440861836))",0,True,True,False
8819732233fffff,399,399,8,0,54.98813569846156,-1.67598692705464,531.415,"POLYGON ((-1.6747958370500111 54.99248056064833, -1.6820014797342595 54.991328389410825, -1.683192006947044 54.98698327622875, -1.6771778290164723 54.98379056992323, -1.6699733851656866 54.98494273952225, -1.6687819205428553 54.989287617044255, -1.6747958370500111 54.99248056064833))",0,True,True,False
8819733505fffff,400,400,8,0,55.00192549162801,-1.5895317568744918,531.415,"POLYGON ((-1.5883339172203153 55.006267339591965, -1.5955386637809663 55.005121209947035, -1.5967359412371538 55.000779110637446, -1.5907294075074057 54.997583377214035, -1.5835258613121626 54.998729506387164, -1.5823276486124822 55.00307136943462, -1.5883339172203153 55.006267339591965))",0,True,True,False
881973205dfffff,401,401,8,0,54.984676920658295,-1.69760238596671,531.415,"POLYGON ((-1.696412984485017 54.98902253574306, -1.7036188460978745 54.98786885323559, -1.704807684640423 54.9835229872435, -1.6987915996506995 54.98033103924669, -1.6915869364856966 54.981484719824046, -1.6903971599933376 54.98583035030721, -1.696412984485017 54.98902253574306))",0,True,True,False
8819733509fffff,402,402,8,0,55.005361615652255,-1.5679196612967423,531.415,"POLYGON ((-1.5667201353477251 55.009702709404856, -1.5739246527770736 55.0085580892818, -1.5751236166777194 55.00421674409635, -1.5691189979803177 55.00102025542512, -1.5619156812967265 55.00216487536813, -1.5607157826961195 55.00650598414151, -1.5667201353477251 55.009702709404856))",0,True,True,False
8819732009fffff,403,403,8,0,54.98121360896207,-1.7192184991815307,531.415,"POLYGON ((-1.7180307866641953 54.98555997668089, -1.7252368651639363 54.9844047825566, -1.7264240145953171 54.9800581640185, -1.7204060241464314 54.976866974941125, -1.7132011437078316 54.978022166843736, -1.7120130557876254 54.98236855002424, -1.7180307866641953 54.98555997668089))",0,True,True,False
8819732005fffff,404,404,8,0,54.97774576233343,-1.7408352605750932,531.415,"POLYGON ((-1.7396492374621182 54.982092882422016, -1.746855530806712 54.980936176334886, -1.7480409906873726 54.976588805515206, -1.742021096381075 54.973398375967534, -1.734816000709852 54.97455507954141, -1.7336296018021073 54.97890221515508, -1.7396492374621182 54.982092882422016))",0,True,True,False
8819732021fffff,405,405,8,0,54.97427337973566,-1.7624526640222875,531.415,"POLYGON ((-1.761268330752267 54.97862125192927, -1.7684748368993068 54.97746303353418, -1.7696586067911215 54.97311491069779, -1.7636368102309392 54.96992524128954, -1.7564315013684628 54.971083456879875, -1.755246791912069 54.975431344662056, -1.761268330752267 54.97862125192927))",0,True,True,False
881973211bfffff,406,406,8,0,54.97079646013472,-1.7840707033969112,531.415,"POLYGON ((-1.7828880604070407 54.97514508416822, -1.7900947773137403 54.97398535312093, -1.79127685677996 54.969636478533154, -1.7852531595712158 54.96644756987357, -1.7780476395591889 54.96760729782459, -1.776864619991626 54.97195593751022, -1.7828880604070407 54.97514508416822))",0,True,True,False
8819732117fffff,407,407,8,0,54.96731500249928,-1.8056893725716576,531.415,"POLYGON ((-1.8045084202977282 54.9716643781071, -1.8117153459209543 54.970503134064344, -1.8128957345263055 54.9661535079908, -1.8068701382760244 54.96296536068865, -1.799664409156543 54.96412660134371, -1.7984830799138858 54.96847599266736, -1.8045084202977282 54.9716643781071))",0,True,True,False
8819732133fffff,408,408,8,0,54.96382900580068,-1.8273086654182005,531.415,"POLYGON ((-1.8261294042945941 54.968179132716905, -1.8333365365908478 54.967016375336236, -1.834515233901391 54.96266599804308, -1.8284877402184014 54.95947861270663, -1.821281804033894 54.96064136640815, -1.820102165550829 54.96499150910395, -1.8261294042945941 54.968179132716905))",0,True,True,False
8819732211fffff,409,409,8,0,54.99708420919145,-1.645974002879259,531.415,"POLYGON ((-1.6447804737869287 55.00142780068882, -1.6519863840674343 55.000277895057195, -1.6531793504834384 54.995934052439274, -1.6471673435587197 54.992740351278464, -1.639962632836806 54.993890255647685, -1.6387687296120292 54.998233862419134, -1.6447804737869287 55.00142780068882))",0,True,True,False
8819733525fffff,410,410,8,0,55.000531658456346,-1.6243584069953256,531.415,"POLYGON ((-1.6231631901707844 55.00487449641696, -1.6303688766118059 55.00372610132987, -1.6315635309084588 54.99938301216115, -1.6255534351623238 54.996188554055536, -1.6183489486630918 54.99733694817188, -1.6171533580993296 55.001679801343585, -1.6231631901707844 55.00487449641696))",0,True,True,False
881973223bfffff,411,411,8,0,54.99363222820645,-1.6675902677955865,531.415,"POLYGON ((-1.666398426880343 54.997976572977706, -1.673604558959083 54.99682515645235, -1.6747958370500111 54.99248056064833, -1.6687819205428553 54.989287617044255, -1.6615769876384627 54.9904390320155, -1.6603847721977967 54.994783392123864, -1.666398426880343 54.997976572977706))",0,True,True,False
8819733529fffff,412,412,8,0,55.00397457704998,-1.602743486265459,531.415,"POLYGON ((-1.6015465821549775 55.00831666121133, -1.6087520427156254 55.00716977631873, -1.6099483844471347 55.002827440861836, -1.6039402014738784 54.99963222642389, -1.5967359412371538 55.000779110637446, -1.5955386637809663 55.005121209947035, -1.6015465821549775 55.00831666121133))",0,True,True,False
8819732237fffff,413,413,8,0,54.99017571445526,-1.6892071956215424,531.415,"POLYGON ((-1.6880170433268595 54.99452081223704, -1.6952233951621607 54.993367884469755, -1.696412984485017 54.98902253574306, -1.6903971599933376 54.98583035030721, -1.683192006947044 54.98698327622875, -1.6820014797342595 54.991328389410825, -1.6880170433268595 54.99452081223704))",0,True,True,False
881973350dfffff,414,414,8,0,55.00741296602386,-1.581129246810144,531.415,"POLYGON ((-1.5799306558613988 55.011754296123826, -1.587135888501151 55.01060892107482, -1.5883339172203153 55.006267339591965, -1.5823276486124822 55.00307136943462, -1.5751236166777194 55.00421674409635, -1.5739246527770736 55.0085580892818, -1.5799306558613988 55.011754296123826))",0,True,True,False
8819732043fffff,415,415,8,0,54.98671466689439,-1.7108247802332088,531.415,"POLYGON ((-1.7096363170011426 54.99106051742298, -1.7168428865509946 54.98990607806639, -1.7180307866641953 54.98555997668089, -1.7120130557876254 54.98236855002424, -1.704807684640423 54.9835229872435, -1.7036188460978745 54.98786885323559, -1.7096363170011426 54.99106051742298))",0,True,True,False
881973200dfffff,416,416,8,0,54.98324908448313,-1.7324430155055557,531.415,"POLYGON ((-1.7312562417767714 54.987595687494355, -1.7384630269987655 54.986439736202044, -1.7396492374621182 54.982092882422016, -1.7336296018021073 54.97890221515508, -1.7264240145953171 54.9800581640185, -1.7252368651639363 54.9844047825566, -1.7312562417767714 54.987595687494355))",0,True,True,False
8819732029fffff,417,417,8,0,54.9797789661834,-1.7540618953123996,531.415,"POLYGON ((-1.7528768115261661 54.984126321412745, -1.7600838103775513 54.98296885783912, -1.761268330752267 54.97862125192927, -1.755246791912069 54.975431344662056, -1.7480409906873726 54.976588805515206, -1.746855530806712 54.980936176334886, -1.7528768115261661 54.984126321412745))",0,True,True,False
8819732025fffff,418,418,8,0,54.97630431095988,-1.7756814135265588,531.415,"POLYGON ((-1.7744980201206895 54.98065241814236, -1.7817052305583525 54.97949344194277, -1.7828880604070407 54.97514508416822, -1.776864619991626 54.97195593751022, -1.7696586067911215 54.97311491069779, -1.7684748368993068 54.97746303353418, -1.7744980201206895 54.98065241814236))",0,True,True,False
8819732111fffff,419,419,8,0,54.97282511777994,-1.7973015640196357,531.415,"POLYGON ((-1.7961198614305955 54.97717397665018, -1.8033272814110397 54.97601348748087, -1.8045084202977282 54.9716643781071, -1.7984830799138858 54.96847599266736, -1.79127685677996 54.969636478533154, -1.7900947773137403 54.97398535312093, -1.7961198614305955 54.97717397665018))",0,True,True,False
881973213bfffff,420,420,8,0,54.9693413856136,-1.8189223406622703,531.415,"POLYGON ((-1.8177423293250554 54.973690995905834, -1.824949956804435 54.97252899342398, -1.8261294042945941 54.968179132716905, -1.820102165550829 54.96499150910395, -1.8128957345263055 54.9661535079908, -1.8117153459209543 54.970503134064344, -1.8177423293250554 54.973690995905834))",0,True,True,False
8819732219fffff,421,421,8,0,55.00257720276679,-1.637574637892785,531.415,"POLYGON ((-1.636380357635503 55.006920276659535, -1.6435867562381719 55.00577112573951, -1.6447804737869287 55.00142780068882, -1.6387687296120292 54.998233862419134, -1.6315635309084588 54.99938301216115, -1.6303688766118059 55.00372610132987, -1.636380357635503 55.006920276659535))",0,True,True,False
8819732215fffff,422,422,8,0,54.99912748583308,-1.6591923685075267,531.415,"POLYGON ((-1.6579997765240686 55.00347131311197, -1.6652063977535998 55.00232065132686, -1.666398426880343 54.997976572977706, -1.6603847721977967 54.994783392123864, -1.6531793504834384 54.995934052439274, -1.6519863840674343 55.000277895057195, -1.6579997765240686 55.00347131311197))",0,True,True,False
881973352dfffff,423,423,8,0,55.00602238806694,-1.6159575787964766,531.415,"POLYGON ((-1.6147616107108997 55.01036470831081, -1.6219677846450553 55.00921706790629, -1.6231631901707844 55.00487449641696, -1.6171533580993296 55.001679801343585, -1.6099483844471347 55.002827440861836, -1.6087520427156254 55.00716977631873, -1.6147616107108997 55.01036470831081))",0,True,True,False
8819732231fffff,424,424,8,0,54.99567323621836,-1.68081076451687,531.415,"POLYGON ((-1.6796198612513655 55.00001781662025, -1.6868267030657822 54.99886564362138, -1.6880170433268595 54.99452081223704, -1.6820014797342595 54.991328389410825, -1.6747958370500111 54.99248056064833, -1.673604558959083 54.99682515645235, -1.6796198612513655 55.00001781662025))",0,True,True,False
8819733563fffff,425,425,8,0,55.00946304278367,-1.5943411973412551,531.415,"POLYGON ((-1.5931435418742936 55.01380460911633, -1.6003494890987306 55.01265847887686, -1.6015465821549775 55.00831666121133, -1.5955386637809663 55.005121209947035, -1.5883339172203153 55.006267339591965, -1.587135888501151 55.01060892107482, -1.5931435418742936 55.01380460911633))",0,True,True,False
881973204bfffff,426,426,8,0,54.9922144528779,-1.702429819795894,531.415,"POLYGON ((-1.7012406056910567 54.99655978613924, -1.708447666047988 54.9954061015788, -1.7096363170011426 54.99106051742298, -1.7036188460978745 54.98786885323559, -1.696412984485017 54.98902253574306, -1.6952233951621607 54.993367884469755, -1.7012406056910567 54.99655978613924))",0,True,True,False
8819732047fffff,427,427,8,0,54.98875113476967,-1.7240495282185144,531.415,"POLYGON ((-1.7228620037156563 54.99309722062648, -1.730069280572363 54.9919420241576, -1.7312562417767714 54.987595687494355, -1.7252368651639363 54.9844047825566, -1.7180307866641953 54.98555997668089, -1.7168428865509946 54.98990607806639, -1.7228620037156563 54.99309722062648))",0,True,True,False
8819732063fffff,428,428,8,0,54.98528328085428,-1.7456698836575684,531.415,"POLYGON ((-1.7444840491965703 54.98963011904217, -1.751691540509977 54.98847341031884, -1.7528768115261661 54.984126321412745, -1.746855530806712 54.980936176334886, -1.7396492374621182 54.982092882422016, -1.7384630269987655 54.986439736202044, -1.7444840491965703 54.98963011904217))",0,True,True,False
881973202dfffff,429,429,8,0,54.98181089009508,-1.7672908799847349,531.415,"POLYGON ((-1.7661067360041243 54.986158480349246, -1.7733144397307181 54.98500025902639, -1.7744980201206895 54.98065241814236, -1.7684748368993068 54.97746303353418, -1.761268330752267 54.97862125192927, -1.7600838103775513 54.98296885783912, -1.7661067360041243 54.986158480349246))",0,True,True,False
8819732119fffff,430,430,8,0,54.978333961458105,-1.7889125110706725,531.415,"POLYGON ((-1.7877300580075115 54.982682303513386, -1.7949379721034735 54.98152256924683, -1.7961198614305955 54.97717397665018, -1.7900947773137403 54.97398535312093, -1.7828880604070407 54.97514508416822, -1.7817052305583525 54.97949344194277, -1.7877300580075115 54.982682303513386))",0,True,True,False
8819732115fffff,431,431,8,0,54.97485249391211,-1.810534770784884,531.415,"POLYGON ((-1.8093540090748808 54.97920158750288, -1.8165621314959954 54.97804033994935, -1.8177423293250554 54.973690995905834, -1.8117153459209543 54.970503134064344, -1.8045084202977282 54.9716643781071, -1.8033272814110397 54.97601348748087, -1.8093540090748808 54.97920158750288))",0,True,True,False
881973221dfffff,432,432,8,0,55.00462147123659,-1.6507932292766327,531.415,"POLYGON ((-1.649599886067421 55.00896478094637, -1.656806996203877 55.007814873929455, -1.6579997765240686 55.00347131311197, -1.6519863840674343 55.000277895057195, -1.6447804737869287 55.00142780068882, -1.6435867562381719 55.00577112573951, -1.649599886067421 55.00896478094637))",0,True,True,False
8819732253fffff,433,433,8,0,55.00806892403549,-1.629174033695533,531.415,"POLYGON ((-1.6279790021159866 55.012411480246946, -1.6351858887965756 55.0112630840663, -1.636380357635503 55.006920276659535, -1.6303688766118059 55.00372610132987, -1.6231631901707844 55.00487449641696, -1.6219677846450553 55.00921706790629, -1.6279790021159866 55.012411480246946))",0,True,True,False
8819732239fffff,434,434,8,0,55.00116948584251,-1.672413092738344,531.415,"POLYGON ((-1.671221438344232 55.00551354878769, -1.67842876989422 55.00436213058536, -1.6796198612513655 55.00001781662025, -1.673604558959083 54.99682515645235, -1.666398426880343 54.997976572977706, -1.6652063977535998 55.00232065132686, -1.671221438344232 55.00551354878769))",0,True,True,False
8819733567fffff,435,435,8,0,55.011511845288005,-1.6075555121198544,531.415,"POLYGON ((-1.606358792616154 55.01585364773856, -1.6135654537989172 55.01470676204413, -1.6147616107108997 55.01036470831081, -1.6087520427156254 55.00716977631873, -1.6015465821549775 55.00831666121133, -1.6003494890987306 55.01265847887686, -1.606358792616154 55.01585364773856))",0,True,True,False
8819732235fffff,436,436,8,0,54.99771296680724,-1.694033617954681,531.415,"POLYGON ((-1.6928436528190345 55.002057782724386, -1.700051203739856 55.00090485298845, -1.7012406056910567 54.99655978613924, -1.6952233951621607 54.993367884469755, -1.6880170433268595 54.99452081223704, -1.6868267030657822 54.99886564362138, -1.6928436528190345 55.002057782724386))",0,True,True,False
8819732041fffff,437,437,8,0,54.9942519130874,-1.7156547987985316,531.415,"POLYGON ((-1.7144665233633296 54.99859748171271, -1.7216742916119117 54.99744304009583, -1.7228620037156563 54.99309722062648, -1.7168428865509946 54.98990607806639, -1.7096363170011426 54.99106051742298, -1.708447666047988 54.9954061015788, -1.7144665233633296 54.99859748171271))",0,True,True,False
881973206bfffff,438,438,8,0,54.99078632364228,-1.7372766291416892,531.415,"POLYGON ((-1.7360900438474836 54.99513264471162, -1.7432980273803436 54.99397669086737, -1.7444840491965703 54.98963011904217, -1.7384630269987655 54.986439736202044, -1.7312562417767714 54.987595687494355, -1.730069280572363 54.9919420241576, -1.7360900438474836 54.99513264471162))",0,True,True,False
8819732067fffff,439,439,8,0,54.98731619743397,-1.7588991028548466,531.415,"POLYGON ((-1.7577142081407722 54.99166327068267, -1.7649224049141035 54.990505804265524, -1.7661067360041243 54.986158480349246, -1.7600838103775513 54.98296885783912, -1.7528768115261661 54.984126321412745, -1.751691540509977 54.98847341031884, -1.7577142081407722 54.99166327068267))",0,True,True,False
8819732153fffff,440,440,8,0,54.98384153342718,-1.780522213807549,531.415,"POLYGON ((-1.7793390101113575 54.98818935859022, -1.7865474180809744 54.98703037925555, -1.7877300580075115 54.982682303513386, -1.7817052305583525 54.97949344194277, -1.7744980201206895 54.98065241814236, -1.7733144397307181 54.98500025902639, -1.7793390101113575 54.98818935859022))",0,True,True,False
881973211dfffff,441,441,8,0,54.98036233058937,-1.8021459558683008,531.415,"POLYGON ((-1.8009644436263317 54.98471090740129, -1.8081730607476882 54.98355041480541, -1.8093540090748808 54.97920158750288, -1.8033272814110397 54.97601348748087, -1.7961198614305955 54.97717397665018, -1.7949379721034735 54.98152256924683, -1.8009644436263317 54.98471090740129))",0,True,True,False
8819732257fffff,442,442,8,0,55.01011418431238,-1.6423928501893392,531.415,"POLYGON ((-1.64119875559688 55.01445697637637, -1.6484063543962062 55.01330782415547, -1.649599886067421 55.00896478094637, -1.6435867562381719 55.00577112573951, -1.636380357635503 55.006920276659535, -1.6351858887965756 55.0112630840663, -1.64119875559688 55.01445697637637))",0,True,True,False
8819732203fffff,443,443,8,0,55.00666446322279,-1.6640141803717912,531.415,"POLYGON ((-1.6628217746913587 55.01100800863445, -1.6700295957332014 55.00985734525673, -1.671221438344232 55.00551354878769, -1.6652063977535998 55.00232065132686, -1.6579997765240686 55.00347131311197, -1.656806996203877 55.007814873929455, -1.6628217746913587 55.01100800863445))",0,True,True,False
881973225bfffff,444,444,8,0,55.013559372893255,-1.6207721903744738,531.415,"POLYGON ((-1.6195764073153998 55.017901411346784, -1.6267837818295274 55.01675376993313, -1.6279790021159866 55.012411480246946, -1.6219677846450553 55.00921706790629, -1.6147616107108997 55.01036470831081, -1.6135654537989172 55.01470676204413, -1.6195764073153998 55.017901411346784))",0,True,True,False
881973223dfffff,445,445,8,0,55.00321020857716,-1.685636174794819,531.415,"POLYGON ((-1.6844454584704351 55.00755450707321, -1.6916534997117654 55.00640233219004, -1.6928436528190345 55.002057782724386, -1.6868267030657822 54.99886564362138, -1.6796198612513655 55.00001781662025, -1.67842876989422 55.00436213058536, -1.6844454584704351 55.00755450707321))",0,True,True,False
8819733561fffff,446,446,8,0,55.01700003001547,-1.599152207053031,531.415,"POLYGON ((-1.5979547359741806 55.02134131459618, -1.605161884160833 55.020195183639316, -1.606358792616154 55.01585364773856, -1.6003494890987306 55.01265847887686, -1.5931435418742936 55.01380460911633, -1.5919456973363804 55.01814590891395, -1.5979547359741806 55.02134131459618))",0,True,True,False
8819732049fffff,447,447,8,0,54.99975141933075,-1.7072588273303015,531.415,"POLYGON ((-1.7060698008045934 55.00409647064764, -1.713278060201949 55.002942783911244, -1.7144665233633296 54.99859748171271, -1.708447666047988 54.9954061015788, -1.7012406056910567 54.99655978613924, -1.700051203739856 55.00090485298845, -1.7060698008045934 55.00409647064764))",0,True,True,False
8819732045fffff,448,448,8,0,54.99628809444161,-1.728882131848981,531.415,"POLYGON ((-1.7276947955631246 55.000633898315314, -1.7349032710727421 54.999478699378805, -1.7360900438474836 54.99513264471162, -1.730069280572363 54.9919420241576, -1.7228620037156563 54.99309722062648, -1.7216742916119117 54.99744304009583, -1.7276947955631246 55.000633898315314))",0,True,True,False
8819732061fffff,449,449,8,0,54.9928202328705,-1.7505060822204708,531.415,"POLYGON ((-1.7493204366143187 54.997166789036534, -1.7565291261919895 54.99601007755398, -1.7577142081407722 54.99166327068267, -1.751691540509977 54.98847341031884, -1.7444840491965703 54.98963011904217, -1.7432980273803436 54.99397669086737, -1.7493204366143187 54.997166789036534))",0,True,True,False
881973215bfffff,450,450,8,0,54.9893478335808,-1.7721306723133474,531.415,"POLYGON ((-1.7709467178252487 54.993695141774324, -1.7781556194264585 54.99253691740068, -1.7793390101113575 54.98818935859022, -1.7733144397307181 54.98500025902639, -1.7661067360041243 54.986158480349246, -1.7649224049141035 54.990505804265524, -1.7709467178252487 54.993695141774324))",0,True,True,False
8819732157fffff,451,451,8,0,54.985870895538646,-1.793755895995029,531.415,"POLYGON ((-1.7925736330619824 54.99021895549442, -1.7997827446418335 54.98905921788547, -1.8009644436263317 54.98471090740129, -1.7949379721034735 54.98152256924683, -1.7877300580075115 54.982682303513386, -1.7865474180809744 54.98703037925555, -1.7925736330619824 54.99021895549442))",0,True,True,False
881973220bfffff,452,452,8,0,55.01215816825442,-1.655614027503352,531.415,"POLYGON ((-1.6544208703789203 55.01650119605582, -1.661629180668714 55.01535128753067, -1.6628217746913587 55.01100800863445, -1.656806996203877 55.007814873929455, -1.649599886067421 55.00896478094637, -1.6484063543962062 55.01330782415547, -1.6544208703789203 55.01650119605582))",0,True,True,False
8819732251fffff,453,453,8,0,55.01560562495596,-1.6339912313323337,531.415,"POLYGON ((-1.6327963851991691 55.01994789929753, -1.6400044724171283 55.01879950190039, -1.64119875559688 55.01445697637637, -1.6351858887965756 55.0112630840663, -1.6279790021159866 55.012411480246946, -1.6267837818295274 55.01675376993313, -1.6327963851991691 55.01994789929753))",0,True,True,False
8819732207fffff,454,454,8,0,55.00870617808256,-1.6772374904019178,531.415,"POLYGON ((-1.6760460227308716 55.01304995908075, -1.6832545540491122 55.01189853907849, -1.6844454584704351 55.00755450707321, -1.67842876989422 55.00436213058536, -1.671221438344232 55.00551354878769, -1.6700295957332014 55.00985734525673, -1.6760460227308716 55.01304995908075))",0,True,True,False
8819733565fffff,455,455,8,0,55.01904854923586,-1.6123691080168594,531.415,"POLYGON ((-1.6111725733210311 55.02339006985495, -1.6183804354241382 55.022243183235865, -1.6195764073153998 55.017901411346784, -1.6135654537989172 55.01470676204413, -1.606358792616154 55.01585364773856, -1.605161884160833 55.020195183639316, -1.6111725733210311 55.02339006985495))",0,True,True,False
8819732223fffff,456,456,8,0,55.0052496533944,-1.6988616138988264,531.415,"POLYGON ((-1.6976718361244614 55.009594187325945, -1.7048805864273602 55.00844125549837, -1.7060698008045934 55.00409647064764, -1.700051203739856 55.00090485298845, -1.6928436528190345 55.002057782724386, -1.6916534997117654 55.00640233219004, -1.6976718361244614 55.009594187325945))",0,True,True,False
8819733569fffff,457,457,8,0,55.02248694214547,-1.5907476636837876,531.415,"POLYGON ((-1.5895494408727915 55.02682770877988, -1.596757075818415 55.02568233258793, -1.5979547359741806 55.02134131459618, -1.5919456973363804 55.01814590891395, -1.5847392636930246 55.01929128447302, -1.5835406675165629 55.02363206632627, -1.5895494408727915 55.02682770877988))",0,True,True,False
881973204dfffff,458,458,8,0,55.00178859314661,-1.7204863918638311,531.415,"POLYGON ((-1.7192983044279915 55.006133879747686, -1.7265072716714274 55.004979435747494, -1.7276947955631246 55.000633898315314, -1.7216742916119117 54.99744304009583, -1.7144665233633296 54.99859748171271, -1.713278060201949 55.002942783911244, -1.7192983044279915 55.006133879747686))",0,True,True,False
8819732069fffff,459,459,8,0,54.99832299629869,-1.7421118181655053,531.415,"POLYGON ((-1.7409254215086578 55.00266903530498, -1.7481346036480858 55.00151307878577, -1.7493204366143187 54.997166789036534, -1.7432980273803436 54.99397669086737, -1.7360900438474836 54.99513264471162, -1.7349032710727421 54.999478699378805, -1.7409254215086578 55.00266903530498))",0,True,True,False
8819732065fffff,460,460,8,0,54.99485286181268,-1.7637378866713649,531.415,"POLYGON ((-1.7625531812325446 54.99919965295954, -1.7697625762231015 54.99804218357584, -1.7709467178252487 54.993695141774324, -1.7649224049141035 54.990505804265524, -1.7577142081407722 54.99166327068267, -1.7565291261919895 54.99601007755398, -1.7625531812325446 54.99919965295954))",0,True,True,False
8819732255fffff,461,461,8,0,55.0176506008328,-1.6472126342193854,531.415,"POLYGON ((-1.6460187254933047 55.02199311094727, -1.653227524786953 55.02084395730254, -1.6544208703789203 55.01650119605582, -1.6484063543962062 55.01330782415547, -1.64119875559688 55.01445697637637, -1.6400044724171283 55.01879950190039, -1.6460187254933047 55.02199311094727))",0,True,True,False
8819732201fffff,462,462,8,0,55.01420087521856,-1.6688375648617222,531.415,"POLYGON ((-1.6676453456861775 55.018544138642135, -1.6748543668375602 55.01739347354887, -1.6760460227308716 55.01304995908075, -1.6700295957332014 55.00985734525673, -1.6628217746913587 55.01100800863445, -1.661629180668714 55.01535128753067, -1.6676453456861775 55.018544138642135))",0,True,True,False
8819732259fffff,463,463,8,0,55.02109579306303,-1.6255883727924951,531.415,"POLYGON ((-1.624392774961229 55.025437549605584, -1.6316013503533853 55.024289907059895, -1.6327963851991691 55.01994789929753, -1.6267837818295274 55.01675376993313, -1.6195764073153998 55.017901411346784, -1.6183804354241382 55.022243183235865, -1.624392774961229 55.025437549605584))",0,True,True,False
881973222bfffff,464,464,8,0,55.010746615173126,-1.690463158589331,531.415,"POLYGON ((-1.6892726294082414 55.01509063164247, -1.6964818703732474 55.013938454751994, -1.6976718361244614 55.009594187325945, -1.6916534997117654 55.00640233219004, -1.6844454584704351 55.00755450707321, -1.6832545540491122 55.01189853907849, -1.6892726294082414 55.01509063164247))",0,True,True,False
881973356dfffff,465,465,8,0,55.02453645295929,-1.603964786710147,531.415,"POLYGON ((-1.6027675002203947 55.028877455667455, -1.6099758496677181 55.02773132387037, -1.6111725733210311 55.02339006985495, -1.605161884160833 55.020195183639316, -1.5979547359741806 55.02134131459618, -1.596757075818415 55.02568233258793, -1.6027675002203947 55.028877455667455))",0,True,True,False
8819732227fffff,466,466,8,0,55.0072878196518,-1.712089409270931,531.415,"POLYGON ((-1.7109005705267877 55.01163258890329, -1.7181100292609197 55.0104788998679, -1.7192983044279915 55.006133879747686, -1.713278060201949 55.002942783911244, -1.7060698008045934 55.00409647064764, -1.7048805864273602 55.00844125549837, -1.7109005705267877 55.01163258890329))",0,True,True,False
8819733093fffff,467,467,8,0,55.02797258157427,-1.5823418821001738,531.415,"POLYGON ((-1.581142907400087 55.032312830185965, -1.5883510288596092 55.03116820878618, -1.5895494408727915 55.02682770877988, -1.5835406675165629 55.02363206632627, -1.5763337476993153 55.02477668717767, -1.5751343997274798 55.029116951010174, -1.581142907400087 55.032312830185965))",0,True,True,False
8819732313fffff,468,468,8,0,55.00382448761274,-1.7337163107740312,531.415,"POLYGON ((-1.73252916290795 55.00817000938229, -1.7397388373663645 55.00701480785512, -1.7409254215086578 55.00266903530498, -1.7349032710727421 54.999478699378805, -1.7276947955631246 55.000633898315314, -1.7265072716714274 55.004979435747494, -1.73252916290795 55.00817000938229))",0,True,True,False
881973206dfffff,469,469,8,0,55.000356618016745,-1.755343856965123,531.415,"POLYGON ((-1.7541584004167898 55.00470289203983, -1.7613682885542592 55.003546177674956, -1.7625531812325446 54.99919965295954, -1.7565291261919895 54.99601007755398, -1.7493204366143187 54.997166789036534, -1.7481346036480858 55.00151307878577, -1.7541584004167898 55.00470289203983))",0,True,True,False
8819732159fffff,470,470,8,0,54.99688420982733,-1.7769720417095445,531.415,"POLYGON ((-1.775788276917258 55.00123123583903, -1.7829983766881672 55.00007300829142, -1.7841815774646208 54.99572573167577, -1.7781556194264585 54.99253691740068, -1.7709467178252487 54.993695141774324, -1.7697625762231015 54.99804218357584, -1.775788276917258 55.00123123583903))",0,True,True,False
8819732209fffff,471,471,8,0,55.01969429988043,-1.6604363982602717,531.415,"POLYGON ((-1.6592434274224208 55.02403704565267, -1.6664529381629876 55.02288713549635, -1.6676453456861775 55.018544138642135, -1.661629180668714 55.01535128753067, -1.6544208703789203 55.01650119605582, -1.653227524786953 55.02084395730254, -1.6592434274224208 55.02403704565267))",0,True,True,False
881973225dfffff,472,472,8,0,55.02314176085344,-1.638810000606417,531.415,"POLYGON ((-1.6376153401211617 55.02748375320439, -1.6448246281743506 55.02633535446785, -1.6460187254933047 55.02199311094727, -1.6400044724171283 55.01879950190039, -1.6327963851991691 55.01994789929753, -1.6316013503533853 55.024289907059895, -1.6376153401211617 55.02748375320439))",0,True,True,False
8819732205fffff,473,473,8,0,55.01624230456188,-1.6820634614872825,531.415,"POLYGON ((-1.680872180741425 55.02058580349228, -1.6880819121249098 55.01943438156706, -1.6892726294082414 55.01509063164247, -1.6832545540491122 55.01189853907849, -1.6760460227308716 55.01304995908075, -1.6748543668375602 55.01739347354887, -1.680872180741425 55.02058580349228))",0,True,True,False
88197330b3fffff,474,474,8,0,55.02658468852941,-1.6171842746569958,531.415,"POLYGON ((-1.6159879249702833 55.030925927196435, -1.6231969882920287 55.02977903952972, -1.624392774961229 55.025437549605584, -1.6183804354241382 55.022243183235865, -1.6111725733210311 55.02339006985495, -1.6099758496677181 55.02773132387037, -1.6159879249702833 55.030925927196435))",0,True,True,False
8819732221fffff,475,475,8,0,55.012785773851824,-1.7036911841551554,531.415,"POLYGON ((-1.7025015939444306 55.01713002567687, -1.7097115439260184 55.01597709163461, -1.7109005705267877 55.01163258890329, -1.7048805864273602 55.00844125549837, -1.6976718361244614 55.009594187325945, -1.6964818703732474 55.013938454751994, -1.7025015939444306 55.01713002567687))",0,True,True,False
8819733097fffff,476,476,8,0,55.03002308395968,-1.59555922654203,531.415,"POLYGON ((-1.5943611881012556 55.03436356868049, -1.6015700246478455 55.03321819173277, -1.6027675002203947 55.028877455667455, -1.596757075818415 55.02568233258793, -1.5895494408727915 55.02682770877988, -1.5883510288596092 55.03116820878618, -1.5943611881012556 55.03436356868049))",0,True,True,False
881973231bfffff,477,477,8,0,55.00932470670708,-1.725319560130387,531.415,"POLYGON ((-1.724131660896583 55.013669711162855, -1.7313418274310357 55.01251526465628, -1.73252916290795 55.00817000938229, -1.7265072716714274 55.004979435747494, -1.7192983044279915 55.006133879747686, -1.7181100292609197 55.0104788998679, -1.724131660896583 55.013669711162855))",0,True,True,False
8819732317fffff,478,478,8,0,55.0058591020871,-1.7469485832784046,531.415,"POLYGON ((-1.7457623754618616 55.01020485890932, -1.752972756503609 55.00904889959207, -1.7541584004167898 55.00470289203983, -1.7481346036480858 55.00151307878577, -1.7409254215086578 55.00266903530498, -1.7397388373663645 55.00701480785512, -1.7457623754618616 55.01020485890932))",0,True,True,False
8819732333fffff,479,479,8,0,55.002388958954114,-1.7685782474635126,531.415,"POLYGON ((-1.7673937315031607 55.006735467878045, -1.7746043250062753 55.00557799540459, -1.775788276917258 55.00123123583903, -1.7697625762231015 54.99804218357584, -1.7625531812325446 54.99919965295954, -1.7613682885542592 55.003546177674956, -1.7673937315031607 55.006735467878045))",0,True,True,False
8819732243fffff,480,480,8,0,55.02518645196357,-1.6520339906838222,531.415,"POLYGON ((-1.650840268025904 55.02952868000784, -1.6580502681115359 55.02837952481632, -1.6592434274224208 55.02403704565267, -1.653227524786953 55.02084395730254, -1.6460187254933047 55.02199311094727, -1.6448246281743506 55.02633535446785, -1.650840268025904 55.02952868000784))",0,True,True,False
881973220dfffff,481,481,8,0,55.02173672145579,-1.6736625226783837,531.415,"POLYGON ((-1.6724704902097671 55.02607970277051, -1.6796807117679404 55.02492903583864, -1.680872180741425 55.02058580349228, -1.6748543668375602 55.01739347354887, -1.6676453456861775 55.018544138642135, -1.6664529381629876 55.02288713549635, -1.6724704902097671 55.02607970277051))",0,True,True,False
88197330b7fffff,482,482,8,0,55.02863164821205,-1.6304061267513503,531.415,"POLYGON ((-1.6292107143493404 55.03297312272295, -1.6364204909176299 55.03182547892229, -1.6376153401211617 55.02748375320439, -1.6316013503533853 55.024289907059895, -1.624392774961229 55.025437549605584, -1.6231969882920287 55.02977903952972, -1.6292107143493404 55.03297312272295))",0,True,True,False
8819732229fffff,483,483,8,0,55.01828245564148,-1.6952917166016654,531.415,"POLYGON ((-1.6941013747661673 55.0226261899633, -1.7013118157517013 55.021474010942484, -1.7025015939444306 55.01713002567687, -1.6964818703732474 55.013938454751994, -1.6892726294082414 55.01509063164247, -1.6880819121249098 55.01943438156706, -1.6941013747661673 55.0226261899633))",0,True,True,False
88197330bbfffff,484,484,8,0,55.03207231125109,-1.608778937013193,531.415,"POLYGON ((-1.6075818353137619 55.03641303196615, -1.6147913863202696 55.03526689920591, -1.6159879249702833 55.030925927196435, -1.6099758496677181 55.02773132387037, -1.6027675002203947 55.028877455667455, -1.6015700246478455 55.03321819173277, -1.6075818353137619 55.03641303196615))",0,True,True,False
8819732225fffff,485,485,8,0,55.01482365347613,-1.716921566319144,531.415,"POLYGON ((-1.7157329155591858 55.01916814054132, -1.7229435739265286 55.018014449083815, -1.724131660896583 55.013669711162855, -1.7181100292609197 55.0104788998679, -1.7109005705267877 55.01163258890329, -1.7097115439260184 55.01597709163461, -1.7157329155591858 55.01916814054132))",0,True,True,False
8819733091fffff,486,486,8,0,55.03550844213334,-1.5871524276004727,531.415,"POLYGON ((-1.5859536370516187 55.03984840879043, -1.5931629604523423 55.038703786719324, -1.5943611881012556 55.03436356868049, -1.5883510288596092 55.03116820878618, -1.581142907400087 55.032312830185965, -1.579943743372517 55.03665281213044, -1.5859536370516187 55.03984840879043))",0,True,True,False
8819732311fffff,487,487,8,0,55.01136031391792,-1.7385520656952371,531.415,"POLYGON ((-1.7373651064517894 55.015705553462325, -1.7445759801550076 55.014550349221366, -1.7457623754618616 55.01020485890932, -1.7397388373663645 55.00701480785512, -1.73252916290795 55.00817000938229, -1.7313418274310357 55.01251526465628, -1.7373651064517894 55.015705553462325))",0,True,True,False
881973233bfffff,488,488,8,0,55.00789243592775,-1.760183208593156,531.415,"POLYGON ((-1.7589979413058396 55.0122384276868, -1.7662090282986629 55.01108171031643, -1.7673937315031607 55.006735467878045, -1.7613682885542592 55.003546177674956, -1.7541584004167898 55.00470289203983, -1.752972756503609 55.00904889959207, -1.7589979413058396 55.0122384276868))",0,True,True,False
8819732247fffff,489,489,8,0,55.02722986575015,-1.6652603422485557,531.415,"POLYGON ((-1.6640675578992599 55.03157232937252, -1.6712782693881152 55.030422417461935, -1.6724704902097671 55.02607970277051, -1.6664529381629876 55.02288713549635, -1.6592434274224208 55.02403704565267, -1.6580502681115359 55.02837952481632, -1.6640675578992599 55.03157232937252))",0,True,True,False
881973224bfffff,490,490,8,0,55.030677331363535,-1.64363034221888,531.415,"POLYGON ((-1.6424358675832011 55.035019041603285, -1.6496463567695425 55.03387064140434, -1.650840268025904 55.02952868000784, -1.6448246281743506 55.02633535446785, -1.6376153401211617 55.02748375320439, -1.6364204909176299 55.03182547892229, -1.6424358675832011 55.035019041603285))",0,True,True,False
8819732263fffff,491,491,8,0,55.02377786491581,-1.6868910066958145,531.415,"POLYGON ((-1.6856999130773718 55.02812108165762, -1.692910844823202 55.0269696576864, -1.6941013747661673 55.0226261899633, -1.6880819121249098 55.01943438156706, -1.680872180741425 55.02058580349228, -1.6796807117679404 55.02492903583864, -1.6856999130773718 55.02812108165762))",0,True,True,False
88197330b1fffff,492,492,8,0,55.03412026280451,-1.6220010127411957,531.415,"POLYGON ((-1.6208048482650017 55.03846121939889, -1.6280151131037073 55.03731433056162, -1.6292107143493404 55.03297312272295, -1.6231969882920287 55.02977903952972, -1.6159879249702833 55.030925927196435, -1.6147913863202696 55.03526689920591, -1.6208048482650017 55.03846121939889))",0,True,True,False
881973222dfffff,493,493,8,0,55.02032132781468,-1.7085223294251357,531.415,"POLYGON ((-1.707332926980615 55.02466529741242, -1.7145440769375115 55.02351236103236, -1.7157329155591858 55.01916814054132, -1.7097115439260184 55.01597709163461, -1.7025015939444306 55.01713002567687, -1.7013118157517013 55.021474010942484, -1.707332926980615 55.02466529741242))",0,True,True,False
8819733095fffff,494,494,8,0,55.037558661124265,-1.6003723599487374,531.415,"POLYGON ((-1.5991745060793516 55.04189886381094, -1.6063845445256433 55.04075348598453, -1.6075818353137619 55.03641303196615, -1.6015700246478455 55.03321819173277, -1.5943611881012556 55.03436356868049, -1.5931629604523423 55.038703786719324, -1.5991745060793516 55.04189886381094))",0,True,True,False
8819732319fffff,495,495,8,0,55.01686025340366,-1.7301543042998553,531.415,"POLYGON ((-1.7289665934708858 55.0212049755933, -1.7361779595925957 55.0200505264572, -1.7373651064517894 55.015705553462325, -1.7313418274310357 55.01251526465628, -1.724131660896583 55.013669711162855, -1.7229435739265286 55.018014449083815, -1.7289665934708858 55.0212049755933))",0,True,True,False
8819732315fffff,496,496,8,0,55.01339464064233,-1.7517869251821598,531.415,"POLYGON ((-1.750600906409031 55.017740115159484, -1.757812486648892 55.016584152921, -1.7589979413058396 55.0122384276868, -1.752972756503609 55.00904889959207, -1.7457623754618616 55.01020485890932, -1.7445759801550076 55.014550349221366, -1.750600906409031 55.017740115159484))",0,True,True,False
8819732241fffff,497,497,8,0,55.03272173734037,-1.656856920283985,531.415,"POLYGON ((-1.65566338389613 55.03706368319382, -1.662874585071469 55.03591452633242, -1.6640675578992599 55.03157232937252, -1.6580502681115359 55.02837952481632, -1.650840268025904 55.02952868000784, -1.6496463567695425 55.03387064140434, -1.65566338389613 55.03706368319382))",0,True,True,False
881973226bfffff,498,498,8,0,55.02927200156991,-1.6784890545232416,531.415,"POLYGON ((-1.6772972089637552 55.03361470065506, -1.6845086312260107 55.03246403176152, -1.6856999130773718 55.02812108165762, -1.6796807117679404 55.02492903583864, -1.6724704902097671 55.02607970277051, -1.6712782693881152 55.030422417461935, -1.6772972089637552 55.03361470065506))",0,True,True,False
88197330b5fffff,499,499,8,0,55.03616693797608,-1.63522545295217,531.415,"POLYGON ((-1.6340302261810986 55.04050813033479, -1.6412412042236326 55.039360485156124, -1.6424358675832011 55.035019041603285, -1.6364204909176299 55.03182547892229, -1.6292107143493404 55.03297312272295, -1.6280151131037073 55.03731433056162, -1.6340302261810986 55.04050813033479))",0,True,True,False
8819732267fffff,500,500,8,0,55.02581772961756,-1.7001218495333856,531.415,"POLYGON ((-1.6989316952459659 55.03016118167104, -1.7061433365489078 55.02900900039674, -1.707332926980615 55.02466529741242, -1.7013118157517013 55.021474010942484, -1.6941013747661673 55.0226261899633, -1.692910844823202 55.0269696576864, -1.6989316952459659 55.03016118167104))",0,True,True,False
88197330b9fffff,501,501,8,0,55.03960760452685,-1.6135946586632524,531.415,"POLYGON ((-1.612397741955458 55.0439480431283, -1.6196084948197416 55.04280190928191, -1.6208048482650017 55.03846121939889, -1.6147913863202696 55.03526689920591, -1.6075818353137619 55.03641303196615, -1.6063845445256433 55.04075348598453, -1.612397741955458 55.0439480431283))",0,True,True,False
8819732353fffff,502,502,8,0,55.02235892043885,-1.721755299176722,531.415,"POLYGON ((-1.7205668366037017 55.02670312519686, -1.7277786949006977 55.02554943119414, -1.7289665934708858 55.0212049755933, -1.7229435739265286 55.018014449083815, -1.7157329155591858 55.01916814054132, -1.7145440769375115 55.02351236103236, -1.7205668366037017 55.02670312519686))",0,True,True,False
881973309dfffff,503,503,8,0,55.043043738045206,-1.5919645435514922,531.415,"POLYGON ((-1.590765937354939 55.04738342262721, -1.5979764629958317 55.04623879976187, -1.5991745060793516 55.04189886381094, -1.5931629604523423 55.038703786719324, -1.5859536370516187 55.03984840879043, -1.584754657169237 55.04418810872644, -1.590765937354939 55.04738342262721))",0,True,True,False
881973231dfffff,504,504,8,0,55.01889557299207,-1.7433893973144403,531.415,"POLYGON ((-1.742202626896703 55.02324053019042, -1.7494147001407694 55.022085323112464, -1.750600906409031 55.017740115159484, -1.7445759801550076 55.014550349221366, -1.7373651064517894 55.015705553462325, -1.7361779595925957 55.0200505264572, -1.742202626896703 55.02324053019042))",0,True,True,False
8819732245fffff,505,505,8,0,55.03476486549911,-1.6700858601697866,531.415,"POLYGON ((-1.6688932625111912 55.03910704685096, -1.6761051750458562 55.03795713306307, -1.6772972089637552 55.03361470065506, -1.6712782693881152 55.030422417461935, -1.6640675578992599 55.03157232937252, -1.662874585071469 55.03591452633242, -1.6688932625111912 55.03910704685096))",0,True,True,False
8819732249fffff,506,506,8,0,55.03821233612209,-1.6484522568710809,531.415,"POLYGON ((-1.6472579682868504 55.042553764130034, -1.654469658904312 55.04140536234562, -1.65566338389613 55.03706368319382, -1.6496463567695425 55.03387064140434, -1.6424358675832011 55.035019041603285, -1.6412412042236326 55.039360485156124, -1.6472579682868504 55.042553764130034))",0,True,True,False
8819732261fffff,507,507,8,0,55.03131285877974,-1.6917201267292166,531.415,"POLYGON ((-1.6905292204406135 55.035655793212264, -1.6977413528458754 55.03450436707189, -1.6989316952459659 55.03016118167104, -1.692910844823202 55.0269696576864, -1.6856999130773718 55.02812108165762, -1.6845086312260107 55.03246403176152, -1.6905292204406135 55.035655793212264))",0,True,True,False
88197330bdfffff,508,508,8,0,55.041655271697095,-1.6268193229707044,531.415,"POLYGON ((-1.6256233439066057 55.04599594609833, -1.632834810560671 55.044849055967454, -1.6340302261810986 55.04050813033479, -1.6280151131037073 55.03731433056162, -1.6208048482650017 55.03846121939889, -1.6196084948197416 55.04280190928191, -1.6256233439066057 55.04599594609833))",0,True,True,False
881973235bfffff,509,509,8,0,55.02785631491823,-1.7133550504106263,531.415,"POLYGON ((-1.7121658359349967 55.03220000216781, -1.7193781861639104 55.03104706332682, -1.7205668366037017 55.02670312519686, -1.7145440769375115 55.02351236103236, -1.707332926980615 55.02466529741242, -1.7061433365489078 55.02900900039674, -1.7121658359349967 55.03220000216781))",0,True,True,False
8819732357fffff,510,510,8,0,55.02439523287147,-1.7349906250741738,531.415,"POLYGON ((-1.7338031028530585 55.02873967267407, -1.7410156688582887 55.02758522078528, -1.742202626896703 55.02324053019042, -1.7361779595925957 55.0200505264572, -1.7289665934708858 55.0212049755933, -1.7277786949006977 55.02554943119414, -1.7338031028530585 55.02873967267407))",0,True,True,False
8819732303fffff,511,511,8,0,55.02092961159922,-1.7566268445789055,531.415,"POLYGON ((-1.755441015052445 55.025274803690365, -1.762653794786287 55.02411883840744, -1.763839059983636 55.01977339561223, -1.757812486648892 55.016584152921, -1.750600906409031 55.017740115159484, -1.7494147001407694 55.022085323112464, -1.755441015052445 55.025274803690365))",0,True,True,False
881973224dfffff,512,512,8,0,55.04025645659886,-1.6616814237215491,531.415,"POLYGON ((-1.6604880738058483 55.044598120140876, -1.6677004763686638 55.04344896148651, -1.6688932625111912 55.03910704685096, -1.662874585071469 55.03591452633242, -1.65566338389613 55.03706368319382, -1.654469658904312 55.04140536234562, -1.6604880738058483 55.044598120140876))",0,True,True,False
8819732269fffff,513,513,8,0,55.03680671519643,-1.683317161098125,531.415,"POLYGON ((-1.6821255026501276 55.04114913193138, -1.6893381259138238 55.039998460953, -1.6905292204406135 55.035655793212264, -1.6845086312260107 55.03246403176152, -1.6772972089637552 55.03361470065506, -1.6761051750458562 55.03795713306307, -1.6821255026501276 55.04114913193138))",0,True,True,False
88197330a3fffff,514,514,8,0,55.043701661991,-1.6400463520965254,531.415,"POLYGON ((-1.6388513111581324 55.04804257207702, -1.646063490973162 55.04689492539724, -1.6472579682868504 55.042553764130034, -1.6412412042236326 55.039360485156124, -1.6340302261810986 55.04050813033479, -1.632834810560671 55.044849055967454, -1.6388513111581324 55.04804257207702))",0,True,True,False
8819732265fffff,515,515,8,0,55.03335243673661,-1.7049535580864954,531.415,"POLYGON ((-1.7037635915498126 55.03769560640102, -1.7109764334670658 55.03654342275011, -1.7121658359349967 55.03220000216781, -1.7061433365489078 55.02900900039674, -1.6989316952459659 55.03016118167104, -1.6977413528458754 55.03450436707189, -1.7037635915498126 55.03769560640102))",0,True,True,False
8819732351fffff,516,516,8,0,55.0298936201751,-1.7265906085457736,531.415,"POLYGON ((-1.7254023343626022 55.03423754250514, -1.7326153928857464 55.03308384583397, -1.7338031028530585 55.02873967267407, -1.7277786949006977 55.02554943119414, -1.7205668366037017 55.02670312519686, -1.7193781861639104 55.03104706332682, -1.7254023343626022 55.03423754250514))",0,True,True,False
881973230bfffff,517,517,8,0,55.0264302644702,-1.7482283063339277,531.415,"POLYGON ((-1.7470417249450765 55.03077493920157, -1.7542549980260764 55.029619729163414, -1.755441015052445 55.025274803690365, -1.7494147001407694 55.022085323112464, -1.742202626896703 55.02324053019042, -1.7410156688582887 55.02758522078528, -1.7470417249450765 55.03077493920157))",0,True,True,False
88197330a7fffff,518,518,8,0,55.04574677476484,-1.6532757452648594,531.415,"POLYGON ((-1.6520816429340903 55.05008792042047, -1.6592945352806807 55.04893951692742, -1.6604880738058483 55.044598120140876, -1.654469658904312 55.04140536234562, -1.6472579682868504 55.042553764130034, -1.646063490973162 55.04689492539724, -1.6520816429340903 55.05008792042047))",0,True,True,False
8819733193fffff,519,519,8,0,55.04229929876294,-1.6749129527259203,531.415,"POLYGON ((-1.6737205419603007 55.04664119772369, -1.6809336558383727 55.0454912819353, -1.6821255026501276 55.04114913193138, -1.6761051750458562 55.03795713306307, -1.6688932625111912 55.03910704685096, -1.6677004763686638 55.04344896148651, -1.6737205419603007 55.04664119772369))",0,True,True,False
88197330abfffff,520,520,8,0,55.04918971484311,-1.6316392060471754,531.415,"POLYGON ((-1.63044341259691 55.053530106930765, -1.6376560813647434 55.0523832153832, -1.6388513111581324 55.04804257207702, -1.632834810560671 55.044849055967454, -1.6256233439066057 55.04599594609833, -1.6244271758676916 55.050336353734444, -1.63044341259691 55.053530106930765))",0,True,True,False
881973226dfffff,521,521,8,0,55.03884728578911,-1.6965508222895531,531.415,"POLYGON ((-1.695360103533388 55.04318993779169, -1.702573436895263 55.042038509358974, -1.7037635915498126 55.03769560640102, -1.6977413528458754 55.03450436707189, -1.6905292204406135 55.035655793212264, -1.6893381259138238 55.039998460953, -1.695360103533388 55.04318993779169))",0,True,True,False
8819732359fffff,522,522,8,0,55.03539073479766,-1.7181893478138492,531.415,"POLYGON ((-1.7170003215099816 55.039734139578364, -1.7242138723076479 55.03858119815321, -1.7254023343626022 55.03423754250514, -1.7193781861639104 55.03104706332682, -1.7121658359349967 55.03220000216781, -1.7109764334670658 55.03654342275011, -1.7170003215099816 55.039734139578364))",0,True,True,False
8819732355fffff,523,523,8,0,55.0319296447456,-1.7398285231557735,531.415,"POLYGON ((-1.7386411897456355 55.03627380204035, -1.7458549559307137 55.035119347275575, -1.7470417249450765 55.03077493920157, -1.7410156688582887 55.02758522078528, -1.7338031028530585 55.02873967267407, -1.7326153928857464 55.03308384583397, -1.7386411897456355 55.03627380204035))",0,True,True,False
881973319bfffff,524,524,8,0,55.04779060937479,-1.666507501698572,531.415,"POLYGON ((-1.6653143384572273 55.052131990484824, -1.672527942705384 55.050982829914325, -1.6737205419603007 55.04664119772369, -1.6677004763686638 55.04344896148651, -1.6604880738058483 55.044598120140876, -1.6592945352806807 55.04893951692742, -1.6653143384572273 55.052131990484824))",0,True,True,False
88197330a1fffff,525,525,8,0,55.05123581989274,-1.6448688248862966,531.415,"POLYGON ((-1.6436739699825433 55.05557644758558, -1.6508873518682834 55.05442879928156, -1.6520816429340903 55.05008792042047, -1.646063490973162 55.04689492539724, -1.6388513111581324 55.04804257207702, -1.6376560813647434 55.0523832153832, -1.6436739699825433 55.05557644758558))",0,True,True,False
8819733197fffff,526,526,8,0,55.0443408619709,-1.6881468431052276,531.415,"POLYGON ((-1.6869553719712278 55.048682996234994, -1.6941691965337844 55.04753232304859, -1.695360103533388 55.04318993779169, -1.6893381259138238 55.039998460953, -1.6821255026501276 55.04114913193138, -1.6809336558383727 55.0454912819353, -1.6869553719712278 55.048682996234994))",0,True,True,False
88197331b3fffff,527,527,8,0,55.04088657663407,-1.7097868429633272,531.415,"POLYGON ((-1.708597064380154 55.04522946378875, -1.7158111072087425 55.044077277637896, -1.7170003215099816 55.039734139578364, -1.7109764334670658 55.03654342275011, -1.7037635915498126 55.03769560640102, -1.702573436895263 55.042038509358974, -1.708597064380154 55.04522946378875))",0,True,True,False
88197330a5fffff,528,528,8,0,55.05328064692761,-1.6581008081023565,531.415,"POLYGON ((-1.6569068922272059 55.05762151011044, -1.6641209866009796 55.056473104785645, -1.6653143384572273 55.052131990484824, -1.6592945352806807 55.04893951692742, -1.6520816429340903 55.05008792042047, -1.6508873518682834 55.05442879928156, -1.6569068922272059 55.05762151011044))",0,True,True,False
8819733191fffff,529,529,8,0,55.04983316517731,-1.679741620619228,531.415,"POLYGON ((-1.6785493969490768 55.05417478162639, -1.685763712468177 55.05302486371431, -1.6869553719712278 55.048682996234994, -1.6809336558383727 55.0454912819353, -1.6737205419603007 55.04664119772369, -1.672527942705384 55.050982829914325, -1.6785493969490768 55.05417478162639))",0,True,True,False
88197330a9fffff,530,530,8,0,55.05672359187858,-1.6364606626726648,531.415,"POLYGON ((-1.6352650550380943 55.06106370153225, -1.6424789262182042 55.05991680844484, -1.6436739699825433 55.05557644758558, -1.6376560813647434 55.0523832153832, -1.63044341259691 55.053530106930765, -1.6292474301661075 55.05787023219953, -1.6352650550380943 55.06106370153225))",0,True,True,False
88197331bbfffff,531,531,8,0,55.04638114557941,-1.7013830940792918,531.415,"POLYGON ((-1.7001925630582913 55.05072351503138, -1.7074070976739992 55.04957208418309, -1.708597064380154 55.04522946378875, -1.702573436895263 55.042038509358974, -1.695360103533388 55.04318993779169, -1.6941691965337844 55.04753232304859, -1.7001925630582913 55.05072351503138))",0,True,True,False
8819733199fffff,532,532,8,0,55.05532419530388,-1.6713351549174675,531.415,"POLYGON ((-1.6701421785528934 55.05966529386144, -1.67735698478423 55.05851613125159, -1.6785493969490768 55.05417478162639, -1.672527942705384 55.050982829914325, -1.6653143384572273 55.052131990484824, -1.6641209866009796 55.056473104785645, -1.6701421785528934 55.05966529386144))",0,True,True,False
88197330adfffff,533,533,8,0,55.05876941131719,-1.6496928720237674,531.415,"POLYGON ((-1.6484982033567657 55.06310975649647, -1.655712787611516 55.061962106445016, -1.6569068922272059 55.05762151011044, -1.6508873518682834 55.05442879928156, -1.6436739699825433 55.05557644758558, -1.6424789262182042 55.05991680844484, -1.6484982033567657 55.06310975649647))",0,True,True,False
8819733195fffff,534,534,8,0,55.051874441528895,-1.692978101247121,531.415,"POLYGON ((-1.6917868176298014 55.056216293201594, -1.6990018437886358 55.05506561768394, -1.7001925630582913 55.05072351503138, -1.6941691965337844 55.04753232304859, -1.6869553719712278 55.048682996234994, -1.685763712468177 55.05302486371431, -1.6917868176298014 55.056216293201594))",0,True,True,False
88197331d3fffff,535,535,8,0,55.06081395224631,-1.6629274460861023,531.415,"POLYGON ((-1.661733716868918 55.065154532835926, -1.6689490135679805 55.06400612555609, -1.6701421785528934 55.05966529386144, -1.6641209866009796 55.056473104785645, -1.6569068922272059 55.05762151011044, -1.655712787611516 55.061962106445016, -1.661733716868918 55.065154532835926))",0,True,True,False
881973319dfffff,536,536,8,0,55.0573664643779,-1.6845718645524277,531.415,"POLYGON ((-1.6833798281803272 55.06170779819482, -1.690595345638144 55.06055787803579, -1.6917868176298014 55.056216293201594, -1.685763712468177 55.05302486371431, -1.6785493969490768 55.05417478162639, -1.67735698478423 55.05851613125159, -1.6833798281803272 55.06170779819482))",0,True,True,False
88197330e7fffff,537,537,8,0,55.06425690243956,-1.641283693549484,531.415,"POLYGON ((-1.6400882719326921 55.06859672953891, -1.6473033458235897 55.067449834788405, -1.6484982033567657 55.06310975649647, -1.6424789262182042 55.05991680844484, -1.6352650550380943 55.06106370153225, -1.6340692584173047 55.06540354431331, -1.6400882719326921 55.06859672953891))",0,True,True,False
88197331b9fffff,538,538,8,0,55.05391443778616,-1.706216942801252,531.415,"POLYGON ((-1.705026599718322 55.05825652456697, -1.7122423358851062 55.057105091179785, -1.7134321144398754 55.052762753469594, -1.7074070976739992 55.04957208418309, -1.7001925630582913 55.05072351503138, -1.6990018437886358 55.05506561768394, -1.705026599718322 55.05825652456697))",0,True,True,False
88197331d7fffff,539,539,8,0,55.06285721402199,-1.6761643840810263,531.415,"POLYGON ((-1.6749715947957768 55.067198029906656, -1.6821876033082162 55.06604886513413, -1.6833798281803272 55.06170779819482, -1.67735698478423 55.05851613125159, -1.6701421785528934 55.05966529386144, -1.6689490135679805 55.06400612555609, -1.6749715947957768 55.067198029906656))",0,True,True,False
88197331dbfffff,540,540,8,0,55.06630243590042,-1.654518494211546,531.415,"POLYGON ((-1.6533240119835817 55.07064249844571, -1.6605397989057036 55.06949484652357, -1.661733716868918 55.065154532835926, -1.655712787611516 55.061962106445016, -1.6484982033567657 55.06310975649647, -1.6473033458235897 55.067449834788405, -1.6533240119835817 55.07064249844571))",0,True,True,False
8819733183fffff,541,541,8,0,55.05940745350607,-1.6978109362267375,531.415,"POLYGON ((-1.6966198403289217 55.06374902246688, -1.703836068381548 55.062598344494596, -1.705026599718322 55.05825652456697, -1.6990018437886358 55.05506561768394, -1.6917868176298014 55.056216293201594, -1.690595345638144 55.06055787803579, -1.6966198403289217 55.06374902246688))",0,True,True,False
88197330e1fffff,542,542,8,0,55.06974312019082,-1.6328732727665354,531.415,"POLYGON ((-1.631677098041982 55.07408242913394, -1.638892661324015 55.07293628971191, -1.6400882719326921 55.06859672953891, -1.6340692584173047 55.06540354431331, -1.626854898187816 55.06654968215664, -1.6256583485527902 55.070889006783204, -1.631677098041982 55.07408242913394))",0,True,True,False
88197331d1fffff,543,543,8,0,55.06834669035685,-1.6677556599190153,531.415,"POLYGON ((-1.666562117562278 55.07268698823287, -1.6737786168847812 55.07153857887471, -1.6749715947957768 55.067198029906656, -1.6689490135679805 55.06400612555609, -1.661733716868918 55.065154532835926, -1.6605397989057036 55.06949484652357, -1.666562117562278 55.07268698823287))",0,True,True,False
881973318bfffff,544,544,8,0,55.06489919600048,-1.6894036852285232,531.415,"POLYGON ((-1.688211836357273 55.06924024706477, -1.6954285560515394 55.06809032453542, -1.6966198403289217 55.06374902246688, -1.690595345638144 55.06055787803579, -1.6833798281803272 55.06170779819482, -1.6821876033082162 55.06604886513413, -1.688211836357273 55.06924024706477))",0,True,True,False
88197330e5fffff,545,545,8,0,55.07178964616217,-1.6461082993804406,531.415,"POLYGON ((-1.6449130639836125 55.07612919058686, -1.6521293408838826 55.074982294050045, -1.6533240119835817 55.07064249844571, -1.6473033458235897 55.067449834788405, -1.6400882719326921 55.06859672953891, -1.638892661324015 55.07293628971191, -1.6449130639836125 55.07612919058686))",0,True,True,False
8819733187fffff,546,546,8,0,55.0614471620449,-1.7110523691586057,531.415,"POLYGON ((-1.709862214216798 55.06578896603404, -1.7170791522319846 55.06463752998458, -1.7182687424322396 55.06029547507913, -1.7122423358851062 55.057105091179785, -1.705026599718322 55.05825652456697, -1.703836068381548 55.062598344494596, -1.709862214216798 55.06578896603404))",0,True,True,False
88197331d5fffff,547,547,8,0,55.07038966516495,-1.680995189892403,531.415,"POLYGON ((-1.6798025878891891 55.07473019825634, -1.6870197989806983 55.07358103119781, -1.688211836357273 55.06924024706477, -1.6821876033082162 55.06604886513413, -1.6749715947957768 55.067198029906656, -1.6737786168847812 55.07153857887471, -1.6798025878891891 55.07473019825634))",0,True,True,False
88197331d9fffff,548,548,8,0,55.07383489327837,-1.6593456921526992,531.415,"POLYGON ((-1.658151396566204 55.07817467306941, -1.6653683864540498 55.07702701915327, -1.666562117562278 55.07268698823287, -1.6605397989057036 55.06949484652357, -1.6533240119835817 55.07064249844571, -1.6521293408838826 55.074982294050045, -1.658151396566204 55.07817467306941))",0,True,True,False
8819733181fffff,549,549,8,0,55.06693989753808,-1.702645348747344,531.415,"POLYGON ((-1.7014544407720493 55.07128118366654, -1.7086718710160347 55.07013050311626, -1.709862214216798 55.06578896603404, -1.703836068381548 55.062598344494596, -1.6966198403289217 55.06374902246688, -1.6954285560515394 55.06809032453542, -1.7014544407720493 55.07128118366654))",0,True,True,False
88197331ddfffff,550,550,8,0,55.07587886089521,-1.6725854503043442,531.415,"POLYGON ((-1.6713920950107153 55.08021887593731, -1.678609797254871 55.07907046437743, -1.6798025878891891 55.07473019825634, -1.6737786168847812 55.07153857887471, -1.666562117562278 55.07268698823287, -1.6653683864540498 55.07702701915327, -1.6713920950107153 55.08021887593731))",0,True,True,False
8819733189fffff,551,551,8,0,55.07243135968081,-1.6942370833509657,531.415,"POLYGON ((-1.6930454221834839 55.076772127872104, -1.7002633444120008 55.07562220284904, -1.7014544407720493 55.07128118366654, -1.6954285560515394 55.06809032453542, -1.688211836357273 55.06924024706477, -1.6870197989806983 55.07358103119781, -1.6930454221834839 55.076772127872104))",0,True,True,False
8819733033fffff,552,552,8,0,55.07932182268254,-1.6509344808686508,531.415,"POLYGON ((-1.649739431894145 55.08366108431234, -1.6569569121024126 55.08251418586585, -1.658151396566204 55.07817467306941, -1.6521293408838826 55.074982294050045, -1.6449130639836125 55.07612919058686, -1.6437176395892836 55.080468468031604, -1.649739431894145 55.08366108431234))",0,True,True,False
8819733185fffff,553,553,8,0,55.06897931799126,-1.715889373854933,531.415,"POLYGON ((-1.7146994072574782 55.073320839068245, -1.7219175474184114 55.072169400233115, -1.723106949060831 55.06782762825285, -1.7170791522319846 55.06463752998458, -1.709862214216798 55.06578896603404, -1.7086718710160347 55.07013050311626, -1.7146994072574782 55.073320839068245))",0,True,True,False
88197331c3fffff,554,554,8,0,55.07792154836864,-1.6858275730551258,531.415,"POLYGON ((-1.6846351585368264 55.08226179854643, -1.6918535725054196 55.08111262907849, -1.6930454221834839 55.076772127872104, -1.6870197989806983 55.07358103119781, -1.6798025878891891 55.07473019825634, -1.678609797254871 55.07907046437743, -1.6846351585368264 55.08226179854643))",0,True,True,False
8819733037fffff,555,555,8,0,55.08136678308715,-1.6641744665505762,531.415,"POLYGON ((-1.662980357808116 55.08570628000369, -1.6701985509601662 55.084558623970175, -1.6713920950107153 55.08021887593731, -1.6653683864540498 55.07702701915327, -1.658151396566204 55.07817467306941, -1.6569569121024126 55.08251418586585, -1.662980357808116 55.08570628000369))",0,True,True,False
881973318dfffff,556,556,8,0,55.07447177326068,-1.7074813395126618,531.415,"POLYGON ((-1.7062906196630405 55.07881277643636, -1.7135092523959408 55.07766209318466, -1.7146994072574782 55.073320839068245, -1.7086718710160347 55.07013050311626, -1.7014544407720493 55.07128118366654, -1.7002633444120008 55.07562220284904, -1.7062906196630405 55.07881277643636))",0,True,True,False
