h3_9,host_seed_tile_id,host_seed_index,host_tile_path_id,center_lat,center_lon
89194ad3043ffff,88194ad305fffff,0,0,51.51478336057267,-0.09007851038400494
89194ad3047ffff,88194ad305fffff,0,0,51.512268917908386,-0.08712198674341333
89194ad304bffff,88194ad305fffff,0,0,51.51457144742812,-0.0946944977000979
89194ad304fffff,88194ad305fffff,0,0,51.512057068842665,-0.09173766445566368
89194ad3053ffff,88194ad305fffff,0,0,51.51750952391123,-0.08841922159917179
89194ad3057ffff,88194ad305fffff,0,0,51.514995083760475,-0.08546267208853855
89194ad305bffff,88194ad305fffff,0,0,51.51729773664426,-0.09303536953439723
89194ad32a3ffff,88194ad32bfffff,1,1,51.50911848384186,-0.09801234991483124
89194ad32a7ffff,88194ad32bfffff,1,1,51.50660410024996,-0.09505556851369483
89194ad32abffff,88194ad32bfffff,1,1,51.50890612898362,-0.1026281649042961
89194ad32afffff,88194ad32bfffff,1,1,51.50639180949266,-0.09967107399109476
89194ad32b3ffff,88194ad32bfffff,1,1,51.51184502982381,-0.09635349115569745
89194ad32b7ffff,88194ad32bfffff,1,1,51.509330648731606,-0.0933966838276813
89194ad32bbffff,88194ad32bfffff,1,1,51.51163280083285,-0.10096946679086319
89194ad3283ffff,88194ad329fffff,2,2,51.51687359215286,-0.10226811235404815
89194ad3287ffff,88194ad329fffff,2,2,51.51435934430769,-0.09931063398404093
89194ad328bffff,88194ad329fffff,2,2,51.5166612348904,-0.10688470713298817
89194ad328fffff,88194ad329fffff,2,2,51.51414705119249,-0.1039269191831362
89194ad3293ffff,88194ad329fffff,2,2,51.51960000472135,-0.10060917080745523
89194ad3297ffff,88194ad329fffff,2,2,51.5170857593978,-0.09765166647025092
89194ad329bffff,88194ad329fffff,2,2,51.51938777332881,-0.10522592630702225
89194ad3623ffff,88194ad363fffff,3,3,51.52253820438197,-0.0943333272672558
89194ad3627ffff,88194ad363fffff,3,3,51.5200238974619,-0.09137610664497202
89194ad362bffff,88194ad363fffff,3,3,51.52232628888759,-0.09895009452982315
89194ad362fffff,88194ad363fffff,3,3,51.51981204609273,-0.09599256423588534
89194ad3633ffff,88194ad363fffff,3,3,51.52526423425518,-0.09267395555081367
89194ad3637ffff,88194ad363fffff,3,3,51.52274992987053,-0.08971670901817445
89194ad363bffff,88194ad363fffff,3,3,51.525052444641105,-0.09729088350746022
89194ad3063ffff,88194ad307fffff,4,4,51.507028111946234,-0.08582500437843614
89194ad3067ffff,88194ad307fffff,4,4,51.50451353369613,-0.0828691774629507
89194ad306bffff,88194ad307fffff,4,4,51.5068162010615,-0.09044021195858207
89194ad306fffff,88194ad307fffff,4,4,51.5043016868439,-0.08748407550711483
89194ad3073ffff,88194ad307fffff,4,4,51.50975440868176,-0.08416579857115102
89194ad3077ffff,88194ad307fffff,4,4,51.50723983292322,-0.08120994582589768
89194ad307bffff,88194ad307fffff,4,4,51.50954262367188,-0.0887811666955265
89194ad30c3ffff,88194ad30dfffff,5,5,51.52044703026975,-0.08214363861608454
89194ad30c7ffff,88194ad30dfffff,5,5,51.51793252858279,-0.07918737294147103
89194ad30cbffff,88194ad30dfffff,5,5,51.52023555884791,-0.08675979808748924
89194ad30cfffff,88194ad30dfffff,5,5,51.517721121217754,-0.0838032227173072
89194ad30d3ffff,88194ad30dfffff,5,5,51.52317281090613,-0.0804839197712836
89194ad30d7ffff,88194ad30dfffff,5,5,51.520658311746544,-0.07752762828356094
89194ad30dbffff,88194ad30dfffff,5,5,51.52296146537223,-0.08510023983526806
89194ad3003ffff,88194ad301fffff,6,6,51.51269204625642,-0.07789107849303116
89194ad3007ffff,88194ad301fffff,6,6,51.510177408986145,-0.07493550955620777
89194ad300bffff,88194ad301fffff,6,6,51.51248057703994,-0.0825064580716201
89194ad300fffff,88194ad301fffff,6,6,51.50996600378012,-0.07955057950712575
89194ad3013ffff,88194ad301fffff,6,6,51.515417960341665,-0.07623144276997058
89194ad3017ffff,88194ad301fffff,6,6,51.512903325576865,-0.07327584806029297
89194ad301bffff,88194ad301fffff,6,6,51.515206617010435,-0.08084698286627226
89194ad3203ffff,88194ad321fffff,7,7,51.51120777285842,-0.11020186465557319
89194ad3207ffff,88194ad321fffff,7,7,51.50869358413795,-0.10724412874344359
89194ad320bffff,88194ad321fffff,7,7,51.51099497383694,-0.11481828677964907
89194ad320fffff,88194ad321fffff,7,7,51.50848084928575,-0.11186024137943329
89194ad3213ffff,88194ad321fffff,7,7,51.51393456806341,-0.108543353244631
89194ad3217ffff,88194ad321fffff,7,7,51.511420381850684,-0.10558559130837791
89194ad321bffff,88194ad321fffff,7,7,51.513721894901536,-0.11315993611576956
89194ad33c3ffff,88194ad33dfffff,8,8,51.50136297076062,-0.09375789847178512
89194ad33c7ffff,88194ad33dfffff,8,8,51.49884845158046,-0.09080181378309357
89194ad33cbffff,88194ad33dfffff,8,8,51.5011506182167,-0.09837293388227984
89194ad33cfffff,88194ad33dfffff,8,8,51.49863616309108,-0.09541653974920417
89194ad33d3ffff,88194ad33dfffff,8,8,51.50408965008757,-0.09209912254612154
89194ad33d7ffff,88194ad33dfffff,8,8,51.50157513338516,-0.0891430119707713
89194ad33dbffff,88194ad33dfffff,8,8,51.50387742340818,-0.09671431852736312
89194ad3663ffff,88194ad367fffff,9,9,51.524628295308275,-0.10652518634848876
89194ad3667ffff,88194ad367fffff,9,9,51.5221141833683,-0.10356701075308174
89194ad366bffff,88194ad367fffff,9,9,51.52441593555147,-0.1111425611273538
89194ad366fffff,88194ad367fffff,9,9,51.52190188780518,-0.10818407588433586
89194ad3673ffff,88194ad367fffff,9,9,51.527354574394884,-0.10486616206054943
89194ad3677ffff,88194ad367fffff,9,9,51.52484046499845,-0.10190796045759305
89194ad367bffff,88194ad367fffff,9,9,51.527142340510736,-0.10948369763499623
89194ad3223ffff,88194ad323fffff,10,10,51.50345240020402,-0.10594515710572423
89194ad3227ffff,88194ad323fffff,10,10,51.50093807573426,-0.10298811814950816
89194ad322bffff,88194ad323fffff,10,10,51.50323960364127,-0.11056079959741193
89194ad322fffff,88194ad323fffff,10,10,51.50072534329448,-0.10760345122084763
89194ad3233ffff,88194ad323fffff,10,10,51.50617932877054,-0.1042867283380475
89194ad3237ffff,88194ad323fffff,10,10,51.50366500678665,-0.10132966339810556
89194ad323bffff,88194ad323fffff,10,10,51.50596665806466,-0.10890253150192795
89194ad36a3ffff,88194ad36bfffff,11,11,51.52820160941914,-0.08639750949801132
89194ad36a7ffff,88194ad36bfffff,11,11,51.5256872434738,-0.08344054682898432
89194ad36abffff,88194ad36bfffff,11,11,51.527990135701884,-0.09101444907284278
89194ad36afffff,88194ad36bfffff,11,11,51.52547583385973,-0.08805717664038887
89194ad36b3ffff,88194ad36bfffff,11,11,51.530927256538206,-0.08473770757734184
89194ad36b7ffff,88194ad36bfffff,11,11,51.5284128931422,-0.08178071905495693
89194ad36bbffff,88194ad36bfffff,11,11,51.53071590871162,-0.0893548078197357
89194ad32c3ffff,88194ad32dfffff,12,12,51.518962740404106,-0.11445988387895005
89194ad32c7ffff,88194ad32dfffff,12,12,51.5164486875914,-0.11150145075437434
89194ad32cbffff,88194ad32dfffff,12,12,51.51874993883389,-0.11907708584576485
89194ad32cfffff,88194ad32dfffff,12,12,51.51623595023684,-0.11611834316542476
89194ad32d3ffff,88194ad32dfffff,12,12,51.52168940217912,-0.1128012898707788
89194ad32d7ffff,88194ad32dfffff,12,12,51.51917535189607,-0.10984283068176484
89194ad32dbffff,88194ad32dfffff,12,12,51.52147672647119,-0.11741865265970812
89194ad3083ffff,88194ad309fffff,13,13,51.51835477356462,-0.06995612091860459
89194ad3087ffff,88194ad309fffff,13,13,51.51584007732397,-0.06700081016590324
89194ad308bffff,88194ad309fffff,13,13,51.5181437460254,-0.07457167232433792
89194ad308fffff,88194ad309fffff,13,13,51.515629113773166,-0.07161605185228728
89194ad3093ffff,88194ad309fffff,13,13,51.521080304940845,-0.06829605524567055
89194ad3097ffff,88194ad309fffff,13,13,51.51856561121951,-0.0653407187769797
89194ad309bffff,88194ad309fffff,13,13,51.52086940329721,-0.07291176714248751
89194ad3023ffff,88194ad303fffff,14,14,51.50493665776431,-0.0736398285698864
89194ad3027ffff,88194ad303fffff,14,14,51.50242188506912,-0.07068495611446093
89194ad302bffff,88194ad303fffff,14,14,51.50472519066326,-0.07825442846633578
89194ad302fffff,88194ad303fffff,14,14,51.502210481932195,-0.07529924645107879
89194ad3033ffff,88194ad303fffff,14,14,51.50766270522997,-0.07198027601440811
89194ad3037ffff,88194ad303fffff,14,14,51.505147935018336,-0.06902537782629733
89194ad303bffff,88194ad303fffff,14,14,51.50745136401145,-0.0765950363536907
89194ad3463ffff,88194ad347fffff,15,15,51.526109492806576,-0.07420773471397323
89194ad3467ffff,88194ad347fffff,15,15,51.523594932146665,-0.07125172721087737
89194ad346bffff,88194ad347fffff,15,15,51.52589846311641,-0.07882406616928268
89194ad346fffff,88194ad347fffff,15,15,51.52338396649126,-0.07586774887891347
89194ad3473ffff,88194ad347fffff,15,15,51.52883489068203,-0.07254758577507352
89194ad3477ffff,88194ad347fffff,15,15,51.52632033256336,-0.06959155251580339
89194ad347bffff,88194ad347fffff,15,15,51.52862398689016,-0.07716407779642578
89194ad3603ffff,88194ad361fffff,16,16,51.530292642988876,-0.09858945558726465
89194ad3607ffff,88194ad361fffff,16,16,51.52777847197143,-0.09563153772669165
89194ad360bffff,88194ad361fffff,16,16,51.53008072505462,-0.10320700300686574
89194ad360fffff,88194ad361fffff,16,16,51.52756661820877,-0.10024877540683061
89194ad3613ffff,88194ad361fffff,16,16,51.533018539328296,-0.09693000098516205
89194ad3617ffff,88194ad361fffff,16,16,51.53050437086822,-0.09397205717397193
89194ad361bffff,88194ad361fffff,16,16,51.53280674727707,-0.10154770917387909
89194ad3383ffff,88194ad339fffff,17,17,51.49927245888796,-0.08157280869160757
89194ad3387ffff,88194ad339fffff,17,17,51.49675774521044,-0.07861767824485787
89194ad338bffff,88194ad339fffff,17,17,51.49906055017309,-0.08618723674632726
89194ad338fffff,88194ad339fffff,17,17,51.49654590048178,-0.08323179683140364
89194ad3393ffff,88194ad339fffff,17,17,51.501998888951924,-0.07991368590775876
89194ad3397ffff,88194ad339fffff,17,17,51.499484177744115,-0.07695852967154668
89194ad339bffff,88194ad339fffff,17,17,51.501787106109255,-0.08452827443188486
89194ad30a3ffff,88194ad30bfffff,18,18,51.510599649797015,-0.06570581720412601
89194ad30a7ffff,88194ad30bfffff,18,18,51.508084818133945,-0.06275120294528747
89194ad30abffff,88194ad30bfffff,18,18,51.51038862431877,-0.07032058877099194
89194ad30afffff,88194ad30bfffff,18,18,51.50787385659778,-0.06736566486074672
89194ad30b3ffff,88194ad30bfffff,18,18,51.51332531460559,-0.064045834842912
89194ad30b7ffff,88194ad30bfffff,18,18,51.51081048543997,-0.061091194908290264
89194ad30bbffff,88194ad30bfffff,18,18,51.51311441502025,-0.0686607668260281
89194ad3263ffff,88194ad327fffff,19,19,51.505540746625485,-0.11813458406929978
89194ad3267ffff,88194ad327fffff,19,19,51.50302661707939,-0.11517659082051661
89194ad326bffff,88194ad327fffff,19,19,51.505327505854254,-0.12275083336739612
89194ad326fffff,88194ad327fffff,19,19,51.50281344049948,-0.11979253072233705
89194ad3273ffff,88194ad327fffff,19,19,51.50826792440813,-0.11647650275961594
89194ad3277ffff,88194ad327fffff,19,19,51.505753797355936,-0.11351848342989784
89194ad327bffff,88194ad327fffff,19,19,51.508054809486026,-0.12109291283122098
89194ad3243ffff,88194ad325fffff,20,20,51.513295978403185,-0.12239354807609557
89194ad3247ffff,88194ad325fffff,20,20,51.51078198476735,-0.11943485762791499
89194ad324bffff,88194ad325fffff,20,20,51.51308273502882,-0.12701057705972368
89194ad324fffff,88194ad325fffff,20,20,51.51056880563061,-0.12405157714757449
89194ad3253ffff,88194ad325fffff,20,20,51.51602302280775,-0.12073538431335411
89194ad3257ffff,88194ad325fffff,20,20,51.513509031687775,-0.11777666774385379
89194ad325bffff,88194ad325fffff,20,20,51.515809905285174,-0.12535257414546075
89194ad3343ffff,88194ad335fffff,21,21,51.49569662282638,-0.10168976067032232
89194ad3347ffff,88194ad335fffff,21,21,51.49318216276592,-0.09873341841372833
89194ad334bffff,88194ad335fffff,21,21,51.49548382863233,-0.10630462373997125
89194ad334fffff,88194ad335fffff,21,21,51.49296943264844,-0.10334797213067833
89194ad3353ffff,88194ad335fffff,21,21,51.49842368468591,-0.10003141459204007
89194ad3357ffff,88194ad335fffff,21,21,51.495909227089356,-0.0970750463919807
89194ad335bffff,88194ad335fffff,21,21,51.498211016346026,-0.10464643825891774
89195da4da3ffff,88195da4dbfffff,22,22,51.52671730245562,-0.11871921533511538
89195da4da7ffff,88195da4dbfffff,22,22,51.52420338570915,-0.11576008474148365
89195da4dabffff,88195da4dbfffff,22,22,51.52650449824668,-0.12333719735517461
89195da4dafffff,88195da4dbfffff,22,22,51.52399064576218,-0.12037775713801152
89195da4db3ffff,88195da4dbfffff,22,22,51.529443830732276,-0.11706053877600184
89195da4db7ffff,88195da4dbfffff,22,22,51.52692991653733,-0.11410138207746943
89195da4dbbffff,88195da4dbfffff,22,22,51.52923115238818,-0.12167868169308689
89194ad3303ffff,88194ad331fffff,23,23,51.493607053294596,-0.08950475746614434
89194ad3307ffff,88194ad331fffff,23,23,51.49109239868456,-0.08654936923347746
89194ad330bffff,88194ad331fffff,23,23,51.49339470297494,-0.09411901350796775
89194ad330fffff,88194ad331fffff,23,23,51.490880112373176,-0.0911633158987238
89194ad3313ffff,88194ad331fffff,23,23,51.49633386589804,-0.08784606441988067
89194ad3317ffff,88194ad331fffff,23,23,51.49381921374384,-0.08489065034085902
89194ad331bffff,88194ad331fffff,23,23,51.49612164144024,-0.09246048095761254
89194ad3423ffff,88194ad343fffff,24,24,51.5240162937444,-0.06202013175838248
89194ad3427ffff,88194ad343fffff,24,24,51.521501538583166,-0.05906507939524662
89194ad342bffff,88194ad343fffff,24,24,51.523805707891356,-0.06663585481978929
89194ad342fffff,88194ad343fffff,24,24,51.521291016696495,-0.06368049264570315
89194ad3433ffff,88194ad343fffff,24,24,51.52674144235295,-0.06035963610148661
89194ad3437ffff,88194ad343fffff,24,24,51.52422668972485,-0.05740455807932034
89194ad343bffff,88194ad343fffff,24,24,51.52653098240579,-0.06497551962741481
89194ad1483ffff,88194ad149fffff,25,25,51.49778510978604,-0.11387693185406722
89194ad1487ffff,88194ad149fffff,25,25,51.49527084448821,-0.11091963554823239
89194ad148bffff,88194ad149fffff,25,25,51.4975718715279,-0.11849240167686285
89194ad148fffff,88194ad149fffff,25,25,51.495057670375076,-0.11553479604242262
89194ad1493ffff,88194ad149fffff,25,25,51.50051242087821,-0.1122189330435954
89194ad1497ffff,88194ad149fffff,25,25,51.4979981580524,-0.1092616106971654
89194ad149bffff,88194ad149fffff,25,25,51.500299308466566,-0.11683456356498398
89194ad3643ffff,88194ad365fffff,26,26,51.53238259292273,-0.11078357245757507
89194ad3647ffff,88194ad365fffff,26,26,51.52986861704644,-0.1078246993800646
89194ad364bffff,88194ad365fffff,26,26,51.5321702305816,-0.11540172744694946
89194ad364fffff,88194ad365fffff,26,26,51.529656318945335,-0.1124425446540294
89194ad3653ffff,88194ad365fffff,26,26,51.53510873845906,-0.10912446547436569
89194ad3657ffff,88194ad365fffff,26,26,51.532594765148204,-0.10616556634892893
89194ad365bffff,88194ad365fffff,26,26,51.534896501993266,-0.11374278133434604
89194ad3443ffff,88194ad345fffff,27,27,51.53386380713774,-0.07846065914919369
89194ad3447ffff,88194ad345fffff,27,27,51.531349382216945,-0.07550395463905832
89194ad344bffff,88194ad345fffff,27,27,51.53365277520664,-0.08307777086483555
89194ad344fffff,88194ad345fffff,27,27,51.53113841436697,-0.08012075649957254
89194ad3453ffff,88194ad345fffff,27,27,51.53658907144408,-0.07680042699017925
89194ad3457ffff,88194ad345fffff,27,27,51.53407464908642,-0.07384369668362945
89194ad345bffff,88194ad345fffff,27,27,51.53637816541395,-0.08141769934681073
89194ad3683ffff,88194ad369fffff,28,28,51.535955783319295,-0.09065269169796125
89194ad3687ffff,88194ad369fffff,28,28,51.533441553274045,-0.08769503177788658
89194ad368bffff,88194ad369fffff,28,28,51.53574430721665,-0.0952704115869447
89194ad368fffff,88194ad369fffff,28,28,51.53323014132095,-0.09231244183557771
89194ad3693ffff,88194ad369fffff,28,28,51.53868129685279,-0.08899280674741229
89194ad3697ffff,88194ad369fffff,28,28,51.536167069378756,-0.0860351209336806
89194ad369bffff,88194ad369fffff,28,28,51.538469946643495,-0.09361068737894372
89194ad3543ffff,88194ad355fffff,29,29,51.51626143485963,-0.057770774697545504
89194ad3547ffff,88194ad355fffff,29,29,51.513746544278476,-0.05481641884066277
89194ad354bffff,88194ad355fffff,29,29,51.51605085101309,-0.0623857177634193
89194ad354fffff,88194ad355fffff,29,29,51.51353602435199,-0.059431052163581
89194ad3553ffff,88194ad355fffff,29,29,51.51898671695241,-0.05611036249652999
89194ad3557ffff,88194ad355fffff,29,29,51.51647182888259,-0.05315598102083998
89194ad355bffff,88194ad355fffff,29,29,51.51877625900909,-0.060725465952071254
89195da4d23ffff,88195da4d3fffff,30,30,51.52105080473359,-0.12665382443367654
89195da4d27ffff,88195da4d3fffff,30,30,51.51853694716654,-0.12369443652954654
89195da4d2bffff,88195da4d3fffff,30,30,51.520837558665974,-0.13127163331311964
89195da4d2fffff,88195da4d3fffff,30,30,51.518323765382924,-0.1283119358773779
89195da4d33ffff,88195da4d3fffff,30,30,51.52377771569164,-0.12499557826413894
89195da4d37ffff,88195da4d3fffff,30,30,51.521263860662344,-0.12203616419826427
89195da4d3bffff,88195da4d3fffff,30,30,51.52356459547855,-0.12961354806711023
89194ad3143ffff,88194ad315fffff,31,31,51.49718086517863,-0.06938988828811617
89194ad3147ffff,88194ad315fffff,31,31,51.494665957216874,-0.0664357120576819
89194ad314bffff,88194ad315fffff,31,31,51.49696940010305,-0.07400370871291645
89194ad314fffff,88194ad315fffff,31,31,51.49445455605917,-0.07104922299054964
89194ad3153ffff,88194ad315fffff,31,31,51.49990704595625,-0.06773041894598092
89194ad3157ffff,88194ad315fffff,31,31,51.49739214045617,-0.06477621702305685
89194ad315bffff,88194ad315fffff,31,31,51.49969570676055,-0.07234439973878906
89194ad31c3ffff,88194ad31dfffff,32,32,51.50284412188883,-0.06145682301185296
89194ad31c7ffff,88194ad31dfffff,32,32,51.50032915496169,-0.058502904990489726
89194ad31cbffff,88194ad31dfffff,32,32,51.50263309838164,-0.06607081495047673
89194ad31cfffff,88194ad31dfffff,32,32,51.50011819535027,-0.06311658734564755
89194ad31d3ffff,88194ad31dfffff,32,32,51.50556992006137,-0.059796924008052824
89194ad31d7ffff,88194ad31dfffff,32,32,51.5030549556098,-0.0568429803511187
89194ad31dbffff,88194ad31dfffff,32,32,51.50535902244436,-0.06441107628814735
89194ad3403ffff,88194ad341fffff,33,33,51.531770748056715,-0.06627079878085267
89194ad3407ffff,88194ad341fffff,33,33,51.52925612847364,-0.06331504965484379
89194ad340bffff,88194ad341fffff,33,33,51.53156016010718,-0.07088730204859514
89194ad340fffff,88194ad341fffff,33,33,51.529045604536854,-0.06793124304368028
89194ad3413ffff,88194ad341fffff,33,33,51.53449576311258,-0.06461021971375866
89194ad3417ffff,88194ad341fffff,33,33,51.53198114608458,-0.06165444488851771
89194ad341bffff,88194ad341fffff,33,33,51.53428530107166,-0.06922688352090497
89194ad36c3ffff,88194ad36dfffff,34,34,51.5380466760081,-0.10284689590343059
89194ad36c7ffff,88194ad36dfffff,34,34,51.535532641051724,-0.09988828054787337
89194ad36cbffff,88194ad36dfffff,34,34,51.53783475554393,-0.10746522369079506
89194ad36cfffff,88194ad36dfffff,34,34,51.535320784805556,-0.10450629852793514
89194ad36d3ffff,88194ad36dfffff,34,34,51.540772438745435,-0.10118735846181509
89194ad36d7ffff,88194ad36dfffff,34,34,51.5382584063683,-0.0982287171152315
89194ad36dbffff,88194ad36dfffff,34,34,51.540560644166966,-0.10580584709328905
89195da49a3ffff,88195da49bfffff,35,35,51.50762800943247,-0.13032617883761546
89195da49a7ffff,88195da49bfffff,35,35,51.50511407502324,-0.12736723127139474
89195da49abffff,88195da49bfffff,35,35,51.507414324263095,-0.13494303466689833
89195da49afffff,88195da49bfffff,35,35,51.50490045411352,-0.1319837777285872
89195da49b3ffff,88195da49bfffff,35,35,51.51035543640773,-0.1286684452858585
89195da49b7ffff,88195da49bfffff,35,35,51.507841504500504,-0.12570947154148504
89195da49bbffff,88195da49bfffff,35,35,51.51014187707977,-0.13328546199004085
89194ad33a3ffff,88194ad33bfffff,36,36,51.491516401783166,-0.07732192276496173
89194ad33a7ffff,88194ad33bfffff,36,36,51.489001552836676,-0.0743674885307776
89194ad33abffff,88194ad33bfffff,36,36,51.49130449514822,-0.08193557150467735
89194ad33afffff,88194ad33bfffff,36,36,51.488789710141674,-0.07898082787009472
89194ad33b3ffff,88194ad33bfffff,36,36,51.49424296510711,-0.07566288305041793
89194ad33b7ffff,88194ad33bfffff,36,36,51.49172811860837,-0.07270842306688864
89194ad33bbffff,88194ad33bfffff,36,36,51.494031184341665,-0.08027669218474531
89194ad3563ffff,88194ad357fffff,37,37,51.50850617178736,-0.05352272703951719
89194ad3567ffff,88194ad357fffff,37,37,51.50599114594465,-0.05056906743250397
89194ad356bffff,88194ad357fffff,37,37,51.50829558985745,-0.05813689032065387
89194ad356fffff,88194ad357fffff,37,37,51.505780627888456,-0.05518292103865224
89194ad3573ffff,88194ad357fffff,37,37,51.51123158729604,-0.051862398340095706
89194ad3577ffff,88194ad357fffff,37,37,51.50871656394277,-0.04890871315441237
89194ad357bffff,88194ad357fffff,37,37,51.51102113126661,-0.05647672193606422
89194ad14c3ffff,88194ad14dfffff,38,38,51.49987251358107,-0.12606627049286803
89194ad14c7ffff,88194ad14dfffff,38,38,51.497358443259095,-0.12310802011290631
89194ad14cbffff,88194ad14dfffff,38,38,51.4996588310693,-0.13068234679390375
89194ad14cfffff,88194ad14dfffff,38,38,51.49714482496063,-0.12772378710946647
89194ad14d3ffff,88194ad14dfffff,38,38,51.50260007388245,-0.1244086192500916
89194ad14d7ffff,88194ad14dfffff,38,38,51.50008600604053,-0.12145034273233983
89194ad14dbffff,88194ad14dfffff,38,38,51.502386517209366,-0.12902485635101085
89195da4983ffff,88195da499fffff,39,39,51.515383099883536,-0.13458739965092695
89195da4987ffff,88195da499fffff,39,39,51.51286930154555,-0.13162775464191226
89195da498bffff,88195da499fffff,39,39,51.51516941196648,-0.13920503521863595
89195da498fffff,88195da499fffff,39,39,51.512655677934575,-0.13624508076992972
89195da4993ffff,88195da499fffff,39,39,51.51811039346416,-0.13292958383651274
89195da4997ffff,88195da499fffff,39,39,51.51559659765011,-0.1299699126089015
89195da499bffff,88195da499fffff,39,39,51.5178968313912,-0.1375473803541602
89194ad14a3ffff,88194ad14bfffff,40,40,51.490029068270346,-0.10962059087136072
89194ad14a7ffff,88194ad14bfffff,40,40,51.487514667379386,-0.10666399125218437
89194ad14abffff,88194ad14bfffff,40,40,51.48981583243541,-0.11423528142912137
89194ad14afffff,88194ad14bfffff,40,40,51.48730149564305,-0.11127837254894707
89194ad14b3ffff,88194ad14bfffff,40,40,51.49275651260365,-0.10796267460624585
89194ad14b7ffff,88194ad14bfffff,40,40,51.49024211416263,-0.10500604898676887
89194ad14bbffff,88194ad14bfffff,40,40,51.49254340261243,-0.11257752578769688
89194ad3363ffff,88194ad337fffff,41,41,51.48794044111103,-0.09743567479069651
89194ad3367ffff,88194ad337fffff,41,41,51.485425845618295,-0.0944800289773877
89194ad336bffff,88194ad337fffff,41,41,51.487727649195726,-0.10204975864856292
89194ad336fffff,88194ad337fffff,41,41,51.48521311773327,-0.09909380355026412
89194ad3373ffff,88194ad337fffff,41,41,51.49066763619504,-0.09577741144778502
89194ad3377ffff,88194ad337fffff,41,41,51.488153043144266,-0.09282173973129265
89194ad337bffff,88194ad337fffff,41,41,51.4904549701312,-0.10039165582801615
89194ad35c3ffff,88194ad35dfffff,42,42,51.521922012825826,-0.049834701153489085
89194ad35c7ffff,88194ad35dfffff,42,42,51.519407063376455,-0.046880603904083246
89194ad35cbffff,88194ad35dfffff,42,42,51.52171187061994,-0.05444981554697929
89194ad35cfffff,88194ad35dfffff,42,42,51.51919698506852,-0.0514954084630082
89194ad35d3ffff,88194ad35dfffff,42,42,51.52464691214416,-0.04817385907874893
89194ad35d7ffff,88194ad35dfffff,42,42,51.52213196521998,-0.045219736267478224
89194ad35dbffff,88194ad35dfffff,42,42,51.52443689585175,-0.05278913383522707
89195da4d83ffff,88195da4d9fffff,43,43,51.53447145862761,-0.12297985958372482
89195da4d87ffff,88195da4d9fffff,43,43,51.531957678105805,-0.12002003126428305
89195da4d8bffff,88195da4d9fffff,43,43,51.53425865168973,-0.12759862186746318
89195da4d8fffff,88195da4d9fffff,43,43,51.531744935476375,-0.12463848385676256
89195da4d93ffff,88195da4d9fffff,43,43,51.53719785333739,-0.1213211005198269
89195da4d97ffff,88195da4d9fffff,43,43,51.5346840753891,-0.11836124605505384
89195da4d9bffff,88195da4d9fffff,43,43,51.536985172267116,-0.12594002377567462
89195da6923ffff,88195da693fffff,44,44,51.5416177161731,-0.08271489478348992
89195da6927ffff,88195da693fffff,44,44,51.53910342714976,-0.07975749300964848
89195da692bffff,88195da693fffff,44,44,51.54140668191102,-0.08733278697034481
89195da692fffff,88195da693fffff,44,44,51.53889245701523,-0.08437507527342245
89195da6933ffff,88195da693fffff,44,44,51.54434284684195,-0.08105457945025189
89195da6937ffff,88195da693fffff,44,44,51.541828560403644,-0.07809715183968523
89195da693bffff,88195da693fffff,44,44,51.54413193848359,-0.08567263235310256
89195da4d03ffff,88195da4d1fffff,45,45,51.528805225231174,-0.13091541370156717
89195da4d07ffff,88195da4d1fffff,45,45,51.526291503891386,-0.12795532808479693
89195da4d0bffff,88195da4d1fffff,45,45,51.52859197638022,-0.13553400268728874
89195da4d0fffff,88195da4d1fffff,45,45,51.52607831937088,-0.13257360747119046
89195da4d13ffff,88195da4d1fffff,45,45,51.531532002674275,-0.12925708517155576
89195da4d17ffff,88195da4d1fffff,45,45,51.52901828389416,-0.1262969733525657
89195da4d1bffff,88195da4d1fffff,45,45,51.531318879680484,-0.13387583515578622
89194ad34a3ffff,88194ad34bfffff,46,46,51.52967660666952,-0.05408311111572121
89194ad34a7ffff,88194ad34bfffff,46,46,51.5271617926375,-0.05112831734769541
89194ad34abffff,88194ad34bfffff,46,46,51.52946646251155,-0.05869900566130672
89194ad34afffff,88194ad34bfffff,46,46,51.5269517124238,-0.05574390199071494
89194ad34b3ffff,88194ad34bfffff,46,46,51.53240137245165,-0.052422185440820654
89194ad34b7ffff,88194ad34bfffff,46,46,51.5298865609667,-0.04946736607077701
89194ad34bbffff,88194ad34bfffff,46,46,51.532191354209914,-0.05703824042429407
89194ad34c3ffff,88194ad34dfffff,47,47,51.53952479741156,-0.07052277632389956
89194ad34c7ffff,88194ad34dfffff,47,47,51.53701031356504,-0.06756633017840707
89194ad34cbffff,88194ad34dfffff,47,47,51.539314207275545,-0.07514006000890473
89194ad34cfffff,88194ad34dfffff,47,47,51.536799787488064,-0.07218330391644633
89194ad34d3ffff,88194ad34dfffff,47,47,51.54224967884644,-0.06886211389236054
89194ad34d7ffff,88194ad34dfffff,47,47,51.53973519757684,-0.06590564200737895
89194ad34dbffff,88194ad34dfffff,47,47,51.542039214621724,-0.0734795581917215
89194ad1403ffff,88194ad141fffff,48,48,51.49211661271493,-0.1218076740574607
89194ad1407ffff,88194ad141fffff,48,48,51.4896024066388,-0.11885012060736168
89194ad140bffff,88194ad141fffff,48,48,51.49190293277073,-0.12642297104037586
89194ad140fffff,88194ad141fffff,48,48,51.489388790861554,-0.12346510835339419
89194ad1413ffff,88194ad141fffff,48,48,51.49484430627388,-0.12015010516984001
89194ad1417ffff,88194ad141fffff,48,48,51.49233010265585,-0.1171925256223402
89194ad141bffff,88194ad141fffff,48,48,51.4946307521657,-0.12476556287771805
89194ad3323ffff,88194ad333fffff,49,49,51.48585073182918,-0.08525292633934349
89194ad3327ffff,88194ad333fffff,49,49,51.48333594194775,-0.08229823430657335
89194ad332bffff,88194ad333fffff,49,49,51.48563838364391,-0.08986640322287007
89194ad332fffff,88194ad333fffff,49,49,51.48312365772445,-0.0869114018812462
89194ad3333ffff,88194ad333fffff,49,49,51.48857767764056,-0.08359431621833864
89194ad3337ffff,88194ad333fffff,49,49,51.48606289019303,-0.08063959837941632
89194ad333bffff,88194ad333fffff,49,49,51.48836545531447,-0.08820795352298409
89194ad3503ffff,88194ad351fffff,50,50,51.51416701474785,-0.04558760047452262
89194ad3507ffff,88194ad351fffff,50,50,51.511651930039385,-0.042634199487208736
89194ad350bffff,88194ad351fffff,50,50,51.51395687440407,-0.0502019349267765
89194ad350fffff,88194ad351fffff,50,50,51.51144185354728,-0.04724822417293195
89194ad3513ffff,88194ad351fffff,50,50,51.51689204753401,-0.04392684204555361
89194ad3517ffff,88194ad351fffff,50,50,51.51437696532886,-0.04097341553650836
89194ad351bffff,88194ad351fffff,50,50,51.51668203310102,-0.048541336785995634
89194ad3103ffff,88194ad311fffff,51,51,51.49508819022529,-0.05720913778339358
89194ad3107ffff,88194ad311fffff,51,51,51.49257308819241,-0.054255915743241775
89194ad310bffff,88194ad311fffff,51,51,51.494877168599245,-0.061822350304444836
89194ad310fffff,88194ad311fffff,51,51,51.49236213041589,-0.058868818748735216
89194ad3113ffff,88194ad311fffff,51,51,51.49781412169331,-0.05554932218270692
89194ad3117ffff,88194ad311fffff,51,51,51.49529902211404,-0.0525960745471106
89194ad311bffff,88194ad311fffff,51,51,51.497603225954734,-0.060162694970411566
89195da6b23ffff,88195da6b3fffff,52,52,51.54013648461094,-0.11504327124090413
89195da6b27ffff,88195da6b3fffff,52,52,51.53762264495678,-0.11208370042453453
89195da6b2bffff,88195da6b3fffff,52,52,51.539924119595334,-0.11966220665138343
89195da6b2fffff,88195da6b3fffff,52,52,51.53741034422761,-0.1167023260518194
89195da6b33ffff,88195da6b3fffff,52,52,51.54286249652862,-0.11338408160861305
89195da6b37ffff,88195da6b3fffff,52,52,51.54034865946178,-0.11042448470391561
89195da6b3bffff,88195da6b3fffff,52,52,51.542650257391045,-0.1180031779647819
89195da6963ffff,88195da697fffff,53,53,51.5437095515852,-0.09490918577544877
89195da6967ffff,88195da697fffff,53,53,51.54119545759843,-0.0919508283475428
89195da696bffff,88195da697fffff,53,53,51.54349807300709,-0.09952768618939775
89195da696fffff,88195da697fffff,53,53,51.54098404321623,-0.09656901886227602
89195da6973ffff,88195da697fffff,53,53,51.54643493146474,-0.09324921784100354
89195da6977ffff,88195da697fffff,53,53,51.54392084007102,-0.09029083447907074
89195da697bffff,88195da697fffff,53,53,51.54622357878267,-0.09786787907253511
89194ad3183ffff,88194ad319fffff,54,54,51.50075050491269,-0.04927598822589868
89194ad3187ffff,88194ad319fffff,54,54,51.4982353439667,-0.04632302461240812
89194ad318bffff,88194ad319fffff,54,54,51.5005399248095,-0.05388937193305651
89194ad318fffff,88194ad319fffff,54,54,51.49802482769095,-0.05093609871251719
89194ad3193ffff,88194ad319fffff,54,54,51.50347605376884,-0.0476157430736885
89194ad3197ffff,88194ad319fffff,54,54,51.50096089529036,-0.04466275392162501
89194ad319bffff,88194ad319fffff,54,54,51.50326559956341,-0.0522292870208557
89194ad3163ffff,88194ad317fffff,55,55,51.48942466888462,-0.0651412570892692
89194ad3167ffff,88194ad317fffff,55,55,51.486909625814725,-0.06218777682770665
89194ad316bffff,88194ad317fffff,55,55,51.48921320574466,-0.06975429825295536
89194ad316fffff,88194ad317fffff,55,55,51.486698226546345,-0.0668005085672806
89194ad3173ffff,88194ad317fffff,55,55,51.49215098290572,-0.06348187100618741
89194ad3177ffff,88194ad317fffff,55,55,51.48963594227554,-0.060528365092285444
89194ad317bffff,88194ad317fffff,55,55,51.49193964564288,-0.06809507246311002
89195da4d63ffff,88195da4d7fffff,56,56,51.52313778454856,-0.13884993349219593
89195da4d67ffff,88195da4d7fffff,56,56,51.52062412244045,-0.13588959078384166
89195da4d6bffff,88195da4d7fffff,56,56,51.52292409379376,-0.1434683490086593
89195da4d6fffff,88195da4d7fffff,56,56,51.52041049603805,-0.140507696792944
89195da4d73ffff,88195da4d7fffff,56,56,51.5258649446661,-0.13719203546153413
89195da4d77ffff,88195da4d7fffff,56,56,51.52335128510383,-0.1342316664940688
89195da4d7bffff,88195da4d7fffff,56,56,51.525651379758045,-0.14181061200292683
89195da4923ffff,88195da493fffff,57,57,51.50195883361917,-0.13825777606139694
89195da4927ffff,88195da493fffff,57,57,51.499444958486166,-0.1352985715826198
89195da492bffff,88195da493fffff,57,57,51.501744706664105,-0.142874458565313
89195da492fffff,88195da493fffff,57,57,51.499230895812765,-0.1399149448062882
89195da4933ffff,88195da493fffff,57,57,51.50468664310609,-0.1366004726861184
89195da4937ffff,88195da493fffff,57,57,51.502172770461264,-0.1336412419723629
89195da493bffff,88195da493fffff,57,57,51.504472641982,-0.1412173160912833
89194ad3483ffff,88194ad349fffff,58,58,51.53743079589399,-0.05833283092004537
89194ad3487ffff,88194ad349fffff,58,58,51.5349161174376,-0.055377340376798964
89194ad348bffff,88194ad349fffff,58,58,51.537220649693985,-0.0629495058286586
89194ad348fffff,88194ad349fffff,58,58,51.53470603522821,-0.05999370531481284
89194ad3493ffff,88194ad349fffff,58,58,51.54015542807166,-0.0566718216906303
89194ad3497ffff,88194ad349fffff,58,58,51.53764075218417,-0.053716305505162855
89194ad349bffff,88194ad349fffff,58,58,51.53994540779056,-0.061288657112085504
89195da4903ffff,88195da491fffff,59,59,51.50971418803255,-0.14251994088473235
89195da4907ffff,88195da491fffff,59,59,51.50720044897334,-0.13956003897649358
89195da490bffff,88195da491fffff,59,59,51.50950005827539,-0.1471374029696494
89195da490fffff,88195da491fffff,59,59,51.50698638354422,-0.14417719171362403
89195da4913ffff,88195da491fffff,59,59,51.51244186417679,-0.14086255539095863
89195da4917ffff,88195da491fffff,59,59,51.509928127627695,-0.1379026272072687
89195da491bffff,88195da491fffff,59,59,51.51222786025328,-0.1454801784521327
89195da6ba3ffff,88195da6bbfffff,60,60,51.54580030305449,-0.10710564877553252
89195da6ba7ffff,88195da6bbfffff,60,60,51.543286404317634,-0.1041463356681008
89195da6babffff,88195da6bbfffff,60,60,51.54558837997028,-0.11172475714135027
89195da6bafffff,88195da6bbfffff,60,60,51.54307454549782,-0.10876513415877874
89195da6bb3ffff,88195da6bbfffff,60,60,51.54852593212133,-0.10544602854044359
89195da6bb7ffff,88195da6bbfffff,60,60,51.54601203598558,-0.1024866894016283
89195da6bbbffff,88195da6bbfffff,60,60,51.54831413492552,-0.11006529782548001
89194ad3523ffff,88194ad353fffff,61,61,51.50641161282046,-0.04134180852031887
89194ad3527ffff,88194ad353fffff,61,61,51.50389639301126,-0.03838910353878478
89194ad352bffff,88194ad353fffff,61,61,51.50620147424895,-0.04595536324219878
89194ad352fffff,88194ad353fffff,61,61,51.5036863182451,-0.043002348562125654
89194ad3533ffff,88194ad353fffff,61,61,51.509136779006056,-0.03968113378266098
89194ad3537ffff,88194ad353fffff,61,61,51.50662156167825,-0.036728403319443104
89194ad353bffff,88194ad353fffff,61,61,51.50892676634262,-0.044294848717942405
89194ad1443ffff,88194ad145fffff,62,62,51.49420307385239,-0.1339969238240845
89194ad1447ffff,88194ad145fffff,62,62,51.49168906280424,-0.13103841651836884
89194ad144bffff,88194ad145fffff,62,62,51.49398894960935,-0.13861282695707927
89194ad144fffff,88194ad145fffff,62,62,51.491475002796506,-0.13565401043864808
89194ad1453ffff,88194ad145fffff,62,62,51.496931016613495,-0.13233970261373207
89194ad1457ffff,88194ad145fffff,62,62,51.494417008031526,-0.12938116911341446
89194ad145bffff,88194ad145fffff,62,62,51.49671701819872,-0.1369557665729959
89194ad06c3ffff,88194ad06dfffff,63,63,51.48375994101721,-0.07307234604025402
89194ad06c7ffff,88194ad06dfffff,63,63,51.48124495696016,-0.0701186077623894
89194ad06cbffff,88194ad06dfffff,63,63,51.48354803637235,-0.07768521567537612
89194ad06cfffff,88194ad06dfffff,63,63,51.4810331162089,-0.07473116806487622
89194ad06d3ffff,88194ad06dfffff,63,63,51.48648663753263,-0.07141338944082325
89194ad06d7ffff,88194ad06dfffff,63,63,51.48397165590135,-0.06845962545377256
89194ad06dbffff,88194ad06dfffff,63,63,51.4862748587545,-0.0760264193957039
89194ad15c3ffff,88194ad15dfffff,64,64,51.482272622464194,-0.10536556056254288
89194ad15c7ffff,88194ad15dfffff,64,64,51.47975808613854,-0.10240965737380715
89194ad15cbffff,88194ad15dfffff,64,64,51.4820593889624,-0.10997947206540516
89194ad15cfffff,88194ad15dfffff,64,64,51.479544916689086,-0.10702325968330287
89194ad15d3ffff,88194ad15dfffff,64,64,51.4850001999699,-0.1037077268888637
89194ad15d7ffff,88194ad15dfffff,64,64,51.48248566607228,-0.10075179774007695
89194ad15dbffff,88194ad15dfffff,64,64,51.48478709230914,-0.10832179894051158
89194ad1423ffff,88194ad143fffff,65,65,51.48436030721977,-0.11755038897249728
89194ad1427ffff,88194ad143fffff,65,65,51.48184596554804,-0.11459353219600328
89194ad142bffff,88194ad143fffff,65,65,51.48414662975314,-0.12216490684739192
89194ad142fffff,88194ad143fffff,65,65,51.481632352202034,-0.11920774090160659
89194ad1433ffff,88194ad143fffff,65,65,51.48708813396771,-0.11589290248618776
89194ad1437ffff,88194ad143fffff,65,65,51.4845737947321,-0.11293601965262175
89194ad143bffff,88194ad143fffff,65,65,51.48687458233443,-0.12050758101118889
89195da49c3ffff,88195da49dfffff,66,66,51.51746913670682,-0.14678341885353213
89195da49c7ffff,88195da49dfffff,66,66,51.51495553388001,-0.1438228192592878
89195da49cbffff,88195da49dfffff,66,66,51.517255004057475,-0.1514016607296021
89195da49cfffff,88195da49dfffff,66,66,51.51474146560509,-0.14844075172000526
89195da49d3ffff,88195da49dfffff,66,66,51.520196679439884,-0.1451259512876273
89195da49d7ffff,88195da49dfffff,66,66,51.517683079145094,-0.1421653253774547
89195da49dbffff,88195da49dfffff,66,66,51.519982672626845,-0.14974435421502685
89194e69b63ffff,88194e69b7fffff,67,67,51.52758138356957,-0.04189759667564089
89194e69b67ffff,88194e69b7fffff,67,67,51.52506637530177,-0.038943758239139654
89194e69b6bffff,88194e69b7fffff,67,67,51.527371683013065,-0.04651288222515309
89194e69b6fffff,88194e69b7fffff,67,67,51.52485673862113,-0.043558733862513445
89194e69b73ffff,88194e69b7fffff,67,67,51.530305900054785,-0.040236324693216655
89194e69b77ffff,88194e69b7fffff,67,67,51.527790894326074,-0.037282460751836125
89194e69b7bffff,88194e69b7fffff,67,67,51.530096325422086,-0.04485177057902231
89194ad1583ffff,88194ad159fffff,68,68,51.48018385544344,-0.09318289890834008
89194ad1587ffff,88194ad159fffff,68,68,51.477669124676915,-0.09022794928215931
89194ad158bffff,88194ad159fffff,68,68,51.47997106571703,-0.09779620376461763
89194ad158fffff,88194ad159fffff,68,68,51.47745639893444,-0.09484094492112323
89194ad1593ffff,88194ad159fffff,68,68,51.482911183683434,-0.0915247183468019
89194ad1597ffff,88194ad159fffff,68,68,51.480396455336866,-0.08856974285763847
89194ad159bffff,88194ad159fffff,68,68,51.4826985198057,-0.09613818365060857
89194ad3583ffff,88194ad359fffff,69,69,51.51982665064411,-0.037651443420535904
89194ad3587ffff,88194ad359fffff,69,69,51.517311507119764,-0.034698301258325556
89194ad358bffff,88194ad359fffff,69,69,51.519616951895294,-0.04226594887239038
89194ad358fffff,88194ad359fffff,69,69,51.517101872200556,-0.03931249685212829
89194ad3593ffff,88194ad359fffff,69,69,51.5225513006491,-0.03599025522813352
89194ad3597ffff,88194ad359fffff,69,69,51.520036159641954,-0.033037087601102154
89194ad359bffff,88194ad359fffff,69,69,51.52234172782136,-0.04060492094148683
89195da4dc3ffff,88195da4ddfffff,70,70,51.53655923951045,-0.1351783164396663
89195da4dc7ffff,88195da4ddfffff,70,70,51.534045654556515,-0.1322175328534724
89195da4dcbffff,88195da4ddfffff,70,70,51.53634598778603,-0.13979768574202833
89195da4dcfffff,88195da4ddfffff,70,70,51.53383246720894,-0.13683659248883454
89195da4dd3ffff,88195da4ddfffff,70,70,51.539285883370155,-0.1335199055954671
89195da4dd7ffff,88195da4ddfffff,70,70,51.536772300997804,-0.13055909576657393
89195da4ddbffff,88195da4ddfffff,70,70,51.539072757505586,-0.13813943597147035
89195da69a3ffff,88195da69bfffff,71,71,51.54727844142394,-0.07477606494686173
89195da69a7ffff,88195da69bfffff,71,71,51.54476409347229,-0.07181892152507449
89195da69abffff,88195da69bfffff,71,71,51.54706784901143,-0.07939412926006854
89195da69afffff,88195da69bfffff,71,71,51.544553565165174,-0.07643667582332524
89195da69b3ffff,88195da69bfffff,71,71,51.55000318916956,-0.07311531919674787
89195da69b7ffff,88195da69bfffff,71,71,51.54748884381671,-0.07015814999521032
89195da69bbffff,88195da69bfffff,71,71,51.54979272267104,-0.07773354419930636
89195da6903ffff,88195da691fffff,72,72,51.54937121952758,-0.08697044217641438
89195da6907ffff,88195da691fffff,72,72,51.54685706656009,-0.08401234288202049
89195da690bffff,88195da691fffff,72,72,51.54916018284447,-0.09158911504537472
89195da690fffff,88195da691fffff,72,72,51.546646094050864,-0.08863070575991908
89195da6913ffff,88195da691fffff,72,72,51.55209621649068,-0.08531004371488436
89195da6917ffff,88195da691fffff,72,72,51.54958206613008,-0.0823519185434706
89195da691bffff,88195da691fffff,72,72,51.551885305713995,-0.08992887737488542
89195da6b63ffff,88195da6b7fffff,73,73,51.54222520853455,-0.12724181718462374
89195da6b67ffff,88195da6b7fffff,73,73,51.53971156439603,-0.12428129088253054
89195da6b6bffff,88195da6b7fffff,73,73,51.542012398777686,-0.13186135994262577
89195da6b6fffff,88195da6b7fffff,73,73,51.53949881899399,-0.12890052388152395
89195da6b73ffff,88195da6b7fffff,73,73,51.5449514696092,-0.12558297566225288
89195da6b77ffff,88195da6b7fffff,73,73,51.54243782806601,-0.12262242317439326
89195da6b7bffff,88195da6b7fffff,73,73,51.544738785722586,-0.13020267946746075
89194e69b43ffff,88194e69b5fffff,74,74,51.535335712213914,-0.04614505909420976
89194e69b47ffff,88194e69b5fffff,74,74,51.532820839360895,-0.043190524126852654
89194e69b4bffff,88194e69b5fffff,74,74,51.53512600975978,-0.05076112495234275
89194e69b4fffff,88194e69b5fffff,74,74,51.53261120082898,-0.047806279990794474
89194e69b53ffff,88194e69b5fffff,74,74,51.53806009511113,-0.04448370336733292
89194e69b57ffff,88194e69b5fffff,74,74,51.53554522481902,-0.041529142854957395
89194e69b5bffff,88194e69b5fffff,74,74,51.5378505185835,-0.04909992963667461
89195da4d43ffff,88195da4d5fffff,75,75,51.530892063041996,-0.14311378092126686
89195da4d47ffff,88195da4d5fffff,75,75,51.52837853732231,-0.14015274025683733
89195da4d4bffff,88195da4d5fffff,75,75,51.53067836935931,-0.1477329765967778
89195da4d4fffff,88195da4d5fffff,75,75,51.52816490803846,-0.14477162635736257
89195da4d53ffff,88195da4d5fffff,75,75,51.533619089628,-0.1414558007207257
89195da4d57ffff,88195da4d5fffff,75,75,51.53110556647606,-0.13849473375665103
89195da4d5bffff,88195da4d5fffff,75,75,51.53340552179472,-0.14607515749625202
89194e69a63ffff,88194e69a7fffff,76,76,51.545184580114366,-0.06258386112546843
89194e69a67ffff,88194e69a7fffff,76,76,51.542670037391844,-0.05962767355028205
89194e69a6bffff,88194e69a7fffff,76,76,51.54497443178233,-0.06720131660820722
89194e69a6fffff,88194e69a7fffff,76,76,51.542459953096795,-0.06424481899431451
89194e69a73ffff,88194e69a7fffff,76,76,51.54790907861921,-0.06092276838731693
89194e69a77ffff,88194e69a7fffff,76,76,51.5453945384875,-0.057966555129645866
89194e69a7bffff,88194e69a7fffff,76,76,51.5476990562088,-0.065540384457778
89194ad1463ffff,88194ad147fffff,77,77,51.486446909117994,-0.1297373836137021
89194ad1467ffff,88194ad147fffff,77,77,51.48393276231325,-0.12677957322466352
89194ad146bffff,88194ad147fffff,77,77,51.48623278749697,-0.13435250758581324
89194ad146fffff,88194ad147fffff,77,77,51.48371870488118,-0.13139438805163062
89194ad1473ffff,88194ad147fffff,77,77,51.48917498508466,-0.12808024461449746
89194ad1477ffff,88194ad147fffff,77,77,51.48666084072416,-0.12512240807127528
89194ad147bffff,88194ad147fffff,77,77,51.48896098928925,-0.13269552933797246
89194ad31a3ffff,88194ad31bfffff,78,78,51.492994434620684,-0.04503055769854279
89194ad31a7ffff,88194ad31bfffff,78,78,51.49047913872974,-0.0420782898223824
89194ad31abffff,88194ad31bfffff,78,78,51.49278385625434,-0.0496431620423607
89194ad31afffff,88194ad31bfffff,78,78,51.49026862414456,-0.046690584627058544
89194ad31b3ffff,88194ad31bfffff,78,78,51.49572011675585,-0.043370396139059735
89194ad31b7ffff,88194ad31bfffff,78,78,51.493204823310485,-0.04041810276436842
89194ad31bbffff,88194ad31bfffff,78,78,51.495509664284555,-0.047983160648149295
89194ad3123ffff,88194ad313fffff,79,79,51.48733185519149,-0.052962760960643326
89194ad3127ffff,88194ad313fffff,79,79,51.484816618211205,-0.05001023464555245
89194ad312bffff,88194ad313fffff,79,79,51.487120835356734,-0.057575194274626394
89194ad312fffff,88194ad313fffff,79,79,51.484605662179746,-0.05462235851185324
89194ad3133ffff,88194ad313fffff,79,79,51.4900579198865,-0.05130302880863765
89194ad3137ffff,88194ad313fffff,79,79,51.48754268533793,-0.04835047693820921
89194ad313bffff,88194ad313fffff,79,79,51.4898470259365,-0.05591562231455168
89194ad35a3ffff,88194ad35bfffff,80,80,51.51207151382241,-0.03340659877033401
89194ad35a7ffff,88194ad35bfffff,80,80,51.50955623519982,-0.03045415262598883
89194ad35abffff,88194ad35bfffff,80,80,51.51186181679141,-0.038020324335502224
89194ad35afffff,88194ad35bfffff,80,80,51.509346601952096,-0.035067568401148934
89194ad35b3ffff,88194ad35bfffff,80,80,51.51479629727879,-0.0317454944134212
89194ad35b7ffff,88194ad35bfffff,80,80,51.51228102115149,-0.02879302284430406
89194ad35bbffff,88194ad35bfffff,80,80,51.51458672616615,-0.03635938016526592
89194ad0643ffff,88194ad065fffff,81,81,51.4780940067498,-0.08100240453319121
89194ad0647ffff,88194ad065fffff,81,81,51.475579081755455,-0.07804840844417539
89194ad064bffff,88194ad065fffff,81,81,51.47788166060904,-0.08561510246864054
89194ad064fffff,88194ad065fffff,81,81,51.475366799530356,-0.0826607971385129
89194ad0653ffff,88194ad065fffff,81,81,51.480821085700626,-0.07934387738334572
89194ad0657ffff,88194ad065fffff,81,81,51.47830616311818,-0.07638985552836583
89194ad065bffff,88194ad065fffff,81,81,51.480608865416286,-0.08395673566510678
89195da6943ffff,88195da695fffff,82,82,51.551462913831685,-0.09916699229021435
89195da6947ffff,88195da695fffff,82,82,51.54894895606177,-0.096207937097575
89195da694bffff,88195da695fffff,82,82,51.55125143268801,-0.10378627343995402
89195da694fffff,88195da695fffff,82,82,51.5487375391604,-0.10082690828019926
89195da6953ffff,88195da695fffff,82,82,51.554188159988996,-0.09750694141796308
89195da6957ffff,88195da695fffff,82,82,51.551674204834015,-0.09454786025093306
89195da695bffff,88195da695fffff,82,82,51.553976804744,-0.10212638346032292
89195da6b03ffff,88195da6b1fffff,83,83,51.5478899699876,-0.11930428325846773
89195da6b07ffff,88195da6b1fffff,83,83,51.54537626671404,-0.11634401444632926
89195da6b0bffff,88195da6b1fffff,83,83,51.54767760220744,-0.12392399930074617
89195da6b0fffff,88195da6b1fffff,83,83,51.5451639632667,-0.12096342063760109
89195da6b13ffff,88195da6b1fffff,83,83,51.55061584821833,-0.11764501102333931
89195da6b17ffff,88195da6b1fffff,83,83,51.54810214755396,-0.1146847160824159
89195da6b1bffff,88195da6b1fffff,83,83,51.550403606318824,-0.12226488808638349
89195da4963ffff,88195da497fffff,84,84,51.50404406930792,-0.15045144803323746
89195da4967ffff,88195da497fffff,84,84,51.50153038957712,-0.14749128943129752
89195da496bffff,88195da497fffff,84,84,51.50382949772002,-0.15506873646436975
89195da496fffff,88195da497fffff,84,84,51.501315882339235,-0.15210826860657436
89195da4973ffff,88195da497fffff,84,84,51.50677212795678,-0.148794492825448
89195da4977ffff,88195da497fffff,84,84,51.504258450722254,-0.14583430789128143
89195da497bffff,88195da497fffff,84,84,51.50655768219209,-0.15341194225919205
89194ad2243ffff,88194ad225fffff,85,85,51.49865580742871,-0.03709732473268818
89194ad2247ffff,88194ad225fffff,85,85,51.49614045267699,-0.03414531550058183
89194ad224bffff,88194ad225fffff,85,85,51.4984456705396,-0.04171009993496251
89194ad224fffff,88194ad225fffff,85,85,51.49593037954697,-0.038757781072357875
89194ad2253ffff,88194ad225fffff,85,85,51.501381106945324,-0.035436733731836166
89194ad2257ffff,88194ad225fffff,85,85,51.498865754653075,-0.032484699058099725
89194ad225bffff,88194ad225fffff,85,85,51.50117109596156,-0.0400496690727437
89194ad1683ffff,88194ad169fffff,86,86,51.4962884510905,-0.1461883396454372
89194ad1687ffff,88194ad169fffff,86,86,51.49377463528345,-0.14322887845958296
89194ad168bffff,88194ad169fffff,86,86,51.49607388235912,-0.15080484865303517
89194ad168fffff,88194ad169fffff,86,86,51.49356013085571,-0.14784507827882754
89194ad1693ffff,88194ad169fffff,86,86,51.49901664303011,-0.14453146641212639
89194ad1697ffff,88194ad169fffff,86,86,51.496502829697384,-0.14157197893449616
89194ad169bffff,88194ad169fffff,86,86,51.49880220011926,-0.14914813634734855
89195da48a3ffff,88195da48bfffff,87,87,51.52522367925628,-0.1510482105275144
89195da48a7ffff,88195da48bfffff,87,87,51.522710212820435,-0.14808691299056154
89195da48abffff,88195da48bfffff,87,87,51.52500954362463,-0.15566723240496194
89195da48afffff,88195da48bfffff,87,87,51.52249614160959,-0.15270562538507368
89195da48b3ffff,88195da48bfffff,87,87,51.5279510885097,-0.14939066093598527
89195da48b7ffff,88195da48bfffff,87,87,51.52543762462778,-0.14642933704256647
89195da48bbffff,88195da48bfffff,87,87,51.52773707871699,-0.15400984393981734
89194ad0683ffff,88194ad069fffff,88,88,51.48166806926756,-0.06089393441539112
89194ad0687ffff,88194ad069fffff,88,88,51.47915289124789,-0.05794114986653049
89194ad068bffff,88194ad069fffff,88,88,51.48145660797337,-0.06550619652835334
89194ad068fffff,88194ad069fffff,88,88,51.478941493779026,-0.06255310262328583
89194ad0693ffff,88194ad069fffff,88,88,51.48439451646366,-0.05923463163703817
89194ad0697ffff,88194ad069fffff,88,88,51.48187934086175,-0.05628182147600486
89194ad069bffff,88194ad069fffff,88,88,51.484183181043846,-0.06384705396851949
89194e69a23ffff,88194e69a3fffff,89,89,51.5430896361924,-0.05039383123506046
89194e69a27ffff,88194e69a3fffff,89,89,51.54057489891238,-0.04743859948022004
89194e69a2bffff,88194e69a3fffff,89,89,51.54287993175072,-0.05501067761296339
89194e69a2fffff,88194e69a3fffff,89,89,51.54036525843921,-0.052055135795784864
89194e69a33ffff,88194e69a3fffff,89,89,51.54581388543325,-0.04873239180937105
89194e69a37ffff,88194e69a3fffff,89,89,51.543299150736,-0.04577713446929734
89194e69a3bffff,88194e69a3fffff,89,89,51.545604306920765,-0.05334939867337019
89195da4943ffff,88195da495fffff,90,90,51.51179928183318,-0.15471586968369397
89195da4947ffff,88195da495fffff,90,90,51.509285738337255,-0.1517550134091929
89195da494bffff,88195da495fffff,90,90,51.51158470729867,-0.1593339377484184
89195da494fffff,88195da495fffff,90,90,51.50907122819916,-0.15637277215049686
89195da4953ffff,88195da495fffff,90,90,51.51452720712279,-0.15305883254798974
89195da4957ffff,88195da495fffff,90,90,51.512013666145066,-0.15009794990068423
89195da495bffff,88195da495fffff,90,90,51.514312758414135,-0.15767706169032153
89194ad1543ffff,88194ad155fffff,91,91,51.47660359748124,-0.1132944146792663
89194ad1547ffff,88194ad155fffff,91,91,51.47408912037246,-0.11033825432023266
89194ad154bffff,88194ad155fffff,91,91,51.47638992240224,-0.11790815365618837
89194ad154fffff,88194ad155fffff,91,91,51.473875509367765,-0.11495168419543758
89194ad1553ffff,88194ad155fffff,91,91,51.4793315573496,-0.11163701064044954
89194ad1557ffff,88194ad155fffff,91,91,51.47681708265498,-0.10868082426464806
89194ad155bffff,88194ad155fffff,91,91,51.47911800810126,-0.11625091019266029
89194ad16a3ffff,88194ad16bfffff,92,92,51.48853242756679,-0.14192654396096782
89194ad16a7ffff,88194ad16bfffff,92,92,51.486018475842144,-0.13896777993484186
89194ad16abffff,88194ad16bfffff,92,92,51.4883178616019,-0.14654227375506806
89194ad16afffff,88194ad16bfffff,92,92,51.485803974134505,-0.1435832006080124
89194ad16b3ffff,88194ad16bfffff,92,92,51.49126075272857,-0.14026975274856693
89194ad16b7ffff,88194ad16bfffff,92,92,51.488746803456245,-0.13731096247103458
89194ad16bbffff,88194ad16bfffff,92,92,51.49104631258147,-0.14488564339522977
89194ad1503ffff,88194ad151fffff,93,93,51.47451577275305,-0.10111184036925258
89194ad1507ffff,88194ad151fffff,93,93,51.47200110115126,-0.09815663335481192
89194ad150bffff,88194ad151fffff,93,93,51.474302541494566,-0.10572497302728565
89194ad150fffff,88194ad151fffff,93,93,51.471787933898746,-0.10276945688711309
89194ad1513ffff,88194ad151fffff,93,93,51.477243483362656,-0.09945408933296095
89194ad1517ffff,88194ad151fffff,93,93,51.47472881416691,-0.09649885639875559
89194ad151bffff,88194ad151fffff,93,93,51.47703037794247,-0.10406738246498504
89194e69b23ffff,88194e69b3fffff,94,94,51.525485079350176,-0.029714255981384493
89194e69b27ffff,88194e69b3fffff,94,94,51.52296987705982,-0.02676137284970099
89194e69b2bffff,88194e69b3fffff,94,94,51.52527582220507,-0.03432893226121742
89194e69b2fffff,88194e69b3fffff,94,94,51.52276068372223,-0.03137573918000271
89194e69b33ffff,88194e69b3fffff,94,94,51.528209346515425,-0.028052637991688015
89194e69b37ffff,88194e69b3fffff,94,94,51.525694146756145,-0.025099729452198336
89194e69b3bffff,88194e69b3fffff,94,94,51.528000215301674,-0.032667474506325705
89194ad22c3ffff,88194ad22dfffff,95,95,51.50431597348938,-0.02916306216679286
89194ad22c7ffff,88194ad22dfffff,95,95,51.50180055992673,-0.02621131178396997
89194ad22cbffff,88194ad22dfffff,95,95,51.504106278086304,-0.03377600805614715
89194ad22cfffff,88194ad22dfffff,95,95,51.50159092826068,-0.03082394795139866
89194ad22d3ffff,88194ad22dfffff,95,95,51.50704089032871,-0.027502041690766643
89194ad22d7ffff,88194ad22dfffff,95,95,51.504525479239476,-0.02455026592324743
89194ad22dbffff,88194ad22dfffff,95,95,51.50683132084128,-0.032115147692049616
89195da6b83ffff,88195da6b9fffff,96,96,51.553553523742785,-0.111365714763468
89195da6b87ffff,88195da6b9fffff,96,96,51.55103976138391,-0.10840570364727074
89195da6b8bffff,88195da6b9fffff,96,96,51.5533415979485,-0.11598560391859923
89195da6b8fffff,88195da6b9fffff,96,96,51.55082789990034,-0.11302528285933622
89195da6b93ffff,88195da6b9fffff,96,96,51.556279019070914,-0.1097060117811801
89195da6b97ffff,88195da6b9fffff,96,96,51.55376525933496,-0.10674597459312528
89195da6b9bffff,88195da6b9fffff,96,96,51.55606721916765,-0.1143260619305705
89194e69b03ffff,88194e69b1fffff,97,97,51.5332395469648,-0.03395946136772829
89194e69b07ffff,88194e69b1fffff,97,97,51.530724479928445,-0.031005881949716544
89194e69b0bffff,88194e69b1fffff,97,97,51.53303028806647,-0.03857491790163412
89194e69b0fffff,88194e69b1fffff,97,97,51.53051528488389,-0.03562102846589112
89194e69b13ffff,88194e69b1fffff,97,97,51.53596368055842,-0.03229775944376241
89194e69b17ffff,88194e69b1fffff,97,97,51.533448616075,-0.02934415457784386
89194e69b1bffff,88194e69b1fffff,97,97,51.53575454759414,-0.03691337628726754
89194ad0603ffff,88194ad061fffff,98,98,51.476003076975495,-0.06882407795950644
89194ad0607ffff,88194ad061fffff,98,98,51.47348795796628,-0.06587103538191545
89194ad060bffff,88194ad061fffff,98,98,51.475791174230814,-0.07343616870031103
89194ad060fffff,88194ad061fffff,98,98,51.47327611906896,-0.07048281685792789
89194ad0613ffff,88194ad061fffff,98,98,51.47872990661378,-0.0671652045208339
89194ad0617ffff,88194ad061fffff,98,98,51.476214790008434,-0.06421213627424248
89194ad061bffff,88194ad061fffff,98,98,51.47851812973316,-0.07177745550671549
89194ad1083ffff,88194ad109fffff,99,99,51.47869033980178,-0.12547915487137198
89194ad1087ffff,88194ad109fffff,99,99,51.47617605739905,-0.12252204114280561
89194ad108bffff,88194ad109fffff,99,99,51.47847622071277,-0.13009349989256977
89194ad108fffff,88194ad109fffff,99,99,51.47596200245263,-0.12713607708636782
89194ad1093ffff,88194ad109fffff,99,99,51.48141854890542,-0.12382209812957826
89194ad1097ffff,88194ad109fffff,99,99,51.47890426892495,-0.12086495828716054
89194ad109bffff,88194ad109fffff,99,99,51.481204555639295,-0.12843660382723235
89195da6983ffff,88195da699fffff,100,100,51.55503167970897,-0.0790306652093657
89195da6987ffff,88195da699fffff,100,100,51.55251746781046,-0.07607282425431297
89195da698bffff,88195da699fffff,100,100,51.55482108492988,-0.08364951036175053
89195da698fffff,88195da699fffff,100,100,51.55230693718317,-0.08069135932377014
89195da6993ffff,88195da699fffff,100,100,51.55775629369707,-0.07736983618652095
89195da6997ffff,88195da699fffff,100,100,51.55524208441925,-0.07441196941146276
89195da699bffff,88195da699fffff,100,100,51.557545824834676,-0.08198884210330754
89194e69a43ffff,88194e69a5fffff,101,101,51.552937958945755,-0.0668362022914334
89194e69a47ffff,88194e69a5fffff,101,101,51.55042355211545,-0.06387931742742292
89194e69a4bffff,88194e69a5fffff,101,101,51.55272780839165,-0.07145443855928474
89194e69a4fffff,88194e69a5fffff,101,101,51.55021346564469,-0.06849724358854094
89194e69a53ffff,88194e69a5fffff,101,101,51.555662323709555,-0.06517502609023593
89194e69a57ffff,88194e69a5fffff,101,101,51.553147919491884,-0.06221811550352923
89194e69a5bffff,88194e69a5fffff,101,101,51.55545229907978,-0.06979342302084128
89195da4823ffff,88195da483fffff,102,102,51.51955408828051,-0.1589816051565266
89195da4827ffff,88195da483fffff,102,102,51.51704068117809,-0.15602005095282964
89195da482bffff,88195da483fffff,102,102,51.519339510709244,-0.16360045306487103
89195da482fffff,88195da483fffff,102,102,51.516826168049626,-0.16063858947027415
89195da4833ffff,88195da483fffff,102,102,51.522281880142316,-0.15732448613931233
89195da4837ffff,88195da483fffff,102,102,51.51976847558006,-0.15436290552230075
89195da483bffff,88195da483fffff,102,102,51.52206742839959,-0.16194349520040088
89194ad2643ffff,88194ad265fffff,103,103,51.5177302077925,-0.025470359079830567
89194ad2647ffff,88194ad265fffff,103,103,51.51521487040641,-0.022518171978022947
89194ad264bffff,88194ad265fffff,103,103,51.51752095231073,-0.030084255316706967
89194ad264fffff,88194ad265fffff,103,103,51.51500567868584,-0.027131758333479125
89194ad2653ffff,88194ad265fffff,103,103,51.520454608461016,-0.023808825069793867
89194ad2657ffff,88194ad265fffff,103,103,51.51793927358415,-0.020856612600240798
89194ad265bffff,88194ad265fffff,103,103,51.52024547890789,-0.028422881466688543
89195da4ca3ffff,88195da4cbfffff,104,104,51.54431284718592,-0.1394425332080167
89195da4ca7ffff,88195da4cbfffff,104,104,51.541799398776334,-0.13648105139547168
89195da4cabffff,88195da4cbfffff,104,104,51.54409959249786,-0.144062683037541
89195da4cafffff,88195da4cbfffff,104,104,51.54158620851158,-0.14110089149032784
89195da4cb3ffff,88195da4cbfffff,104,104,51.547039357393906,-0.1377840400960536
89195da4cb7ffff,88195da4cbfffff,104,104,51.54452591158784,-0.13482253200037173
89195da4cbbffff,88195da4cbfffff,104,104,51.5468262285684,-0.14240435107437485
89195da4c23ffff,88195da4c3fffff,105,105,51.5386459349783,-0.14737894249823538
89195da4c27ffff,88195da4c3fffff,105,105,51.536132545805565,-0.1444172036208
89195da4c2bffff,88195da4c3fffff,105,105,51.53843223827749,-0.15199891854312392
89195da4c2fffff,88195da4c3fffff,105,105,51.53591891355008,-0.1490368700231125
89195da4c33ffff,88195da4c3fffff,105,105,51.54137282796433,-0.14572088017425452
89195da4c37ffff,88195da4c3fffff,105,105,51.53885944138131,-0.1427591149567022
89195da4c3bffff,88195da4c3fffff,105,105,51.541159257115694,-0.1503410173943448
89194ad15a3ffff,88194ad15bfffff,106,106,51.472426866209275,-0.08893143246512564
89194ad15a7ffff,88194ad15bfffff,106,106,51.46991200032745,-0.08597717877003895
89194ad15abffff,88194ad15bfffff,106,106,51.47221407858178,-0.09354395852993484
89194ad15afffff,88194ad15bfffff,106,106,51.46969927663763,-0.09058939568525533
89194ad15b3ffff,88194ad15bfffff,106,106,51.47515432753656,-0.08727333473076951
89194ad15b7ffff,88194ad15bfffff,106,106,51.472639464052776,-0.08431905521294826
89194ad15bbffff,88194ad15bfffff,106,106,51.47494166575509,-0.0918860211684133
89195da69c3ffff,88195da69dfffff,107,107,51.5571243168162,-0.09122730188781258
89195da69c7ffff,88195da69dfffff,107,107,51.55461030006287,-0.08826850481584476
89195da69cbffff,88195da69dfffff,107,107,51.556913277621945,-0.09584675564980799
89195da69cfffff,88195da69dfffff,107,107,51.55439932508893,-0.09288764851886248
89195da69d3ffff,88195da69dfffff,107,107,51.55984918000531,-0.08956682034401876
89195da69d7ffff,88195da69dfffff,107,107,51.55733516588077,-0.08660799735469138
89195da69dbffff,88195da69dfffff,107,107,51.55963826672017,-0.09418643497212334
89194e69bc3ffff,88194e69bdfffff,108,108,51.54099361025163,-0.03820597579753165
89194e69bc7ffff,88194e69bdfffff,108,108,51.53847867862745,-0.03525169983652845
89194e69bcbffff,88194e69bdfffff,108,108,51.54078434951017,-0.0428222127966134
89194e69bcfffff,88194e69bdfffff,108,108,51.53826948178607,-0.039867626749727984
89194e69bd3ffff,88194e69bdfffff,108,108,51.54371761020537,-0.03654418998477797
89194e69bd7ffff,88194e69bdfffff,108,108,51.54120268115595,-0.033589888535737605
89194e69bdbffff,88194e69bdfffff,108,108,51.543508475400664,-0.041160587368343514
89195da6b43ffff,88195da6b5fffff,109,109,51.549978551791234,-0.13150508869801708
89195da6b47ffff,88195da6b5fffff,109,109,51.54746504419442,-0.1285438641563278
89195da6b4bffff,88195da6b5fffff,109,109,51.549765739125164,-0.1361254121408682
89195da6b4fffff,88195da6b5fffff,109,109,51.5472522959296,-0.13316387777241895
89195da6b53ffff,88195da6b5fffff,109,109,51.552704679162346,-0.12984616476349936
89195da6b57ffff,88195da6b5fffff,109,109,51.550191174182785,-0.12688491399554813
89195da6b5bffff,88195da6b5fffff,109,109,51.552491992369184,-0.1344666493287122
89195da4883ffff,88195da489fffff,110,110,51.53297781529529,-0.15531431646669994
89195da4887ffff,88195da489fffff,110,110,51.53046448540902,-0.15235232073026841
89195da488bffff,88195da489fffff,110,110,51.53276367659114,-0.1599341185557912
89195da488fffff,88195da489fffff,110,110,51.5302504111721,-0.15697181326883497
89195da4893ffff,88195da489fffff,110,110,51.53570509100056,-0.15365668489600673
89195da4897ffff,88195da489fffff,110,110,51.533191763690155,-0.15069466276257268
89195da489bffff,88195da489fffff,110,110,51.53549107813806,-0.15827664818664824
89194e69a03ffff,88194e69a1fffff,111,111,51.550843155120184,-0.05464391365738069
89194e69a07ffff,88194e69a1fffff,111,111,51.54832855357143,-0.051687984858228904
89194e69a0bffff,88194e69a1fffff,111,111,51.550633448600884,-0.059261540766102114
89194e69a0fffff,88194e69a1fffff,111,111,51.54811891106707,-0.0563053018365504
89194e69a13ffff,88194e69a1fffff,111,111,51.55356727063646,-0.052982390578497594
89194e69a17ffff,88194e69a1fffff,111,111,51.55105267169236,-0.05002643615394465
89194e69a1bffff,88194e69a1fffff,111,111,51.5533576900491,-0.0576001782482979
89194ad04c3ffff,88194ad04dfffff,112,112,51.485237961296434,-0.04078643489954376
89194ad04c7ffff,88194ad04dfffff,112,112,51.48272253061882,-0.03783486250458337
89194ad04cbffff,88194ad04dfffff,112,112,51.485027384577144,-0.045398260090628216
89194ad04cfffff,88194ad04dfffff,112,112,51.48251201763443,-0.04244637822448725
89194ad04d3ffff,88194ad04dfffff,112,112,51.48796377664211,-0.0391263569782636
89194ad04d7ffff,88194ad04dfffff,112,112,51.485448348388196,-0.036174759124871544
89194ad04dbffff,88194ad04dfffff,112,112,51.48775332581512,-0.04373834225992579
89194ad10c3ffff,88194ad10dfffff,113,113,51.48077599912263,-0.1376660604207652
89194ad10c7ffff,88194ad10dfffff,113,113,51.47826191163897,-0.13470799329801544
89194ad10cbffff,88194ad10dfffff,113,113,51.48056143583413,-0.1422810112111884
89194ad10cfffff,88194ad10dfffff,113,113,51.47804741256146,-0.13932263503510522
89194ad10d3ffff,88194ad10dfffff,113,113,51.483504457437945,-0.13600935127554212
89194ad10d7ffff,88194ad10dfffff,113,113,51.48099037238467,-0.1330512579418538
89194ad10dbffff,88194ad10dfffff,113,113,51.483290019964606,-0.14062446284367416
89194ad2263ffff,88194ad227fffff,114,114,51.49089959895758,-0.032854148553666994
89194ad2267ffff,88194ad227fffff,114,114,51.488384109421595,-0.029902834814898072
89194ad226bffff,88194ad227fffff,114,114,51.49068946366105,-0.03746614444706652
89194ad226fffff,88194ad227fffff,114,114,51.4881740378379,-0.03451452114575112
89194ad2273ffff,88194ad227fffff,114,114,51.493625031736705,-0.03119364133502961
89194ad2277ffff,88194ad227fffff,114,114,51.49110954463831,-0.02824230219468025
89194ad227bffff,88194ad227fffff,114,114,51.493415022342816,-0.0358057972923736
89194ad16c3ffff,88194ad16dfffff,115,115,51.498372743837066,-0.15838192099466633
89194ad16c7ffff,88194ad16dfffff,115,115,51.49585912348432,-0.15542150590453377
89194ad16cbffff,88194ad16dfffff,115,115,51.49815773042785,-0.1629990356011274
89194ad16cfffff,88194ad16dfffff,115,115,51.49564417444713,-0.16003831134709126
89194ad16d3ffff,88194ad16dfffff,115,115,51.50110118493153,-0.15672539603828226
89194ad16d7ffff,88194ad16dfffff,115,115,51.49858756706125,-0.15376495455914482
89194ad16dbffff,88194ad16dfffff,115,115,51.50088629733506,-0.1613426716736999
89194ad0443ffff,88194ad045fffff,116,116,51.47957511717268,-0.04871769198575434
89194ad0447ffff,88194ad045fffff,116,116,51.477059745403416,-0.04576586113972821
89194ad044bffff,88194ad045fffff,116,116,51.479364099039465,-0.05332934630321786
89194ad044fffff,88194ad045fffff,116,116,51.476848791027145,-0.050377206077367585
89194ad0453ffff,88194ad045fffff,116,116,51.48230131502616,-0.04705804332803374
89194ad0457ffff,88194ad045fffff,116,116,51.479785945666634,-0.04410618696670645
89194ad045bffff,88194ad045fffff,116,116,51.48209042277494,-0.05166985776270359
89195da4ba3ffff,88195da4bbfffff,117,117,51.50612822005502,-0.16264728588101227
89195da4ba7ffff,88195da4bbfffff,117,117,51.50361473593961,-0.15968617313183714
89195da4babffff,88195da4bbfffff,117,117,51.50591320364477,-0.16726517996339685
89195da4bafffff,88195da4bbfffff,117,117,51.503399783947756,-0.16430375798282582
89195da4bb3ffff,88195da4bbfffff,117,117,51.508856527842156,-0.1609906791407432
89195da4bb7ffff,88195da4bbfffff,117,117,51.506343046231166,-0.1580295399620077
89195da4bbbffff,88195da4bbfffff,117,117,51.508641637247315,-0.1656087343271053
89194ad2663ffff,88194ad267fffff,118,118,51.50997493267651,-0.021227770104761387
89194ad2667ffff,88194ad267fffff,118,118,51.5074594603529,-0.01827627877642958
89194ad266bffff,88194ad267fffff,118,118,51.5097656787683,-0.025840886509693312
89194ad266fffff,88194ad267fffff,118,118,51.50725027015954,-0.022889085368024645
89194ad2673ffff,88194ad267fffff,118,118,51.51269946678001,-0.019566320119811506
89194ad2677ffff,88194ad267fffff,118,118,51.510183996943674,-0.016614803463749966
89194ad267bffff,88194ad267fffff,118,118,51.51249033879764,-0.024179596609962863
89194ad0663ffff,88194ad067fffff,119,119,51.47033687844202,-0.0767531914897425
89194ad0667ffff,88194ad067fffff,119,119,51.46782181849316,-0.07379989108851798
89194ad066bffff,88194ad067fffff,119,119,51.47012453425593,-0.08136511068736337
89194ad066fffff,88194ad067fffff,119,119,51.46760953817644,-0.07841150111272113
89194ad0673ffff,88194ad067fffff,119,119,51.47306409046364,-0.07509474735680417
89194ad0677ffff,88194ad067fffff,119,119,51.4705490329047,-0.07214142122974347
89194ad067bffff,88194ad067fffff,119,119,51.4728518721312,-0.07970682682596315
89194ad1603ffff,88194ad161fffff,120,120,51.490616861974004,-0.15411786948798678
89194ad1607ffff,88194ad161fffff,120,120,51.488103105542606,-0.15115815180048964
89194ad160bffff,88194ad161fffff,120,120,51.490401851475724,-0.15873420482845213
89194ad160fffff,88194ad161fffff,120,120,51.48788815936995,-0.15577417804448598
89194ad1613ffff,88194ad161fffff,120,120,51.49334543630722,-0.15246142636206206
89194ad1617ffff,88194ad161fffff,120,120,51.49083168233625,-0.14950168232598332
89194ad161bffff,88194ad161fffff,120,120,51.493130551619,-0.1570779226564351
89195da6823ffff,88195da683fffff,121,121,51.55921586967369,-0.1034261118023427
89195da6827ffff,88195da683fffff,121,121,51.55670204827904,-0.1004663585879697
89195da682bffff,88195da683fffff,121,121,51.559004385874275,-0.10804617389873529
89195da682fffff,88195da683fffff,121,121,51.556490628768394,-0.10508611064937129
89195da6833ffff,88195da683fffff,121,121,51.561940982040525,-0.10176597803841088
89195da6837ffff,88195da683fffff,121,121,51.55942716328263,-0.09880619880917675
89195da683bffff,88195da683fffff,121,121,51.561729624142494,-0.10638620110253598
89195da6bc3ffff,88195da6bdfffff,122,122,51.55564304866745,-0.12356660907045336
89195da6bc7ffff,88195da6bdfffff,122,122,51.553129481932984,-0.12060564200557407
89195da6bcbffff,88195da6bdfffff,122,122,51.55543067803254,-0.12818710595524152
89195da6bcfffff,88195da6bdfffff,122,122,51.55291717567727,-0.12522582897149054
89195da6bd3ffff,88195da6bdfffff,122,122,51.55836879314292,-0.12190725427879798
89195da6bd7ffff,88195da6bdfffff,122,122,51.55585522903951,-0.11894626104462115
89195da6bdbffff,88195da6bdfffff,122,122,51.5581565483913,-0.1265279122594771
89194ad2203ffff,88194ad221fffff,123,123,51.49656003002982,-0.0249208330518657
89194ad2207ffff,88194ad221fffff,123,123,51.49404448168539,-0.02196977817436654
89194ad220bffff,88194ad221fffff,123,123,51.4963503361649,-0.02953299947626111
89194ad220fffff,88194ad221fffff,123,123,51.49383485151122,-0.026581634944875854
89194ad2213ffff,88194ad221fffff,123,123,51.49928508018374,-0.023259896502154657
89194ad2217ffff,88194ad221fffff,123,123,51.496769534290806,-0.02030881627995915
89194ad221bffff,88194ad221fffff,123,123,51.49907551223174,-0.027872222963779898
89195da4803ffff,88195da481fffff,124,124,51.52730848826407,-0.16324865501166522
89195da4807ffff,88195da481fffff,124,124,51.52479521771382,-0.1602864026220096
89195da480bffff,88195da481fffff,124,124,51.52709390756593,-0.16786828297380157
89195da480fffff,88195da481fffff,124,124,51.52458070150487,-0.16490572112571394
89195da4813ffff,88195da481fffff,124,124,51.53003614662963,-0.16159145415954504
89195da4817ffff,88195da481fffff,124,124,51.52752287864148,-0.15862917531603454
89195da481bffff,88195da481fffff,124,124,51.52982169176269,-0.16621124334957035
89194ad06a3ffff,88194ad06bfffff,125,125,51.47391106671278,-0.05664791970866646
89194ad06a7ffff,88194ad06bfffff,125,125,51.47139575390171,-0.05369583061655865
89194ad06abffff,88194ad06bfffff,125,125,51.473699607174545,-0.061259402981323964
89194ad06afffff,88194ad06bfffff,125,125,51.47118435814252,-0.05830700460080531
89194ad06b3ffff,88194ad06bfffff,125,125,51.47663764701523,-0.054988700280657145
89194ad06b7ffff,88194ad06bfffff,125,125,51.47412233660002,-0.05203658561645757
89194ad06bbffff,88194ad06bfffff,125,125,51.47642631334871,-0.059600343697150004
89194e69aa3ffff,88194e69abfffff,126,126,51.54874726882604,-0.04245379982967558
89194e69aa7ffff,88194e69abfffff,126,126,51.54623247277219,-0.03949882706892439
89194e69aabffff,88194e69abfffff,126,126,51.54853800615139,-0.04707081750502788
89194e69aafffff,88194e69abfffff,126,126,51.54602327404402,-0.04411553459032339
89194e69ab3ffff,88194e69abfffff,126,126,51.55147113507156,-0.04079193017365579
89194e69ab7ffff,88194e69abfffff,126,126,51.54895634161439,-0.03783693188477392
89194e69abbffff,88194e69abfffff,126,126,51.55126199833643,-0.04540910830845615
89195da4b83ffff,88195da4b9fffff,127,127,51.51388329024197,-0.16691396470665384
89195da4b87ffff,88195da4b9fffff,127,127,51.51136994252258,-0.16395215404189567
89195da4b8bffff,88195da4b9fffff,127,127,51.51366827074055,-0.17153263847491595
89195da4b8fffff,88195da4b9fffff,127,127,51.51115498748596,-0.16857051851128846
89195da4b93ffff,88195da4b9fffff,127,127,51.516611464653224,-0.16525727622909414
89195da4b97ffff,88195da4b9fffff,127,127,51.51409811946019,-0.1622954390941595
89195da4b9bffff,88195da4b9fffff,127,127,51.516396570969846,-0.1698761111763474
89194ad1563ffff,88194ad157fffff,128,128,51.468846483885166,-0.10903975061954257
89194ad1567ffff,88194ad157fffff,128,128,51.46633187149786,-0.10608428642187123
89194ad156bffff,88194ad157fffff,128,128,51.46863281110386,-0.11365271090847227
89194ad156fffff,88194ad157fffff,128,128,51.46611826274459,-0.11069693767667682
89194ad1573ffff,88194ad157fffff,128,128,51.471574576805295,-0.10738242907425238
89194ad1577ffff,88194ad157fffff,128,128,51.46905996681021,-0.10442693890010817
89194ad157bffff,88194ad157fffff,128,128,51.47136102985191,-0.11199554986362521
89194ad10a3ffff,88194ad10bfffff,129,129,51.470933366289536,-0.12122223703851345
89194ad10a7ffff,88194ad10bfffff,129,129,51.468418948447386,-0.11826581971432726
89194ad10abffff,88194ad10bfffff,129,129,51.47071924964258,-0.12583580331870572
89194ad10afffff,88194ad10bfffff,129,129,51.468204895896754,-0.12287907698444722
89194ad10b3ffff,88194ad10bfffff,129,129,51.47366170846151,-0.11956526260028692
89194ad10b7ffff,88194ad10bfffff,129,129,51.47114729301962,-0.1166088192025826
89194ad10bbffff,88194ad10bfffff,129,129,51.473447717634734,-0.1241789894820923
89194e69ba3ffff,88194e69bbfffff,130,130,51.531142300740214,-0.021776038261087368
89194e69ba7ffff,88194e69bbfffff,130,130,51.52862703973375,-0.018823414365413935
89194e69babffff,88194e69bbfffff,130,130,51.53093348520753,-0.026390885197247776
89194e69bafffff,88194e69bbfffff,130,130,51.528418287986405,-0.0234379512605133
89194e69bb3ffff,88194e69bbfffff,130,130,51.53386618500715,-0.020113990440266283
89194e69bb7ffff,88194e69bbfffff,130,130,51.53135092654565,-0.01716134119381909
89194e69bbbffff,88194e69bbfffff,130,130,51.53365749541607,-0.024728997584471266
89194ad26c3ffff,88194ad26dfffff,131,131,51.52338769460485,-0.017533089552830262
89194ad26c7ffff,88194ad26dfffff,131,131,51.52087229850515,-0.01458116169896361
89194ad26cbffff,88194ad26dfffff,131,131,51.523178880680994,-0.0221471562897957
89194ad26cfffff,88194ad26dfffff,131,131,51.5206635483204,-0.019194918463041284
89194ad26d3ffff,88194ad26dfffff,131,131,51.52611171242702,-0.01587112585599959
89194ad26d7ffff,88194ad26dfffff,131,131,51.523596318850394,-0.012919172691339523
89194ad26dbffff,88194ad26dfffff,131,131,51.525903024442044,-0.02048535272619256
89194ad1623ffff,88194ad163fffff,132,132,51.48286057485178,-0.14985513080168758
89194ad1627ffff,88194ad163fffff,132,132,51.480346682500326,-0.14689611026044455
89194ad162bffff,88194ad163fffff,132,132,51.48264556717438,-0.15447068708604833
89194ad162fffff,88194ad163fffff,132,132,51.4801317391022,-0.15151135751576422
89194ad1633ffff,88194ad163fffff,132,132,51.48558928235516,-0.14819876955266395
89194ad1637ffff,88194ad163fffff,132,132,51.483075392442196,-0.14523972270334035
89194ad163bffff,88194ad163fffff,132,132,51.485374400485114,-0.152814486715953
89194ad1523ffff,88194ad153fffff,133,133,51.46675851952267,-0.09685942973331885
89194ad1527ffff,88194ad153fffff,133,133,51.464243712803246,-0.09390491863720216
89194ad152bffff,88194ad153fffff,133,133,51.46654529041758,-0.10147178375657508
89194ad152fffff,88194ad153fffff,133,133,51.46403054765785,-0.09851696360236455
89194ad1533ffff,88194ad153fffff,133,133,51.4694863631675,-0.09520176138039776
89194ad1537ffff,88194ad153fffff,133,133,51.46697155883215,-0.09224722440473718
89194ad153bffff,88194ad153fffff,133,133,51.469273259897996,-0.09981427580288404
89194e69b83ffff,88194e69b9fffff,134,134,51.538896502885834,-0.026020295333813507
89194e69b87ffff,88194e69b9fffff,134,134,51.536381377130716,-0.02306697513980831
89194e69b8bffff,88194e69b9fffff,134,134,51.538687685654324,-0.030635922680327853
89194e69b8fffff,88194e69b9fffff,134,134,51.53617262373093,-0.027682292377091362
89194e69b93ffff,88194e69b9fffff,134,134,51.54162025352932,-0.024358163434447935
89194e69b97ffff,88194e69b9fffff,134,134,51.53910513034101,-0.021404817849556678
89194e69b9bffff,88194e69b9fffff,134,134,51.541411562242125,-0.028973951063821772
89195da6d23ffff,88195da6d3fffff,135,135,51.56069093200335,-0.07108985497751785
89195da6d27ffff,88195da6d3fffff,135,135,51.55817666122351,-0.06813227256774178
89195da6d2bffff,88195da6d3fffff,135,135,51.560480779137094,-0.07570887224163919
89195da6d2fffff,88195da6d3fffff,135,135,51.55796657248698,-0.0727509796570651
89195da6d33ffff,88195da6d3fffff,135,135,51.563415162957874,-0.06942859535915348
89195da6d37ffff,88195da6d3fffff,135,135,51.560900894812534,-0.06647098718641434
89195da6d3bffff,88195da6d3fffff,135,135,51.563205136018645,-0.07404777336105339
89194ad2283ffff,88194ad229fffff,136,136,51.50221925438711,-0.016986488498144287
89194ad2287ffff,88194ad229fffff,136,136,51.4997036472841,-0.01403569268704277
89194ad228bffff,88194ad229fffff,136,136,51.50201000196252,-0.02159882528204972
89194ad228fffff,88194ad229fffff,136,136,51.49949445852818,-0.018647719725728363
89194ad2293ffff,88194ad229fffff,136,136,51.504943921857105,-0.01532512258356088
89194ad2297ffff,88194ad229fffff,136,136,51.50242831721957,-0.01237430148472084
89194ad229bffff,88194ad229fffff,136,136,51.504734795355695,-0.01993761937800744
89194ad1003ffff,88194ad101fffff,137,137,51.473019166143885,-0.1334068884659853
89194ad1007ffff,88194ad101fffff,137,137,51.470504943059886,-0.13044951799053645
89194ad100bffff,88194ad101fffff,137,137,51.47280460544181,-0.13802106046263332
89194ad100fffff,88194ad101fffff,137,137,51.47029044652244,-0.1350633810012922
89194ad1013ffff,88194ad101fffff,137,137,51.47574775754411,-0.13175026143424956
89194ad1017ffff,88194ad101fffff,137,137,51.47323353686852,-0.12879286478821833
89194ad101bffff,88194ad101fffff,137,137,51.475533322654535,-0.1363645941337554
89195da6d63ffff,88195da6d7fffff,138,138,51.56278451188175,-0.08328657767122871
89195da6d67ffff,88195da6d7fffff,138,138,51.560270436194735,-0.0803280389259643
89195da6d6bffff,88195da6d7fffff,138,138,51.56257391464596,-0.08790620387391264
89195da6d6fffff,88195da6d7fffff,138,138,51.56005990315715,-0.08494735497769611
89195da6d73ffff,88195da6d7fffff,138,138,51.56550899204413,-0.08162566542164487
89195da6d77ffff,88195da6d7fffff,138,138,51.562994918999614,-0.07866710081599275
89195da6d7bffff,88195da6d7fffff,138,138,51.56529852072771,-0.08624545246377344
89195da4c03ffff,88195da4c1fffff,139,139,51.54639939997183,-0.15164541878335663
89195da4c07ffff,88195da4c1fffff,139,139,51.54388614750468,-0.1486829814360099
89195da4c0bffff,88195da4c1fffff,139,139,51.54618570016281,-0.1562661754081177
89195da4c0fffff,88195da4c1fffff,139,139,51.543672512187335,-0.1533034283505106
89195da4c13ffff,88195da4c1fffff,139,139,51.549126159289614,-0.14998727438249318
89195da4c17ffff,88195da4c1fffff,139,139,51.54661290943404,-0.14702481065447137
89195da4c1bffff,88195da4c1fffff,139,139,51.54891258533535,-0.15460819225762457
89194e69ac3ffff,88194e69adfffff,140,140,51.55859626861255,-0.058895306920569414
89194e69ac7ffff,88194e69adfffff,140,140,51.55608180295332,-0.05593868082022596
89194e69acbffff,88194e69adfffff,140,140,51.55838655992566,-0.06351371497131326
89194e69acfffff,88194e69adfffff,140,140,51.55587215832774,-0.060556778672459996
89194e69ad3ffff,88194e69adfffff,140,140,51.561320250336,-0.05723370023421313
89194e69ad7ffff,88194e69adfffff,140,140,51.55880578730325,-0.05427704846819409
89194e69adbffff,88194e69adfffff,140,140,51.56111066758373,-0.06185226892104199
89195da6863ffff,88195da687fffff,141,141,51.561306337687924,-0.1156270944276732
89195da6867ffff,88195da687fffff,141,141,51.558792711865365,-0.11266638504554713
89195da686bffff,88195da687fffff,141,141,51.5610944090933,-0.12024776458287677
89195da686fffff,88195da687fffff,141,141,51.55858084762793,-0.11728674518985993
89195da6873ffff,88195da687fffff,141,141,51.564031699209025,-0.11396730874431701
89195da6877ffff,88195da687fffff,141,141,51.561518076031334,-0.111006573249932
89195da687bffff,88195da687fffff,141,141,51.5638198965081,-0.11858813996894109
89194ad2603ffff,88194ad261fffff,142,142,51.51563268486434,-0.013291448650689734
89194ad2607ffff,88194ad261fffff,142,142,51.513117153829604,-0.010340216582167515
89194ad260bffff,88194ad261fffff,142,142,51.51542387245956,-0.017904735399596666
89194ad260fffff,88194ad261fffff,142,142,51.51290840511762,-0.014953193426378249
89194ad2613ffff,88194ad261fffff,142,142,51.51835683617335,-0.01162956912310197
89194ad2617ffff,88194ad261fffff,142,142,51.51584130763986,-0.008678311783859721
89194ad261bffff,88194ad261fffff,142,142,51.518148149704736,-0.01624301593051439
89194ad0623ffff,88194ad063fffff,143,143,51.468245810043385,-0.06457711796493106
89194ad0627ffff,88194ad063fffff,143,143,51.46573055624046,-0.06162477083177295
89194ad062bffff,88194ad063fffff,143,143,51.468033909109124,-0.0691884300217182
89194ad062fffff,88194ad063fffff,143,143,51.465518719107315,-0.0662357736914968
89194ad0633ffff,88194ad063fffff,143,143,51.47097277273595,-0.06291832773273422
89194ad0637ffff,88194ad063fffff,143,143,51.46845752131493,-0.059965954970649965
89194ad063bffff,88194ad063fffff,143,143,51.470760997663035,-0.06752979995990946
89195da4c83ffff,88195da4c9fffff,144,144,51.552066047872145,-0.14370806456701515
89195da4c87ffff,88195da4c9fffff,144,144,51.54955273616552,-0.14074588427116563
89195da4c8bffff,88195da4c9fffff,144,144,51.551852790130305,-0.1483289951342808
89195da4c8fffff,88195da4c9fffff,144,144,51.54933954289333,-0.145366505036001
89195da4c93ffff,88195da4c9fffff,144,144,51.55479242436011,-0.14204948923382946
89195da4c97ffff,88195da4c9fffff,144,144,51.552279115278786,-0.13908728261419104
89195da4c9bffff,88195da4c9fffff,144,144,51.55457929248339,-0.1466705810250199
89195da4c63ffff,88195da4c7fffff,145,145,51.54073154443813,-0.15958173723133487
89195da4c67ffff,88195da4c7fffff,145,145,51.53821835126003,-0.15661904303849558
89195da4c6bffff,88195da4c7fffff,145,145,51.54051740257128,-0.16420231974236774
89195da4c6fffff,88195da4c7fffff,145,145,51.5380042739069,-0.16123931593145907
89195da4c73ffff,88195da4c7fffff,145,145,51.5434586865269,-0.15792402372812211
89195da4c77ffff,88195da4c7fffff,145,145,51.540945495946595,-0.1549613030976881
89195da4c7bffff,88195da4c7fffff,145,145,51.543244670504386,-0.16254476751586874
89195da4863ffff,88195da487fffff,146,146,51.52163795401197,-0.17118195803146605
89195da4867ffff,88195da487fffff,146,146,51.51912474284732,-0.16821944919441517
89195da486bffff,88195da487fffff,146,146,51.521422931329234,-0.1758014116956319
89195da486fffff,88195da487fffff,146,146,51.51890978467576,-0.17283859349226258
89195da4873ffff,88195da487fffff,146,146,51.52436599497888,-0.1695251878631997
89195da4877ffff,88195da487fffff,146,146,51.52185278636248,-0.16656265251544905
89195da487bffff,88195da487fffff,146,146,51.52415109811684,-0.17414480278153194
89194ad02c3ffff,88194ad02dfffff,147,147,51.464669473794046,-0.08468127490315096
89194ad02c7ffff,88194ad02dfffff,147,147,51.4621544729554,-0.08172771688323771
89194ad02cbffff,88194ad02dfffff,147,147,51.46445668817565,-0.08929302238663675
89194ad02cfffff,88194ad02dfffff,147,147,51.46194175122841,-0.0863391552847524
89194ad02d3ffff,88194ad02dfffff,147,147,51.467397068140045,-0.08302326004188368
89194ad02d7ffff,88194ad02dfffff,147,147,51.46488206967743,-0.08006967623937232
89194ad02dbffff,88194ad02dfffff,147,147,51.46718440836494,-0.08763516782342032
89194e69863ffff,88194e6987fffff,148,148,51.546650300657,-0.03026586132967463
89194e69867ffff,88194e6987fffff,148,148,51.54413531031144,-0.027311844580642706
89194e6986bffff,88194e6987fffff,148,148,51.54644148163683,-0.034882269297831864
89194e6986fffff,88194e6987fffff,148,148,51.54392655516931,-0.03192794237137072
89194e69873ffff,88194e6987fffff,148,148,51.54937391760878,-0.028603645397163632
89194e69877ffff,88194e6987fffff,148,148,51.54685892985186,-0.025649603217175243
89194e6987bffff,88194e6987fffff,148,148,51.549165224535635,-0.03322021372308522
89194ad0483ffff,88194ad049fffff,149,149,51.483142987792036,-0.028612279425640562
89194ad0487ffff,88194ad049fffff,149,149,51.4806273636301,-0.025661660924130105
89194ad048bffff,88194ad049fffff,149,149,51.482932853998356,-0.03322349622082257
89194ad048fffff,88194ad049fffff,149,149,51.48041729350302,-0.030272568224797108
89194ad0493ffff,88194ad049fffff,149,149,51.48586855376524,-0.02695185603461215
89194ad0497ffff,88194ad049fffff,149,149,51.48335293201899,-0.024001212171546358
89194ad049bffff,88194ad049fffff,149,149,51.48565854587145,-0.03156323281907322
89195da68a3ffff,88195da68bfffff,150,150,51.564877007653934,-0.0954854744777411
89195da68a7ffff,88195da68bfffff,150,150,51.56236312727319,-0.09252597937122826
89195da68abffff,88195da68bfffff,150,150,51.564665965858474,-0.10010570934384608
89195da68afffff,88195da68bfffff,150,150,51.56215214974439,-0.09714590411031487
89195da68b3ffff,88195da68bfffff,150,150,51.56760173700083,-0.09382490989774188
89195da68b7ffff,88195da68bfffff,150,150,51.565087859270676,-0.09086538883342814
89195da68bbffff,88195da68bfffff,150,150,51.567390821117094,-0.09844530570503247
89195da4b23ffff,88195da4b3fffff,151,151,51.50045595149991,-0.1705776673439536
89195da4b27ffff,88195da4b3fffff,151,151,51.49794252681466,-0.16761629832570327
89195da4b2bffff,88195da4b3fffff,151,151,51.50024049322343,-0.17519538727315648
89195da4b2fffff,88195da4b3fffff,151,151,51.49772713297854,-0.17223370911551453
89195da4b33ffff,88195da4b3fffff,151,151,51.503184641725476,-0.168921490964452
89195da4b37ffff,88195da4b3fffff,151,151,51.500671219530815,-0.16596009545985177
89195da4b3bffff,88195da4b3fffff,151,151,51.502969309253906,-0.17353937202388509
89194ad0403ffff,88194ad041fffff,152,152,51.47748108532507,-0.03654361927135471
89194ad0407ffff,88194ad041fffff,152,152,51.47496552001912,-0.03359274210163382
89194ad040bffff,88194ad041fffff,152,152,51.477270510163024,-0.04115466552023364
89194ad040fffff,88194ad041fffff,152,152,51.47475500854579,-0.03820347894726583
89194ad0413ffff,88194ad041fffff,152,152,51.48020703381276,-0.03488362503372859
89194ad0417ffff,88194ad041fffff,152,152,51.477691470908574,-0.031932722445589416
89194ad041bffff,88194ad041fffff,152,152,51.47999658454028,-0.039494831298514686
89194e69a83ffff,88194e69a9fffff,153,153,51.55650052230321,-0.04670293402328805
89194e69a87ffff,88194e69a9fffff,153,153,51.55398586197799,-0.04374726420601593
89194e69a8bffff,88194e69a9fffff,153,153,51.55629125760545,-0.05132073258623777
89194e69a8fffff,88194e69a9fffff,153,153,51.55377666127303,-0.04836475254680619
89194e69a93ffff,88194e69a9fffff,153,153,51.5592242547724,-0.04504098056968689
89194e69a97ffff,88194e69a9fffff,153,153,51.55670959706562,-0.04208528518402259
89194e69a9bffff,88194e69a9fffff,153,153,51.55901511601686,-0.04965893966702122
89194ad1643ffff,88194ad165fffff,154,154,51.49270021174761,-0.166311359667476
89194ad1647ffff,88194ad165fffff,154,154,51.49018665082255,-0.16335068829465976
89194ad164bffff,88194ad165fffff,154,154,51.49248475652657,-0.17092830027847541
89194ad164fffff,88194ad165fffff,154,154,51.48997125999548,-0.16796731983363103
89194ad1653ffff,88194ad165fffff,154,154,51.495429035228575,-0.16465526492786275
89194ad1657ffff,88194ad165fffff,154,154,51.4929154767721,-0.16169456710918906
89194ad165bffff,88194ad165fffff,154,154,51.495213705809746,-0.169272366594
89195da6a23ffff,88195da6a3fffff,155,155,51.557731488012244,-0.13576967468435108
89195da6a27ffff,88195da6a3fffff,155,155,51.555218117115665,-0.13280775164597716
89195da6a2bffff,88195da6a3fffff,155,155,51.55751867234674,-0.14039077902271963
89195da6a2fffff,88195da6a3fffff,155,155,51.555005365897884,-0.13742854608982782
89195da6a33ffff,88195da6a3fffff,155,155,51.56045748161154,-0.13411066838412494
89195da6a37ffff,88195da6a3fffff,155,155,51.557944113354104,-0.13114871907896872
89195da6a3bffff,88195da6a3fffff,155,155,51.56024479182167,-0.1387319339200295
89195da48c3ffff,88195da48dfffff,156,156,51.53506248139819,-0.16751701980929126
89195da48c7ffff,88195da48dfffff,156,156,51.53254934755872,-0.1645540689768726
89195da48cbffff,88195da48dfffff,156,156,51.53484789748291,-0.17213742803544826
89195da48cfffff,88195da48dfffff,156,156,51.53233482817911,-0.16917416767706936
89195da48d3ffff,88195da48dfffff,156,156,51.53779000619908,-0.1658597371689559
89195da48d7ffff,88195da48dfffff,156,156,51.53527687494362,-0.16289675984207136
89195da48dbffff,88195da48dfffff,156,156,51.53757554811762,-0.17048030669813427
89194ad1043ffff,88194ad105fffff,157,157,51.475103882856295,-0.1455937043767334
89194ad1047ffff,88194ad105fffff,157,157,51.47258985474348,-0.1426353807255478
89194ad104bffff,88194ad105fffff,157,157,51.474888877909805,-0.150208481814788
89194ad104fffff,88194ad105fffff,157,157,51.47237491402991,-0.14724984920198778
89194ad1053ffff,88194ad105fffff,157,157,51.47783272346119,-0.14393742505099674
89194ad1057ffff,88194ad105fffff,157,157,51.4753186977649,-0.14097907513215072
89194ad105bffff,88194ad105fffff,157,157,51.47761784431933,-0.14855236329306953
89194ad2223ffff,88194ad223fffff,158,158,51.48880368382877,-0.020679910867956963
89194ad2227ffff,88194ad223fffff,158,158,51.486288000860746,-0.017729551239640293
89194ad222bffff,88194ad223fffff,158,158,51.488593991412166,-0.025291298038118762
89194ad222fffff,88194ad223fffff,158,158,51.48607837208869,-0.02234062882400448
89194ad2233ffff,88194ad223fffff,158,158,51.49152886722878,-0.019019058289816818
89194ad2237ffff,88194ad223fffff,158,158,51.48901318669039,-0.016068673356820138
89194ad223bffff,88194ad223fffff,158,158,51.49131930072239,-0.02363060542257381
89195da4b03ffff,88195da4b1fffff,159,159,51.50821128526821,-0.17484528907642874
89195da4b07ffff,88195da4b1fffff,159,159,51.50569799698145,-0.17188322215625687
89195da4b0bffff,88195da4b1fffff,159,159,51.50799582384613,-0.17946378853369974
89195da4b0fffff,88195da4b1fffff,159,159,51.505482600046136,-0.17650141240675096
89195da4b13ffff,88195da4b1fffff,159,159,51.51093984216986,-0.17318903110373074
89195da4b17ffff,88195da4b1fffff,159,159,51.50842655639564,-0.17022693765660477
89195da4b1bffff,88195da4b1fffff,159,159,51.510724506555334,-0.17780769176629135
89194ad0463ffff,88194ad047fffff,160,160,51.471817976554085,-0.04447393030121193
89194ad0467ffff,88194ad047fffff,160,160,51.46930247015412,-0.041522794668306336
89194ad046bffff,88194ad047fffff,160,160,51.47160696003257,-0.04908480583254432
89194ad046fffff,88194ad047fffff,160,160,51.46909151734335,-0.04613336088770651
89194ad0473ffff,88194ad047fffff,160,160,51.47454430749747,-0.04281436518326893
89194ad0477ffff,88194ad047fffff,160,160,51.47202880348529,-0.03986320407506897
89194ad047bffff,88194ad047fffff,160,160,51.4743334168552,-0.04742540075711658
89194ad2623ffff,88194ad263fffff,161,161,51.50787727190341,-0.00905111499657059
89194ad2627ffff,88194ad263fffff,161,161,51.50536160609186,-0.006100578457095283
89194ad262bffff,88194ad263fffff,161,161,51.50766846092781,-0.01366362196842551
89194ad262fffff,88194ad263fffff,161,161,51.50515285876281,-0.01071277559245364
89194ad2633ffff,88194ad263fffff,161,161,51.51060155663096,-0.00738931968352005
89194ad2637ffff,88194ad263fffff,161,161,51.50808589329874,-0.004438757913281547
89194ad263bffff,88194ad263fffff,161,161,51.510392871588785,-0.012001986639176704
89194ad1663ffff,88194ad167fffff,162,162,51.4849440663973,-0.16204636548744716
89194ad1667ffff,88194ad167fffff,162,162,51.48243036939112,-0.15908639150361895
89194ad166bffff,88194ad167fffff,162,162,51.48472861414164,-0.16666252699005107
89194ad166fffff,88194ad167fffff,162,162,51.4822149814831,-0.16370224400165906
89194ad1673ffff,88194ad167fffff,162,162,51.48767302306504,-0.16039035243427124
89194ad1677ffff,88194ad167fffff,162,162,51.48515932850547,-0.15743035204513509
89194ad167bffff,88194ad167fffff,162,162,51.48745769660889,-0.1650066749170513
89194ad0283ffff,88194ad029fffff,163,163,51.46257934729129,-0.07250528665134413
89194ad0287ffff,88194ad029fffff,163,163,51.46006415254638,-0.06955268168203055
89194ad028bffff,88194ad029fffff,163,163,51.462367004970055,-0.07711642732126113
89194ad028fffff,88194ad029fffff,163,163,51.45985187404825,-0.07416351324624254
89194ad0293ffff,88194ad029fffff,163,163,51.46530669231505,-0.0708469255810105
89194ad0297ffff,88194ad029fffff,163,163,51.46279149993814,-0.067894294926005
89194ad029bffff,88194ad029fffff,163,163,51.46509447584476,-0.0754582264478125
89195da6803ffff,88195da681fffff,164,164,51.56696841872618,-0.10768654487216538
89195da6807ffff,88195da681fffff,164,164,51.56445473386517,-0.1047260933789092
89195da680bffff,88195da681fffff,164,164,51.56675693218085,-0.11230738812618199
89195da680fffff,88195da681fffff,164,164,51.56424331165504,-0.10934662653002672
89195da6813ffff,88195da681fffff,164,164,51.56969339723428,-0.10602632826267801
89195da6817ffff,88195da681fffff,164,164,51.567179715031884,-0.1030658507141474
89195da681bffff,88195da681fffff,164,164,51.56948203659303,-0.11064733255960398
89194ad22a3ffff,88194ad22bfffff,165,165,51.49446317330901,-0.012746513702224039
89194ad22a7ffff,88194ad22bfffff,165,165,51.49194743158486,-0.009796413152169824
89194ad22abffff,88194ad22bfffff,165,165,51.494253922278276,-0.017358071075983115
89194ad22afffff,88194ad22bfffff,165,165,51.49173824417657,-0.014407660848844352
89194ad22b3ffff,88194ad22bfffff,165,165,51.49718797407713,-0.011085231903277516
89194ad22b7ffff,88194ad22bfffff,165,165,51.494672234796575,-0.008135106105512773
89194ad22bbffff,88194ad22bfffff,165,165,51.49697884896688,-0.01569694921292277
89194ad11c3ffff,88194ad11dfffff,166,166,51.46317598896708,-0.11696662955680172
89194ad11c7ffff,88194ad11dfffff,166,166,51.4606614358441,-0.11401090838102707
89194ad11cbffff,88194ad11dfffff,166,166,51.462961874672295,-0.12157941730589544
89194ad11cfffff,88194ad11dfffff,166,166,51.46044738559934,-0.11862338718754344
89194ad11d3ffff,88194ad11dfffff,166,166,51.46590446413876,-0.1153097374683351
89194ad11d7ffff,88194ad11dfffff,166,166,51.46338991339411,-0.11235399025932541
89194ad11dbffff,88194ad11dfffff,166,166,51.46569047566142,-0.11992268574420155
89194e69963ffff,88194e6997fffff,167,167,51.52904397413373,-0.009594790293581968
89194e69967ffff,88194e6997fffff,167,167,51.52652851937034,-0.006643121893063322
89194e6996bffff,88194e6997fffff,167,167,51.52883560177648,-0.014209027358911901
89194e6996fffff,88194e6997fffff,167,167,51.526320210730056,-0.011257048894084753
89194e69973ffff,88194e6997fffff,167,167,51.531767609051045,-0.007932396876225467
89194e69977ffff,88194e6997fffff,167,167,51.52925215682461,-0.004980703221980113
89194e6997bffff,88194e6997fffff,167,167,51.53155936264286,-0.012546794047997653
89195da6aa3ffff,88195da6abfffff,168,168,51.56339572026529,-0.12783024923742836
89195da6aa7ffff,88195da6abfffff,168,168,51.56088229022834,-0.12486858366259486
89195da6aabffff,88195da6abfffff,168,168,51.563183346685385,-0.13245152717545322
89195da6aafffff,88195da6abfffff,168,168,51.560669981074106,-0.1294895516140043
89195da6ab3ffff,88195da6abfffff,168,168,51.56612133091724,-0.1261708119355815
89195da6ab7ffff,88195da6abfffff,168,168,51.56360790353316,-0.12320912015094893
89195da6abbffff,88195da6abfffff,168,168,51.56590908322332,-0.13079225104472814
89194e69943ffff,88194e6995fffff,169,169,51.536798314688596,-0.013836790363819225
89194e69947ffff,88194e6995fffff,169,169,51.534282995015815,-0.010884425909678516
89194e6994bffff,88194e6995fffff,169,169,51.53658994077692,-0.018451807784514822
89194e6994fffff,88194e6995fffff,169,169,51.53407468486739,-0.015499133197830082
89194e69953ffff,88194e6995fffff,169,169,51.53952181599879,-0.012174312678170438
89194e69957ffff,88194e6995fffff,169,169,51.53700649888487,-0.009221922930300828
89194e6995bffff,88194e6995fffff,169,169,51.53931356803895,-0.016789490280135447
89195da4843ffff,88195da485fffff,170,170,51.529392210979275,-0.17545126641561623
89195da4847ffff,88195da485fffff,170,170,51.52687913652796,-0.17248805914951637
89195da484bffff,88195da485fffff,170,170,51.52917718502498,-0.18007150018577922
89195da484fffff,88195da485fffff,170,170,51.52666417513131,-0.1771079834858644
89195da4853ffff,88195da485fffff,170,170,51.5321201184333,-0.17379441460335973
89195da4857ffff,88195da485fffff,170,170,51.52960704655223,-0.17083118078591508
89195da485bffff,88195da485fffff,170,170,51.53190521830239,-0.17841480970288284
89194e69843ffff,88194e6985fffff,171,171,51.55440369366919,-0.03451273680769644
89194e69847ffff,88194e6985fffff,171,171,51.551888838891344,-0.031558023246854604
89194e6984bffff,88194e6985fffff,171,171,51.55419487277033,-0.03912992560874146
89194e6984fffff,88194e6985fffff,171,171,51.55168008191686,-0.03617490180223972
89194e69853ffff,88194e6985fffff,171,171,51.557127176860995,-0.03285043688750474
89194e69857ffff,88194e6985fffff,171,171,51.55461232469362,-0.029895697855555157
89194e6985bffff,88194e6985fffff,171,171,51.55691848191187,-0.03746778612120154
89194ad1183ffff,88194ad119fffff,172,172,51.46108896681724,-0.10478639623518815
89194ad1187ffff,88194ad119fffff,172,172,51.45857421931,-0.10183162794304228
89194ad118bffff,88194ad119fffff,172,172,51.46087529624376,-0.10939857804602796
89194ad118fffff,88194ad119fffff,172,172,51.45836061271826,-0.10644350078730319
89194ad1193ffff,88194ad119fffff,172,172,51.46381719272049,-0.10312915722947442
89194ad1197ffff,88194ad119fffff,172,172,51.46130244758346,-0.10017436300103909
89194ad119bffff,88194ad119fffff,172,172,51.46360364797227,-0.10774149946601179
89195da4bc3ffff,88195da4bdfffff,173,173,51.51596621266651,-0.17911422542473684
89195da4bc7ffff,88195da4bdfffff,173,173,51.51345306093694,-0.1761514603460022
89195da4bcbffff,88195da4bdfffff,173,173,51.51575074800865,-0.1837335046199668
89195da4bcfffff,88195da4bdfffff,173,173,51.5132376608123,-0.18077043026705847
89195da4bd3ffff,88195da4bdfffff,173,173,51.51869463617564,-0.17745788590547237
89195da4bd7ffff,88195da4bdfffff,173,173,51.516181486980585,-0.17449509425922655
89195da4bdbffff,88195da4bdfffff,173,173,51.51847929732803,-0.1820773263811723
89194ad1023ffff,88194ad103fffff,174,174,51.46526192901649,-0.1291490275381171
89194ad1027ffff,88194ad103fffff,174,174,51.46274757049074,-0.12619235345386343
89194ad102bffff,88194ad103fffff,174,174,51.46504737081095,-0.13376242095083463
89194ad102fffff,88194ad103fffff,174,174,51.462533076403524,-0.13080543794817429
89194ad1033ffff,88194ad103fffff,174,174,51.467990653433,-0.12749248266617358
89194ad1037ffff,88194ad103fffff,174,174,51.46547629729365,-0.12453578245170488
89194ad103bffff,88194ad103fffff,174,174,51.46777622103717,-0.13210603670683926
89194ad00c3ffff,88194ad00dfffff,175,175,51.46615366160563,-0.052403212411648685
89194ad00c7ffff,88194ad00dfffff,175,175,51.46363821416156,-0.04945181852042718
89194ad00cbffff,88194ad00dfffff,175,175,51.46594220373356,-0.057013917054316805
89194ad00cfffff,88194ad00dfffff,175,175,51.463426820022256,-0.0540622139424836
89194ad00d3ffff,88194ad00dfffff,175,175,51.46888037494592,-0.05074407637955272
89194ad00d7ffff,88194ad00dfffff,175,175,51.466364929875695,-0.047792656956249825
89194ad00dbffff,88194ad00dfffff,175,175,51.46866904294277,-0.05535494109135483
89194ad2683ffff,88194ad269fffff,176,176,51.521289229927,-0.005354097908839539
89194ad2687ffff,88194ad269fffff,176,176,51.518773640231146,-0.002403125305500123
89194ad268bffff,88194ad269fffff,176,176,51.521080859034335,-0.00996755483006462
89194ad268fffff,88194ad269fffff,176,176,51.51856533300912,-0.007016272230614276
89194ad2693ffff,88194ad269fffff,176,176,51.524012998383064,-0.0036917888049912673
89194ad2697ffff,88194ad269fffff,176,176,51.52149741120236,-0.00074079098789259
89194ad269bffff,88194ad269fffff,176,176,51.52380475343678,-0.008305405757900921
89195da6da3ffff,88195da6dbfffff,177,177,51.56634897628477,-0.06314801158430863
89195da6da7ffff,88195da6dbfffff,177,177,51.56383464667331,-0.06019068792571802
89195da6dabffff,88195da6dbfffff,177,177,51.56613926534021,-0.06776720078832149
89195da6dafffff,88195da6dbfffff,177,177,51.56362499983641,-0.06480956686310926
89195da6db3ffff,88195da6dbfffff,177,177,51.56907282414723,-0.06148632133625527
89195da6db7ffff,88195da6dbfffff,177,177,51.56655849718407,-0.058528971971761636
89195da6dbbffff,88195da6dbfffff,177,177,51.56886323913994,-0.06610567125138787
89195da6d03ffff,88195da6d1fffff,178,178,51.56844349890237,-0.07534481974371526
89195da6d07ffff,88195da6d1fffff,178,178,51.565929364331296,-0.07238653953109798
89195da6d0bffff,88195da6d1fffff,178,178,51.5682333436339,-0.07996461821528629
89195da6d0fffff,88195da6d1fffff,178,178,51.56571927323894,-0.0770060277597891
89195da6d13ffff,88195da6d1fffff,178,178,51.57116759597944,-0.07368347675407798
89195da6d17ffff,88195da6d1fffff,178,178,51.56865346406468,-0.07072517073814459
89195da6d1bffff,88195da6d1fffff,178,178,51.57095756664066,-0.07830343603848582
89194ad1283ffff,88194ad129fffff,179,179,51.477187515835034,-0.1577826842446153
89194ad1287ffff,88194ad129fffff,179,179,51.47467368290644,-0.15482340739353384
89194ad128bffff,88194ad129fffff,179,179,51.4769720664547,-0.1623980668485747
89194ad128fffff,88194ad129fffff,179,179,51.47445829782732,-0.15943848106028474
89194ad1293ffff,88194ad129fffff,179,179,51.479916605620865,-0.15612675292437997
89194ad1297ffff,88194ad129fffff,179,179,51.477402775116964,-0.15316744970853097
89194ad129bffff,88194ad129fffff,179,179,51.47970128203736,-0.1607422964335466
89194e69823ffff,88194e6983fffff,180,180,51.54455225120695,-0.018080098677961124
89194e69827ffff,88194e6983fffff,180,180,51.54203706678296,-0.015127037913575279
89194e6982bffff,88194e6983fffff,180,180,51.54434387565097,-0.022695896665336533
89194e6982fffff,88194e6983fffff,180,180,51.54182875503656,-0.019742525700148526
89194e69833ffff,88194e6983fffff,180,180,51.547275618841915,-0.01641753676941924
89194e69837ffff,88194e6983fffff,180,180,51.54476043699857,-0.013464450671221448
89194e6983bffff,88194e6983fffff,180,180,51.54706736924044,-0.021033495012853277
89194ad0243ffff,88194ad025fffff,181,181,51.45900086315876,-0.09260832809696463
89194ad0247ffff,88194ad025fffff,181,181,51.45648592148016,-0.08965451266327798
89194ad024bffff,88194ad025fffff,181,181,51.45878763611717,-0.0972199036953878
89194ad024fffff,88194ad025fffff,181,181,51.456272758352064,-0.09426577927124372
89194ad0253ffff,88194ad025fffff,181,181,51.46172883977006,-0.09095074247325977
89194ad0257ffff,88194ad025fffff,181,181,51.45921390045363,-0.08799690120026131
89194ad025bffff,88194ad025fffff,181,181,51.46151573856142,-0.09556247839622138
89195da4c43ffff,88195da4c5fffff,182,182,51.548484866299255,-0.16385047338205042
89195da4c47ffff,88195da4c5fffff,182,182,51.54597180998797,-0.16088708047580724
89195da4c4bffff,88195da4c5fffff,182,182,51.54827072117946,-0.16847183652538494
89195da4c4fffff,88195da4c5fffff,182,182,51.545757729428324,-0.16550813393345953
89195da4c53ffff,88195da4c5fffff,182,182,51.55121187470319,-0.1621926779929111
89195da4c57ffff,88195da4c5fffff,182,182,51.54869882101156,-0.15922925860844586
89195da4c5bffff,88195da4c5fffff,182,182,51.550997855430346,-0.16681420248820755
89194ad1063ffff,88194ad107fffff,183,183,51.467346786373625,-0.14133358965439125
89194ad1067ffff,88194ad107fffff,183,183,51.464832622658136,-0.13837596263716892
89194ad106bffff,88194ad107fffff,183,183,51.467131784068016,-0.14594758845586547
89194ad106fffff,88194ad107fffff,183,183,51.46461768453909,-0.14298965254445345
89194ad1073ffff,88194ad107fffff,183,183,51.47007576001138,-0.13967739229832282
89194ad1077ffff,88194ad107fffff,183,183,51.467561598690374,-0.1367197390538201
89194ad107bffff,88194ad107fffff,183,183,51.46986088350769,-0.14429155182891334
89195da4cc3ffff,88195da4cdfffff,184,184,51.55415245763718,-0.15591321033729616
89195da4cc7ffff,88195da4cdfffff,184,184,51.551639342034136,-0.15295007426296292
89195da4ccbffff,88195da4cdfffff,184,184,51.55393875462963,-0.16053474775239945
89195da4ccfffff,88195da4cdfffff,184,184,51.55142570356479,-0.15757130190017682
89195da4cd3ffff,88195da4cdfffff,184,184,51.55687908321835,-0.15425498390613232
89195da4cd7ffff,88195da4cdfffff,184,184,51.55436597024876,-0.15129182141049508
89195da4cdbffff,88195da4cdfffff,184,184,51.556665506068235,-0.15887668264684435
89194e69e63ffff,88194e69e7fffff,185,185,51.56425337029858,-0.050953378937908085
89194e69e67ffff,88194e69e7fffff,185,185,51.56173884586018,-0.047997011807125935
89194e69e6bffff,88194e69e7fffff,185,185,51.5640441034877,-0.05557195859975838
89194e69e6fffff,88194e69e7fffff,185,185,51.561529643088456,-0.052615281178639325
89194e69e73ffff,88194e69e7fffff,185,185,51.566976968923214,-0.049291341732343015
89194e69e77ffff,88194e69e7fffff,185,185,51.5644624471251,-0.04633494899295932
89194e69e7bffff,88194e69e7fffff,185,185,51.56676782805718,-0.053910082003512313
89195da6d43ffff,88195da6d5fffff,186,186,51.570536937557364,-0.08754380289265827
89195da6d47ffff,88195da6d5fffff,186,186,51.56802299824017,-0.08458456610002518
89195da6d4bffff,88195da6d5fffff,186,186,51.570326337774766,-0.0921642103567538
89195da6d4fffff,88195da6d5fffff,186,186,51.56781246270218,-0.08920466334513204
89195da6d53ffff,88195da6d5fffff,186,186,51.57326128382583,-0.08588280746230609
89195da6d57ffff,88195da6d5fffff,186,186,51.57074734717299,-0.08292354476895004
89195da6d5bffff,88195da6d5fffff,186,186,51.57305080996527,-0.09050337584097919
89194ad2043ffff,88194ad205fffff,187,187,51.500121456106754,-0.004812088032624563
89194ad2047ffff,88194ad205fffff,187,187,51.49760565567653,-0.0018622467659867733
89194ad204bffff,88194ad205fffff,187,187,51.499912646470634,-0.009423815438539124
89194ad204fffff,88194ad205fffff,187,187,51.49739690964066,-0.006473664403515328
89194ad2053ffff,88194ad205fffff,187,187,51.502845874184466,-0.0031503769793196066
89194ad2057ffff,88194ad205fffff,187,187,51.50033007621166,-0.00020051052184074267
89194ad205bffff,88194ad205fffff,187,187,51.50263719047897,-0.007762264294294222
89194ad26a3ffff,88194ad26bfffff,188,188,51.51353408245301,-0.0011147126514752083
89194ad26a7ffff,88194ad26bfffff,188,188,51.511018357982756,0.001835564411141812
89194ad26abffff,88194ad26bfffff,188,188,51.513325712935035,-0.0057273896396955615
89194ad26afffff,88194ad26bfffff,188,188,51.51081005208925,-0.002776802649234552
89194ad26b3ffff,88194ad26bfffff,188,188,51.516257984379536,0.0005475120936530405
89194ad26b7ffff,88194ad26bfffff,188,188,51.513742262402545,0.003497814330081292
89194ad26bbffff,88194ad26bfffff,188,188,51.516049740805215,-0.0040653248515636195
89195da4ea3ffff,88195da4ebfffff,189,189,51.542816067297146,-0.17178670010999092
89195da4ea7ffff,88195da4ebfffff,189,189,51.54030307032709,-0.16882305057782535
89195da4eabffff,88195da4ebfffff,189,189,51.54260148007447,-0.17640788881037253
89195da4eafffff,88195da4ebfffff,189,189,51.54008854768656,-0.1734439296847119
89195da4eb3ffff,88195da4ebfffff,189,189,51.54554345846493,-0.17012933572811037
89195da4eb7ffff,88195da4ebfffff,189,189,51.54303046410081,-0.16716565966082778
89195da4ebbffff,88195da4ebfffff,189,189,51.545328997078755,-0.17475068580675632
89194ada583ffff,88194ada59fffff,190,190,51.49478247629564,-0.17850701397125354
89194ada587ffff,88194ada59fffff,190,190,51.49226911109011,-0.17554538888938398
89194ada58bffff,88194ada59fffff,190,190,51.49456657616243,-0.18312455957651846
89194ada58fffff,88194ada59fffff,190,190,51.492053275419224,-0.18016262544729258
89194ada593ffff,88194ada59fffff,190,190,51.49751154890052,-0.17685126791776526
89194ada597ffff,88194ada59fffff,190,190,51.49499818617176,-0.17388961629279465
89194ada59bffff,88194ada59fffff,190,190,51.4972957745617,-0.18146897467947762
89195da6a63ffff,88195da6a7fffff,191,191,51.559818841183805,-0.14797491107742303
89195da6a67ffff,88195da6a7fffff,191,191,51.55730566633861,-0.14501203204109964
89195da6a6bffff,88195da6a7fffff,191,191,51.559605580297834,-0.1525966225929995
89195da6a6fffff,88195da6a7fffff,191,191,51.55709246996881,-0.14963343368653872
89195da6a73ffff,88195da6a7fffff,191,191,51.562545083883414,-0.1463162535694788
89195da6a77ffff,88195da6a7fffff,191,191,51.56003191168544,-0.14335334816880776
89195da6a7bffff,88195da6a7fffff,191,191,51.56233194886527,-0.15093812638421353
89195da6843ffff,88195da685fffff,192,192,51.56905874450471,-0.11988978832858027
89195da6847ffff,88195da685fffff,192,192,51.566545255376965,-0.11692838042339224
89195da684bffff,88195da685fffff,192,192,51.56884681301955,-0.12451123969477507
89195da684fffff,88195da685fffff,192,192,51.56633338829545,-0.12154952171084389
89195da6853ffff,88195da685fffff,192,192,51.571783972150584,-0.11822991999052668
89195da6857ffff,88195da685fffff,192,192,51.569270485689515,-0.11526848593254074
89195da685bffff,88195da685fffff,192,192,51.57157216656179,-0.12285153250133704
89195da4aa3ffff,88195da4abfffff,193,193,51.52372073330884,-0.18338447694894894
89195da4aa7ffff,88195da4abfffff,193,193,51.52120771829523,-0.1804210134549745
89195da4aabffff,88195da4abfffff,193,193,51.523505265325035,-0.18800453609215734
89195da4aafffff,88195da4abfffff,193,193,51.520992314891004,-0.18504076325652377
89195da4ab3ffff,88195da4abfffff,193,193,51.52644902335702,-0.1817280559299376
89195da4ab7ffff,88195da4abfffff,193,193,51.52393601089982,-0.17876456582776737
89195da4abbffff,88195da4abfffff,193,193,51.52623368118607,-0.186348276428717
89194ad0043ffff,88194ad005fffff,194,194,51.46048814060638,-0.06033146549919545
89194ad0047ffff,88194ad005fffff,194,194,51.45797275216812,-0.0573798135545793
89194ad004bffff,88194ad005fffff,194,194,51.460276241392734,-0.06494199908216645
89194ad004fffff,88194ad005fffff,194,194,51.45776091670934,-0.061990038008244534
89194ad0053ffff,88194ad005fffff,194,194,51.46321523628463,-0.05867275851907517
89194ad0057ffff,88194ad005fffff,194,194,51.460699850206296,-0.05572108098561835
89194ad005bffff,88194ad005fffff,194,194,51.46300346292955,-0.0632834521977278
89195da4b63ffff,88195da4b7fffff,195,195,51.502538073486974,-0.18277557816461706
89195da4b67ffff,88195da4b7fffff,195,195,51.500024844682386,-0.17981325519458738
89195da4b6bffff,88195da4b7fffff,195,195,51.502322170153725,-0.18739390314006896
89195da4b6fffff,88195da4b7fffff,195,195,51.499809005857934,-0.18443127105539078
89195da4b73ffff,88195da4b7fffff,195,195,51.505267012819836,-0.1811197506619268
89195da4b77ffff,88195da4b7fffff,195,195,51.50275378651402,-0.17815740110824477
89195da4b7bffff,88195da4b7fffff,195,195,51.505051235283716,-0.18573823686897237
89194ad04a3ffff,88194ad04bfffff,196,196,51.47538597431725,-0.024371716791271338
89194ad04a7ffff,88194ad04bfffff,196,196,51.4728702156876,-0.021421793271084476
89194ad04abffff,88194ad04bfffff,196,196,51.47517584193658,-0.028982154698824664
89194ad04afffff,88194ad04bfffff,196,196,51.47266014692732,-0.02603192175209086
89194ad04b3ffff,88194ad04bfffff,196,196,51.478111673415995,-0.022711377273160277
89194ad04b7ffff,88194ad04bfffff,196,196,51.47559591718006,-0.019761428431377796
89194ad04bbffff,88194ad04bfffff,196,196,51.47790166693252,-0.02732197509538641
89194e69803ffff,88194e6981fffff,197,197,51.55230578330442,-0.02232471579476702
89194e69807ffff,88194e6981fffff,197,197,51.54979073428729,-0.019370958463434906
89194e6980bffff,88194e6981fffff,197,197,51.55209740601419,-0.026941294560143648
89194e6980fffff,88194e6981fffff,197,197,51.54958242085297,-0.023987226959743986
89194e69813ffff,88194e6981fffff,197,197,51.555029017195764,-0.020662069708643347
89194e69817ffff,88194e6981fffff,197,197,51.5525139707812,-0.017708287003422387
89194e6981bffff,88194e6981fffff,197,197,51.55482076586281,-0.025278808804993617
89194ada5a3ffff,88194ada5bfffff,198,198,51.48702647316733,-0.17423976395032578
89194ada5a7ffff,88194ada5bfffff,198,198,51.48451297171959,-0.17127883650018216
89194ada5abffff,88194ada5bfffff,198,198,51.48681057614406,-0.17885653039519464
89194ada5afffff,88194ada5bfffff,198,198,51.48429713911221,-0.17589529396498033
89194ada5b3ffff,88194ada5bfffff,198,198,51.4897556789756,-0.1725840993926855
89194ada5b7ffff,88194ada5bfffff,198,198,51.48724217998267,-0.1696231454400236
89194ada5bbffff,88194ada5bfffff,198,198,51.48953990774404,-0.17720102691896086
89194ad2343ffff,88194ad235fffff,199,199,51.48104693527112,-0.016440295057559243
89194ad2347ffff,88194ad235fffff,199,199,51.47853111783778,-0.013490630422499546
89194ad234bffff,88194ad235fffff,199,199,51.480837244213156,-0.021050903184266855
89194ad234fffff,88194ad235fffff,199,199,51.47832149037807,-0.018100929031398816
89194ad2353ffff,88194ad235fffff,199,199,51.48377225184875,-0.014779526496272212
89194ad2357ffff,88194ad235fffff,199,199,51.481256436823074,-0.011829836596478377
89194ad235bffff,88194ad235fffff,199,199,51.48356268669819,-0.01939029451093819
89194ad0203ffff,88194ad021fffff,200,200,51.4569116785834,-0.08043242566480603
89194ad0207ffff,88194ad021fffff,200,200,51.45439654294642,-0.07747956306425346
89194ad020bffff,88194ad021fffff,200,200,51.45669889488431,-0.08504339477697899
89194ad020fffff,88194ad021fffff,200,200,51.45418382309248,-0.08209022316212124
89194ad0213ffff,88194ad021fffff,200,200,51.459639405879436,-0.07877449372241749
89194ad0217ffff,88194ad021fffff,200,200,51.457124272596474,-0.07582160537936346
89194ad021bffff,88194ad021fffff,200,200,51.45942674802089,-0.08338562305792172
89194ad0423ffff,88194ad043fffff,201,201,51.46972380709175,-0.03230211025662916
89194ad0427ffff,88194ad043fffff,201,201,51.46720810731577,-0.029351928056285313
89194ad042bffff,88194ad043fffff,201,201,51.46951323339724,-0.03691237777379291
89194ad042fffff,88194ad043fffff,201,201,51.466997597263706,-0.03396188623812343
89194ad0433ffff,88194ad043fffff,201,201,51.47244988865288,-0.030642199748052865
89194ad0437ffff,88194ad043fffff,201,201,51.46993419125668,-0.027691992169228567
89194ad043bffff,88194ad043fffff,201,201,51.47223944084519,-0.035252627206512295
89194e69e23ffff,88194e69e3fffff,202,202,51.56215668153777,-0.03876092232705467
89194e69e27ffff,88194e69e3fffff,202,202,51.559641962485856,-0.03580551169751618
89194e69e2bffff,88194e69e3fffff,202,202,51.561947858670244,-0.043378892172352045
89194e69e2fffff,88194e69e3fffff,202,202,51.559433203589045,-0.040423171228926046
89194e69e33ffff,88194e69e3fffff,202,202,51.56488003090144,-0.03709853846473319
89194e69e37ffff,88194e69e3fffff,202,202,51.56236531448185,-0.03414310232393154
89194e69e3bffff,88194e69e3fffff,202,202,51.564671333986375,-0.04171666881767514
89195da6883ffff,88195da689fffff,203,203,51.57262929165592,-0.09974496050666228
89195da6887ffff,88195da689fffff,203,203,51.570115547806104,-0.09678476710835084
89195da688bffff,88195da689fffff,203,203,51.57241824716897,-0.10436597668791667
89195da688fffff,88195da689fffff,203,203,51.56990456763228,-0.10140547309462139
89195da6893ffff,88195da689fffff,203,203,51.575353887092426,-0.09808431293659747
89195da6897ffff,88195da689fffff,203,203,51.57284014591495,-0.09512409354004461
89195da689bffff,88195da689fffff,203,203,51.57514296851989,-0.10270549013416833
89194ad12a3ffff,88194ad12bfffff,204,204,51.46943056044684,-0.15352031537998967
89194ad12a7ffff,88194ad12bfffff,204,204,51.46691659175457,-0.15056173540553172
89194ad12abffff,88194ad12bfffff,204,204,51.4692151138518,-0.15813491929496773
89194ad12afffff,88194ad12bfffff,204,204,51.4667012094144,-0.15517603045070133
89194ad12b3ffff,88194ad12bfffff,204,204,51.472159783282144,-0.15186446583922436
89194ad12b7ffff,88194ad12bfffff,204,204,51.469645816992475,-0.14890585954037097
89194ad12bbffff,88194ad12bfffff,204,204,51.47194446248124,-0.15647923058448962
89195da4e23ffff,88195da4e3fffff,205,205,51.53714606075803,-0.17972189041958425
89195da4e27ffff,88195da4e3fffff,205,205,51.53463312317873,-0.17675798446749977
89195da4e2bffff,88195da4e3fffff,205,205,51.53693103144192,-0.18434290450588434
89195da4e2fffff,88195da4e3fffff,205,205,51.53441815846676,-0.18137868905253315
89195da4e33ffff,88195da4e3fffff,205,205,51.53987383463077,-0.178064957010095
89195da4e37ffff,88195da4e3fffff,205,205,51.537360899643616,-0.1751010244660367
89195da4e3bffff,88195da4e3fffff,205,205,51.53965893114069,-0.18268613250095178
89195da4b43ffff,88195da4b5fffff,206,206,51.51029326435527,-0.1870454570902017
89195da4b47ffff,88195da4b5fffff,206,206,51.50778017211044,-0.18408243597551635
89195da4b4bffff,88195da4b5fffff,206,206,51.5100773577319,-0.1916645616457139
89195da4b4fffff,88195da4b5fffff,206,206,51.50756433004214,-0.1887012313488969
89195da4b53ffff,88195da4b5fffff,206,206,51.51302207034759,-0.18538954818511896
89195da4b57ffff,88195da4b5fffff,206,206,51.51050898062343,-0.18242650044609254
89195da4b5bffff,88195da4b5fffff,206,206,51.51280628952391,-0.19000881404724076
89195da6a03ffff,88195da6a1fffff,207,207,51.56548401681231,-0.14003557570437003
89195da6a07ffff,88195da6a1fffff,207,207,51.562970782774414,-0.1370729539121145
89195da6a0bffff,88195da6a1fffff,207,207,51.56527119805715,-0.14465746114897648
89195da6a0fffff,88195da6a1fffff,207,207,51.562758028513436,-0.14169452939444366
89195da6a13ffff,88195da6a1fffff,207,207,51.568209876571544,-0.13837648708488887
89195da6a17ffff,88195da6a1fffff,207,207,51.56569664519468,-0.1354138389853009
89195da6a1bffff,88195da6a1fffff,207,207,51.56799718369463,-0.14299853380227007
89194ad23c3ffff,88194ad23dfffff,208,208,51.48670668982707,-0.008507845159502403
89194ad23c7ffff,88194ad23dfffff,208,208,51.484190813640026,-0.005558439614533397
89194ad23cbffff,88194ad23dfffff,208,208,51.486497440100514,-0.013118623334013547
89194ad23cfffff,88194ad23dfffff,208,208,51.48398162748967,-0.010168908180006252
89194ad23d3ffff,88194ad23dfffff,208,208,51.489431623824906,-0.006846647521458991
89194ad23d7ffff,88194ad23dfffff,208,208,51.48691575005945,-0.0038972167685888282
89194ad23dbffff,88194ad23dfffff,208,208,51.48922250001605,-0.01145758555716343
89194ad12c3ffff,88194ad12dfffff,209,209,51.47927006448822,-0.16997382754239637
89194ad12c7ffff,88194ad12dfffff,209,209,51.47675642695698,-0.1670135974676266
89194ad12cbffff,88194ad12dfffff,209,209,51.479054170484716,-0.1745898150364906
89194ad12cfffff,88194ad12dfffff,209,209,51.47654059732304,-0.17162927604899073
89194ad12d3ffff,88194ad12dfffff,209,209,51.48199940343126,-0.16831824452730176
89194ad12d7ffff,88194ad12dfffff,209,209,51.4794857683328,-0.16535798799048984
89194ad12dbffff,88194ad12dfffff,209,209,51.48178363521677,-0.17293439302778474
89194ad0083ffff,88194ad009fffff,210,210,51.464060433720974,-0.04023147534981922
89194ad0087ffff,88194ad009fffff,210,210,51.461544792848635,-0.037281034674172646
89194ad008bffff,88194ad009fffff,210,210,51.46384941872145,-0.04484157230540712
89194ad008fffff,88194ad009fffff,210,210,51.46133384151362,-0.04189082238570291
89194ad0093ffff,88194ad009fffff,210,210,51.46678689768568,-0.03857199381702465
89194ad0097ffff,88194ad009fffff,210,210,51.4642712591792,-0.035621527706132444
89194ad009bffff,88194ad009fffff,210,210,51.466576008562654,-0.04318225074054179
89194e69903ffff,88194e6991fffff,211,211,51.53469904625367,-0.0016554614065209304
89194e69907ffff,88194e6991fffff,211,211,51.532183532876495,0.001295947335131767
89194e6990bffff,88194e6991fffff,211,211,51.53449111547153,-0.006269868628400705
89194e6990fffff,88194e6991fffff,211,211,51.5319756657892,-0.003318149730983841
89194e69913ffff,88194e6991fffff,211,211,51.53742229820768,7.361765027257871e-06
89194e69917ffff,88194e6991fffff,211,211,51.53490678738138,0.002958795703358192
89194e6991bffff,88194e6991fffff,211,211,51.53721449338488,-0.004607205536515006
89194ad20c3ffff,88194ad20dfffff,212,212,51.50577853209625,0.003123366036447135
89194ad20c7ffff,88194ad20dfffff,212,212,51.50326267300985,0.006072947814531493
89194ad20cbffff,88194ad20dfffff,212,212,51.5055701638633,-0.0014885312299685806
89194ad20cfffff,88194ad20dfffff,212,212,51.50305436835506,0.0014613604077615065
89194ad20d3ffff,88194ad20dfffff,212,212,51.50850256742492,0.004785506377719277
89194ad20d7ffff,88194ad20dfffff,212,212,51.50598671080987,0.007735113289711777
89194ad20dbffff,88194ad20dfffff,212,212,51.50829432513286,0.00017344922898745508
89194ad1103ffff,88194ad111fffff,213,213,51.45541820822036,-0.11271233186835221
89194ad1107ffff,88194ad111fffff,213,213,51.45290351997514,-0.10975730658506681
89194ad110bffff,88194ad111fffff,213,213,51.45520409618781,-0.11732434129607408
89194ad110fffff,88194ad111fffff,213,213,51.452689471946336,-0.11436900713776088
89194ad1113ffff,88194ad111fffff,213,213,51.45814681632298,-0.11105552217562915
89194ad1117ffff,88194ad111fffff,213,213,51.45563213043407,-0.10810047089939268
89194ad111bffff,88194ad111fffff,213,213,51.457932830105186,-0.11566769205540389
89194ad1143ffff,88194ad115fffff,214,214,51.45750428812637,-0.12489247707895629
89194ad1147ffff,88194ad115fffff,214,214,51.45498979431754,-0.1219364991300278
89194ad114bffff,88194ad115fffff,214,214,51.45728973232743,-0.12950509211745403
89194ad114fffff,88194ad115fffff,214,214,51.45477530259056,-0.12654880531753632
89194ad1153ffff,88194ad115fffff,214,214,51.46023314549044,-0.1232360144129365
89194ad1157ffff,88194ad115fffff,214,214,51.45771865404599,-0.12028001037407951
89194ad115bffff,88194ad115fffff,214,214,51.46001871549851,-0.1278487900046087
89194e69923ffff,88194e6993fffff,215,215,51.526944567739,0.0025842820162646223
89194e69927ffff,88194e6993fffff,215,215,51.524428919431884,0.005534994949146739
89194e6992bffff,88194e6993fffff,215,215,51.52673663836694,-0.0020293449054550623
89194e6992fffff,88194e6993fffff,215,215,51.52422105370845,0.0009216781148291722
89194e69933ffff,88194e6993fffff,215,215,51.52966795328366,0.004247020730022044
89194e69937ffff,88194e6993fffff,215,215,51.52715230750558,0.0071977588195829
89194e6993bffff,88194e6993fffff,215,215,51.52946014986821,-0.00036676619658724505
89194e699c3ffff,88194e699dfffff,216,216,51.54245312106976,-0.005896512393966733
89194e699c7ffff,88194e699dfffff,216,216,51.539937742780616,-0.0029444075869412864
89194e699cbffff,88194e699dfffff,216,216,51.54224518878768,-0.01051170012732533
89194e699cfffff,88194e699dfffff,216,216,51.539729874239676,-0.007559285096273703
89194e699d3ffff,88194e699dfffff,216,216,51.545176239364885,-0.004233604809858321
89194e699d7ffff,88194e699dfffff,216,216,51.542660863648386,-0.0012814747661050066
89194e699dbffff,88194e699dfffff,216,216,51.54496843304482,-0.00884895269763993
89194ad2063ffff,88194ad207fffff,217,217,51.49236523785918,-0.0005743672013677787
89194ad2067ffff,88194ad207fffff,217,217,51.489849302968416,0.0023747790485230953
89194ad206bffff,88194ad207fffff,217,217,51.492156429472736,-0.005185315252231659
89194ad206fffff,88194ad207fffff,217,217,51.489640558136,-0.0022358593020631455
89194ad2073ffff,88194ad207fffff,217,217,51.4950897892186,0.0010872595470384641
89194ad2077ffff,88194ad207fffff,217,217,51.492573856763364,0.004036430947862554
89194ad207bffff,88194ad207fffff,217,217,51.49488110676009,-0.0035238483382693782
89194ad11a3ffff,88194ad11bfffff,218,218,51.4533310466633,-0.1005343509684745
89194ad11a7ffff,88194ad11bfffff,218,218,51.45081616419467,-0.09758027832597183
89194ad11abffff,88194ad11bfffff,218,218,51.45311737820783,-0.10514575451114096
89194ad11afffff,88194ad11bfffff,218,218,51.45060255967463,-0.10219137296958244
89194ad11b3ffff,88194ad11bfffff,218,218,51.45605940548098,-0.09887719454829576
89194ad11b7ffff,88194ad11bfffff,218,218,51.45354452536055,-0.09592309600971868
89194ad11bbffff,88194ad11bfffff,218,218,51.45584586284798,-0.1034887584418659
89194e698c3ffff,88194e698dfffff,219,219,51.56005891059638,-0.02657064227326908
89194e698c7ffff,88194e698dfffff,219,219,51.55754399714431,-0.023616188118083675
89194e698cbffff,88194e698dfffff,219,219,51.559850531481935,-0.031188002028047165
89194e698cfffff,88194e698dfffff,219,219,51.55733568193212,-0.02823323753557789
89194e698d3ffff,88194e698dfffff,219,219,51.56278201067604,-0.024907912054996942
89194e698d7ffff,88194e698dfffff,219,219,51.5602670998483,-0.021953432485810897
89194e698dbffff,88194e698dfffff,219,219,51.56257375752155,-0.02952543221566156
89194ad02a3ffff,88194ad02bfffff,220,220,51.45482141368316,-0.06825868946061964
89194ad02a7ffff,88194ad02bfffff,220,220,51.45230608430065,-0.06530677966746509
89194ad02abffff,88194ad02bfffff,220,220,51.45460907313701,-0.07286905181292527
89194ad02afffff,88194ad02bfffff,220,220,51.45209380753137,-0.06991683298181228
89194ad02b3ffff,88194ad02bfffff,220,220,51.45754889164045,-0.06660041149858904
89194ad02b7ffff,88194ad02bfffff,220,220,51.45503356460395,-0.06364847605985202
89194ad02bbffff,88194ad02bfffff,220,220,51.457336676942504,-0.07121093397312431
89194ad1383ffff,88194ad139fffff,221,221,51.45958928578974,-0.1370747860761733
89194ad1387ffff,88194ad139fffff,221,221,51.45707498663021,-0.1341178554369381
89194ad138bffff,88194ad139fffff,221,221,51.45937428603504,-0.14168800645075136
89194ad138fffff,88194ad139fffff,221,221,51.45686005101577,-0.13873076698473966
89194ad1393ffff,88194ad139fffff,221,221,51.46231839239163,-0.13541867073608846
89194ad1397ffff,88194ad139fffff,221,221,51.4598040956046,-0.13246171390991293
89194ad139bffff,88194ad139fffff,221,221,51.46210351843618,-0.14003205176491954
89195da68c3ffff,88195da68dfffff,222,222,51.57472056060409,-0.1119482920603069
89195da68c7ffff,88195da68dfffff,222,222,51.57220701243516,-0.10898714203090969
89195da68cbffff,88195da68dfffff,222,222,51.574509071222664,-0.11656991668298664
89195da68cfffff,88195da68dfffff,222,222,51.57199558743537,-0.11360845648273951
89195da68d3ffff,88195da68dfffff,222,222,51.57744540518529,-0.1102879926515217
89195da68d7ffff,88195da68dfffff,222,222,51.57493185969678,-0.107326816526371
89195da68dbffff,88195da68dfffff,222,222,51.5772340417106,-0.11490977839230081
89195da4a23ffff,88195da4a3fffff,223,223,51.51804804851451,-0.19131665130811057
89195da4a27ffff,88195da4a3fffff,223,223,51.51553509298812,-0.18835293179203788
89195da4a2bffff,88195da4a3fffff,223,223,51.517832138510705,-0.19593653565342342
89195da4a2fffff,88195da4a3fffff,223,223,51.51531924758587,-0.19297250688791417
89195da4a33ffff,88195da4a3fffff,223,223,51.52077672109769,-0.18966066104737792
89195da4a37ffff,88195da4a3fffff,223,223,51.51826376811396,-0.18669691486634304
89195da4a3bffff,88195da4a3fffff,223,223,51.52056093689631,-0.19428070677458578
89195da4a83ffff,88195da4a9fffff,224,224,51.53147484680934,-0.18765604420951532
89195da4a87ffff,88195da4a9fffff,224,224,51.528961968670345,-0.1846918820434341
89195da4a8bffff,88195da4a9fffff,224,224,51.531259375409306,-0.19227688351069125
89195da4a8fffff,88195da4a9fffff,224,224,51.528746561896355,-0.189312411935541
89195da4a93ffff,88195da4a9fffff,224,224,51.534203003327995,-0.18599954173750932
89195da4a97ffff,88195da4a9fffff,224,224,51.531690127767384,-0.1830353529225692
89195da4a9bffff,88195da4a9fffff,224,224,51.53398765774353,-0.1906205424695397
89195da6d83ffff,88195da6d9fffff,225,225,51.574101277752106,-0.06740202820857863
89195da6d87ffff,88195da6d9fffff,225,225,51.571587084346724,-0.06444400673470999
89195da6d8bffff,88195da6d9fffff,225,225,51.57389156445979,-0.07202199877720095
89195da6d8fffff,88195da6d9fffff,225,225,51.571377435208426,-0.06906366696852018
89195da6d93ffff,88195da6d9fffff,225,225,51.57682499168545,-0.06574025444469075
89195da6d97ffff,88195da6d9fffff,225,225,51.57431080095014,-0.06278220722457475
89195da6d9bffff,88195da6d9fffff,225,225,51.57661540433306,-0.0703603857994962
89195da6a83ffff,88195da6a9fffff,226,226,51.5711479843959,-0.132095204320171
89195da6a87ffff,88195da6a9fffff,226,226,51.56863469121497,-0.1291328399781743
89195da6a8bffff,88195da6a9fffff,226,226,51.57093560778078,-0.1367172635223348
89195da6a8fffff,88195da6a9fffff,226,226,51.568422379071954,-0.13375458912583915
89195da6a93ffff,88195da6a9fffff,226,226,51.57387346115609,-0.13043568455452928
89195da6a97ffff,88195da6a9fffff,226,226,51.57136017064989,-0.1274732939621971
89195da6a9bffff,88195da6a9fffff,226,226,51.573661210429634,-0.1350579050030282
89194ad2443ffff,88194ad245fffff,227,227,51.51918968591022,0.006822718432635379
89194ad2447ffff,88194ad245fffff,227,227,51.51667390283132,0.009772735813056325
89194ad244bffff,88194ad245fffff,227,227,51.51898175785848,0.002209871599738913
89194ad244fffff,88194ad245fffff,227,227,51.51646603838185,0.005160198999381074
89194ad2453ffff,88194ad245fffff,227,227,51.52191320497727,0.008485372643442138
89194ad2457ffff,88194ad245fffff,227,227,51.519397424405525,0.011435415140663964
89194ad245bffff,88194ad245fffff,227,227,51.521705402879384,0.003872365880395285
89194e69e43ffff,88194e69e5fffff,228,228,51.57200581242753,-0.0552051351332708
89194e69e47ffff,88194e69e5fffff,228,228,51.56949142403416,-0.05224807043191671
89194e69e4bffff,88194e69e5fffff,228,228,51.571796543413384,-0.05982449610532652
89194e69e4fffff,88194e69e5fffff,228,228,51.5692822191056,-0.05686712104552274
89194e69e53ffff,88194e69e5fffff,228,228,51.57472927713945,-0.05354301422141486
89194e69e57ffff,88194e69e5fffff,228,228,51.5722148914082,-0.05058592387127128
89194e69e5bffff,88194e69e5fffff,228,228,51.574520134072884,-0.05816253587790628
89195da6dc3ffff,88195da6ddfffff,229,229,51.57619565925799,-0.0796010971501998
89195da6dc7ffff,88195da6ddfffff,229,229,51.573681661053975,-0.0766421188775521
89195da6dcbffff,88195da6ddfffff,229,229,51.57598550149715,-0.08422167704046825
89195da6dcfffff,88195da6ddfffff,229,229,51.57347156751568,-0.08126238845687227
89195da6dd3ffff,88195da6ddfffff,229,229,51.578919622389456,-0.07793967083521877
89195da6dd7ffff,88195da6ddfffff,229,229,51.57640562686361,-0.07498066671891304
89195da6ddbffff,88195da6ddfffff,229,229,51.57870959056098,-0.08256041161345701
89194ad0003ffff,88194ad001fffff,230,230,51.4583958543315,-0.04815981196714754
89194ad0007ffff,88194ad001fffff,230,230,51.45588027241275,-0.045209113021064166
89194ad000bffff,88194ad001fffff,230,230,51.45818439803585,-0.052769738190078554
89194ad000fffff,88194ad001fffff,230,230,51.45566887980364,-0.049818730091165365
89194ad0013ffff,88194ad001fffff,230,230,51.46112270064087,-0.046500759376392406
89194ad0017ffff,88194ad001fffff,230,230,51.45860712107405,-0.04355003493825955
89194ad001bffff,88194ad001fffff,230,230,51.46091137021148,-0.05111084559386626
89194e698a3ffff,88194e698bfffff,231,231,51.55020679180286,-0.010138871504591083
89194e698a7ffff,88194e698bfffff,231,231,51.54769154875981,-0.007186070375492148
89194e698abffff,88194e698bfffff,231,231,51.54999885793089,-0.01475483996082618
89194e698afffff,88194e698bfffff,231,231,51.54748367867531,-0.011801728539421548
89194e698b3ffff,88194e698bfffff,231,231,51.552929776370824,-0.008475879553100911
89194e698b7ffff,88194e698bfffff,231,231,51.55041453592228,-0.005523053147276629
89194e698bbffff,88194e698bfffff,231,231,51.5527219684636,-0.013092008238614615
89194ad1203ffff,88194ad121fffff,232,232,51.47151325064443,-0.16570920418826843
89194ad1207ffff,88194ad121fffff,232,232,51.46899947718845,-0.16274967123264336
89194ad120bffff,88194ad121fffff,232,232,51.47129735957065,-0.1703244129411885
89194ad120fffff,88194ad121fffff,232,232,51.468783650437864,-0.16736457114020328
89194ad1213ffff,88194ad121fffff,232,232,51.47424272265354,-0.16405370276225872
89194ad1217ffff,88194ad121fffff,232,232,51.47172895160829,-0.16109414338508388
89194ad121bffff,88194ad121fffff,232,232,51.474026957366114,-0.16866907244665005
89195da4123ffff,88195da413fffff,233,233,51.55623778049307,-0.16812052547966255
89195da4127ffff,88195da413fffff,233,233,51.55372486120715,-0.16515643360284976
89195da412bffff,88195da413fffff,233,233,51.556023632030055,-0.17274266946576167
89195da412fffff,88195da413fffff,233,233,51.553510777350816,-0.16977826783568845
89195da4133ffff,88195da413fffff,233,233,51.55896465514376,-0.16646264825132218
89195da4137ffff,88195da413fffff,233,233,51.55645173849946,-0.16349852985564567
89195da413bffff,88195da413fffff,233,233,51.558750632530376,-0.17108495366462964
89194ad0263ffff,88194ad027fffff,234,234,51.45124280404694,-0.08835853490257686
89194ad0267ffff,88194ad027fffff,234,234,51.44872772756778,-0.08540541487562638
89194ad026bffff,88194ad027fffff,234,234,51.45102957897913,-0.09296933228611981
89194ad026fffff,88194ad027fffff,234,234,51.44851456636716,-0.09001590333629009
89194ad0273ffff,88194ad027fffff,234,234,51.45397091355617,-0.08670103205400644
89194ad0277ffff,88194ad027fffff,234,234,51.45145583941711,-0.08374788622785447
89194ad027bffff,88194ad027fffff,234,234,51.45375781431851,-0.09131198968736821
89195da4e83ffff,88195da4e9fffff,235,235,51.55056924557519,-0.17605769647451464
89195da4e87ffff,88195da4e9fffff,235,235,51.54805638563323,-0.17309334798556678
89195da4e8bffff,88195da4e9fffff,235,235,51.55035465495487,-0.1806796658594893
89195da4e8fffff,88195da4e9fffff,235,235,51.54784185964152,-0.17771500770949475
89195da4e93ffff,88195da4e9fffff,235,235,51.55329650304151,-0.1744002503978508
89195da4e97ffff,88195da4e9fffff,235,235,51.55078364572737,-0.1714358753331099
89195da4e9bffff,88195da4e9fffff,235,235,51.553082038260364,-0.17902238123634096
89194ad13c3ffff,88194ad13dfffff,236,236,51.46167320061884,-0.1492592583348762
89194ad13c7ffff,88194ad13dfffff,236,236,51.45915909632156,-0.14630137498102083
89194ad13cbffff,88194ad13dfffff,236,236,51.46145775671908,-0.1538730837705304
89194ad13cfffff,88194ad13dfffff,236,236,51.458943716630365,-0.15091489161419355
89194ad13d3ffff,88194ad13dfffff,236,236,51.464402556434855,-0.14760349061994696
89194ad13d7ffff,88194ad13dfffff,236,236,51.461888454518224,-0.14464558098211047
89194ad13dbffff,88194ad13dfffff,236,236,51.464187238326616,-0.1522174768110634
89195da41a3ffff,88195da41bfffff,237,237,51.561905107588814,-0.1601823177209914
89195da41a7ffff,88195da41bfffff,237,237,51.5593921290085,-0.1572184826624938
89195da41abffff,88195da41bfffff,237,237,51.5616914012925,-0.1648046361370153
89195da41afffff,88195da41bfffff,237,237,51.55917848729679,-0.16184049123292574
89195da41b3ffff,88195da41bfffff,237,237,51.564631599365086,-0.15852400930615534
89195da41b7ffff,88195da41bfffff,237,237,51.56211862344011,-0.1555601477857461
89195da41bbffff,88195da41bfffff,237,237,51.56441801892881,-0.16314648912301383
89194ada5c3ffff,88194ada5dfffff,238,238,51.496863655026026,-0.19070483187002812
89194ada5c7ffff,88194ada5dfffff,238,238,51.49435048575327,-0.18774225305579959
89194ada5cbffff,88194ada5dfffff,238,238,51.49664730979132,-0.19532298219304683
89194ada5cfffff,88194ada5dfffff,238,238,51.494134205049235,-0.1923600943561602
89194ada5d3ffff,88194ada5dfffff,238,238,51.49959297673105,-0.18904943480258982
89194ada5d7ffff,88194ada5dfffff,238,238,51.497079809943216,-0.18608682934790552
89194ada5dbffff,88194ada5dfffff,238,238,51.49937675728288,-0.1936677463833171
89194ada503ffff,88194ada51fffff,239,239,51.48910779456999,-0.18643532566167567
89194ada507ffff,88194ada51fffff,239,239,51.486594488893836,-0.18347344472171007
89194ada50bffff,88194ada51fffff,239,239,51.48889145258975,-0.19105269677238373
89194ada50fffff,88194ada51fffff,239,239,51.486378211397806,-0.1880905068770562
89194ada513ffff,88194ada51fffff,239,239,51.49183724949503,-0.18478000989938081
89194ada517ffff,88194ada51fffff,239,239,51.48932394628181,-0.18181810235957044
89194ada51bffff,88194ada51fffff,239,239,51.49162103329862,-0.1893975421927538
89195da6c23ffff,88195da6c3fffff,240,240,51.57828895635102,-0.09180234143410407
89195da6c27ffff,88195da6c3fffff,240,240,51.57577515356199,-0.08884240633686244
89195da6c2bffff,88195da6c3fffff,240,240,51.578078353931396,-0.0964235303707763
89195da6c2fffff,88195da6c3fffff,240,240,51.5755646154334,-0.09346328498652812
89195da6c33ffff,88195da6c3fffff,240,240,51.58101316865737,-0.09014126286905105
89195da6c37ffff,88195da6c3fffff,240,240,51.57849936855451,-0.0871813018306803
89195da6c3bffff,88195da6c3fffff,240,240,51.580802692162514,-0.0947626127954881
89194ad2003ffff,88194ad201fffff,241,241,51.49802257924154,0.007360138712442865
89194ad2007ffff,88194ad201fffff,241,241,51.49550658569703,0.010309025462193203
89194ad200bffff,88194ad201fffff,241,241,51.49781421220378,0.0027490209567975444
89194ad200fffff,88194ad201fffff,241,241,51.495298282191236,0.005698217497987379
89194ad2013ffff,88194ad201fffff,241,241,51.500746747903946,0.009022194604737148
89194ad2017ffff,88194ad201fffff,241,241,51.4982307568089,0.01197110644849658
89194ad201bffff,88194ad201fffff,241,241,51.50053850680431,0.004410917041452965
89194ad2463ffff,88194ad247fffff,242,242,51.51143440115187,0.01105984840044139
89194ad2467ffff,88194ad247fffff,242,242,51.508918483459226,0.014009170484836969
89194ad246bffff,88194ad247fffff,242,242,51.51122647433061,0.0064477814451767415
89194ad246fffff,88194ad247fffff,242,242,51.508710620194044,0.00939741348046668
89194ad2473ffff,88194ad247fffff,242,242,51.51415805367298,0.012722418063228609
89194ad2477ffff,88194ad247fffff,242,242,51.51164213846568,0.01567176522445928
89194ad247bffff,88194ad247fffff,242,242,51.51395025280288,0.008110191252447602
89194ada4a3ffff,88194ada4bfffff,243,243,51.50461910920609,-0.1949756529268492
89194ada4a7ffff,88194ada4bfffff,243,243,51.50210607649551,-0.1920123759818333
89194ada4abffff,88194ada4bfffff,243,243,51.504402760626796,-0.19959458267179891
89194ada4afffff,88194ada4bfffff,243,243,51.501889792493266,-0.1966309966368323
89194ada4b3ffff,88194ada4bfffff,243,243,51.507348297622435,-0.19332017460098483
89194ada4b7ffff,88194ada4bfffff,243,243,51.50483526741877,-0.1903568709749083
89194ada4bbffff,88194ada4bfffff,243,243,51.50713207483233,-0.19793926567881234
89195da4e03ffff,88195da4e1fffff,244,244,51.544899502962416,-0.1839938306041165
89195da4e07ffff,88195da4e1fffff,244,244,51.54238670241383,-0.1810292257090193
89195da4e0bffff,88195da4e1fffff,244,244,51.544684470194255,-0.1886156252167609
89195da4e0fffff,88195da4e1fffff,244,244,51.54217173429628,-0.18565071075292341
89195da4e13ffff,88195da4e1fffff,244,244,51.54762714318543,-0.18233681564418228
89195da4e17ffff,88195da4e1fffff,244,244,51.54511434525092,-0.1793721841164114
89195da4e1bffff,88195da4e1fffff,244,244,51.54741223624597,-0.18695877173665476
89194ad2363ffff,88194ad237fffff,245,245,51.473289784741816,-0.012201985063549643
89194ad2367ffff,88194ad237fffff,245,245,51.4707738330014,-0.009253015165883846
89194ad236bffff,88194ad237fffff,245,245,51.47308009495275,-0.01681181435745265
89194ad236fffff,88194ad237fffff,245,245,51.47056420676438,-0.01386253501001159
89194ad2373ffff,88194ad237fffff,245,245,51.476015234428544,-0.010541300564368269
89194ad2377ffff,88194ad237fffff,245,245,51.47349928507388,-0.0075923054418539785
89194ad237bffff,88194ad237fffff,245,245,51.47580567054415,-0.015151289671600838
89194ad05c3ffff,88194ad05dfffff,246,246,51.4676285589182,-0.020132460093406836
89194ad05c7ffff,88194ad05dfffff,246,246,51.46511266597914,-0.017183231298793664
89194ad05cbffff,88194ad05dfffff,246,246,51.46741842786094,-0.0247421193239286
89194ad05cfffff,88194ad05dfffff,246,246,51.464902598496,-0.021792581170673123
89194ad05d3ffff,88194ad05dfffff,246,246,51.47035439107397,-0.018472204493532676
89194ad05d7ffff,88194ad05dfffff,246,246,51.46783850050666,-0.015522950417218294
89194ad05dbffff,88194ad05dfffff,246,246,51.470144385911084,-0.023082023564093182
89194ada523ffff,88194ada53fffff,247,247,51.481351528224195,-0.18216713374202598
89194ada527ffff,88194ada53fffff,247,247,51.47883808630338,-0.17920595041993206
89194ada52bffff,88194ada53fffff,247,247,51.481135189408214,-0.18678372585007869
89194ada52fffff,88194ada53fffff,247,247,51.47862181192529,-0.18382223363991804
89194ada533ffff,88194ada53fffff,247,247,51.484081116300594,-0.18051189933164868
89194ada537ffff,88194ada53fffff,247,247,51.4815676768207,-0.17755068945029104
89194ada53bffff,88194ada53fffff,247,247,51.48386490326583,-0.18512865254734617
89195da6a43ffff,88195da6a5fffff,248,248,51.56757122673547,-0.15224307330020717
89195da6a47ffff,88195da6a5fffff,248,248,51.56505818891023,-0.14927949526612744
89195da6a4bffff,88195da6a5fffff,248,248,51.567357962615105,-0.1568655659747315
89195da6a4fffff,88195da6a5fffff,248,248,51.56484498935253,-0.1539016780028416
89195da6a53ffff,88195da6a5fffff,248,248,51.570297335578395,-0.15058433366402954
89195da6a57ffff,88195da6a5fffff,248,248,51.56778430042232,-0.14762072922504418
89195da6a5bffff,88195da6a5fffff,248,248,51.570084197328576,-0.15520698771304092
89195da4a03ffff,88195da4a1fffff,249,249,51.525802425578625,-0.19558916137864607
89195da4a07ffff,88195da4a1fffff,249,249,51.5232896069294,-0.19262474320440842
89195da4a0bffff,88195da4a1fffff,249,249,51.52558651210423,-0.20020982572375157
89195da4a0fffff,88195da4a1fffff,249,249,51.52307375810306,-0.19724509823269945
89195da4a13ffff,88195da4a1fffff,249,249,51.52853096468417,-0.19393308980918517
89195da4a17ffff,88195da4a1fffff,249,249,51.52601814859959,-0.19096864492929327
89195da4a1bffff,88195da4a1fffff,249,249,51.52831517701481,-0.19855391561131508
89194ad2303ffff,88194ad231fffff,250,250,51.47894980432625,-0.004270482312881048
89194ad2307ffff,88194ad231fffff,250,250,51.476433793834445,-0.0013217715169801668
89194ad230bffff,88194ad231fffff,250,250,51.47874055581412,-0.008880481498841263
89194ad230fffff,88194ad231fffff,250,250,51.47622460885229,-0.005931461162048294
89194ad2313ffff,88194ad231fffff,250,250,51.48167487148526,-0.002609368880778099
89194ad2317ffff,88194ad231fffff,250,250,51.47915886339315,0.000339367083050029
89194ad231bffff,88194ad231fffff,250,250,51.48146574888811,-0.00721952785342042
89195da6e23ffff,88195da6e3fffff,251,251,51.57681074380806,-0.12415379702711923
89195da6e27ffff,88195da6e3fffff,251,251,51.57429739153359,-0.12119169034158161
89195da6e2bffff,88195da6e3fffff,251,251,51.576598809342116,-0.1287760298152611
89195da6e2fffff,88195da6e3fffff,251,251,51.57408552151772,-0.1258136129830649
89195da6e33ffff,88195da6e3fffff,251,251,51.579535837510534,-0.12249384608069784
89195da6e37ffff,88195da6e3fffff,251,251,51.57702248792453,-0.11953171320181903
89195da6e3bffff,88195da6e3fffff,251,251,51.57932402894361,-0.1271162400886585
89194ad0063ffff,88194ad007fffff,252,252,51.452730069049935,-0.056087120005157
89194ad0067ffff,88194ad007fffff,252,252,51.45021454613473,-0.053136162993396956
89194ad006bffff,88194ad007fffff,252,252,51.45251817146719,-0.060696875324424776
89194ad006fffff,88194ad007fffff,252,252,51.45000271226061,-0.05774560925114005
89194ad0073ffff,88194ad007fffff,252,252,51.45545729764519,-0.05442849632264347
89194ad0077ffff,88194ad007fffff,252,252,51.45294177706791,-0.05147751376207307
89194ad007bffff,88194ad007fffff,252,252,51.45524552591826,-0.05903841166298629
89194ad0543ffff,88194ad055fffff,253,253,51.461966126981686,-0.028061907298358876
89194ad0547ffff,88194ad055fffff,253,253,51.459450292893976,-0.02511241981166855
89194ad054bffff,88194ad055fffff,253,253,51.461755554665004,-0.03267139629426007
89194ad054fffff,88194ad055fffff,253,253,51.4592397841735,-0.029721599540122448
89194ad0553ffff,88194ad055fffff,253,253,51.46469234154766,-0.026402080564167867
89194ad0557ffff,88194ad055fffff,253,253,51.46217650981776,-0.023452567738925772
89194ad055bffff,88194ad055fffff,253,253,51.46448189511507,-0.03101172942678679
89194ad0223ffff,88194ad023fffff,254,254,51.44915348096299,-0.07618488419283388
89194ad0227ffff,88194ad023fffff,254,254,51.446638210686146,-0.07323271675592696
89194ad022bffff,88194ad023fffff,254,254,51.44894069909341,-0.08079507514362139
89194ad022fffff,88194ad023fffff,254,254,51.44642549261548,-0.07784259876009889
89194ad0233ffff,88194ad023fffff,254,254,51.45188134114034,-0.07452703521496148
89194ad0237ffff,88194ad023fffff,254,254,51.44936607319555,-0.0715748420756968
89194ad023bffff,88194ad023fffff,254,254,51.45166868510859,-0.07913738631448623
89194ad1223ffff,88194ad123fffff,255,255,51.46375603202212,-0.16144589332899062
89194ad1227ffff,88194ad123fffff,255,255,51.46124212280008,-0.15848705723640405
89194ad122bffff,88194ad123fffff,255,255,51.46354014378806,-0.16606032355037226
89194ad122fffff,88194ad123fffff,255,255,51.46102629884285,-0.16310117867972745
89194ad1233ffff,88194ad123fffff,255,255,51.46648563702859,-0.15979047353860035
89194ad1237ffff,88194ad123fffff,255,255,51.46397173019531,-0.15683161106497795
89194ad123bffff,88194ad123fffff,255,255,51.46626987457816,-0.16440506461650783
89194ada483ffff,88194ada49fffff,256,256,51.512374156723986,-0.19924778939202767
89194ada487ffff,88194ada49fffff,256,256,51.509861260734375,-0.19628381405965398
89194ada48bffff,88194ada49fffff,256,256,51.5121578047099,-0.20386749876874374
89194ada48fffff,88194ada49fffff,256,256,51.50964497334376,-0.20090321427907437
89194ada493ffff,88194ada49fffff,256,256,51.51510321178312,-0.1975922298547003
89194ada497ffff,88194ada49fffff,256,256,51.51259031832237,-0.19462822780053893
89194ada49bffff,88194ada49fffff,256,256,51.514886985560885,-0.2022121006394306
89194e699a3ffff,88194e699bfffff,257,257,51.532598698174944,0.010523691020039767
89194e699a7ffff,88194e699bfffff,257,257,51.53008299130653,0.013474144076925904
89194e699abffff,88194e699bfffff,257,257,51.53239121033204,0.005909894269652092
89194e699afffff,88194e699bfffff,257,257,51.52987556709005,0.008860657505358445
89194e699b3ffff,88194e699bfffff,257,257,51.53532170074978,0.012186859377242948
89194e699b7ffff,88194e699bfffff,257,257,51.53280599642428,0.015137337533812013
89194e699bbffff,88194e699bfffff,257,257,51.53511433887368,0.007572902648811367
89194e69983ffff,88194e6999fffff,258,258,51.54035291083932,0.006284897003741547
89194e69987ffff,88194e6999fffff,258,258,51.53783733889825,0.009236045881057949
89194e6998bffff,88194e6999fffff,258,258,51.540145421640794,0.0016703197972472868
89194e6998fffff,88194e6999fffff,258,258,51.53762991337242,0.004621778921716176
89194e69993ffff,88194e6999fffff,258,258,51.543075779771634,0.007948149963081215
89194e69997ffff,88194e6999fffff,258,258,51.54056021039535,0.010899323979968952
89194e6999bffff,88194e6999fffff,258,258,51.542868416542674,0.0033334127037601123
89195da4e63ffff,88195da4e7fffff,259,259,51.53922855278205,-0.1919289277671168
89195da4e67ffff,88195da4e7fffff,259,259,51.536715811676395,-0.18896406667193352
89195da4e6bffff,88195da4e7fffff,259,259,51.53901307787554,-0.19655054743635741
89195da4e6fffff,88195da4e7fffff,259,259,51.536500401442446,-0.19358537686471464
89195da4e73ffff,88195da4e7fffff,259,259,51.541956575702784,-0.19027234388901182
89195da4e77ffff,88195da4e7fffff,259,259,51.53944383719748,-0.18730745610430746
89195da4e7bffff,88195da4e7fffff,259,259,51.54174122661451,-0.1948941250643319
89194ad2383ffff,88194ad239fffff,260,260,51.48460861754545,0.0036620480543909186
89194ad2387ffff,88194ad239fffff,260,260,51.48209254835227,0.006610499543557782
89194ad238bffff,88194ad239fffff,260,260,51.484399810318926,-0.0009481208522688615
89194ad238fffff,88194ad239fffff,260,260,51.48188380463364,0.0020006402689775747
89194ad2393ffff,88194ad239fffff,260,260,51.48733330211809,0.005323590452846462
89194ad2397ffff,88194ad239fffff,260,260,51.484817235338596,0.008272067053063154
89194ad239bffff,88194ad239fffff,260,260,51.48712462081677,0.0007132617863099265
89194ad1163ffff,88194ad117fffff,261,261,51.44974624385954,-0.12063723653055457
89194ad1167ffff,88194ad117fffff,261,261,51.447231614926245,-0.11768195446111741
89194ad116bffff,88194ad117fffff,261,261,51.44953169037731,-0.12524907340453206
89194ad116fffff,88194ad117fffff,261,261,51.447017125469664,-0.12229348255154703
89194ad1173ffff,88194ad117fffff,261,261,51.45247523410243,-0.11898085611657544
89194ad1177ffff,88194ad117fffff,261,261,51.449960607511464,-0.11602554799747163
89194ad117bffff,88194ad117fffff,261,261,51.4522608064245,-0.12359285346899225
89194ad1243ffff,88194ad125fffff,262,262,51.47359485637474,-0.1779002555516299
89194ad1247ffff,88194ad125fffff,262,262,51.47108127836813,-0.17493976959117555
89194ad124bffff,88194ad125fffff,262,262,51.47337852063299,-0.18251606886662122
89194ad124fffff,88194ad125fffff,262,262,51.470865007017856,-0.17955527408536803
89194ad1253ffff,88194ad125fffff,262,262,51.47632457753387,-0.17624510253990888
89194ad1257ffff,88194ad125fffff,262,262,51.47381100194615,-0.17328459006071123
89194ad125bffff,88194ad125fffff,262,262,51.47610836757062,-0.18086107688747635
89195da6ac3ffff,88195da6adfffff,263,263,51.57323613780611,-0.14430279231910567
89195da6ac7ffff,88195da6adfffff,263,263,51.5707230407855,-0.1413394715156689
89195da6acbffff,88195da6adfffff,263,263,51.57302331587103,-0.14892545908073826
89195da6acfffff,88195da6adfffff,263,263,51.57051028339103,-0.1459618282472375
89195da6ad3ffff,88195da6adfffff,263,263,51.57596186365705,-0.14264362142690976
89195da6ad7ffff,88195da6adfffff,263,263,51.57344876931928,-0.13968027427551413
89195da6adbffff,88195da6adfffff,263,263,51.575749167602886,-0.14726644953656398
89194ad13a3ffff,88194ad13bfffff,264,264,51.45183138149071,-0.13281729308395518
89194ad13a7ffff,88194ad13bfffff,264,264,51.4493169470458,-0.12986105856681815
89194ad13abffff,88194ad13bfffff,264,264,51.45161638419703,-0.1374297352413103
89194ad13afffff,88194ad13bfffff,264,264,51.44910201384606,-0.13447319196477256
89194ad13b3ffff,88194ad13bfffff,264,264,51.45456062098802,-0.131161259806042
89194ad13b7ffff,88194ad13bfffff,264,264,51.452046188893554,-0.12820499914231082
89194ad13bbffff,88194ad13bfffff,264,264,51.454345749490855,-0.13577386254288157
89194ad1123ffff,88194ad113fffff,265,265,51.447660024435194,-0.10845934341532641
89194ad1127ffff,88194ad113fffff,265,265,51.44514520122635,-0.10550501376887421
89194ad112bffff,88194ad113fffff,265,265,51.44744591457507,-0.11307057473149938
89194ad112fffff,88194ad113fffff,265,265,51.44493115532367,-0.11011593627743438
89194ad1133ffff,88194ad113fffff,265,265,51.450388765400064,-0.1068026161644182
89194ad1137ffff,88194ad113fffff,265,265,51.44787394452549,-0.10384826056517728
89194ad113bffff,88194ad113fffff,265,265,51.45017478135201,-0.11141400785794231
89194ad24c3ffff,88194ad24dfffff,266,266,51.52484408214969,0.014761178151048117
89194ad24c7ffff,88194ad24dfffff,266,266,51.52232824051202,0.017710935644018645
89194ad24cbffff,88194ad24dfffff,266,266,51.52463659557263,0.010148161645336553
89194ad24cfffff,88194ad24dfffff,266,266,51.5221208175151,0.01309822924879729
89194ad24d3ffff,88194ad24dfffff,266,266,51.527567218298834,0.01642426186099152
89194ad24d7ffff,88194ad24dfffff,266,266,51.52505137918225,0.01937404441371975
89194ad24dbffff,88194ad24dfffff,266,266,51.527359857685816,0.011811085451964855
89194e69d63ffff,88194e69d7fffff,267,267,51.54810671975853,0.002044795543830499
89194e69d67ffff,88194e69d7fffff,267,267,51.54559128290284,0.00499664049816995
89194e69d6bffff,88194e69d7fffff,267,267,51.547899229114535,-0.0025705623302287994
89194e69d6fffff,88194e69d7fffff,267,267,51.54538385597784,0.0003815929396232278
89194e69d73ffff,88194e69d7fffff,267,267,51.5508294549801,0.0037081330601689776
89194e69d77ffff,88194e69d7fffff,267,267,51.548314020711,0.006660003194094958
89194e69d7bffff,88194e69d7fffff,267,267,51.550622090308316,-0.0009073849414928751
89194ad00a3ffff,88194ad00bfffff,268,268,51.456302489058636,-0.03599032657451822
89194ad00a7ffff,88194ad00bfffff,268,268,51.4537867138723,-0.0330405806005204
89194ad00abffff,88194ad00bfffff,268,268,51.45609147549139,-0.04059964516468511
89194ad00afffff,88194ad00bfffff,268,268,51.45357576392331,-0.037649590014466376
89194ad00b3ffff,88194ad00bfffff,268,268,51.45902908597603,-0.03433092867231023
89194ad00b7ffff,88194ad00bfffff,268,268,51.45651331313353,-0.03138115730297863
89194ad00bbffff,88194ad00bfffff,268,268,51.45881819828255,-0.03894040715584875
89194ad2083ffff,88194ad209fffff,269,269,51.50367871384845,0.015295672477382729
89194ad2087ffff,88194ad209fffff,269,269,51.50116266170022,0.01824429952190629
89194ad208bffff,88194ad209fffff,269,269,51.503470788167945,0.010684385188565978
89194ad208fffff,88194ad209fffff,269,269,51.50095479952952,0.01363332211572064
89194ad2093ffff,88194ad209fffff,269,269,51.50640249975532,0.016958157547065193
89194ad2097ffff,88194ad209fffff,269,269,51.5038864500705,0.01990680962858473
89194ad209bffff,88194ad209fffff,269,269,51.506194700023194,0.012346710477378486
89194e69323ffff,88194e6933fffff,270,270,51.579757848305384,-0.05945820316941487
89194e69327ffff,88194e6933fffff,270,270,51.577243596115316,-0.056500440640297835
89194e6932bffff,88194e6933fffff,270,270,51.57954857699795,-0.06407834566315175
89194e6932fffff,88194e6933fffff,270,270,51.57703438893982,-0.061120272707357606
89194e69333ffff,88194e6933fffff,270,270,51.582481179036485,-0.05779599859709406
89194e69337ffff,88194e6933fffff,270,270,51.579966929530315,-0.054838210378887836
89194e6933bffff,88194e6933fffff,270,270,51.5822720336793,-0.06241630185033513
89194ad1303ffff,88194ad131fffff,271,271,51.453915436737155,-0.14499951255092347
89194ad1307ffff,88194ad131fffff,271,271,51.45140119699357,-0.14204232556170146
89194ad130bffff,88194ad131fffff,271,271,51.453699995442776,-0.14961255971685955
89194ad130fffff,88194ad131fffff,271,271,51.451185819861436,-0.14665506399249165
89194ad1313ffff,88194ad131fffff,271,271,51.45664492546523,-0.1433438267082431
89194ad1317ffff,88194ad131fffff,271,271,51.454130688080234,-0.1403866134753987
89194ad131bffff,88194ad131fffff,271,271,51.456429609959585,-0.14795703455471165
89194ad1cc3ffff,88194ad1cdfffff,272,272,51.44557272380918,-0.09628361426193409
89194ad1cc7ffff,88194ad1cdfffff,272,272,51.443057706537715,-0.09333023701339728
89194ad1ccbffff,88194ad1cdfffff,272,272,51.44535905738185,-0.10089423974614321
89194ad1ccfffff,88194ad1cdfffff,272,272,51.44284410399956,-0.09794055366612295
89194ad1cd3ffff,88194ad1cdfffff,272,272,51.44830121547253,-0.09462654047313201
89194ad1cd7ffff,88194ad1cdfffff,272,272,51.445786200527195,-0.09167313736868575
89194ad1cdbffff,88194ad1cdfffff,272,272,51.44808767486495,-0.09923732623360201
89194ad2023ffff,88194ad203fffff,273,273,51.49026622427346,0.01159560593380093
89194ad2027ffff,88194ad203fffff,273,273,51.48775009642897,0.014543797911276584
89194ad202bffff,88194ad203fffff,273,273,51.4900578583412,0.006985267477929856
89194ad202fffff,88194ad203fffff,273,273,51.48754179398247,0.009933769178620629
89194ad2033ffff,88194ad203fffff,273,273,51.492990526201154,0.013257577332147837
89194ad2037ffff,88194ad203fffff,273,273,51.49047440078428,0.016205794363722256
89194ad203bffff,88194ad203fffff,273,273,51.492782286204324,0.008647079143184487
89195da4a63ffff,88195da4a7fffff,274,274,51.52012879719363,-0.20352124182593878
89195da4a67ffff,88195da4a7fffff,274,274,51.51761603808372,-0.20055656784942155
89195da4a6bffff,88195da4a7fffff,274,274,51.51991244165449,-0.20814173104413933
89195da4a6fffff,88195da4a7fffff,274,274,51.51739974721456,-0.20517674784304168
89195da4a73ffff,88195da4a7fffff,274,274,51.52285771882703,-0.20186560112406515
89195da4a77ffff,88195da4a7fffff,274,274,51.520344962267934,-0.19890090038508004
89195da4a7bffff,88195da4a7fffff,274,274,51.522641489082375,-0.20648625182549094
89194ad2403ffff,88194ad241fffff,275,275,51.51708906314804,0.018997358954683827
89194ad2407ffff,88194ad241fffff,275,275,51.514573086899176,0.021946421140103697
89194ad240bffff,88194ad241fffff,275,275,51.51688157774701,0.014385122482317428
89194ad240fffff,88194ad241fffff,275,275,51.514365665032074,0.017334494709889594
89194ad2413ffff,88194ad241fffff,275,275,51.5198123328032,0.020660357972376052
89194ad2417ffff,88194ad241fffff,275,275,51.517296359053574,0.02360944517767334
89194ad241bffff,88194ad241fffff,275,275,51.51960497336348,0.016047961671394828
89195da4ac3ffff,88195da4adfffff,276,276,51.53355639516162,-0.19986298786241832
89195da4ac7ffff,88195da4adfffff,276,276,51.531043713548364,-0.19689787077314067
89195da4acbffff,88195da4adfffff,276,276,51.533340478126355,-0.20448443241729333
89195da4acfffff,88195da4adfffff,276,276,51.53082786120759,-0.20151900594381672
89195da4ad3ffff,88195da4adfffff,276,276,51.53628480072109,-0.19820683503116612
89195da4ad7ffff,88195da4adfffff,276,276,51.5337721216944,-0.19524169119550697
89195da4adbffff,88195da4adfffff,276,276,51.53606900949351,-0.20282844111833098
89194ad03c3ffff,88194ad03dfffff,277,277,51.44706307800327,-0.06401339936053554
89194ad03c7ffff,88194ad03dfffff,277,277,51.44454761414157,-0.06106218448786548
89194ad03cbffff,88194ad03dfffff,277,277,51.446850739142434,-0.06862298360526452
89194ad03cfffff,88194ad03dfffff,277,277,51.44433533901139,-0.06567145976232446
89194ad03d3ffff,88194ad03dfffff,277,277,51.44979068882538,-0.06235520455241521
89194ad03d7ffff,88194ad03dfffff,277,277,51.44727522728764,-0.059403964074181234
89194ad03dbffff,88194ad03dfffff,277,277,51.44957847581003,-0.06696494884477745
89194ada543ffff,88194ada55fffff,278,278,51.49118803001349,-0.1986330500918478
89194ada547ffff,88194ada55fffff,278,278,51.488674920322104,-0.19567021563889023
89194ada54bffff,88194ada55fffff,278,278,51.490971242886985,-0.20325102559177743
89194ada54fffff,88194ada55fffff,278,278,51.48845819774816,-0.2002878822081778
89194ada553ffff,88194ada55fffff,278,278,51.49391773403138,-0.19697808342469117
89194ada557ffff,88194ada55fffff,278,278,51.49140462681106,-0.19401522227452284
89194ada55bffff,88194ada55fffff,278,278,51.493701072680835,-0.20159622020846987
89194ad1263ffff,88194ad127fffff,279,279,51.46583777940801,-0.1736346905314072
89194ad1267ffff,88194ad127fffff,279,279,51.46332406547425,-0.17067490167638538
89194ad126bffff,88194ad127fffff,279,279,51.46562144665044,-0.1782497252628485
89194ad126fffff,88194ad127fffff,279,279,51.46310779706178,-0.17528962765426898
89194ad1273ffff,88194ad127fffff,279,279,51.46856763358113,-0.17197961896490746
89194ad1277ffff,88194ad127fffff,279,279,51.46605392204429,-0.16901980363169963
89194ad127bffff,88194ad127fffff,279,279,51.46835142659935,-0.1765948146540076
89195da4163ffff,88195da417fffff,280,280,51.558322015846755,-0.18033000946401823
89195da4167ffff,88195da417fffff,280,280,51.555809293091464,-0.17736496176104724
89195da416bffff,88195da417fffff,280,280,51.55810742173846,-0.18495275974390876
89195da416fffff,88195da417fffff,280,280,51.555594763658334,-0.18198740231235372
89195da4173ffff,88195da417fffff,280,280,51.561049139543265,-0.17867248173934322
89195da4177ffff,88195da417fffff,280,280,51.55853641943769,-0.17570740741986288
89195da417bffff,88195da417fffff,280,280,51.56083467127681,-0.1832953935480751
89195da4103ffff,88195da411fffff,281,281,51.563990286633995,-0.17239189408535135
89195da4107ffff,88195da411fffff,281,281,51.5614775045321,-0.16942710298073635
89195da410bffff,88195da411fffff,281,281,51.56377613473747,-0.1770148191247097
89195da410fffff,88195da411fffff,281,281,51.5612634172887,-0.17404971819919296
89195da4113ffff,88195da411fffff,281,281,51.5667170274632,-0.1707339350645409
89195da4117ffff,88195da411fffff,281,281,51.56420424802477,-0.1677691174004056
89195da411bffff,88195da411fffff,281,281,51.56650300141894,-0.1753570216064181
89194ada423ffff,88194ada43fffff,282,282,51.49894374734695,-0.20290481283372136
89194ada427ffff,88194ada43fffff,282,282,51.49643077422019,-0.19994128026400115
89194ada42bffff,88194ada43fffff,282,282,51.49872695682143,-0.20752356759753443
89194ada42fffff,88194ada43fffff,282,282,51.496214048293666,-0.2045597260299984
89194ada433ffff,88194ada43fffff,282,282,51.50167331812816,-0.20124976505223072
89194ada437ffff,88194ada43fffff,282,282,51.49916034749445,-0.19828620574464542
89194ada43bffff,88194ada43fffff,282,282,51.50145665338127,-0.2058686811750261
89194ad0023ffff,88194ad003fffff,283,283,51.45063764527567,-0.04391771781822903
89194ad0027ffff,88194ad003fffff,283,283,51.44812192904066,-0.04096771356162339
89194ad002bffff,88194ad003fffff,283,283,51.4504261904668,-0.04852686583163774
89194ad002fffff,88194ad003fffff,283,283,51.44791053787209,-0.045576552490012766
89194ad0033ffff,88194ad003fffff,283,283,51.45336462448561,-0.04225874871429431
89194ad0037ffff,88194ad003fffff,283,283,51.45084891058048,-0.0393087190056261
89194ad003bffff,88194ad003fffff,283,283,51.45315329554013,-0.046868056647647253
89194ada563ffff,88194ada57fffff,284,284,51.48343190645119,-0.19436260231433983
89194ada567ffff,88194ada57fffff,284,284,51.48091866035394,-0.19140046572166355
89194ada56bffff,88194ada57fffff,284,284,51.48321512263348,-0.19897979875992178
89194ada56fffff,88194ada57fffff,284,284,51.48070194104246,-0.19601735330391423
89194ada573ffff,88194ada57fffff,284,284,51.48616174363712,-0.19270771680839857
89194ada577ffff,88194ada57fffff,284,284,51.48364849998895,-0.18974555355917702
89194ada57bffff,88194ada57fffff,284,284,51.48594508559272,-0.19732507446278136
89195da4ec3ffff,88195da4edfffff,285,285,51.55265253720668,-0.1882670875302007
89195da4ec7ffff,88195da4edfffff,285,285,51.5501398738475,-0.1853017834350008
89195da4ecbffff,88195da4edfffff,285,285,51.55243750089615,-0.19288966287947906
89195da4ecfffff,88195da4edfffff,285,285,51.549924902234046,-0.18992404914799219
89195da4ed3ffff,88195da4edfffff,285,285,51.55538004371162,-0.18660999106673212
89195da4ed7ffff,88195da4edfffff,285,285,51.552867382988424,-0.1836446602981235
89195da4edbffff,88195da4edfffff,285,285,51.55516513323244,-0.19123272797110258
89194ad1343ffff,88194ad135fffff,286,286,51.455998409007464,-0.15718389440592853
89194ad1347ffff,88194ad135fffff,286,286,51.453484364178124,-0.1542257549204484
89194ad134bffff,88194ad135fffff,286,286,51.45578252352314,-0.16179754630530446
89194ad134fffff,88194ad135fffff,286,286,51.45326854292433,-0.1588390981090514
89194ad1353ffff,88194ad135fffff,286,286,51.45872814694255,-0.1555285562976468
89194ad1357ffff,88194ad135fffff,286,286,51.45621410447999,-0.1525703904715281
89194ad135bffff,88194ad135fffff,286,286,51.45851238723921,-0.1601423689786676
89194ad1c83ffff,88194ad1c9fffff,287,287,51.44348434257307,-0.08411004959297236
89194ad1c87ffff,88194ad1c9fffff,287,287,51.440969131451816,-0.08115762471708507
89194ad1c8bffff,88194ad1c9fffff,287,287,51.443271119389166,-0.08872006897147394
89194ad1c8fffff,88194ad1c9fffff,287,287,51.44075597208887,-0.08576733524031963
89194ad1c93ffff,88194ad1c9fffff,287,287,51.4462125849114,-0.08245262956528643
89194ad1c97ffff,88194ad1c9fffff,287,287,51.44369737610823,-0.07950017893030908
89194ad1c9bffff,88194ad1c9fffff,287,287,51.445999487554985,-0.08706280911898735
89195da4183ffff,88195da419fffff,288,288,51.56965734944133,-0.16445274149564204
89195da4187ffff,88195da419fffff,288,288,51.56714450804232,-0.16148820719566329
89195da418bffff,88195da419fffff,288,288,51.5694436397659,-0.16907584112316035
89195da418fffff,88195da419fffff,288,288,51.566930862997985,-0.16611099690993195
89195da4193ffff,88195da419fffff,288,288,51.57238370734437,-0.16279435114382804
89195da4197ffff,88195da419fffff,288,288,51.569870868622544,-0.15982979034124364
89195da419bffff,88195da419fffff,288,288,51.57217012353166,-0.16741761224748683
89194ad0583ffff,88194ad059fffff,289,289,51.46553223262595,-0.007964980329143664
89194ad0587ffff,88194ad059fffff,289,289,51.46301614673663,-0.0050167049130966455
89194ad058bffff,88194ad059fffff,289,289,51.46532254401609,-0.01257403100082313
89194ad058fffff,88194ad059fffff,289,289,51.462806521632665,-0.009625446203026636
89194ad0593ffff,88194ad059fffff,289,289,51.46825781535322,-0.006304379937209126
89194ad0597ffff,88194ad059fffff,289,289,51.46574173182771,-0.003356079336174824
89194ad059bffff,88194ad059fffff,289,289,51.4680482526453,-0.010913590347673974
89194ada403ffff,88194ada41fffff,290,290,51.50669905806529,-0.20717789109991655
89194ada407ffff,88194ada41fffff,290,290,51.504186221661946,-0.20421366015691148
89194ada40bffff,88194ada41fffff,290,290,51.50648226405055,-0.21179742533726187
89194ada40fffff,88194ada41fffff,290,290,51.503969492292626,-0.20883288532914818
89194ada413ffff,88194ada41fffff,290,290,51.5094284955412,-0.20552276225100385
89194ada417ffff,88194ada41fffff,290,290,51.50691566165294,-0.20255850452946988
89194ada41bffff,88194ada41fffff,290,290,51.50921182730776,-0.21014245792251873
89194ad2323ffff,88194ad233fffff,291,291,51.471192517191355,-3.4424605360084103e-05
89194ad2327ffff,88194ad233fffff,291,291,51.468676372553055,0.0029135916971974175
89194ad232bffff,88194ad233fffff,291,291,51.47098326980404,-0.004643645013556095
89194ad232fffff,88194ad233fffff,291,291,51.46846718864943,-0.0016953192381074938
89194ad2333ffff,88194ad233fffff,291,291,51.4739177174431,0.0016266045755801493
89194ad2337ffff,88194ad233fffff,291,291,51.4714015751825,0.004574646006294178
89194ad233bffff,88194ad233fffff,291,291,51.473708595967935,-0.002982775544672219
89194ad20a3ffff,88194ad20bfffff,292,292,51.495922624384576,0.01953019122074382
89194ad20a7ffff,88194ad20bfffff,292,292,51.493406437938816,0.02247812348146046
89194ad20abffff,88194ad20bfffff,292,292,51.49571469975511,0.014919683387234362
89194ad20afffff,88194ad20bfffff,292,292,51.493198576772954,0.017867925462367155
89194ad20b3ffff,88194ad20bfffff,292,292,51.49864654360879,0.021192591652393646
89194ad20b7ffff,88194ad20bfffff,292,292,51.49613035960454,0.024140548910301825
89194ad20bbffff,88194ad20bfffff,292,292,51.49843874492493,0.016581924112637245
89194ada183ffff,88194ada19fffff,293,293,51.47567537704625,-0.1900934689415377
89194ada187ffff,88194ada19fffff,293,293,51.47316199470201,-0.1871320299528765
89194ada18bffff,88194ada19fffff,293,293,51.47545859644727,-0.19470988654231805
89194ada18fffff,88194ada19fffff,293,293,51.472945278562875,-0.19174813875753272
89194ada193ffff,88194ada19fffff,293,293,51.4784053473315,-0.1884386646436065
89194ada197ffff,88194ada19fffff,293,293,51.47589196741439,-0.18547719903898463
89194ada19bffff,88194ada19fffff,293,293,51.47818869250319,-0.19305524337816266
89194ad2423ffff,88194ad243fffff,294,294,51.50933364155442,0.02323223398866801
89194ad2427ffff,88194ad243fffff,294,294,51.50681753085244,0.026180601122772994
89194ad242bffff,88194ad243fffff,294,294,51.509126157239656,0.018620777338384735
89194ad242fffff,88194ad243fffff,294,294,51.50661011002536,0.021569454446306414
89194ad2433ffff,88194ad243fffff,294,294,51.51205704464728,0.024895148269131945
89194ad2437ffff,88194ad243fffff,294,294,51.50954093642266,0.027843540383278974
89194ad243bffff,88194ad243fffff,294,294,51.51184968629108,0.020283531864849377
89195da4e43ffff,88195da4e5fffff,295,295,51.54698185084109,-0.1962031281826804
89195da4e47ffff,88195da4e5fffff,295,295,51.54446924692754,-0.19323756790138436
89195da4e4bffff,88195da4e5fffff,295,295,51.54676637233784,-0.20082552843017037
89195da4e4fffff,88195da4e5fffff,295,295,51.544253833143266,-0.19785965860492039
89195da4e53ffff,88195da4e5fffff,295,295,51.54970974009556,-0.19454646294545397
89195da4e57ffff,88195da4e5fffff,295,295,51.5471971388042,-0.19158087593385217
89195da4e5bffff,88195da4e5fffff,295,295,51.549494387413105,-0.1991690247742306
89194ad0503ffff,88194ad051fffff,296,296,51.459870741980076,-0.015894508775365666
89194ad0507ffff,88194ad051fffff,296,296,51.45735471488983,-0.012945974450592673
89194ad050bffff,88194ad051fffff,296,296,51.45966061215647,-0.02050338953924659
89194ad050fffff,88194ad051fffff,296,296,51.457144648594216,-0.01755454592389208
89194ad0513ffff,88194ad051fffff,296,296,51.462596707124206,-0.014234337138875303
89194ad0517ffff,88194ad051fffff,296,296,51.46008068238379,-0.011285777572276187
89194ad051bffff,88194ad051fffff,296,296,51.462386703192266,-0.01884337766831703
89195da4523ffff,88195da453fffff,297,297,51.57532320414174,-0.15651255179653495
89195da4527ffff,88195da453fffff,297,297,51.57281030349504,-0.15354827450739533
89195da452bffff,88195da453fffff,297,297,51.575109936696705,-0.16113582584079883
89195da452fffff,88195da453fffff,297,297,51.57259710065916,-0.1581712385461185
89195da4533ffff,88195da453fffff,297,297,51.57804917905984,-0.15485373007886424
89195da4537ffff,88195da453fffff,297,297,51.57553628110414,-0.15188942634413363
89195da453bffff,88195da453fffff,297,297,51.57783603748798,-0.15947716557288028
89194ad23a3ffff,88194ad23bfffff,298,298,51.47685159555028,0.007897158291703232
89194ad23a7ffff,88194ad23bfffff,298,298,51.47433539221296,0.010844915275937894
89194ad23abffff,88194ad23bfffff,298,298,51.47664278939409,0.0032877683183573066
89194ad23afffff,88194ad23bfffff,298,298,51.47412664951842,0.0062358348665829885
89194ad23b3ffff,88194ad23bfffff,298,298,51.47957641326772,0.009558616295165252
89194ad23b7ffff,88194ad23bfffff,298,298,51.477060212322115,0.012506398350595903
89194ad23bbffff,88194ad23bfffff,298,298,51.47936773303397,0.004949066636496651
89194e68a43ffff,88194e68a5fffff,299,299,51.538251621109524,0.01846412899763998
89194e68a47ffff,88194e68a5fffff,299,299,51.535735855729754,0.02141432197310048
89194e68a4bffff,88194e68a5fffff,299,299,51.53804457480423,0.013850162590516232
89194e68a4fffff,88194e68a5fffff,299,299,51.53552887302876,0.01680066583616301
89194e68a53ffff,88194e68a5fffff,299,299,51.54097424065622,0.020127727031779927
89194e68a57ffff,88194e68a5fffff,299,299,51.53845847783327,0.02307794504986404
89194e68a5bffff,88194e68a5fffff,299,299,51.5407673203279,0.015513600673513827
89195da4a43ffff,88195da4a5fffff,300,300,51.52788303022886,-0.20779601078911125
89195da4a47ffff,88195da4a5fffff,300,300,51.52537040815748,-0.20483063791165446
89195da4a4bffff,88195da4a5fffff,300,300,51.52766667107443,-0.21241728005869379
89195da4a4fffff,88195da4a5fffff,300,300,51.52515411371951,-0.20945159788935014
89195da4a53ffff,88195da4a5fffff,300,300,51.530611818367994,-0.20614028896965902
89195da4a57ffff,88195da4a5fffff,300,300,51.52809919886938,-0.20317488928898333
89195da4a5bffff,88195da4a5fffff,300,300,51.530395585010716,-0.21076171979771147
89194e68a63ffff,88194e68a7fffff,301,301,51.5304972710461,0.02270066639888938
89194e68a67ffff,88194e68a7fffff,301,301,51.52798137089966,0.0256501637989882
89194e68a6bffff,88194e68a7fffff,301,301,51.53029022595216,0.018087480392277838
89194e68a6fffff,88194e68a7fffff,301,301,51.52777438936372,0.02103728799416049
89194e68a73ffff,88194e68a7fffff,301,301,51.53322002421897,0.024364179641484195
89194e68a77ffff,88194e68a7fffff,301,301,51.53070412660753,0.027313702044285158
89194e68a7bffff,88194e68a7fffff,301,301,51.53301310509925,0.01975083375845379
89194e69d23ffff,88194e69d3fffff,302,302,51.5460055677655,0.014226284832392475
89194e69d27ffff,88194e69d3fffff,302,302,51.54348993731043,0.017177173639776045
89194e69d2bffff,88194e69d3fffff,302,302,51.54579852015901,0.009611537813288657
89194e69d2fffff,88194e69d3fffff,302,302,51.54328295335453,0.012562736959253033
89194e69d33ffff,88194e69d3fffff,302,302,51.54872805361777,0.015889967613077798
89194e69d37ffff,88194e69d3fffff,302,302,51.54621242574136,0.01884088150299519
89194e69d3bffff,88194e69d3fffff,302,302,51.548521131991045,0.011275060568013088
89194ad0563ffff,88194ad057fffff,303,303,51.4542080453801,-0.023823009839889102
89194ad0567ffff,88194ad057fffff,303,303,51.45169207713892,-0.02087421681111446
89194ad056bffff,88194ad057fffff,303,303,51.45399747435153,-0.028431720524840484
89194ad056fffff,88194ad057fffff,303,303,51.45148156966037,-0.025482618296586712
89194ad0573ffff,88194ad057fffff,303,303,51.45693439288231,-0.022163266925281918
89194ad0577ffff,88194ad057fffff,303,303,51.454418426976986,-0.019214448597941462
89194ad057bffff,88194ad057fffff,303,303,51.45672394773508,-0.026772137402432127
89194ad1ec3ffff,88194ad1edfffff,304,304,51.44407307386261,-0.12856111011983246
89194ad1ec7ffff,88194ad1edfffff,304,304,51.44155850429094,-0.12560557146902254
89194ad1ecbffff,88194ad1edfffff,304,304,51.44385807894004,-0.13317277426949356
89194ad1ecfffff,88194ad1edfffff,304,304,51.441343573416106,-0.130216926926739
89194ad1ed3ffff,88194ad1edfffff,304,304,51.4468024461865,-0.12690515895027948
89194ad1ed7ffff,88194ad1edfffff,304,304,51.444287878943335,-0.1239495941932124
89194ad1edbffff,88194ad1edfffff,304,304,51.44658757705781,-0.13151698360468508
89194ad0383ffff,88194ad039fffff,305,305,51.44497159575954,-0.05184408092589867
89194ad0387ffff,88194ad039fffff,305,305,51.44245593852584,-0.04889381859143234
89194ad038bffff,88194ad039fffff,305,305,51.44475969971796,-0.05645305819158456
89194ad038fffff,88194ad039fffff,305,305,51.442244106146646,-0.053502486863316476
89194ad0393ffff,88194ad039fffff,305,305,51.44769895720309,-0.050185540586522887
89194ad0397ffff,88194ad039fffff,305,305,51.445183302285336,-0.047235252743246955
89194ad039bffff,88194ad039fffff,305,305,51.4474871870146,-0.0547946777987159
89194ad1e83ffff,88194ad1e9fffff,306,306,51.441987796602035,-0.11638330533528585
89194ad1e87ffff,88194ad1e9fffff,306,306,51.439473032702814,-0.11342871888959842
89194ad1e8bffff,88194ad1e9fffff,306,306,51.44177324534663,-0.12099436425436486
89194ad1e8fffff,88194ad1e9fffff,306,306,51.439258545426874,-0.11803946909263069
89194ad1e93ffff,88194ad1e9fffff,306,306,51.444716919654944,-0.1147270072194597
89194ad1e97ffff,88194ad1e9fffff,306,306,51.44220215807604,-0.11177239476433787
89194ad1e9bffff,88194ad1e9fffff,306,306,51.44450249420111,-0.11933822654218956
89194adac83ffff,88194adac9fffff,307,307,51.45808029771018,-0.1693704381224561
89194adac87ffff,88194adac9fffff,307,307,51.4555664480081,-0.16641134611687022
89194adac8bffff,88194adac9fffff,307,307,51.45786396784672,-0.17398469447976106
89194adac8fffff,88194adac9fffff,307,307,51.455350182443425,-0.1710252937878981
89194adac93ffff,88194adac9fffff,307,307,51.46081028482856,-0.16771544804780966
89194adac97ffff,88194adac9fffff,307,307,51.45829643750137,-0.16475632960451903
89194adac9bffff,88194adac9fffff,307,307,51.46059408073822,-0.1723298652878641
89194ada4c3ffff,88194ada4dfffff,308,308,51.51445396178226,-0.21145228545068132
89194ada4c7ffff,88194ada4dfffff,308,308,51.511941262261125,-0.2084873558776539
89194ada4cbffff,88194ada4dfffff,308,308,51.514237164188046,-0.21607259937118745
89194ada4cfffff,88194ada4dfffff,308,308,51.51172452935884,-0.21310736066585495
89194ada4d3ffff,88194ada4dfffff,308,308,51.51718326588429,-0.2097970755813144
89194ada4d7ffff,88194ada4dfffff,308,308,51.51467056890023,-0.2068321191890851
89194ada4dbffff,88194ada4dfffff,308,308,51.51696659407406,-0.21441755101125218
89194ad0343ffff,88194ad035fffff,309,309,51.44139488131849,-0.0719386499301671
89194ad0347ffff,88194ad035fffff,309,309,51.43887947656027,-0.06898717740133457
89194ad034bffff,88194ad035fffff,309,309,51.4411821011887,-0.07654806292955639
89194ad034fffff,88194ad035fffff,309,309,51.43866676018311,-0.07359628152170401
89194ad0353ffff,88194ad035fffff,309,309,51.44412287430843,-0.07028088396252065
89194ad0357ffff,88194ad035fffff,309,309,51.44160747186024,-0.06732938577143414
89194ad035bffff,88194ad035fffff,309,309,51.443910220013706,-0.07489045703601507
89194ada1a3ffff,88194ada1bfffff,310,310,51.46791844218509,-0.18582564941413504
89194ada1a7ffff,88194ada1bfffff,310,310,51.46540492375261,-0.1828649077731921
89194ada1abffff,88194ada1bfffff,310,310,51.46770166471476,-0.1904412883795365
89194ada1afffff,88194ada1bfffff,310,310,51.46518821069576,-0.18748023800975697
89194ada1b3ffff,88194ada1bfffff,310,310,51.470648545500985,-0.1841709263709578
89194ada1b7ffff,88194ada1bfffff,310,310,51.468135029473636,-0.18121015815468036
89194ada1bbffff,88194ada1bfffff,310,310,51.470431893798605,-0.18878672639515887
89194ad2143ffff,88194ad215fffff,311,311,51.48250946757672,0.015829768257558344
89194ad2147ffff,88194ad215fffff,311,311,51.47999320559042,0.018777265718597714
89194ad214bffff,88194ad215fffff,311,311,51.48230110266026,0.011220208890534144
89194ad214fffff,88194ad215fffff,311,311,51.47978490411351,0.014168016006653366
89194ad2153ffff,88194ad215fffff,311,311,51.48523390270127,0.0174916551169464
89194ad2157ffff,88194ad215fffff,311,311,51.48271764312067,0.02043917759230081
89194ad215bffff,88194ad215fffff,311,311,51.48502566371751,0.012881936091368503
89195da5da3ffff,88195da5dbfffff,312,312,51.54130995687757,-0.20413813132040629
89195da5da7ffff,88195da5dbfffff,312,312,51.53879741245899,-0.20117231505902877
89195da5dabffff,88195da5dbfffff,312,312,51.54109403619108,-0.20876035629503298
89195da5dafffff,88195da5dbfffff,312,312,51.538581556513506,-0.20579423058209667
89195da5db3ffff,88195da5dbfffff,312,312,51.54403822882252,-0.20248189727431481
89195da5db7ffff,88195da5dbfffff,312,312,51.541525687012395,-0.19951605422580884
89195da5dbbffff,88195da5dbfffff,312,312,51.54382243394634,-0.2071042838565101
89194ad1323ffff,88194ad133fffff,313,313,51.44615726918799,-0.14074107747002573
89194ad1327ffff,88194ad133fffff,313,313,51.443642894156746,-0.13778458658959564
89194ad132bffff,88194ad133fffff,313,313,51.445941830409,-0.1453533465756745
89194ad132fffff,88194ad133fffff,313,313,51.443427519493724,-0.1423965470274888
89194ad1333ffff,88194ad133fffff,313,313,51.44888689075921,-0.13908547354580786
89194ad1337ffff,88194ad133fffff,313,313,51.446372518064585,-0.1361289564621357
89194ad133bffff,88194ad133fffff,313,313,51.44867157776634,-0.14369790325725157
89194ad2483ffff,88194ad249fffff,314,314,51.522742517959514,0.026935897594191408
89194ad2487ffff,88194ad249fffff,314,314,51.520226483204425,0.02988469967536061
89194ad248bffff,88194ad249fffff,314,314,51.52253547398713,0.022323491776611363
89194ad248fffff,88194ad249fffff,314,314,51.5200195027438,0.025272603991169408
89194ad2493ffff,88194ad249fffff,314,314,51.52546540469027,0.028599326000301625
89194ad2497ffff,88194ad249fffff,314,314,51.522949372448345,0.031548153044296465
89194ad249bffff,88194ad249fffff,314,314,51.52525848668939,0.02398676038097212
89194ad1c43ffff,88194ad1c5fffff,315,315,51.43990143799755,-0.10420766364039215
89194ad1c47ffff,88194ad1c5fffff,315,315,51.43738647998364,-0.10125402937501031
89194ad1c4bffff,88194ad1c5fffff,315,315,51.43968733022006,-0.10881811705465398
89194ad1c4fffff,88194ad1c5fffff,315,315,51.437172436117336,-0.1058641740492411
89194ad1c53ffff,88194ad1c5fffff,315,315,51.44263031175589,-0.10255101887722257
89194ad1c57ffff,88194ad1c5fffff,315,315,51.440115356054235,-0.09959735869931242
89194ad1c5bffff,88194ad1c5fffff,315,315,51.44241632978772,-0.10716163259414684
89194e69d03ffff,88194e69d1fffff,316,316,51.55375911062969,0.0099871333448743
89194e69d07ffff,88194e69d1fffff,316,316,51.551243615257356,0.012938718240876782
89194e69d0bffff,88194e69d1fffff,316,316,51.55355206163217,0.005371605502182027
89194e69d0fffff,88194e69d1fffff,316,316,51.55103662995671,0.008323500805146784
89194e69d13ffff,88194e69d1fffff,316,316,51.556481462719404,0.011650900826993748
89194e69d17ffff,88194e69d1fffff,316,316,51.55396596994756,0.01460251084545969
89194e69d1bffff,88194e69d1fffff,316,316,51.55627453970435,0.007035212883559935
89194ad2543ffff,88194ad255fffff,317,317,51.5015778177533,0.027465803810357126
89194ad2547ffff,88194ad255fffff,317,317,51.499061572756226,0.030413476149361074
89194ad254bffff,88194ad255fffff,317,317,51.50137033443507,0.022855126770897426
89194ad254fffff,88194ad255fffff,317,317,51.49885415287951,0.0258031090154257
89194ad2553ffff,88194ad255fffff,317,317,51.504301354215485,0.029128633308706554
89194ad2557ffff,88194ad255fffff,317,317,51.50178511167389,0.03207633058791098
89194ad255bffff,88194ad255fffff,317,317,51.50409399685314,0.02451779658981419
89194ad01c3ffff,88194ad01dfffff,318,318,51.44854414295241,-0.03175048341875241
89194ad01c7ffff,88194ad01dfffff,318,318,51.446028233610335,-0.028801431890722505
89194ad01cbffff,88194ad01dfffff,318,318,51.448333130727775,-0.03635902385375859
89194ad01cfffff,88194ad01dfffff,318,318,51.44581728495779,-0.03340966321735777
89194ad01d3ffff,88194ad01dfffff,318,318,51.45127087275381,-0.03009116919243732
89194ad01d7ffff,88194ad01dfffff,318,318,51.448754965733684,-0.02714209230906321
89194ad01dbffff,88194ad01dfffff,318,318,51.4510599864002,-0.03469986944626037
89194ad1363ffff,88194ad137fffff,319,319,51.44824038198672,-0.15292320686081096
89194ad1367ffff,88194ad137fffff,319,319,51.445726201708815,-0.14996576372650552
89194ad136bffff,88194ad137fffff,319,319,51.44802449916221,-0.15753608064759578
89194ad136fffff,88194ad137fffff,319,319,51.44551038306848,-0.15457832886983675
89194ad1373ffff,88194ad137fffff,319,319,51.450970252781644,-0.15126795048100458
89194ad1377ffff,88194ad137fffff,319,319,51.44845607484848,-0.1483104810464841
89194ad137bffff,88194ad137fffff,319,319,51.45075449573535,-0.1558809849745916
89194ad1c03ffff,88194ad1c1fffff,320,320,51.4378139986407,-0.0920341855583245
89194ad1c07ffff,88194ad1c1fffff,320,320,51.4352988467249,-0.08908150344815335
89194ad1c0bffff,88194ad1c1fffff,320,320,51.437600334151796,-0.09664403319389839
89194ad1c0fffff,88194ad1c1fffff,320,320,51.435085246078934,-0.09369104231977864
89194ad1c13ffff,88194ad1c1fffff,320,320,51.440542623080944,-0.09037719444676716
89194ad1c17ffff,88194ad1c1fffff,320,320,51.438027473469326,-0.08742448652084753
89194ad1c1bffff,88194ad1c1fffff,320,320,51.44032908440904,-0.09498720228390578
89194ada083ffff,88194ada09fffff,321,321,51.49326717890607,-0.21083293671023737
89194ada087ffff,88194ada09fffff,321,321,51.49075426541263,-0.2078691487213623
89194ada08bffff,88194ada09fffff,321,321,51.49304994644403,-0.21545151632232307
89194ada08fffff,88194ada09fffff,321,321,51.49053709757151,-0.21248741942773144
89194ada093ffff,88194ada09fffff,321,321,51.49599713199286,-0.20917831943804058
89194ada097ffff,88194ada09fffff,321,321,51.49348422097868,-0.20621450465463687
89194ada09bffff,88194ada09fffff,321,321,51.49578002529891,-0.21379706043524427
89194ada0a3ffff,88194ada0bfffff,322,322,51.48551119857755,-0.20656023272928534
89194ada0a7ffff,88194ada0bfffff,322,322,51.48299814851705,-0.2035971428430637
89194ada0abffff,88194ada0bfffff,322,322,51.485293969568964,-0.21117803323560677
89194ada0afffff,88194ada0bfffff,322,322,51.48278098408296,-0.20821463451084646
89194ada0b3ffff,88194ada0bfffff,322,322,51.48824128484904,-0.2049056964274816
89194ada0b7ffff,88194ada0bfffff,322,322,51.48572823724584,-0.20194257978738403
89194ada0bbffff,88194ada0bfffff,322,322,51.488024181605844,-0.20952365824378297
89194ad24a3ffff,88194ad24bfffff,323,323,51.514987362234045,0.03116982314132896
89194ad24a7ffff,88194ad24bfffff,323,323,51.51247119302835,0.03411793015988669
89194ad24abffff,88194ad24bfffff,323,323,51.51478031929346,0.026558197301378924
89194ad24afffff,88194ad24bfffff,323,323,51.51226421355333,0.02950661438493288
89194ad24b3ffff,88194ad24bfffff,323,323,51.51771038245446,0.03283316666601409
89194ad24b7ffff,88194ad24bfffff,323,323,51.51519421574005,0.0357812986075505
89194ad24bbffff,88194ad24bfffff,323,323,51.51750346548266,0.028221381098914592
89194ad21c3ffff,88194ad21dfffff,324,324,51.48816613314489,0.023763405187577545
89194ad21c7ffff,88194ad21dfffff,324,324,51.48564981255965,0.02671064292054585
89194ad21cbffff,88194ad21dfffff,324,324,51.487958209476744,0.019153676598359808
89194ad21cfffff,88194ad21dfffff,324,324,51.48544195230893,0.02210122407746524
89194ad21d3ffff,88194ad21dfffff,324,324,51.49089018561796,0.025425720936291266
89194ad21d7ffff,88194ad21dfffff,324,324,51.488373867452395,0.028372983626604727
89194ad21dbffff,88194ad21dfffff,324,324,51.49068238789276,0.020815832715344547
89195da59a3ffff,88195da59bfffff,325,325,51.522208458111685,-0.21572799644647847
89195da59a7ffff,88195da59bfffff,325,325,51.5196958956316,-0.21276236798672735
89195da59abffff,88195da59bfffff,325,325,51.52199165684773,-0.22034909025997898
89195da59afffff,88195da59bfffff,325,325,51.519479159106034,-0.2173831526005763
89195da59b3ffff,88195da59bfffff,325,325,51.52493762877126,-0.2140727056037226
89195da59b7ffff,88195da59bfffff,325,325,51.52242506885022,-0.21110705028396906
89195da59bbffff,88195da59bfffff,325,325,51.52472095329396,-0.21869396100184274
89195da4143ffff,88195da415fffff,326,326,51.5660743777261,-0.184603639639786
89195da4147ffff,88195da415fffff,326,326,51.56356179231622,-0.181637892465515
89195da414bffff,88195da415fffff,326,326,51.56585978003957,-0.18922717102513115
89195da414fffff,88195da415fffff,326,326,51.56334725935124,-0.18626111405466528
89195da4153ffff,88195da415fffff,326,326,51.56880136758455,-0.18294603031402012
89195da4157ffff,88195da415fffff,326,326,51.566288784846236,-0.179980256482509
89195da415bffff,88195da415fffff,326,326,51.56858689574244,-0.18756972330351482
89195da5d23ffff,88195da5d3fffff,327,327,51.535636855443684,-0.21207209684243247
89195da5d27ffff,88195da5d3fffff,327,327,51.53312437056961,-0.2091060248070506
89195da5d2bffff,88195da5d3fffff,327,327,51.53542049258363,-0.21669414637331527
89195da5d2fffff,88195da5d3fffff,327,327,51.53290807247247,-0.21372776497870286
89195da5d33ffff,88195da5d3fffff,327,327,51.53836551002006,-0.21041629395246658
89195da5d37ffff,88195da5d3fffff,327,327,51.535853027740664,-0.20745019507307438
89195da5d3bffff,88195da5d3fffff,327,327,51.53814927295981,-0.2150385051170669
89195da43a3ffff,88195da43bfffff,328,328,51.56040516310506,-0.19254166175918339
89195da43a7ffff,88195da43bfffff,328,328,51.557892637094,-0.18957565820664213
89195da43abffff,88195da43bfffff,328,328,51.56019012316186,-0.19716501805540118
89195da43afffff,88195da43bfffff,328,328,51.557677661894296,-0.1941987047990299
89195da43b3ffff,88195da43bfffff,328,328,51.56313253582363,-0.19088448383910636
89195da43b7ffff,88195da43bfffff,328,328,51.5606200124704,-0.1879184535723759
89195da43bbffff,88195da43bfffff,328,328,51.56291762171437,-0.19550800176575486
89194ada463ffff,88194ada47fffff,329,329,51.50102275266651,-0.21510695633114998
89194ada467ffff,88194ada47fffff,329,329,51.498509975898955,-0.21214246998315262
89194ada46bffff,88194ada47fffff,329,329,51.50080551666085,-0.21972631525849814
89194ada46fffff,88194ada47fffff,329,329,51.498292804560684,-0.2167615199376307
89194ada473ffff,88194ada47fffff,329,329,51.50375257249998,-0.213452258135585
89194ada477ffff,88194ada47fffff,329,329,51.501239798233684,-0.21048774495233039
89194ada47bffff,88194ada47fffff,329,329,51.50353546226507,-0.21807177852323797
89194ada1c3ffff,88194ada1dfffff,330,330,51.47775481206735,-0.20228884382846524
89194ada1c7ffff,88194ada1dfffff,330,330,51.47524162559864,-0.19932645178849484
89194ada1cbffff,88194ada1dfffff,330,330,51.477537586421995,-0.2069058654384382
89194ada1cfffff,88194ada1dfffff,330,330,51.47502446448139,-0.20394316462712625
89194ada1d3ffff,88194ada1dfffff,330,330,51.48048503145487,-0.20063438854392582
89194ada1d7ffff,88194ada1dfffff,330,330,51.47797184742144,-0.19767196979073282
89194ada1dbffff,88194ada1dfffff,330,330,51.48026793157228,-0.20525157138887157
89194adacc3ffff,88194adacdfffff,331,331,51.46016110225394,-0.18155914317295788
89194adacc7ffff,88194adacdfffff,331,331,51.4576474478921,-0.17859909862370246
89194adaccbffff,88194adacdfffff,331,331,51.45994432782221,-0.18617400371241816
89194adaccfffff,88194adacdfffff,331,331,51.45743073782745,-0.18321365050150495
89194adacd3ffff,88194adacdfffff,331,331,51.46289133853178,-0.17990450143126357
89194adacd7ffff,88194adacdfffff,331,331,51.460377686553,-0.17694443034716764
89194adacdbffff,88194adacdfffff,331,331,51.46267468986533,-0.18451952295458088
89195da41c3ffff,88195da41dfffff,332,332,51.571742384336524,-0.17666457976049774
89195da41c7ffff,88195da41dfffff,332,332,51.56922973957728,-0.17369908917077564
89195da41cbffff,88195da41dfffff,332,332,51.57152822891613,-0.18128828606369227
89195da41cfffff,88195da41dfffff,332,332,51.56901564885645,-0.17832248558540023
89195da41d3ffff,88195da41dfffff,332,332,51.574468991275964,-0.17500653899407562
89195da41d7ffff,88195da41dfffff,332,332,51.57195634920206,-0.17204102180409558
89195da41dbffff,88195da41dfffff,332,332,51.57425496171047,-0.17963040687511309
89194ad0303ffff,88194ad031fffff,333,333,51.43930434063716,-0.059769415794252996
89194ad0307ffff,88194ad031fffff,333,333,51.436788742454745,-0.056818895586582624
89194ad030bffff,88194ad031fffff,333,333,51.43909200337194,-0.06437822214137201
89194ad030fffff,88194ad031fffff,333,333,51.43657646887396,-0.0614273930311181
89194ad0313ffff,88194ad031fffff,333,333,51.442032084255345,-0.05811130418556928
89194ad0317ffff,88194ad031fffff,333,333,51.43951648837486,-0.05516075841235462
89194ad031bffff,88194ad031fffff,333,333,51.44181987283283,-0.06272027050574337
89195da4323ffff,88195da433fffff,334,334,51.55473474060071,-0.20047864601752283
89195da4327ffff,88195da433fffff,334,334,51.552222274037895,-0.1975123862928774
89195da432bffff,88195da433fffff,334,334,51.554519258410295,-0.20510182705342128
89195da432fffff,88195da433fffff,334,334,51.552006856613005,-0.2021352577174084
89195da4333ffff,88195da433fffff,334,334,51.55746249612049,-0.19882189946809592
89195da4337ffff,88195da433fffff,334,334,51.55495003220178,-0.19585561297238657
89195da433bffff,88195da433fffff,334,334,51.55724713975355,-0.20344524216066562
89194adaca3ffff,88194adacbfffff,335,335,51.45032241166759,-0.16510749776622283
89194adaca7ffff,88194adacbfffff,335,335,51.44780842635593,-0.16214910235409646
89194adacabffff,88194adacbfffff,335,335,51.450106084608315,-0.16972097595886085
89194adacafffff,88194adacbfffff,335,335,51.447592163549125,-0.16676227192773152
89194adacb3ffff,88194adacbfffff,335,335,51.45305253166245,-0.1634525892299698
89194adacb7ffff,88194adacbfffff,335,335,51.45053854870366,-0.1604941674205751
89194adacbbffff,88194adacbfffff,335,335,51.452836330373565,-0.16806622823042022
89194ad0143ffff,88194ad015fffff,336,336,51.442879034823704,-0.039676929408297146
89194ad0147ffff,88194ad015fffff,336,336,51.440363184430765,-0.036727619585668
89194ad014bffff,88194ad015fffff,336,336,51.44266758141186,-0.04428529942230458
89194ad014fffff,88194ad015fffff,336,336,51.44015179461307,-0.04133568058244923
89194ad0153ffff,88194ad015fffff,336,336,51.44560614686543,-0.03801804383657133
89194ad0157ffff,88194ad015fffff,336,336,51.443090298780426,-0.03506870860183703
89194ad015bffff,88194ad015fffff,336,336,51.44539481931426,-0.04262657369596818
89194ad2e43ffff,88194ad2e5fffff,337,337,51.463434828807436,0.004200328519589155
89194ad2e47ffff,88194ad2e5fffff,337,337,51.46091855018074,0.007147650584526827
89194ad2e4bffff,88194ad2e5fffff,337,337,51.463225582455195,-0.00040811332144838596
89194ad2e4fffff,88194ad2e5fffff,337,337,51.46070936726611,0.002539518148289735
89194ad2e53ffff,88194ad2e5fffff,337,337,51.46616016208325,0.00586127340440891
89194ad2e57ffff,88194ad2e5fffff,337,337,51.46364388581236,0.008808620557654674
89194ad2e5bffff,88194ad2e5fffff,337,337,51.46595104164046,0.0012526719258050968
89194ad1ca3ffff,88194ad1cbfffff,338,338,51.43572547912288,-0.0798628716111623
89194ad1ca7ffff,88194ad1cbfffff,338,338,51.43321013351799,-0.07691114163080377
89194ad1cabffff,88194ad1cbfffff,338,338,51.435512257733244,-0.0844721131944704
89194ad1cafffff,88194ad1cbfffff,338,338,51.43299697590306,-0.08152007442638877
89194ad1cb3ffff,88194ad1cbfffff,338,338,51.43845385422159,-0.07820553445008128
89194ad1cb7ffff,88194ad1cbfffff,338,338,51.435938510912806,-0.07525377875075544
89194ad1cbbffff,88194ad1cbfffff,338,338,51.438240758656605,-0.08281493613394122
89194ad05a3ffff,88194ad05bfffff,339,339,51.45777427930852,-0.0037292802977878254
89194ad05a7ffff,88194ad05bfffff,339,339,51.45525805942855,-0.0007816991076775605
89194ad05abffff,88194ad05bfffff,339,339,51.457564591788284,-0.008337552557786917
89194ad05afffff,88194ad05bfffff,339,339,51.45504843536797,-0.005389662053925205
89194ad05b3ffff,88194ad05bfffff,339,339,51.46049999500773,-0.0020687640581198226
89194ad05b7ffff,88194ad05bfffff,339,339,51.45798377746964,0.0008788422770643684
89194ad05bbffff,88194ad05bfffff,339,339,51.46029043338665,-0.00667719598241915
89194ada443ffff,88194ada45fffff,340,340,51.5087779194726,-0.2193822921522311
89194ada447ffff,88194ada45fffff,340,340,51.50626527958978,-0.21641710718850446
89194ada44bffff,88194ada45fffff,340,340,51.50856067983309,-0.2240024306044575
89194ada44fffff,88194ada45fffff,340,340,51.506048104664096,-0.22103693660061902
89194ada453ffff,88194ada45fffff,340,340,51.51150760598409,-0.21772751308033236
89194ada457ffff,88194ada45fffff,340,340,51.508994968624535,-0.21476230124059006
89194ada45bffff,88194ada45fffff,340,340,51.51129049211796,-0.22234781306802265
89194ad2ec3ffff,88194ad2edfffff,341,341,51.4690941722586,0.01213096406715974
89194ad2ec7ffff,88194ad2edfffff,341,341,51.466577834935244,0.015078026802227206
89194ad2ecbffff,88194ad2edfffff,341,341,51.46888536708305,0.0075223528164133895
89194ad2ecfffff,88194ad2edfffff,341,341,51.46636909317516,0.010469725047329442
89194ad2ed3ffff,88194ad2edfffff,341,341,51.47181912305231,0.013792337630630293
89194ad2ed7ffff,88194ad2edfffff,341,341,51.46930278809871,0.016739425397156227
89194ad2edbffff,88194ad2edfffff,341,341,51.47161044379646,0.009183566769056278
89194ada103ffff,88194ada11fffff,342,342,51.469998019761846,-0.1980187694481525
89194ada107ffff,88194ada11fffff,342,342,51.46748469704378,-0.1950570749981283
89194ada10bffff,88194ada11fffff,342,342,51.46978079738963,-0.20263501237119783
89194ada10fffff,88194ada11fffff,342,342,51.46726753915332,-0.1996730092170537
89194ada113ffff,88194ada11fffff,342,342,51.47272837219666,-0.19636439522777444
89194ada117ffff,88194ada11fffff,342,342,51.47021505189187,-0.1934026741051717
89194ada11bffff,88194ada11fffff,342,342,51.472511275584566,-0.2009807993107629
89194e68a03ffff,88194e68a1fffff,343,343,51.53614925247437,0.030641183071104503
89194e68a07ffff,88194e68a1fffff,343,343,51.53363329386914,0.03359042017291719
89194e68a0bffff,88194e68a1fffff,343,343,51.53594264887191,0.026027827735592868
89194e68a0fffff,88194e68a1fffff,343,343,51.533426753802566,0.02897737513047182
89194e68a13ffff,88194e68a1fffff,343,343,51.53887162261264,0.03230512587977902
89194e68a17ffff,88194e68a1fffff,343,343,51.53635566655626,0.03525438792723101
89194e68a1bffff,88194e68a1fffff,343,343,51.5386651449946,0.027691610694739258
89194e68ac3ffff,88194e68adfffff,344,344,51.54390333641778,0.026405595843997338
89194e68ac7ffff,88194e68adfffff,344,344,51.54138751257661,0.02935552853254292
89194e68acbffff,88194e68adfffff,344,344,51.5436967316585,0.021791459952200262
89194e68acfffff,88194e68adfffff,344,344,51.54118097139942,0.02474170300226655
89194e68ad3ffff,88194e68adfffff,344,344,51.546625572878014,0.028069623588575683
89194e68ad7ffff,88194e68adfffff,344,344,51.544109751607564,0.03101958126261693
89194e68adbffff,88194e68adfffff,344,344,51.54641909410584,0.02345532777255786
89194ad25c3ffff,88194ad25dfffff,345,345,51.50723180425416,0.035402443597694684
89194ad25c7ffff,88194ad25dfffff,345,345,51.504715500755864,0.03834985580981958
89194ad25cbffff,88194ad25dfffff,345,345,51.50702476225565,0.03079159752402684
89194ad25cfffff,88194ad25dfffff,345,345,51.50450852217664,0.03373931973283434
89194ad25d3ffff,88194ad25dfffff,345,345,51.509954957895864,0.037065702196084634
89194ad25d7ffff,88194ad25dfffff,345,345,51.50743865686701,0.04001313929141173
89194ad25dbffff,88194ad25dfffff,345,345,51.50974804186341,0.03245469646990524
89194ad2563ffff,88194ad257fffff,346,346,51.49382159212915,0.031698068976896365
89194ad2567ffff,88194ad257fffff,346,346,51.491305212995094,0.03464504677676649
89194ad256bffff,88194ad257fffff,346,346,51.49361410971787,0.027088171337090117
89194ad256fffff,88194ad257fffff,346,346,51.491097793979066,0.030035458974204756
89194ad2573ffff,88194ad257fffff,346,346,51.49654526189229,0.033360813648259255
89194ad2577ffff,88194ad257fffff,346,346,51.494028885191845,0.03630781634853318
89194ad257bffff,88194ad257fffff,346,346,51.4963379054341,0.028750756403589123
89194ad0523ffff,88194ad053fffff,347,347,51.452112523888005,-0.011657862280564606
89194ad0527ffff,88194ad053fffff,347,347,51.44959636280484,-0.008710022170052553
89194ad052bffff,88194ad053fffff,347,347,51.45190239520847,-0.016265964788336317
89194ad052fffff,88194ad053fffff,347,347,51.449386297607056,-0.013317815455153276
89194ad0533ffff,88194ad053fffff,347,347,51.45483862195189,-0.00999777465262131
89194ad0537ffff,88194ad053fffff,347,347,51.452322463196616,-0.007049909340195048
89194ad053bffff,88194ad053fffff,347,347,51.45462861916122,-0.014606036851381739
89195da5d83ffff,88195da5d9fffff,348,348,51.5490631103405,-0.2084145923137479
89195da5d87ffff,88195da5d9fffff,348,348,51.54655070327537,-0.2054480766232108
89195da5d8bffff,88195da5d9fffff,348,348,51.548847185912464,-0.2130375979182574
89195da5d8fffff,88195da5d9fffff,348,348,51.54633484363483,-0.21007077270872848
89195da5d93ffff,88195da5d9fffff,348,348,51.551791248602505,-0.20675827709988678
89195da5d97ffff,88195da5d9fffff,348,348,51.54927884416774,-0.2037917345813879
89195da5d9bffff,88195da5d9fffff,348,348,51.55157544998741,-0.211381444387303
89194e68a23ffff,88194e68a3fffff,349,349,51.52839476546112,0.034875464213917684
89194e68a27ffff,88194e68a3fffff,349,349,51.52587867224979,0.03782400598551707
89194e68a2bffff,88194e68a3fffff,349,349,51.52818816292575,0.03026288922305079
89194e68a2fffff,88194e68a3fffff,349,349,51.525672133204054,0.03321174121927972
89194e68a33ffff,88194e68a3fffff,349,349,51.531117269209176,0.03653932204178046
89194e68a37ffff,88194e68a3fffff,349,349,51.528601178524916,0.03948788871915665
89194e68a3bffff,88194e68a3fffff,349,349,51.53091079265549,0.03192658727606483
89194e69da3ffff,88194e69dbfffff,350,350,51.551657016907114,0.02216870197449386
89194e69da7ffff,88194e69dbfffff,350,350,51.549141327987996,0.025119330506395768
89194e69dabffff,88194e69dbfffff,350,350,51.5514504109011,0.017553785314849843
89194e69dafffff,88194e69dbfffff,350,350,51.548934785610385,0.020504724276698565
89194e69db3ffff,88194e69dbfffff,350,350,51.554379119621174,0.023832814609982256
89194e69db7ffff,88194e69dbfffff,350,350,51.55186343329456,0.026783468167306708
89194e69dbbffff,88194e69dbfffff,350,350,51.55417263960503,0.019217737951324743
89194ad2163ffff,88194ad217fffff,351,351,51.474752309536036,0.020062626240408325
89194ad2167ffff,88194ad217fffff,351,351,51.472235913566045,0.023009429440884216
89194ad216bffff,88194ad217fffff,351,351,51.47454394554579,0.01545384575132649
89194ad216fffff,88194ad217fffff,351,351,51.472027612969164,0.01840095853866759
89194ad2173ffff,88194ad217fffff,351,351,51.477476877788945,0.021724428515957753
89194ad2177ffff,88194ad217fffff,351,351,51.47496048420275,0.024671256690922974
89194ad217bffff,88194ad217fffff,351,351,51.477268639728635,0.017115488442806817
89194ad1e03ffff,88194ad1e1fffff,352,352,51.436314363291544,-0.12430623662618677
89194ad1e07ffff,88194ad1e1fffff,352,352,51.43379965875182,-0.12135139358612752
89194ad1e0bffff,88194ad1e1fffff,352,352,51.43609937065028,-0.12891712297770766
89194ad1e0fffff,88194ad1e1fffff,352,352,51.43358473011197,-0.12596197131302006
89194ad1e13ffff,88194ad1e1fffff,352,352,51.43904386837326,-0.12265036761114764
89194ad1e17ffff,88194ad1e1fffff,352,352,51.43652916613996,-0.11969549850504134
89194ad1e1bffff,88194ad1e1fffff,352,352,51.4388290015231,-0.12726141439267563
89194ad1e43ffff,88194ad1e5fffff,353,353,51.438398698357396,-0.13648395253428122
89194ad1e47ffff,88194ad1e5fffff,353,353,51.43588418819724,-0.13352815750700137
89194ad1e4bffff,88194ad1e5fffff,353,353,51.43818326200405,-0.14109544378921102
89194ad1e4fffff,88194ad1e5fffff,353,353,51.435668815913516,-0.13813934016146212
89194ad1e53ffff,88194ad1e5fffff,353,353,51.44112845270312,-0.1348284305748529
89194ad1e57ffff,88194ad1e5fffff,353,353,51.43861394485748,-0.13187260938459977
89194ad1e5bffff,88194ad1e5fffff,353,353,51.44091314213304,-0.13944008236072514
89195da5983ffff,88195da599fffff,354,354,51.529962546667285,-0.22000502464811883
89195da5987ffff,88195da599fffff,354,354,51.527450121387105,-0.21703869704469664
89195da598bffff,88195da599fffff,354,354,51.52974574164334,-0.22462689856437587
89195da598fffff,88195da599fffff,354,354,51.52723338114803,-0.221660261694057
89195da5993ffff,88195da599fffff,354,354,51.532691583816025,-0.2183496528791212
89195da5997ffff,88195da599fffff,354,354,51.53017916111678,-0.21538329837489162
89195da599bffff,88195da599fffff,354,354,51.53247490458129,-0.22297168845525522
89194ad1ea3ffff,88194ad1ebfffff,355,355,51.43422894673975,-0.1121306829356875
89194ad1ea7ffff,88194ad1ebfffff,355,355,51.43171404803332,-0.10917679185823874
89194ad1eabffff,88194ad1ebfffff,355,355,51.43401439762142,-0.11674096410946329
89194ad1eafffff,88194ad1ebfffff,355,355,51.43149956284815,-0.11378676438335983
89194ad1eb3ffff,88194ad1ebfffff,355,355,51.436958202533944,-0.11047446716402025
89194ad1eb7ffff,88194ad1ebfffff,355,355,51.434443306125786,-0.10752055011734989
89194ad1ebbffff,88194ad1ebfffff,355,355,51.43674377921445,-0.11508490866676847
89194adac03ffff,88194adac1fffff,356,356,51.45240335763933,-0.1772939496592827
89194adac07ffff,88194adac1fffff,356,356,51.44988956750689,-0.17433460194570954
89194adac0bffff,88194adac1fffff,356,356,51.45218658615613,-0.18190803198214173
89194adac0fffff,88194adac1fffff,356,356,51.4496728603444,-0.1789483756740985
89194adac13ffff,88194adac1fffff,356,356,51.45513372681026,-0.17563938926569295
89194adac17ffff,88194adac1fffff,356,356,51.452619939038826,-0.1726800150577998
89194adac1bffff,88194adac1fffff,356,356,51.45491708108964,-0.18025363249749987
89194ad0183ffff,88194ad019fffff,357,357,51.44644956267221,-0.01958541732463758
89194ad0187ffff,88194ad019fffff,357,357,51.44393346043587,-0.016637318498327787
89194ad018bffff,88194ad019fffff,357,357,51.446238992842176,-0.024193349909057152
89194ad018fffff,88194ad019fffff,357,357,51.44372295410967,-0.02124494195115251
89194ad0193ffff,88194ad019fffff,357,357,51.44917604304194,-0.01792575827489038
89194ad0197ffff,88194ad019fffff,357,357,51.446659943119506,-0.01497763418987926
89194ad019bffff,88194ad019fffff,357,357,51.44896559909049,-0.02253385057696719
89195da5923ffff,88195da593fffff,358,358,51.51653267893798,-0.2236589447339233
89195da5927ffff,88195da593fffff,358,358,51.51402017609874,-0.2206930608977119
89195da592bffff,88195da593fffff,358,358,51.51631543557433,-0.22827986292060803
89195da592fffff,88195da593fffff,358,358,51.5138029974954,-0.22531366997710855
89195da5933ffff,88195da593fffff,358,358,51.51926223205894,-0.2220040848327817
89195da5937ffff,88195da593fffff,358,358,51.516749731764925,-0.21903817407979687
89195da593bffff,88195da593fffff,358,358,51.519045114471304,-0.22662516463018972
89194adad83ffff,88194adad9fffff,359,359,51.440481951346165,-0.14866383013554035
89194adad87ffff,88194adad9fffff,359,359,51.4379676357784,-0.14570708309666705
89194adad8bffff,88194adad9fffff,359,359,51.440266071091465,-0.15327592601912216
89194adad8fffff,88194adad9fffff,359,359,51.437751819661656,-0.15031887040412356
89194adad93ffff,88194adad9fffff,359,359,51.44321195493211,-0.14700865553056644
89194adad97ffff,88194adad9fffff,359,359,51.440697641687045,-0.14405188223186174
89194adad9bffff,88194adad9fffff,359,359,51.442996200452974,-0.15162091204618752
89194ada123ffff,88194ada13fffff,360,360,51.46224082204747,-0.19375000902900386
89194ada127ffff,88194ada13fffff,360,360,51.459727363238876,-0.19078901191282033
89194ada12bffff,88194ada13fffff,360,360,51.4620236028583,-0.19836547347449607
89194ada12fffff,88194ada13fffff,360,360,51.45951020848509,-0.19540416772129007
89194ada133ffff,88194ada13fffff,360,360,51.464971307460864,-0.192095715919613
89194ada137ffff,88194ada13fffff,360,360,51.4624578510435,-0.18913469217143436
89194ada13bffff,88194ada13fffff,360,360,51.46475421402911,-0.1967113414500417
89194ad03a3ffff,88194ad03bfffff,361,361,51.43721272112074,-0.04760234770491266
89194ad03a7ffff,88194ad03bfffff,361,361,51.43469692972691,-0.044652779792290744
89194ad03abffff,88194ad03bfffff,361,361,51.43700082653066,-0.052210547127039306
89194ad03afffff,88194ad03bfffff,361,361,51.43448509875304,-0.049260670288346804
89194ad03b3ffff,88194ad03bfffff,361,361,51.439940215343846,-0.04594389075408917
89194ad03b7ffff,88194ad03bfffff,361,361,51.43742442624395,-0.04299429737261863
89194ad03bbffff,88194ad03bfffff,361,361,51.43972844660412,-0.050552250048213995
89194e68b43ffff,88194e68b5fffff,362,362,51.52063987576221,0.03910843983022526
89194e68b47ffff,88194e68b5fffff,362,362,51.5181236481028,0.04205628652798117
89194e68b4bffff,88194e68b5fffff,362,362,51.52043327420418,0.0344966449725133
89194e68b4fffff,88194e68b5fffff,362,362,51.51791710998814,0.03744480182647971
89194e68b53ffff,88194e68b5fffff,362,362,51.523362513051836,0.040772212632443995
89194e68b57ffff,88194e68b5fffff,362,362,51.52084628789767,0.04372008419611822
89194e68b5bffff,88194e68b5fffff,362,362,51.523156037472745,0.03616025807450348
89194e69d83ffff,88194e69d9fffff,363,363,51.55941029355822,0.017930500904223778
89194e69d87ffff,88194e69d9fffff,363,363,51.55689473971916,0.02088182553615813
89194e69d8bffff,88194e69d9fffff,363,363,51.55920368621567,0.013314803265020525
89194e69d8fffff,88194e69d9fffff,363,363,51.55668819605134,0.01626643839537104
89194e69d93ffff,88194e69d9fffff,363,363,51.562132262457894,0.019594698385675485
89194e69d97ffff,88194e69d9fffff,363,363,51.5596167112332,0.022546048082942916
89194e69d9bffff,88194e69d9fffff,363,363,51.56192578110791,0.014978840672642489
89194ad0363ffff,88194ad037fffff,364,364,51.4336358800356,-0.06769372232007084
89194ad0367ffff,88194ad037fffff,364,364,51.43112034095442,-0.06474294444383911
89194ad036bffff,88194ad037fffff,364,364,51.43342310155585,-0.07230235757787395
89194ad036fffff,88194ad037fffff,364,364,51.43090762618117,-0.06935127089030818
89194ad0373ffff,88194ad037fffff,364,364,51.436364005769356,-0.06603603940826902
89194ad0377ffff,88194ad037fffff,364,364,51.4338484689762,-0.06308523590979633
89194ad037bffff,88194ad037fffff,364,364,51.436151353121964,-0.07064483466564503
89194ad2103ffff,88194ad211fffff,365,365,51.48040924051387,0.0279953149347256
89194ad2107ffff,88194ad211fffff,365,365,51.477892785947326,0.03094185839572188
89194ad210bffff,88194ad211fffff,365,365,51.48020131771749,0.02338636537875589
89194ad210fffff,88194ad211fffff,365,365,51.47768492652219,0.02633321851765352
89194ad2113ffff,88194ad211fffff,365,365,51.48313342616748,0.02965754595557315
89194ad2117ffff,88194ad211fffff,365,365,51.480616973998686,0.032604114334174324
89194ad211bffff,88194ad211fffff,365,365,51.48292562931121,0.025048436842435413
89194ad1c63ffff,88194ad1c7fffff,366,366,51.43214244929344,-0.09995729198639124
89194ad1c67ffff,88194ad1c7fffff,366,366,51.42962735663302,-0.09700435284661367
89194ad1c6bffff,88194ad1c7fffff,366,366,51.43192834350878,-0.10456696770838866
89194ad1c6fffff,88194ad1c7fffff,366,366,51.42941331471333,-0.1016137198960733
89194ad1c73ffff,88194ad1c7fffff,366,366,51.4348714557764,-0.09830072975684898
89194ad1c77ffff,88194ad1c7fffff,366,366,51.432356365406214,-0.09534776474467685
89194ad1c7bffff,88194ad1c7fffff,366,366,51.43465747579832,-0.10291056570686892
89194ada003ffff,88194ada01fffff,367,367,51.487589404011686,-0.21876002445583378
89194ada007ffff,88194ada01fffff,367,367,51.485076550201136,-0.21579598125335392
89194ada00bffff,88194ada01fffff,367,367,51.487371729622986,-0.22337842874569802
89194ada00fffff,88194ada01fffff,367,367,51.48485894045528,-0.22041407672966742
89194ada013ffff,88194ada01fffff,367,367,51.49031973934479,-0.2171058376579239
89194ada017ffff,88194ada01fffff,367,367,51.48780688799972,-0.21414176760423367
89194ada01bffff,88194ada01fffff,367,367,51.490102190713564,-0.22172440335901106
89194ada023ffff,88194ada03fffff,368,368,51.479833160846574,-0.2144863796818646
89194ada027ffff,88194ada03fffff,368,368,51.477320170466555,-0.2115230345678037
89194ada02bffff,88194ada03fffff,368,368,51.47961548996565,-0.2191040050240988
89194ada02fffff,88194ada03fffff,368,368,51.477102564182076,-0.21614035116362312
89194ada033ffff,88194ada03fffff,368,368,51.48256362931234,-0.2128322737103938
89194ada037ffff,88194ada03fffff,368,368,51.48005064137578,-0.2098689017857836
89194ada03bffff,88194ada03fffff,368,368,51.48234608418631,-0.2174500603887749
89194ada0c3ffff,88194ada0dfffff,369,369,51.495345240655965,-0.22303498498526236
89194ada0c7ffff,88194ada0dfffff,369,369,51.49283252357373,-0.22007024343789694
89194ada0cbffff,88194ada0dfffff,369,369,51.4951275626692,-0.2276541684320986
89194ada0cfffff,88194ada0dfffff,369,369,51.49261491027623,-0.2246891180040453
89194ada0d3ffff,88194ada0dfffff,369,369,51.4980754427877,-0.22138071740796866
89194ada0d7ffff,88194ada0dfffff,369,369,51.495562728192894,-0.21841594896864558
89194ada0dbffff,88194ada0dfffff,369,369,51.497857890561086,-0.22600006234121442
89194adadc3ffff,88194adaddfffff,370,370,51.442564121666564,-0.160845868904419
89194adadc7ffff,88194adaddfffff,370,370,51.44005000090411,-0.15788816982997553
89194adadcbffff,88194adaddfffff,370,370,51.442347797321474,-0.16545856914167995
89194adadcfffff,88194adaddfffff,370,370,51.4398337407652,-0.16250056151549086
89194adadd3ffff,88194adaddfffff,370,370,51.44529437446907,-0.15919104195298778
89194adadd7ffff,88194adaddfffff,370,370,51.44278025603743,-0.1562333165217029
89194adaddbffff,88194adaddfffff,370,370,51.445078175891716,-0.16380390292327515
89194ad2503ffff,88194ad251fffff,371,371,51.499475844404124,0.039633759520479935
89194ad2507ffff,88194ad251fffff,371,371,51.49695940677126,0.04258047718228273
89194ad250bffff,88194ad251fffff,371,371,51.49926880325807,0.03502369300181045
89194ad250fffff,88194ad251fffff,371,371,51.496752428998306,0.03797072059193356
89194ad2513ffff,88194ad251fffff,371,371,51.50219913139886,0.04129693314778533
89194ad2517ffff,88194ad251fffff,371,371,51.499682696213554,0.04424367565300761
89194ad251bffff,88194ad251fffff,371,371,51.50199221621604,0.03668670705115745
89194ad0103ffff,88194ad011fffff,372,372,51.440785395787636,-0.027511945326063186
89194ad0107ffff,88194ad011fffff,372,372,51.43826935244819,-0.024563587988571535
89194ad010bffff,88194ad011fffff,372,372,51.44057438481593,-0.032119707816075115
89194ad010fffff,88194ad011fffff,372,372,51.43805840500243,-0.029171041438111493
89194ad0113ffff,88194ad011fffff,372,372,51.443512258404404,-0.025852714820917687
89194ad0117ffff,88194ad011fffff,372,372,51.44099621736487,-0.022904332167975452
89194ad011bffff,88194ad011fffff,372,372,51.443301373300955,-0.030460637055225226
89194ad1c23ffff,88194ad1c3fffff,373,373,51.43005487154376,-0.08778606430075114
89194ad1c27ffff,88194ad1c3fffff,373,373,51.4275395851422,-0.08483407707349422
89194ad1c2bffff,88194ad1c3fffff,373,373,51.429841208903504,-0.09239513429733681
89194ad1c2fffff,88194ad1c3fffff,373,373,51.4273259862987,-0.08944283837366945
89194ad1c33ffff,88194ad1c3fffff,373,373,51.432783628692135,-0.0861291559122307
89194ad1c37ffff,88194ad1c3fffff,373,373,51.430268344572696,-0.0831771429093259
89194ad1c3bffff,88194ad1c3fffff,373,373,51.43257009186612,-0.09073838603580009
89194e68b63ffff,88194e68b7fffff,374,374,51.51288458376191,0.04334011047756827
89194e68b67ffff,88194e68b7fffff,374,374,51.51036822181243,0.046287262357695626
89194e68b6bffff,88194e68b7fffff,374,374,51.5126779830915,0.03872909554153941
89194e68b6fffff,88194e68b7fffff,374,374,51.5101616845392,0.04167655750945047
89194e68b73ffff,88194e68b7fffff,374,374,51.51560735452486,0.04500379820924825
89194e68b77ffff,88194e68b7fffff,374,374,51.5130909950587,0.047950974915597806
89194e68b7bffff,88194e68b7fffff,374,374,51.5154008798306,0.040392623647653995
89194ada143ffff,88194ada15fffff,375,375,51.47207651154697,-0.2102140501034738
89194ada147ffff,88194ada15fffff,375,375,51.469563384756384,-0.2072514028215035
89194ada14bffff,88194ada15fffff,375,375,51.47185884408377,-0.21483089670745084
89194ada14fffff,88194ada15fffff,375,375,51.4693457818432,-0.2118679407461955
89194ada153ffff,88194ada15fffff,375,375,51.47480711307676,-0.20856002500544665
89194ada157ffff,88194ada15fffff,375,375,51.47229398870763,-0.20559735095360948
89194ada15bffff,88194ada15fffff,375,375,51.47458957136568,-0.2131770328704766
89194ada6a3ffff,88194ada6bfffff,376,376,51.50310067039287,-0.22731126183019437
89194ada6a7ffff,88194ada6bfffff,376,376,51.50058809019782,-0.22434582168143083
89194ada6abffff,88194ada6bfffff,376,376,51.50288298871785,-0.23193122464351365
89194ada6afffff,88194ada6bfffff,376,376,51.50037047325854,-0.22896547554690871
89194ada6b3ffff,88194ada6bfffff,376,376,51.505830739254584,-0.2256569135206284
89194ada6b7ffff,88194ada6bfffff,376,376,51.503318161569005,-0.22269144643913016
89194ada6bbffff,88194ada6bfffff,376,376,51.50561318334236,-0.23027703789550064
89194ad2183ffff,88194ad219fffff,377,377,51.48606496506652,0.035929030045117515
89194ad2187ffff,88194ad219fffff,377,377,51.483548451953524,0.038875313561783795
89194ad218bffff,88194ad219fffff,377,377,51.485857483472486,0.031319911593838005
89194ad218fffff,88194ad219fffff,377,377,51.48334103370853,0.03426650487948671
89194ad2193ffff,88194ad219fffff,377,377,51.48878876806224,0.0375916898446463
89194ad2197ffff,88194ad219fffff,377,377,51.486272257360916,0.04053799822200026
89194ad219bffff,88194ad219fffff,377,377,51.48858141241851,0.03298241186305341
89195da5903ffff,88195da591fffff,378,378,51.52428703067636,-0.22793691463694582
89195da5907ffff,88195da591fffff,378,378,51.52177466503955,-0.22497033167140193
89195da590bffff,88195da591fffff,378,378,51.52406978349831,-0.23255861276782808
89195da590fffff,88195da591fffff,378,378,51.52155748266826,-0.22959172062776226
89195da5913ffff,88195da591fffff,378,378,51.527016450338216,-0.22628197395370836
89195da5917ffff,88195da591fffff,378,378,51.52450408726863,-0.22331536403059837
89195da591bffff,88195da591fffff,378,378,51.52679932893883,-0.23090383377058632
89194adac43ffff,88194adac5fffff,379,379,51.454483219310646,-0.18948256201201835
89194adac47ffff,88194adac5fffff,379,379,51.4519696245704,-0.18652226197365193
89194adac4bffff,88194adac5fffff,379,379,51.4542660032145,-0.19409724818921917
89194adac4fffff,88194adac5fffff,379,379,51.45175247286324,-0.19113663958100813
89194adac53ffff,88194adac5fffff,379,379,51.45721383763381,-0.18782835006037932
89194adac57ffff,88194adac5fffff,379,379,51.45470024526274,-0.18486802343050499
89194adac5bffff,88194adac5fffff,379,379,51.45699674729239,-0.19244319724755907
89194adac23ffff,88194adac3fffff,380,380,51.44464520872756,-0.1730300683145641
89194adac27ffff,88194adac3fffff,380,380,51.442131282983276,-0.1700714171808062
89194adac2bffff,88194adac3fffff,380,380,51.444428440102946,-0.17764337263011562
89194adac2fffff,88194adac3fffff,380,380,51.44191457863309,-0.1746844129690842
89194adac33ffff,88194adac3fffff,380,380,51.44737571072277,-0.17137558931567046
89194adac37ffff,88194adac3fffff,380,380,51.44486178731751,-0.16841691172804768
89194adac3bffff,88194adac3fffff,380,380,51.44715906785805,-0.175989054465279
89194ad0323ffff,88194ad033fffff,381,381,51.4315452019705,-0.05552673820526582
89194ad0327ffff,88194ad033fffff,381,381,51.42902946962576,-0.052576912407177406
89194ad032bffff,88194ad033fffff,381,381,51.43133286621123,-0.06013476686468378
89194ad032fffff,88194ad033fffff,381,381,51.428817197504735,-0.05718463223170659
89194ad0333ffff,88194ad033fffff,381,381,51.43427307831594,-0.05386870984154595
89194ad0337ffff,88194ad033fffff,381,381,51.431757348251196,-0.050918858517908505
89194ad033bffff,88194ad033fffff,381,381,51.434060868396664,-0.05847689839948964
89194ad2e63ffff,88194ad2e7fffff,382,382,51.4556767395594,0.008433777618279592
89194ad2e67ffff,88194ad2e7fffff,382,382,51.45316032710252,0.011380405701238053
89194ad2e6bffff,88194ad2e7fffff,382,382,51.45546749415267,0.003826114133822579
89194ad2e6fffff,88194ad2e7fffff,382,382,51.45295114508724,0.00677305155346251
89194ad2e73ffff,88194ad2e7fffff,382,382,51.458402205790726,0.010094638162035282
89194ad2e77ffff,88194ad2e7fffff,382,382,51.455885795667754,0.01304129129341148
89194ad2e7bffff,88194ad2e7fffff,382,382,51.45819308629067,0.005486815114453268
89194e68a83ffff,88194e68a9fffff,383,383,51.54180002630957,0.038582728062468014
89194e68a87ffff,88194e68a9fffff,383,383,51.53928400929549,0.041531704660571725
89194e68a8bffff,88194e68a9fffff,383,383,51.54159386420695,0.03396920357007955
89194e68a8fffff,88194e68a9fffff,383,383,51.53907791070657,0.036918490552530964
89194e68a93ffff,88194e68a9fffff,383,383,51.544522013354964,0.040247100470569105
89194e68a97ffff,88194e68a9fffff,383,383,51.542005998903704,0.04319610195715518
89194e68a9bffff,88194e68a9fffff,383,383,51.54431597724691,0.0356334161556451
89195da4363ffff,88195da437fffff,384,384,51.55681585516452,-0.21269237140399638
89195da4367ffff,88195da437fffff,384,384,51.55430358561159,-0.20972515602700378
89195da436bffff,88195da437fffff,384,384,51.55659992690457,-0.21731615784852001
89195da436fffff,88195da437fffff,384,384,51.554087722185585,-0.21434863288509115
89195da4373ffff,88195da437fffff,384,384,51.55954385967517,-0.21103597506945565
89195da4377ffff,88195da437fffff,384,384,51.557031592774536,-0.208068732823674
89195da437bffff,88195da437fffff,384,384,51.55932805723079,-0.215659923272222
89194ad2e03ffff,88194ad2e1fffff,385,385,51.46133634805525,0.01636346593714536
89194ad2e07ffff,88194ad2e1fffff,385,385,51.45881987690398,0.01930983467872764
89194ad2e0bffff,88194ad2e1fffff,385,385,51.4611275437708,0.011755633198230515
89194ad2e0fffff,88194ad2e1fffff,385,385,51.45861113598881,0.0147023113675417
89194ad2e13ffff,88194ad2e1fffff,385,385,51.46406143185668,0.018024755015707074
89194ad2e17ffff,88194ad2e1fffff,385,385,51.46154496305326,0.02097114874892241
89194ad2e1bffff,88194ad2e1fffff,385,385,51.463852753489114,0.013416762740456676
89194e68e63ffff,88194e68e7fffff,386,386,51.5495538439748,0.034348091453903655
89194e68e67ffff,88194e68e7fffff,386,386,51.54703796172217,0.03729776364998546
89194e68e6bffff,88194e68e7fffff,386,386,51.549347680769735,0.029733786249626772
89194e68e6fffff,88194e68e7fffff,386,386,51.54683186207709,0.032683768898542284
89194e68e73ffff,88194e68e7fffff,386,386,51.552275697290355,0.03601254894233549
89194e68e77ffff,88194e68e7fffff,386,386,51.549759817622274,0.038962246066813505
89194e68e7bffff,88194e68e7fffff,386,386,51.5520696600826,0.03139808384073866
89194e68aa3ffff,88194e68abfffff,387,387,51.53404580552792,0.0428160587085433
89194e68aa7ffff,88194e68abfffff,387,387,51.531529653910304,0.0457643399652402
89194e68aabffff,88194e68abfffff,387,387,51.533839644437876,0.03820331471642658
89194e68aafffff,88194e68abfffff,387,387,51.531323556287745,0.041151906288962044
89194e68ab3ffff,88194e68abfffff,387,387,51.53676792623501,0.04448034599148337
89194e68ab7ffff,88194e68abfffff,387,387,51.53425177715835,0.04742865209687546
89194e68abbffff,88194e68abfffff,387,387,51.53656189113674,0.03986744225151531
89194ad2ac3ffff,88194ad2adfffff,388,388,51.4500159251746,0.0005051155868454439
89194ad2ac7ffff,88194ad2adfffff,388,388,51.447499571462224,0.0034520028064599067
89194ad2acbffff,88194ad2adfffff,388,388,51.44980623865435,-0.004102378471952954
89194ad2acfffff,88194ad2adfffff,388,388,51.44728994835548,-0.0011551820066236682
89194ad2ad3ffff,88194ad2adfffff,388,388,51.45274177377715,0.002165547629154643
89194ad2ad7ffff,88194ad2adfffff,388,388,51.4502254223847,0.005112459954025562
89194ad2adbffff,88194ad2adfffff,388,388,51.4525322131533,-0.002442106019522961
89194ada163ffff,88194ada17fffff,389,389,51.46431945649944,-0.20594303516113877
89194ada167ffff,88194ada17fffff,389,389,51.461806193457164,-0.20298108545504331
89194ada16bffff,88194ada17fffff,389,389,51.46410179236375,-0.21055910323611843
89194ada16fffff,88194ada17fffff,389,389,51.461588593825134,-0.2075968449178817
89194ada173ffff,88194ada17fffff,389,389,51.46705019102445,-0.20428909098345233
89194ada177ffff,88194ada17fffff,389,389,51.46453693038155,-0.20132711454813718
89194ada17bffff,88194ada17fffff,389,389,51.46683265263825,-0.2089053202444401
89194ada683ffff,88194ada69fffff,390,390,51.51085569283607,-0.23158885555107805
89194ada687ffff,88194ada69fffff,390,390,51.5083432496871,-0.22862271654420452
89194ada68bffff,88194ada69fffff,390,390,51.510638007382525,-0.2362095979403661
89194ada68fffff,88194ada69fffff,390,390,51.50812562901572,-0.23324314991849088
89194ada693ffff,88194ada69fffff,390,390,51.513585628359095,-0.22993442655636134
89194ada697ffff,88194ada69fffff,390,390,51.51107318774157,-0.22696826057595615
89194ada69bffff,88194ada69fffff,390,390,51.51336806867101,-0.2345553305824509
89194ad2e83ffff,88194ad2e9fffff,391,391,51.466994750536216,0.024294180438802583
89194ad2e87ffff,88194ad2e9fffff,391,391,51.46447822074062,0.027240289634356676
89194ad2e8bffff,88194ad2e9fffff,391,391,51.466786387382555,0.019686178616842735
89194ad2e8fffff,88194ad2e9fffff,391,391,51.46426992093415,0.02263259733111612
89194ad2e93ffff,88194ad2e9fffff,391,391,51.46971945184898,0.02595589808558649
89194ad2e97ffff,88194ad2e9fffff,391,391,51.46720292441526,0.028902032215884787
89194ad2e9bffff,88194ad2e9fffff,391,391,51.46951121462251,0.02134773675404436
89194ad0163ffff,88194ad017fffff,392,392,51.43512002336099,-0.03543744618102726
89194ad0167ffff,88194ad017fffff,392,392,51.43260403896847,-0.03248883053694573
89194ad016bffff,88194ad017fffff,392,392,51.43490857125654,-0.04004503840572198
89194ad016fffff,88194ad017fffff,392,392,51.432392650412005,-0.037096113812200175
89194ad0173ffff,88194ad017fffff,392,392,51.437847268165775,-0.03377864418680285
89194ad0177ffff,88194ad017fffff,392,392,51.43533128605921,-0.030830003170533832
89194ad017bffff,88194ad017fffff,392,392,51.437635941919304,-0.03838639618243201
89194ad1dc3ffff,88194ad1ddfffff,393,393,51.42796621408218,-0.07561700040048529
89194ad1dc7ffff,88194ad1ddfffff,393,393,51.4254507341522,-0.07266596506021371
89194ad1dcbffff,88194ad1ddfffff,393,393,51.42775299439704,-0.08022546439827252
89194ad1dcfffff,88194ad1ddfffff,393,393,51.425237578195606,-0.07727412033792212
89194ad1dd3ffff,88194ad1ddfffff,393,393,51.43069472187243,-0.07395974615164351
89194ad1dd7ffff,88194ad1ddfffff,393,393,51.42817924421652,-0.07100868513249768
89194ad1ddbffff,88194ad1ddfffff,393,393,51.43048162800926,-0.07856837017548106
89194ad1e63ffff,88194ad1e7fffff,394,394,51.43063972463171,-0.1322281371862281
89194ad1e67ffff,88194ad1e7fffff,394,394,51.42812507950131,-0.12927303775648277
89194ad1e6bffff,88194ad1e7fffff,394,394,51.43042429061404,-0.13683885079976593
89194ad1e6fffff,88194ad1e7fffff,394,394,51.42790970950702,-0.13388344283689774
89194ad1e73ffff,88194ad1e7fffff,394,394,51.433369611683005,-0.13057269723770715
89194ad1e77ffff,88194ad1e7fffff,394,394,51.430854968845054,-0.12761757168529395
89194ad1e7bffff,88194ad1e7fffff,394,394,51.43315430344592,-0.13518357130751676
89194e68e43ffff,88194e68e5fffff,395,395,51.55730725813942,0.030112148324844677
89194e68e47ffff,88194e68e5fffff,395,395,51.55479151080616,0.03306251637555927
89194e68e4bffff,88194e68e5fffff,395,395,51.55710109374216,0.025497062196819784
89194e68e4fffff,88194e68e5fffff,395,395,51.55458541001517,0.0284477407688974
89194e68e53ffff,88194e68e5fffff,395,395,51.56002897765697,0.031776690848650174
89194e68e57ffff,88194e68e5fffff,395,395,51.55751323293011,0.03472708386765854
89194e68e5bffff,88194e68e5fffff,395,395,51.55982293925972,0.027161444748609945
89194ad1e23ffff,88194ad1e3fffff,396,396,51.42855525016366,-0.12005267204575261
89194ad1e27ffff,88194ad1e3fffff,396,396,51.42604041081448,-0.11709852436081684
89194ad1e2bffff,88194ad1e3fffff,396,396,51.42834025971388,-0.12466278080857351
89194ad1e2fffff,88194ad1e3fffff,396,396,51.425825484319866,-0.12170832456645685
89194ad1e33ffff,88194ad1e3fffff,396,396,51.43128488793433,-0.11839688523127415
89194ad1e37ffff,88194ad1e3fffff,396,396,51.42877005086953,-0.11544271152052796
89194ad1e3bffff,88194ad1e3fffff,396,396,51.43107002327294,-0.12300715434941364
89194e68bc3ffff,88194e68bdfffff,397,397,51.52629118201386,0.047048083950076584
89194e68bc7ffff,88194e68bdfffff,397,397,51.52377489595073,0.04999567012177794
89194e68bcbffff,88194e68bdfffff,397,397,51.52608502184666,0.042436120246597236
89194e68bcfffff,88194e68bdfffff,397,397,51.52356879920481,0.04538401666562022
89194e68bd3ffff,88194e68bdfffff,397,397,51.529013436314386,0.04871228606305998
89194e68bd7ffff,88194e68bdfffff,397,397,51.52649715277043,0.05165989704359672
89194e68bdbffff,88194e68bdfffff,397,397,51.528807402136295,0.04410016268632367
89194ad2583ffff,88194ad259fffff,398,398,51.50512888984454,0.04757047671311787
89194ad2587ffff,88194ad259fffff,398,398,51.50261239376296,0.05051693403177893
89194ad258bffff,88194ad259fffff,398,398,51.50492228997209,0.04296024148737961
89194ad258fffff,88194ad259fffff,398,398,51.50240585724144,0.045907008825425526
89194ad2593ffff,88194ad259fffff,398,398,51.507851794012474,0.04923407932958289
89194ad2597ffff,88194ad259fffff,398,398,51.505335300392375,0.05218056143471789
89194ad259bffff,88194ad259fffff,398,398,51.507645320113404,0.044623684552821945
89194ad2a43ffff,88194ad2a5fffff,399,399,51.44435390502713,-0.007422520052829994
89194ad2a47ffff,88194ad2a5fffff,399,399,51.44183761010931,-0.0044753739011283555
89194ad2a4bffff,88194ad2a5fffff,399,399,51.44414377740203,-0.012029844514817771
89194ad2a4fffff,88194ad2a5fffff,399,399,51.44162754591981,-0.009082389208384105
89194ad2a53ffff,88194ad2a5fffff,399,399,51.44708013594211,-0.005762516478536837
89194ad2a57ffff,88194ad2a5fffff,399,399,51.44456384333021,-0.002815345164752334
89194ad2a5bffff,88194ad2a5fffff,399,399,51.44687013420317,-0.010370000557087044
89194ad2523ffff,88194ad253fffff,400,400,51.49171948306851,0.0438637714665474
89194ad2527ffff,88194ad253fffff,400,400,51.489202911459074,0.04680979483400958
89194ad252bffff,88194ad253fffff,400,400,51.49151244268517,0.03925448429167673
89194ad252fffff,88194ad253fffff,400,400,51.48899593440271,0.04220081751907386
89194ad2533ffff,88194ad253fffff,400,400,51.494442903347796,0.04552686007801332
89194ad2537ffff,88194ad253fffff,400,400,51.49192633416405,0.048472908249177556
89194ad253bffff,88194ad253fffff,400,400,51.49423598892504,0.04091741339966818
89194adada3ffff,88194adadbfffff,401,401,51.43272311747201,-0.1444057636723103
89194adada7ffff,88194adadbfffff,401,401,51.43020866677315,-0.14144971247327512
89194adadabffff,88194adadbfffff,401,401,51.432507239697344,-0.14901708186207163
89194adadafffff,88194adadbfffff,401,401,51.42999285309009,-0.14606072215415591
89194adadb3ffff,88194adadbfffff,401,401,51.43545325378018,-0.14275067088853172
89194adadb7ffff,88194adadbfffff,401,401,51.43293880538191,-0.1397945934699219
89194adadbbffff,88194adadbfffff,401,401,51.435237501778346,-0.14736214963557212
89194ad2123ffff,88194ad213fffff,402,402,51.47265194687633,0.03222592101858891
89194ad2127ffff,88194ad213fffff,402,402,51.47013535848654,0.03517177046341872
89194ad212bffff,88194ad213fffff,402,402,51.47244402486206,0.02761775028495884
89194ad212fffff,88194ad213fffff,402,402,51.46992749979732,0.030563909339456567
89194ad2133ffff,88194ad213fffff,402,402,51.475376265641906,0.03388806726684838
89194ad2137ffff,88194ad213fffff,402,402,51.47285967962795,0.03683394158951614
89194ad213bffff,88194ad213fffff,402,402,51.47516846956499,0.029279737050475575
89194ad18c3ffff,88194ad18dfffff,403,403,51.42646969465891,-0.10787936877480823
89194ad18c7ffff,88194ad18dfffff,403,403,51.42395466130379,-0.10492617281005162
89194ad18cbffff,88194ad18dfffff,403,403,51.42625514758787,-0.11248887241280846
89194ad18cfffff,88194ad18dfffff,403,403,51.423740178119665,-0.10953536786679263
89194ad18d3ffff,88194ad18dfffff,403,403,51.42919908312543,-0.1062232353931785
89194ad18d7ffff,88194ad18dfffff,403,403,51.42668405204658,-0.10327001349940393
89194ad18dbffff,88194ad18dfffff,403,403,51.42898466185053,-0.11083289928553182
89195da59c3ffff,88195da59dfffff,404,404,51.53204097430156,-0.2322162024223609
89195da59c7ffff,88195da59dfffff,404,404,51.52952874602604,-0.22924892007054987
89195da59cbffff,88195da59dfffff,404,404,51.531823723218686,-0.2368386807071128
89195da59cfffff,88195da59dfffff,404,404,51.52931155979641,-0.23387108911355525
89195da59d3ffff,88195da59dfffff,404,404,51.53477026043582,-0.23056118100428732
89195da59d7ffff,88195da59dfffff,404,404,51.532258034749454,-0.22759387165404635
89195da59dbffff,88195da59dfffff,404,404,51.53455313513425,-0.2351838210503566
89194adac63ffff,88194adac7fffff,405,405,51.44672521193793,-0.1852164278384916
89194adac67ffff,88194adac7fffff,405,405,51.44421148142481,-0.18225682462197473
89194adac6bffff,88194adac7fffff,405,405,51.44650799884476,-0.18983033595666227
89194adac6fffff,88194adac7fffff,405,405,51.44399433267425,-0.18687042423742622
89194adac73ffff,88194adac7fffff,405,405,51.44945596310204,-0.18356229709125696
89194adac77ffff,88194adac7fffff,405,405,51.44694223493609,-0.18060266732381247
89194adac7bffff,88194adac7fffff,405,405,51.44923887576089,-0.1881763661444875
89194adad03ffff,88194adad1fffff,406,406,51.4348054280935,-0.1565855509790732
89194adad07ffff,88194adad1fffff,406,406,51.43229117203899,-0.15362854798660758
89194adad0bffff,88194adad1fffff,406,406,51.43458910637269,-0.16119747347023622
89194adad0fffff,88194adad1fffff,406,406,51.43207491447802,-0.15824016199323976
89194adad13ffff,88194adad1fffff,406,406,51.43753581363481,-0.15493080565888748
89194adad17ffff,88194adad1fffff,406,406,51.43502155988908,-0.15197377634995218
89194adad1bffff,88194adad1fffff,406,406,51.437319617679066,-0.15954288880832942
89194adae83ffff,88194adae9fffff,407,407,51.45656199609047,-0.20167333429557666
89194adae87ffff,88194adae9fffff,407,407,51.45404859695539,-0.1987120819093345
89194adae8bffff,88194adae9fffff,407,407,51.45634433519226,-0.2062886240508392
89194adae8fffff,88194adae9fffff,407,407,51.45383100051446,-0.20332706311951648
89194adae93ffff,88194adae9fffff,407,407,51.45929286354192,-0.20001947108511298
89194adae97ffff,88194adae9fffff,407,407,51.45677946678425,-0.1970581920102432
89194adae9bffff,88194adae9fffff,407,407,51.45907532839057,-0.20463492195141342
89195da5963ffff,88195da597fffff,408,408,51.51861030759907,-0.235867766708556
89195da5967ffff,88195da597fffff,408,408,51.5160980016551,-0.23290092858683473
89195da596bffff,88195da597fffff,408,408,51.51839261827667,-0.24048928888337484
89195da596fffff,88195da597fffff,408,408,51.515880377161366,-0.23752214167947575
89195da5973ffff,88195da597fffff,408,408,51.521340109714906,-0.23421325707591265
89195da5977ffff,88195da597fffff,408,408,51.51882780632434,-0.2312463919398022
89195da597bffff,88195da597fffff,408,408,51.5211225461606,-0.23883494096281022
89194e68b03ffff,88194e68b1fffff,409,409,51.51853615615158,0.051278804344588626
89194e68b07ffff,88194e68b1fffff,409,409,51.51601973580092,0.05422569568757624
89194e68b0bffff,88194e68b1fffff,409,409,51.518329996817556,0.04666762071813544
89194e68b0fffff,88194e68b1fffff,409,409,51.515813639841916,0.049614822240017065
89194e68b13ffff,88194e68b1fffff,409,409,51.52125854397736,0.0529429212428697
89194e68b17ffff,88194e68b1fffff,409,409,51.518742126124,0.05588983735496978
89194e68b1bffff,88194e68b1fffff,409,409,51.52105251062966,0.04833157801777138
89194ad01a3ffff,88194ad01bfffff,410,410,51.43869067924333,-0.015349129196584696
89194ad01a7ffff,88194ad01bfffff,410,410,51.43617444317015,-0.012401724317346017
89194ad01abffff,88194ad01bfffff,410,410,51.43848011052217,-0.01995628389065862
89194ad01afffff,88194ad01bfffff,410,410,51.43596393790664,-0.017008569947671522
89194ad01b3ffff,88194ad01bfffff,410,410,51.44141729241193,-0.013689554056801128
89194ad01b7ffff,88194ad01bfffff,410,410,51.43890105863064,-0.01074212395869611
89194ad01bbffff,88194ad01bfffff,410,410,51.441206849566605,-0.018296868394085456
89194ada063ffff,88194ada07fffff,411,411,51.48191042279242,-0.22668607597025808
89194ada067ffff,88194ada07fffff,411,411,51.47939762871425,-0.22372177775961088
89194ada06bffff,88194ada07fffff,411,411,51.48169230648688,-0.23130430476749766
89194ada06fffff,88194ada07fffff,411,411,51.479179577073474,-0.228339697835476
89194ada073ffff,88194ada07fffff,411,411,51.484641140312455,-0.2250323196115617
89194ada077ffff,88194ada07fffff,411,411,51.48212834868596,-0.2220679944930404
89194ada07bffff,88194ada07fffff,411,411,51.48442314975379,-0.2296507098460887
89194ada043ffff,88194ada05fffff,412,412,51.489666522162096,-0.23096197696198031
89194ada047ffff,88194ada05fffff,412,412,51.487153864814665,-0.22799698042081482
89194ada04bffff,88194ada05fffff,412,412,51.489448402204125,-0.23558098475789668
89194ada04fffff,88194ada05fffff,412,412,51.48693580956785,-0.23261567942826655
89194ada053ffff,88194ada05fffff,412,412,51.49239710653273,-0.22930813996783084
89194ada057ffff,88194ada05fffff,412,412,51.48988445165898,-0.22634311647802538
89194ada05bffff,88194ada05fffff,412,412,51.49217911232431,-0.23392730927618502
89194ad1883ffff,88194ad189fffff,413,413,51.42438305870873,-0.09570822789641072
89194ad1887ffff,88194ad189fffff,413,413,51.42186783156041,-0.09275598362681271
89194ad188bffff,88194ad189fffff,413,413,51.42416895482718,-0.100317126135779
89194ad188fffff,88194ad189fffff,413,413,51.4216537914976,-0.09736457326104789
89194ad1893ffff,88194ad189fffff,413,413,51.42711219784754,-0.09405174824639553
89194ad1897ffff,88194ad189fffff,413,413,51.42459697296743,-0.09109947814452243
89194ad189bffff,88194ad189fffff,413,413,51.42689821976986,-0.0986608066391289
89194ad21a3ffff,88194ad21bfffff,414,414,51.47830793694998,0.040158687571523785
89194ad21a7ffff,88194ad21bfffff,414,414,51.47579129001606,0.043104277060802394
89194ad21abffff,88194ad21bfffff,414,414,51.47810045608356,0.03555034809777968
89194ad21afffff,88194ad21bfffff,414,414,51.47558387245256,0.038496247287704496
89194ad21b3ffff,88194ad21bfffff,414,414,51.481031873109764,0.04182126245453306
89194ad21b7ffff,88194ad21bfffff,414,414,51.47851522856566,0.04476687676472598
89194ad21bbffff,88194ad21bfffff,414,414,51.4808245181909,0.03721276352491596
89194ad0ec3ffff,88194ad0edfffff,415,415,51.429453445519066,-0.04336191978593184
89194ad0ec7ffff,88194ad0edfffff,415,415,51.42693752012348,-0.04041304603973142
89194ad0ecbffff,88194ad0edfffff,415,415,51.429241552290854,-0.04796934157442314
89194ad0ecfffff,88194ad0edfffff,415,415,51.426725690465325,-0.0450201589699578
89194ad0ed3ffff,88194ad0edfffff,415,415,51.432181072452984,-0.04170354626903527
89194ad0ed7ffff,88194ad0edfffff,415,415,51.42966514932934,-0.0387546470939279
89194ad0edbffff,88194ad0edfffff,415,415,51.431969305072364,-0.046311127855059454
89194ad1d83ffff,88194ad1d9fffff,416,416,51.42587647750004,-0.06345010080609674
89194ad1d87ffff,88194ad1d9fffff,416,416,51.42336080425444,-0.06050001732711043
89194ad1d8bffff,88194ad1d9fffff,416,416,51.42566370058074,-0.06805795853217014
89194ad1d8fffff,88194ad1d9fffff,416,416,51.423148090995376,-0.06510756630943658
89194ad1d93ffff,88194ad1d9fffff,416,416,51.42860473590886,-0.06179250099571828
89194ad1d97ffff,88194ad1d9fffff,416,416,51.42608906492921,-0.058842391934489695
89194ad1d9bffff,88194ad1d9fffff,416,416,51.42839208481912,-0.06640051864678409
89194ada383ffff,88194ada39fffff,417,417,51.47415391694909,-0.22241149084917897
89194ada387ffff,88194ada39fffff,417,417,51.47164098629911,-0.21944789071266269
89194ada38bffff,88194ada39fffff,417,417,51.47393580420573,-0.2270289408570046
89194ada38fffff,88194ada39fffff,417,417,51.4714229381741,-0.2240650320661977
89194ada393ffff,88194ada39fffff,417,417,51.47688476754976,-0.22075781517303691
89194ada397ffff,88194ada39fffff,417,417,51.47437183932944,-0.21779418816934165
89194ada39bffff,88194ada39fffff,417,417,51.476666780550715,-0.22537542654305912
89194ada623ffff,88194ada63fffff,418,418,51.49742221467157,-0.23523919438439014
89194ada627ffff,88194ada63fffff,418,418,51.49490969421375,-0.23227349925622182
89194ada62bffff,88194ada63fffff,418,418,51.49720409097089,-0.2398589813883126
89194ada62fffff,88194ada63fffff,418,418,51.494691635270726,-0.23689297740456794
89194ada633ffff,88194ada63fffff,418,418,51.500152665824096,-0.23358527680192465
89194ada637ffff,88194ada63fffff,418,418,51.49764014786201,-0.230619554684336
89194ada63bffff,88194ada63fffff,418,418,51.49993466787568,-0.2382052253934843
89194adad43ffff,88194adad5fffff,419,419,51.43688665590508,-0.16876749858057383
89194adad47ffff,88194adad5fffff,419,419,51.4343725947078,-0.16580954377087173
89194adad4bffff,88194adad5fffff,419,419,51.436669890049075,-0.17338002509802897
89194adad4fffff,88194adad5fffff,419,419,51.43415589307991,-0.1704217618282485
89194adad53ffff,88194adad5fffff,419,419,51.43961729065576,-0.16711310102291718
89194adad57ffff,88194adad5fffff,419,419,51.4371032317754,-0.16415511979975492
89194adad5bffff,88194adad5fffff,419,419,51.439400650556955,-0.1717257882995772
89194ad25a3ffff,88194ad25bfffff,420,420,51.49737279439444,0.051799539093798
89194ad25a7ffff,88194ad25bfffff,420,420,51.49485616433874,0.05474530210704618
89194ad25abffff,88194ad25bfffff,420,420,51.497166195230236,0.04719008336702186
89194ad25afffff,88194ad25bfffff,420,420,51.4946496284793,0.05013615633125852
89194ad25b3ffff,88194ad25bfffff,420,420,51.50009583189897,0.05346305655037066
89194ad25b7ffff,88194ad25bfffff,420,420,51.497579204282886,0.05640884431034847
89194ad25bbffff,88194ad25bfffff,420,420,51.49988935870546,0.04885344134706567
89194ada3a3ffff,88194ada3bfffff,421,421,51.46639700501861,-0.21813822103893832
89194ada3a7ffff,88194ada3bfffff,421,421,51.46388393795571,-0.21517531872027296
89194ada3abffff,88194ada3bfffff,421,421,51.466178895747355,-0.22275489246662855
89194ada3afffff,88194ada3bfffff,421,421,51.46366589325644,-0.21979168156073986
89194ada3b3ffff,88194ada3bfffff,421,421,51.469127988631236,-0.21648462609240648
89194ada3b7ffff,88194ada3bfffff,421,421,51.466614923975946,-0.21352169694727324
89194ada3bbffff,88194ada3bfffff,421,421,51.46891000510158,-0.22110145880721493
89194ada603ffff,88194ada61fffff,422,422,51.505177499934256,-0.23951772879778752
89194ada607ffff,88194ada61fffff,422,422,51.502665116525044,-0.23655133482600416
89194ada60bffff,88194ada61fffff,422,422,51.50495937240066,-0.2441382952191173
89194ada60fffff,88194ada61fffff,422,422,51.50244705379554,-0.2411715923246704
89194ada613ffff,88194ada61fffff,422,422,51.507907817800096,-0.2378637306742457
89194ada617ffff,88194ada61fffff,422,422,51.50539543690856,-0.23489730967223138
89194ada61bffff,88194ada61fffff,422,422,51.50768981602135,-0.24248445875843505
89194ad0123ffff,88194ad013fffff,423,423,51.43302624794972,-0.02327471174036044
89194ad0127ffff,88194ad013fffff,423,423,51.43051007077121,-0.02032704833807019
89194ad012bffff,88194ad013fffff,423,423,51.432815238141366,-0.027881696495527353
89194ad012fffff,88194ad013fffff,423,423,51.43029912444262,-0.02493372412055983
89194ad0133ffff,88194ad013fffff,423,423,51.43575324331303,-0.021615565001544837
89194ad0137ffff,88194ad013fffff,423,423,51.43323706841245,-0.018667876323663034
89194ad013bffff,88194ad013fffff,423,423,51.435542359370196,-0.02622270942658081
89194e68b23ffff,88194e68b3fffff,424,424,51.51078072832531,0.05550822044935786
89194e68b27ffff,88194e68b3fffff,424,424,51.50826417384505,0.058454417219855746
89194e68b2bffff,88194e68b3fffff,424,424,51.510574569734736,0.05089781668846037
89194e68b2fffff,88194e68b3fffff,424,424,51.50805807858329,0.053844323569360704
89194e68b33ffff,88194e68b3fffff,424,424,51.51350324960805,0.057172252088230686
89194e68b37ffff,88194e68b3fffff,424,424,51.510986697603215,0.0601184735881374
89194e68b3bffff,88194e68b3fffff,424,424,51.513297217001025,0.052561688803271354
89194ad1d43ffff,88194ad1d5fffff,425,425,51.422295342904285,-0.08353924993263118
89194ad1d47ffff,88194ad1d5fffff,425,425,51.41977992217549,-0.0805879573328784
89194ad1d4bffff,88194ad1d5fffff,425,425,51.42208168202302,-0.08814754249987945
89194ad1d4fffff,88194ad1d5fffff,425,425,51.41956632504471,-0.08519594127124223
89194ad1d53ffff,88194ad1d5fffff,425,425,51.42502423269187,-0.08188242431281288
89194ad1d57ffff,88194ad1d5fffff,425,425,51.4225088142232,-0.07893110597753951
89194ad1d5bffff,88194ad1d5fffff,425,425,51.42481069762215,-0.08649087693249237
89194e68e23ffff,88194e68e3fffff,426,426,51.547449592426965,0.04652530126748136
89194e68e27ffff,88194e68e3fffff,426,426,51.544933517054,0.04947401715635797
89194e68e2bffff,88194e68e3fffff,426,426,51.547243871832364,0.04191160779049271
89194e68e2fffff,88194e68e3fffff,426,426,51.544727859950974,0.04486063415495656
89194e68e33ffff,88194e68e3fffff,426,426,51.55017119632128,0.04819010330838698
89194e68e37ffff,88194e68e3fffff,426,426,51.547655123525026,0.05113884402864817
89194e68e3bffff,88194e68e3fffff,426,426,51.54996560173138,0.04357625003579873
89194e68843ffff,88194e6885fffff,427,427,51.53969563803505,0.05075768097263434
89194e68847ffff,88194e6885fffff,427,427,51.537179428061215,0.0537057015089754
89194e6884bffff,88194e6885fffff,427,427,51.539489918398615,0.0461447681513997
89194e6884fffff,88194e6885fffff,427,427,51.536973771870066,0.04909309909480772
89194e68853ffff,88194e6885fffff,427,427,51.542417375642884,0.05242239774397682
89194e68857ffff,88194e6885fffff,427,427,51.53990116822398,0.055370443071867975
89194e6885bffff,88194e6885fffff,427,427,51.54221178200841,0.047809325201831634
89194e6d243ffff,88194e6d25fffff,428,428,51.48396272063161,0.04809247999254324
89194e6d247ffff,88194e6d25fffff,428,428,51.48144601520367,0.051037809321455865
89194e6d24bffff,88194e6d25fffff,428,428,51.4837556809215,0.04348397195021847
89194e6d24fffff,88194e6d25fffff,428,428,51.48123903877431,0.046429611070800535
89194e6d253ffff,88194e6d25fffff,428,428,51.48668627412712,0.04975548354346475
89194e6d257ffff,88194e6d25fffff,428,428,51.48416957110296,0.05270083763641192
89194e6d25bffff,88194e6d25fffff,428,428,51.48647936037476,0.045146816072207704
89194adaea3ffff,88194adaebfffff,429,429,51.4488041307067,-0.1974049469479291
89194adaea7ffff,88194adaebfffff,429,429,51.44629059563763,-0.19444439162544688
89194adaeabffff,88194adaebfffff,429,429,51.448586472955874,-0.20201945859257037
89194adaeafffff,88194adaebfffff,429,429,51.44607300229779,-0.19905859479216437
89194adaeb3ffff,88194adaebfffff,429,429,51.451535131015774,-0.19575116475147852
89194adaeb7ffff,88194adaebfffff,429,429,51.44902159830203,-0.192790582780941
89194adaebbffff,88194adaebfffff,429,429,51.45131759900907,-0.20036583743222583
89195da5943ffff,88195da595fffff,430,430,51.52636451429565,-0.24014799586363964
89195da5947ffff,88195da595fffff,430,430,51.52385234571551,-0.23718045837011273
89195da594bffff,88195da595fffff,430,430,51.526146821014066,-0.24477029803360278
89195da594fffff,88195da595fffff,430,430,51.523634717309065,-0.24180245139074616
89195da5953ffff,88195da595fffff,430,430,51.52909418293566,-0.23849340564031887
89195da5957ffff,88195da595fffff,430,430,51.52658201693091,-0.2355258410915768
89195da595bffff,88195da595fffff,430,430,51.528876615424835,-0.24311586959772294
89194ad2e23ffff,88194ad2e3fffff,431,431,51.45357812332513,0.02059466445776789
89194ad2e27ffff,88194ad2e3fffff,431,431,51.45106151850412,0.023540339461351766
89194ad2e2bffff,88194ad2e3fffff,431,431,51.45336931984216,0.015987610020041423
89194ad2e2fffff,88194ad2e3fffff,431,431,51.45085277834429,0.01893359438327257
89194ad2e33ffff,88194ad2e3fffff,431,431,51.45630334006565,0.02225586900657369
89194ad2e37ffff,88194ad2e3fffff,431,431,51.453786737570546,0.025201568962055932
89194ad2e3bffff,88194ad2e3fffff,431,431,51.45609466249684,0.017648655106929458
89194e68e03ffff,88194e68e1fffff,432,432,51.555203143655866,0.042291615722030954
89194e68e07ffff,88194e68e1fffff,432,432,51.552687203041664,0.04524102722007121
89194e68e0bffff,88194e68e1fffff,432,432,51.554997422013344,0.037677141377424776
89194e68e0fffff,88194e68e1fffff,432,432,51.55248154493698,0.04062686341961585
89194e68e13ffff,88194e68e1fffff,432,432,51.557924613768506,0.04395650298769593
89194e68e17ffff,88194e68e1fffff,432,432,51.55540867575286,0.046905939356903036
89194e68e1bffff,88194e68e1fffff,432,432,51.55771901813344,0.039341868772767366
89194ad2a83ffff,88194ad2a9fffff,433,433,51.44791824983223,0.01266592324682372
89194ad2a87ffff,88194ad2a9fffff,433,433,51.44540170370339,0.015611857603141242
89194ad2a8bffff,88194ad2a9fffff,433,433,51.447709005281496,0.008059037908346124
89194ad2a8fffff,88194ad2a9fffff,433,433,51.44519252249787,0.011005281533391743
89194ad2a93ffff,88194ad2a9fffff,433,433,51.45064384895046,0.01432669940454
89194ad2a97ffff,88194ad2a9fffff,433,433,51.44812730513357,0.017272658769577707
89194ad2a9bffff,88194ad2a9fffff,433,433,51.45043473030362,0.009719654577375806
89194ad2ea3ffff,88194ad2ebfffff,434,434,51.45923679096199,0.028524431408874715
89194ad2ea7ffff,88194ad2ebfffff,434,434,51.45672012749895,0.03146984685510144
89194ad2eabffff,88194ad2ebfffff,434,434,51.459028428555385,0.023917208043244518
89194ad2eafffff,88194ad2ebfffff,434,434,51.45651182839334,0.026862932940031666
89194ad2eb3ffff,88194ad2ebfffff,434,434,51.46196162526609,0.03018606438210291
89194ad2eb7ffff,88194ad2ebfffff,434,434,51.45944496414296,0.03313150472334797
89194ad2ebbffff,88194ad2ebfffff,434,434,51.46175338878383,0.0255786815813335
89194e68863ffff,88194e6887fffff,435,435,51.5319412808641,0.05498875539535533
89194e68867ffff,88194e6887fffff,435,435,51.529424936447384,0.05793608083561344
89194e6886bffff,88194e6887fffff,435,435,51.531735562096046,0.05037662301815194
89194e6886fffff,88194e6887fffff,435,435,51.52921928107835,0.05332425879696431
89194e68873ffff,88194e6887fffff,435,435,51.53466315211731,0.05665338685237063
89194e68877ffff,88194e6887fffff,435,435,51.532146810233634,0.059600737044435276
89194e6887bffff,88194e6887fffff,435,435,51.534457559348446,0.05204109482893255
89194ada883ffff,88194ada89fffff,436,436,51.438966800315754,-0.180951605949964
89194ada887ffff,88194ada89fffff,436,436,51.4364529341886,-0.1779926992994726
89194ada88bffff,88194ada89fffff,436,436,51.43874959013555,-0.18556473621819666
89194ada88fffff,88194ada89fffff,436,436,51.43623578830473,-0.18260552113218695
89194ada893ffff,88194ada89fffff,436,436,51.44169768425199,-0.17929755645381235
89194ada897ffff,88194ada89fffff,436,436,51.43918382044993,-0.17633862329282082
89194ada89bffff,88194ada89fffff,436,436,51.44148059982112,-0.18391084758223475
89194adaec3ffff,88194adaedfffff,437,437,51.45863968738762,-0.2138662659800949
89194adaec7ffff,88194adaedfffff,437,437,51.45612648407073,-0.21090406122315886
89194adaecbffff,88194adaedfffff,437,437,51.45842158149835,-0.21848215903679982
89194adaecfffff,88194adaedfffff,437,437,51.45590844270703,-0.2155196457596758
89194adaed3ffff,88194adaedfffff,437,437,51.46137080394341,-0.21221275181013682
89194adaed7ffff,88194adaedfffff,437,437,51.45885760301209,-0.20925052026737337
89194adaedbffff,88194adaedfffff,437,437,51.46115282379301,-0.2168288060789154
89194ad2a03ffff,88194ad2a1fffff,438,438,51.44225717060933,0.004738207880679246
89194ad2a07ffff,88194ad2a1fffff,438,438,51.43974068322272,0.0076844013852377146
89194ad2a0bffff,88194ad2a1fffff,438,438,51.442047484999456,0.00013149181265004152
89194ad2a0fffff,88194ad2a1fffff,438,438,51.43953106098026,0.00307799449494002
89194ad2a13ffff,88194ad2a1fffff,438,438,51.44498315204655,0.006398555680638361
89194ad2a17ffff,88194ad2a1fffff,438,438,51.442466666957905,0.009344774250695924
89194ad2a1bffff,88194ad2a1fffff,438,438,51.44477359233036,0.001791680097173651
89194ad1a83ffff,88194ad1a9fffff,439,439,51.42288034839711,-0.12797363086856275
89194ad1a87ffff,88194ad1a9fffff,439,439,51.420365568455146,-0.12501922678088956
89194ad1a8bffff,88194ad1a9fffff,439,439,51.4226649166254,-0.13258356705008087
89194ad1a8fffff,88194ad1a9fffff,439,439,51.420150200660544,-0.1296288544966192
89194ad1a93ffff,88194ad1a9fffff,439,439,51.42561036808508,-0.126318272977083
89194ad1a97ffff,88194ad1a9fffff,439,439,51.423095590413496,-0.1233638428069617
89194ad1a9bffff,88194ad1a9fffff,439,439,51.42539506209121,-0.13092836954018972
89194ad0e43ffff,88194ad0e5fffff,440,440,51.423785662388894,-0.05128536603733893
89194ad0e47ffff,88194ad0e5fffff,440,440,51.42126979604028,-0.04833623439354322
89194ad0e4bffff,88194ad0e5fffff,440,440,51.42357332804596,-0.0558926172189682
89194ad0e4fffff,88194ad0e5fffff,440,440,51.42105752528942,-0.05294317680796617
89194ad0e53ffff,88194ad0e5fffff,440,440,51.42651367139286,-0.04962742096403462
89194ad0e57ffff,88194ad0e5fffff,440,440,51.42399780730221,-0.046678263834619774
89194ad0e5bffff,88194ad0e5fffff,440,440,51.42630146288715,-0.05423483196966812
89194ada6c3ffff,88194ada6dfffff,441,441,51.51293237756379,-0.24379758076286157
89194ada6c7ffff,88194ada6dfffff,441,441,51.51042013136201,-0.24083048769072257
89194ada6cbffff,88194ada6dfffff,441,441,51.51271424610693,-0.24841892681100966
89194ada6cfffff,88194ada6dfffff,441,441,51.51020206475575,-0.2454515247491294
89194ada6d3ffff,88194ada6dfffff,441,441,51.51566256207424,-0.2421435021454773
89194ada6d7ffff,88194ada6dfffff,441,441,51.51315031841217,-0.2391763820022776
89194ada6dbffff,88194ada6dfffff,441,441,51.515444556374895,-0.24676500993180292
89194ad1ac3ffff,88194ad1adfffff,442,442,51.42496388075065,-0.14014900691368248
89194ad1ac7ffff,88194ad1adfffff,442,442,51.422449295079396,-0.13719365129895283
89194ad1acbffff,88194ad1adfffff,442,442,51.42474800536611,-0.14475954761893325
89194ad1acfffff,88194ad1adfffff,442,442,51.422233483740165,-0.1418038835625612
89194ad1ad3ffff,88194ad1adfffff,442,442,51.427694149712124,-0.13849399599729384
89194ad1ad7ffff,88194ad1adfffff,442,442,51.42517956631938,-0.13553861420328311
89194ad1adbffff,88194ad1adfffff,442,442,51.4274784000977,-0.14310469718507657
89194ad2c43ffff,88194ad2c5fffff,443,443,51.464894252616894,0.036455223995403394
89194ad2c47ffff,88194ad2c5fffff,443,443,51.46237753056192,0.03940037967965133
89194ad2c4bffff,88194ad2c5fffff,443,443,51.46468633129516,0.031847831873237746
89194ad2c4fffff,88194ad2c5fffff,443,443,51.46216967251908,0.034793297098958335
89194ad2c53ffff,88194ad2c5fffff,443,443,51.4676187044259,0.0381172854263057
89194ad2c57ffff,88194ad2c5fffff,443,443,51.46510198472484,0.04106246594870519
89194ad2c5bffff,88194ad2c5fffff,443,443,51.46741090903881,0.033509733895809565
89194e68ec3ffff,88194e68edfffff,444,444,51.56295629133769,0.03805662377808818
89194e68ec7ffff,88194e68edfffff,444,444,51.560440485640264,0.041006731141942324
89194e68ecbffff,88194e68edfffff,444,444,51.56275056855741,0.03344136835402373
89194e68ecfffff,88194e68edfffff,444,444,51.56023482644405,0.036391786330620235
89194e68ed3ffff,88194e68edfffff,444,444,51.56567762760055,0.039721596223648445
89194e68ed7ffff,88194e68edfffff,444,444,51.563161824523405,0.0426717284985887
89194e68edbffff,88194e68edfffff,444,444,51.56547203083049,0.03510618085446931
89194ad1843ffff,88194ad185fffff,445,445,51.420795734865074,-0.11580041582144314
89194ad1847ffff,88194ad185fffff,445,445,51.41828076086512,-0.1128469632362951
89194ad184bffff,88194ad185fffff,445,445,51.420580746517,-0.12040974720497258
89194ad184fffff,88194ad185fffff,445,445,51.41806583642597,-0.11745598612998226
89194ad1853ffff,88194ad185fffff,445,445,51.42352550525587,-0.11414471125356779
89194ad1857ffff,88194ad185fffff,445,445,51.42101053351825,-0.11119123268279602
89194ad185bffff,88194ad185fffff,445,445,51.42331064269345,-0.1187542029178068
89194e68b83ffff,88194e68b9fffff,446,446,51.5241865212982,0.05921852509326728
89194e68b87ffff,88194e68b9fffff,446,446,51.521670042596455,0.062165155693832005
89194e68b8bffff,88194e68b9fffff,446,446,51.52398080330883,0.054607172948446824
89194e68b8fffff,88194e68b9fffff,446,446,51.521464387959924,0.05755411381899431
89194e68b93ffff,88194e68b9fffff,446,446,51.52690852612859,0.06088307119128738
89194e68b97ffff,88194e68b9fffff,446,446,51.52439204993806,0.06382972650391394
89194e68b9bffff,88194e68b9fffff,446,446,51.526702934135635,0.056271559474807956
89194adad23ffff,88194adad3fffff,447,447,51.42704633133472,-0.1523265434324233
89194adad27ffff,88194adad3fffff,447,447,51.424531940146885,-0.1493702362663583
89194adad2bffff,88194adad3fffff,447,447,51.42683001214834,-0.15693768838678715
89194adad2fffff,88194adad3fffff,447,447,51.424315685074106,-0.1539810728034253
89194adad33ffff,88194adad3fffff,447,447,51.42977684954596,-0.15067187978983057
89194adad37ffff,88194adad3fffff,447,447,51.42726246064488,-0.14771554634766867
89194adad3bffff,88194adad3fffff,447,447,51.42956065612191,-0.1552831853277031
89194ad0e83ffff,88194ad0e9fffff,448,448,51.427360611272974,-0.031199267580325263
89194ad0e87ffff,88194ad0e9fffff,448,448,51.42484449303928,-0.028251345859516497
89194ad0e8bffff,88194ad0e9fffff,448,448,51.427149160386364,-0.03580608222573271
89194ad0e8fffff,88194ad0e9fffff,448,448,51.42463310565447,-0.03285785162328283
89194ad0e93ffff,88194ad0e9fffff,448,448,51.43008798877214,-0.02954054920894682
89194ad0e97ffff,88194ad0e9fffff,448,448,51.427571872802346,-0.02659260215579788
89194ad0e9bffff,88194ad0e9fffff,448,448,51.42987666374068,-0.034147523550811014
89194ad1d03ffff,88194ad1d1fffff,449,449,51.42020654783681,-0.07137243540448446
89194ad1d07ffff,88194ad1d1fffff,449,449,51.41769093374027,-0.06842209444905785
89194ad1d0bffff,88194ad1d1fffff,449,449,51.41999332976654,-0.07598012202650384
89194ad1d0fffff,88194ad1d1fffff,449,449,51.417477779352296,-0.07302947241852831
89194ad1d13ffff,88194ad1d1fffff,449,449,51.42293518824981,-0.06971526411356316
89194ad1d17ffff,88194ad1d1fffff,449,449,51.420419576405266,-0.0667648975192288
89194ad1d1bffff,88194ad1d1fffff,449,449,51.422722095998694,-0.07432311068703192
89194e6d643ffff,88194e6d65fffff,450,450,51.503024898919215,0.059736332821379634
89194e6d647ffff,88194e6d65fffff,450,450,51.5005082104673,0.0626818352754773
89194e6d64bffff,88194e6d65fffff,450,450,51.502818740982505,0.05512670871453452
89194e6d64fffff,88194e6d65fffff,450,450,51.500302115813206,0.0580725212105864
89194e6d653ffff,88194e6d65fffff,450,450,51.50574755359058,0.06140027915623412
89194e6d657ffff,88194e6d65fffff,450,450,51.50323086759228,0.06434580630001546
89194e6d65bffff,88194e6d65fffff,450,450,51.50554152163468,0.05679049559983597
89194ad2a63ffff,88194ad2a7fffff,451,451,51.436594885782675,-0.0031884815362597883
89194ad2a67ffff,88194ad2a7fffff,451,451,51.43407845718848,-0.00024202908801098877
89194ad2a6bffff,88194ad2a7fffff,451,451,51.43638475912247,-0.007795028162766331
89194ad2a6fffff,88194ad2a7fffff,451,451,51.43386839391768,-0.0048482666277018275
89194ad2a73ffff,88194ad2a7fffff,451,451,51.439321249480116,-0.0015285620606596887
89194ad2a77ffff,88194ad2a7fffff,451,451,51.4368048231698,0.0014179155099007341
89194ad2a7bffff,88194ad2a7fffff,451,451,51.439111248703256,-0.0061352682292848
89194e6d2c3ffff,88194e6d2dfffff,452,452,51.489616297795884,0.05602729817629053
89194e6d2c7ffff,88194e6d2dfffff,452,452,51.487099533924045,0.05897236714003974
89194e6d2cbffff,88194e6d2dfffff,452,452,51.48940969925042,0.05141862173714068
89194e6d2cfffff,88194e6d2dfffff,452,452,51.48689299863719,0.05436400058349984
89194e6d2d3ffff,88194e6d2dfffff,452,452,51.49233946856865,0.05769073042832798
89194e6d2d7ffff,88194e6d2dfffff,452,452,51.48982270711458,0.06063582409910735
89194e6d2dbffff,88194e6d2dfffff,452,452,51.492132995991106,0.05308189458717078
89194ad2cc3ffff,88194ad2cdfffff,453,453,51.470550508164074,0.044387042112402186
89194ad2cc7ffff,88194ad2cdfffff,453,453,51.4680337275673,0.04733193782998531
89194ad2ccbffff,88194ad2cdfffff,453,453,51.47034302793577,0.039779481405118056
89194ad2ccfffff,88194ad2cdfffff,453,453,51.46782631059571,0.04272468675510034
89194ad2cd3ffff,88194ad2cdfffff,453,453,51.473274577419474,0.04604953203416963
89194ad2cd7ffff,88194ad2cdfffff,453,453,51.47075779919059,0.0489944525329844
89194ad2cdbffff,88194ad2cdfffff,453,453,51.47306722313595,0.04144181194543464
89194ad1803ffff,88194ad181fffff,454,454,51.418710040745545,-0.10362936229577328
89194ad1807ffff,88194ad181fffff,454,454,51.41619487290038,-0.10067686118837732
89194ad180bffff,88194ad181fffff,454,454,51.418495495632015,-0.10823808860741718
89194ad180fffff,88194ad181fffff,454,454,51.41598039162754,-0.10528527898620678
89194ad1813ffff,88194ad181fffff,454,454,51.42143956181557,-0.10197331135011688
89194ad1817ffff,88194ad181fffff,454,454,51.41892439622464,-0.09902078435386674
89194ad181bffff,88194ad181fffff,454,454,51.42122514249543,-0.10658219784151257
89194adad63ffff,88194adad7fffff,455,455,51.42912769955835,-0.1645062398993848
89194adad67ffff,88194adad7fffff,455,455,51.42661350306685,-0.16154898115811175
89194adad6bffff,88194adad7fffff,455,455,51.42891093638107,-0.16911798882791856
89194adad6fffff,88194adad7fffff,455,455,51.42639680407138,-0.16616042169375572
89194adad73ffff,88194adad7fffff,455,455,51.43185846699565,-0.16285192382941455
89194adad77ffff,88194adad7fffff,455,455,51.429344272799,-0.15989463871509219
89194adad7bffff,88194adad7fffff,455,455,51.43164182957285,-0.1674638334423957
89194ada3c3ffff,88194ada3dfffff,456,456,51.47623023537684,-0.23461109115331605
89194ada3c7ffff,88194ada3dfffff,456,456,51.473717501080635,-0.23164653813999073
89194ada3cbffff,88194ada3dfffff,456,456,51.47601167716441,-0.23922914428768574
89194ada3cfffff,88194ada3dfffff,456,456,51.47349900755479,-0.23626428264507496
89194ada3d3ffff,88194ada3dfffff,456,456,51.47896133502439,-0.23295776519867872
89194ada3d7ffff,88194ada3dfffff,456,456,51.476448603166,-0.22999318522081277
89194ada3dbffff,88194ada3dfffff,456,456,51.47874290254821,-0.23757597979635958
89194ada8c3ffff,88194ada8dfffff,457,457,51.44104586073458,-0.19313787255938797
89194ada8c7ffff,88194ada8dfffff,457,457,51.43853218989046,-0.1901780140448488
89194ada8cbffff,88194ada8dfffff,457,457,51.440828206041196,-0.1977516063026111
89194ada8cfffff,88194ada8dfffff,457,457,51.438314599561636,-0.1947914393772214
89194ada8d3ffff,88194ada8dfffff,457,457,51.44377699383245,-0.19148417142374116
89194ada8d7ffff,88194ada8dfffff,457,457,51.441263325321636,-0.18852428630169443
89194ada8dbffff,88194ada8dfffff,457,457,51.443559464880494,-0.19609806612812608
89194ada283ffff,88194ada29fffff,458,458,51.491742552437195,-0.24316608971467632
89194ada287ffff,88194ada29fffff,458,458,51.48923009176611,-0.2402001398127507
89194ada28bffff,88194ada29fffff,458,458,51.49152398672077,-0.24778570073880857
89194ada28fffff,88194ada29fffff,458,458,51.48901159082924,-0.24481944207360778
89194ada293ffff,88194ada29fffff,458,458,51.49447338582125,-0.24151260282416728
89194ada297ffff,88194ada29fffff,458,458,51.49196092763207,-0.23854662587613806
89194ada29bffff,88194ada29fffff,458,458,51.49425494584646,-0.2461323754619544
89195da5823ffff,88195da583fffff,459,459,51.534118312539384,-0.2444295435775341
89195da5827ffff,88195da583fffff,459,459,51.53160628148198,-0.24146130645523373
89195da582bffff,88195da583fffff,459,459,51.533900615208246,-0.24905262595234712
89195da582fffff,88195da583fffff,459,459,51.53138864907254,-0.24608407961353873
89195da5833ffff,88195da583fffff,459,459,51.53684784763514,-0.24277487281090873
89195da5837ffff,88195da583fffff,459,459,51.534335819175084,-0.2398066085924858
89195da583bffff,88195da583fffff,459,459,51.53663027607734,-0.24739811704846623
89194adae03ffff,88194adae1fffff,460,460,51.45088196444279,-0.20959562511346752
89194adae07ffff,88194adae1fffff,460,460,51.44836862503081,-0.20663411766216477
89194adae0bffff,88194adae1fffff,460,460,51.450663861845364,-0.21421074000828091
89194adae0fffff,88194adae1fffff,460,460,51.44815058691257,-0.2112489241038449
89194adae13ffff,88194adae1fffff,460,460,51.45361321387281,-0.2079421917669804
89194adae17ffff,88194adae1fffff,460,460,51.451099876824394,-0.2049806575704915
89194adae1bffff,88194adae1fffff,460,460,51.45339523701169,-0.21255746779892332
89194e68ba3ffff,88194e68bbfffff,461,461,51.51643135972143,0.06344699062369456
89194e68ba7ffff,88194e68bbfffff,461,461,51.5139147468926,0.06639292664082602
89194e68babffff,88194e68bbfffff,461,461,51.51622564242105,0.05883641849958595
89194e68bafffff,88194e68bbfffff,461,461,51.51370909289883,0.06178266471820272
89194e68bb3ffff,88194e68bbfffff,461,461,51.5191534980607,0.06511145131811151
89194e68bb7ffff,88194e68bbfffff,461,461,51.51663688772124,0.0680574120076101
89194e68bbbffff,88194e68bbfffff,461,461,51.51894790675399,0.060500719696896285
89195da5ba3ffff,88195da5bbfffff,462,462,51.52068684717361,-0.2480787508404643
89195da5ba7ffff,88195da5bbfffff,462,462,51.51817473833823,-0.24511095841115305
89195da5babffff,88195da5bbfffff,462,462,51.52046871170315,-0.25270087672499547
89195da5bafffff,88195da5bbfffff,462,462,51.51795666776488,-0.24973277523880766
89195da5bb3ffff,88195da5bbfffff,462,462,51.52341689826018,-0.24642459177663598
89195da5bb7ffff,88195da5bbfffff,462,462,51.520904791986474,-0.2434567722353833
89195da5bbbffff,88195da5bbfffff,462,462,51.52319888854986,-0.251046879474609
89194ada303ffff,88194ada31fffff,463,463,51.4684734670138,-0.23033556613104963
89194ada307ffff,88194ada31fffff,463,463,51.46596059614341,-0.22737171117744184
89194ada30bffff,88194ada31fffff,463,463,51.46825491241799,-0.23495284063428798
89194ada30fffff,88194ada31fffff,463,463,51.4657421061878,-0.23198867711844176
89194ada313ffff,88194ada31fffff,463,463,51.47120469968995,-0.22868232071514605
89194ada317ffff,88194ada31fffff,463,463,51.468691831235375,-0.2257184388377421
89194ada31bffff,88194ada31fffff,463,463,51.47098627082779,-0.23329975660658958
89194ad0cc3ffff,88194ad0cdfffff,464,464,51.4309313954787,-0.011114144899762805
89194ad0cc7ffff,88194ad0cdfffff,464,464,51.42841502572697,-0.00816743371227402
89194ad0ccbffff,88194ad0cdfffff,464,464,51.430720827776895,-0.015720521913700745
89194ad0ccfffff,88194ad0cdfffff,464,464,51.42820452143669,-0.012773501730363903
89194ad0cd3ffff,88194ad0cdfffff,464,464,51.433658141377435,-0.009454653715057798
89194ad0cd7ffff,88194ad0cdfffff,464,464,51.43114177389561,-0.006507917348528584
89194ad0cdbffff,88194ad0cdfffff,464,464,51.43344769954872,-0.014061190297808054
89194ada663ffff,88194ada67fffff,465,465,51.49949810036118,-0.24744556437404344
89194ada667ffff,88194ada67fffff,465,465,51.496985776741106,-0.24447891564305124
89194ada66bffff,88194ada67fffff,465,465,51.49927953075747,-0.2520659546569809
89194ada66fffff,88194ada67fffff,465,465,51.496767271963385,-0.24909899709567343
89194ada673ffff,88194ada67fffff,465,465,51.50222880051047,-0.2457919970864474
89194ada677ffff,88194ada67fffff,465,465,51.4997164793943,-0.24282532126853276
89194ada67bffff,88194ada67fffff,465,465,51.502010356650985,-0.25041254905825683
89194e6d263ffff,88194e6d27fffff,466,466,51.47620555747799,0.05231988565471357
89194e6d267ffff,88194e6d27fffff,466,466,51.473688718389546,0.05526452120087637
89194e6d26bffff,88194e6d27fffff,466,466,51.475998518351524,0.04771215653388364
89194e6d26fffff,88194e6d27fffff,466,466,51.47348174249764,0.050657101803376244
89194e6d273ffff,88194e6d27fffff,466,466,51.47892924412125,0.05398280410049167
89194e6d277ffff,88194e6d27fffff,466,466,51.4764124074147,0.0569274643709897
89194e6d27bffff,88194e6d27fffff,466,466,51.47872233094973,0.0493749156251462
89194ada8a3ffff,88194ada8bfffff,467,467,51.43120798483065,-0.17668809578820577
89194ada8a7ffff,88194ada8bfffff,467,467,51.42869398324833,-0.17372988544809465
89194ada8abffff,88194ada8bfffff,467,467,51.43099077747353,-0.18130044841569973
89194ada8afffff,88194ada8bfffff,467,467,51.42847684014119,-0.17834192970715712
89194ada8b3ffff,88194ada8bfffff,467,467,51.43393900147012,-0.17503412758968825
89194ada8b7ffff,88194ada8bfffff,467,467,51.431425002190814,-0.17207589077955152
89194ada8bbffff,88194ada8bfffff,467,467,51.43372191985962,-0.17964664100255048
89194ad0e03ffff,88194ad0e1fffff,468,468,51.42169376934011,-0.039122796612914366
89194ad0e07ffff,88194ad0e1fffff,468,468,51.4191777101012,-0.036174616777917584
89194ad0e0bffff,88194ad0e1fffff,468,468,51.42148187738417,-0.043729440977743436
89194ad0e0fffff,88194ad0e1fffff,468,468,51.41896588166914,-0.040780952352193436
89194ad0e13ffff,88194ad0e1fffff,468,468,51.42442152891602,-0.03746450657526423
89194ad0e17ffff,88194ad0e1fffff,468,468,51.421905471927055,-0.03451630135130835
89194ad0e1bffff,88194ad0e1fffff,468,468,51.424209762804956,-0.04207131066316373
89194e688c3ffff,88194e688dfffff,469,469,51.545344262857924,0.058700330900494244
89194e688c7ffff,88194e688dfffff,469,469,51.54282799457786,0.06164809051105348
89194e688cbffff,88194e688dfffff,469,469,51.545138984683284,0.054087249422353045
89194e688cfffff,88194e688dfffff,469,469,51.54262277982633,0.05703531953116572
89194e688d3ffff,88194e688dfffff,469,469,51.548065617308396,0.060365477193431716
89194e688d7ffff,88194e688dfffff,469,469,51.54554935159715,0.06331326153838875
89194e688dbffff,88194e688dfffff,469,469,51.547860465145774,0.05575223602142255
89194ada323ffff,88194ada33fffff,470,470,51.46071629261102,-0.22606135653469533
89194ada327ffff,88194ada33fffff,470,470,51.4582032853254,-0.22309819938459904
89194ada32bffff,88194ada33fffff,470,470,51.4604977415417,-0.23067785261590426
89194ada32fffff,88194ada33fffff,470,470,51.45798479884991,-0.22771438697061558
89194ada333ffff,88194ada33fffff,470,470,51.463447658247,-0.2244081917045658
89194ada337ffff,88194ada33fffff,470,470,51.460934653355174,-0.2214450076713879
89194ada33bffff,88194ada33fffff,470,470,51.463229232908645,-0.2290248490989329
89194e6d663ffff,88194e6d67fffff,471,471,51.49526866831762,0.06396314201732045
89194e6d667ffff,88194e6d67fffff,471,471,51.49275184605199,0.06690795041097805
89194e6d66bffff,88194e6d67fffff,471,471,51.49506251094512,0.05935429735315987
89194e6d66fffff,88194e6d67fffff,471,471,51.49254575191592,0.062299415720356695
89194e6d673ffff,88194e6d67fffff,471,471,51.49799145630926,0.06562700300358607
89194e6d677ffff,88194e6d67fffff,471,471,51.495474636475365,0.06857183604728788
89194e6d67bffff,88194e6d67fffff,471,471,51.49778542491478,0.06101799896438346
89194e68ea3ffff,88194e68ebfffff,472,472,51.55309795070192,0.05446890258062854
89194e68ea7ffff,88194e68ebfffff,472,472,51.55058181702009,0.05741735755471069
89194e68eabffff,88194e68ebfffff,472,472,51.5528926716236,0.049855040291206805
89194e68eafffff,88194e68ebfffff,472,472,51.55037660141116,0.052803805832176025
89194e68eb3ffff,88194e68ebfffff,472,472,51.55581917138702,0.05613413428756874
89194e68eb7ffff,88194e68ebfffff,472,472,51.55330304029577,0.05908261403586909
89194e68ebbffff,88194e68ebfffff,472,472,51.55561401832349,0.05152011222959539
89194e68803ffff,88194e6881fffff,473,473,51.537590172188374,0.06293045406031735
89194e68807ffff,88194e6881fffff,473,473,51.53507376946799,0.06587751856384247
89194e6880bffff,88194e6881fffff,473,473,51.53738489482761,0.058318153181599566
89194e6880fffff,88194e6881fffff,473,473,51.534868555484096,0.061265528114803285
89194e68813ffff,88194e6881fffff,473,473,51.54031166033601,0.06459551489460658
89194e68817ffff,88194e6881fffff,473,473,51.53779526016267,0.06754260409274379
89194e6881bffff,88194e6881fffff,473,473,51.54010650898461,0.05998305439661976
89194ada643ffff,88194ada65fffff,474,474,51.50725324069895,-0.2517263566998285
89194ada647ffff,88194ada65fffff,474,474,51.50474105428883,-0.2487590088831345
89194ada64bffff,88194ada65fffff,474,474,51.5070346671176,-0.2563475264509183
89194ada64fffff,88194ada65fffff,474,474,51.50452254557994,-0.25337986973681687
89194ada653ffff,88194ada65fffff,474,474,51.509983807544806,-0.25007270906249257
89194ada657ffff,88194ada65fffff,474,474,51.50747162366063,-0.24710533411800695
89194ada65bffff,88194ada65fffff,474,474,51.509765359710265,-0.25469404057768946
89194e6d6c3ffff,88194e6d6dfffff,475,475,51.5086757965179,0.06767415254369365
89194e6d6c7ffff,88194e6d6dfffff,475,475,51.5061590497199,0.07061939423352763
89194e6d6cbffff,88194e6d6dfffff,475,475,51.508470079816895,0.06306436022871566
89194e6d6cfffff,88194e6d6dfffff,475,475,51.50595339627928,0.06600991205156043
89194e6d6d3ffff,88194e6d6dfffff,475,475,51.511398068297765,0.06933852778993396
89194e6d6d7ffff,88194e6d6dfffff,475,475,51.508881323967344,0.07228379411244445
89194e6d6dbffff,88194e6d6dfffff,475,475,51.511192477587684,0.06472857605241918
89194adae23ffff,88194adae3fffff,476,476,51.44312383657067,-0.20532629788006362
89194adae27ffff,88194adae3fffff,476,476,51.44061036122254,-0.20236548747854347
89194adae2bffff,88194adae3fffff,476,476,51.44290573717512,-0.20994063482209993
89194adae2fffff,88194adae3fffff,476,476,51.44039232625976,-0.20697951603445897
89194adae33ffff,88194adae3fffff,476,476,51.44585521880624,-0.20367294540398653
89194adae37ffff,88194adae3fffff,476,476,51.44334174579951,-0.2007121082978199
89194adae3bffff,88194adae3fffff,476,476,51.44563724514421,-0.20828744340815933
89194ad0c43ffff,88194ad0c5fffff,477,477,51.42526669982396,-0.019038782105784597
89194ad0c47ffff,88194ad0c5fffff,477,477,51.42275038896478,-0.016091812383467057
89194ad0c4bffff,88194ad0c5fffff,477,477,51.425055691089455,-0.023644989336233282
89194ad0c4fffff,88194ad0c5fffff,477,477,51.422539443663865,-0.02069771070904633
89194ad0c53ffff,88194ad0c5fffff,477,477,51.42799382786517,-0.01737971917850624
89194ad0c57ffff,88194ad0c5fffff,477,477,51.4254775192619,-0.014432724220447071
89194ad0c5bffff,88194ad0c5fffff,477,477,51.427782944993396,-0.021986086004425753
89194ad2843ffff,88194ad285fffff,478,478,51.445819498453154,0.024824560184822417
89194ad2847ffff,88194ad285fffff,478,478,51.44330276012056,0.027769541705816813
89194ad284bffff,88194ad285fffff,478,478,51.44561069568213,0.020218283837699764
89194ad284fffff,88194ad285fffff,478,478,51.443094020626525,0.023163574650246863
89194ad2853ffff,88194ad285fffff,478,478,51.448544848064145,0.026485680159039356
89194ad2857ffff,88194ad285fffff,478,478,51.44602811203555,0.029430686592201397
89194ad285bffff,88194ad285fffff,478,478,51.448336171204495,0.021879244424429168
89194e68e83ffff,88194e68e9fffff,479,479,51.56085123533636,0.05023616854279336
89194e68e87ffff,88194e68e9fffff,479,479,51.55833523641067,0.05318531913705773
89194e68e8bffff,88194e68e9fffff,479,479,51.560645955264576,0.04562152523018006
89194e68e8fffff,88194e68e9fffff,479,479,51.55813001985454,0.048570986459931714
89194e68e93ffff,88194e68e9fffff,479,479,51.563572322188,0.05190148561898973
89194e68e97ffff,88194e68e9fffff,479,479,51.561056325874695,0.05485066102732231
89194e68e9bffff,88194e68e9fffff,479,479,51.563367168133794,0.0472866824630563
89194ad28c3ffff,88194ad28dfffff,480,480,51.45147843119822,0.03275337970648124
89194ad28c7ffff,88194ad28dfffff,480,480,51.448961634225846,0.03569810165882566
89194ad28cbffff,88194ad28dfffff,480,480,51.45127006944909,0.02814693458648785
89194ad28cfffff,88194ad28dfffff,480,480,51.4487533357316,0.03109196592125154
89194ad28d3ffff,88194ad28dfffff,480,480,51.45420339842506,0.03441492796138783
89194ad28d7ffff,88194ad28dfffff,480,480,51.45168660377063,0.03735967476908989
89194ad28dbffff,88194ad28dfffff,480,480,51.45399516259753,0.029808323480639293
89194e6d203ffff,88194e6d21fffff,481,481,51.481859400433294,0.06025375451693845
89194e6d207ffff,88194e6d21fffff,481,481,51.479342502903314,0.06319812968695297
89194e6d20bffff,88194e6d21fffff,481,481,51.48165280241698,0.05564585715425029
89194e6d20fffff,88194e6d21fffff,481,481,51.4791359680994,0.05859054213850381
89194e6d213ffff,88194e6d21fffff,481,481,51.48458270440592,0.06191710151985277
89194e6d217ffff,88194e6d21fffff,481,481,51.48206580927181,0.0648615013572581
89194e6d21bffff,88194e6d21fffff,481,481,51.48437623235469,0.05730904482960944
89194e68823ffff,88194e6883fffff,482,482,51.529835679077145,0.0671592726177922
89194e68827ffff,88194e6883fffff,482,482,51.52731914207433,0.07010564227073449
89194e6882bffff,88194e6883fffff,482,482,51.529630402440546,0.06254775212670499
89194e6882fffff,88194e6883fffff,482,482,51.52711392876841,0.0654944321407178
89194e68833ffff,88194e6883fffff,482,482,51.532557300853846,0.06882424794875079
89194e68837ffff,88194e6883fffff,482,482,51.53004076637624,0.07177064225660015
89194e6883bffff,88194e6883fffff,482,482,51.53235215022384,0.06421256791300067
89195da5b83ffff,88195da5b9fffff,483,483,51.52844090837734,-0.2523612395918373
89195da5b87ffff,88195da5b9fffff,483,483,51.52592893706728,-0.24939274754836788
89195da5b8bffff,88195da5b9fffff,483,483,51.52822276880295,-0.2569841455222907
89195da5b8fffff,88195da5b9fffff,483,483,51.52571086243647,-0.2540153443548235
89195da5b93ffff,88195da5b9fffff,483,483,51.531170825971394,-0.25070700012887565
89195da5b97ffff,88195da5b9fffff,483,483,51.52865885724501,-0.24773848093258508
89195da5b9bffff,88195da5b9fffff,483,483,51.53095281215978,-0.2553300679481611
89194ad2aa3ffff,88194ad2abfffff,484,484,51.44015936001094,0.01689676596092953
89194ad2aa7ffff,88194ad2abfffff,484,484,51.437642680368334,0.01984200684602993
89194ad2aabffff,88194ad2abfffff,484,484,51.43995011622663,0.012290658557960205
89194ad2aafffff,88194ad2abfffff,484,484,51.437433499883085,0.015236208643761096
89194ad2ab3ffff,88194ad2abfffff,484,484,51.44288509194743,0.01855745768772687
89194ad2ab7ffff,88194ad2abfffff,484,484,51.44036841459478,0.021502723541813016
89194ad2abbffff,88194ad2abfffff,484,484,51.44267597406425,0.013951190870486078
89194ad2c63ffff,88194ad2c7fffff,485,485,51.457136158120235,0.04068322442112767
89194ad2c67ffff,88194ad2c7fffff,485,485,51.454619302558186,0.043627686600310606
89194ad2c6bffff,88194ad2c7fffff,485,485,51.45692823740155,0.03607661069952838
89194ad2c6fffff,88194ad2c7fffff,485,485,51.45441144507226,0.039021382352001324
89194ad2c73ffff,88194ad2c7fffff,485,485,51.45986074290421,0.04234520098993831
89194ad2c77ffff,88194ad2c7fffff,485,485,51.457343889674135,0.04528968796759544
89194ad2c7bffff,88194ad2c7fffff,485,485,51.45965294811732,0.03773842793447908
89194ad1a03ffff,88194ad1a1fffff,486,486,51.4172042415684,-0.13589355930247354
89194ad1a07ffff,88194ad1a1fffff,486,486,51.4146895210834,-0.13293889901658343
89194ad1a0bffff,88194ad1a1fffff,486,486,51.416988368484226,-0.14050332273240052
89194ad1a0fffff,88194ad1a1fffff,486,486,51.414473711998326,-0.13754835407217614
89194ad1a13ffff,88194ad1a1fffff,486,486,51.41993464311426,-0.13423863029964467
89194ad1a17ffff,88194ad1a1fffff,486,486,51.417419924885785,-0.13128394387476316
89194ad1a1bffff,88194ad1a1fffff,486,486,51.41971889579746,-0.138848554137446
89194ada803ffff,88194ada81fffff,487,487,51.43328718656083,-0.18887211057163594
89194ada807ffff,88194ada81fffff,487,487,51.4307733801005,-0.1859129486093045
89194ada80bffff,88194ada81fffff,487,487,51.43306953483484,-0.1934850666224288
89194ada80fffff,88194ada81fffff,487,487,51.43055579269277,-0.19052559631632413
89194ada813ffff,88194ada81fffff,487,487,51.436018452378626,-0.1872184905434767
89194ada817ffff,88194ada81fffff,487,487,51.43350464822948,-0.18425930201409405
89194ada81bffff,88194ada81fffff,487,487,51.43580092639136,-0.19183160748057163
89194ad1aa3ffff,88194ad1abfffff,488,488,51.41512057003991,-0.12372043302436966
89194ad1aa7ffff,88194ad1abfffff,488,488,51.41260565544499,-0.12076672402334744
89194ad1aabffff,88194ad1abfffff,488,488,51.41490514042429,-0.1283295919831217
89194ad1aafffff,88194ad1abfffff,488,488,51.41239028976029,-0.12537557458367954
89194ad1ab3ffff,88194ad1abfffff,488,488,51.41785072229564,-0.12206515723595343
89194ad1ab7ffff,88194ad1abfffff,488,488,51.41533580994912,-0.11911142219279577
89194ad1abbffff,88194ad1abfffff,488,488,51.417635418455234,-0.12667447650173627
89194ad1a43ffff,88194ad1a5fffff,489,489,51.41928683177665,-0.1480688457070747
89194ad1a47ffff,88194ad1a5fffff,489,489,51.416772305614316,-0.14511323411193075
89194ad1a4bffff,88194ad1a5fffff,489,489,51.41907051503488,-0.15267921333379444
89194ad1a4fffff,88194ad1a5fffff,489,489,51.41655605293982,-0.14972329338853474
89194ad1a53ffff,88194ad1a5fffff,489,489,51.42201748258893,-0.1464142637883875
89194ad1a57ffff,88194ad1a5fffff,489,489,51.419502958691226,-0.14345862595744857
89194ad1a5bffff,88194ad1a5fffff,489,489,51.42180129160675,-0.15102479192390467
89194adae43ffff,88194adae5fffff,490,490,51.45295871255526,-0.22178846180479606
89194adae47ffff,88194adae5fffff,490,490,51.450445569013354,-0.2188260022021329
89194adae4bffff,88194adae5fffff,490,490,51.45274016492227,-0.2264041796730366
89194adae4fffff,88194adae5fffff,490,490,51.45022708592784,-0.22344141164219006
89194adae53ffff,88194adae5fffff,490,490,51.45569021108227,-0.22013537760755253
89194adae57ffff,88194adae5fffff,490,490,51.453177069912094,-0.21717289116247696
89194adae5bffff,88194adae5fffff,490,490,51.45547178917759,-0.2247512567139225
89195da5b23ffff,88195da5b3fffff,491,491,51.51500797306395,-0.2560084672529455
89195da5b27ffff,88195da5b3fffff,491,491,51.51249592402274,-0.2530404200937507
89195da5b2bffff,88195da5b3fffff,491,491,51.51478939541457,-0.2606304166815139
89195da5b2fffff,88195da5b3fffff,491,491,51.51227741129234,-0.25766206055788515
89195da5b33ffff,88195da5b3fffff,491,491,51.517738406537696,-0.2543547393132008
89195da5b37ffff,88195da5b3fffff,491,491,51.51522636004441,-0.25138666498533574
89195da5b3bffff,88195da5b3fffff,491,491,51.517519954637855,-0.25897685058126346
89194ad2a23ffff,88194ad2a3fffff,492,492,51.43449801599778,0.008969997139441582
89194ad2a27ffff,88194ad2a3fffff,492,492,51.43198139509521,0.011915497184219408
89194ad2a2bffff,88194ad2a3fffff,492,492,51.434288331208805,0.004364058851798298
89194ad2a2fffff,88194ad2a3fffff,492,492,51.43177177362745,0.0073098680063776195
89194ad2a33ffff,88194ad2a3fffff,492,492,51.43722413020097,0.01063026065215003
89194ad2a37ffff,88194ad2a3fffff,492,492,51.43470751157436,0.013575785722678629
89194ad2a3bffff,88194ad2a3fffff,492,492,51.43701457130289,0.006024162923435555
89194ad2c03ffff,88194ad2c1fffff,493,493,51.46279267909345,0.048614094223696024
89194ad2c07ffff,88194ad2c1fffff,493,493,51.46027576499184,0.051558296425156955
89194ad2c0bffff,88194ad2c1fffff,493,493,51.462585199413674,0.044007312071972636
89194ad2c0fffff,88194ad2c1fffff,493,493,51.460068348522675,0.046951823837578
89194ad2c13ffff,88194ad2c1fffff,493,493,51.46551688137594,0.05027649913957462
89194ad2c17ffff,88194ad2c1fffff,493,493,51.462999969620334,0.053220726082624244
89194ad2c1bffff,88194ad2c1fffff,493,493,51.46530952763815,0.04566955768083493
89194ada983ffff,88194ada99fffff,494,494,51.421368340073876,-0.1602462917133455
89194ada987ffff,88194ada99fffff,494,494,51.41885400844695,-0.15728972878492625
89194ada98bffff,88194ada99fffff,494,494,51.42115157948545,-0.16485726326209152
89194ada98fffff,88194ada99fffff,494,494,51.418637311994054,-0.1619003920079593
89194ada993ffff,88194ada99fffff,494,494,51.4240992401288,-0.15859205717743477
89194ada997ffff,88194ada99fffff,494,494,51.42158491077467,-0.15563546791639332
89194ada99bffff,88194ada99fffff,494,494,51.42388260529215,-0.1632031893358837
89194e68943ffff,88194e6895fffff,495,495,51.52208078390824,0.07138678713030422
89194e68947ffff,88194e6895fffff,495,495,51.51956411278089,0.0743324621889446
89194e6894bffff,88194e6895fffff,495,495,51.5218755079062,0.0667760468150425
89194e6894fffff,88194e6895fffff,495,495,51.51935890006328,0.06972203216622441
89194e68953ffff,88194e6895fffff,495,495,51.52480253924577,0.07305167691337121
89194e68957ffff,88194e6895fffff,495,495,51.52228587062177,0.07599737658727376
89194e6895bffff,88194e6895fffff,495,495,51.524597389247525,0.06844077712804962
89194e6d603ffff,88194e6d61fffff,496,496,51.50091983207175,0.07190001140998166
89194e6d607ffff,88194e6d61fffff,496,496,51.498402951462495,0.07484455902856545
89194e6d60bffff,88194e6d61fffff,496,496,51.500714115880456,0.06729099869267846
89194e6d60fffff,88194e6d61fffff,496,496,51.49819729848543,0.07023585637573983
89194e6d613ffff,88194e6d61fffff,496,496,51.50364223722394,0.07356430116354225
89194e6d617ffff,88194e6d61fffff,496,496,51.501125359060396,0.07650887337514643
89194e6d61bffff,88194e6d61fffff,496,496,51.50343664702079,0.06895512909814143
89194ad0ea3ffff,88194ad0ebfffff,497,497,51.41960079894529,-0.02696239305050614
89194ad0ea7ffff,88194ad0ebfffff,497,497,51.41708454702871,-0.02401516499772172
89194ad0eabffff,88194ad0ebfffff,497,497,51.419389349186915,-0.0315684303266141
89194ad0eafffff,88194ad0ebfffff,497,497,51.41687316072599,-0.028620893459949864
89194ad0eb3ffff,88194ad0ebfffff,497,497,51.42232830906992,-0.025303758347094696
89194ad0eb7ffff,88194ad0ebfffff,497,497,51.419812059395255,-0.022356505001854272
89194ad0ebbffff,88194ad0ebfffff,497,497,51.42211698516397,-0.02990995524525597
89194ad0c83ffff,88194ad0c9fffff,498,498,51.42883546653985,0.0010442538248581561
89194ad0c87ffff,88194ad0c9fffff,498,498,51.42631890442753,0.003990012824872814
89194ad0c8bffff,88194ad0c9fffff,498,498,51.428625340755005,-0.0035615151764370346
89194ad0c8fffff,88194ad0c9fffff,498,498,51.426108841985965,-0.0006154471575360513
89194ad0c93ffff,88194ad0c9fffff,498,498,51.43156196295095,0.0027040891567925857
89194ad0c97ffff,88194ad0c9fffff,498,498,51.429045403100545,0.005649873239336275
89194ad0c9bffff,88194ad0c9fffff,498,498,51.43135196304673,-0.0019018393122821916
89194ad2c83ffff,88194ad2c9fffff,499,499,51.46844799399222,0.056545989009042424
89194ad2c87ffff,88194ad2c9fffff,499,499,51.46593102140126,0.05948993102810552
89194ad2c8bffff,88194ad2c9fffff,499,499,51.468240955359725,0.05193903859872525
89194ad2c8fffff,88194ad2c9fffff,499,499,51.46572404595728,0.054883290272724976
89194ad2c93ffff,88194ad2c9fffff,499,499,51.47117181371467,0.05820882230511762
89194ad2c97ffff,88194ad2c9fffff,499,499,51.46865484348374,0.06115278900884615
89194ad2c9bffff,88194ad2c9fffff,499,499,51.47096490103445,0.053601712614627386
89194e6d283ffff,88194e6d29fffff,500,500,51.48751203690468,0.06818864859364021
89194e6d287ffff,88194e6d29fffff,500,500,51.48499508098331,0.07113276318267849
89194e6d28bffff,88194e6d29fffff,500,500,51.48730588000681,0.06358058316083512
89194e6d28fffff,88194e6d29fffff,500,500,51.48478898727574,0.06652500765497459
89194e6d293ffff,88194e6d29fffff,500,500,51.490234958148264,0.06985242418678107
89194e6d297ffff,88194e6d29fffff,500,500,51.48771800463674,0.07279656338623818
89194e6d29bffff,88194e6d29fffff,500,500,51.49002892722566,0.06524419945336027
89194ada9c3ffff,88194ada9dfffff,501,501,51.423448765869225,-0.17242589679538567
89194ada9c7ffff,88194ada9dfffff,501,501,51.420934628990516,-0.1694683825099992
89194ada9cbffff,88194ada9dfffff,501,501,51.42323156124524,-0.17703747199117578
89194ada9cfffff,88194ada9dfffff,501,501,51.42071748857026,-0.17407964940454063
89194ada9d3ffff,88194ada9dfffff,501,501,51.42617991514302,-0.1707720099410436
89194ada9d7ffff,88194ada9dfffff,501,501,51.42366578054524,-0.1678144692260764
89194ada9dbffff,88194ada9dfffff,501,501,51.42596283626294,-0.17538374584741925
89194ada843ffff,88194ada85fffff,502,502,51.43536530415805,-0.20105828372136622
89194ada847ffff,88194ada85fffff,502,502,51.43285169303263,-0.1980981701137624
89194ada84bffff,88194ada85fffff,502,502,51.43514720787429,-0.20567184291954493
89194ada84fffff,88194ada85fffff,502,502,51.43263366113534,-0.20271142099291348
89194ada853ffff,88194ada85fffff,502,502,51.43809681913018,-0.199405012162464
89194ada857ffff,88194ada85fffff,502,502,51.43558321032416,-0.19644487189082613
89194ada85bffff,88194ada85fffff,502,502,51.43787884857729,-0.20401873234792225
89194adae63ffff,88194adae7fffff,503,503,51.44520072723319,-0.21751688138226705
89194adae67ffff,88194adae7fffff,503,503,51.442687447593954,-0.21455511907103528
89194adae6bffff,88194adae7fffff,503,503,51.44498218294648,-0.22213182124652864
89194adae6fffff,88194adae7fffff,503,503,51.442468967808345,-0.21916975057413662
89194adae73ffff,88194adae7fffff,503,503,51.447932358582364,-0.21586387786482236
89194adae77ffff,88194adae7fffff,503,503,51.4454190812928,-0.2129020887518432
89194adae7bffff,88194adae7fffff,503,503,51.44771394002129,-0.22047897889225904
89194ada363ffff,88194ada37fffff,504,504,51.46279181116964,-0.2382586054275514
89194ada367ffff,88194ada37fffff,504,504,51.46027900012832,-0.23529449586208803
89194ada36bffff,88194ada37fffff,504,504,51.46257281473127,-0.24287570425594554
89194ada36fffff,88194ada37fffff,504,504,51.46006006835211,-0.23991128622041405
89194ada373ffff,88194ada37fffff,504,504,51.46552342586177,-0.23660579023672496
89194ada377ffff,88194ada37fffff,504,504,51.46301061722247,-0.23364165369090206
89194ada37bffff,88194ada37fffff,504,504,51.46530455514643,-0.24122305047935394
89194e68963ffff,88194e6897fffff,505,505,51.514325487065705,0.07561299815489943
89194e68967ffff,88194e6897fffff,505,505,51.51180868197169,0.07855797887545567
89194e6896bffff,88194e6897fffff,505,505,51.51412021160849,0.07100303780383456
89194e6896fffff,88194e6897fffff,505,505,51.511603469752735,0.0739483287483396
89194e68973ffff,88194e6897fffff,505,505,51.51704737589581,0.0772778023455892
89194e68977ffff,88194e6897fffff,505,505,51.5145305732833,0.08022280764174115
89194e6897bffff,88194e6897fffff,505,505,51.51684222643965,0.07266768259901861
89194adb5a3ffff,88194adb5bfffff,506,506,51.5015728971333,-0.25965409441979537
89194adb5a7ffff,88194adb5bfffff,506,506,51.49906077056424,-0.25668649206425503
89194adb5abffff,88194adb5bfffff,506,506,51.50135388143738,-0.26427508770331015
89194adb5afffff,88194adb5bfffff,506,506,51.49884181976268,-0.2613071765428141
89194adb5b3ffff,88194adb5bfffff,506,506,51.50430384625509,-0.25800087772703056
89194adb5b7ffff,88194adb5bfffff,506,506,51.50179172219822,-0.2550332481870576
89194adb5bbffff,88194adb5bfffff,506,506,51.504084956295436,-0.2626220328007518
89194e68c63ffff,88194e68c7fffff,507,507,51.550991679872084,0.06664400838632716
89194e68c67ffff,88194e68c7fffff,507,507,51.54847535333583,0.06959150686553753
89194e68c6bffff,88194e68c7fffff,507,507,51.550786843167366,0.06203075842354472
89194e68c6fffff,88194e68c7fffff,507,507,51.54827058003201,0.064978567492291
89194e68c73ffff,88194e68c7fffff,507,507,51.553712651107034,0.06830958423405768
89194e68c77ffff,88194e68c7fffff,507,507,51.551196327153505,0.07125710739052166
89194e68c7bffff,88194e68c7fffff,507,507,51.55350794042444,0.06369617460448014
89194e68883ffff,88194e6889fffff,508,508,51.543237855862074,0.07087317983913456
89194e68887ffff,88194e6889fffff,508,508,51.54072139488812,0.07381998320052155
89194e6888bffff,88194e6889fffff,508,508,51.54303301991677,0.06626071063115062
89194e6888fffff,88194e6889fffff,508,508,51.54051662229748,0.06920782451333936
89194e68893ffff,88194e6889fffff,508,508,51.545958960846065,0.07253867008380219
89194e68897ffff,88194e6889fffff,508,508,51.54344250243304,0.0754854980826609
89194e6889bffff,88194e6889fffff,508,508,51.54575425092012,0.06792604128363193
89194ad0c03ffff,88194ad0c1fffff,509,509,51.42317171176372,-0.0068804638786288405
89194ad0c07ffff,88194ad0c1fffff,509,509,51.420655208491695,-0.00393444612770242
89194ad0c0bffff,88194ad0c1fffff,509,509,51.422961144991746,-0.01148606342258727
89194ad0c0fffff,88194ad0c1fffff,509,509,51.4204447050851,-0.00853973674368032
89194ad0c13ffff,88194ad0c1fffff,509,509,51.425898590323854,-0.005221056694036796
89194ad0c17ffff,88194ad0c1fffff,509,509,51.423382089299736,-0.0022750138038714874
89194ad0c1bffff,88194ad0c1fffff,509,509,51.425688149422186,-0.009826815732437788
89194e6d223ffff,88194e6d23fffff,510,510,51.47410210269107,0.06447890867181216
89194e6d227ffff,88194e6d23fffff,510,510,51.4715850716609,0.0674225903038189
89194e6d22bffff,88194e6d23fffff,510,510,51.47389550511434,0.0598717901744189
89194e6d22fffff,88194e6d23fffff,510,510,51.471378537250466,0.06281578155226052
89194e6d233ffff,88194e6d23fffff,510,510,51.47682553979508,0.0661421703811111
89194e6d237ffff,88194e6d23fffff,510,510,51.474308511138915,0.06908587664085798
89194e6d23bffff,88194e6d23fffff,510,510,51.47661906818069,0.061534892630514954
89194ada823ffff,88194ada83fffff,511,511,51.42552810857206,-0.18460766042652912
89194ada827ffff,88194ada83fffff,511,511,51.42301416665436,-0.1816491947607363
89194ada82bffff,88194ada83fffff,511,511,51.4253104597235,-0.18921983899391484
89194ada82fffff,88194ada83fffff,511,511,51.422796582077794,-0.18626106505144024
89194ada833ffff,88194ada83fffff,511,511,51.42825950704081,-0.18295412155247487
89194ada837ffff,88194ada83fffff,511,511,51.42574556741223,-0.179995629360119
89194ada83bffff,88194ada83fffff,511,511,51.42804198392835,-0.18756646093136228
89194e68c43ffff,88194e68c5fffff,512,512,51.55874510101004,0.06241353189602327
89194e68c47ffff,88194e68c5fffff,512,512,51.5562289090693,0.06536172574974555
89194e68c4bffff,88194e68c5fffff,512,512,51.55854026345609,0.057799500966583754
89194e68c4fffff,88194e68c5fffff,512,512,51.556024134962556,0.06074800547844069
89194e68c53ffff,88194e68c5fffff,512,512,51.561465938427794,0.06407919330228465
89194e68c57ffff,88194e68c5fffff,512,512,51.55894974909162,0.06702741187299023
89194e68c5bffff,88194e68c5fffff,512,512,51.561261226898765,0.059465002631274695
89194ad8583ffff,88194ad859fffff,513,513,51.45503437445316,-0.23398345649068625
89194ad8587ffff,88194ad859fffff,513,513,51.45252142699433,-0.231020044714316
89194ad858bffff,88194ad859fffff,513,513,51.45481538159571,-0.23859977705529511
89194ad858fffff,88194ad859fffff,513,513,51.45230249875261,-0.235636056875784
89194ad8593ffff,88194ad859fffff,513,513,51.45776612205305,-0.23233072174192326
89194ad8597ffff,88194ad859fffff,513,513,51.45525317697416,-0.22936728302591616
89194ad859bffff,88194ad859fffff,513,513,51.457547254915895,-0.23694720364568947
89194e688a3ffff,88194e688bfffff,514,514,51.535483629363775,0.07510104681230827
89194e688a7ffff,88194e688bfffff,514,514,51.53296703411,0.07804715531227237
89194e688abffff,88194e688bfffff,514,514,51.535278794088164,0.07048935814712416
89194e688afffff,88194e688bfffff,514,514,51.532762262142825,0.07343577709931176
89194e688b3ffff,88194e688bfffff,514,514,51.53820486802866,0.07676645140929289
89194e688b7ffff,88194e688bfffff,514,514,51.53568827531402,0.07971258450702756
89194e688bbffff,88194e688bfffff,514,514,51.5380001587697,0.07215460322654361
89194e6d623ffff,88194e6d63fffff,515,515,51.49316346676715,0.07612456777906423
89194e6d627ffff,88194e6d63fffff,515,515,51.49064645250453,0.07906842158232079
89194e6d62bffff,88194e6d63fffff,515,515,51.492957750996,0.07151633444796264
89194e6d62fffff,88194e6d63fffff,515,515,51.49044079990151,0.07446049824715088
89194e6d633ffff,88194e6d63fffff,515,515,51.495886005223305,0.07778877199543556
89194e6d637ffff,88194e6d63fffff,515,515,51.49336899338455,0.08073265035208081
89194e6d63bffff,88194e6d63fffff,515,515,51.495680415437555,0.07318037939072872
89194ad2803ffff,88194ad281fffff,516,516,51.44371967162973,0.036981025887201605
89194ad2807ffff,88194ad281fffff,516,516,51.44120274130612,0.03992505460102067
89194ad280bffff,88194ad281fffff,516,516,51.44351131044859,0.032375358802180274
89194ad280fffff,88194ad281fffff,516,516,51.440994443333736,0.03531969683028499
89194ad2813ffff,88194ad281fffff,516,516,51.446444771710645,0.03864248937911127
89194ad2817ffff,88194ad281fffff,516,516,51.44392784368304,0.04158654290862613
89194ad281bffff,88194ad281fffff,516,516,51.44623653644835,0.034036663007705824
89194ad2883ffff,88194ad289fffff,517,517,51.44937766377116,0.04490992285132587
89194ad2887ffff,88194ad289fffff,517,517,51.44686067486014,0.047853691780821495
89194ad288bffff,88194ad289fffff,517,517,51.449169743566,0.04030408731959651
89194ad288fffff,88194ad289fffff,517,517,51.44665281784157,0.04324816565420705
89194ad2893ffff,88194ad289fffff,517,517,51.452102381461486,0.04657181451341111
89194ad2897ffff,88194ad289fffff,517,517,51.44958539486043,0.049515608201789095
89194ad289bffff,88194ad289fffff,517,517,51.451894587185315,0.04196581972215168
89194ad2863ffff,88194ad287fffff,518,518,51.438060473824244,0.029053153673796458
89194ad2867ffff,88194ad287fffff,518,518,51.4355436021382,0.03199744196752227
89194ad286bffff,88194ad287fffff,518,518,51.43785167167567,0.02444765520678741
89194ad286fffff,88194ad287fffff,518,518,51.435334863220525,0.02739225272391764
89194ad2873ffff,88194ad287fffff,518,518,51.440785956237114,0.03071418902871284
89194ad2877ffff,88194ad287fffff,518,518,51.43826908683308,0.03365850219487951
89194ad287bffff,88194ad287fffff,518,518,51.440577279997115,0.02610853124851606
89194e6d683ffff,88194e6d69fffff,519,519,51.506569788933504,0.07983790624841705
89194e6d687ffff,88194e6d69fffff,519,519,51.50405285003071,0.08278219288699282
89194e6d68bffff,88194e6d69fffff,519,519,51.50636451393159,0.07522872564991849
89194e6d68fffff,88194e6d69fffff,519,519,51.50384763822086,0.07817332244388356
89194e6d693ffff,88194e6d69fffff,519,519,51.50929181118795,0.08150262480224779
89194e6d697ffff,88194e6d69fffff,519,519,51.50677487474486,0.08444693597674158
89194e6d69bffff,88194e6d69fffff,519,519,51.509086662184295,0.07689328488272833
89194adaa83ffff,88194adaa9fffff,520,520,51.43744233703158,-0.2132466147081819
89194adaa87ffff,88194adaa9fffff,520,520,51.43492892145395,-0.21028554943255345
89194adaa8bffff,88194adaa9fffff,520,520,51.43722379600111,-0.21786077677744878
89194adaa8fffff,88194adaa9fffff,520,520,51.43471044487824,-0.21489940320761547
89194adaa93ffff,88194adaa9fffff,520,520,51.44017410113404,-0.2115936919175564
89194adaa97ffff,88194adaa9fffff,520,520,51.43766068788402,-0.2086325998807544
89194adaa9bffff,88194adaa9fffff,520,520,51.43995568582656,-0.21620801507504694
89194e689c3ffff,88194e689dfffff,521,521,51.52772900076107,0.07932760986324358
89194e689c7ffff,88194e689dfffff,521,521,51.52521227138532,0.0822730237581733
89194e689cbffff,88194e689dfffff,521,521,51.527524166065504,0.07471670152901708
89194e689cfffff,88194e689dfffff,521,521,51.525007499951975,0.07766242580749748
89194e689d3ffff,88194e689dfffff,521,521,51.530450373038704,0.08099292876801592
89194e689d7ffff,88194e689dfffff,521,521,51.527933646180266,0.08393836722108032
89194e689dbffff,88194e689dfffff,521,521,51.53024566435703,0.07638186099079633
89194ad1a63ffff,88194ad1a7fffff,522,522,51.411526929805774,-0.14381245724589342
89194ad1a67ffff,88194ad1a7fffff,522,522,51.40901226882764,-0.1408575409663031
89194ad1a6bffff,88194ad1a7fffff,522,522,51.411310615418756,-0.14842204775404666
89194ad1a6fffff,88194ad1a7fffff,522,522,51.40879601846167,-0.145466823191602
89194ad1a73ffff,88194ad1a7fffff,522,522,51.41425771315014,-0.14215795709734808
89194ad1a77ffff,88194ad1a7fffff,522,522,51.411743054414565,-0.13920301462224538
89194ad1a7bffff,88194ad1a7fffff,522,522,51.41404152451997,-0.14676770803960557
89194ad1a23ffff,88194ad1a3fffff,523,523,51.40944420031158,-0.1316394202817249
89194ad1a27ffff,88194ad1a3fffff,523,523,51.40692934517162,-0.1286854550693825
89194ad1a2bffff,88194ad1a3fffff,523,523,51.40922832943801,-0.13624840664553411
89194ad1a2fffff,88194ad1a3fffff,523,523,51.40671353825087,-0.13329413312609242
89194ad1a33ffff,88194ad1a3fffff,523,523,51.41217473437292,-0.12998457323860593
89194ad1a37ffff,88194ad1a3fffff,523,523,51.409659881467384,-0.12703058192751146
89194ad1a3bffff,88194ad1a3fffff,523,523,51.411958989263994,-0.13459371993566033
89194ad2c23ffff,88194ad2c3fffff,524,524,51.45503445012272,0.05283984446109169
89194ad2c27ffff,88194ad2c3fffff,524,524,51.45251740267437,0.05578335340186962
89194ad2c2bffff,88194ad2c3fffff,524,524,51.454826970902005,0.048233840654053
89194ad2c2fffff,88194ad2c3fffff,524,524,51.45230998661812,0.051177659090687375
89194ad2c33ffff,88194ad2c3fffff,524,524,51.457758785363744,0.05450216432654543
89194ad2c37ffff,88194ad2c3fffff,524,524,51.45524174023948,0.05744569796923727
89194ad2c3bffff,88194ad2c3fffff,524,524,51.45755143208228,0.04989600128678436
89194ad0c63ffff,88194ad0c7fffff,525,525,51.417506751795926,-0.014804155866869928
89194ad0c67ffff,88194ad0c7fffff,525,525,51.41499030741434,-0.011857879569384078
89194ad0c6bffff,88194ad0c7fffff,525,525,51.41729574404566,-0.019409585782597532
89194ad0c6fffff,88194ad0c7fffff,525,525,51.414779363051544,-0.016463000648073458
89194ad0c73ffff,88194ad0c7fffff,525,525,51.42023401244617,-0.013145176796214726
89194ad0c77ffff,88194ad0c7fffff,525,525,51.417717570298464,-0.01019887530276181
89194ad0c7bffff,88194ad0c7fffff,525,525,51.42002313055589,-0.01775076623301266
89194ad2bc3ffff,88194ad2bdfffff,526,526,51.43240007048065,0.021126306316033357
89194ad2bc7ffff,88194ad2bdfffff,526,526,51.429883257482395,0.024070853985165702
89194ad2bcbffff,88194ad2bdfffff,526,526,51.43219082737327,0.016520976638174978
89194ad2bcfffff,88194ad2bdfffff,526,526,51.429674077628,0.01946583343991628
89194ad2bd3ffff,88194ad2bdfffff,526,526,51.43512593516669,0.02278691356713305
89194ad2bd7ffff,88194ad2bdfffff,526,526,51.43260912443641,0.025731486165556358
89194ad2bdbffff,88194ad2bdfffff,526,526,51.43491681795765,0.018181424549328758
89194e6d2a3ffff,88194e6d2bfffff,527,527,51.479755005064796,0.07241285310643462
89194e6d2a7ffff,88194e6d2bfffff,527,527,51.47723791564561,0.07535627414664704
89194e6d2abffff,88194e6d2bfffff,527,527,51.47954884855204,0.06780556669365888
89194e6d2afffff,88194e6d2bfffff,527,527,51.477031822276984,0.07074929757056254
89194e6d2b3ffff,88194e6d2bfffff,527,527,51.48247805949185,0.0740765432619848
89194e6d2b7ffff,88194e6d2bfffff,527,527,51.47996097246067,0.07701998887300487
89194e6d2bbffff,88194e6d2bfffff,527,527,51.48227202895161,0.06946909762300149
89194ad85a3ffff,88194ad85bfffff,528,528,51.447276532131205,-0.22970962253513202
89194ad85a7ffff,88194ad85bfffff,528,528,51.444763448413916,-0.22674690829187105
89194ad85abffff,88194ad85bfffff,528,528,51.447057542764576,-0.23432516504487647
89194ad85afffff,88194ad85bfffff,528,528,51.444544523616564,-0.23136214246540565
89194ad85b3ffff,88194ad85bfffff,528,528,51.45000841256997,-0.2280569682755699
89194ad85b7ffff,88194ad85bfffff,528,528,51.44749533121052,-0.2250942271333189
89194ad85bbffff,88194ad85bfffff,528,528,51.44978954892098,-0.23267267204943817
89194ad2ca3ffff,88194ad2cbfffff,529,529,51.46069003055871,0.0607707906113843
89194ad2ca7ffff,88194ad2cbfffff,529,529,51.45817292462325,0.06371403935882275
89194ad2cabffff,88194ad2cbfffff,529,529,51.46048299233082,0.05616461870046808
89194ad2cafffff,88194ad2cbfffff,529,529,51.457965949537694,0.059108177034595366
89194ad2cb3ffff,88194ad2cbfffff,529,529,51.46341398329193,0.06243353871317041
89194ad2cb7ffff,88194ad2cbfffff,529,529,51.46089687969456,0.06537681210570026
89194ad2cbbffff,88194ad2cbfffff,529,529,51.463207071013485,0.057827207596487
89194ad2b43ffff,88194ad2b5fffff,530,530,51.42673846172513,0.013200483918512326
89194ad2b47ffff,88194ad2b5fffff,530,530,51.42422170746479,0.016145290758727563
89194ad2b4bffff,88194ad2b5fffff,530,530,51.42652877766756,0.008595323200970957
89194ad2b4fffff,88194ad2b5fffff,530,530,51.42401208668233,0.011540439082978369
89194ad2b53ffff,88194ad2b5fffff,530,530,51.42946470862559,0.014860663099109153
89194ad2b57ffff,88194ad2b5fffff,530,530,51.42694795661921,0.017805494925356297
89194ad2b5bffff,88194ad2b5fffff,530,530,51.429255150456115,0.010255343014812162
89194e68903ffff,88194e6891fffff,531,531,51.519973970437924,0.08355286954901157
89194e68907ffff,88194e6891fffff,531,531,51.517457107098004,0.08649758909518111
89194e6890bffff,88194e6891fffff,531,531,51.51976913623269,0.07894274133398513
89194e6890fffff,88194e6891fffff,531,531,51.517252336108875,0.08188777119504548
89194e68913ffff,88194e6891fffff,531,531,51.52269547626005,0.08521810271717384
89194e68917ffff,88194e6891fffff,531,531,51.52017861541568,0.08816284678178997
89194e6891bffff,88194e6891fffff,531,531,51.52249076806601,0.08060781513366728
89194ad84a3ffff,88194ad84bfffff,532,532,51.464866242472496,-0.2504580121259231
89194ad84a7ffff,88194ad84bfffff,532,532,51.46235362788858,-0.24749295012320227
89194ad84abffff,88194ad84bfffff,532,532,51.46464680047619,-0.2550757134239209
89194ad84afffff,88194ad84bfffff,532,532,51.46213425062274,-0.25211034297633367
89194ad84b3ffff,88194ad84bfffff,532,532,51.46759810619654,-0.24880554687377981
89194ad84b7ffff,88194ad84bfffff,532,532,51.46508549402292,-0.24584045779339783
89194ad84bbffff,88194ad84bfffff,532,532,51.46737878991527,-0.2534234096870808
89194e6d6a3ffff,88194e6d6bfffff,533,533,51.49881368989582,0.08406151196735202
89194e6d6a7ffff,88194e6d6bfffff,533,533,51.49629661734212,0.08700510477988067
89194e6d6abffff,88194e6d6bfffff,533,533,51.498608415259575,0.07945311090984836
89194e6d6afffff,88194e6d6bfffff,533,533,51.49609140585176,0.08239701380927582
89194e6d6b3ffff,88194e6d6bfffff,533,533,51.50153584550624,0.08572614483995306
89194e6d6b7ffff,88194e6d6bfffff,533,533,51.49901877539036,0.08866976214884839
89194e6d6bbffff,88194e6d6bfffff,533,533,51.501330696865466,0.08111758453586944
89194e6d343ffff,88194e6d35fffff,534,534,51.466344404953624,0.06870276119674544
89194e6d347ffff,88194e6d35fffff,534,534,51.4638272405813,0.07164574954626053
89194e6d34bffff,88194e6d35fffff,534,534,51.46613780772703,0.06409642135348312
89194e6d34fffff,88194e6d35fffff,534,534,51.46362070647484,0.0670397193804928
89194e6d353ffff,88194e6d35fffff,534,534,51.46906797512054,0.07036593756795077
89194e6d357ffff,88194e6d35fffff,534,534,51.466550813100284,0.07330895050560508
89194e6d35bffff,88194e6d35fffff,534,534,51.46886150385347,0.0657594385458758
89194ad08c3ffff,88194ad08dfffff,535,535,51.41184058676335,-0.02272682203600803
89194ad08c7ffff,88194ad08dfffff,535,535,51.40932420132225,-0.019780287396230056
89194ad08cbffff,88194ad08dfffff,535,535,51.41162913804372,-0.027332082152751295
89194ad08cfffff,88194ad08dfffff,535,535,51.4091128160122,-0.024385238766857772
89194ad08d3ffff,88194ad08dfffff,535,535,51.414568229444676,-0.02106827104577757
89194ad08d7ffff,88194ad08dfffff,535,535,51.41205184622348,-0.01812171115336767
89194ad08dbffff,88194ad08dfffff,535,535,51.41435690657472,-0.02567369071018374
89194e6d043ffff,88194e6d05fffff,536,536,51.48540670098828,0.08034782220712317
89194e6d047ffff,88194e6d05fffff,536,536,51.48288955323026,0.08329098245077984
89194e6d04bffff,88194e6d05fffff,536,536,51.485200985547785,0.07574036805079899
89194e6d04fffff,88194e6d05fffff,536,536,51.48268390091168,0.07868383822200734
89194e6d053ffff,88194e6d05fffff,536,536,51.48812937268003,0.08201194084194238
89194e6d057ffff,88194e6d05fffff,536,536,51.48561222732396,0.08495512559941608
89194e6d05bffff,88194e6d05fffff,536,536,51.48792378322214,0.07740432748640544
89194ad0ca3ffff,88194ad0cbfffff,537,537,51.42107564768396,0.005275686585775741
89194ad0ca7ffff,88194ad0cbfffff,537,537,51.41855895221173,0.008220752392733035
89194ad0cabffff,88194ad0cbfffff,537,537,51.420865522684984,0.0006706949995313978
89194ad0cafffff,88194ad0cbfffff,537,537,51.41834889050991,0.0036160697574224255
89194ad0cb3ffff,88194ad0cbfffff,537,537,51.423802276740005,0.006935437729142133
89194ad0cb7ffff,88194ad0cbfffff,537,537,51.421285583507675,0.009880528578895717
89194ad0cbbffff,88194ad0cbfffff,537,537,51.42359227761884,0.002330286749433974
89194ad85c3ffff,88194ad85dfffff,538,538,51.45710894954562,-0.24618060863882826
89194ad85c7ffff,88194ad85dfffff,538,538,51.45459619838298,-0.24321624466681743
89194ad85cbffff,88194ad85dfffff,538,538,51.4568895112748,-0.2507975316223869
89194ad85cfffff,88194ad85dfffff,538,538,51.454376824796135,-0.24783285927239604
89194ad85d3ffff,88194ad85dfffff,538,538,51.45984094619418,-0.24452822363790827
89194ad85d7ffff,88194ad85dfffff,538,538,51.45732819741973,-0.24156383262897674
89194ad85dbffff,88194ad85dfffff,538,538,51.45962163363569,-0.24914530806165452
89194adaac3ffff,88194adaadfffff,539,539,51.439518284590726,-0.22543710300188594
89194adaac7ffff,88194adaadfffff,539,539,51.437005064773835,-0.22247508603573432
89194adaacbffff,88194adaadfffff,539,539,51.43929929862469,-0.23005186766559407
89194adaacfffff,88194adaadfffff,539,539,51.4367861433308,-0.2270895424302296
89194adaad3ffff,88194adaadfffff,539,539,51.44225029779944,-0.2237845292784936
89194adaad7ffff,88194adaadfffff,539,539,51.43973708031839,-0.22082248545408686
89194adaadbffff,88194adaadfffff,539,539,51.44203143754846,-0.22839945513142296
89194e68923ffff,88194e6893fffff,540,540,51.51221853877819,0.08777682642654801
89194e68927ffff,88194e6893fffff,540,540,51.50970154163202,0.09072085188007657
89194e6892bffff,88194e6893fffff,540,540,51.51201370497376,0.0831674781189622
89194e6892fffff,88194e6893fffff,540,540,51.50949677099749,0.08611181381877024
89194e68933ffff,88194e6893fffff,540,540,51.51494017807665,0.08944197381366548
89194e68937ffff,88194e6893fffff,540,540,51.51242318340413,0.09238602374604837
89194e6893bffff,88194e6893fffff,540,540,51.5147354702806,0.0848324662120737
89194e6d3c3ffff,88194e6d3dfffff,541,541,51.47199757318227,0.07663575611153178
89194e6d3c7ffff,88194e6d3dfffff,541,541,51.46948035042322,0.07957848385850089
89194e6d3cbffff,88194e6d3dfffff,541,541,51.47179141696513,0.07202924850762552
89194e6d3cfffff,88194e6d3dfffff,541,541,51.469274257304086,0.07497228602286331
89194e6d3d3ffff,88194e6d3dfffff,541,541,51.474720760724395,0.07829936078510073
89194e6d3d7ffff,88194e6d3dfffff,541,541,51.47220354033139,0.08124211306334672
89194e6d3dbffff,88194e6d3dfffff,541,541,51.47451473047698,0.07369269402936149
89194ad8503ffff,88194ad851fffff,542,542,51.44935125067411,-0.24190452080707525
89194ad8507ffff,88194ad851fffff,542,542,51.44683836309166,-0.2389408546096087
89194ad850bffff,88194ad851fffff,542,542,51.44913181603852,-0.24652066568502573
89194ad850fffff,88194ad851fffff,542,542,51.44661899309373,-0.24355669117650058
89194ad8513ffff,88194ad851fffff,542,542,51.45208338017826,-0.24025221610453096
89194ad8517ffff,88194ad851fffff,542,542,51.44957049496195,-0.23728852291086985
89194ad851bffff,88194ad851fffff,542,542,51.45186407125241,-0.24486852234762307
89194ad0c23ffff,88194ad0c3fffff,543,543,51.4154116284837,-0.0026480855778702166
89194ad0c27ffff,88194ad0c3fffff,543,543,51.41289499184971,0.00029723899153747703
89194ad0c2bffff,88194ad0c3fffff,543,543,51.41520106255206,-0.007252907861901426
89194ad0c2fffff,88194ad0c3fffff,543,543,51.412684489237286,-0.004307274432403982
89194ad0c33ffff,88194ad0c3fffff,543,543,51.41813863963645,-0.0009887624384011793
89194ad0c37ffff,88194ad0c3fffff,543,543,51.415622005228315,0.001956587230519223
89194ad0c3bffff,88194ad0c3fffff,543,543,51.41792819957232,-0.0055937441425539134
89194ad28a3ffff,88194ad28bfffff,544,544,51.44161876995442,0.049135319841346246
89194ad28a7ffff,88194ad28bfffff,544,544,51.43910164785243,0.05207839577650017
89194ad28abffff,88194ad28bfffff,544,544,51.44141085017334,0.04453026228875228
89194ad28afffff,88194ad28bfffff,544,544,51.43889379121184,0.047473647560838314
89194ad28b3ffff,88194ad28bfffff,544,544,51.444343620482464,0.05079712655214246
89194ad28b7ffff,88194ad28bfffff,544,544,51.44182650066853,0.05374022720654497
89194ad28bbffff,88194ad28bfffff,544,544,51.44413582662757,0.04619190981434546
89194ad2823ffff,88194ad283fffff,545,545,51.43596051264143,0.0412073705062873
89194ad2827ffff,88194ad283fffff,545,545,51.4334434491247,0.04415070623681929
89194ad282bffff,88194ad283fffff,545,545,51.43575215193884,0.036602481245672835
89194ad282fffff,88194ad283fffff,545,545,51.433235151584725,0.039546126222354164
89194ad2833ffff,88194ad283fffff,545,545,51.43868574550779,0.04286874919060002
89194ad2837ffff,88194ad283fffff,545,545,51.43616868426513,0.04581210969716475
89194ad283bffff,88194ad283fffff,545,545,51.43847751072124,0.03826370071787262
89194ad2d43ffff,88194ad2d5fffff,546,546,51.447275821636545,0.05706429338000866
89194ad2d47ffff,88194ad2d5fffff,546,546,51.44475864099949,0.060007109315429005
89194ad2d4bffff,88194ad2d5fffff,546,546,51.44706834278543,0.052459067706827275
89194ad2d4fffff,88194ad2d5fffff,546,546,51.44455122526673,0.05540219306989515
89194ad2d53ffff,88194ad2d5fffff,546,546,51.450000289767566,0.058726528150449174
89194ad2d57ffff,88194ad2d5fffff,546,546,51.44748311143262,0.061669368748245204
89194ad2d5bffff,88194ad2d5fffff,546,546,51.44979293685285,0.05412114331890786
89194e6d0c3ffff,88194e6d0dfffff,547,547,51.49105719033662,0.0882838158679467
89194e6d0c7ffff,88194e6d0dfffff,547,547,51.4885399842899,0.09122671511031394
89194e6d0cbffff,88194e6d0dfffff,547,547,51.49085191597655,0.08367619413997696
89194e6d0cfffff,88194e6d0dfffff,547,547,51.48833477302958,0.08661940340063258
89194e6d0d3ffff,88194e6d0dfffff,547,547,51.493779479234696,0.08994836301498169
89194e6d0d7ffff,88194e6d0dfffff,547,547,51.49126227560397,0.09289128671410699
89194e6d0dbffff,88194e6d0dfffff,547,547,51.49357433086735,0.08534058211478834
89194ad2b83ffff,88194ad2b9fffff,548,548,51.43030104982342,0.03328044547999256
89194ad2b87ffff,88194ad2b9fffff,548,548,51.42778404494207,0.03622404080156535
89194ad2b8bffff,88194ad2b9fffff,548,548,51.43009224820785,0.028675724682548198
89194ad2b8fffff,88194ad2b9fffff,548,548,51.4275753065113,0.03161962915950704
89194ad2b93ffff,88194ad2b9fffff,548,548,51.43302666496942,0.03494139617089029
89194ad2b97ffff,88194ad2b9fffff,548,548,51.43050966234812,0.037885016325293286
89194ad2b9bffff,88194ad2b9fffff,548,548,51.43281798925965,0.030336516134570477
89194e68983ffff,88194e6899fffff,549,549,51.52562124651014,0.09149376661987951
89194e68987ffff,88194e6899fffff,549,549,51.52310432497448,0.09443822478644318
89194e6898bffff,88194e6899fffff,549,549,51.52541685356496,0.08688347071303974
89194e6898fffff,88194e6899fffff,549,549,51.52289999522317,0.08982823928550653
89194e68993ffff,88194e6899fffff,549,549,51.52834236926619,0.09315942879842543
89194e68997ffff,88194e6899fffff,549,549,51.52582545023999,0.09610391142635086
89194e6899bffff,88194e6899fffff,549,549,51.52813810234222,0.0885489735502481
89194e6d443ffff,88194e6d45fffff,550,550,51.50446270616589,0.09199948105242889
89194e6d447ffff,88194e6d45fffff,550,550,51.5019455753713,0.09494281266930613
89194e6d44bffff,88194e6d45fffff,550,550,51.50425787267267,0.08739091244056821
89194e6d44fffff,88194e6d45fffff,550,550,51.50174080500177,0.09033455423515704
89194e6d453ffff,88194e6d45fffff,550,550,51.507184478872375,0.09366454261414198
89194e6d457ffff,88194e6d45fffff,550,550,51.50466735052955,0.0966078986703516
89194e6d45bffff,88194e6d45fffff,550,550,51.50697977138475,0.0890558147827619
89194ad2dc3ffff,88194ad2ddfffff,551,551,51.45293166756207,0.0649942910171072
89194ad2dc7ffff,88194ad2ddfffff,551,551,51.45041442844017,0.067936846748313
89194ad2dcbffff,88194ad2ddfffff,551,551,51.4527246296493,0.060388897394722786
89194ad2dcfffff,88194ad2ddfffff,551,551,51.450207453623634,0.06333176264429562
89194ad2dd3ffff,88194ad2ddfffff,551,551,51.4556557532375,0.06665695388017485
89194ad2dd7ffff,88194ad2ddfffff,551,551,51.45313851643172,0.06959953421691714
89194ad2ddbffff,88194ad2ddfffff,551,551,51.45544884127137,0.06205140112631393
89194ad2b03ffff,88194ad2b1fffff,552,552,51.424640381626354,0.025354544867371296
89194ad2b07ffff,88194ad2b1fffff,552,552,51.42212343543069,0.02829839957562023
89194ad2b0bffff,88194ad2b1fffff,552,552,51.42443113910645,0.020749992704259614
89194ad2b0fffff,88194ad2b1fffff,552,552,51.42191425611766,0.02369415647710483
89194ad2b13ffff,88194ad2b1fffff,552,552,51.42736637899324,0.027015067598024013
89194ad2b17ffff,88194ad2b1fffff,552,552,51.42484943504358,0.02995894719588325
89194ad2b1bffff,88194ad2b1fffff,552,552,51.4271572623689,0.022410356169253427
89194ad8523ffff,88194ad853fffff,553,553,51.44159314624475,-0.2376297480712468
89194ad8527ffff,88194ad853fffff,553,553,51.43908012240158,-0.23466677939241473
89194ad852bffff,88194ad853fffff,553,553,51.44137371515439,-0.2422451150524821
89194ad852fffff,88194ad853fffff,553,553,51.43886075590244,-0.23928183812947568
89194ad8533ffff,88194ad853fffff,553,553,51.444325408535626,-0.23597752371428207
89194ad8537ffff,88194ad853fffff,553,553,51.44181238703651,-0.23301452807994658
89194ad853bffff,88194ad853fffff,553,553,51.444106103152286,-0.2405930519855953
89194e6d063ffff,88194e6d07fffff,554,554,51.47764953511939,0.08456977525002175
89194e6d067ffff,88194e6d07fffff,554,554,51.47513225402381,0.087512242189804
89194e6d06bffff,88194e6d07fffff,554,554,51.47744381992004,0.0799631000571865
89194e6d06fffff,88194e6d07fffff,554,554,51.47492660190029,0.08290587685598487
89194e6d073ffff,88194e6d07fffff,554,554,51.48037233997835,0.08623380825890432
89194e6d077ffff,88194e6d07fffff,554,554,51.47785506126289,0.08917629967295122
89194e6d07bffff,88194e6d07fffff,554,554,51.4801667507588,0.08162697394121005
89194ad0883ffff,88194ad089fffff,555,555,51.409746404251,-0.010570832468330016
89194ad0887ffff,88194ad089fffff,555,555,51.407229826505386,-0.00762524934069907
89194ad088bffff,88194ad089fffff,555,555,51.40953539739557,-0.015175485279336738
89194ad088fffff,88194ad089fffff,555,555,51.407018882991245,-0.012229593382440432
89194ad0893ffff,88194ad089fffff,555,555,51.41247379744146,-0.00891193729932894
89194ad0897ffff,88194ad089fffff,555,555,51.409957221907675,-0.005966329015470946
89194ad089bffff,88194ad089fffff,555,555,51.41226291644321,-0.013516749557059296
89194e6d363ffff,88194e6d37fffff,556,556,51.45858630760548,0.07292531264713643
89194e6d367ffff,88194e6d37fffff,556,556,51.45606901004894,0.07586760796964888
89194e6d36bffff,88194e6d37fffff,556,556,51.45837971063946,0.06831975124704305
89194e6d36fffff,88194e6d37fffff,556,556,51.45586247615698,0.07126235617867155
89194e6d373ffff,88194e6d37fffff,556,556,51.4613100107668,0.07458840363583491
89194e6d377ffff,88194e6d37fffff,556,556,51.45879271554041,0.07753072350697121
89194e6d37bffff,88194e6d37fffff,556,556,51.46110353975755,0.0699826831312448
89194e689a3ffff,88194e689bfffff,557,557,51.51786608148129,0.09571677183824841
89194e689a7ffff,88194e689bfffff,557,557,51.51534902614189,0.0986605359016008
89194e689abffff,88194e689bfffff,557,557,51.51766168888246,0.09110725599364518
89194e689afffff,88194e689bfffff,557,557,51.51514469669067,0.09405133039426802
89194e689b3ffff,88194e689bfffff,557,557,51.5205873377656,0.09738234809153153
89194e689b7ffff,88194e689bfffff,557,557,51.51807028491383,0.10032613657668285
89194e689bbffff,88194e689bfffff,557,557,51.52038307118515,0.09277267298007974
89194ad8423ffff,88194ad843fffff,558,558,51.459182437241836,-0.2583799177160656
89194ad8427ffff,88194ad843fffff,558,558,51.4566698825884,-0.25541460152665363
89194ad842bffff,88194ad843fffff,558,558,51.45896255336876,-0.2629974428408156
89194ad842fffff,88194ad843fffff,558,558,51.45645006346762,-0.2600318182987186
89194ad8433ffff,88194ad843fffff,558,558,51.461914682914845,-0.25672788276234343
89194ad8437ffff,88194ad843fffff,558,558,51.45940213065788,-0.25376253943870847
89194ad843bffff,88194ad843fffff,558,558,51.461694924746155,-0.2613455694283344
89194e6d463ffff,88194e6d47fffff,559,559,51.496706472985,0.09622083398291113
89194e6d467ffff,88194e6d47fffff,559,559,51.49418920869978,0.09916347201906864
89194e6d46bffff,88194e6d47fffff,559,559,51.49650163971344,0.09161304485517563
89194e6d46fffff,88194e6d47fffff,559,559,51.493984438505805,0.0945559930004439
89194e6d473ffff,88194e6d47fffff,559,559,51.4994283790312,0.09788580967496621
89194e6d477ffff,88194e6d47fffff,559,559,51.496911117175955,0.10082847211089223
89194e6d47bffff,88194e6d47fffff,559,559,51.49922367176246,0.09327786140210807
89194ad8543ffff,88194ad855fffff,560,560,51.451424882271,-0.25410157566530855
89194ad8547ffff,88194ad855fffff,560,560,51.448912191036506,-0.25113695749189435
89194ad854bffff,88194ad855fffff,560,560,51.451205002177794,-0.2587183226340237
89194ad854fffff,88194ad855fffff,560,560,51.448692375649166,-0.2557533961747588
89194ad8553ffff,88194ad855fffff,560,560,51.454157260816395,-0.25244962081905814
89194ad8557ffff,88194ad855fffff,560,560,51.45164457195626,-0.24948497555219568
89194ad855bffff,88194ad855fffff,560,560,51.453937506424886,-0.25706652925390444
89194e6d303ffff,88194e6d31fffff,561,561,51.464239741641414,0.08085735816451285
89194e6d307ffff,88194e6d31fffff,561,561,51.46172238570044,0.08379939287379407
89194e6d30bffff,88194e6d31fffff,561,561,51.46403358563046,0.07625162915830394
89194e6d30fffff,88194e6d31fffff,561,561,51.46151629274138,0.07919397356740832
89194e6d313ffff,88194e6d31fffff,561,561,51.46696306223016,0.08252087731175455
89194e6d317ffff,88194e6d31fffff,561,561,51.46444570863334,0.0854629365127501
89194e6d31bffff,88194e6d31fffff,561,561,51.46675703218611,0.07791498922799757
89194adaa43ffff,88194adaa5fffff,562,562,51.433834636644534,-0.23335628987240084
89194adaa47ffff,88194adaa5fffff,562,562,51.4313214766996,-0.23039401845630803
89194adaa4bffff,88194adaa5fffff,562,562,51.43361520900927,-0.23797087916563475
89194adaa4fffff,88194adaa5fffff,562,562,51.431102113609185,-0.2350082995722357
89194adaa53ffff,88194adaa5fffff,562,562,51.436567031653205,-0.23170414590805108
89194adaa57ffff,88194adaa5fffff,562,562,51.434053874030255,-0.22874184757716243
89194adaa5bffff,88194adaa5fffff,562,562,51.43634772972232,-0.23631889641647602
89194e6d003ffff,88194e6d01fffff,563,563,51.48330029064008,0.09250481850621164
89194e6d007ffff,88194e6d01fffff,563,563,51.48078295125823,0.0954470244340971
89194e6d00bffff,88194e6d01fffff,563,563,51.48309501646668,0.08789797589624644
89194e6d00fffff,88194e6d01fffff,563,563,51.480577740138415,0.09084049177393502
89194e6d013ffff,88194e6d01fffff,563,563,51.48602271275748,0.09416927988332252
89194e6d017ffff,88194e6d01fffff,563,563,51.4835053757697,0.09711151022848884
89194e6d01bffff,88194e6d01fffff,563,563,51.48581756457399,0.08956227817553811
89194e6d4c3ffff,88194e6d4dfffff,564,564,51.51011051545291,0.09993847492803493
89194e6d4c7ffff,88194e6d4dfffff,564,564,51.50759332646755,0.10288154514428317
89194e6d4cbffff,88194e6d4dfffff,564,564,51.50990612311079,0.09532973893391067
89194e6d4cfffff,88194e6d4dfffff,564,564,51.50738899722691,0.0982731194187281
89194e6d4d3ffff,88194e6d4dfffff,564,564,51.51283190519723,0.10160396521176819
89194e6d4d7ffff,88194e6d4dfffff,564,564,51.510314718677655,0.10454705981024116
89194e6d4dbffff,88194e6d4dfffff,564,564,51.51262763887075,0.09699507002518452
89194ad8563ffff,88194ad857fffff,565,565,51.443666921403086,-0.2498245493841876
89194ad8567ffff,88194ad857fffff,565,565,51.44115409374662,-0.2468606289707721
89194ad856bffff,88194ad857fffff,565,565,51.44344704499958,-0.25444051840561493
89194ad856fffff,88194ad857fffff,565,565,51.44093428200255,-0.2514762897731769
89194ad8573ffff,88194ad857fffff,565,565,51.44639943275193,-0.24817267469266385
89194ad8577ffff,88194ad857fffff,565,565,51.443886607447695,-0.24520872722651893
89194ad857bffff,88194ad857fffff,565,565,51.446179682047436,-0.2527888051051458
89194e6d383ffff,88194e6d39fffff,566,566,51.46989196954473,0.0887904274633608
89194e6d387ffff,88194e6d39fffff,566,566,51.467374555269586,0.09173220135483438
89194e6d38bffff,88194e6d39fffff,566,566,51.46968625449704,0.08418453102274438
89194e6d38fffff,88194e6d39fffff,566,566,51.467168903251576,0.0871266147047624
89194e6d393ffff,88194e6d39fffff,566,566,51.47261490750242,0.09045437480207891
89194e6d397ffff,88194e6d39fffff,566,566,51.47009749558542,0.09339617312830426
89194e6d39bffff,88194e6d39fffff,566,566,51.47240931843175,0.08584831931089827
89194ad29c3ffff,88194ad29dfffff,567,567,51.43385947705483,0.0533594159462193
89194ad29c7ffff,88194ad29dfffff,567,567,51.431342221919955,0.05630179914223291
89194ad29cbffff,88194ad29dfffff,567,567,51.433651557608364,0.04875513616217168
89194ad29cfffff,88194ad29dfffff,567,567,51.431134365567914,0.05169782862687592
89194ad29d3ffff,88194ad29dfffff,567,567,51.4365844603519,0.05502113766125331
89194ad29d7ffff,88194ad29dfffff,567,567,51.434067207483174,0.05796354553687545
89194ad29dbffff,88194ad29dfffff,567,567,51.4363766668289,0.05041669876620451
89194ad2d63ffff,88194ad2d7fffff,568,568,51.43951679401965,0.06128744153553309
89194ad2d67ffff,88194ad2d7fffff,568,568,51.43699948035192,0.06422956472083309
89194ad2d6bffff,88194ad2d7fffff,568,568,51.439309315448675,0.05668299378543543
89194ad2d6fffff,88194ad2d7fffff,568,568,51.43679206485319,0.05962542633015619
89194ad2d73ffff,88194ad2d7fffff,568,568,51.44224139497201,0.0629495911665237
89194ad2d77ffff,88194ad2d7fffff,568,568,51.439724083584444,0.06589173897463446
89194ad2d7bffff,88194ad2d7fffff,568,568,51.44203404233468,0.058344984332333955
89194ad2d03ffff,88194ad2d1fffff,569,569,51.44517290538693,0.06921649078136319
89194ad2d07ffff,88194ad2d1fffff,569,569,51.44265553323654,0.07215835375163486
89194ad2d0bffff,88194ad2d1fffff,569,569,51.44496586769985,0.06461187523663409
89194ad2d0fffff,88194ad2d1fffff,569,569,51.44244855859961,0.06755404765696381
89194ad2d13ffff,88194ad2d1fffff,569,569,51.447897123935945,0.07087906836132234
89194ad2d17ffff,88194ad2d1fffff,569,569,51.44537975407979,0.07382095589755408
89194ad2d1bffff,88194ad2d1fffff,569,569,51.447690212192704,0.06627429375940971
89194ad2ba3ffff,88194ad2bbfffff,570,570,51.42254122683563,0.03750643615833443
89194ad2ba7ffff,88194ad2bbfffff,570,570,51.420024088917174,0.04044933876283279
89194ad2babffff,88194ad2bbfffff,570,570,51.42233242566365,0.03290249282007165
89194ad2bafffff,88194ad2bbfffff,570,570,51.41981535088387,0.03584570451185342
89194ad2bb3ffff,88194ad2bbfffff,570,570,51.42526697464606,0.039167302140555346
89194ad2bb7ffff,88194ad2bbfffff,570,570,51.422749838965636,0.04211022953829243
89194ad2bbbffff,88194ad2bbfffff,570,570,51.4250582993771,0.03456319963766538
89194e6d083ffff,88194e6d09fffff,571,571,51.48894983961957,0.1004408857739585
89194e6d087ffff,88194e6d09fffff,571,571,51.48643244200158,0.10338283048521378
89194e6d08bffff,88194e6d09fffff,571,571,51.48874500648016,0.09583387591881774
89194e6d08fffff,88194e6d09fffff,571,571,51.48622767189364,0.09877613067059587
89194e6d093ffff,88194e6d09fffff,571,571,51.4916718789371,0.10210577555213103
89194e6d097ffff,88194e6d09fffff,571,571,51.48915448372725,0.10504774462362548
89194e6d09bffff,88194e6d09fffff,571,571,51.49146717179774,0.09749860662620032
89194e6d403ffff,88194e6d41fffff,572,572,51.50235454880888,0.10415887644560747
89194e6d407ffff,88194e6d41fffff,572,572,51.499837226335366,0.10710125307070359
89194e6d40bffff,88194e6d41fffff,572,572,51.50215015663394,0.09955092009017223
89194e6d40fffff,88194e6d41fffff,572,572,51.49963289721575,0.10249360691522576
89194e6d413ffff,88194e6d41fffff,572,572,51.50507607194492,0.10582428071555354
89194e6d417ffff,88194e6d41fffff,572,572,51.50255875191535,0.10876668168335517
89194e6d41bffff,88194e6d41fffff,572,572,51.50487180578286,0.1012161652421115
89194ad2d83ffff,88194ad2d9fffff,573,573,51.45082781103105,0.07714656357833036
89194ad2d87ffff,88194ad2d9fffff,573,573,51.44831038044826,0.08008816612915402
89194ad2d8bffff,88194ad2d9fffff,573,573,51.45062121423626,0.07254178041034494
89194ad2d8fffff,88194ad2d9fffff,573,573,51.44810384668141,0.07548369250196484
89194ad2d93ffff,88194ad2d9fffff,573,573,51.45355164711819,0.07880956914016853
89194ad2d97ffff,88194ad2d9fffff,573,573,51.45103421884367,0.08175119620005875
89194ad2d9bffff,88194ad2d9fffff,573,573,51.453345176277395,0.07420462694198411
89194ad8183ffff,88194ad819fffff,574,574,51.43590855502509,-0.2455488383134188
89194ad8187ffff,88194ad819fffff,574,574,51.433395591105636,-0.24258561540406348
89194ad818bffff,88194ad819fffff,574,574,51.43568868222117,-0.25016402959629025
89194ad818fffff,88194ad819fffff,574,574,51.43317578291478,-0.24720049853473441
89194ad8193ffff,88194ad819fffff,574,574,51.438641199108474,-0.2438970438238868
89194ad8197ffff,88194ad819fffff,574,574,51.43612823751921,-0.24093379390254255
89194ad819bffff,88194ad819fffff,574,574,51.43842145200089,-0.24851239642279555
89194e6d023ffff,88194e6d03fffff,575,575,51.47554299119041,0.09672452043771121
89194e6d027ffff,88194e6d03fffff,575,575,51.47302551863125,0.09966603330678252
89194e6d02bffff,88194e6d03fffff,575,575,51.47533771711416,0.0921184567344386
89194e6d02fffff,88194e6d03fffff,575,575,51.47282030756252,0.09506027948473876
89194e6d033ffff,88194e6d03fffff,575,575,51.47826554645869,0.09838889600070674
89194e6d037ffff,88194e6d03fffff,575,575,51.475748076271735,0.1013304332475347
89194e6d03bffff,88194e6d03fffff,575,575,51.47806039836956,0.09378267327392978
89194e6f263ffff,88194e6f27fffff,576,576,51.51575711763246,0.10787849348770918
89194e6f267ffff,88194e6f27fffff,576,576,51.51323987050653,0.11082130209831242
89194e6f26bffff,88194e6f27fffff,576,576,51.5155531664494,0.10326959028349378
89194e6f26fffff,88194e6f27fffff,576,576,51.51303598240277,0.10621270925351235
89194e6f273ffff,88194e6f27fffff,576,576,51.51847812435648,0.10954441252626396
89194e6f277ffff,88194e6f27fffff,576,576,51.51596087971029,0.11248724546202299
89194e6f27bffff,88194e6f27fffff,576,576,51.518274299199135,0.10493535015676622
89194e6d323ffff,88194e6d33fffff,577,577,51.456481510826706,0.08507765982063066
89194e6d327ffff,88194e6d33fffff,577,577,51.453964021861744,0.0880190017475838
89194e6d32bffff,88194e6d33fffff,577,577,51.456275354932465,0.08047270920103158
89194e6d32fffff,88194e6d33fffff,577,577,51.453757928973275,0.08341436075942114
89194e6d333ffff,88194e6d33fffff,577,577,51.45920496439349,0.08674109339726901
89194e6d337ffff,88194e6d33fffff,577,577,51.45668747775078,0.08968245977640844
89194e6d33bffff,88194e6d33fffff,577,577,51.45899893446334,0.08213598377439878
89194e6d423ffff,88194e6d43fffff,578,578,51.49459818193313,0.10837797694698999
89194e6d427ffff,88194e6d43fffff,578,578,51.49208072612927,0.11131966023677706
89194e6d42bffff,88194e6d43fffff,578,578,51.49439378983587,0.10377080001861543
89194e6d42fffff,88194e6d43fffff,578,578,51.491876397041196,0.10671279343971508
89194e6d433ffff,88194e6d43fffff,578,578,51.49731983839258,0.11004329515896627
89194e6d437ffff,88194e6d43fffff,578,578,51.49480238501084,0.11298500275198953
89194e6d43bffff,88194e6d43fffff,578,578,51.497115572305425,0.10543595918695797
89194e6d0a3ffff,88194e6d0bfffff,579,579,51.48119280645356,0.10465963698138427
89194e6d0a7ffff,88194e6d0bfffff,579,579,51.47867527566066,0.10760088862336924
89194e6d0abffff,88194e6d0bfffff,579,579,51.48098797335689,0.10005340618729588
89194e6d0afffff,88194e6d0bfffff,579,579,51.478470505549325,0.1029949678012491
89194e6d0b3ffff,88194e6d0bfffff,579,579,51.483914978974106,0.1063244408014791
89194e6d0b7ffff,88194e6d0bfffff,579,579,51.48139745056744,0.10926571676422367
89194e6d0bbffff,88194e6d0bfffff,579,579,51.48371027187467,0.10171805101094065
89194e6d483ffff,88194e6d49fffff,580,580,51.508001417683865,0.1120979431495433
89194e6d487ffff,88194e6d49fffff,580,580,51.50548403707221,0.1150400581586828
89194e6d48bffff,88194e6d49fffff,580,580,51.507797466613475,0.10748981973860434
89194e6d48fffff,88194e6d49fffff,580,580,51.505280149034995,0.11043224503844468
89194e6d493ffff,88194e6d49fffff,580,580,51.51072255785158,0.11376377603018029
89194e6d497ffff,88194e6d49fffff,580,580,51.508205179697875,0.11670591532492462
89194e6d49bffff,88194e6d49fffff,580,580,51.510518732804115,0.10915549352836516
89194ad81c3ffff,88194ad81dfffff,581,581,51.43798138676959,-0.25774354212256123
89194ad81c7ffff,88194ad81dfffff,581,581,51.43546861908858,-0.2547793676982161
89194ad81cbffff,88194ad81dfffff,581,581,51.437761068608275,-0.2623593351175997
89194ad81cfffff,88194ad81dfffff,581,581,51.43524836560858,-0.25939485256635497
89194ad81d3ffff,88194ad81dfffff,581,581,51.440714279903446,-0.25609209740685046
89194ad81d7ffff,88194ad81dfffff,581,581,51.43820151456088,-0.25312789587331525
89194ad81dbffff,88194ad81dfffff,581,581,51.440494087430444,-0.2607080518188721
89194ad2983ffff,88194ad299fffff,582,582,51.43175736765676,0.06550928948244866
89194ad2987ffff,88194ad299fffff,582,582,51.42923992111637,0.06845072017278757
89194ad298bffff,88194ad299fffff,582,582,51.431549889276575,0.060905619444750814
89194ad298fffff,88194ad299fffff,582,582,51.42903250576237,0.06384735942626076
89194ad2993ffff,88194ad299fffff,582,582,51.434482101361816,0.06717135392959214
89194ad2997ffff,88194ad299fffff,582,582,51.431964657079654,0.07011280920319098
89194ad299bffff,88194ad299fffff,582,582,51.43427474891245,0.06256752488204159
89194ad2903ffff,88194ad291fffff,583,583,51.42609978545717,0.05758221172079543
89194ad2907ffff,88194ad291fffff,583,583,51.42358239744755,0.060523902432629034
89194ad290bffff,88194ad291fffff,583,583,51.42589186625595,0.05297870949465695
89194ad290fffff,88194ad291fffff,583,583,51.42337454129466,0.0559207094070493
89194ad2913ffff,88194ad291fffff,583,583,51.428824901454654,0.0592438483955061
89194ad2917ffff,88194ad291fffff,583,583,51.42630751568913,0.06218556374751082
89194ad291bffff,88194ad291fffff,583,583,51.428617108174095,0.054640187132621504
89194ad2d23ffff,88194ad2d3fffff,584,584,51.43741374441786,0.07343739045910364
89194ad2d27ffff,88194ad2d3fffff,584,584,51.43489623939702,0.07637856092360046
89194ad2d2bffff,88194ad2d3fffff,584,584,51.43720670686711,0.06883355278114611
89194ad2d2fffff,88194ad2d3fffff,584,584,51.4346892648503,0.07177503262748128
89194ad2d33ffff,88194ad2d3fffff,584,584,51.44013809577188,0.07509988271157826
89194ad2d37ffff,88194ad2d3fffff,584,584,51.437620593023304,0.07804107770253395
89194ad2d3bffff,88194ad2d3fffff,584,584,51.439931184162155,0.0704958860506967
89194ad2da3ffff,88194ad2dbfffff,585,585,51.443068915614916,0.08136651454513513
89194ad2da7ffff,88194ad2dbfffff,585,585,51.44055135216386,0.08430742457951605
89194ad2dabffff,88194ad2dbfffff,585,585,51.44286231890192,0.07676250939840867
89194ad2dafffff,88194ad2dbfffff,585,585,51.44034481843275,0.07970372890519217
89194ad2db3ffff,88194ad2dbfffff,585,585,51.445792884559346,0.08302943463585508
89194ad2db7ffff,88194ad2dbfffff,585,585,51.443275323394595,0.08597036913982042
89194ad2dbbffff,88194ad2dbfffff,585,585,51.44558641379753,0.07842527053308167
89194e6d543ffff,88194e6d55fffff,586,586,51.486841415209575,0.11259577698795392
89194e6d547ffff,88194e6d55fffff,586,586,51.48432382623319,0.11553676719818111
89194e6d54bffff,88194e6d55fffff,586,586,51.486637023100485,0.10798937927504555
89194e6d54fffff,88194e6d55fffff,586,586,51.484119497087235,0.11093067954789745
89194e6d553ffff,88194e6d55fffff,586,586,51.4895632049241,0.11426100909791423
89194e6d557ffff,88194e6d55fffff,586,586,51.48704561834798,0.11720202357183557
89194e6d55bffff,88194e6d55fffff,586,586,51.489358938822335,0.10965445241564524
89194e6d4a3ffff,88194e6d4bfffff,587,587,51.50024531745636,0.1163160919186854
89194e6d4a7ffff,88194e6d4bfffff,587,587,51.49772780351684,0.11925751358222463
89194e6d4abffff,88194e6d4bfffff,587,587,51.500041366409185,0.11170874808921487
89194e6d4afffff,88194e6d4bfffff,587,587,51.49752391545669,0.11465047997476858
89194e6d4b3ffff,88194e6d4bfffff,587,587,51.50296659099956,0.1179818385972589
89194e6d4b7ffff,88194e6d4bfffff,587,587,51.500449079496164,0.12092328450691708
89194e6d4bbffff,88194e6d4bfffff,587,587,51.502762765972534,0.11337433575128483
89194e6de43ffff,88194e6de5fffff,588,588,51.448722881122485,0.089296661634891
89194e6de47ffff,88194e6de5fffff,588,588,51.44620525929146,0.09223731103481814
89194e6de4bffff,88194e6de5fffff,588,588,51.44851672525556,0.0846924891908327
89194e6de4fffff,88194e6de5fffff,588,588,51.44599916638429,0.08763344815377147
89194e6de53ffff,88194e6de5fffff,588,588,51.451446467598764,0.09096000959667912
89194e6de57ffff,88194e6de5fffff,588,588,51.44892884806809,0.09390068340933469
89194e6de5bffff,88194e6de5fffff,588,588,51.4512404376932,0.0863556782235626
89194ad8103ffff,88194ad811fffff,589,589,51.43022275860176,-0.2534668931621498
89194ad8107ffff,88194ad811fffff,589,589,51.427709854655596,-0.25050341622722716
89194ad810bffff,88194ad811fffff,589,589,51.4300024440944,-0.2580819085768371
89194ad810fffff,88194ad811fffff,589,589,51.42748960478317,-0.2551181235817544
89194ad8113ffff,88194ad811fffff,589,589,51.43295578441795,-0.25181552850487116
89194ad8117ffff,88194ad811fffff,589,589,51.43044288278811,-0.24885202450146615
89194ad811bffff,88194ad811fffff,589,589,51.43273559559621,-0.2564307052615043
89194e6d1c3ffff,88194e6d1dfffff,590,590,51.47343537387116,0.10887708816050977
89194e6d1c7ffff,88194e6d1dfffff,590,590,51.47091771006116,0.11181764698882897
89194e6d1cbffff,88194e6d1dfffff,590,590,51.47323054072774,0.10427163621608254
89194e6d1cfffff,88194e6d1dfffff,590,590,51.470712939857,0.10721250494774166
89194e6d1d3ffff,88194e6d1dfffff,590,590,51.47615767952627,0.11054180597841688
89194e6d1d7ffff,88194e6d1dfffff,590,590,51.47364001808065,0.11348238908800982
89194e6d1dbffff,88194e6d1dfffff,590,590,51.47595297237729,0.10593619511181027
89194e6f223ffff,88194e6f23fffff,591,591,51.51364707948563,0.12003803398813785
89194e6f227ffff,88194e6f23fffff,591,591,51.5111296407861,0.12297988717629524
89194e6f22bffff,88194e6f23fffff,591,591,51.51344356952777,0.11542974369391401
89194e6f22fffff,88194e6f23fffff,591,591,51.51092619383915,0.11837190726356016
89194e6f233ffff,88194e6f23fffff,591,591,51.51636783662691,0.12170429551222012
89194e6f237ffff,88194e6f23fffff,591,591,51.51385040039935,0.12464617292885412
89194e6f23bffff,88194e6f23fffff,591,591,51.51616445270205,0.117095846154235
89194e6d5c3ffff,88194e6d5dfffff,592,592,51.4924888173339,0.1205329403509313
89194e6d5c7ffff,88194e6d5dfffff,592,592,51.48997117022425,0.12347366892463972
89194e6d5cbffff,88194e6d5dfffff,592,592,51.492284866220444,0.11592637589122667
89194e6d5cfffff,88194e6d5dfffff,592,592,51.48976728205169,0.11886741461825577
89194e6d5d3ffff,88194e6d5dfffff,592,592,51.495210224184234,0.122198600783391
89194e6d5d7ffff,88194e6d5dfffff,592,592,51.492692579488846,0.12513935356379755
89194e6d5dbffff,88194e6d5dfffff,592,592,51.49500639908813,0.11759187738149626
89194e6d563ffff,88194e6d57fffff,593,593,51.479084249022186,0.11681227712402338
89194e6d567ffff,88194e6d57fffff,593,593,51.47656652703107,0.11975257451028487
89194e6d56bffff,88194e6d57fffff,593,593,51.47887985681194,0.11220665841496992
89194e6d56fffff,88194e6d57fffff,593,593,51.4763621977378,0.11514726579525765
89194e6d573ffff,88194e6d57fffff,593,593,51.48180617192345,0.11847742308780777
89194e6d577ffff,88194e6d57fffff,593,593,51.47928845231071,0.12141774469837321
89194e6d57bffff,88194e6d57fffff,593,593,51.481601905717675,0.11387164548373009
89194e6f343ffff,88194e6f35fffff,594,594,51.50589124606499,0.12425523058242754
89194e6f347ffff,88194e6f35fffff,594,594,51.503373674040006,0.12719639041480396
89194e6f34bffff,88194e6f35fffff,594,594,51.5056877360758,0.1196477200240625
89194e6f34fffff,88194e6f35fffff,594,594,51.50317022701568,0.12258919016913356
89194e6f353ffff,88194e6f35fffff,594,594,51.508612136633765,0.1259214057602848
89194e6f357ffff,88194e6f35fffff,594,594,51.50609456705894,0.12886258978166099
89194e6f35bffff,88194e6f35fffff,594,594,51.508408752674775,0.12131373621255613
89194ad29a3ffff,88194ad29bfffff,595,595,51.42399754293261,0.06972983777537432
89194ad29a7ffff,88194ad29bfffff,595,595,51.42147996367761,0.07267057622567533
89194ad29abffff,88194ad29bfffff,595,595,51.423790064653815,0.06512694523946645
89194ad29afffff,88194ad29bfffff,595,595,51.42127254837899,0.06806799291271182
89194ad29b3ffff,88194ad29bfffff,595,595,51.42672240932167,0.07139181699429235
89194ad29b7ffff,88194ad29bfffff,595,595,51.424204832302934,0.07433257998840827
89194ad29bbffff,88194ad29bfffff,595,595,51.42651505697093,0.06678876552270728
89194e6da43ffff,88194e6da5fffff,596,596,51.429654185039546,0.07765699060484477
89194e6da47ffff,88194e6da5fffff,596,596,51.427136547306226,0.08059746881860717
89194e6da4bffff,88194e6da5fffff,596,596,51.429447147535754,0.07305393058297688
89194e6da4fffff,88194e6da5fffff,596,596,51.42692957276042,0.07599471811028413
89194e6da53ffff,88194e6da5fffff,596,596,51.43237866912993,0.07931939748553893
89194e6da57ffff,88194e6da5fffff,596,596,51.42986103364693,0.08225990018627309
89194e6da5bffff,88194e6da5fffff,596,596,51.43217175756433,0.07471617855490681
89194e6d503ffff,88194e6d51fffff,597,597,51.48473191770033,0.12474848900178853
89194e6d507ffff,88194e6d51fffff,597,597,51.48221413757829,0.12768852474138254
89194e6d50bffff,88194e6d51fffff,597,597,51.484527966431145,0.12014270370016598
89194e6d50fffff,88194e6d51fffff,597,597,51.48201024920392,0.12308304952440516
89194e6d513ffff,88194e6d51fffff,597,597,51.487453457789485,0.12641406314412854
89194e6d517ffff,88194e6d51fffff,597,597,51.48493568005984,0.1293541230509885
89194e6d51bffff,88194e6d51fffff,597,597,51.4872496325349,0.12180811897459083
89194e6d523ffff,88194e6d53fffff,598,598,51.47697461893952,0.12896273842654266
89194e6d527ffff,88194e6d53fffff,598,598,51.47445670596288,0.13190208158751737
89194e6d52bffff,88194e6d53fffff,598,598,51.476770667425235,0.12435773207140359
89194e6d52fffff,88194e6d53fffff,598,598,51.47425281729734,0.1272973852483457
89194e6d533ffff,88194e6d53fffff,598,598,51.479696292199094,0.130628226234827
89194e6d537ffff,88194e6d53fffff,598,598,51.47717838159305,0.13356759352368539
89194e6d53bffff,88194e6d53fffff,598,598,51.47949246669661,0.1260230610860039
