id,displayName,primaryTypeDisplayName,primaryType,types,rating,userRatingCount,location,shortFormattedAddress,priceRange,priceLevel,googleMapsUri,websiteUri,businessStatus,summaryType,takeaway
ChIJ8STD7OoFdkgR9IyRF284hc0,Selekt Chicken - Nine Elms,Restaurant,restaurant,"['fast_food_restaurant', 'restaurant', 'point_of_interest', 'food', 'establishment']",4.7,659.0,"{'latitude': 51.4746038, 'longitude': -0.1324822}","252 Wandsworth Rd, London","{'startPrice': {'currencyCode': 'GBP', 'units': '1'}, 'endPrice': {'currencyCode': 'GBP', 'units': '10'}}",,https://maps.google.com/?cid=14809304999465684212&g_mp=Cilnb29nbGUubWFwcy5wbGFjZXMudjEuUGxhY2VzLlNlYXJjaE5lYXJieRACGAQgAA,http://www.selektchicken.com/,OPERATIONAL,Fast Food,Dine-In
ChIJU_VgJQAFdkgRK5zBdVvxNn0,Paimbha Indian restaurant,Indian Restaurant,indian_restaurant,"['indian_restaurant', 'restaurant', 'point_of_interest', 'food', 'establishment']",4.6,86.0,"{'latitude': 51.4741697, 'longitude': -0.1328982}","indian Restaurant, paimbha, 266 Wandsworth Rd, London","{'startPrice': {'currencyCode': 'GBP', 'units': '10'}, 'endPrice': {'currencyCode': 'GBP', 'units': '20'}}",,https://maps.google.com/?cid=9022664278603308075&g_mp=Cilnb29nbGUubWFwcy5wbGFjZXMudjEuUGxhY2VzLlNlYXJjaE5lYXJieRACGAQgAA,https://paimbharestaurant.co.uk/,OPERATIONAL,South Asian,Dine-In
ChIJXSngkPgEdkgRaWmfsAy9ipE,Pak Hong Fish Bar,Takeout Restaurant,meal_takeaway,"['meal_delivery', 'food_delivery', 'chinese_restaurant', 'meal_takeaway', 'restaurant', 'point_of_interest', 'food', 'establishment']",3.4,151.0,"{'latitude': 51.4736693, 'longitude': -0.1330481}","413 Wandsworth Rd, London","{'startPrice': {'currencyCode': 'GBP', 'units': '10'}, 'endPrice': {'currencyCode': 'GBP', 'units': '20'}}",,https://maps.google.com/?cid=10487402544486115689&g_mp=Cilnb29nbGUubWFwcy5wbGFjZXMudjEuUGxhY2VzLlNlYXJjaE5lYXJieRACGAQgAA,https://pakhongfishbar.wixsite.com/pakhong,OPERATIONAL,Seafood,Takeaway Only
ChIJIX1Dl_gEdkgRnbxNdBlO3_4,Aquarium Snack Bar,Portuguese Restaurant,portuguese_restaurant,"['portuguese_restaurant', 'cafe', 'breakfast_restaurant', 'night_club', 'bar', 'restaurant', 'point_of_interest', 'food', 'establishment']",4.5,52.0,"{'latitude': 51.473599799999995, 'longitude': -0.1331191}","415 Wandsworth Rd, London","{'startPrice': {'currencyCode': 'GBP', 'units': '1'}, 'endPrice': {'currencyCode': 'GBP', 'units': '10'}}",,https://maps.google.com/?cid=18365483676672572573&g_mp=Cilnb29nbGUubWFwcy5wbGFjZXMudjEuUGxhY2VzLlNlYXJjaE5lYXJieRACGAQgAA,https://www.facebook.com/aquariumclubldn/,OPERATIONAL,European,Dine-In
ChIJfYupU_YFdkgR6QZiJU6p40k,Lahori Grill,Indian Restaurant,indian_restaurant,"['indian_restaurant', 'restaurant', 'point_of_interest', 'food', 'establishment']",4.6,45.0,"{'latitude': 51.474205299999994, 'longitude': -0.1329879}","266 Wandsworth Rd, London","{'startPrice': {'currencyCode': 'GBP', 'units': '10'}, 'endPrice': {'currencyCode': 'GBP', 'units': '20'}}",,https://maps.google.com/?cid=5324285337581782761&g_mp=Cilnb29nbGUubWFwcy5wbGFjZXMudjEuUGxhY2VzLlNlYXJjaE5lYXJieRACGAQgAA,,OPERATIONAL,South Asian,Dine-In
ChIJY4X5z1UEdkgRZCzKUQavb0w,McDonald's,Fast Food Restaurant,fast_food_restaurant,"['fast_food_restaurant', 'chicken_restaurant', 'diner', 'breakfast_restaurant', 'hamburger_restaurant', 'american_restaurant', 'service', 'restaurant', 'food', 'point_of_interest', 'establishment']",3.4,2349.0,"{'latitude': 51.471587299999996, 'longitude': -0.13697779999999998}","368, 370 Wandsworth Rd, London","{'startPrice': {'currencyCode': 'GBP', 'units': '1'}, 'endPrice': {'currencyCode': 'GBP', 'units': '10'}}",PRICE_LEVEL_INEXPENSIVE,https://maps.google.com/?cid=5507813310974274660&g_mp=Cilnb29nbGUubWFwcy5wbGFjZXMudjEuUGxhY2VzLlNlYXJjaE5lYXJieRACGAQgAA,https://www.mcdonalds.com/gb/en-gb.html?cid=RF:YEXT:GMB:8260912:Clicks:DIRSYN:,OPERATIONAL,Fast Food,Dine-In
ChIJxVqHTfgEdkgRD4dZm8lBnSc,A Toca Restaurant,Portuguese Restaurant,portuguese_restaurant,"['portuguese_restaurant', 'tapas_restaurant', 'greek_restaurant', 'croatian_restaurant', 'turkish_restaurant', 'french_restaurant', 'italian_restaurant', 'church', 'place_of_worship', 'meal_takeaway', 'spanish_restaurant', 'restaurant', 'point_of_interest', 'food', 'association_or_organization', 'establishment']",4.4,2412.0,"{'latitude': 51.475376399999995, 'longitude': -0.1311439}","341 Wandsworth Rd, London","{'startPrice': {'currencyCode': 'GBP', 'units': '20'}, 'endPrice': {'currencyCode': 'GBP', 'units': '30'}}",PRICE_LEVEL_MODERATE,https://maps.google.com/?cid=2854510072973330191&g_mp=Cilnb29nbGUubWFwcy5wbGFjZXMudjEuUGxhY2VzLlNlYXJjaE5lYXJieRACGAQgAA,http://www.atoca-lambeth.co.uk/,OPERATIONAL,European,Dine-In
ChIJgZTay1IFdkgRexi6lbhzsL4,After Hours,Soul Food Restaurant,soul_food_restaurant,"['soul_food_restaurant', 'halal_restaurant', 'vegan_restaurant', 'dessert_restaurant', 'vegetarian_restaurant', 'hookah_bar', 'cocktail_bar', 'chicken_restaurant', 'lounge_bar', 'night_club', 'bar', 'american_restaurant', 'meal_takeaway', 'event_venue', 'restaurant', 'point_of_interest', 'food', 'establishment']",4.0,278.0,"{'latitude': 51.476768299999996, 'longitude': -0.13044100000000003}","178a Wandsworth Rd, London","{'startPrice': {'currencyCode': 'GBP', 'units': '10'}, 'endPrice': {'currencyCode': 'GBP', 'units': '50'}}",,https://maps.google.com/?cid=13740609699730561147&g_mp=Cilnb29nbGUubWFwcy5wbGFjZXMudjEuUGxhY2VzLlNlYXJjaE5lYXJieRACGAQgAA,https://www.theafterhourslounge.com/,OPERATIONAL,American,Dine-In
ChIJOzRnUvgEdkgRdjLrE_0qwXg,Casa Benfica - Londres,Portuguese Restaurant,portuguese_restaurant,"['portuguese_restaurant', 'cafe', 'restaurant', 'point_of_interest', 'food', 'establishment']",4.5,238.0,"{'latitude': 51.4752155, 'longitude': -0.13161119999999998}","Wandsworth Rd, London","{'startPrice': {'currencyCode': 'GBP', 'units': '10'}, 'endPrice': {'currencyCode': 'GBP', 'units': '40'}}",,https://maps.google.com/?cid=8701283221505782390&g_mp=Cilnb29nbGUubWFwcy5wbGFjZXMudjEuUGxhY2VzLlNlYXJjaE5lYXJieRACGAQgAA,https://m.facebook.com/CasaBenficaLondres/,OPERATIONAL,European,Dine-In
ChIJAep23wQFdkgRgzleMAR9UGo,Lusitania,Portuguese Restaurant,portuguese_restaurant,"['portuguese_restaurant', 'mediterranean_restaurant', 'restaurant', 'point_of_interest', 'food', 'establishment']",4.2,465.0,"{'latitude': 51.475081499999995, 'longitude': -0.1314164}","353 Wandsworth Rd, London","{'startPrice': {'currencyCode': 'GBP', 'units': '20'}, 'endPrice': {'currencyCode': 'GBP', 'units': '70'}}",PRICE_LEVEL_MODERATE,https://maps.google.com/?cid=7660760423102036355&g_mp=Cilnb29nbGUubWFwcy5wbGFjZXMudjEuUGxhY2VzLlNlYXJjaE5lYXJieRACGAQgAA,https://www.restaurantelusitania.co.uk/,OPERATIONAL,European,Dine-In
ChIJZVJOlfkEdkgRvyf37HzvVfI,Meskerem,Ethiopian Restaurant,ethiopian_restaurant,"['ethiopian_restaurant', 'restaurant', 'point_of_interest', 'food', 'establishment']",4.7,100.0,"{'latitude': 51.4768894, 'longitude': -0.1305247}","176a Wandsworth Rd, London","{'startPrice': {'currencyCode': 'GBP', 'units': '10'}, 'endPrice': {'currencyCode': 'GBP', 'units': '20'}}",,https://maps.google.com/?cid=17462126450029569983&g_mp=Cilnb29nbGUubWFwcy5wbGFjZXMudjEuUGxhY2VzLlNlYXJjaE5lYXJieRACGAQgAA,http://www.findhabesha.com/component/jbusinessdirectory/companies/281?Itemid=3,OPERATIONAL,African,Dine-In
ChIJ7Zyh9_gEdkgRZJGEzIctdgY,Peri Peri Chicken Bites,Takeout Restaurant,meal_takeaway,"['fast_food_restaurant', 'meal_takeaway', 'restaurant', 'point_of_interest', 'food', 'establishment']",4.2,148.0,"{'latitude': 51.4748247, 'longitude': -0.13225299999999998}","242 Wandsworth Rd, London","{'startPrice': {'currencyCode': 'GBP', 'units': '1'}, 'endPrice': {'currencyCode': 'GBP', 'units': '10'}}",,https://maps.google.com/?cid=465609672754499940&g_mp=Cilnb29nbGUubWFwcy5wbGFjZXMudjEuUGxhY2VzLlNlYXJjaE5lYXJieRACGAQgAA,,OPERATIONAL,Fast Food,Takeaway Only
ChIJDbbm6_kEdkgR70bw0KvhD_w,Ocean Blue,Fish & Chips Restaurant,fish_and_chips_restaurant,"['fish_and_chips_restaurant', 'meal_takeaway', 'restaurant', 'point_of_interest', 'food', 'establishment']",4.3,344.0,"{'latitude': 51.477109999999996, 'longitude': -0.1301625}","172 Wandsworth Rd, London","{'startPrice': {'currencyCode': 'GBP', 'units': '10'}, 'endPrice': {'currencyCode': 'GBP', 'units': '20'}}",PRICE_LEVEL_MODERATE,https://maps.google.com/?cid=18162983950269564655&g_mp=Cilnb29nbGUubWFwcy5wbGFjZXMudjEuUGxhY2VzLlNlYXJjaE5lYXJieRACGAQgAA,,OPERATIONAL,Seafood,Dine-In
ChIJq6oduvkEdkgRPttPuU9f2vA,Twice As Nice,Caribbean Restaurant,caribbean_restaurant,"['caribbean_restaurant', 'restaurant', 'point_of_interest', 'food', 'establishment']",3.2,72.0,"{'latitude': 51.4762313, 'longitude': -0.13087120000000002}","192 Wandsworth Rd, London","{'startPrice': {'currencyCode': 'GBP', 'units': '10'}, 'endPrice': {'currencyCode': 'GBP', 'units': '20'}}",,https://maps.google.com/?cid=17355288910041701182&g_mp=Cilnb29nbGUubWFwcy5wbGFjZXMudjEuUGxhY2VzLlNlYXJjaE5lYXJieRACGAQgAA,,OPERATIONAL,Latin American,Dine-In
ChIJZVJOlfkEdkgR0f1alMlYxcc,El Hak,Kebab Shop,kebab_shop,"['kebab_shop', 'meal_takeaway', 'restaurant', 'point_of_interest', 'food', 'establishment']",3.8,197.0,"{'latitude': 51.476956699999995, 'longitude': -0.1302797}","174B Wandsworth Rd, London","{'startPrice': {'currencyCode': 'GBP', 'units': '10'}, 'endPrice': {'currencyCode': 'GBP', 'units': '20'}}",PRICE_LEVEL_INEXPENSIVE,https://maps.google.com/?cid=14395009406760320465&g_mp=Cilnb29nbGUubWFwcy5wbGFjZXMudjEuUGxhY2VzLlNlYXJjaE5lYXJieRACGAQgAA,,OPERATIONAL,Middle Eastern,Dine-In
ChIJqxIDTvgEdkgRnWknDFPgLvc,Dallas Peri Peri,Restaurant,restaurant,"['meal_takeaway', 'restaurant', 'point_of_interest', 'food', 'establishment']",4.2,119.0,"{'latitude': 51.4750148, 'longitude': -0.1315811}","355 Wandsworth Rd, London","{'startPrice': {'currencyCode': 'GBP', 'units': '1'}, 'endPrice': {'currencyCode': 'GBP', 'units': '10'}}",PRICE_LEVEL_INEXPENSIVE,https://maps.google.com/?cid=17811420223587707293&g_mp=Cilnb29nbGUubWFwcy5wbGFjZXMudjEuUGxhY2VzLlNlYXJjaE5lYXJieRACGAQgAA,https://dallasperiperi.co.uk/hXPy,OPERATIONAL,Restaurant,Dine-In
ChIJAU_oYwAFdkgRonragj5OHLk,Pizzaverse - Halal Sourdough Pizza,Takeout Restaurant,meal_takeaway,"['halal_restaurant', 'pizza_delivery', 'fast_food_restaurant', 'pizza_restaurant', 'meal_delivery', 'food_delivery', 'meal_takeaway', 'restaurant', 'point_of_interest', 'food', 'establishment']",4.9,28.0,"{'latitude': 51.474934399999995, 'longitude': -0.1311408}","355 Wandsworth Rd, London","{'startPrice': {'currencyCode': 'GBP', 'units': '10'}, 'endPrice': {'currencyCode': 'GBP', 'units': '20'}}",,https://maps.google.com/?cid=13338622226754861730&g_mp=Cilnb29nbGUubWFwcy5wbGFjZXMudjEuUGxhY2VzLlNlYXJjaE5lYXJieRACGAQgAA,https://www.ubereats.com/gb/store/pizzaverse/hjJNu7tcViq2iqIpXMwOgQ?diningMode=PICKUP,OPERATIONAL,Pizza,Takeaway Only
ChIJZ5xMSYgFdkgRDT3RBWpBWW8,9 Elms Burgers,Fast Food Restaurant,fast_food_restaurant,"['fast_food_restaurant', 'restaurant', 'point_of_interest', 'food', 'establishment']",4.8,36.0,"{'latitude': 51.474989099999995, 'longitude': -0.1314504}","355A Wandsworth Rd, London","{'startPrice': {'currencyCode': 'GBP', 'units': '1'}, 'endPrice': {'currencyCode': 'GBP', 'units': '10'}}",,https://maps.google.com/?cid=8023516134757186829&g_mp=Cilnb29nbGUubWFwcy5wbGFjZXMudjEuUGxhY2VzLlNlYXJjaE5lYXJieRACGAQgAA,,OPERATIONAL,Fast Food,Dine-In
ChIJMZdjzuQFdkgR_OhA222meb8,SMOKE ‘N’ GRILLZ LIMITED,Hamburger Restaurant,hamburger_restaurant,"['hamburger_restaurant', 'american_restaurant', 'restaurant', 'food', 'point_of_interest', 'establishment']",5.0,1.0,"{'latitude': 51.475046199999994, 'longitude': -0.13537359999999998}","Flat 22, Trevithick House, Deeley Rd, London",,,https://maps.google.com/?cid=13797241924186335484&g_mp=Cilnb29nbGUubWFwcy5wbGFjZXMudjEuUGxhY2VzLlNlYXJjaE5lYXJieRACGAQgAA,,OPERATIONAL,Burgers,Dine-In
ChIJV8z7MbIFdkgRBvuAh7AVadM,Paradise cove Battersea,Caribbean Restaurant,caribbean_restaurant,"['caribbean_restaurant', 'brewery', 'wine_bar', 'pub', 'cafe', 'vegan_restaurant', 'vegetarian_restaurant', 'manufacturer', 'bar', 'restaurant', 'point_of_interest', 'food', 'service', 'establishment']",4.6,862.0,"{'latitude': 51.470769399999995, 'longitude': -0.1378883}","515 Wandsworth Rd, London","{'startPrice': {'currencyCode': 'GBP', 'units': '20'}, 'endPrice': {'currencyCode': 'GBP', 'units': '30'}}",,https://maps.google.com/?cid=15233731062489217798&g_mp=Cilnb29nbGUubWFwcy5wbGFjZXMudjEuUGxhY2VzLlNlYXJjaE5lYXJieRACGAQgAA,http://www.paradisecovebattersea.com/,OPERATIONAL,Latin American,Dine-In
ChIJ1bfdm0cFdkgRMFJ0uQStlFw,Bronson's burgers - Nine Elms,Takeout Restaurant,meal_takeaway,"['meal_takeaway', 'restaurant', 'point_of_interest', 'food', 'establishment']",4.1,79.0,"{'latitude': 51.4748321, 'longitude': -0.14040909999999998}","Lindford Street Business Estate, 76 Stewart's Rd, London","{'startPrice': {'currencyCode': 'GBP', 'units': '10'}, 'endPrice': {'currencyCode': 'GBP', 'units': '20'}}",,https://maps.google.com/?cid=6671147183845429808&g_mp=Cilnb29nbGUubWFwcy5wbGFjZXMudjEuUGxhY2VzLlNlYXJjaE5lYXJieRACGAQgAA,http://www.bronsonsburgers.co.uk/,OPERATIONAL,Burgers,Takeaway Only
ChIJS4t9A1UEdkgRt_jR1n5jq38,Lebanese Grill II,Kebab Shop,kebab_shop,"['kebab_shop', 'restaurant', 'point_of_interest', 'food', 'establishment']",4.2,193.0,"{'latitude': 51.470586, 'longitude': -0.1383739}","523 Wandsworth Rd, London","{'startPrice': {'currencyCode': 'GBP', 'units': '10'}, 'endPrice': {'currencyCode': 'GBP', 'units': '20'}}",,https://maps.google.com/?cid=9199556060255484087&g_mp=Cilnb29nbGUubWFwcy5wbGFjZXMudjEuUGxhY2VzLlNlYXJjaE5lYXJieRACGAQgAA,,OPERATIONAL,Middle Eastern,Dine-In
ChIJyZ2EBVUEdkgRX90PaYXNszA,Orit Ethiopian Restaurant and Bar,Ethiopian Restaurant,ethiopian_restaurant,"['ethiopian_restaurant', 'restaurant', 'point_of_interest', 'food', 'establishment']",4.3,147.0,"{'latitude': 51.470850399999996, 'longitude': -0.1382831}","388 Wandsworth Rd, London","{'startPrice': {'currencyCode': 'GBP', 'units': '10'}, 'endPrice': {'currencyCode': 'GBP', 'units': '20'}}",PRICE_LEVEL_INEXPENSIVE,https://maps.google.com/?cid=3509374507528740191&g_mp=Cilnb29nbGUubWFwcy5wbGFjZXMudjEuUGxhY2VzLlNlYXJjaE5lYXJieRACGAQgAA,,OPERATIONAL,African,Dine-In
ChIJPfw8NG8FdkgRf4wGloJJsmM,Chicken Cottage,Restaurant,restaurant,"['chicken_wings_restaurant', 'chicken_restaurant', 'meal_takeaway', 'fast_food_restaurant', 'restaurant', 'point_of_interest', 'food', 'establishment']",3.6,101.0,"{'latitude': 51.4701888, 'longitude': -0.1392611}","535 Wandsworth Rd, London","{'startPrice': {'currencyCode': 'GBP', 'units': '1'}, 'endPrice': {'currencyCode': 'GBP', 'units': '10'}}",PRICE_LEVEL_INEXPENSIVE,https://maps.google.com/?cid=7183885180820950143&g_mp=Cilnb29nbGUubWFwcy5wbGFjZXMudjEuUGxhY2VzLlNlYXJjaE5lYXJieRACGAQgAA,http://www.chickencottage.com/,OPERATIONAL,Fast Food,Dine-In
ChIJWz0rSO4DdkgRNzZzd7fNg1g,Panza Mia,Fast Food Restaurant,fast_food_restaurant,"['fast_food_restaurant', 'pizza_delivery', 'meal_delivery', 'dessert_shop', 'confectionery', 'food_delivery', 'restaurant', 'point_of_interest', 'food_store', 'store', 'food', 'establishment']",4.4,91.0,"{'latitude': 51.4748321, 'longitude': -0.14040909999999998}","Lindford Street Business Estate, 76 Stewart's Rd, London","{'startPrice': {'currencyCode': 'GBP', 'units': '10'}, 'endPrice': {'currencyCode': 'GBP', 'units': '20'}}",,https://maps.google.com/?cid=6378167685153502775&g_mp=Cilnb29nbGUubWFwcy5wbGFjZXMudjEuUGxhY2VzLlNlYXJjaE5lYXJieRACGAQgAA,https://www.veatsio.com/,OPERATIONAL,Fast Food,Dine-In
ChIJy6HWT00FdkgR8Trw9v-oHu4,The Sushi Co Battersea,Takeout Restaurant,meal_takeaway,"['meal_takeaway', 'restaurant', 'food', 'point_of_interest', 'establishment']",5.0,3.0,"{'latitude': 51.475114899999994, 'longitude': -0.1452023}","Unit 20C, 15, 17 Ingate Pl, London",,,https://maps.google.com/?cid=17158337447641234161&g_mp=Cilnb29nbGUubWFwcy5wbGFjZXMudjEuUGxhY2VzLlNlYXJjaE5lYXJieRACGAQgAA,https://www.thesushico.co.uk/,OPERATIONAL,Japanese,Takeaway Only
ChIJWXUpk2wFdkgRqR14C_Z-JAQ,Joy Of Bao,Takeout Restaurant,meal_takeaway,"['meal_takeaway', 'restaurant', 'food', 'point_of_interest', 'establishment']",4.1,7.0,"{'latitude': 51.47538240000001, 'longitude': -0.14476229999999998}","Unit 20B, Spaces Business Centre Ingate Place, 15-17 Ingate Pl, London",,,https://maps.google.com/?cid=298503070532771241&g_mp=Cilnb29nbGUubWFwcy5wbGFjZXMudjEuUGxhY2VzLlNlYXJjaE5lYXJieRACGAQgAA,https://joyofbao.com/index.php,OPERATIONAL,Chinese,Takeaway Only
ChIJ620nI18FdkgR9yGurvLmNMs,The Sushi Kitchen,Takeout Restaurant,meal_takeaway,"['meal_takeaway', 'restaurant', 'food', 'point_of_interest', 'establishment']",4.3,6.0,"{'latitude': 51.4751218, 'longitude': -0.14521019999999998}","Unit 20B, Abbey Business Centre, Spaces Business Centre Ingate Place, Ingate Pl, London",,,https://maps.google.com/?cid=14642582218475446775&g_mp=Cilnb29nbGUubWFwcy5wbGFjZXMudjEuUGxhY2VzLlNlYXJjaE5lYXJieRACGAQgAA,,OPERATIONAL,Japanese,Takeaway Only
ChIJM9dWC80FdkgRQWgLiX4ALRU,Buy & Bite,Korean Restaurant,korean_restaurant,"['korean_restaurant', 'restaurant', 'food', 'point_of_interest', 'establishment']",5.0,1.0,"{'latitude': 51.474726, 'longitude': -0.1457291}","Unit 20, safe store, Business Centre, Ingate Pl, London",,,https://maps.google.com/?cid=1525876392213571649&g_mp=Cilnb29nbGUubWFwcy5wbGFjZXMudjEuUGxhY2VzLlNlYXJjaE5lYXJieRACGAQgAA,https://www.buyandbite.co.uk/,CLOSED_TEMPORARILY,Korean,Dine-In
ChIJBWhsNWwFdkgRnW9yO4Z4XP8,Com Com Restaurant,Vietnamese Restaurant,vietnamese_restaurant,"['vietnamese_restaurant', 'asian_restaurant', 'restaurant', 'point_of_interest', 'food', 'establishment']",4.7,232.0,"{'latitude': 51.4758126, 'longitude': -0.1490483}","183-185 Battersea Park Rd, London","{'startPrice': {'currencyCode': 'GBP', 'units': '10'}, 'endPrice': {'currencyCode': 'GBP', 'units': '20'}}",,https://maps.google.com/?cid=18400714695447310237&g_mp=Cilnb29nbGUubWFwcy5wbGFjZXMudjEuUGxhY2VzLlNlYXJjaE5lYXJieRACGAQgAA,https://comcomrestaurant.xyz/,OPERATIONAL,Vietnamese,Dine-In
ChIJU6W_7gYFdkgRiMCY4yAUMRo,San Gennaro,Pizza Restaurant,pizza_restaurant,"['pizza_restaurant', 'pizza_delivery', 'meal_delivery', 'food_delivery', 'italian_restaurant', 'meal_takeaway', 'restaurant', 'point_of_interest', 'service', 'food', 'establishment']",4.7,743.0,"{'latitude': 51.476388899999996, 'longitude': -0.1486111}","22 Battersea Park Rd, London","{'startPrice': {'currencyCode': 'GBP', 'units': '10'}, 'endPrice': {'currencyCode': 'GBP', 'units': '20'}}",PRICE_LEVEL_MODERATE,https://maps.google.com/?cid=1887311850334896264&g_mp=Cilnb29nbGUubWFwcy5wbGFjZXMudjEuUGxhY2VzLlNlYXJjaE5lYXJieRACGAQgAA,http://www.sangennaro.co.uk/,OPERATIONAL,Pizza,Dine-In
ChIJ1-xMtQcFdkgR-3MneAs9AXU,Angoletto Trattoria Italiana,Italian Restaurant,italian_restaurant,"['italian_restaurant', 'restaurant', 'point_of_interest', 'food', 'establishment']",4.6,754.0,"{'latitude': 51.4755782, 'longitude': -0.1509872}","50 Battersea Park Rd, London","{'startPrice': {'currencyCode': 'GBP', 'units': '20'}, 'endPrice': {'currencyCode': 'GBP', 'units': '30'}}",PRICE_LEVEL_MODERATE,https://maps.google.com/?cid=8431087096884065275&g_mp=Cilnb29nbGUubWFwcy5wbGFjZXMudjEuUGxhY2VzLlNlYXJjaE5lYXJieRACGAQgAA,http://angoletto.co.uk/,OPERATIONAL,European,Dine-In
ChIJubdBei0FdkgR2gQkThSEZE8,Cynthia's African Dishes,Restaurant,restaurant,"['restaurant', 'point_of_interest', 'food', 'establishment']",4.7,64.0,"{'latitude': 51.4756618, 'longitude': -0.1506942}","46 Battersea Park Rd, London","{'startPrice': {'currencyCode': 'GBP', 'units': '10'}, 'endPrice': {'currencyCode': 'GBP', 'units': '20'}}",,https://maps.google.com/?cid=5720842649412568282&g_mp=Cilnb29nbGUubWFwcy5wbGFjZXMudjEuUGxhY2VzLlNlYXJjaE5lYXJieRACGAQgAA,https://cynthiasafricandishes.co.uk/,OPERATIONAL,African,Dine-In
ChIJT-a8YPsFdkgRrfTt9l0UmKs,Pizza Brothers (Battersea),Takeout Restaurant,meal_takeaway,"['meal_takeaway', 'restaurant', 'point_of_interest', 'food', 'establishment']",4.7,134.0,"{'latitude': 51.4757429, 'longitude': -0.15058269999999999}","42 Battersea Park Rd, London","{'startPrice': {'currencyCode': 'GBP', 'units': '1'}, 'endPrice': {'currencyCode': 'GBP', 'units': '10'}}",,https://maps.google.com/?cid=12364655170753000621&g_mp=Cilnb29nbGUubWFwcy5wbGFjZXMudjEuUGxhY2VzLlNlYXJjaE5lYXJieRACGAQgAA,https://www.pizzabrothers.co.uk/battersea/?mtm_campaign=Business%20Profiles&mtm_kwd=Google%20Business,OPERATIONAL,Pizza,Takeaway Only
ChIJsSci6twbdkgRBHYjBRhOBAE,Chicken Run Co.,Takeout Restaurant,meal_takeaway,"['meal_takeaway', 'restaurant', 'point_of_interest', 'food', 'establishment']",4.7,128.0,"{'latitude': 51.4756614, 'longitude': -0.1507638}","Good Food House, 46 Battersea Park Rd, London","{'startPrice': {'currencyCode': 'GBP', 'units': '10'}, 'endPrice': {'currencyCode': 'GBP', 'units': '20'}}",,https://maps.google.com/?cid=73269359017162244&g_mp=Cilnb29nbGUubWFwcy5wbGFjZXMudjEuUGxhY2VzLlNlYXJjaE5lYXJieRACGAQgAA,https://www.chickenrunco.com/?utm_source=GBP.website&utm_medium=GBP&utm_campaign=br11733-website,OPERATIONAL,Fast Food,Takeaway Only
ChIJaf_6CU8FdkgRn_ZUoO5W_JE,Selekt Chicken Battersea,Fast Food Restaurant,fast_food_restaurant,"['fast_food_restaurant', 'restaurant', 'point_of_interest', 'food', 'establishment']",4.3,57.0,"{'latitude': 51.4754715, 'longitude': -0.15137409999999998}","60 Battersea Park Rd, London","{'startPrice': {'currencyCode': 'GBP', 'units': '1'}, 'endPrice': {'currencyCode': 'GBP', 'units': '10'}}",,https://maps.google.com/?cid=10519378412522763935&g_mp=Cilnb29nbGUubWFwcy5wbGFjZXMudjEuUGxhY2VzLlNlYXJjaE5lYXJieRACGAQgAA,https://selektchickenonline.uk/,OPERATIONAL,Fast Food,Dine-In
ChIJwd-mzAcFdkgR5XQw8Aq0YxY,Pizza Guys,Takeout Restaurant,meal_takeaway,"['meal_takeaway', 'restaurant', 'point_of_interest', 'food', 'establishment']",3.1,94.0,"{'latitude': 51.4754739, 'longitude': -0.1513652}","60 Battersea Park Rd, London","{'startPrice': {'currencyCode': 'GBP', 'units': '1'}, 'endPrice': {'currencyCode': 'GBP', 'units': '20'}}",,https://maps.google.com/?cid=1613331050601149669&g_mp=Cilnb29nbGUubWFwcy5wbGFjZXMudjEuUGxhY2VzLlNlYXJjaE5lYXJieRACGAQgAA,http://pizzaguys.grub24.co.uk/,OPERATIONAL,Pizza,Takeaway Only
ChIJB_RZrgwFdkgR4iYE91XptB4,Noura Lebanese Takeaway Battersea,Restaurant,restaurant,"['restaurant', 'halal_restaurant', 'vegan_restaurant', 'vegetarian_restaurant', 'sandwich_shop', 'lebanese_restaurant', 'point_of_interest', 'food', 'establishment']",4.7,22.0,"{'latitude': 51.4745685, 'longitude': -0.1530059}","279 Battersea Park Rd, London","{'startPrice': {'currencyCode': 'GBP', 'units': '10'}, 'endPrice': {'currencyCode': 'GBP', 'units': '60'}}",,https://maps.google.com/?cid=2212649872371492578&g_mp=Cilnb29nbGUubWFwcy5wbGFjZXMudjEuUGxhY2VzLlNlYXJjaE5lYXJieRACGAQgAA,https://www.nourakingston.com/?utm_source=GBP.website&utm_medium=GBP&utm_campaign=br17160-website,OPERATIONAL,Halal,Dine-In
ChIJJ4o9Qp4FdkgRI09MzvIybYU,South China,Takeout Restaurant,meal_takeaway,"['meal_takeaway', 'restaurant', 'point_of_interest', 'food', 'establishment']",2.1,21.0,"{'latitude': 51.4754715, 'longitude': -0.15137409999999998}","60 Battersea Park Rd, London","{'startPrice': {'currencyCode': 'GBP', 'units': '20'}, 'endPrice': {'currencyCode': 'GBP', 'units': '30'}}",,https://maps.google.com/?cid=9614396797930458915&g_mp=Cilnb29nbGUubWFwcy5wbGFjZXMudjEuUGxhY2VzLlNlYXJjaE5lYXJieRACGAQgAA,https://grub24.co.uk/menu-south-china,OPERATIONAL,Chinese,Takeaway Only
ChIJ38ZRywcFdkgRTp7XFUJXV0A,Zheng Kitchen,Restaurant,restaurant,"['restaurant', 'point_of_interest', 'food', 'establishment']",1.0,2.0,"{'latitude': 51.4754715, 'longitude': -0.15137409999999998}","60 Battersea Park Rd, London",,,https://maps.google.com/?cid=4636270282747125326&g_mp=Cilnb29nbGUubWFwcy5wbGFjZXMudjEuUGxhY2VzLlNlYXJjaE5lYXJieRACGAQgAA,,OPERATIONAL,Restaurant,Dine-In
ChIJk75jq7cFdkgRlD1vDuIb3mk,Fatchoy canteen（Battersea）,Restaurant,restaurant,"['restaurant', 'point_of_interest', 'food', 'establishment']",5.0,1.0,"{'latitude': 51.4745685, 'longitude': -0.1530059}","279 Battersea Park Rd, London",,,https://maps.google.com/?cid=7628565476530929044&g_mp=Cilnb29nbGUubWFwcy5wbGFjZXMudjEuUGxhY2VzLlNlYXJjaE5lYXJieRACGAQgAA,https://olizltd.co.uk/fatchoycanteen/,OPERATIONAL,Restaurant,Dine-In
ChIJa3G-bn4FdkgRJw_FbJ8iwgM,"Skewers and Karahi Corner Battersea, London",Asian Restaurant,asian_restaurant,"['asian_restaurant', 'restaurant', 'point_of_interest', 'food', 'establishment']",5.0,14.0,"{'latitude': 51.4745685, 'longitude': -0.1530059}","279 Battersea Park Rd, London","{'startPrice': {'currencyCode': 'GBP', 'units': '1'}, 'endPrice': {'currencyCode': 'GBP', 'units': '20'}}",,https://maps.google.com/?cid=270816995715649319&g_mp=Cilnb29nbGUubWFwcy5wbGFjZXMudjEuUGxhY2VzLlNlYXJjaE5lYXJieRACGAQgAA,https://skewerskarahi.co.uk/,OPERATIONAL,Asian (Other),Dine-In
ChIJPf-zRgEFdkgRjN05hcwo1ws,Pho Ta Battersea,Takeout Restaurant,meal_takeaway,"['meal_takeaway', 'restaurant', 'point_of_interest', 'food', 'establishment']",4.6,454.0,"{'latitude': 51.477267, 'longitude': -0.1460226}","151 Battersea Park Rd, London","{'startPrice': {'currencyCode': 'GBP', 'units': '10'}, 'endPrice': {'currencyCode': 'GBP', 'units': '20'}}",PRICE_LEVEL_INEXPENSIVE,https://maps.google.com/?cid=853195513283599756&g_mp=Cilnb29nbGUubWFwcy5wbGFjZXMudjEuUGxhY2VzLlNlYXJjaE5lYXJieRACGAQgAA,https://www.ubereats.com/gb/store/pho-ta/Kqu00B2PRauNNnruSPdSXw?srsltid=AfmBOoq_Eeod8Kp3HjVIh8K5ayHE-rVqMr1bC_H4f3PwbHoiFAQvF7i7,OPERATIONAL,Vietnamese,Takeaway Only
ChIJmxJQmf0EdkgRJCFCY_eUUjI,Avli of Battersea,Greek Restaurant,greek_restaurant,"['greek_restaurant', 'mediterranean_restaurant', 'wine_bar', 'breakfast_restaurant', 'brunch_restaurant', 'bar', 'restaurant', 'point_of_interest', 'food', 'establishment']",4.7,448.0,"{'latitude': 51.4770244, 'longitude': -0.14649879999999998}","161 Battersea Park Rd, London","{'startPrice': {'currencyCode': 'GBP', 'units': '10'}, 'endPrice': {'currencyCode': 'GBP', 'units': '20'}}",PRICE_LEVEL_MODERATE,https://maps.google.com/?cid=3626124440229781796&g_mp=Cilnb29nbGUubWFwcy5wbGFjZXMudjEuUGxhY2VzLlNlYXJjaE5lYXJieRACGAQgAA,,OPERATIONAL,European,Dine-In
ChIJ_64DCgAFdkgR_fETfzSvC-s,Duck & Rice,Chinese Restaurant,chinese_restaurant,"['chinese_restaurant', 'restaurant', 'point_of_interest', 'food', 'establishment']",4.1,21.0,"{'latitude': 51.479169999999996, 'longitude': -0.1436374}","Electric Boulevard, 44 Electric Blvd, London","{'startPrice': {'currencyCode': 'GBP', 'units': '30'}, 'endPrice': {'currencyCode': 'GBP', 'units': '70'}}",,https://maps.google.com/?cid=16936823463662055933&g_mp=Cilnb29nbGUubWFwcy5wbGFjZXMudjEuUGxhY2VzLlNlYXJjaE5lYXJieRACGAQgAA,https://theduckandrice.com/,OPERATIONAL,Chinese,Dine-In
ChIJyQ7AUNAFdkgRV7ttMvno53M,The Greek Spot,Greek Restaurant,greek_restaurant,"['greek_restaurant', 'restaurant', 'point_of_interest', 'food', 'establishment']",4.3,6.0,"{'latitude': 51.477004199999996, 'longitude': -0.1464868}","161 Battersea Park Rd, London",,,https://maps.google.com/?cid=8351900190972427095&g_mp=Cilnb29nbGUubWFwcy5wbGFjZXMudjEuUGxhY2VzLlNlYXJjaE5lYXJieRACGAQgAA,,OPERATIONAL,European,Dine-In
ChIJuROZxXgFdkgRWxD-_bpxi5k,Brekkie Cafe & Restaurant,Restaurant,restaurant,"['restaurant', 'point_of_interest', 'food', 'establishment']",4.9,207.0,"{'latitude': 51.477167699999995, 'longitude': -0.1460309}","153 Battersea Park Rd, London","{'startPrice': {'currencyCode': 'GBP', 'units': '10'}, 'endPrice': {'currencyCode': 'GBP', 'units': '20'}}",,https://maps.google.com/?cid=11064061957504897115&g_mp=Cilnb29nbGUubWFwcy5wbGFjZXMudjEuUGxhY2VzLlNlYXJjaE5lYXJieRACGAQgAA,,OPERATIONAL,Cafe & Coffee,Dine-In
ChIJR-AIxz4FdkgRx3j_Y2dKZds,Matteo's Cucina italiana Battersea,Italian Restaurant,italian_restaurant,"['italian_restaurant', 'restaurant', 'point_of_interest', 'food', 'establishment']",3.9,24.0,"{'latitude': 51.4748321, 'longitude': -0.14040909999999998}","Lindford Street Business Estate, 76 Stewart's Rd, London","{'startPrice': {'currencyCode': 'GBP', 'units': '10'}, 'endPrice': {'currencyCode': 'GBP', 'units': '20'}}",,https://maps.google.com/?cid=15809123874873768135&g_mp=Cilnb29nbGUubWFwcy5wbGFjZXMudjEuUGxhY2VzLlNlYXJjaE5lYXJieRACGAQgAA,https://matteoscucinaitaliana.com/,OPERATIONAL,European,Dine-In
ChIJ104I_GUFdkgRng6jf4Dk4kE,Backstreet Burgers,Fast Food Restaurant,fast_food_restaurant,"['fast_food_restaurant', 'restaurant', 'point_of_interest', 'food', 'establishment']",5.0,3.0,"{'latitude': 51.4748321, 'longitude': -0.14040909999999998}","Pod 20, Lindford Street Business Estate, 76 Stewart's Rd, London",,,https://maps.google.com/?cid=4747608197750263454&g_mp=Cilnb29nbGUubWFwcy5wbGFjZXMudjEuUGxhY2VzLlNlYXJjaE5lYXJieRACGAQgAA,,OPERATIONAL,Fast Food,Dine-In
ChIJfWV6zaAFdkgRshRLJs9hc5E,Shokunin Art Sushi Delivery,Takeout Restaurant,meal_takeaway,"['meal_takeaway', 'meal_delivery', 'food_delivery', 'restaurant', 'point_of_interest', 'food', 'establishment']",4.9,44.0,"{'latitude': 51.4748321, 'longitude': -0.14040909999999998}","Unit 33, 1st floor, Lindford Street Business Estate, 76 Stewart's Rd, London","{'startPrice': {'currencyCode': 'GBP', 'units': '20'}, 'endPrice': {'currencyCode': 'GBP', 'units': '30'}}",,https://maps.google.com/?cid=10480828300149855410&g_mp=Cilnb29nbGUubWFwcy5wbGFjZXMudjEuUGxhY2VzLlNlYXJjaE5lYXJieRACGAQgAA,https://shokunin-artsushi.com/,CLOSED_TEMPORARILY,Japanese,Takeaway Only
ChIJvxyFwTMFdkgR9iUDJkH6pjE,Bao Yum,Asian Fusion Restaurant,asian_fusion_restaurant,"['asian_fusion_restaurant', 'asian_restaurant', 'fusion_restaurant', 'american_restaurant', 'restaurant', 'point_of_interest', 'food', 'establishment']",3.9,77.0,"{'latitude': 51.474875499999996, 'longitude': -0.1403854}","Lindford Street Business Estate, 76 Stewart's Rd, London","{'startPrice': {'currencyCode': 'GBP', 'units': '10'}, 'endPrice': {'currencyCode': 'GBP', 'units': '20'}}",,https://maps.google.com/?cid=3577822111709996534&g_mp=Cilnb29nbGUubWFwcy5wbGFjZXMudjEuUGxhY2VzLlNlYXJjaE5lYXJieRACGAQgAA,https://www.baoyum.com/,OPERATIONAL,Asian (Other),Dine-In
ChIJ05Yvk-oFdkgRotEtIlcoHoI,Zoe Food,Greek Restaurant,greek_restaurant,"['greek_restaurant', 'mediterranean_restaurant', 'restaurant', 'point_of_interest', 'food', 'establishment']",4.9,28.0,"{'latitude': 51.474875499999996, 'longitude': -0.1403854}","Lindford Street Business Estate, 76 Stewart's Rd, London","{'startPrice': {'currencyCode': 'GBP', 'units': '10'}, 'endPrice': {'currencyCode': 'GBP', 'units': '20'}}",,https://maps.google.com/?cid=9375975828932645282&g_mp=Cilnb29nbGUubWFwcy5wbGFjZXMudjEuUGxhY2VzLlNlYXJjaE5lYXJieRACGAQgAA,http://zoefood.co.uk/,OPERATIONAL,European,Dine-In
ChIJb6X2eQAFdkgRr_Vg4LkcXiE,Lucky Chicken,Takeout Restaurant,meal_takeaway,"['meal_takeaway', 'restaurant', 'point_of_interest', 'food', 'establishment']",2.0,4.0,"{'latitude': 51.474875499999996, 'longitude': -0.1403854}","Kitchen 17, Lindford Street Business Estate, 76 Stewart's Rd, London",,,https://maps.google.com/?cid=2404390835721401775&g_mp=Cilnb29nbGUubWFwcy5wbGFjZXMudjEuUGxhY2VzLlNlYXJjaE5lYXJieRACGAQgAA,,OPERATIONAL,Fast Food,Takeaway Only
ChIJS6MJFrgFdkgRAVBofiU7pqs,Afro Cabbana,African Restaurant,african_restaurant,"['african_restaurant', 'catering_service', 'meal_delivery', 'food_delivery', 'restaurant', 'point_of_interest', 'service', 'food', 'establishment']",5.0,10.0,"{'latitude': 51.474875499999996, 'longitude': -0.1403854}","Lindford Street Business Estate, 76 Stewart's Rd, London",,,https://maps.google.com/?cid=12368638458840240129&g_mp=Cilnb29nbGUubWFwcy5wbGFjZXMudjEuUGxhY2VzLlNlYXJjaE5lYXJieRACGAQgAA,https://www.afrocabbana.com/,OPERATIONAL,African,Dine-In
ChIJwYtCF8AFdkgRDYyZ6Fk8C7U,猫の丼 Neko no Donburi,Japanese Restaurant,japanese_restaurant,"['japanese_restaurant', 'catering_service', 'food_delivery', 'meal_takeaway', 'restaurant', 'point_of_interest', 'service', 'food', 'establishment']",5.0,5.0,"{'latitude': 51.474875499999996, 'longitude': -0.1403854}","Unit K12, Lindford Street Business Estate, 76 Stewart's Rd, London","{'startPrice': {'currencyCode': 'GBP', 'units': '10'}, 'endPrice': {'currencyCode': 'GBP', 'units': '20'}}",,https://maps.google.com/?cid=13045587102460906509&g_mp=Cilnb29nbGUubWFwcy5wbGFjZXMudjEuUGxhY2VzLlNlYXJjaE5lYXJieRACGAQgAA,,OPERATIONAL,Japanese,Dine-In
ChIJm0SleF4FdkgRiJ7FIO5NgZE,JAPANESE YAMA SUSHI,Takeout Restaurant,meal_takeaway,"['meal_takeaway', 'restaurant', 'point_of_interest', 'food', 'establishment']",5.0,1.0,"{'latitude': 51.474875499999996, 'longitude': -0.1403854}","Lindford Street Business Estate, 76 Stewart's Rd, London",,,https://maps.google.com/?cid=10484747092642602632&g_mp=Cilnb29nbGUubWFwcy5wbGFjZXMudjEuUGxhY2VzLlNlYXJjaE5lYXJieRACGAQgAA,http://japaneseyamasushi.com/,CLOSED_TEMPORARILY,Japanese,Takeaway Only
ChIJgwv8Xz0FdkgROlvs90-syok,Panzer8,Takeout Restaurant,meal_takeaway,"['meal_takeaway', 'restaurant', 'point_of_interest', 'food', 'establishment']",4.8,19.0,"{'latitude': 51.474875499999996, 'longitude': -0.1403854}","Lindford Street Business Estate, 76 Stewart's Rd, London","{'startPrice': {'currencyCode': 'GBP', 'units': '10'}, 'endPrice': {'currencyCode': 'GBP', 'units': '20'}}",,https://maps.google.com/?cid=9928937787953535802&g_mp=Cilnb29nbGUubWFwcy5wbGFjZXMudjEuUGxhY2VzLlNlYXJjaE5lYXJieRACGAQgAA,https://www.panzer8.co.uk/,OPERATIONAL,Takeout,Takeaway Only
ChIJ1XBtbysFdkgRVVNKlINSotw,Zen-G Kitchen,Restaurant,restaurant,"['restaurant', 'point_of_interest', 'food', 'establishment']",5.0,2.0,"{'latitude': 51.474875499999996, 'longitude': -0.1403854}","Lindford Street Business Estate, 76 Stewart's Rd, London",,,https://maps.google.com/?cid=15898360359653364565&g_mp=Cilnb29nbGUubWFwcy5wbGFjZXMudjEuUGxhY2VzLlNlYXJjaE5lYXJieRACGAQgAA,https://zengkitchen.co.uk/,OPERATIONAL,Restaurant,Dine-In
ChIJ159kV-MFdkgRIhS8RRTyMm4,Pizza Detroit CitySlab,Pizza Restaurant,pizza_restaurant,"['pizza_restaurant', 'restaurant', 'food', 'point_of_interest', 'establishment']",5.0,1.0,"{'latitude': 51.4755865, 'longitude': -0.14116389999999998}","Unit 44, 44 Stewart'S Road, Battersea, London",,,https://maps.google.com/?cid=7940675261890827298&g_mp=Cilnb29nbGUubWFwcy5wbGFjZXMudjEuUGxhY2VzLlNlYXJjaE5lYXJieRACGAQgAA,,OPERATIONAL,Pizza,Dine-In
ChIJWzB9NAAFdkgRg2qfdCC1yMI,POTAGE,Restaurant,restaurant,"['restaurant', 'point_of_interest', 'food', 'establishment']",4.5,68.0,"{'latitude': 51.4752386, 'longitude': -0.14213979999999998}","Unit 7, Lindford Street Business Estate, 2 Linford St, London",,,https://maps.google.com/?cid=14035667389700336259&g_mp=Cilnb29nbGUubWFwcy5wbGFjZXMudjEuUGxhY2VzLlNlYXJjaE5lYXJieRACGAQgAA,,CLOSED_TEMPORARILY,Restaurant,Dine-In
ChIJD9a7GEUFdkgRosqUhSPHabg,Archway Battersea,Italian Restaurant,italian_restaurant,"['italian_restaurant', 'restaurant', 'food', 'point_of_interest', 'establishment']",4.7,341.0,"{'latitude': 51.4774738, 'longitude': -0.14782489999999998}","Arch 65 Queen's Circus, London","{'startPrice': {'currencyCode': 'GBP', 'units': '40'}, 'endPrice': {'currencyCode': 'GBP', 'units': '90'}}",,https://maps.google.com/?cid=13288371130912262818&g_mp=Cilnb29nbGUubWFwcy5wbGFjZXMudjEuUGxhY2VzLlNlYXJjaE5lYXJieRACGAQgAA,http://archwaybattersea.co.uk/,OPERATIONAL,European,Dine-In
ChIJGzzi5wYFdkgRwxMxaV4kFqI,Boqueria,Tapas Restaurant,tapas_restaurant,"['tapas_restaurant', 'restaurant', 'food', 'point_of_interest', 'establishment']",4.5,1057.0,"{'latitude': 51.476598, 'longitude': -0.1480356}","278 Queenstown Rd, London","{'startPrice': {'currencyCode': 'GBP', 'units': '20'}, 'endPrice': {'currencyCode': 'GBP', 'units': '60'}}",PRICE_LEVEL_MODERATE,https://maps.google.com/?cid=11679562671542309827&g_mp=Cilnb29nbGUubWFwcy5wbGFjZXMudjEuUGxhY2VzLlNlYXJjaE5lYXJieRACGAQgAA,http://boqueriatapas.com/,OPERATIONAL,European,Dine-In
ChIJz4TbK6oFdkgRlU_Jh2FRsik,Monterre Restaurant & Bar - Battersea,Italian Restaurant,italian_restaurant,"['italian_restaurant', 'brunch_restaurant', 'wine_bar', 'coffee_shop', 'cafe', 'cocktail_bar', 'bar', 'breakfast_restaurant', 'food_store', 'european_restaurant', 'store', 'restaurant', 'food', 'point_of_interest', 'establishment']",4.8,160.0,"{'latitude': 51.4783207, 'longitude': -0.1467064}","12 Palmer Rd, London","{'startPrice': {'currencyCode': 'GBP', 'units': '30'}, 'endPrice': {'currencyCode': 'GBP', 'units': '80'}}",,https://maps.google.com/?cid=3004553380741336981&g_mp=Cilnb29nbGUubWFwcy5wbGFjZXMudjEuUGxhY2VzLlNlYXJjaE5lYXJieRACGAQgAA,http://monterre.co.uk/,OPERATIONAL,European,Dine-In
ChIJz4wuSwEFdkgRYPyrn426fyc,Mike's Kitchen,Restaurant,restaurant,"['restaurant', 'food', 'point_of_interest', 'establishment']",4.0,81.0,"{'latitude': 51.4769918, 'longitude': -0.14659840000000002}","165 Battersea Park Rd, Greater, London",,,https://maps.google.com/?cid=2846198606953446496&g_mp=Cilnb29nbGUubWFwcy5wbGFjZXMudjEuUGxhY2VzLlNlYXJjaE5lYXJieRACGAQgAA,,CLOSED_TEMPORARILY,Restaurant,Dine-In
ChIJnXlNFVkFdkgRsufXAHbi3mU,Noushe Joon,Takeout Restaurant,meal_takeaway,"['meal_takeaway', 'restaurant', 'food', 'point_of_interest', 'establishment']",5.0,8.0,"{'latitude': 51.4774126, 'longitude': -0.1480689}","Arch 65 Queen's Circus, London",,,https://maps.google.com/?cid=7340553439108655026&g_mp=Cilnb29nbGUubWFwcy5wbGFjZXMudjEuUGxhY2VzLlNlYXJjaE5lYXJieRACGAQgAA,,CLOSED_TEMPORARILY,Takeout,Takeaway Only
ChIJuWN48KoFdkgR7nQ3EpYND7g,Big Taste Battersea,Restaurant,restaurant,"['restaurant', 'food', 'point_of_interest', 'establishment']",4.8,20.0,"{'latitude': 51.4765504, 'longitude': -0.14735869999999998}","V2, Railway Arches, Arch, Patcham Terrace, London","{'startPrice': {'currencyCode': 'GBP', 'units': '10'}, 'endPrice': {'currencyCode': 'GBP', 'units': '20'}}",,https://maps.google.com/?cid=13262834365831279854&g_mp=Cilnb29nbGUubWFwcy5wbGFjZXMudjEuUGxhY2VzLlNlYXJjaE5lYXJieRACGAQgAA,,OPERATIONAL,Restaurant,Dine-In
ChIJvwxh1AQFdkgRgDwh48YTpk0,Slurp & Savour 鄂了嗦粉,Chinese Noodle Restaurant,chinese_noodle_restaurant,"['chinese_noodle_restaurant', 'restaurant', 'food', 'point_of_interest', 'establishment']",4.9,143.0,"{'latitude': 51.4766202, 'longitude': -0.14783949999999998}","14 Battersea Park Rd, London","{'startPrice': {'currencyCode': 'GBP', 'units': '10'}, 'endPrice': {'currencyCode': 'GBP', 'units': '20'}}",,https://maps.google.com/?cid=5595181331989478528&g_mp=Cilnb29nbGUubWFwcy5wbGFjZXMudjEuUGxhY2VzLlNlYXJjaE5lYXJieRACGAQgAA,,OPERATIONAL,Chinese,Dine-In
ChIJh5udrvgFdkgR99Km-3OsjF8,The Salad Project - Battersea,Salad Shop,salad_shop,"['salad_shop', 'health_food_store', 'health', 'restaurant', 'point_of_interest', 'food_store', 'food', 'store', 'establishment']",4.7,243.0,"{'latitude': 51.4796101, 'longitude': -0.1444223}","Phase 3b, Electric Boulevard, Battersea Power Station, 48C, London","{'startPrice': {'currencyCode': 'GBP', 'units': '10'}, 'endPrice': {'currencyCode': 'GBP', 'units': '20'}}",,https://maps.google.com/?cid=6885067544485876471&g_mp=Cilnb29nbGUubWFwcy5wbGFjZXMudjEuUGxhY2VzLlNlYXJjaE5lYXJieRACGAQgAA,https://www.saladproject.co.uk/,OPERATIONAL,Vegetarian & Vegan,Dine-In
ChIJGWdASG4FdkgRcoyb2MriFgo,The Pig's Head,Gastropub,gastropub,"['gastropub', 'bar', 'restaurant', 'food', 'point_of_interest', 'establishment']",4.6,594.0,"{'latitude': 51.4656496, 'longitude': -0.14105869999999998}","87 Rectory Grove, London","{'startPrice': {'currencyCode': 'GBP', 'units': '30'}, 'endPrice': {'currencyCode': 'GBP', 'units': '70'}}",,https://maps.google.com/?cid=727017750712257650&g_mp=Cilnb29nbGUubWFwcy5wbGFjZXMudjEuUGxhY2VzLlNlYXJjaE5lYXJieRACGAQgAA,http://www.thepigshead.com/,OPERATIONAL,Bar & Pub,Dine-In
ChIJTWz4bgQFdkgRH-MuIn2pJ90,Cher Thai Eatery,Thai Restaurant,thai_restaurant,"['thai_restaurant', 'restaurant', 'food', 'point_of_interest', 'establishment']",4.8,689.0,"{'latitude': 51.466591099999995, 'longitude': -0.1423447}","22 North St, London","{'startPrice': {'currencyCode': 'GBP', 'units': '20'}, 'endPrice': {'currencyCode': 'GBP', 'units': '30'}}",PRICE_LEVEL_MODERATE,https://maps.google.com/?cid=15935892161383293727&g_mp=Cilnb29nbGUubWFwcy5wbGFjZXMudjEuUGxhY2VzLlNlYXJjaE5lYXJieRACGAQgAA,https://www.cherthailondon.co.uk/,OPERATIONAL,Thai,Dine-In
ChIJ_9enQMsFdkgRtaW01gBhV4I,Brorritos - Clapham,Mexican Restaurant,mexican_restaurant,"['mexican_restaurant', 'vegan_restaurant', 'halal_restaurant', 'vegetarian_restaurant', 'dessert_restaurant', 'taco_restaurant', 'meal_takeaway', 'burrito_restaurant', 'fast_food_restaurant', 'restaurant', 'food', 'point_of_interest', 'establishment']",4.9,317.0,"{'latitude': 51.465872499999996, 'longitude': -0.1417987}","13 North St, London","{'startPrice': {'currencyCode': 'GBP', 'units': '10'}, 'endPrice': {'currencyCode': 'GBP', 'units': '20'}}",,https://maps.google.com/?cid=9392082204134516149&g_mp=Cilnb29nbGUubWFwcy5wbGFjZXMudjEuUGxhY2VzLlNlYXJjaE5lYXJieRACGAQgAA,http://www.brorritos.co.uk/,OPERATIONAL,Latin American,Dine-In
ChIJHQGzXxMFdkgRGWl3bKP8JsY,China Garden (Clapham),Takeout Restaurant,meal_takeaway,"['meal_takeaway', 'restaurant', 'food', 'point_of_interest', 'establishment']",4.5,198.0,"{'latitude': 51.4658386, 'longitude': -0.14174119999999998}","11 North St, London","{'startPrice': {'currencyCode': 'GBP', 'units': '10'}, 'endPrice': {'currencyCode': 'GBP', 'units': '30'}}",,https://maps.google.com/?cid=14278377447454370073&g_mp=Cilnb29nbGUubWFwcy5wbGFjZXMudjEuUGxhY2VzLlNlYXJjaE5lYXJieRACGAQgAA,https://www.chinagardenexpress.co.uk/clapham/?mtm_campaign=Business%20Profiles&mtm_kwd=Google%20Business,OPERATIONAL,Chinese,Takeaway Only
ChIJv7ljkKwFdkgRkT8NwgRI3Sk,Old Town Indian Restaurant,Indian Restaurant,indian_restaurant,"['indian_restaurant', 'chicken_restaurant', 'vegan_restaurant', 'vegetarian_restaurant', 'breakfast_restaurant', 'meal_delivery', 'food_delivery', 'meal_takeaway', 'restaurant', 'food', 'point_of_interest', 'establishment']",4.5,78.0,"{'latitude': 51.4669397, 'longitude': -0.1426597}","36B North St, London","{'startPrice': {'currencyCode': 'GBP', 'units': '10'}, 'endPrice': {'currencyCode': 'GBP', 'units': '20'}}",,https://maps.google.com/?cid=3016646510680817553&g_mp=Cilnb29nbGUubWFwcy5wbGFjZXMudjEuUGxhY2VzLlNlYXJjaE5lYXJieRACGAQgAA,https://oldtownindian.co.uk/,OPERATIONAL,South Asian,Dine-In
ChIJ9yoxgBQFdkgRrYyIrsAalOc,Old Town Tandoori Indian Restaurant and Takeaway,Takeout Restaurant,meal_takeaway,"['asian_restaurant', 'meal_takeaway', 'indian_restaurant', 'restaurant', 'food', 'point_of_interest', 'establishment']",4.9,58.0,"{'latitude': 51.4669397, 'longitude': -0.1426597}","36b North St, London","{'startPrice': {'currencyCode': 'GBP', 'units': '10'}, 'endPrice': {'currencyCode': 'GBP', 'units': '20'}}",,https://maps.google.com/?cid=16686991934178757805&g_mp=Cilnb29nbGUubWFwcy5wbGFjZXMudjEuUGxhY2VzLlNlYXJjaE5lYXJieRACGAQgAA,https://oldtowntakeaway.uk/,OPERATIONAL,South Asian,Takeaway Only
ChIJ5XDMExwFdkgRyoMR0infjOg,Marlowes Clapham,Hamburger Restaurant,hamburger_restaurant,"['hamburger_restaurant', 'american_restaurant', 'restaurant', 'food', 'point_of_interest', 'establishment']",2.4,11.0,"{'latitude': 51.466175799999995, 'longitude': -0.1421391}","29 North St, London",,,https://maps.google.com/?cid=16757013684249789386&g_mp=Cilnb29nbGUubWFwcy5wbGFjZXMudjEuUGxhY2VzLlNlYXJjaE5lYXJieRACGAQgAA,,OPERATIONAL,Burgers,Dine-In
ChIJR5Zi3m4FdkgRqquBEYp5Lws,Railway Kitchen - Clapham,Takeout Restaurant,meal_takeaway,"['meal_takeaway', 'restaurant', 'food', 'point_of_interest', 'establishment']",5.0,1.0,"{'latitude': 51.466935899999996, 'longitude': -0.1426728}","36c North St, London",,,https://maps.google.com/?cid=805996492228766634&g_mp=Cilnb29nbGUubWFwcy5wbGFjZXMudjEuUGxhY2VzLlNlYXJjaE5lYXJieRACGAQgAA,https://deliveroo.co.uk/menu/london/clapham/railway-kitchen-clapham,OPERATIONAL,Takeout,Takeaway Only
ChIJ7UzTGXwFdkgRV0q0Pu5pGko,Maiella Worth,Italian Restaurant,italian_restaurant,"['italian_restaurant', 'coffee_shop', 'deli', 'bistro', 'liquor_store', 'cafe', 'food_store', 'restaurant', 'food', 'store', 'point_of_interest', 'establishment']",4.8,429.0,"{'latitude': 51.466760199999996, 'longitude': -0.1478053}","789 Wandsworth Rd, London","{'startPrice': {'currencyCode': 'GBP', 'units': '20'}, 'endPrice': {'currencyCode': 'GBP', 'units': '30'}}",,https://maps.google.com/?cid=5339696780176280151&g_mp=Cilnb29nbGUubWFwcy5wbGFjZXMudjEuUGxhY2VzLlNlYXJjaE5lYXJieRACGAQgAA,https://www.maiellaworth.com/?utm_source=google&utm_medium=wix_google_business_profile&utm_campaign=13365231475119246692,OPERATIONAL,European,Dine-In
ChIJ_53h5boFdkgR3cyzJTnF3NI,Remedy Kitchen,Restaurant,restaurant,"['buffet_restaurant', 'restaurant', 'food', 'point_of_interest', 'establishment']",4.1,143.0,"{'latitude': 51.466698300000004, 'longitude': -0.1479105}","791-793 Wandsworth Rd, London","{'startPrice': {'currencyCode': 'GBP', 'units': '10'}, 'endPrice': {'currencyCode': 'GBP', 'units': '20'}}",,https://maps.google.com/?cid=15194236092077559005&g_mp=Cilnb29nbGUubWFwcy5wbGFjZXMudjEuUGxhY2VzLlNlYXJjaE5lYXJieRACGAQgAA,http://www.remedykitchen.co.uk/,OPERATIONAL,Buffet,Dine-In
ChIJi5jMRgAFdkgRn5EVdqgnC88,Tennessee Chicken (Battersea),Restaurant,restaurant,"['fast_food_restaurant', 'meal_takeaway', 'restaurant', 'food', 'point_of_interest', 'establishment']",4.2,22.0,"{'latitude': 51.4664881, 'longitude': -0.14855659999999998}","807 Wandsworth Rd, London","{'startPrice': {'currencyCode': 'GBP', 'units': '1'}, 'endPrice': {'currencyCode': 'GBP', 'units': '10'}}",,https://maps.google.com/?cid=14919061795084013983&g_mp=Cilnb29nbGUubWFwcy5wbGFjZXMudjEuUGxhY2VzLlNlYXJjaE5lYXJieRACGAQgAA,https://www.tennesseechicken.co.uk/battersea/?mtm_campaign=Business%20Profiles&mtm_kwd=Google%20Business,OPERATIONAL,Fast Food,Dine-In
ChIJzQJpuMUFdkgRi0_f5sYYmPc,willows,Restaurant,restaurant,"['restaurant', 'brunch_restaurant', 'wine_bar', 'bar', 'food', 'point_of_interest', 'establishment']",4.7,647.0,"{'latitude': 51.463404499999996, 'longitude': -0.1411175}","11 The Polygon, London","{'startPrice': {'currencyCode': 'GBP', 'units': '20'}, 'endPrice': {'currencyCode': 'GBP', 'units': '30'}}",,https://maps.google.com/?cid=17841037166384205707&g_mp=Cilnb29nbGUubWFwcy5wbGFjZXMudjEuUGxhY2VzLlNlYXJjaE5lYXJieRACGAQgAA,http://willowsclapham.com/,OPERATIONAL,Brunch & Breakfast,Dine-In
ChIJHdc2Rq0FdkgRNkQ9YeRS1ig,Trinity,Fine Dining Restaurant,fine_dining_restaurant,"['fine_dining_restaurant', 'restaurant', 'food', 'point_of_interest', 'establishment']",4.8,1035.0,"{'latitude': 51.4634942, 'longitude': -0.1414242}","4 The Polygon, London","{'startPrice': {'currencyCode': 'GBP', 'units': '100'}}",PRICE_LEVEL_VERY_EXPENSIVE,https://maps.google.com/?cid=2942630547370624054&g_mp=Cilnb29nbGUubWFwcy5wbGFjZXMudjEuUGxhY2VzLlNlYXJjaE5lYXJieRACGAQgAA,http://www.trinityrestaurant.co.uk/,OPERATIONAL,Fine Dining,Dine-In
ChIJlURGVFYFdkgRU2hdZLDdSvs,Brew & Barrel,Brunch Restaurant,brunch_restaurant,"['brunch_restaurant', 'cocktail_bar', 'coffee_shop', 'cafe', 'bar', 'food_store', 'restaurant', 'food', 'point_of_interest', 'store', 'establishment']",4.7,410.0,"{'latitude': 51.463973599999996, 'longitude': -0.1418398}","36A Old Town, London","{'startPrice': {'currencyCode': 'GBP', 'units': '10'}, 'endPrice': {'currencyCode': 'GBP', 'units': '20'}}",,https://maps.google.com/?cid=18107529001464326227&g_mp=Cilnb29nbGUubWFwcy5wbGFjZXMudjEuUGxhY2VzLlNlYXJjaE5lYXJieRACGAQgAA,https://www.brewandbarrelsw4.com/,OPERATIONAL,Brunch & Breakfast,Dine-In
ChIJCf4S200FdkgR2RxaDBhSb_c,Margot Green,Restaurant,restaurant,"['restaurant', 'cocktail_bar', 'brunch_restaurant', 'coffee_shop', 'cafe', 'breakfast_restaurant', 'australian_restaurant', 'meal_takeaway', 'bar', 'food_store', 'food', 'point_of_interest', 'store', 'establishment']",4.6,266.0,"{'latitude': 51.4640557, 'longitude': -0.1417714}","34-36 Old Town, London","{'startPrice': {'currencyCode': 'GBP', 'units': '20'}, 'endPrice': {'currencyCode': 'GBP', 'units': '30'}}",,https://maps.google.com/?cid=17829559713023007961&g_mp=Cilnb29nbGUubWFwcy5wbGFjZXMudjEuUGxhY2VzLlNlYXJjaE5lYXJieRACGAQgAA,https://www.daisygreenfood.com/location-margot,OPERATIONAL,Bar & Pub,Dine-In
ChIJ8cu1S7EFdkgRNK8S8lwDGe4,Buddy's Deli,Sandwich Shop,sandwich_shop,"['sandwich_shop', 'restaurant', 'food', 'point_of_interest', 'establishment']",4.6,104.0,"{'latitude': 51.463730600000005, 'longitude': -0.1412332}","Rose & Crown, 1 The Polygon, London","{'startPrice': {'currencyCode': 'GBP', 'units': '1'}, 'endPrice': {'currencyCode': 'GBP', 'units': '10'}}",,https://maps.google.com/?cid=17156747953177800500&g_mp=Cilnb29nbGUubWFwcy5wbGFjZXMudjEuUGxhY2VzLlNlYXJjaE5lYXJieRACGAQgAA,https://www.instagram.com/buddys_deli?igsh=NHRvOHVlandkY2Mz,OPERATIONAL,Sandwich & Deli,Dine-In
ChIJ36APYg0FdkgR8DRF4-44s_k,Upstairs,Restaurant,restaurant,"['restaurant', 'food', 'point_of_interest', 'establishment']",4.7,102.0,"{'latitude': 51.4635207, 'longitude': -0.14152009999999998}","4 The Polygon, London",,,https://maps.google.com/?cid=17992787534941598960&g_mp=Cilnb29nbGUubWFwcy5wbGFjZXMudjEuUGxhY2VzLlNlYXJjaE5lYXJieRACGAQgAA,http://www.trinity-upstairs.co.uk/,OPERATIONAL,Restaurant,Dine-In
ChIJUWCMxwoFdkgRnxmlkrlodFQ,Omnibus Cafe,Brunch Restaurant,brunch_restaurant,"['brunch_restaurant', 'coffee_shop', 'cafe', 'pub', 'bar', 'food_store', 'restaurant', 'food', 'point_of_interest', 'store', 'establishment']",4.6,9.0,"{'latitude': 51.463649999999994, 'longitude': -0.142405}","1 Clapham Common North Side, London","{'startPrice': {'currencyCode': 'GBP', 'units': '1'}, 'endPrice': {'currencyCode': 'GBP', 'units': '10'}}",,https://maps.google.com/?cid=6085604142722914719&g_mp=Cilnb29nbGUubWFwcy5wbGFjZXMudjEuUGxhY2VzLlNlYXJjaE5lYXJieRACGAQgAA,https://www.brewandbarrelsw4.com/,OPERATIONAL,Brunch & Breakfast,Dine-In
ChIJGYOcBVUEdkgRR08wwrQGeFE,Maria Flavours Restaurant,Restaurant,restaurant,"['restaurant', 'point_of_interest', 'food', 'establishment']",5.0,1.0,"{'latitude': 51.4708538, 'longitude': -0.1382426}","388 Wandsworth Rd, London",,,https://maps.google.com/?cid=5870449487699267399&g_mp=Cilnb29nbGUubWFwcy5wbGFjZXMudjEuUGxhY2VzLlNlYXJjaE5lYXJieRACGAQgAA,,OPERATIONAL,Restaurant,Dine-In
ChIJndJqEvgFdkgR7THSgYQIo0s,Beijing Dragon Restaurant,Chinese Restaurant,chinese_restaurant,"['chinese_restaurant', 'restaurant', 'point_of_interest', 'food', 'establishment']",5.0,1.0,"{'latitude': 51.4694821, 'longitude': -0.1408408}","585 Wandsworth Rd, London",,,https://maps.google.com/?cid=5450209339255173613&g_mp=Cilnb29nbGUubWFwcy5wbGFjZXMudjEuUGxhY2VzLlNlYXJjaE5lYXJieRACGAQgAA,,OPERATIONAL,Chinese,Dine-In
ChIJCdydQTwFdkgRLRWkVchU7NQ,Megan's Clapham Old Town Restaurant (Clapham),Mediterranean Restaurant,mediterranean_restaurant,"['mediterranean_restaurant', 'breakfast_restaurant', 'cafe', 'brunch_restaurant', 'restaurant', 'food', 'point_of_interest', 'establishment']",4.6,4270.0,"{'latitude': 51.4634095, 'longitude': -0.1407742}","55-57 The Pavement, London","{'startPrice': {'currencyCode': 'GBP', 'units': '10'}, 'endPrice': {'currencyCode': 'GBP', 'units': '30'}}",PRICE_LEVEL_MODERATE,https://maps.google.com/?cid=15342731249951446317&g_mp=Cilnb29nbGUubWFwcy5wbGFjZXMudjEuUGxhY2VzLlNlYXJjaE5lYXJieRACGAQgAA,https://megans.co.uk/locations/megans-clapham/,OPERATIONAL,Brunch & Breakfast,Dine-In
ChIJc83XyhIFdkgREt7-kN4nf4c,"BOBO & WILD - Clapham ""Coffee, Brunch & Bakery""",Brunch Restaurant,brunch_restaurant,"['brunch_restaurant', 'coffee_shop', 'coffee_roastery', 'sandwich_shop', 'cocktail_bar', 'cafe', 'breakfast_restaurant', 'bar', 'bakery', 'restaurant', 'point_of_interest', 'food_store', 'food', 'store', 'establishment']",4.8,529.0,"{'latitude': 51.4610452, 'longitude': -0.1386268}","18 Clapham Common South Side, London","{'startPrice': {'currencyCode': 'GBP', 'units': '10'}, 'endPrice': {'currencyCode': 'GBP', 'units': '20'}}",,https://maps.google.com/?cid=9763566354031369746&g_mp=Cilnb29nbGUubWFwcy5wbGFjZXMudjEuUGxhY2VzLlNlYXJjaE5lYXJieRACGAQgAA,http://www.boboandwild.co.uk/,OPERATIONAL,Brunch & Breakfast,Dine-In
ChIJRWNGE00EdkgRwyaONRrJ4A8,The Pepper Tree,Thai Restaurant,thai_restaurant,"['thai_restaurant', 'asian_restaurant', 'bar', 'restaurant', 'point_of_interest', 'food', 'establishment']",4.3,1108.0,"{'latitude': 51.460997199999994, 'longitude': -0.13865829999999998}","19 Clapham Common South Side, London","{'startPrice': {'currencyCode': 'GBP', 'units': '10'}, 'endPrice': {'currencyCode': 'GBP', 'units': '20'}}",PRICE_LEVEL_MODERATE,https://maps.google.com/?cid=1144135419756947139&g_mp=Cilnb29nbGUubWFwcy5wbGFjZXMudjEuUGxhY2VzLlNlYXJjaE5lYXJieRACGAQgAA,https://www.thepeppertree.co.uk/,OPERATIONAL,Thai,Dine-In
ChIJAdoDSUUFdkgRPIW-WDzmXVg,RAJAH ROWING INDIAN KITCHEN CLAPHAM,Takeout Restaurant,meal_takeaway,"['meal_takeaway', 'restaurant', 'point_of_interest', 'food', 'establishment']",4.6,103.0,"{'latitude': 51.460142999999995, 'longitude': -0.135233}","70 Clapham Park Rd, London","{'startPrice': {'currencyCode': 'GBP', 'units': '10'}, 'endPrice': {'currencyCode': 'GBP', 'units': '20'}}",,https://maps.google.com/?cid=6367498595033056572&g_mp=Cilnb29nbGUubWFwcy5wbGFjZXMudjEuUGxhY2VzLlNlYXJjaE5lYXJieRACGAQgAA,http://www.rajahrowing.com/,OPERATIONAL,South Asian,Takeaway Only
ChIJJ1i6WXcFdkgREpV9IIZ3VQo,Zing Zing,Takeout Restaurant,meal_takeaway,"['meal_takeaway', 'restaurant', 'point_of_interest', 'food', 'establishment']",3.0,38.0,"{'latitude': 51.459858, 'longitude': -0.1346891}","86 Clapham Park Rd, London","{'startPrice': {'currencyCode': 'GBP', 'units': '20'}, 'endPrice': {'currencyCode': 'GBP', 'units': '30'}}",,https://maps.google.com/?cid=744632731354109202&g_mp=Cilnb29nbGUubWFwcy5wbGFjZXMudjEuUGxhY2VzLlNlYXJjaE5lYXJieRACGAQgAA,https://www.zing-zing.co.uk/,OPERATIONAL,Takeout,Takeaway Only
ChIJ0Q0twk0EdkgR7ZESAuGdF18,New Milano Pizza,Pizza Restaurant,pizza_restaurant,"['pizza_restaurant', 'meal_takeaway', 'restaurant', 'point_of_interest', 'food', 'establishment']",3.4,103.0,"{'latitude': 51.4609167, 'longitude': -0.1358854}","57 Clapham Park Rd, London","{'startPrice': {'currencyCode': 'GBP', 'units': '1'}, 'endPrice': {'currencyCode': 'GBP', 'units': '40'}}",,https://maps.google.com/?cid=6852118947795472877&g_mp=Cilnb29nbGUubWFwcy5wbGFjZXMudjEuUGxhY2VzLlNlYXJjaE5lYXJieRACGAQgAA,https://newmilano-pizza.co.uk/,OPERATIONAL,Pizza,Dine-In
ChIJdXCQr30FdkgRfWXr867jPTA,Martine's Bar & Grill,Restaurant,restaurant,"['restaurant', 'point_of_interest', 'food', 'establishment']",5.0,10.0,"{'latitude': 51.4601465, 'longitude': -0.1354272}","56 Clapham Park Rd, London",,,https://maps.google.com/?cid=3476184827955996029&g_mp=Cilnb29nbGUubWFwcy5wbGFjZXMudjEuUGxhY2VzLlNlYXJjaE5lYXJieRACGAQgAA,https://martinesbar.co.uk/,OPERATIONAL,Restaurant,Dine-In
ChIJ3XluOnMFdkgRDpx-VIuOp1M,Matteo's Cucina Italiana Clapham,Takeout Restaurant,meal_takeaway,"['meal_takeaway', 'restaurant', 'point_of_interest', 'food', 'establishment']",4.7,12.0,"{'latitude': 51.46006810000001, 'longitude': -0.13520920000000003}","72 Clapham Park Rd, London","{'startPrice': {'currencyCode': 'GBP', 'units': '10'}, 'endPrice': {'currencyCode': 'GBP', 'units': '20'}}",,https://maps.google.com/?cid=6027943355327880206&g_mp=Cilnb29nbGUubWFwcy5wbGFjZXMudjEuUGxhY2VzLlNlYXJjaE5lYXJieRACGAQgAA,,OPERATIONAL,European,Takeaway Only
ChIJSXWyf04EdkgR2z4I2Dfb4sI,Yun Hua,Takeout Restaurant,meal_takeaway,"['fast_food_restaurant', 'meal_delivery', 'food_delivery', 'chinese_restaurant', 'meal_takeaway', 'restaurant', 'point_of_interest', 'food', 'establishment']",3.1,60.0,"{'latitude': 51.459855999999995, 'longitude': -0.134681}","86 Clapham Park Rd, London","{'startPrice': {'currencyCode': 'GBP', 'units': '20'}, 'endPrice': {'currencyCode': 'GBP', 'units': '30'}}",,https://maps.google.com/?cid=14043027620988731099&g_mp=Cilnb29nbGUubWFwcy5wbGFjZXMudjEuUGxhY2VzLlNlYXJjaE5lYXJieRACGAQgAA,,OPERATIONAL,Fast Food,Takeaway Only
ChIJNVcQ0U0EdkgRenXPwU7MhUY,Aspall Suffolk,Restaurant,restaurant,"['restaurant', 'point_of_interest', 'food', 'establishment']",5.0,1.0,"{'latitude': 51.4602035, 'longitude': -0.1353145}",London,,,https://maps.google.com/?cid=5081692393188586874&g_mp=Cilnb29nbGUubWFwcy5wbGFjZXMudjEuUGxhY2VzLlNlYXJjaE5lYXJieRACGAQgAA,,OPERATIONAL,Restaurant,Dine-In
ChIJZY5tfgAFdkgRJ6odoiHTvRg,MHASIF Virtual Food Hall,Fast Food Restaurant,fast_food_restaurant,"['fast_food_restaurant', 'restaurant', 'point_of_interest', 'food', 'establishment']",5.0,8.0,"{'latitude': 51.4601178, 'longitude': -0.13515649999999998}","72 Clapham Park Rd, London","{'startPrice': {'currencyCode': 'GBP', 'units': '1'}, 'endPrice': {'currencyCode': 'GBP', 'units': '20'}}",,https://maps.google.com/?cid=1782813168915819047&g_mp=Cilnb29nbGUubWFwcy5wbGFjZXMudjEuUGxhY2VzLlNlYXJjaE5lYXJieRACGAQgAA,https://reef-uk.getreef.com/ldn302-1?locale=en,OPERATIONAL,Fast Food,Dine-In
ChIJH6fU5ZoFdkgRQe37uo_XH4U,The Breakfast Bowl,Takeout Restaurant,meal_takeaway,"['meal_takeaway', 'restaurant', 'point_of_interest', 'food', 'establishment']",5.0,3.0,"{'latitude': 51.46006810000001, 'longitude': -0.13520920000000003}","72 Clapham Park Rd, London","{'startPrice': {'currencyCode': 'GBP', 'units': '1'}, 'endPrice': {'currencyCode': 'GBP', 'units': '10'}}",,https://maps.google.com/?cid=9592622743639813441&g_mp=Cilnb29nbGUubWFwcy5wbGFjZXMudjEuUGxhY2VzLlNlYXJjaE5lYXJieRACGAQgAA,,OPERATIONAL,Cafe & Coffee,Takeaway Only
ChIJQdyv1k0EdkgRypqkXEXoC5w,Chef Space,Restaurant,restaurant,"['restaurant', 'point_of_interest', 'food', 'establishment']",3.0,1.0,"{'latitude': 51.4601281, 'longitude': -0.1351475}",London,,,https://maps.google.com/?cid=11244336279265254090&g_mp=Cilnb29nbGUubWFwcy5wbGFjZXMudjEuUGxhY2VzLlNlYXJjaE5lYXJieRACGAQgAA,,OPERATIONAL,Restaurant,Dine-In
ChIJ00NAnp0FdkgRytyoXyNd9X8,Naked Rabbit,Brunch Restaurant,brunch_restaurant,"['brunch_restaurant', 'restaurant', 'point_of_interest', 'food', 'establishment']",4.9,61.0,"{'latitude': 51.4607919, 'longitude': -0.1390537}","25 Clapham Common South Side, London","{'startPrice': {'currencyCode': 'GBP', 'units': '10'}, 'endPrice': {'currencyCode': 'GBP', 'units': '20'}}",,https://maps.google.com/?cid=9220378218621099210&g_mp=Cilnb29nbGUubWFwcy5wbGFjZXMudjEuUGxhY2VzLlNlYXJjaE5lYXJieRACGAQgAA,http://nakedrabbit.co.uk/,OPERATIONAL,Brunch & Breakfast,Dine-In
ChIJgeDXLGAFdkgRefjTt6Jjemw,Common Pizza,Pizza Restaurant,pizza_restaurant,"['pizza_restaurant', 'restaurant', 'point_of_interest', 'food', 'establishment']",4.7,512.0,"{'latitude': 51.460784499999995, 'longitude': -0.1432803}","10 Rookery Rd, London","{'startPrice': {'currencyCode': 'GBP', 'units': '10'}, 'endPrice': {'currencyCode': 'GBP', 'units': '20'}}",,https://maps.google.com/?cid=7816669653774891129&g_mp=Cilnb29nbGUubWFwcy5wbGFjZXMudjEuUGxhY2VzLlNlYXJjaE5lYXJieRACGAQgAA,https://commonpizza.co.uk/,OPERATIONAL,Pizza,Dine-In
ChIJY9IfdEsEdkgRxOto48I4BRw,Pizza Hut Clapham,Takeout Restaurant,meal_takeaway,"['pizza_restaurant', 'pizza_delivery', 'meal_delivery', 'food_delivery', 'meal_takeaway', 'fast_food_restaurant', 'restaurant', 'food', 'point_of_interest', 'establishment']",4.1,369.0,"{'latitude': 51.4552, 'longitude': -0.1393}","75 Abbeville Rd, London","{'startPrice': {'currencyCode': 'GBP', 'units': '10'}, 'endPrice': {'currencyCode': 'GBP', 'units': '20'}}",PRICE_LEVEL_MODERATE,https://maps.google.com/?cid=2019082417635650500&g_mp=Cilnb29nbGUubWFwcy5wbGFjZXMudjEuUGxhY2VzLlNlYXJjaE5lYXJieRACGAQgAA,https://www.pizzahut.co.uk/,OPERATIONAL,Pizza,Takeaway Only
ChIJo0YRgisFdkgRIL9Iyj6Zf5g,Fumi Express - Japanese and Korean,Takeout Restaurant,meal_takeaway,"['meal_takeaway', 'japanese_restaurant', 'korean_restaurant', 'restaurant', 'food', 'point_of_interest', 'establishment']",4.6,23.0,"{'latitude': 51.4552516, 'longitude': -0.13942069999999998}","95 Hambalt Rd, London","{'startPrice': {'currencyCode': 'GBP', 'units': '10'}, 'endPrice': {'currencyCode': 'GBP', 'units': '20'}}",,https://maps.google.com/?cid=10988670110768086816&g_mp=Cilnb29nbGUubWFwcy5wbGFjZXMudjEuUGxhY2VzLlNlYXJjaE5lYXJieRACGAQgAA,https://www.fumiexpress.co.uk/Menu,OPERATIONAL,Korean,Takeaway Only
ChIJxQ_1h00EdkgRfr6dRI2qe4Q,McDonald's,Fast Food Restaurant,fast_food_restaurant,"['fast_food_restaurant', 'hamburger_restaurant', 'diner', 'chicken_restaurant', 'breakfast_restaurant', 'american_restaurant', 'restaurant', 'point_of_interest', 'service', 'food', 'establishment']",3.6,1800.0,"{'latitude': 51.462868799999995, 'longitude': -0.1354852}","130/134 Clapham High St, London","{'startPrice': {'currencyCode': 'GBP', 'units': '1'}, 'endPrice': {'currencyCode': 'GBP', 'units': '10'}}",PRICE_LEVEL_INEXPENSIVE,https://maps.google.com/?cid=9546411358860197502&g_mp=Cilnb29nbGUubWFwcy5wbGFjZXMudjEuUGxhY2VzLlNlYXJjaE5lYXJieRACGAQgAA,https://www.mcdonalds.com/gb/en-gb.html?cid=RF:YEXT:GMB:8260379:Clicks:DIRSYN:,OPERATIONAL,Fast Food,Dine-In
ChIJXwOyeXIFdkgRErRzmZrUBJE,Popeyes Louisiana Chicken,Chicken Restaurant,chicken_restaurant,"['chicken_restaurant', 'restaurant', 'point_of_interest', 'food', 'establishment']",4.9,2650.0,"{'latitude': 51.4626617, 'longitude': -0.1361444}","152 Clapham High St, London","{'startPrice': {'currencyCode': 'GBP', 'units': '10'}, 'endPrice': {'currencyCode': 'GBP', 'units': '20'}}",,https://maps.google.com/?cid=10449710795870942226&g_mp=Cilnb29nbGUubWFwcy5wbGFjZXMudjEuUGxhY2VzLlNlYXJjaE5lYXJieRACGAQgAA,https://popeyesuk.com/restaurants/clapham,OPERATIONAL,Fast Food,Dine-In
ChIJq6rmBE4EdkgRBX4mWfkucsU,Crispin at Studio Voltaire,Restaurant,restaurant,"['restaurant', 'british_restaurant', 'point_of_interest', 'food', 'establishment']",4.7,304.0,"{'latitude': 51.4621062, 'longitude': -0.1346606}","1a Nelsons Row, London","{'startPrice': {'currencyCode': 'GBP', 'units': '40'}, 'endPrice': {'currencyCode': 'GBP', 'units': '90'}}",,https://maps.google.com/?cid=14227485821294247429&g_mp=Cilnb29nbGUubWFwcy5wbGFjZXMudjEuUGxhY2VzLlNlYXJjaE5lYXJieRACGAQgAA,https://www.crispinlondon.com/studio-voltaire,OPERATIONAL,European,Dine-In
ChIJM4jpB1IEdkgRsldknr7m0gw,Olives + Meze Takeaway,Mediterranean Restaurant,mediterranean_restaurant,"['mediterranean_restaurant', 'health_food_store', 'greek_restaurant', 'turkish_restaurant', 'health', 'restaurant', 'point_of_interest', 'food_store', 'food', 'store', 'establishment']",4.4,788.0,"{'latitude': 51.462467, 'longitude': -0.13558499999999998}","131 Clapham High St, London","{'startPrice': {'currencyCode': 'GBP', 'units': '10'}, 'endPrice': {'currencyCode': 'GBP', 'units': '20'}}",PRICE_LEVEL_MODERATE,https://maps.google.com/?cid=924054579939923890&g_mp=Cilnb29nbGUubWFwcy5wbGFjZXMudjEuUGxhY2VzLlNlYXJjaE5lYXJieRACGAQgAA,http://www.olivesandmeze.co.uk/,OPERATIONAL,Middle Eastern,Dine-In
ChIJc0JmAVIEdkgRIdI-kacqIy0,Maharani Indian Restaurant,Indian Restaurant,indian_restaurant,"['indian_restaurant', 'halal_restaurant', 'asian_restaurant', 'vegan_restaurant', 'bangladeshi_restaurant', 'vegetarian_restaurant', 'meal_takeaway', 'restaurant', 'point_of_interest', 'food', 'establishment']",4.0,350.0,"{'latitude': 51.462671199999996, 'longitude': -0.1349067}","117 Clapham High St, London","{'startPrice': {'currencyCode': 'GBP', 'units': '20'}, 'endPrice': {'currencyCode': 'GBP', 'units': '30'}}",PRICE_LEVEL_MODERATE,https://maps.google.com/?cid=3252490255076348449&g_mp=Cilnb29nbGUubWFwcy5wbGFjZXMudjEuUGxhY2VzLlNlYXJjaE5lYXJieRACGAQgAA,https://maharaniclapham.co.uk/,OPERATIONAL,South Asian,Dine-In
ChIJOdTDNMwFdkgRcigbl83ctUQ,Chicken Hub,Restaurant,restaurant,"['restaurant', 'point_of_interest', 'food', 'establishment']",4.1,147.0,"{'latitude': 51.4627572, 'longitude': -0.1358662}","144 Clapham High St, London","{'startPrice': {'currencyCode': 'GBP', 'units': '1'}, 'endPrice': {'currencyCode': 'GBP', 'units': '10'}}",,https://maps.google.com/?cid=4951106140925274226&g_mp=Cilnb29nbGUubWFwcy5wbGFjZXMudjEuUGxhY2VzLlNlYXJjaE5lYXJieRACGAQgAA,https://www.chicken-hub.com/locations,OPERATIONAL,Fast Food,Dine-In
ChIJoUIwD1IEdkgRgoGGEd63In8,Roosters Spot Clapham Common,Chicken Restaurant,chicken_restaurant,"['chicken_restaurant', 'fast_food_restaurant', 'meal_takeaway', 'restaurant', 'point_of_interest', 'food', 'establishment']",3.8,208.0,"{'latitude': 51.462797300000005, 'longitude': -0.1357623}","140 Clapham High St, London","{'startPrice': {'currencyCode': 'GBP', 'units': '1'}, 'endPrice': {'currencyCode': 'GBP', 'units': '10'}}",PRICE_LEVEL_INEXPENSIVE,https://maps.google.com/?cid=9161086756429660546&g_mp=Cilnb29nbGUubWFwcy5wbGFjZXMudjEuUGxhY2VzLlNlYXJjaE5lYXJieRACGAQgAA,,OPERATIONAL,Fast Food,Dine-In
ChIJBwIMnIEFdkgRmX1CbYfGlG8,Mamma Mia,Italian Restaurant,italian_restaurant,"['italian_restaurant', 'restaurant', 'point_of_interest', 'food', 'establishment']",5.0,1.0,"{'latitude': 51.462744699999995, 'longitude': -0.1359216}","146 Clapham High St, London",,,https://maps.google.com/?cid=8040269519719136665&g_mp=Cilnb29nbGUubWFwcy5wbGFjZXMudjEuUGxhY2VzLlNlYXJjaE5lYXJieRACGAQgAA,,OPERATIONAL,European,Dine-In
ChIJ1d1uIEIFdkgRzZTYcVu4GTU,Shake Shack Clapham,Hamburger Restaurant,hamburger_restaurant,"['hamburger_restaurant', 'fast_food_restaurant', 'hot_dog_restaurant', 'american_restaurant', 'restaurant', 'point_of_interest', 'food', 'establishment']",4.1,381.0,"{'latitude': 51.462281, 'longitude': -0.1376508}","188 Clapham High St, London","{'startPrice': {'currencyCode': 'GBP', 'units': '10'}, 'endPrice': {'currencyCode': 'GBP', 'units': '20'}}",PRICE_LEVEL_MODERATE,https://maps.google.com/?cid=3826292061319501005&g_mp=Cilnb29nbGUubWFwcy5wbGFjZXMudjEuUGxhY2VzLlNlYXJjaE5lYXJieRACGAQgAA,https://www.shakeshack.co.uk/locations/clapham/?utm_source=gmb&utm_medium=organic&utm_campaign=clapham,OPERATIONAL,Burgers,Dine-In
ChIJE34OxkMFdkgRlWsdheGKvTs,Wingstop Clapham,Chicken Wings Restaurant,chicken_wings_restaurant,"['chicken_wings_restaurant', 'chicken_restaurant', 'restaurant', 'point_of_interest', 'food', 'establishment']",4.7,1082.0,"{'latitude': 51.462095299999994, 'longitude': -0.1372441}","169 Clapham High St, London","{'startPrice': {'currencyCode': 'GBP', 'units': '10'}, 'endPrice': {'currencyCode': 'GBP', 'units': '20'}}",,https://maps.google.com/?cid=4304749520041634709&g_mp=Cilnb29nbGUubWFwcy5wbGFjZXMudjEuUGxhY2VzLlNlYXJjaE5lYXJieRACGAQgAA,https://www.wingstop.co.uk/?y_source=1_MTA0NTA2NDA0MS03MTUtbG9jYXRpb24ud2Vic2l0ZQ%3D%3D,OPERATIONAL,Fast Food,Dine-In
ChIJYeTdgFIEdkgRBVVfRUxO8qc,Berberè Pizzeria Clapham,Pizza Restaurant,pizza_restaurant,"['pizza_restaurant', 'pizza_delivery', 'meal_delivery', 'food_delivery', 'meal_takeaway', 'restaurant', 'point_of_interest', 'food', 'establishment']",4.5,612.0,"{'latitude': 51.4626327, 'longitude': -0.1379259}","67 Venn St, London","{'startPrice': {'currencyCode': 'GBP', 'units': '10'}, 'endPrice': {'currencyCode': 'GBP', 'units': '20'}}",,https://maps.google.com/?cid=12101821238186300677&g_mp=Cilnb29nbGUubWFwcy5wbGFjZXMudjEuUGxhY2VzLlNlYXJjaE5lYXJieRACGAQgAA,https://www.berberepizzeria.co.uk/,OPERATIONAL,Pizza,Dine-In
ChIJ_8cEL6AFdkgRd3c0BNuHt-I,Tonkotsu Clapham,Restaurant,restaurant,"['restaurant', 'ramen_restaurant', 'japanese_restaurant', 'point_of_interest', 'food', 'establishment']",4.8,581.0,"{'latitude': 51.462185899999994, 'longitude': -0.1365298}","153 Clapham High St, London","{'startPrice': {'currencyCode': 'GBP', 'units': '10'}, 'endPrice': {'currencyCode': 'GBP', 'units': '20'}}",PRICE_LEVEL_MODERATE,https://maps.google.com/?cid=16336675548047898487&g_mp=Cilnb29nbGUubWFwcy5wbGFjZXMudjEuUGxhY2VzLlNlYXJjaE5lYXJieRACGAQgAA,https://tonkotsu.co.uk/locations/clapham/?keyword?utm_source=google,OPERATIONAL,Japanese,Dine-In
ChIJM3AGgFIEdkgRLP1Hr8NxugE,Honest Burgers Clapham,Hamburger Restaurant,hamburger_restaurant,"['hamburger_restaurant', 'american_restaurant', 'restaurant', 'point_of_interest', 'food', 'establishment']",4.5,929.0,"{'latitude': 51.4625883, 'longitude': -0.13780789999999998}","York House, 75 Venn St, London","{'startPrice': {'currencyCode': 'GBP', 'units': '10'}, 'endPrice': {'currencyCode': 'GBP', 'units': '20'}}",PRICE_LEVEL_MODERATE,https://maps.google.com/?cid=124537024979402028&g_mp=Cilnb29nbGUubWFwcy5wbGFjZXMudjEuUGxhY2VzLlNlYXJjaE5lYXJieRACGAQgAA,https://www.honestburgers.co.uk/locations/clapham/?utm_source=google&utm_medium=organic&utm_campaign=google_business&utm_id=clapham,OPERATIONAL,Burgers,Dine-In
ChIJX3GugE0EdkgRxtPtMFsTMJc,Five Guys Burgers and Fries Clapham,Hamburger Restaurant,hamburger_restaurant,"['hamburger_restaurant', 'fast_food_restaurant', 'hot_dog_stand', 'hot_dog_restaurant', 'american_restaurant', 'meal_takeaway', 'restaurant', 'point_of_interest', 'food', 'establishment']",4.3,1449.0,"{'latitude': 51.462335499999995, 'longitude': -0.1374021}","182-184 Clapham High St, London","{'startPrice': {'currencyCode': 'GBP', 'units': '10'}, 'endPrice': {'currencyCode': 'GBP', 'units': '20'}}",PRICE_LEVEL_MODERATE,https://maps.google.com/?cid=10894228780993074118&g_mp=Cilnb29nbGUubWFwcy5wbGFjZXMudjEuUGxhY2VzLlNlYXJjaE5lYXJieRACGAQgAA,https://restaurants.fiveguys.co.uk/greater-london/182-184-clapham-high-st,OPERATIONAL,Burgers,Dine-In
ChIJXzK1eVIEdkgRm4ZaMtcxtNU,Eco Restaurant,Italian Restaurant,italian_restaurant,"['italian_restaurant', 'pizza_restaurant', 'restaurant', 'point_of_interest', 'food', 'establishment']",4.4,1615.0,"{'latitude': 51.462537499999996, 'longitude': -0.1378614}","York House, 73 Venn St, London","{'startPrice': {'currencyCode': 'GBP', 'units': '20'}, 'endPrice': {'currencyCode': 'GBP', 'units': '30'}}",PRICE_LEVEL_MODERATE,https://maps.google.com/?cid=15398987826219091611&g_mp=Cilnb29nbGUubWFwcy5wbGFjZXMudjEuUGxhY2VzLlNlYXJjaE5lYXJieRACGAQgAA,http://www.ecorestaurants.com/,OPERATIONAL,European,Dine-In
ChIJgyZPwd0FdkgR-96s4Om1uEA,Osteria Mbare,Italian Restaurant,italian_restaurant,"['italian_restaurant', 'cocktail_bar', 'bar', 'grocery_store', 'restaurant', 'point_of_interest', 'food_store', 'food', 'store', 'establishment']",4.4,920.0,"{'latitude': 51.4620861, 'longitude': -0.13713699999999998}","167 Clapham High St, London","{'startPrice': {'currencyCode': 'GBP', 'units': '30'}, 'endPrice': {'currencyCode': 'GBP', 'units': '60'}}",,https://maps.google.com/?cid=4663677430243581691&g_mp=Cilnb29nbGUubWFwcy5wbGFjZXMudjEuUGxhY2VzLlNlYXJjaE5lYXJieRACGAQgAA,https://www.dishcult.com/restaurant/OSTERIAMBARE,OPERATIONAL,European,Dine-In
ChIJ--jShlIEdkgR0A_9FSWHgIE,Barsito,Tapas Restaurant,tapas_restaurant,"['tapas_restaurant', 'spanish_restaurant', 'restaurant', 'point_of_interest', 'food', 'establishment']",4.2,297.0,"{'latitude': 51.462794699999996, 'longitude': -0.1380111}","57 Venn St, London","{'startPrice': {'currencyCode': 'GBP', 'units': '20'}, 'endPrice': {'currencyCode': 'GBP', 'units': '60'}}",PRICE_LEVEL_MODERATE,https://maps.google.com/?cid=9331607021264113616&g_mp=Cilnb29nbGUubWFwcy5wbGFjZXMudjEuUGxhY2VzLlNlYXJjaE5lYXJieRACGAQgAA,http://www.barsito57.com/,OPERATIONAL,European,Dine-In
ChIJ__9Tj00EdkgR8S62NseMNnk,Garage Brunch,Brunch Restaurant,brunch_restaurant,"['brunch_restaurant', 'restaurant', 'point_of_interest', 'food', 'establishment']",2.7,3.0,"{'latitude': 51.4620356, 'longitude': -0.1370074}","165 Clapham High St, London","{'startPrice': {'currencyCode': 'GBP', 'units': '60'}, 'endPrice': {'currencyCode': 'GBP', 'units': '70'}}",,https://maps.google.com/?cid=8734323314575945457&g_mp=Cilnb29nbGUubWFwcy5wbGFjZXMudjEuUGxhY2VzLlNlYXJjaE5lYXJieRACGAQgAA,,OPERATIONAL,Brunch & Breakfast,Dine-In
ChIJ__9Tj00EdkgRMFoAb-pIxN8,Bar & Bites,Bar & Grill,bar_and_grill,"['bar_and_grill', 'bar', 'restaurant', 'point_of_interest', 'food', 'establishment']",3.0,2.0,"{'latitude': 51.4620356, 'longitude': -0.1370074}","165 Clapham High St, London",,,https://maps.google.com/?cid=16124092737615059504&g_mp=Cilnb29nbGUubWFwcy5wbGFjZXMudjEuUGxhY2VzLlNlYXJjaE5lYXJieRACGAQgAA,,OPERATIONAL,Steakhouse & BBQ,Dine-In
ChIJ-Zq-8FEEdkgRpjObm00MAi8,KFC Clapham - High Street,Fast Food Restaurant,fast_food_restaurant,"['fast_food_restaurant', 'chicken_restaurant', 'electric_vehicle_charging_station', 'chicken_wings_restaurant', 'meal_takeaway', 'transportation_service', 'restaurant', 'food', 'point_of_interest', 'establishment']",3.4,902.0,"{'latitude': 51.4631555, 'longitude': -0.1346142}","106-108 Clapham High St, London","{'startPrice': {'currencyCode': 'GBP', 'units': '1'}, 'endPrice': {'currencyCode': 'GBP', 'units': '10'}}",PRICE_LEVEL_INEXPENSIVE,https://maps.google.com/?cid=3387283397198689190&g_mp=Cilnb29nbGUubWFwcy5wbGFjZXMudjEuUGxhY2VzLlNlYXJjaE5lYXJieRACGAQgAA,https://www.kfc.co.uk/kfc-near-me/clapham-high-street?utm_term=106-108-High-Street&utm_medium=organic&utm_source=uberall,OPERATIONAL,Fast Food,Dine-In
ChIJX00aKI8FdkgR1QbaPMCJDIU,Taco Bell,Fast Food Restaurant,fast_food_restaurant,"['fast_food_restaurant', 'mexican_restaurant', 'vegetarian_restaurant', 'restaurant', 'food', 'point_of_interest', 'establishment']",3.5,316.0,"{'latitude': 51.4634862, 'longitude': -0.13380590000000003}","84 Clapham High St, London","{'startPrice': {'currencyCode': 'GBP', 'units': '10'}, 'endPrice': {'currencyCode': 'GBP', 'units': '20'}}",PRICE_LEVEL_INEXPENSIVE,https://maps.google.com/?cid=9587189165512591061&g_mp=Cilnb29nbGUubWFwcy5wbGFjZXMudjEuUGxhY2VzLlNlYXJjaE5lYXJieRACGAQgAA,https://www.tacobell.co.uk/,OPERATIONAL,Fast Food,Dine-In
ChIJYTIzQY0FdkgRuEyiLaCQGsY,Lievito Madre Italian Restaurant & Pizzeria,Italian Restaurant,italian_restaurant,"['italian_restaurant', 'family_restaurant', 'pizza_restaurant', 'pizza_delivery', 'grocery_store', 'meal_delivery', 'food_delivery', 'cocktail_bar', 'bar', 'food_store', 'restaurant', 'food', 'store', 'point_of_interest', 'establishment']",4.4,535.0,"{'latitude': 51.4633694, 'longitude': -0.13438519999999998}","181 Clapham Manor St, London","{'startPrice': {'currencyCode': 'GBP', 'units': '20'}, 'endPrice': {'currencyCode': 'GBP', 'units': '30'}}",,https://maps.google.com/?cid=14274880986538986680&g_mp=Cilnb29nbGUubWFwcy5wbGFjZXMudjEuUGxhY2VzLlNlYXJjaE5lYXJieRACGAQgAA,http://www.lievitomadre.co.uk/,OPERATIONAL,European,Dine-In
ChIJF7rG8mYFdkgROnZmKh8SYjY,Fireaway Clapham,Pizza Restaurant,pizza_restaurant,"['pizza_restaurant', 'restaurant', 'food', 'point_of_interest', 'establishment']",4.6,501.0,"{'latitude': 51.463516899999995, 'longitude': -0.1337344}","82 Clapham High St, London","{'startPrice': {'currencyCode': 'GBP', 'units': '10'}, 'endPrice': {'currencyCode': 'GBP', 'units': '20'}}",,https://maps.google.com/?cid=3918714550830396986&g_mp=Cilnb29nbGUubWFwcy5wbGFjZXMudjEuUGxhY2VzLlNlYXJjaE5lYXJieRACGAQgAA,https://fireaway.co.uk/,OPERATIONAL,Pizza,Dine-In
ChIJ_9CqpaUFdkgRwf70MRDBRUc,CRACK COOKIES,Dessert Restaurant,dessert_restaurant,"['dessert_restaurant', 'restaurant', 'food', 'point_of_interest', 'establishment']",4.6,132.0,"{'latitude': 51.4634825, 'longitude': -0.1337411}","82a Clapham High St, London","{'startPrice': {'currencyCode': 'GBP', 'units': '1'}, 'endPrice': {'currencyCode': 'GBP', 'units': '10'}}",,https://maps.google.com/?cid=5135723225387695809&g_mp=Cilnb29nbGUubWFwcy5wbGFjZXMudjEuUGxhY2VzLlNlYXJjaE5lYXJieRACGAQgAA,http://www.crackcookies.co.uk/,OPERATIONAL,Dessert & Ice Cream,Dine-In
ChIJ40aj-VEEdkgR8e0LRetXlYA,Subway,Sandwich Shop,sandwich_shop,"['sandwich_shop', 'fast_food_restaurant', 'meal_takeaway', 'restaurant', 'food', 'point_of_interest', 'establishment']",3.0,99.0,"{'latitude': 51.462894999999996, 'longitude': -0.1345019}","105 Clapham High St, London",,PRICE_LEVEL_INEXPENSIVE,https://maps.google.com/?cid=9265408476372004337&g_mp=Cilnb29nbGUubWFwcy5wbGFjZXMudjEuUGxhY2VzLlNlYXJjaE5lYXJieRACGAQgAA,https://restaurants.subway.com/united-kingdom/en/london/105-clapham-high-street?y_source=1_NTg0NDI1MjQtNzE1LWxvY2F0aW9uLndlYnNpdGU%3D,OPERATIONAL,Sandwich & Deli,Dine-In
ChIJv8Qb7lEEdkgR_12CqjNoc-A,Sun Sun,Takeout Restaurant,meal_takeaway,"['meal_takeaway', 'restaurant', 'food', 'point_of_interest', 'establishment']",4.3,209.0,"{'latitude': 51.463396599999996, 'longitude': -0.13403879999999999}","94 Clapham High St, London","{'startPrice': {'currencyCode': 'GBP', 'units': '10'}, 'endPrice': {'currencyCode': 'GBP', 'units': '20'}}",PRICE_LEVEL_MODERATE,https://maps.google.com/?cid=16173385257930874367&g_mp=Cilnb29nbGUubWFwcy5wbGFjZXMudjEuUGxhY2VzLlNlYXJjaE5lYXJieRACGAQgAA,,OPERATIONAL,Takeout,Takeaway Only
ChIJCbpNCAAFdkgRoe1rOYGhBQ8,Tirak,Thai Restaurant,thai_restaurant,"['thai_restaurant', 'malaysian_restaurant', 'asian_fusion_restaurant', 'fusion_restaurant', 'asian_restaurant', 'meal_takeaway', 'chinese_noodle_restaurant', 'brunch_restaurant', 'restaurant', 'food', 'point_of_interest', 'establishment']",4.5,130.0,"{'latitude': 51.4632551, 'longitude': -0.1343143}","102-104 Clapham High St, London","{'startPrice': {'currencyCode': 'GBP', 'units': '10'}, 'endPrice': {'currencyCode': 'GBP', 'units': '50'}}",,https://maps.google.com/?cid=1082448861838699937&g_mp=Cilnb29nbGUubWFwcy5wbGFjZXMudjEuUGxhY2VzLlNlYXJjaE5lYXJieRACGAQgAA,https://www.tirak.co.uk/?utm_source=GBP.website&utm_medium=GBP&utm_campaign=br12863-website,OPERATIONAL,Thai,Dine-In
ChIJ-W3581EEdkgRj75fraxR-so,Clapham Manor Pizza,Pizza Restaurant,pizza_restaurant,"['pizza_restaurant', 'restaurant', 'food', 'point_of_interest', 'establishment']",5.0,1.0,"{'latitude': 51.463400299999996, 'longitude': -0.1344501}","179 Clapham Manor St, London",,,https://maps.google.com/?cid=14626092541924064911&g_mp=Cilnb29nbGUubWFwcy5wbGFjZXMudjEuUGxhY2VzLlNlYXJjaE5lYXJieRACGAQgAA,,OPERATIONAL,Pizza,Dine-In
ChIJ8bKMDxYFdkgR-cbluWZDN90,Soul Lounge,Restaurant,restaurant,"['restaurant', 'food', 'point_of_interest', 'establishment']",4.3,866.0,"{'latitude': 51.463628, 'longitude': -0.1334465}","76 Clapham High St, London","{'startPrice': {'currencyCode': 'GBP', 'units': '40'}, 'endPrice': {'currencyCode': 'GBP', 'units': '50'}}",,https://maps.google.com/?cid=15940283514585728761&g_mp=Cilnb29nbGUubWFwcy5wbGFjZXMudjEuUGxhY2VzLlNlYXJjaE5lYXJieRACGAQgAA,https://www.soulloungeldn.com/,OPERATIONAL,Restaurant,Dine-In
ChIJ_8jBIVIEdkgRVpCMg_y7ISI,Sorella,Italian Restaurant,italian_restaurant,"['italian_restaurant', 'restaurant', 'food', 'point_of_interest', 'establishment']",4.4,694.0,"{'latitude': 51.4638061, 'longitude': -0.13506790000000002}","Anglo Spanish Nursery School Ltd, 148 Clapham Manor St, London","{'startPrice': {'currencyCode': 'GBP', 'units': '30'}, 'endPrice': {'currencyCode': 'GBP', 'units': '80'}}",PRICE_LEVEL_EXPENSIVE,https://maps.google.com/?cid=2459453564734181462&g_mp=Cilnb29nbGUubWFwcy5wbGFjZXMudjEuUGxhY2VzLlNlYXJjaE5lYXJieRACGAQgAA,https://www.sorellarestaurant.co.uk/,OPERATIONAL,European,Dine-In
ChIJjdvld00EdkgRwpb9WDRfuTI,Carmen Tapas,Spanish Restaurant,spanish_restaurant,"['spanish_restaurant', 'european_restaurant', 'bar', 'restaurant', 'food', 'point_of_interest', 'establishment']",4.2,614.0,"{'latitude': 51.461667, 'longitude': -0.137801}","underground : opposite Clapham Common station, 6 Clapham Common South Side, London","{'startPrice': {'currencyCode': 'GBP', 'units': '20'}, 'endPrice': {'currencyCode': 'GBP', 'units': '40'}}",PRICE_LEVEL_MODERATE,https://maps.google.com/?cid=3655057251023820482&g_mp=Cilnb29nbGUubWFwcy5wbGFjZXMudjEuUGxhY2VzLlNlYXJjaE5lYXJieRACGAQgAA,http://www.carmenbardetapas.com/,OPERATIONAL,European,Dine-In
ChIJFVuD3E0FdkgRXFFhjgLEDcg,Pret A Manger,Sandwich Shop,sandwich_shop,"['sandwich_shop', 'coffee_shop', 'salad_shop', 'pastry_shop', 'breakfast_restaurant', 'dessert_shop', 'cafe', 'bakery', 'confectionery', 'food_store', 'restaurant', 'food', 'store', 'point_of_interest', 'establishment']",3.4,168.0,"{'latitude': 51.462105199999996, 'longitude': -0.1382676}","1 The Pavement, London","{'startPrice': {'currencyCode': 'GBP', 'units': '1'}, 'endPrice': {'currencyCode': 'GBP', 'units': '10'}}",PRICE_LEVEL_MODERATE,https://maps.google.com/?cid=14415393497540546908&g_mp=Cilnb29nbGUubWFwcy5wbGFjZXMudjEuUGxhY2VzLlNlYXJjaE5lYXJieRACGAQgAA,https://www.pret.co.uk/en-GB/shop-finder/l/london/1-the-pavement/10820,OPERATIONAL,Sandwich & Deli,Dine-In
ChIJ-eAvAU8EdkgR95hTlE28U8w,Knife,Steak House,steak_house,"['steak_house', 'restaurant', 'point_of_interest', 'food', 'establishment']",4.7,722.0,"{'latitude': 51.459559999999996, 'longitude': -0.131556}","160 Clapham Park Rd, London",,PRICE_LEVEL_MODERATE,https://maps.google.com/?cid=14723318648191293687&g_mp=Cilnb29nbGUubWFwcy5wbGFjZXMudjEuUGxhY2VzLlNlYXJjaE5lYXJieRACGAQgAA,http://kniferestaurant.co.uk/,OPERATIONAL,Steakhouse & BBQ,Dine-In
ChIJ53uDd0wPdkgRWuSvUg6005k,En Root Clapham,Vegan Restaurant,vegan_restaurant,"['vegan_restaurant', 'vegetarian_restaurant', 'catering_service', 'food_delivery', 'meal_takeaway', 'restaurant', 'point_of_interest', 'supplier', 'service', 'food_store', 'food', 'store', 'establishment']",4.7,301.0,"{'latitude': 51.4598709, 'longitude': -0.1295988}","5, Ascot Parade, Clapham Park Rd, London","{'startPrice': {'currencyCode': 'GBP', 'units': '10'}, 'endPrice': {'currencyCode': 'GBP', 'units': '20'}}",,https://maps.google.com/?cid=11084401081498723418&g_mp=Cilnb29nbGUubWFwcy5wbGFjZXMudjEuUGxhY2VzLlNlYXJjaE5lYXJieRACGAQgAA,http://www.enrootldn.co.uk/,OPERATIONAL,Vegetarian & Vegan,Dine-In
ChIJhaxqqE8EdkgRQFFvVlcZrck,Papa Johns Pizza,Pizza Restaurant,pizza_restaurant,"['pizza_restaurant', 'pizza_delivery', 'meal_delivery', 'food_delivery', 'restaurant', 'point_of_interest', 'service', 'food', 'establishment']",3.4,221.0,"{'latitude': 51.459854, 'longitude': -0.1303086}","207 Clapham Park Rd, London","{'startPrice': {'currencyCode': 'GBP', 'units': '10'}, 'endPrice': {'currencyCode': 'GBP', 'units': '20'}}",PRICE_LEVEL_MODERATE,https://maps.google.com/?cid=14532299435497443648&g_mp=Cilnb29nbGUubWFwcy5wbGFjZXMudjEuUGxhY2VzLlNlYXJjaE5lYXJieRACGAQgAA,https://www.papajohns.co.uk/stores/clapham?utm_source=yext-google-my-business&utm_medium=organic&utm_campaign=local-listing,OPERATIONAL,Pizza,Dine-In
ChIJuxwIIOsFdkgRDvAwnl5e-g8,Shaggy's Caribbean Cuisine & Bakery,Restaurant,restaurant,"['restaurant', 'point_of_interest', 'food', 'establishment']",5.0,7.0,"{'latitude': 51.4598929, 'longitude': -0.12962569999999998}","7, Ascot Parade, Clapham Park Rd, London","{'startPrice': {'currencyCode': 'GBP', 'units': '10'}, 'endPrice': {'currencyCode': 'GBP', 'units': '20'}}",,https://maps.google.com/?cid=1151336415220527118&g_mp=Cilnb29nbGUubWFwcy5wbGFjZXMudjEuUGxhY2VzLlNlYXJjaE5lYXJieRACGAQgAA,,OPERATIONAL,Latin American,Dine-In
ChIJaSqVVPcFdkgRCXBE5f7ihj8,Lina Stores Clapham - Italian Restaurant,Italian Restaurant,italian_restaurant,"['italian_restaurant', 'bar', 'restaurant', 'point_of_interest', 'food', 'establishment']",4.6,492.0,"{'latitude': 51.4621831, 'longitude': -0.1399016}","22 The Pavement, London","{'startPrice': {'currencyCode': 'GBP', 'units': '20'}, 'endPrice': {'currencyCode': 'GBP', 'units': '60'}}",PRICE_LEVEL_MODERATE,https://maps.google.com/?cid=4577595655664726025&g_mp=Cilnb29nbGUubWFwcy5wbGFjZXMudjEuUGxhY2VzLlNlYXJjaE5lYXJieRACGAQgAA,https://www.linastores.co.uk/,OPERATIONAL,European,Dine-In
ChIJxcdQV00EdkgRKQX2UVNnheE,Minnow,Restaurant,restaurant,"['cafe', 'breakfast_restaurant', 'bar', 'restaurant', 'point_of_interest', 'food', 'establishment']",4.3,1122.0,"{'latitude': 51.462124499999994, 'longitude': -0.13988599999999998}","The Pavement Cafe, 21 The Pavement, London","{'startPrice': {'currencyCode': 'GBP', 'units': '10'}, 'endPrice': {'currencyCode': 'GBP', 'units': '30'}}",PRICE_LEVEL_MODERATE,https://maps.google.com/?cid=16250508437991327017&g_mp=Cilnb29nbGUubWFwcy5wbGFjZXMudjEuUGxhY2VzLlNlYXJjaE5lYXJieRACGAQgAA,http://minnowclapham.co.uk/,OPERATIONAL,Cafe & Coffee,Dine-In
ChIJjQyBfWUFdkgRfUMZPUsg2jY,Rudy's Pizza Napoletana - Clapham Common,Pizza Restaurant,pizza_restaurant,"['pizza_restaurant', 'restaurant', 'point_of_interest', 'food', 'establishment']",4.8,344.0,"{'latitude': 51.4618724, 'longitude': -0.1395915}","15 The Pavement, London","{'startPrice': {'currencyCode': 'GBP', 'units': '20'}, 'endPrice': {'currencyCode': 'GBP', 'units': '30'}}",,https://maps.google.com/?cid=3952507130490733437&g_mp=Cilnb29nbGUubWFwcy5wbGFjZXMudjEuUGxhY2VzLlNlYXJjaE5lYXJieRACGAQgAA,https://www.rudyspizza.co.uk/location/clapham-common/,OPERATIONAL,Pizza,Dine-In
ChIJdz4QVdIFdkgRuiPdtDyJ8oU,Chango Empanadas Clapham Common,Argentinian Restaurant,argentinian_restaurant,"['argentinian_restaurant', 'south_american_restaurant', 'restaurant', 'point_of_interest', 'food', 'establishment']",4.5,50.0,"{'latitude': 51.4617752, 'longitude': -0.13927979999999998}","16 The Pavement, London","{'startPrice': {'currencyCode': 'GBP', 'units': '1'}, 'endPrice': {'currencyCode': 'GBP', 'units': '10'}}",,https://maps.google.com/?cid=9651927845233828794&g_mp=Cilnb29nbGUubWFwcy5wbGFjZXMudjEuUGxhY2VzLlNlYXJjaE5lYXJieRACGAQgAA,https://www.chango.co.uk/,OPERATIONAL,Latin American,Dine-In
ChIJ0x8b0F8FdkgR6_BkIm53B6c,Slab City Pizza,Pizza Restaurant,pizza_restaurant,"['pizza_restaurant', 'restaurant', 'food', 'point_of_interest', 'establishment']",4.9,403.0,"{'latitude': 51.461858899999996, 'longitude': -0.1389673}","8 The Pavement, London","{'startPrice': {'currencyCode': 'GBP', 'units': '1'}, 'endPrice': {'currencyCode': 'GBP', 'units': '10'}}",,https://maps.google.com/?cid=12035719844078088427&g_mp=Cilnb29nbGUubWFwcy5wbGFjZXMudjEuUGxhY2VzLlNlYXJjaE5lYXJieRACGAQgAA,https://www.slabcitypizza.co.uk/,OPERATIONAL,Pizza,Dine-In
ChIJIcW6ek0EdkgRVDpPTHElR0M,Joe Public,Pizza Restaurant,pizza_restaurant,"['pizza_restaurant', 'restaurant', 'food', 'point_of_interest', 'establishment']",4.4,602.0,"{'latitude': 51.46178080000001, 'longitude': -0.1384456}","4 The Pavement, London","{'startPrice': {'currencyCode': 'GBP', 'units': '10'}, 'endPrice': {'currencyCode': 'GBP', 'units': '20'}}",PRICE_LEVEL_MODERATE,https://maps.google.com/?cid=4847884692429421140&g_mp=Cilnb29nbGUubWFwcy5wbGFjZXMudjEuUGxhY2VzLlNlYXJjaE5lYXJieRACGAQgAA,http://www.joepublicpizza.com/,OPERATIONAL,Pizza,Dine-In
ChIJO2qIi44FdkgRW3MeEaxNqns,Red Vine Restaurant & Cocktail Lounge & Late Bar 🍸✨,Restaurant,restaurant,"['pizza_restaurant', 'cocktail_bar', 'japanese_curry_restaurant', 'japanese_restaurant', 'restaurant', 'food', 'bar', 'point_of_interest', 'establishment']",4.8,767.0,"{'latitude': 51.4615284, 'longitude': -0.13805199999999998}","9 Clapham Common South Side, London","{'startPrice': {'currencyCode': 'GBP', 'units': '10'}, 'endPrice': {'currencyCode': 'GBP', 'units': '20'}}",,https://maps.google.com/?cid=8911020214122869595&g_mp=Cilnb29nbGUubWFwcy5wbGFjZXMudjEuUGxhY2VzLlNlYXJjaE5lYXJieRACGAQgAA,https://www.redvinerestaurant.com/,OPERATIONAL,Pizza,Dine-In
ChIJAZ4YX4IFdkgRKdBfvvAjXf8,Bird and Tie,Chicken Restaurant,chicken_restaurant,"['chicken_restaurant', 'restaurant', 'food', 'point_of_interest', 'establishment']",4.5,213.0,"{'latitude': 51.462020599999995, 'longitude': -0.1384192}","3 The Pavement, London","{'startPrice': {'currencyCode': 'GBP', 'units': '10'}, 'endPrice': {'currencyCode': 'GBP', 'units': '20'}}",,https://maps.google.com/?cid=18400903169398788137&g_mp=Cilnb29nbGUubWFwcy5wbGFjZXMudjEuUGxhY2VzLlNlYXJjaE5lYXJieRACGAQgAA,http://birdandtie.com/,CLOSED_TEMPORARILY,Fast Food,Dine-In
ChIJBdlUck0EdkgRI0XdXGvbBMA,Gizel Kebab Bar,Kebab Shop,kebab_shop,"['kebab_shop', 'meal_takeaway', 'restaurant', 'food', 'point_of_interest', 'establishment']",3.2,100.0,"{'latitude': 51.461254, 'longitude': -0.1383642}","15 Clapham Common South Side, London","{'startPrice': {'currencyCode': 'GBP', 'units': '10'}, 'endPrice': {'currencyCode': 'GBP', 'units': '20'}}",,https://maps.google.com/?cid=13836425209354994979&g_mp=Cilnb29nbGUubWFwcy5wbGFjZXMudjEuUGxhY2VzLlNlYXJjaE5lYXJieRACGAQgAA,,OPERATIONAL,Middle Eastern,Dine-In
ChIJd2dXxlEEdkgREP3bxuLAR88,Nando's Clapham - High Street,Restaurant,restaurant,"['restaurant', 'portuguese_restaurant', 'chicken_restaurant', 'meal_delivery', 'food_delivery', 'point_of_interest', 'service', 'food', 'establishment']",4.0,926.0,"{'latitude': 51.4634959, 'longitude': -0.13293939999999999}","59-63 Clapham High St, London","{'startPrice': {'currencyCode': 'GBP', 'units': '10'}, 'endPrice': {'currencyCode': 'GBP', 'units': '20'}}",PRICE_LEVEL_MODERATE,https://maps.google.com/?cid=14936118769428987152&g_mp=Cilnb29nbGUubWFwcy5wbGFjZXMudjEuUGxhY2VzLlNlYXJjaE5lYXJieRACGAQgAA,https://www.nandos.co.uk/restaurants/clapham-high-street?utm_campaign=websitecta_NA&utm_content=Multi-Chan_GB_NA_NA_NA_all_NA_NA_clapham-high-street&utm_medium=mybusiness&utm_source=google&utm_term=Local,OPERATIONAL,European,Dine-In
ChIJSQ6TFGQFdkgRkSA7jXxkoV4,Sweetsmile bakery and patisserie,Brunch Restaurant,brunch_restaurant,"['brunch_restaurant', 'cake_shop', 'cocktail_bar', 'coffee_shop', 'pastry_shop', 'cafe', 'breakfast_restaurant', 'bakery', 'dessert_shop', 'confectionery', 'wholesaler', 'bar', 'food_store', 'restaurant', 'food', 'point_of_interest', 'manufacturer', 'store', 'establishment']",4.7,310.0,"{'latitude': 51.4660462, 'longitude': -0.15213649999999998}","31 Lavender Hill, London","{'startPrice': {'currencyCode': 'GBP', 'units': '10'}, 'endPrice': {'currencyCode': 'GBP', 'units': '20'}}",,https://maps.google.com/?cid=6818841796923826321&g_mp=Cilnb29nbGUubWFwcy5wbGFjZXMudjEuUGxhY2VzLlNlYXJjaE5lYXJieRACGAQgAA,https://www.ssmile.co.uk/about,OPERATIONAL,Brunch & Breakfast,Dine-In
ChIJl4WCBhgFdkgRas8rMj23rbI,Bui Vien Restaurant,Vietnamese Restaurant,vietnamese_restaurant,"['vietnamese_restaurant', 'restaurant', 'food', 'point_of_interest', 'establishment']",4.6,442.0,"{'latitude': 51.4660812, 'longitude': -0.1522077}","33 Lavender Hill, London","{'startPrice': {'currencyCode': 'GBP', 'units': '10'}, 'endPrice': {'currencyCode': 'GBP', 'units': '20'}}",,https://maps.google.com/?cid=12875148383184736106&g_mp=Cilnb29nbGUubWFwcy5wbGFjZXMudjEuUGxhY2VzLlNlYXJjaE5lYXJieRACGAQgAA,https://buivienlondon.co.uk/,OPERATIONAL,Vietnamese,Dine-In
ChIJteAyYakFdkgRdIe1hOY_TDs,Lavender Hill Fish & Chips,Fish & Chips Restaurant,fish_and_chips_restaurant,"['fish_and_chips_restaurant', 'restaurant', 'food', 'point_of_interest', 'establishment']",4.1,309.0,"{'latitude': 51.466102299999996, 'longitude': -0.1518574}","fish and chips, 23 Lavender Hill, London","{'startPrice': {'currencyCode': 'GBP', 'units': '10'}, 'endPrice': {'currencyCode': 'GBP', 'units': '20'}}",,https://maps.google.com/?cid=4272860405769275252&g_mp=Cilnb29nbGUubWFwcy5wbGFjZXMudjEuUGxhY2VzLlNlYXJjaE5lYXJieRACGAQgAA,,OPERATIONAL,Seafood,Dine-In
ChIJaTa0CJUFdkgRfgG4e8BH728,"Chicken world , Lavender Hill",Restaurant,restaurant,"['restaurant', 'food', 'point_of_interest', 'establishment']",4.5,37.0,"{'latitude': 51.4661019, 'longitude': -0.151782}","21 Lavender Hill, London","{'startPrice': {'currencyCode': 'GBP', 'units': '1'}, 'endPrice': {'currencyCode': 'GBP', 'units': '10'}}",,https://maps.google.com/?cid=8065744349678797182&g_mp=Cilnb29nbGUubWFwcy5wbGFjZXMudjEuUGxhY2VzLlNlYXJjaE5lYXJieRACGAQgAA,,OPERATIONAL,Fast Food,Dine-In
ChIJfQZYnIEFdkgR_H9607xKO18,Berry & Maple,Brunch Restaurant,brunch_restaurant,"['brunch_restaurant', 'restaurant', 'point_of_interest', 'food', 'establishment']",4.9,199.0,"{'latitude': 51.4539201, 'longitude': -0.1461804}","2 Cavendish Parade, London","{'startPrice': {'currencyCode': 'GBP', 'units': '10'}, 'endPrice': {'currencyCode': 'GBP', 'units': '20'}}",,https://maps.google.com/?cid=6862160632091410428&g_mp=Cilnb29nbGUubWFwcy5wbGFjZXMudjEuUGxhY2VzLlNlYXJjaE5lYXJieRACGAQgAA,https://berryandmaple.co.uk/,OPERATIONAL,Brunch & Breakfast,Dine-In
ChIJL8g3OwAFdkgRVYmXaDlyWDg,Mate’s Clapham Restaurant,Restaurant,restaurant,"['restaurant', 'point_of_interest', 'food', 'establishment']",4.9,341.0,"{'latitude': 51.453897299999994, 'longitude': -0.1462055}","3 Clapham Common South Side, London","{'startPrice': {'currencyCode': 'GBP', 'units': '20'}, 'endPrice': {'currencyCode': 'GBP', 'units': '60'}}",,https://maps.google.com/?cid=4060120654967966037&g_mp=Cilnb29nbGUubWFwcy5wbGFjZXMudjEuUGxhY2VzLlNlYXJjaE5lYXJieRACGAQgAA,https://matesbooking.com/guest,OPERATIONAL,Restaurant,Dine-In
ChIJEYK32bUFdkgR7RcNxrLWAB4,Pizzeria on the Green,Pizza Restaurant,pizza_restaurant,"['pizza_restaurant', 'italian_restaurant', 'restaurant', 'point_of_interest', 'food', 'establishment']",4.6,603.0,"{'latitude': 51.4538355, 'longitude': -0.146274}","4 Cavendish Rd, London","{'startPrice': {'currencyCode': 'GBP', 'units': '10'}, 'endPrice': {'currencyCode': 'GBP', 'units': '20'}}",PRICE_LEVEL_INEXPENSIVE,https://maps.google.com/?cid=2161963884453107693&g_mp=Cilnb29nbGUubWFwcy5wbGFjZXMudjEuUGxhY2VzLlNlYXJjaE5lYXJieRACGAQgAA,http://pizzeriaonthegreen.co.uk/,OPERATIONAL,Pizza,Dine-In
ChIJZ1BI0bUFdkgRLIvs-O6hFEM,Zaferano’s Fish & Chips,Fish & Chips Restaurant,fish_and_chips_restaurant,"['fish_and_chips_restaurant', 'restaurant', 'point_of_interest', 'food', 'establishment']",4.7,128.0,"{'latitude': 51.453911899999994, 'longitude': -0.1459838}","1 Cavendish Parade, Clapham Common South Side, London","{'startPrice': {'currencyCode': 'GBP', 'units': '10'}, 'endPrice': {'currencyCode': 'GBP', 'units': '20'}}",,https://maps.google.com/?cid=4833666347825924908&g_mp=Cilnb29nbGUubWFwcy5wbGFjZXMudjEuUGxhY2VzLlNlYXJjaE5lYXJieRACGAQgAA,,OPERATIONAL,Seafood,Dine-In
ChIJKTPAHKEFdkgRMsx9diRjTOs,No3 at Nightingale Place,Restaurant,restaurant,"['restaurant', 'bar', 'bistro', 'point_of_interest', 'food', 'establishment']",4.0,62.0,"{'latitude': 51.4528756, 'longitude': -0.14875449999999998}","Oliver House Preparatory Schoo, Nightingale Ln, Nightingale Place, London","{'startPrice': {'currencyCode': 'GBP', 'units': '10'}, 'endPrice': {'currencyCode': 'GBP', 'units': '50'}}",,https://maps.google.com/?cid=16955035705401003058&g_mp=Cilnb29nbGUubWFwcy5wbGFjZXMudjEuUGxhY2VzLlNlYXJjaE5lYXJieRACGAQgAA,https://www.audleyrestaurants.co.uk/no3-clapham?utm_source=googlemybusiness&utm_medium=organic&utm_campaign=googlemybusiness-nig-restaurant&utm_content=nig-restaurant,OPERATIONAL,Bar & Pub,Dine-In
ChIJObH3H7YFdkgR2vXJYVGP-Xk,Moxies Fish Bar,Takeout Restaurant,meal_takeaway,"['meal_takeaway', 'restaurant', 'point_of_interest', 'food', 'establishment']",4.3,227.0,"{'latitude': 51.452286799999996, 'longitude': -0.14796090000000003}","Gateway House, 7 Westbury Parade, London","{'startPrice': {'currencyCode': 'GBP', 'units': '10'}, 'endPrice': {'currencyCode': 'GBP', 'units': '20'}}",PRICE_LEVEL_MODERATE,https://maps.google.com/?cid=8789213727485982170&g_mp=Cilnb29nbGUubWFwcy5wbGFjZXMudjEuUGxhY2VzLlNlYXJjaE5lYXJieRACGAQgAA,http://www.moxiesfishbar.co.uk/,OPERATIONAL,Seafood,Takeaway Only
ChIJox9BGLYFdkgRLdFzhP2R0Cw,King Rooster,Restaurant,restaurant,"['fast_food_restaurant', 'meal_takeaway', 'restaurant', 'point_of_interest', 'food', 'establishment']",3.7,96.0,"{'latitude': 51.452680199999996, 'longitude': -0.1477411}","2A Westbury Parade, Balham Hill, London","{'startPrice': {'currencyCode': 'GBP', 'units': '1'}, 'endPrice': {'currencyCode': 'GBP', 'units': '10'}}",,https://maps.google.com/?cid=3229241450859581741&g_mp=Cilnb29nbGUubWFwcy5wbGFjZXMudjEuUGxhY2VzLlNlYXJjaE5lYXJieRACGAQgAA,,OPERATIONAL,Fast Food,Dine-In
ChIJ0Qp_GLYFdkgRzdK-lQofCug,Doner Inn,Fast Food Restaurant,fast_food_restaurant,"['fast_food_restaurant', 'restaurant', 'point_of_interest', 'food', 'establishment']",3.3,116.0,"{'latitude': 51.45244290000001, 'longitude': -0.1478707}","Gateway House, 2 Westbury Parade, London","{'startPrice': {'currencyCode': 'GBP', 'units': '10'}, 'endPrice': {'currencyCode': 'GBP', 'units': '20'}}",,https://maps.google.com/?cid=16720210696888832717&g_mp=Cilnb29nbGUubWFwcy5wbGFjZXMudjEuUGxhY2VzLlNlYXJjaE5lYXJieRACGAQgAA,,OPERATIONAL,Fast Food,Dine-In
ChIJ3cQn7ckFdkgROizf0TtFlG8,Burger King,Restaurant,restaurant,"['restaurant', 'fast_food_restaurant', 'food', 'point_of_interest', 'establishment']",3.6,1025.0,"{'latitude': 51.450541, 'longitude': -0.14743}","67, Balham, 73 Balham Hill, London","{'startPrice': {'currencyCode': 'GBP', 'units': '10'}, 'endPrice': {'currencyCode': 'GBP', 'units': '20'}}",PRICE_LEVEL_MODERATE,https://maps.google.com/?cid=8040127357989628986&g_mp=Cilnb29nbGUubWFwcy5wbGFjZXMudjEuUGxhY2VzLlNlYXJjaE5lYXJieRACGAQgAA,https://locations.burgerking.co.uk/london/67/73-balham-hill,OPERATIONAL,Burgers,Dine-In
ChIJBfXy48kFdkgR6Pb51PwsZL0,Kadoshi Sushi Lounge,Japanese Restaurant,japanese_restaurant,"['japanese_restaurant', 'restaurant', 'food', 'point_of_interest', 'establishment']",4.3,247.0,"{'latitude': 51.4515751, 'longitude': -0.1475359}","47 Balham Hill, London","{'startPrice': {'currencyCode': 'GBP', 'units': '30'}, 'endPrice': {'currencyCode': 'GBP', 'units': '50'}}",,https://maps.google.com/?cid=13647082235255977704&g_mp=Cilnb29nbGUubWFwcy5wbGFjZXMudjEuUGxhY2VzLlNlYXJjaE5lYXJieRACGAQgAA,https://www.kadoshi.co.uk/,OPERATIONAL,Japanese,Dine-In
ChIJ80AfHLYFdkgRSOsR1gGFeMI,The Georgian,Eastern European Restaurant,eastern_european_restaurant,"['breakfast_restaurant', 'eastern_european_restaurant', 'restaurant', 'food', 'point_of_interest', 'establishment']",4.2,545.0,"{'latitude': 51.452143, 'longitude': -0.1474965}","The Georgian, 27 Balham Hill, London","{'startPrice': {'currencyCode': 'GBP', 'units': '10'}, 'endPrice': {'currencyCode': 'GBP', 'units': '60'}}",PRICE_LEVEL_MODERATE,https://maps.google.com/?cid=14013096483496258376&g_mp=Cilnb29nbGUubWFwcy5wbGFjZXMudjEuUGxhY2VzLlNlYXJjaE5lYXJieRACGAQgAA,https://cafegeorgian.wixsite.com/the-georgian,OPERATIONAL,European,Dine-In
ChIJ62or-pYFdkgR3BSotMIEOK0,BurritoMex,Burrito Restaurant,burrito_restaurant,"['burrito_restaurant', 'meal_takeaway', 'restaurant', 'food', 'point_of_interest', 'establishment']",4.6,392.0,"{'latitude': 51.4525236, 'longitude': -0.1473575}","17 Balham Hill, London","{'startPrice': {'currencyCode': 'GBP', 'units': '10'}, 'endPrice': {'currencyCode': 'GBP', 'units': '20'}}",,https://maps.google.com/?cid=12481731601558410460&g_mp=Cilnb29nbGUubWFwcy5wbGFjZXMudjEuUGxhY2VzLlNlYXJjaE5lYXJieRACGAQgAA,http://www.theburritomex.co.uk/,OPERATIONAL,Latin American,Dine-In
ChIJ82MA6PMFdkgR0YdrgyNPjUY,Morley's-FRIEDCHICKEN-BURGERS-BBQ-WINGS,Fast Food Restaurant,fast_food_restaurant,"['fast_food_restaurant', 'meal_takeaway', 'restaurant', 'food', 'point_of_interest', 'establishment']",4.5,147.0,"{'latitude': 51.452042399999996, 'longitude': -0.1474473}","31 Balham Hill, London","{'startPrice': {'currencyCode': 'GBP', 'units': '1'}, 'endPrice': {'currencyCode': 'GBP', 'units': '10'}}",,https://maps.google.com/?cid=5083806568318470097&g_mp=Cilnb29nbGUubWFwcy5wbGFjZXMudjEuUGxhY2VzLlNlYXJjaE5lYXJieRACGAQgAA,,OPERATIONAL,Fast Food,Dine-In
ChIJ90NgeCkFdkgRrcERnqgTOZ8,Brooke,Restaurant,restaurant,"['restaurant', 'bar', 'point_of_interest', 'food', 'establishment']",4.6,170.0,"{'latitude': 51.454039699999996, 'longitude': -0.1404743}","Newtons Restaurant, 33-35 Abbeville Rd, London","{'startPrice': {'currencyCode': 'GBP', 'units': '30'}, 'endPrice': {'currencyCode': 'GBP', 'units': '70'}}",,https://maps.google.com/?cid=11473223140630446509&g_mp=Cilnb29nbGUubWFwcy5wbGFjZXMudjEuUGxhY2VzLlNlYXJjaE5lYXJieRACGAQgAA,https://brookeclapham.com/,OPERATIONAL,Bar & Pub,Dine-In
ChIJe3Va2EoEdkgRUbvmmsICN1o,Bistro Union,Bistro,bistro,"['bistro', 'wine_bar', 'cocktail_bar', 'bar', 'british_restaurant', 'restaurant', 'point_of_interest', 'food', 'establishment']",4.3,359.0,"{'latitude': 51.454325999999995, 'longitude': -0.13974899999999998}","40 Abbeville Rd, London","{'startPrice': {'currencyCode': 'GBP', 'units': '30'}, 'endPrice': {'currencyCode': 'GBP', 'units': '90'}}",PRICE_LEVEL_MODERATE,https://maps.google.com/?cid=6500667621978323793&g_mp=Cilnb29nbGUubWFwcy5wbGFjZXMudjEuUGxhY2VzLlNlYXJjaE5lYXJieRACGAQgAA,https://bistrounion.co.uk/,OPERATIONAL,European,Dine-In
ChIJXWauCIwFdkgR0oyhl-R7d7M,Osteria Toscana,Italian Restaurant,italian_restaurant,"['italian_restaurant', 'restaurant', 'point_of_interest', 'food', 'establishment']",4.5,269.0,"{'latitude': 51.453972699999994, 'longitude': -0.1405695}","31 Abbeville Rd, London","{'startPrice': {'currencyCode': 'GBP', 'units': '30'}, 'endPrice': {'currencyCode': 'GBP', 'units': '70'}}",,https://maps.google.com/?cid=12931941076744375506&g_mp=Cilnb29nbGUubWFwcy5wbGFjZXMudjEuUGxhY2VzLlNlYXJjaE5lYXJieRACGAQgAA,http://osteriatoscana.co.uk/,OPERATIONAL,European,Dine-In
ChIJbcuN1koEdkgRfqE0R3FiLLc,PizzaExpress,Pizza Restaurant,pizza_restaurant,"['pizza_restaurant', 'italian_restaurant', 'meal_takeaway', 'restaurant', 'point_of_interest', 'food', 'establishment']",4.5,449.0,"{'latitude': 51.454294, 'longitude': -0.1402061}","43 Abbeville Rd, London","{'startPrice': {'currencyCode': 'GBP', 'units': '10'}, 'endPrice': {'currencyCode': 'GBP', 'units': '20'}}",PRICE_LEVEL_MODERATE,https://maps.google.com/?cid=13199032846581539198&g_mp=Cilnb29nbGUubWFwcy5wbGFjZXMudjEuUGxhY2VzLlNlYXJjaE5lYXJieRACGAQgAA,https://www.pizzaexpress.com/clapham-abbeville-road?utm_source=GMB&utm_medium=Website&utm_campaign=GMB-WEB-781,OPERATIONAL,Pizza,Dine-In
ChIJAQBN1koEdkgRGw_ixzGsr-I,Camile Clapham,Thai Restaurant,thai_restaurant,"['thai_restaurant', 'restaurant', 'point_of_interest', 'food', 'establishment']",4.0,352.0,"{'latitude': 51.454391199999996, 'longitude': -0.1401346}","47 Abbeville Rd, London","{'startPrice': {'currencyCode': 'GBP', 'units': '10'}, 'endPrice': {'currencyCode': 'GBP', 'units': '20'}}",,https://maps.google.com/?cid=16334463703302934299&g_mp=Cilnb29nbGUubWFwcy5wbGFjZXMudjEuUGxhY2VzLlNlYXJjaE5lYXJieRACGAQgAA,https://www.camile.co.uk/,OPERATIONAL,Thai,Dine-In
ChIJMUawbgAFdkgRU-z-PdGJ3II,MAAI By Nikita,British Restaurant,british_restaurant,"['fine_dining_restaurant', 'cocktail_bar', 'bar', 'british_restaurant', 'restaurant', 'point_of_interest', 'food', 'establishment']",5.0,43.0,"{'latitude': 51.4540216, 'longitude': -0.1404851}","Newtons Restaurant, 33-35 Abbeville Rd, London","{'startPrice': {'currencyCode': 'GBP', 'units': '70'}, 'endPrice': {'currencyCode': 'GBP', 'units': '80'}}",,https://maps.google.com/?cid=9429563251588262995&g_mp=Cilnb29nbGUubWFwcy5wbGFjZXMudjEuUGxhY2VzLlNlYXJjaE5lYXJieRACGAQgAA,https://restaurantmaai.com/,OPERATIONAL,European,Dine-In
ChIJQc1-FbcFdkgRrHtzyQ6KQy0,Honest Tom's Snack Bar,Snack Bar,snack_bar,"['snack_bar', 'meal_takeaway', 'restaurant', 'food', 'point_of_interest', 'establishment']",4.6,617.0,"{'latitude': 51.455934400000004, 'longitude': -0.1503395}","Windmill Dr, London","{'startPrice': {'currencyCode': 'GBP', 'units': '1'}, 'endPrice': {'currencyCode': 'GBP', 'units': '10'}}",PRICE_LEVEL_INEXPENSIVE,https://maps.google.com/?cid=3261602351260335020&g_mp=Cilnb29nbGUubWFwcy5wbGFjZXMudjEuUGxhY2VzLlNlYXJjaE5lYXJieRACGAQgAA,https://www.facebook.com/honesttoms.claphamcommon/,OPERATIONAL,Fast Food,Dine-In
