tile_id,seed_index,tile_path_id,h3_res,level,center_lat,center_lon,tile_size_m,geometry,children,checked,fetch_success,current
88194ad305fffff,0,0,8,0,51.51478336,-0.09007851,531.415,"POLYGON ((-0.0888516893393572 51.519256348128906, -0.0955598473124525 51.51806520210215, -0.096786188182265 51.5135919619082, -0.0913051522289163 51.51031013513138, -0.0845980616945608 51.511501322590696, -0.0833709397865044 51.51597429537912, -0.0888516893393572 51.519256348128906))",0,False,False,False
88194ad32bfffff,1,1,8,0,51.50911848,-0.09801235,531.415,"POLYGON ((-0.096786188182265 51.5135919619082, -0.1034939729998741 51.51240009934899, -0.1047196545710628 51.50792636868545, -0.0992383325482904 51.50464476794492, -0.0925316149121113 51.50583667184678, -0.0913051522289163 51.51031013513138, -0.096786188182265 51.5135919619082))",0,False,False,False
88194ad329fffff,2,2,8,0,51.51687359,-0.102268112,531.415,"POLYGON ((-0.1010420725954044 51.52134684705529, -0.1077509248597647 51.52015502574154, -0.1089764842827582 51.51568151824434, -0.1034939729998741 51.51240009934899, -0.096786188182265 51.5135919619082, -0.0955598473124525 51.51806520210215, -0.1010420725954044 51.52134684705529))",0,False,False,False
88194ad363fffff,3,3,8,0,51.5225382,-0.094333327,531.415,"POLYGON ((-0.0931066280085635 51.52701096870593, -0.0998158536858658 51.525819864014544, -0.1010420725954044 51.52134684705529, -0.0955598473124525 51.51806520210215, -0.0888516893393572 51.519256348128906, -0.0876246890567497 51.52372909775828, -0.0931066280085635 51.52701096870593))",0,False,False,False
88194ad307fffff,4,4,8,0,51.50702811,-0.085825004,531.415,"POLYGON ((-0.0845980616945608 51.511501322590696, -0.0913051522289163 51.51031013513138, -0.0925316149121113 51.50583667184678, -0.0870517678762369 51.502554663487544, -0.0803457445152228 51.50374589247654, -0.0791185011283994 51.50821908827997, -0.0845980616945608 51.511501322590696))",0,False,False,False
88194ad30dfffff,5,5,8,0,51.52044703,-0.082143639,531.415,"POLYGON ((-0.080916158145192 51.52491952722091, -0.0876246890567497 51.52372909775828, -0.0888516893393572 51.519256348128906, -0.0833709397865044 51.51597429537912, -0.0766634765709619 51.51716476636419, -0.0754356953239905 51.521637248561476, -0.080916158145192 51.52491952722091))",0,False,False,False
88194ad301fffff,6,6,8,0,51.51269205,-0.077891078,531.415,"POLYGON ((-0.0766634765709619 51.51716476636419, -0.0833709397865044 51.51597429537912, -0.0845980616945608 51.511501322590696, -0.0791185011283994 51.50821908827997, -0.0724121053432612 51.50940960088464, -0.0711842028055504 51.51388230616536, -0.0766634765709619 51.51716476636419))",0,False,False,False
88194ad321fffff,7,7,8,0,51.51120777,-0.110201865,531.415,"POLYGON ((-0.1089764842827582 51.51568151824434, -0.1156849629172356 51.514488980339976, -0.1169098629679935 51.51001498239984, -0.111427066016315 51.50673378962552, -0.1047196545710628 51.50792636868545, -0.1034939729998741 51.51240009934899, -0.1089764842827582 51.51568151824434))",0,False,False,False
88194ad33dfffff,8,8,8,0,51.50136297,-0.093757898,531.415,"POLYGON ((-0.0925316149121113 51.50583667184678, -0.0992383325482904 51.50464476794492, -0.1004641361207624 51.500170814259164, -0.0949840029460471 51.49688903191476, -0.0882783522260914 51.4980809772564, -0.0870517678762369 51.502554663487544, -0.0925316149121113 51.50583667184678))",0,False,False,False
88194ad367fffff,9,9,8,0,51.5246283,-0.106525186,531.415,"POLYGON ((-0.105299268710771 51.52910132690273, -0.112009188687221 51.52790954673722, -0.1132346258149748 51.52343626255041, -0.1077509248597647 51.52015502574154, -0.1010420725954044 51.52134684705529, -0.0998158536858658 51.525819864014544, -0.105299268710771 51.52910132690273))",0,False,False,False
88194ad323fffff,10,10,8,0,51.5034524,-0.105945157,531.415,"POLYGON ((-0.1047196545710628 51.50792636868545, -0.111427066016315 51.50673378962552, -0.1126520884031156 51.50225956858746, -0.1071704806419031 51.49897819394648, -0.1004641361207624 51.500170814259164, -0.0992383325482904 51.50464476794492, -0.1047196545710628 51.50792636868545))",0,False,False,False
88194ad36bfffff,11,11,8,0,51.52820161,-0.086397509,531.415,"POLYGON ((-0.0851701506250179 51.53267388306964, -0.0918797494981939 51.53148349503227, -0.0931066280085635 51.52701096870593, -0.0876246890567497 51.52372909775828, -0.080916158145192 51.52491952722091, -0.0796884983356162 51.52939178619079, -0.0851701506250179 51.53267388306964))",0,False,False,False
88194ad32dfffff,12,12,8,0,51.51896274,-0.114459884,531.415,"POLYGON ((-0.1132346258149748 51.52343626255041, -0.1199441719038596 51.52224376570438, -0.1211689494714793 51.51776999100632, -0.1156849629172356 51.514488980339976, -0.1089764842827582 51.51568151824434, -0.1077509248597647 51.52015502574154, -0.1132346258149748 51.52343626255041))",0,False,False,False
88194ad309fffff,13,13,8,0,51.51835477,-0.069956121,531.415,"POLYGON ((-0.0687278596443315 51.522827003040774, -0.0754356953239905 51.521637248561476, -0.0766634765709619 51.51716476636419, -0.0711842028055504 51.51388230616536, -0.0644774348133139 51.51507210235415, -0.0632488730108005 51.51954431701719, -0.0687278596443315 51.522827003040774))",0,False,False,False
88194ad303fffff,14,14,8,0,51.50493666,-0.073639829,531.415,"POLYGON ((-0.0724121053432612 51.50940960088464, -0.0791185011283994 51.50821908827997, -0.0803457445152228 51.50374589247654, -0.0748673725236587 51.500463476846086, -0.0681620439033927 51.501654031167476, -0.0669340202214461 51.50612695938754, -0.0724121053432612 51.50940960088464))",0,False,False,False
88194ad347fffff,15,15,8,0,51.52610949,-0.074207735,531.415,"POLYGON ((-0.0729795947027676 51.53058149905776, -0.0796884983356162 51.52939178619079, -0.080916158145192 51.52491952722091, -0.0754356953239905 51.521637248561476, -0.0687278596443315 51.522827003040774, -0.0674994189444663 51.52729899455204, -0.0729795947027676 51.53058149905776))",0,False,False,False
88194ad361fffff,16,16,8,0,51.53029264,-0.098589456,531.415,"POLYGON ((-0.0973628782614289 51.53476518393656, -0.1040731719084791 51.53357412048326, -0.105299268710771 51.52910132690273, -0.0998158536858658 51.525819864014544, -0.0931066280085635 51.52701096870593, -0.0918797494981939 51.53148349503227, -0.0973628782614289 51.53476518393656))",0,False,False,False
88194ad339fffff,17,17,8,0,51.49927246,-0.081572809,531.415,"POLYGON ((-0.0803457445152228 51.50374589247654, -0.0870517678762369 51.502554663487544, -0.0882783522260914 51.4980809772564, -0.0827996936956561 51.49479878755601, -0.0760947372426226 51.495990058171785, -0.0748673725236587 51.500463476846086, -0.0803457445152228 51.50374589247654))",0,False,False,False
88194ad30bfffff,18,18,8,0,51.51059965,-0.065705817,531.415,"POLYGON ((-0.0644774348133139 51.51507210235415, -0.0711842028055504 51.51388230616536, -0.0724121053432612 51.50940960088464, -0.0669340202214461 51.50612695938754, -0.0602283196509644 51.507316797382956, -0.0589996368922343 51.511789235053804, -0.0644774348133139 51.51507210235415))",0,False,False,False
88194ad327fffff,19,19,8,0,51.50554075,-0.118134584,531.415,"POLYGON ((-0.1169098629679935 51.51001498239984, -0.1236179677558104 51.50882172793671, -0.1248422085487067 51.50434723964876, -0.1193591262592725 51.50106627305865, -0.1126520884031156 51.50225956858746, -0.111427066016315 51.50673378962552, -0.1169098629679935 51.51001498239984))",0,False,False,False
88194ad325fffff,20,20,8,0,51.51329598,-0.122393548,531.415,"POLYGON ((-0.1211689494714793 51.51776999100632, -0.1278781214559564 51.51657677751168, -0.129102239577905 51.512102512397384, -0.1236179677558104 51.50882172793671, -0.1169098629679935 51.51001498239984, -0.1156849629172356 51.514488980339976, -0.1211689494714793 51.51776999100632))",0,False,False,False
88194ad335fffff,21,21,8,0,51.49569662,-0.101689761,531.415,"POLYGON ((-0.1004641361207624 51.500170814259164, -0.1071704806419031 51.49897819394648, -0.1083956252177884 51.49450374995465, -0.1029152062350974 51.49122219368838, -0.0962099283729871 51.49241485535092, -0.0949840029460471 51.49688903191476, -0.1004641361207624 51.500170814259164))",0,False,False,False
88195da4dbfffff,22,22,8,0,51.5267173,-0.118719215,531.415,"POLYGON ((-0.117494079727152 51.53119060121826, -0.1242046935356741 51.52999814533331, -0.1254293484729426 51.52552459402137, -0.1199441719038596 51.52224376570438, -0.1132346258149748 51.52343626255041, -0.112009188687221 51.52790954673722, -0.117494079727152 51.53119060121826))",0,False,False,False
88194ad331fffff,23,23,8,0,51.49360705,-0.089504757,531.415,"POLYGON ((-0.0882783522260914 51.4980809772564, -0.0949840029460471 51.49688903191476, -0.0962099283729871 51.49241485535092, -0.0907309836344751 51.48913289164394, -0.0840263995655383 51.490324878522436, -0.0827996936956561 51.49479878755601, -0.0882783522260914 51.4980809772564))",0,False,False,False
88194ad343fffff,24,24,8,0,51.52401629,-0.062020132,531.415,"POLYGON ((-0.0607912110179501 51.528488032494096, -0.0674994189444663 51.52729899455204, -0.0687278596443315 51.522827003040774, -0.0632488730108005 51.51954431701719, -0.0565417330286851 51.520733396758665, -0.0553125118474823 51.525205120709224, -0.0607912110179501 51.528488032494096))",0,False,False,False
88194ad149fffff,25,25,8,0,51.49778511,-0.113876932,531.415,"POLYGON ((-0.1126520884031156 51.50225956858746, -0.1193591262592725 51.50106627305865, -0.1205834895759697 51.4965915617412, -0.115101596407207 51.493310413263046, -0.1083956252177884 51.49450374995465, -0.1071704806419031 51.49897819394648, -0.1126520884031156 51.50225956858746))",0,False,False,False
88194ad365fffff,26,26,8,0,51.53238259,-0.110783572,531.415,"POLYGON ((-0.1095577770878223 51.536855401065246, -0.1162687650417892 51.5356636619506, -0.117494079727152 51.53119060121826, -0.112009188687221 51.52790954673722, -0.105299268710771 51.52910132690273, -0.1040731719084791 51.53357412048326, -0.1095577770878223 51.536855401065246))",0,False,False,False
88194ad345fffff,27,27,8,0,51.53386381,-0.078460659,531.415,"POLYGON ((-0.0772326405477215 51.53833559002005, -0.0839426123995701 51.537145918668216, -0.0851701506250179 51.53267388306964, -0.0796884983356162 51.52939178619079, -0.0729795947027676 51.53058149905776, -0.0717512752521504 51.53505326727331, -0.0772326405477215 51.53833559002005))",0,False,False,False
88194ad369fffff,28,28,8,0,51.53595578,-0.090652692,531.415,"POLYGON ((-0.0894254545697169 51.540427833525314, -0.096136121670239 51.539237486815885, -0.0973628782614289 51.53476518393656, -0.0918797494981939 51.53148349503227, -0.0851701506250179 51.53267388306964, -0.0839426123995701 51.537145918668216, -0.0894254545697169 51.540427833525314))",0,False,False,False
88194ad355fffff,29,29,8,0,51.51626143,-0.057770775,531.415,"POLYGON ((-0.0565417330286851 51.520733396758665, -0.0632488730108005 51.51954431701719, -0.0644774348133139 51.51507210235415, -0.0589996368922343 51.511789235053804, -0.0522935645886553 51.512978356691825, -0.0510642226393848 51.51745030371856, -0.0565417330286851 51.520733396758665))",0,False,False,False
88195da4d3fffff,30,30,8,0,51.5210508,-0.126653824,531.415,"POLYGON ((-0.1254293484729426 51.52552459402137, -0.1321395879191482 51.524331421397896, -0.1333635832229108 51.51985737960141, -0.1278781214559564 51.51657677751168, -0.1211689494714793 51.51776999100632, -0.1199441719038596 51.52224376570438, -0.1254293484729426 51.52552459402137))",0,False,False,False
88194ad315fffff,31,31,8,0,51.49718087,-0.069389888,531.415,"POLYGON ((-0.0681620439033927 51.501654031167476, -0.0748673725236587 51.500463476846086, -0.0760947372426226 51.495990058171785, -0.0706175534137373 51.492707461462736, -0.0639132916928855 51.49389805759787, -0.0626851470131253 51.49837120861323, -0.0681620439033927 51.501654031167476))",0,False,False,False
88194ad31dfffff,32,32,8,0,51.50284412,-0.061456823,531.415,"POLYGON ((-0.0602283196509644 51.507316797382956, -0.0669340202214461 51.50612695938754, -0.0681620439033927 51.501654031167476, -0.0626851470131253 51.49837120861323, -0.0559805135987334 51.49956108851232, -0.0547517100301574 51.50403374904696, -0.0602283196509644 51.507316797382956))",0,False,False,False
88194ad341fffff,33,33,8,0,51.53177075,-0.066270799,531.415,"POLYGON ((-0.0650419991153047 51.53624226351312, -0.0717512752521504 51.53505326727331, -0.0729795947027676 51.53058149905776, -0.0674994189444663 51.52729899455204, -0.0607912110179501 51.528488032494096, -0.0595621107512461 51.53295953322452, -0.0650419991153047 51.53624226351312))",0,False,False,False
88194ad36dfffff,34,34,8,0,51.53804668,-0.102846896,531.415,"POLYGON ((-0.1016204406575158 51.54251899343557, -0.1083318025398466 51.54132797112306, -0.1095577770878223 51.536855401065246, -0.1040731719084791 51.53357412048326, -0.0973628782614289 51.53476518393656, -0.096136121670239 51.539237486815885, -0.1016204406575158 51.54251899343557))",0,False,False,False
88195da49bfffff,35,35,8,0,51.50762801,-0.130326179,531.415,"POLYGON ((-0.129102239577905 51.512102512397384, -0.1358110372412646 51.51090858228601, -0.137034496032085 51.506433826850625, -0.1315499392731926 51.50315326865882, -0.1248422085487067 51.50434723964876, -0.1236179677558104 51.50882172793671, -0.129102239577905 51.512102512397384))",0,False,False,False
88194ad33bfffff,36,36,8,0,51.4915164,-0.077321923,531.415,"POLYGON ((-0.0760947372426226 51.495990058171785, -0.0827996936956561 51.49479878755601, -0.0840263995655383 51.490324878522436, -0.0785489291287639 51.487042507722066, -0.071845039318414 51.48823382006167, -0.0706175534137373 51.492707461462736, -0.0760947372426226 51.495990058171785))",0,False,False,False
88194ad357fffff,37,37,8,0,51.50850617,-0.053522727,531.415,"POLYGON ((-0.0522935645886553 51.512978356691825, -0.0589996368922343 51.511789235053804, -0.0602283196509644 51.507316797382956, -0.0547517100301574 51.50403374904696, -0.0480467051393039 51.505222912678555, -0.0468172425682391 51.50969508263754, -0.0522935645886553 51.512978356691825))",0,False,False,False
88194ad14dfffff,38,38,8,0,51.49987251,-0.12606627,531.415,"POLYGON ((-0.1248422085487067 51.50434723964876, -0.1315499392731926 51.50315326865882, -0.1327735209226602 51.4986782901182, -0.1272901536264001 51.4953975497755, -0.1205834895759697 51.4965915617412, -0.1193591262592725 51.50106627305865, -0.1248422085487067 51.50434723964876))",0,False,False,False
88195da499fffff,39,39,8,0,51.5153831,-0.1345874,531.415,"POLYGON ((-0.1333635832229108 51.51985737960141, -0.1400734480900305 51.51866349027133, -0.1412967838748579 51.514188958085406, -0.1358110372412646 51.51090858228601, -0.129102239577905 51.512102512397384, -0.1278781214559564 51.51657677751168, -0.1333635832229108 51.51985737960141))",0,False,False,False
88194ad14bfffff,40,40,8,0,51.49002907,-0.109620591,531.415,"POLYGON ((-0.1083956252177884 51.49450374995465, -0.115101596407207 51.493310413263046, -0.1163260821006756 51.48883547906034, -0.110845377640786 51.4855541489355, -0.1041404728531652 51.48674752688704, -0.1029152062350974 51.49122219368838, -0.1083956252177884 51.49450374995465))",0,False,False,False
88194ad337fffff,41,41,8,0,51.48794044,-0.097435675,531.415,"POLYGON ((-0.0962099283729871 51.49241485535092, -0.1029152062350974 51.49122219368838, -0.1041404728531652 51.48674752688704, -0.0986612422372624 51.48346578923682, -0.09195703076919 51.484658492346284, -0.0907309836344751 51.48913289164394, -0.0962099283729871 51.49241485535092))",0,False,False,False
88194ad35dfffff,42,42,8,0,51.52192201,-0.049834701,531.415,"POLYGON ((-0.0486050000928295 51.52639348397196, -0.0553125118474823 51.525205120709224, -0.0565417330286851 51.520733396758665, -0.0510642226393848 51.51745030371856, -0.0443577788199999 51.51863870896778, -0.0431277775664507 51.52311016525556, -0.0486050000928295 51.52639348397196))",0,False,False,False
88195da4d9fffff,43,43,8,0,51.53447146,-0.12297986,531.415,"POLYGON ((-0.1217548465789755 51.53894453386253, -0.1284665283724533 51.53775211884124, -0.1296910605320407 51.53327879105953, -0.1242046935356741 51.52999814533331, -0.117494079727152 51.53119060121826, -0.1162687650417892 51.5356636619506, -0.1217548465789755 51.53894453386253))",0,False,False,False
88195da693fffff,44,44,8,0,51.54161772,-0.082714895,531.415,"POLYGON ((-0.0814869977385648 51.54608927554262, -0.0881980380752671 51.54489964560862, -0.0894254545697169 51.540427833525314, -0.0839426123995701 51.537145918668216, -0.0772326405477215 51.53833559002005, -0.0760044424930434 51.54280713479599, -0.0814869977385648 51.54608927554262))",0,False,False,False
88195da4d1fffff,45,45,8,0,51.52880523,-0.130915414,531.415,"POLYGON ((-0.1296910605320407 51.53327879105953, -0.1364023677051265 51.53208565920987, -0.1376262400432606 51.52761184087534, -0.1321395879191482 51.524331421397896, -0.1254293484729426 51.52552459402137, -0.1242046935356741 51.52999814533331, -0.1296910605320407 51.53327879105953))",0,False,False,False
88194ad34bfffff,46,46,8,0,51.52967661,-0.054083111,531.415,"POLYGON ((-0.0528535307952435 51.53414785459797, -0.0595621107512461 51.53295953322452, -0.0607912110179501 51.528488032494096, -0.0553125118474823 51.525205120709224, -0.0486050000928295 51.52639348397196, -0.0473751194191357 51.53086471711523, -0.0528535307952435 51.53414785459797))",0,False,False,False
88194ad34dfffff,47,47,8,0,51.5395248,-0.070522776,531.415,"POLYGON ((-0.0692940978798607 51.54399608943081, -0.0760044424930434 51.54280713479599, -0.0772326405477215 51.53833559002005, -0.0717512752521504 51.53505326727331, -0.0650419991153047 51.53624226351312, -0.0638130199095814 51.54071354087955, -0.0692940978798607 51.54399608943081))",0,False,False,False
88194ad141fffff,48,48,8,0,51.49211661,-0.121807674,531.415,"POLYGON ((-0.1205834895759697 51.4965915617412, -0.1272901536264001 51.4953975497755, -0.1285138579873327 51.49092234827387, -0.1230316797418314 51.48764142602171, -0.1163260821006756 51.48883547906034, -0.115101596407207 51.493310413263046, -0.1205834895759697 51.4965915617412))",0,False,False,False
88194ad333fffff,49,49,8,0,51.48585073,-0.085252926,531.415,"POLYGON ((-0.0840263995655383 51.490324878522436, -0.0907309836344751 51.48913289164394, -0.09195703076919 51.484658492346284, -0.086479274055162 51.48137634751797, -0.0797757563721386 51.482568376030336, -0.0785489291287639 51.487042507722066, -0.0840263995655383 51.490324878522436))",0,False,False,False
88194ad351fffff,50,50,8,0,51.51416701,-0.0455876,531.415,"POLYGON ((-0.0443577788199999 51.51863870896778, -0.0510642226393848 51.51745030371856, -0.0522935645886553 51.512978356691825, -0.0468172425682391 51.50969508263754, -0.0401118664181755 51.51088352997026, -0.0388817447309673 51.51535520925872, -0.0443577788199999 51.51863870896778))",0,False,False,False
88194ad311fffff,51,51,8,0,51.49508819,-0.057209138,531.415,"POLYGON ((-0.0559805135987334 51.49956108851232, -0.0626851470131253 51.49837120861323, -0.0639132916928855 51.49389805759787, -0.0584375826223029 51.490615054227604, -0.0517340160984147 51.49180497612737, -0.0505050918662366 51.4962778593817, -0.0559805135987334 51.49956108851232))",0,False,False,False
88195da6b3fffff,52,52,8,0,51.54013648,-0.115043271,531.415,"POLYGON ((-0.113817598286339 51.544609069157524, -0.1205296544832724 51.543417370996444, -0.1217548465789755 51.53894453386253, -0.1162687650417892 51.5356636619506, -0.1095577770878223 51.536855401065246, -0.1083318025398466 51.54132797112306, -0.113817598286339 51.544609069157524))",0,False,False,False
88195da697fffff,53,53,8,0,51.54370955,-0.094909186,531.415,"POLYGON ((-0.0936820705389102 51.54818137820278, -0.1003938061324982 51.546991072724, -0.1016204406575158 51.54251899343557, -0.096136121670239 51.539237486815885, -0.0894254545697169 51.540427833525314, -0.0881980380752671 51.54489964560862, -0.0936820705389102 51.54818137820278))",0,False,False,False
88194ad319fffff,54,54,8,0,51.5007505,-0.049275988,531.415,"POLYGON ((-0.0480467051393039 51.505222912678555, -0.0547517100301574 51.50403374904696, -0.0559805135987334 51.49956108851232, -0.0505050918662366 51.4962778593817, -0.0438011541223464 51.49746706510393, -0.0425715710756642 51.50193945785111, -0.0480467051393039 51.505222912678555))",0,False,False,False
88194ad317fffff,55,55,8,0,51.48942467,-0.065141257,531.415,"POLYGON ((-0.0639132916928855 51.49389805759787, -0.0706175534137373 51.492707461462736, -0.071845039318414 51.48823382006167, -0.066369043240439 51.48495104251523, -0.0596658481535865 51.48614168056108, -0.0584375826223029 51.490615054227604, -0.0639132916928855 51.49389805759787))",0,False,False,False
88195da4d7fffff,56,56,8,0,51.52313778,-0.138849933,531.415,"POLYGON ((-0.1376262400432606 51.52761184087534, -0.14433717237912 51.52641799222921, -0.1455603850105172 51.52194368343691, -0.1400734480900305 51.51866349027133, -0.1333635832229108 51.51985737960141, -0.1321395879191482 51.524331421397896, -0.1376262400432606 51.52761184087534))",0,False,False,False
88195da493fffff,57,57,8,0,51.50195883,-0.138257776,531.415,"POLYGON ((-0.137034496032085 51.506433826850625, -0.1437429191577654 51.505239180154575, -0.1449657187319727 51.50076393449329, -0.1394808773672925 51.497483602633494, -0.1327735209226602 51.4986782901182, -0.1315499392731926 51.50315326865882, -0.137034496032085 51.506433826850625))",0,False,False,False
88194ad349fffff,58,58,8,0,51.5374308,-0.058332831,531.415,"POLYGON ((-0.0571033714861545 51.54190182046088, -0.0638130199095814 51.54071354087955, -0.0650419991153047 51.53624226351312, -0.0595621107512461 51.53295953322452, -0.0528535307952435 51.53414785459797, -0.0516237708477641 51.538618864452815, -0.0571033714861545 51.54190182046088))",0,False,False,False
88195da491fffff,59,59,8,0,51.50971419,-0.142519941,531.415,"POLYGON ((-0.1412967838748579 51.514188958085406, -0.1480062739463062 51.512994352080774, -0.1492289503268438 51.50851932960054, -0.1437429191577654 51.505239180154575, -0.137034496032085 51.506433826850625, -0.1358110372412646 51.51090858228601, -0.1412967838748579 51.514188958085406))",0,False,False,False
88195da6bbfffff,60,60,8,0,51.5458003,-0.107105649,531.415,"POLYGON ((-0.1058793157566078 51.55027239681782, -0.1125917461399325 51.5490814155487, -0.113817598286339 51.544609069157524, -0.1083318025398466 51.54132797112306, -0.1016204406575158 51.54251899343557, -0.1003938061324982 51.546991072724, -0.1058793157566078 51.55027239681782))",0,False,False,False
88194ad353fffff,61,61,8,0,51.50641161,-0.041341809,531.415,"POLYGON ((-0.0401118664181755 51.51088352997026, -0.0468172425682391 51.50969508263754, -0.0480467051393039 51.505222912678555, -0.0425715710756642 51.50193945785111, -0.0358672623289836 51.50312794736438, -0.0346370203542621 51.50759984950953, -0.0401118664181755 51.51088352997026))",0,False,False,False
88194ad145fffff,62,62,8,0,51.49420307,-0.133996924,531.415,"POLYGON ((-0.1327735209226602 51.4986782901182, -0.1394808773672925 51.497483602633494, -0.1407037999878035 51.493008133935426, -0.1352201480155889 51.489727619903285, -0.1285138579873327 51.49092234827387, -0.1272901536264001 51.4953975497755, -0.1327735209226602 51.4986782901182))",0,False,False,False
88194ad06dfffff,63,63,8,0,51.48375994,-0.073072346,531.415,"POLYGON ((-0.071845039318414 51.48823382006167, -0.0785489291287639 51.487042507722066, -0.0797757563721386 51.482568376030336, -0.0742994736173714 51.479285824371196, -0.0675966501844614 51.480477178531565, -0.066369043240439 51.48495104251523, -0.071845039318414 51.48823382006167))",0,False,False,False
88194ad15dfffff,64,64,8,0,51.48227262,-0.105365561,531.415,"POLYGON ((-0.1041404728531652 51.48674752688704, -0.110845377640786 51.4855541489355, -0.1120699855640625 51.48107899199183, -0.1065904694014123 51.47779748046167, -0.0998866307507632 51.478990899770224, -0.0986612422372624 51.48346578923682, -0.1041404728531652 51.48674752688704))",0,False,False,False
88194ad143fffff,65,65,8,0,51.48436031,-0.117550389,531.415,"POLYGON ((-0.1163260821006756 51.48883547906034, -0.1230316797418314 51.48764142602171, -0.124255506667133 51.48316600170335, -0.1187745170606921 51.47988489778317, -0.1120699855640625 51.48107899199183, -0.110845377640786 51.4855541489355, -0.1163260821006756 51.48883547906034))",0,False,False,False
88195da49dfffff,66,66,8,0,51.51746914,-0.146783419,531.415,"POLYGON ((-0.1455603850105172 51.52194368343691, -0.1522709422925054 51.520749118026366, -0.1534934953318697 51.516274318871396, -0.1480062739463062 51.512994352080774, -0.1412967838748579 51.514188958085406, -0.1400734480900305 51.51866349027133, -0.1455603850105172 51.52194368343691))",0,False,False,False
88194e69b7fffff,67,67,8,0,51.52758138,-0.041897597,531.415,"POLYGON ((-0.0406672361093833 51.53205236386801, -0.0473751194191357 51.53086471711523, -0.0486050000928295 51.52639348397196, -0.0431277775664507 51.52311016525556, -0.0364209624486832 51.52429785408472, -0.0351903017771664 51.52876881953884, -0.0406672361093833 51.53205236386801))",0,False,False,False
88194ad159fffff,68,68,8,0,51.48018386,-0.093182899,531.415,"POLYGON ((-0.09195703076919 51.484658492346284, -0.0986612422372624 51.48346578923682, -0.0998866307507632 51.478990899770224, -0.0944085880900646 51.47570898097732, -0.0877054427510653 51.476901725630704, -0.086479274055162 51.48137634751797, -0.09195703076919 51.484658492346284))",0,False,False,False
88194ad359fffff,69,69,8,0,51.51982665,-0.037651443,531.415,"POLYGON ((-0.0364209624486832 51.52429785408472, -0.0431277775664507 51.52311016525556, -0.0443577788199999 51.51863870896778, -0.0388817447309673 51.51535520925872, -0.0321759975390466 51.516542940261296, -0.0309452166221357 51.52101412878446, -0.0364209624486832 51.52429785408472))",0,False,False,False
88195da4ddfffff,70,70,8,0,51.53655924,-0.135178316,531.415,"POLYGON ((-0.1339540862087436 51.54103258173532, -0.1406664613738423 51.53983949056208, -0.1418902105989005 51.535365895833536, -0.1364023677051265 51.53208565920987, -0.1296910605320407 51.53327879105953, -0.1284665283724533 51.53775211884124, -0.1339540862087436 51.54103258173532))",0,False,False,False
88195da69bfffff,71,71,8,0,51.54727844,-0.074776065,531.415,"POLYGON ((-0.073547507871084 51.55174950986224, -0.0802589212265935 51.55056059673514, -0.0814869977385648 51.54608927554262, -0.0760044424930434 51.54280713479599, -0.0692940978798607 51.54399608943081, -0.0680652398817884 51.548467143289415, -0.073547507871084 51.55174950986224))",0,False,False,False
88195da691fffff,72,72,8,0,51.54937122,-0.086970442,531.415,"POLYGON ((-0.0857426668349162 51.55384255524049, -0.0924547759224355 51.552652966626994, -0.0936820705389102 51.54818137820278, -0.0881980380752671 51.54489964560862, -0.0814869977385648 51.54608927554262, -0.0802589212265935 51.55056059673514, -0.0857426668349162 51.55384255524049))",0,False,False,False
88195da6b7fffff,73,73,8,0,51.54222521,-0.127241817,531.415,"POLYGON ((-0.1260169269304747 51.54669806009786, -0.1327296769742539 51.54550568584282, -0.1339540862087436 51.54103258173532, -0.1284665283724533 51.53775211884124, -0.1217548465789755 51.53894453386253, -0.1205296544832724 51.543417370996444, -0.1260169269304747 51.54669806009786))",0,False,False,False
88194e69b5fffff,74,74,8,0,51.53533571,-0.046145059,531.415,"POLYGON ((-0.0449148190798143 51.53980646922639, -0.0516237708477641 51.538618864452815, -0.0528535307952435 51.53414785459797, -0.0473751194191357 51.53086471711523, -0.0406672361093833 51.53205236386801, -0.0394366958294409 51.53652310610928, -0.0449148190798143 51.53980646922639))",0,False,False,False
88195da4d5fffff,75,75,8,0,51.53089206,-0.143113781,531.415,"POLYGON ((-0.1418902105989005 51.535365895833536, -0.1486022106684861 51.534172087773996, -0.149825299998878 51.52969800251943, -0.14433717237912 51.52641799222921, -0.1376262400432606 51.52761184087534, -0.1364023677051265 51.53208565920987, -0.1418902105989005 51.535365895833536))",0,False,False,False
88194e69a7fffff,76,76,8,0,51.54518458,-0.062583861,531.415,"POLYGON ((-0.0613545227247835 51.549655381175874, -0.0680652398817884 51.548467143289415, -0.0692940978798607 51.54399608943081, -0.0638130199095814 51.54071354087955, -0.0571033714861545 51.54190182046088, -0.0558737324113658 51.54637260688349, -0.0613545227247835 51.549655381175874))",0,False,False,False
88194ad147fffff,77,77,8,0,51.48644691,-0.129737384,531.415,"POLYGON ((-0.1285138579873327 51.49092234827387, -0.1352201480155889 51.489727619903285, -0.1364431935351191 51.48525192831275, -0.1309607305435918 51.4819712323498, -0.124255506667133 51.48316600170335, -0.1230316797418314 51.48764142602171, -0.1285138579873327 51.49092234827387))",0,True,False,False
88194ad31bfffff,78,78,8,0,51.49299443,-0.045030558,531.415,"POLYGON ((-0.0438011541223464 51.49746706510393, -0.0505050918662366 51.4962778593817, -0.0517340160984147 51.49180497612737, -0.0462597818424264 51.488521566443175, -0.0395569109798166 51.489710814352954, -0.0383272076035719 51.494183429744325, -0.0438011541223464 51.49746706510393))",0,False,False,False
88194ad313fffff,79,79,8,0,51.48733186,-0.052962761,531.415,"POLYGON ((-0.0517340160984147 51.49180497612737, -0.0584375826223029 51.490615054227604, -0.0596658481535865 51.48614168056108, -0.0541913264909809 51.482858496615876, -0.0474888265921051 51.48404846061325, -0.0462597818424264 51.488521566443175, -0.0517340160984147 51.49180497612737))",0,False,False,False
88194ad35bfffff,80,80,8,0,51.51207151,-0.033406599,531.415,"POLYGON ((-0.0321759975390466 51.516542940261296, -0.0388817447309673 51.51535520925872, -0.0401118664181755 51.51088352997026, -0.0346370203542621 51.50759984950953, -0.0279323408220886 51.508787622782584, -0.0267014398058319 51.51325903423088, -0.0321759975390466 51.516542940261296))",0,False,False,False
88194ad065fffff,81,81,8,0,51.47809401,-0.081002405,531.415,"POLYGON ((-0.0797757563721386 51.482568376030336, -0.086479274055162 51.48137634751797, -0.0877054427510653 51.476901725630704, -0.0822288736500027 51.47361939992232, -0.0755264220878305 51.47481147016551, -0.0742994736173714 51.479285824371196, -0.0797757563721386 51.482568376030336))",0,False,False,False
88195da695fffff,82,82,8,0,51.55146291,-0.099166992,531.415,"POLYGON ((-0.0979399990924709 51.55593451671699, -0.1046528034449543 51.55474425237145, -0.1058793157566078 51.55027239681782, -0.1003938061324982 51.546991072724, -0.0936820705389102 51.54818137820278, -0.0924547759224355 51.552652966626994, -0.0979399990924709 51.55593451671699))",0,False,False,False
88195da6b1fffff,83,83,8,0,51.54788997,-0.119304283,531.415,"POLYGON ((-0.1180787328663792 51.55236233079434, -0.1247918575718019 51.551170673489366, -0.1260169269304747 51.54669806009786, -0.1205296544832724 51.543417370996444, -0.113817598286339 51.544609069157524, -0.1125917461399325 51.5490814155487, -0.1180787328663792 51.55236233079434))",0,False,False,False
88195da497fffff,84,84,8,0,51.50404407,-0.150451448,531.415,"POLYGON ((-0.1492289503268438 51.50851932960054, -0.1559380653860966 51.50732400695352, -0.1571600824770642 51.50284849427422, -0.151673767103535 51.499568571244744, -0.1449657187319727 51.50076393449329, -0.1437429191577654 51.505239180154575, -0.1492289503268438 51.50851932960054))",0,False,False,False
88194ad225fffff,85,85,8,0,51.49865581,-0.037097325,531.415,"POLYGON ((-0.0358672623289836 51.50312794736438, -0.0425715710756642 51.50193945785111, -0.0438011541223464 51.49746706510393, -0.0383272076035719 51.494183429744325, -0.0316239659944101 51.495371961535085, -0.0303936038781737 51.49984408639295, -0.0358672623289836 51.50312794736438))",0,False,False,False
88194ad169fffff,86,86,8,0,51.49628845,-0.14618834,531.415,"POLYGON ((-0.1449657187319727 51.50076393449329, -0.151673767103535 51.499568571244744, -0.1528959075757902 51.49509283545281, -0.1474107819362128 51.4918127299881, -0.1407037999878035 51.493008133935426, -0.1394808773672925 51.497483602633494, -0.1449657187319727 51.50076393449329))",0,False,False,False
88195da48bfffff,87,87,8,0,51.52522368,-0.151048211,531.415,"POLYGON ((-0.149825299998878 51.52969800251943, -0.1565369247562613 51.5285034776056, -0.1577593543068416 51.5240289019201, -0.1522709422925054 51.520749118026366, -0.1455603850105172 51.52194368343691, -0.14433717237912 51.52641799222921, -0.149825299998878 51.52969800251943))",0,False,False,False
88194ad069fffff,88,88,8,0,51.48166807,-0.060893934,531.415,"POLYGON ((-0.0596658481535865 51.48614168056108, -0.066369043240439 51.48495104251523, -0.0675966501844614 51.480477178531565, -0.0621218414458187 51.47719422038887, -0.055419712727635 51.47838490044238, -0.0541913264909809 51.482858496615876, -0.0596658481535865 51.48614168056108))",0,False,False,False
88194e69a3fffff,89,89,8,0,51.54308964,-0.050393831,531.415,"POLYGON ((-0.0491637119189418 51.547560169775075, -0.0558737324113658 51.54637260688349, -0.0571033714861545 51.54190182046088, -0.0516237708477641 51.538618864452815, -0.0449148190798143 51.53980646922639, -0.0436843993377232 51.54427698811097, -0.0491637119189418 51.547560169775075))",0,False,False,False
88195da495fffff,90,90,8,0,51.51179928,-0.15471587,531.415,"POLYGON ((-0.1534934953318697 51.516274318871396, -0.1602036773434338 51.51507903672859, -0.1614255709055847 51.51060374730617, -0.1559380653860966 51.50732400695352, -0.1492289503268438 51.50851932960054, -0.1480062739463062 51.512994352080774, -0.1534934953318697 51.516274318871396))",0,False,False,False
88194ad155fffff,91,91,8,0,51.4766036,-0.113294415,531.415,"POLYGON ((-0.1120699855640625 51.48107899199183, -0.1187745170606921 51.47988489778317, -0.1199984664033532 51.47540925079247, -0.1145186650244543 51.47212796544567, -0.1078151994077165 51.47332210092135, -0.1065904694014123 51.47779748046167, -0.1120699855640625 51.48107899199183))",0,False,False,False
88194ad16bfffff,92,92,8,0,51.48853243,-0.141926544,531.415,"POLYGON ((-0.1407037999878035 51.493008133935426, -0.1474107819362128 51.4918127299881, -0.1486330456422775 51.48733677122789, -0.1431491093248555 51.484056483569475, -0.1364431935351191 51.48525192831275, -0.1352201480155889 51.489727619903285, -0.1407037999878035 51.493008133935426))",0,True,False,False
88194ad151fffff,93,93,8,0,51.47451577,-0.10111184,531.415,"POLYGON ((-0.0998866307507632 51.478990899770224, -0.1065904694014123 51.47779748046167, -0.1078151994077165 51.47332210092135, -0.1023368711308112 51.47004040822724, -0.0956340983523607 51.47123386898976, -0.0944085880900646 51.47570898097732, -0.0998866307507632 51.478990899770224))",0,False,False,False
88194e69b3fffff,94,94,8,0,51.52548508,-0.029714256,531.415,"POLYGON ((-0.0284831155785873 51.52995579191675, -0.0351903017771664 51.52876881953884, -0.0364209624486832 51.52429785408472, -0.0309452166221357 51.52101412878446, -0.0242390986058733 51.522201143425725, -0.0230076583456987 51.52667184108886, -0.0284831155785873 51.52995579191675))",0,False,False,False
88194ad22dfffff,95,95,8,0,51.50431597,-0.029163062,531.415,"POLYGON ((-0.0279323408220886 51.508787622782584, -0.0346370203542621 51.50759984950953, -0.0358672623289836 51.50312794736438, -0.0303936038781737 51.49984408639295, -0.023689991739702 51.50103190203343, -0.0224589707700614 51.505503536262914, -0.0279323408220886 51.508787622782584))",0,False,False,False
88195da6b9fffff,96,96,8,0,51.55355352,-0.111365715,531.415,"POLYGON ((-0.1101395041188681 51.55802539369816, -0.116853003268841 51.55683445337499, -0.1180787328663792 51.55236233079434, -0.1125917461399325 51.5490814155487, -0.1058793157566078 51.55027239681782, -0.1046528034449543 51.55474425237145, -0.1101395041188681 51.55802539369816))",0,False,False,False
88194e69b1fffff,97,97,8,0,51.53323955,-0.033959461,531.415,"POLYGON ((-0.0327284411822152 51.53771003632092, -0.0394366958294409 51.53652310610928, -0.0406672361093833 51.53205236386801, -0.0351903017771664 51.52876881953884, -0.0284831155785873 51.52995579191675, -0.0272517953754835 51.53442626644252, -0.0327284411822152 51.53771003632092))",0,False,False,False
88194ad061fffff,98,98,8,0,51.47600308,-0.068824078,531.415,"POLYGON ((-0.0675966501844614 51.480477178531565, -0.0742994736173714 51.479285824371196, -0.0755264220878305 51.47481147016551, -0.0700513266035816 51.47152873788882, -0.0633495692829674 51.472720133966845, -0.0621218414458187 51.47719422038887, -0.0675966501844614 51.480477178531565))",0,False,False,False
88194ad109fffff,99,99,8,0,51.47869034,-0.125479155,531.415,"POLYGON ((-0.124255506667133 51.48316600170335, -0.1309607305435918 51.4819712323498, -0.1321838988150199 51.477495318011115, -0.126702624392607 51.474214440358836, -0.1199984664033532 51.47540925079247, -0.1187745170606921 51.47988489778317, -0.124255506667133 51.48316600170335))",0,True,False,False
88195da699fffff,100,100,8,0,51.55503168,-0.079030665,531.415,"POLYGON ((-0.0778022296486263 51.559502524422555, -0.0845147120126078 51.55831365270576, -0.0857426668349162 51.55384255524049, -0.0802589212265935 51.55056059673514, -0.073547507871084 51.55174950986224, -0.0723187712273736 51.55622034006927, -0.0778022296486263 51.559502524422555))",0,False,False,False
88194e69a5fffff,101,101,8,0,51.55293796,-0.066836202,531.415,"POLYGON ((-0.0656069850705629 51.55740853635816, -0.0723187712273736 51.55622034006927, -0.073547507871084 51.55174950986224, -0.0680652398817884 51.548467143289415, -0.0613545227247835 51.549655381175874, -0.0601250046692225 51.55412594402251, -0.0656069850705629 51.55740853635816))",0,False,False,False
88195da483fffff,102,102,8,0,51.51955409,-0.158981605,531.415,"POLYGON ((-0.1577593543068416 51.5240289019201, -0.1644706035353745 51.52283366018414, -0.1656923734210318 51.51835859416285, -0.1602036773434338 51.51507903672859, -0.1534934953318697 51.516274318871396, -0.1522709422925054 51.520749118026366, -0.1577593543068416 51.5240289019201))",0,False,False,False
88194ad265fffff,103,103,8,0,51.51773021,-0.025470359,531.415,"POLYGON ((-0.0242390986058733 51.522201143425725, -0.0309452166221357 51.52101412878446, -0.0321759975390466 51.516542940261296, -0.0267014398058319 51.51325903423088, -0.0199963897056205 51.51444609123252, -0.0187648295343767 51.5189170118892, -0.0242390986058733 51.522201143425725))",0,False,False,False
88195da4cbfffff,104,104,8,0,51.54431285,-0.139442533,531.415,"POLYGON ((-0.138218426063232 51.548785965663335, -0.144931869485621 51.54759291506906, -0.1461554954499671 51.54311954409054, -0.1406664613738423 51.53983949056208, -0.1339540862087436 51.54103258173532, -0.1327296769742539 51.54550568584282, -0.138218426063232 51.548785965663335))",0,False,False,False
88195da4c3fffff,105,105,8,0,51.53864593,-0.147378942,531.415,"POLYGON ((-0.1461554954499671 51.54311954409054, -0.1528685635183636 51.541925776520124, -0.1540915294001036 51.537451914947354, -0.1486022106684861 51.534172087773996, -0.1418902105989005 51.535365895833536, -0.1406664613738423 51.53983949056208, -0.1461554954499671 51.54311954409054))",0,False,False,False
88194ad15bfffff,106,106,8,0,51.47242687,-0.088931432,531.415,"POLYGON ((-0.0877054427510653 51.476901725630704, -0.0944085880900646 51.47570898097732, -0.0956340983523607 51.47123386898976, -0.0901572432354421 51.46795176929554, -0.0834551637606299 51.469144555589764, -0.0822288736500027 51.47361939992232, -0.0877054427510653 51.476901725630704))",0,False,False,False
88195da69dfffff,107,107,8,0,51.55712432,-0.091227302,531.415,"POLYGON ((-0.0899996483967639 51.5615954287287, -0.0967128265010503 51.560405881338276, -0.0979399990924709 51.55593451671699, -0.0924547759224355 51.552652966626994, -0.0857426668349162 51.55384255524049, -0.0845147120126078 51.55831365270576, -0.0899996483967639 51.5615954287287))",0,False,False,False
88194e69bdfffff,108,108,8,0,51.54099361,-0.038205976,531.415,"POLYGON ((-0.0369750759754668 51.54546387625353, -0.0436843993377232 51.54427698811097, -0.0449148190798143 51.53980646922639, -0.0394366958294409 51.53652310610928, -0.0327284411822152 51.53771003632092, -0.0314972411822801 51.54218028756553, -0.0369750759754668 51.54546387625353))",0,False,False,False
88195da6b5fffff,109,109,8,0,51.54997855,-0.131505089,531.415,"POLYGON ((-0.130280321341936 51.55445117953889, -0.136994139901405 51.55325884595269, -0.138218426063232 51.548785965663335, -0.1327296769742539 51.54550568584282, -0.1260169269304747 51.54669806009786, -0.1247918575718019 51.551170673489366, -0.130280321341936 51.55445117953889))",0,False,False,False
88195da489fffff,110,110,8,0,51.53297782,-0.155314316,531.415,"POLYGON ((-0.1540915294001036 51.537451914947354, -0.1608042218977334 51.53625743043282, -0.1620265278117914 51.53178307836091, -0.1565369247562613 51.5285034776056, -0.149825299998878 51.52969800251943, -0.1486022106684861 51.534172087773996, -0.1540915294001036 51.537451914947354))",0,False,False,False
88194e69a1fffff,111,111,8,0,51.55084316,-0.054643914,531.415,"POLYGON ((-0.0534139151860093 51.555313465129345, -0.0601250046692225 51.55412594402251, -0.0613545227247835 51.549655381175874, -0.0558737324113658 51.54637260688349, -0.0491637119189418 51.547560169775075, -0.0479334128611061 51.55203046515922, -0.0534139151860093 51.555313465129345))",0,False,False,False
88194ad04dfffff,112,112,8,0,51.48523796,-0.040786435,531.415,"POLYGON ((-0.0395569109798166 51.489710814352954, -0.0462597818424264 51.488521566443175, -0.0474888265921051 51.48404846061325, -0.0420157794009529 51.480764870616554, -0.0353139751539996 51.48195416081074, -0.0340841515941615 51.486426998702186, -0.0395569109798166 51.489710814352954))",0,False,False,False
88194ad10dfffff,113,113,8,0,51.480776,-0.13766606,531.415,"POLYGON ((-0.1364431935351191 51.48525192831275, -0.1431491093248555 51.484056483569475, -0.1443714961174301 51.479580301985344, -0.1388887487105007 51.476299832374764, -0.1321838988150199 51.477495318011115, -0.1309607305435918 51.4819712323498, -0.1364431935351191 51.48525192831275))",0,True,False,False
88194ad227fffff,114,114,8,0,51.4908996,-0.032854149,531.415,"POLYGON ((-0.0316239659944101 51.495371961535085, -0.0383272076035719 51.494183429744325, -0.0395569109798166 51.489710814352954, -0.0340841515941615 51.486426998702186, -0.027381976856693 51.48761557286736, -0.0261514947448436 51.49208792029387, -0.0316239659944101 51.495371961535085))",0,False,False,False
88194ad16dfffff,115,115,8,0,51.49837274,-0.158381921,531.415,"POLYGON ((-0.1571600824770642 51.50284849427422, -0.163868822307812 51.50165245501701, -0.1650901802239579 51.49717645223391, -0.159603580976933 51.49389675568397, -0.1528959075757902 51.49509283545281, -0.151673767103535 51.499568571244744, -0.1571600824770642 51.50284849427422))",0,False,False,False
88194ad045fffff,116,116,8,0,51.47957512,-0.048717692,531.415,"POLYGON ((-0.0474888265921051 51.48404846061325, -0.0541913264909809 51.482858496615876, -0.055419712727635 51.47838490044238, -0.0499463780614742 51.475101536163315, -0.0432449445221373 51.47629154235516, -0.0420157794009529 51.480764870616554, -0.0474888265921051 51.48404846061325))",0,False,False,False
88195da4bbfffff,117,117,8,0,51.50612822,-0.162647286,531.415,"POLYGON ((-0.1614255709055847 51.51060374730617, -0.1681353774303506 51.50940774846331, -0.1693566116301104 51.504931968868675, -0.163868822307812 51.50165245501701, -0.1571600824770642 51.50284849427422, -0.1559380653860966 51.50732400695352, -0.1614255709055847 51.51060374730617))",0,False,False,False
88194ad267fffff,118,118,8,0,51.50997493,-0.02122777,531.415,"POLYGON ((-0.0199963897056205 51.51444609123252, -0.0267014398058319 51.51325903423088, -0.0279323408220886 51.508787622782584, -0.0224589707700614 51.505503536262914, -0.0157549883196692 51.50669063572196, -0.0145233083832716 51.51116177922828, -0.0199963897056205 51.51444609123252))",0,False,False,False
88194ad067fffff,119,119,8,0,51.47033688,-0.076753191,531.415,"POLYGON ((-0.0755264220878305 51.47481147016551, -0.0822288736500027 51.47361939992232, -0.0834551637606299 51.469144555589764, -0.0779797818611638 51.46586204924253, -0.0712783961548439 51.46705416131344, -0.0700513266035816 51.47152873788882, -0.0755264220878305 51.47481147016551))",0,False,False,False
88194ad161fffff,120,120,8,0,51.49061686,-0.154117869,531.415,"POLYGON ((-0.1528959075757902 51.49509283545281, -0.159603580976933 51.49389675568397, -0.160825062461839 51.489420529856766, -0.1553396528781964 51.486140650850174, -0.1486330456422775 51.48733677122789, -0.1474107819362128 51.4918127299881, -0.1528959075757902 51.49509283545281))",0,False,False,False
88195da683fffff,121,121,8,0,51.55921587,-0.103426112,531.415,"POLYGON ((-0.1021992407905756 51.56368724868291, -0.1089131141678161 51.562497025373155, -0.1101395041188681 51.55802539369816, -0.1046528034449543 51.55474425237145, -0.0979399990924709 51.55593451671699, -0.0967128265010503 51.560405881338276, -0.1021992407905756 51.56368724868291))",0,False,False,False
88195da6bdfffff,122,122,8,0,51.55564305,-0.123566609,531.415,"POLYGON ((-0.1223411813882732 51.56011518559047, -0.129055374867802 51.55892356904413, -0.130280321341936 51.55445117953889, -0.1247918575718019 51.551170673489366, -0.1180787328663792 51.55236233079434, -0.116853003268841 51.55683445337499, -0.1223411813882732 51.56011518559047))",0,False,False,False
88194ad221fffff,123,123,8,0,51.49656003,-0.024920833,531.415,"POLYGON ((-0.023689991739702 51.50103190203343, -0.0303936038781737 51.49984408639295, -0.0316239659944101 51.495371961535085, -0.0261514947448436 51.49208792029387, -0.0194489497340671 51.49327577839875, -0.0182178089568675 51.497747635265426, -0.023689991739702 51.50103190203343))",0,False,False,False
88195da481fffff,124,124,8,0,51.52730849,-0.163248655,531.415,"POLYGON ((-0.1620265278117914 51.53178307836091, -0.1687388445220491 51.53058787693439, -0.1699604905834132 51.526113034458405, -0.1644706035353745 51.52283366018414, -0.1577593543068416 51.5240289019201, -0.1565369247562613 51.5285034776056, -0.1620265278117914 51.53178307836091))",0,False,False,False
88194ad06bfffff,125,125,8,0,51.47391107,-0.05664792,531.415,"POLYGON ((-0.055419712727635 51.47838490044238, -0.0621218414458187 51.47719422038887, -0.0633495692829674 51.472720133966845, -0.0578759474722341 51.469436995469025, -0.0511748848574116 51.470627717627025, -0.0499463780614742 51.475101536163315, -0.055419712727635 51.47838490044238))",0,False,False,False
88194e69abfffff,126,126,8,0,51.54874727,-0.0424538,531.415,"POLYGON ((-0.0412230205173965 51.55321731132991, -0.0479334128611061 51.55203046515922, -0.0491637119189418 51.547560169775075, -0.0436843993377232 51.54427698811097, -0.0369750759754668 51.54546387625353, -0.0357439963249462 51.549933904073235, -0.0412230205173965 51.55321731132991))",0,False,False,False
88195da4b9fffff,127,127,8,0,51.51388329,-0.166913965,531.415,"POLYGON ((-0.1656923734210318 51.51835859416285, -0.1724032469043167 51.51716263563697, -0.1736243572399628 51.51268707937511, -0.1681353774303506 51.50940774846331, -0.1614255709055847 51.51060374730617, -0.1602036773434338 51.51507903672859, -0.1656923734210318 51.51835859416285))",0,False,False,False
88194ad157fffff,128,128,8,0,51.46884648,-0.109039751,531.415,"POLYGON ((-0.1078151994077165 51.47332210092135, -0.1145186650244543 51.47212796544567, -0.1157427366376335 51.46765209592697, -0.1102641230749074 51.46437062939497, -0.1035617230734389 51.46556480623466, -0.1023368711308112 51.47004040822724, -0.1078151994077165 51.47332210092135))",0,False,False,False
88194ad10bfffff,129,129,8,0,51.47093337,-0.121222237,531.415,"POLYGON ((-0.1199984664033532 51.47540925079247, -0.126702624392607 51.474214440358836, -0.1279259152688419 51.46973830341643, -0.1224458290041504 51.466457244316224, -0.1157427366376335 51.46765209592697, -0.1145186650244543 51.47212796544567, -0.1199984664033532 51.47540925079247))",0,True,False,False
88194e69bbfffff,130,130,8,0,51.5311423,-0.021776038,531.415,"POLYGON ((-0.0205442383137701 51.53561252233811, -0.0272517953754835 51.53442626644252, -0.0284831155785873 51.52995579191675, -0.0230076583456987 51.52667184108886, -0.0163011697227419 51.52785813933771, -0.0150690700058071 51.5323283460462, -0.0205442383137701 51.53561252233811))",0,False,False,False
88194ad26dfffff,131,131,8,0,51.52338769,-0.01753309,531.415,"POLYGON ((-0.0163011697227419 51.52785813933771, -0.0230076583456987 51.52667184108886, -0.0242390986058733 51.522201143425725, -0.0187648295343767 51.5189170118892, -0.0120594090837091 51.52010335258839, -0.0108271896441114 51.52457378235875, -0.0163011697227419 51.52785813933771))",0,False,False,False
88194ad163fffff,132,132,8,0,51.48286057,-0.149855131,531.415,"POLYGON ((-0.1486330456422775 51.48733677122789, -0.1553396528781964 51.486140650850174, -0.1565612577844051 51.48166420212321, -0.1510770374524541 51.47838414090162, -0.1443714961174301 51.479580301985344, -0.1431491093248555 51.484056483569475, -0.1486330456422775 51.48733677122789))",0,True,False,False
88194ad153fffff,133,133,8,0,51.46675852,-0.09685943,531.415,"POLYGON ((-0.0956340983523607 51.47123386898976, -0.1023368711308112 51.47004040822724, -0.1035617230734389 51.46556480623466, -0.0980845822709796 51.462282932617946, -0.0913828751000382 51.463476434931366, -0.0901572432354421 51.46795176929554, -0.0956340983523607 51.47123386898976))",0,False,False,False
88194e69b9fffff,134,134,8,0,51.5388965,-0.026020295,531.415,"POLYGON ((-0.0247886154153292 51.54336650120498, -0.0314972411822801 51.54218028756553, -0.0327284411822152 51.53771003632092, -0.0272517953754835 51.53442626644252, -0.0205442383137701 51.53561252233811, -0.0193122584654888 51.54008250584092, -0.0247886154153292 51.54336650120498))",0,False,False,False
88195da6d3fffff,135,135,8,0,51.56069093,-0.071089855,531.415,"POLYGON ((-0.0698607590832897 51.56516128562293, -0.0765736145061775 51.56397313083419, -0.0778022296486263 51.559502524422555, -0.0723187712273736 51.55622034006927, -0.0656069850705629 51.55740853635816, -0.0643775881809604 51.56187887548502, -0.0698607590832897 51.56516128562293))",0,False,False,False
88194ad229fffff,136,136,8,0,51.50221925,-0.016986488,531.415,"POLYGON ((-0.0157549883196692 51.50669063572196, -0.0224589707700614 51.505503536262914, -0.023689991739702 51.50103190203343, -0.0182178089568675 51.497747635265426, -0.0115148938901782 51.49893477727878, -0.0102830943343693 51.503406143490814, -0.0157549883196692 51.50669063572196))",0,False,False,False
88194ad101fffff,137,137,8,0,51.47301917,-0.133406888,531.415,"POLYGON ((-0.1321838988150199 51.477495318011115, -0.1388887487105007 51.476299832374764, -0.1401112584423824 51.47182342811114, -0.1346296995344931 51.46854277678993, -0.1279259152688419 51.46973830341643, -0.126702624392607 51.474214440358836, -0.1321838988150199 51.477495318011115))",0,True,True,False
88195da6d7fffff,138,138,8,0,51.56278451,-0.083286578,531.415,"POLYGON ((-0.0820582637725346 51.56725513272685, -0.0887718154111256 51.56606630232299, -0.0899996483967639 51.5615954287287, -0.0845147120126078 51.55831365270576, -0.0778022296486263 51.559502524422555, -0.0765736145061775 51.56397313083419, -0.0820582637725346 51.56725513272685))",0,False,False,False
88195da4c1fffff,139,139,8,0,51.5463994,-0.151645419,531.415,"POLYGON ((-0.1504220951569505 51.55087278526081, -0.1571362314892493 51.549679058082006, -0.1583590737745634 51.54520542033511, -0.1528685635183636 51.541925776520124, -0.1461554954499671 51.54311954409054, -0.144931869485621 51.54759291506906, -0.1504220951569505 51.55087278526081))",0,False,False,False
88194e69adfffff,140,140,8,0,51.55859627,-0.058895307,531.415,"POLYGON ((-0.0576654294405328 51.563066354904485, -0.0643775881809604 51.56187887548502, -0.0656069850705629 51.55740853635816, -0.0601250046692225 51.55412594402251, -0.0534139151860093 51.555313465129345, -0.0521837369589348 51.559783536869354, -0.0576654294405328 51.563066354904485))",0,False,False,False
88195da687fffff,141,141,8,0,51.56130634,-0.115627094,531.415,"POLYGON ((-0.114401006304661 51.56577798369147, -0.1211155744870402 51.56458708421677, -0.1223411813882732 51.56011518559047, -0.116853003268841 51.55683445337499, -0.1101395041188681 51.55802539369816, -0.1089131141678161 51.562497025373155, -0.114401006304661 51.56577798369147))",0,False,False,False
88194ad261fffff,142,142,8,0,51.51563268,-0.013291449,531.415,"POLYGON ((-0.0120594090837091 51.52010335258839, -0.0187648295343767 51.5189170118892, -0.0199963897056205 51.51444609123252, -0.0145233083832716 51.51116177922828, -0.0078189558385312 51.51234816247478, -0.0065866168220422 51.516818815163205, -0.0120594090837091 51.52010335258839))",0,False,False,False
88194ad063fffff,143,143,8,0,51.46824581,-0.064577118,531.415,"POLYGON ((-0.0633495692829674 51.472720133966845, -0.0700513266035816 51.47152873788882, -0.0712783961548439 51.46705416131344, -0.0658044875298357 51.46377124866034, -0.0591037960563805 51.464962686752905, -0.0578759474722341 51.469436995469025, -0.0633495692829674 51.472720133966845))",0,False,False,False
88195da4c9fffff,144,144,8,0,51.55206605,-0.143708065,531.415,"POLYGON ((-0.1424840806560662 51.556538942458204, -0.1491985926010245 51.55534593234537, -0.1504220951569505 51.55087278526081, -0.144931869485621 51.54759291506906, -0.138218426063232 51.548785965663335, -0.136994139901405 51.55325884595269, -0.1424840806560662 51.556538942458204))",0,False,False,False
88195da4c7fffff,145,145,8,0,51.54073154,-0.159581737,531.415,"POLYGON ((-0.1583590737745634 51.54520542033511, -0.1650728342774046 51.544010976122365, -0.1662950164071202 51.53953684780812, -0.1608042218977334 51.53625743043282, -0.1540915294001036 51.537451914947354, -0.1528685635183636 51.541925776520124, -0.1583590737745634 51.54520542033511))",0,False,False,False
88195da487fffff,146,146,8,0,51.52163795,-0.171181958,531.415,"POLYGON ((-0.1699604905834132 51.526113034458405, -0.1766724312897499 51.52491711615212, -0.1778934176134472 51.520441783367275, -0.1724032469043167 51.51716263563697, -0.1656923734210318 51.51835859416285, -0.1644706035353745 51.52283366018414, -0.1699604905834132 51.526113034458405))",0,False,False,False
88194ad02dfffff,147,147,8,0,51.46466947,-0.084681275,531.415,"POLYGON ((-0.0834551637606299 51.469144555589764, -0.0901572432354421 51.46795176929554, -0.0913828751000382 51.463476434931366, -0.0859072071156301 51.46019415457707, -0.0792061932401875 51.461386982609035, -0.0779797818611638 51.46586204924253, -0.0834551637606299 51.469144555589764))",0,False,False,False
88194e6987fffff,148,148,8,0,51.5466503,-0.030265861,531.415,"POLYGON ((-0.0290343015862023 51.551120075553705, -0.0357439963249462 51.549933904073235, -0.0369750759754668 51.54546387625353, -0.0314972411822801 51.54218028756553, -0.0247886154153292 51.54336650120498, -0.0235567555817529 51.547836261358384, -0.0290343015862023 51.551120075553705))",0,False,False,False
88194ad049fffff,149,149,8,0,51.48314299,-0.028612279,531.415,"POLYGON ((-0.027381976856693 51.48761557286736, -0.0340841515941615 51.486426998702186, -0.0353139751539996 51.48195416081074, -0.0298424024898737 51.47867016510981, -0.023141294358378 51.479858781746195, -0.0219106923966705 51.48433135159731, -0.027381976856693 51.48761557286736))",0,False,False,False
88195da68bfffff,150,150,8,0,51.56487701,-0.095485474,531.415,"POLYGON ((-0.0942579429843075 51.56934789562232, -0.1009721903714257 51.56815838935752, -0.1021992407905756 51.56368724868291, -0.0967128265010503 51.560405881338276, -0.0899996483967639 51.5615954287287, -0.0887718154111256 51.56606630232299, -0.0942579429843075 51.56934789562232))",0,False,False,False
88195da4b3fffff,151,151,8,0,51.50045595,-0.170577667,531.415,"POLYGON ((-0.1693566116301104 51.504931968868675, -0.1760660424518169 51.503735253358116, -0.1772866174040774 51.499258983686616, -0.1717985446099629 51.49597969639887, -0.1650901802239579 51.49717645223391, -0.163868822307812 51.50165245501701, -0.1693566116301104 51.504931968868675))",0,False,False,False
88194ad041fffff,152,152,8,0,51.47748109,-0.036543619,531.415,"POLYGON ((-0.0353139751539996 51.48195416081074, -0.0420157794009529 51.480764870616554, -0.0432449445221373 51.47629154235516, -0.0377730839843554 51.47300777228697, -0.0310723460874938 51.47419710486243, -0.0298424024898737 51.47867016510981, -0.0353139751539996 51.48195416081074))",0,False,False,False
88194e69a9fffff,153,153,8,0,51.55650052,-0.046702934,531.415,"POLYGON ((-0.0454722753672339 51.56097034116542, -0.0521837369589348 51.559783536869354, -0.0534139151860093 51.555313465129345, -0.0479334128611061 51.55203046515922, -0.0412230205173965 51.55321731132991, -0.0399920613626172 51.557687115581025, -0.0454722753672339 51.56097034116542))",0,False,False,False
88194ad165fffff,154,154,8,0,51.49270021,-0.16631136,531.415,"POLYGON ((-0.1650901802239579 51.49717645223391, -0.1717985446099629 51.49597969639887, -0.1730192434660841 51.49150320360738, -0.1675323606764143 51.488223733599966, -0.160825062461839 51.489420529856766, -0.159603580976933 51.49389675568397, -0.1650901802239579 51.49717645223391))",0,False,False,False
88195da6a3fffff,155,155,8,0,51.55773149,-0.135769675,531.415,"POLYGON ((-0.134545030373918 51.5622038918004, -0.1412599177145841 51.56101159878544, -0.1424840806560662 51.556538942458204, -0.136994139901405 51.55325884595269, -0.130280321341936 51.55445117953889, -0.129055374867802 51.55892356904413, -0.134545030373918 51.5622038918004))",0,False,False,False
88195da48dfffff,156,156,8,0,51.53506248,-0.16751702,531.415,"POLYGON ((-0.1662950164071202 51.53953684780812, -0.173008400863829 51.538341686593554, -0.174229922953024 51.53386706780702, -0.1687388445220491 51.53058787693439, -0.1620265278117914 51.53178307836091, -0.1608042218977334 51.53625743043282, -0.1662950164071202 51.53953684780812))",0,False,False,False
88194ad105fffff,157,157,8,0,51.47510388,-0.145593704,531.415,"POLYGON ((-0.1443714961174301 51.479580301985344, -0.1510770374524541 51.47838414090162, -0.1522987656325332 51.47390746941933, -0.1468157341407519 51.470627226224245, -0.1401112584423824 51.47182342811114, -0.1388887487105007 51.476299832374764, -0.1443714961174301 51.479580301985344))",0,True,True,False
88194ad223fffff,158,158,8,0,51.48880368,-0.020679911,531.415,"POLYGON ((-0.0194489497340671 51.49327577839875, -0.0261514947448436 51.49208792029387, -0.027381976856693 51.48761557286736, -0.0219106923966705 51.48433135159731, -0.0152092142477081 51.485519252263366, -0.0139779538086577 51.489991331623266, -0.0194489497340671 51.49327577839875))",0,False,False,False
88195da4b1fffff,159,159,8,0,51.50821129,-0.174845289,531.415,"POLYGON ((-0.1736243572399628 51.51268707937511, -0.1803348547616844 51.511490404091674, -0.1815553056623055 51.50701435768453, -0.1760660424518169 51.503735253358116, -0.1693566116301104 51.504931968868675, -0.1681353774303506 51.50940774846331, -0.1736243572399628 51.51268707937511))",0,False,False,False
88194ad047fffff,160,160,8,0,51.47181798,-0.04447393,531.415,"POLYGON ((-0.0432449445221373 51.47629154235516, -0.0499463780614742 51.475101536163315, -0.0511748848574116 51.470627717627025, -0.045702736776349 51.46734417325519, -0.0390023693311469 51.46853422173831, -0.0377730839843554 51.47300777228697, -0.0432449445221373 51.47629154235516))",0,False,False,False
88194ad263fffff,161,161,8,0,51.50787727,-0.009051115,531.415,"POLYGON ((-0.0078189558385312 51.51234816247478, -0.0145233083832716 51.51116177922828, -0.0157549883196692 51.50669063572196, -0.0102830943343693 51.503406143490814, -0.0035798094292431 51.50459256938155, -0.0023473509815945 51.5090634448442, -0.0078189558385312 51.51234816247478))",0,False,False,False
88194ad167fffff,162,162,8,0,51.48494407,-0.162046365,531.415,"POLYGON ((-0.160825062461839 51.489420529856766, -0.1675323606764143 51.488223733599966, -0.1687531832887198 51.4837470178329, -0.1632674900917246 51.4804673653475, -0.1565612577844051 51.48166420212321, -0.1553396528781964 51.486140650850174, -0.160825062461839 51.489420529856766))",0,False,False,False
88194ad029fffff,163,163,8,0,51.46257935,-0.072505287,531.415,"POLYGON ((-0.0712783961548439 51.46705416131344, -0.0779797818611638 51.46586204924253, -0.0792061932401875 51.461386982609035, -0.0737319981311343 51.458104295864196, -0.0670316780157011 51.45929644985964, -0.0658044875298357 51.46377124866034, -0.0712783961548439 51.46705416131344))",0,False,False,False
88195da681fffff,164,164,8,0,51.56696842,-0.107686545,531.415,"POLYGON ((-0.1064597961936576 51.571439573715544, -0.1131747388616011 51.570249391344056, -0.114401006304661 51.56577798369147, -0.1089131141678161 51.562497025373155, -0.1021992407905756 51.56368724868291, -0.1009721903714257 51.56815838935752, -0.1064597961936576 51.571439573715544))",0,False,False,False
88194ad22bfffff,165,165,8,0,51.49446317,-0.012746514,531.415,"POLYGON ((-0.0115148938901782 51.49893477727878, -0.0182178089568675 51.497747635265426, -0.0194489497340671 51.49327577839875, -0.0139779538086577 51.489991331623266, -0.0072761058595633 51.49117851628776, -0.0060441868300148 51.49565010506158, -0.0115148938901782 51.49893477727878))",0,False,False,False
88194ad11dfffff,166,166,8,0,51.46317599,-0.11696663,531.415,"POLYGON ((-0.1157427366376335 51.46765209592697, -0.1224458290041504 51.466457244316224, -0.1236692423382996 51.46198088491453, -0.1181903438200501 51.458699644607925, -0.1114883168118341 51.459894537492715, -0.1102641230749074 51.46437062939497, -0.1157427366376335 51.46765209592697))",0,True,False,False
88194e6997fffff,167,167,8,0,51.52904397,-0.00959479,531.415,"POLYGON ((-0.0083622109939252 51.53351392787167, -0.0150690700058071 51.5323283460462, -0.0163011697227419 51.52785813933771, -0.0108271896441114 51.52457378235875, -0.0041213990607319 51.525759406724475, -0.0028885202393708 51.53022934551392, -0.0083622109939252 51.53351392787167))",0,False,False,False
88195da6abfffff,168,168,8,0,51.56339572,-0.127830249,531.415,"POLYGON ((-0.1266049444126804 51.56786763316074, -0.1333202069319285 51.56667605727549, -0.134545030373918 51.5622038918004, -0.129055374867802 51.55892356904413, -0.1223411813882732 51.56011518559047, -0.1211155744870402 51.56458708421677, -0.1266049444126804 51.56786763316074))",0,False,False,False
88194e6995fffff,169,169,8,0,51.53679831,-0.01383679,531.415,"POLYGON ((-0.0126043307584811 51.54126804522325, -0.0193122584654888 51.54008250584092, -0.0205442383137701 51.53561252233811, -0.0150690700058071 51.5323283460462, -0.0083622109939252 51.53351392787167, -0.0071294517068136 51.537983643530914, -0.0126043307584811 51.54126804522325))",0,False,False,False
88195da485fffff,170,170,8,0,51.52939221,-0.175451266,531.415,"POLYGON ((-0.174229922953024 51.53386706780702, -0.1809429311470381 51.532671189622874, -0.1821637933108035 51.52819608045923, -0.1766724312897499 51.52491711615212, -0.1699604905834132 51.526113034458405, -0.1687388445220491 51.53058787693439, -0.174229922953024 51.53386706780702))",0,False,False,False
88194e6985fffff,171,171,8,0,51.55440369,-0.034512737,531.415,"POLYGON ((-0.0332812973854349 51.55887324499974, -0.0399920613626172 51.557687115581025, -0.0412230205173965 51.55321731132991, -0.0357439963249462 51.549933904073235, -0.0290343015862023 51.551120075553705, -0.027802561913489 51.555589612214035, -0.0332812973854349 51.55887324499974))",0,False,False,False
88194ad119fffff,172,172,8,0,51.46108897,-0.104786396,531.415,"POLYGON ((-0.1035617230734389 51.46556480623466, -0.1102641230749074 51.46437062939497, -0.1114883168118341 51.459894537492715, -0.1060108906540815 51.45661289001688, -0.0993095560033641 51.457807108317525, -0.0980845822709796 51.462282932617946, -0.1035617230734389 51.46556480623466))",0,False,False,False
88195da4bdfffff,173,173,8,0,51.51596621,-0.179114225,531.415,"POLYGON ((-0.1778934176134472 51.520441783367275, -0.1846049820995649 51.51924514821354, -0.1858253088006302 51.51476932521506, -0.1803348547616844 51.511490404091674, -0.1736243572399628 51.51268707937511, -0.1724032469043167 51.51716263563697, -0.1778934176134472 51.520441783367275))",0,False,False,False
88194ad103fffff,174,174,8,0,51.46526193,-0.129149028,531.415,"POLYGON ((-0.1279259152688419 51.46973830341643, -0.1346296995344931 51.46854277678993, -0.135852332058555 51.46406614999123, -0.1303719612383927 51.460785317200894, -0.1236692423382996 51.46198088491453, -0.1224458290041504 51.466457244316224, -0.1279259152688419 51.46973830341643))",0,True,True,False
88194ad00dfffff,175,175,8,0,51.46615366,-0.052403212,531.415,"POLYGON ((-0.0511748848574116 51.470627717627025, -0.0578759474722341 51.469436995469025, -0.0591037960563805 51.464962686752905, -0.0536313607623041 51.46167936814107, -0.0469313639856298 51.462870132500356, -0.045702736776349 51.46734417325519, -0.0511748848574116 51.470627717627025))",0,False,False,False
88194ad269fffff,176,176,8,0,51.52128923,-0.005354098,531.415,"POLYGON ((-0.0041213990607319 51.525759406724475, -0.0108271896441114 51.52457378235875, -0.0120594090837091 51.52010335258839, -0.0065866168220422 51.516818815163205, 0.0001181055993731 51.51800448216617, 0.0013511038092027 51.52247464394207, -0.0041213990607319 51.525759406724475))",0,False,False,False
88195da6dbfffff,177,177,8,0,51.56634898,-0.063148012,531.415,"POLYGON ((-0.0619182552423575 51.57081883871581, -0.068631483506407 51.56963140088638, -0.0698607590832897 51.56516128562293, -0.0643775881809604 51.56187887548502, -0.0576654294405328 51.563066354904485, -0.0564353721908579 51.56753620285665, -0.0619182552423575 51.57081883871581))",0,False,False,False
88195da6d1fffff,178,178,8,0,51.5684435,-0.07534482,531.415,"POLYGON ((-0.0741158453229928 51.572913628585425, -0.0808297702782774 51.57172551519946, -0.0820582637725346 51.56725513272685, -0.0765736145061775 51.56397313083419, -0.0698607590832897 51.56516128562293, -0.068631483506407 51.56963140088638, -0.0741158453229928 51.572913628585425))",0,False,False,False
88194ad129fffff,179,179,8,0,51.47718752,-0.157782684,531.415,"POLYGON ((-0.1565612577844051 51.48166420212321, -0.1632674900917246 51.4804673653475, -0.1644884363126803 51.475990426749206, -0.1590039322967846 51.472710592027454, -0.1522987656325332 51.47390746941933, -0.1510770374524541 51.47838414090162, -0.1565612577844051 51.48166420212321))",0,False,False,False
88194e6983fffff,180,180,8,0,51.54455225,-0.018080099,531.415,"POLYGON ((-0.0168477589129366 51.54902175839466, -0.0235567555817529 51.547836261358384, -0.0247886154153292 51.54336650120498, -0.0193122584654888 51.54008250584092, -0.0126043307584811 51.54126804522325, -0.0113716911515171 51.54573753760854, -0.0168477589129366 51.54902175839466))",0,False,False,False
88194ad025fffff,181,181,8,0,51.45900086,-0.092608328,531.415,"POLYGON ((-0.0913828751000382 51.463476434931366, -0.0980845822709796 51.462282932617946, -0.0993095560033641 51.457807108317525, -0.0938336022642215 51.45452505401953, -0.0871329604360968 51.45571859798069, -0.0859072071156301 51.46019415457707, -0.0913828751000382 51.463476434931366))",0,False,False,False
88195da4c5fffff,182,182,8,0,51.54848487,-0.163850473,531.415,"POLYGON ((-0.1626279336829442 51.5529585182971, -0.1693427624560245 51.5517641142886, -0.1705648206534243 51.54729020987606, -0.1650728342774046 51.544010976122365, -0.1583590737745634 51.54520542033511, -0.1571362314892493 51.549679058082006, -0.1626279336829442 51.5529585182971))",0,False,False,False
88194ad107fffff,183,183,8,0,51.46734679,-0.14133359,531.415,"POLYGON ((-0.1401112584423824 51.47182342811114, -0.1468157341407519 51.470627226224245, -0.1480375854474834 51.466150332131114, -0.1425557423844994 51.46286990720415, -0.135852332058555 51.46406614999123, -0.1346296995344931 51.46854277678993, -0.1401112584423824 51.47182342811114))",0,True,True,False
88195da4cdfffff,184,184,8,0,51.55415246,-0.15591321,531.415,"POLYGON ((-0.1546900102805622 51.55862561895891, -0.1614052151419734 51.55743193207417, -0.1626279336829442 51.5529585182971, -0.1571362314892493 51.549679058082006, -0.1504220951569505 51.55087278526081, -0.1491985926010245 51.55534593234537, -0.1546900102805622 51.55862561895891))",0,False,False,False
88194e69e7fffff,185,185,8,0,51.56425337,-0.050953379,531.415,"POLYGON ((-0.0497228410846505 51.568722965375486, -0.0564353721908579 51.56753620285665, -0.0576654294405328 51.563066354904485, -0.0521837369589348 51.559783536869354, -0.0454722753672339 51.56097034116542, -0.0442414368546654 51.565439921704275, -0.0497228410846505 51.568722965375486))",0,False,False,False
88195da6d5fffff,186,186,8,0,51.57053694,-0.087543803,531.415,"POLYGON ((-0.0863156108030622 51.57500733439031, -0.0930302319825046 51.57381854520187, -0.0942579429843075 51.56934789562232, -0.0887718154111256 51.56606630232299, -0.0820582637725346 51.56725513272685, -0.0808297702782774 51.57172551519946, -0.0863156108030622 51.57500733439031))",0,False,False,False
88194ad205fffff,187,187,8,0,51.50012146,-0.004812088,531.415,"POLYGON ((-0.0035798094292431 51.50459256938155, -0.0102830943343693 51.503406143490814, -0.0115148938901782 51.49893477727878, -0.0060441868300148 51.49565010506158, 0.0006580307017811 51.49683657369345, 0.0018906084349847 51.501307671786385, -0.0035798094292431 51.50459256938155))",0,False,False,False
88194ad26bfffff,188,188,8,0,51.51353408,-0.001114713,531.415,"POLYGON ((0.0001181055993731 51.51800448216617, -0.0065866168220422 51.516818815163205, -0.0078189558385312 51.51234816247478, -0.0023473509815945 51.5090634448442, 0.0043563035443559 51.51024915458135, 0.0055894209970048 51.514719539199916, 0.0001181055993731 51.51800448216617))",0,False,False,False
88195da4ebfffff,189,189,8,0,51.54281607,-0.1717867,531.415,"POLYGON ((-0.1705648206534243 51.54729020987606, -0.177279273121424 51.54609508877593, -0.1785006710904204 51.54162069382295, -0.173008400863829 51.538341686593554, -0.1662950164071202 51.53953684780812, -0.1650728342774046 51.544010976122365, -0.1705648206534243 51.54729020987606))",0,False,False,False
88194ada59fffff,190,190,8,0,51.49478248,-0.178507014,531.415,"POLYGON ((-0.1772866174040774 51.499258983686616, -0.1839956723066012 51.49806155154078, -0.1852155881263028 51.49358479188784, -0.1797272321912926 51.490305731226954, -0.1730192434660841 51.49150320360738, -0.1717985446099629 51.49597969639887, -0.1772866174040774 51.499258983686616))",0,False,False,False
88195da6a7fffff,191,191,8,0,51.55981884,-0.147974911,531.415,"POLYGON ((-0.146751050548038 51.56429151173452, -0.1534666312809123 51.56309854200555, -0.1546900102805622 51.55862561895891, -0.1491985926010245 51.55534593234537, -0.1424840806560662 51.556538942458204, -0.1412599177145841 51.56101159878544, -0.146751050548038 51.56429151173452))",0,False,False,False
88195da685fffff,192,192,8,0,51.56905874,-0.119889788,531.415,"POLYGON ((-0.1186638228746794 51.5735301664127, -0.1253794603553017 51.572339307688864, -0.1266049444126804 51.56786763316074, -0.1211155744870402 51.56458708421677, -0.114401006304661 51.56577798369147, -0.1131747388616011 51.570249391344056, -0.1186638228746794 51.5735301664127))",0,False,False,False
88195da4abfffff,193,193,8,0,51.52372073,-0.183384477,531.415,"POLYGON ((-0.1821637933108035 51.52819608045923, -0.1888764250257401 51.52699948533778, -0.1900966273792566 51.522523885892255, -0.1846049820995649 51.51924514821354, -0.1778934176134472 51.520441783367275, -0.1766724312897499 51.52491711615212, -0.1821637933108035 51.52819608045923))",0,False,False,False
88194ad005fffff,194,194,8,0,51.46048814,-0.060331465,531.415,"POLYGON ((-0.0591037960563805 51.464962686752905, -0.0658044875298357 51.46377124866034, -0.0670316780157011 51.45929644985964, -0.0615589558387953 51.45601335707132, -0.0548593299474315 51.4572048372752, -0.0536313607623041 51.46167936814107, -0.0591037960563805 51.464962686752905))",0,False,False,False
88195da4b7fffff,195,195,8,0,51.50253807,-0.182775578,531.415,"POLYGON ((-0.1815553056623055 51.50701435768453, -0.1882654270063017 51.505816965675926, -0.1894852185869074 51.5013404292189, -0.1839956723066012 51.49806155154078, -0.1772866174040774 51.499258983686616, -0.1760660424518169 51.503735253358116, -0.1815553056623055 51.50701435768453))",0,False,False,False
88194ad04bfffff,196,196,8,0,51.47538597,-0.024371717,531.415,"POLYGON ((-0.023141294358378 51.479858781746195, -0.0298424024898737 51.47867016510981, -0.0310723460874938 51.47419710486243, -0.025601959733472 51.47091292935226, -0.0189019179422523 51.472101588556676, -0.0176711962763401 51.47657438068824, -0.023141294358378 51.479858781746195))",0,False,False,False
88194e6981fffff,197,197,8,0,51.55230578,-0.022324716,531.415,"POLYGON ((-0.0210924960161422 51.55677506700144, -0.027802561913489 51.555589612214035, -0.0290343015862023 51.551120075553705, -0.0235567555817529 51.547836261358384, -0.0168477589129366 51.54902175839466, -0.0156152391320838 51.55349102736236, -0.0210924960161422 51.55677506700144))",0,False,False,False
88194ada5bfffff,198,198,8,0,51.48702647,-0.174239764,531.415,"POLYGON ((-0.1730192434660841 51.49150320360738, -0.1797272321912926 51.490305731226954, -0.1809472721022249 51.48582874852249, -0.1754601061006923 51.4825495051206, -0.1687531832887198 51.4837470178329, -0.1675323606764143 51.488223733599966, -0.1730192434660841 51.49150320360738))",0,False,False,False
88194ad235fffff,199,199,8,0,51.48104694,-0.016440295,531.415,"POLYGON ((-0.0152092142477081 51.485519252263366, -0.0219106923966705 51.48433135159731, -0.023141294358378 51.479858781746195, -0.0176711962763401 51.47657438068824, -0.0109707847233446 51.4777623240123, -0.0097394047680554 51.482234625721304, -0.0152092142477081 51.485519252263366))",0,False,False,False
88194ad021fffff,200,200,8,0,51.45691168,-0.080432426,531.415,"POLYGON ((-0.0792061932401875 51.461386982609035, -0.0859072071156301 51.46019415457707, -0.0871329604360968 51.45571859798069, -0.0816584791731711 51.45243613720756, -0.074958530632293 51.45362900707412, -0.0737319981311343 51.458104295864196, -0.0792061932401875 51.461386982609035))",0,False,False,False
88194ad043fffff,201,201,8,0,51.46972381,-0.03230211,531.415,"POLYGON ((-0.0310723460874938 51.47419710486243, -0.0377730839843554 51.47300777228697, -0.0390023693311469 51.46853422173831, -0.0335316950354551 51.46525027183964, -0.0268320232231283 51.46643964689312, -0.025601959733472 51.47091292935226, -0.0310723460874938 51.47419710486243))",0,False,False,False
88194e69e3fffff,202,202,8,0,51.56215668,-0.038760922,531.415,"POLYGON ((-0.0375296033724118 51.56662600915855, -0.0442414368546654 51.565439921704275, -0.0454722753672339 51.56097034116542, -0.0399920613626172 51.557687115581025, -0.0332812973854349 51.55887324499974, -0.032049678019875 51.563342558023336, -0.0375296033724118 51.56662600915855))",0,False,False,False
88195da689fffff,203,203,8,0,51.57262929,-0.099744961,531.415,"POLYGON ((-0.0985175511580551 51.577099955536454, -0.1052328680940975 51.575910490299734, -0.1064597961936576 51.571439573715544, -0.1009721903714257 51.56815838935752, -0.0942579429843075 51.56934789562232, -0.0930302319825046 51.57381854520187, -0.0985175511580551 51.577099955536454))",0,False,False,False
88194ad12bfffff,204,204,8,0,51.46943056,-0.153520315,531.415,"POLYGON ((-0.1522987656325332 51.47390746941933, -0.1590039322967846 51.472710592027454, -0.1602250019789179 51.46823343074251, -0.1547416867326952 51.46495341402605, -0.1480375854474834 51.466150332131114, -0.1468157341407519 51.470627226224245, -0.1522987656325332 51.47390746941933))",0,True,False,False
88195da4e3fffff,205,205,8,0,51.53714606,-0.17972189,531.415,"POLYGON ((-0.1785006710904204 51.54162069382295, -0.1852147470367693 51.540424855663396, -0.1864354848925531 51.53594997026513, -0.1809429311470381 51.532671189622874, -0.174229922953024 51.53386706780702, -0.173008400863829 51.538341686593554, -0.1785006710904204 51.54162069382295))",0,False,False,False
88195da4b5fffff,206,206,8,0,51.51029326,-0.187045457,531.415,"POLYGON ((-0.1858253088006302 51.51476932521506, -0.1925364968502976 51.51357197324636, -0.1937561640438812 51.5090956601296, -0.1882654270063017 51.505816965675926, -0.1815553056623055 51.50701435768453, -0.1803348547616844 51.511490404091674, -0.1858253088006302 51.51476932521506))",0,False,False,False
88195da6a1fffff,207,207,8,0,51.56548402,-0.140035576,531.415,"POLYGON ((-0.1388110545873079 51.56995619649709, -0.1455270109746597 51.56876394395582, -0.146751050548038 51.56429151173452, -0.1412599177145841 51.56101159878544, -0.134545030373918 51.5622038918004, -0.1333202069319285 51.56667605727549, -0.1388110545873079 51.56995619649709))",0,False,False,False
88194ad23dfffff,208,208,8,0,51.48670669,-0.008507845,531.415,"POLYGON ((-0.0072761058595633 51.49117851628776, -0.0139779538086577 51.489991331623266, -0.0152092142477081 51.485519252263366, -0.0097394047680554 51.482234625721304, -0.0030386236705328 51.4834218531338, -0.0018065853127642 51.48789366432538, -0.0072761058595633 51.49117851628776))",0,False,False,False
88194ad12dfffff,209,209,8,0,51.47927006,-0.169973828,531.415,"POLYGON ((-0.1687531832887198 51.4837470178329, -0.1754601061006923 51.4825495051206, -0.1766802699551435 51.47807229950911, -0.1711942934754394 51.47479287360789, -0.1644884363126803 51.475990426749206, -0.1632674900917246 51.4804673653475, -0.1687531832887198 51.4837470178329))",0,False,False,False
88194ad009fffff,210,210,8,0,51.46406043,-0.040231475,531.415,"POLYGON ((-0.0390023693311469 51.46853422173831, -0.045702736776349 51.46734417325519, -0.0469313639856298 51.462870132500356, -0.0414604020784892 51.45958640827683, -0.0347611004620511 51.460776499147975, -0.0335316950354551 51.46525027183964, -0.0390023693311469 51.46853422173831))",0,False,False,False
88194e6991fffff,211,211,8,0,51.53469905,-0.001655461,531.415,"POLYGON ((-0.000422222523923 51.53916850890214, -0.0071294517068136 51.537983643530914, -0.0083622109939252 51.53351392787167, -0.0028885202393708 51.53022934551392, 0.0038176402588599 51.53141425351529, 0.0050511785752424 51.535883701229295, -0.000422222523923 51.53916850890214))",0,False,False,False
88194ad20dfffff,212,212,8,0,51.50577853,0.003123366,531.415,"POLYGON ((0.0043563035443559 51.51024915458135, -0.0023473509815945 51.5090634448442, -0.0035798094292431 51.50459256938155, 0.0018906084349847 51.501307671786385, 0.0085931953319149 51.50249342435464, 0.0098264318818252 51.50696403167196, 0.0043563035443559 51.51024915458135))",0,False,False,False
88194ad111fffff,213,213,8,0,51.45541821,-0.112712332,531.415,"POLYGON ((-0.1114883168118341 51.459894537492715, -0.1181903438200501 51.458699644607925, -0.1194138794652971 51.45422306289141, -0.1139361682824308 51.450941641619785, -0.1072352063681482 51.45213657587554, -0.1060108906540815 51.45661289001688, -0.1114883168118341 51.459894537492715))",0,False,False,False
88194ad115fffff,214,214,8,0,51.45750429,-0.124892477,531.415,"POLYGON ((-0.1236692423382996 51.46198088491453, -0.1303719612383927 51.460785317200894, -0.1315947164076863 51.456308468011656, -0.1261155332641019 51.45302745399369, -0.1194138794652971 51.45422306289141, -0.1181903438200501 51.458699644607925, -0.1236692423382996 51.46198088491453))",0,True,False,False
88194e6993fffff,215,215,8,0,51.52694457,0.002584282,531.415,"POLYGON ((0.0038176402588599 51.53141425351529, -0.0028885202393708 51.53022934551392, -0.0041213990607319 51.525759406724475, 0.0013511038092027 51.52247464394207, 0.0080561958894828 51.52365959467061, 0.0092898534058682 51.528129265439404, 0.0038176402588599 51.53141425351529))",0,False,False,False
88194e699dfffff,216,216,8,0,51.54245312,-0.005896512,531.415,"POLYGON ((-0.0046633930171514 51.54692236044672, -0.0113716911515171 51.54573753760854, -0.0126043307584811 51.54126804522325, -0.0071294517068136 51.537983643530914, -0.000422222523923 51.53916850890214, 0.0008111964467734 51.543637733417626, -0.0046633930171514 51.54692236044672))",0,False,False,False
88194ad207fffff,217,217,8,0,51.49236524,-0.000574367,531.415,"POLYGON ((0.0006580307017811 51.49683657369345, -0.0060441868300148 51.49565010506158, -0.0072761058595633 51.49117851628776, -0.0018065853127642 51.48789366432538, 0.0048945651119004 51.48908017579519, 0.0061272619851657 51.49355149637447, 0.0006580307017811 51.49683657369345))",0,False,False,False
88194ad11bfffff,218,218,8,0,51.45333105,-0.100534351,531.415,"POLYGON ((-0.0993095560033641 51.457807108317525, -0.1060108906540815 51.45661289001688, -0.1072352063681482 51.45213657587554, -0.10175896720437 51.448854747697254, -0.0950586976398822 51.450049007555684, -0.0938336022642215 51.45452505401953, -0.0993095560033641 51.457807108317525))",0,False,False,False
88194e698dfffff,219,219,8,0,51.56005891,-0.026570642,531.415,"POLYGON ((-0.0253385426272268 51.56452797065913, -0.032049678019875 51.563342558023336, -0.0332812973854349 51.55887324499974, -0.027802561913489 51.555589612214035, -0.0210924960161422 51.55677506700144, -0.0198600962075428 51.56124411240789, -0.0253385426272268 51.56452797065913))",0,False,False,False
88194ad02bfffff,220,220,8,0,51.45482141,-0.068258689,531.415,"POLYGON ((-0.0670316780157011 51.45929644985964, -0.0737319981311343 51.458104295864196, -0.074958530632293 51.45362900707412, -0.0694855219026646 51.45034614017286, -0.0627862671132262 51.45153833618964, -0.0615589558387953 51.45601335707132, -0.0670316780157011 51.45929644985964))",0,False,False,False
88194ad139fffff,221,221,8,0,51.45958929,-0.137074786,531.415,"POLYGON ((-0.135852332058555 51.46406614999123, -0.1425557423844994 51.46286990720415, -0.1437777166706853 51.45839279064468, -0.1382970616253158 51.455112184227374, -0.1315947164076863 51.456308468011656, -0.1303719612383927 51.460785317200894, -0.135852332058555 51.46406614999123))",0,True,True,False
88195da68dfffff,222,222,8,0,51.57472056,-0.111948292,531.415,"POLYGON ((-0.110721665862485 51.57919149142992, -0.1174376780871046 51.57800134989913, -0.1186638228746794 51.5735301664127, -0.1131747388616011 51.570249391344056, -0.1064597961936576 51.571439573715544, -0.1052328680940975 51.575910490299734, -0.110721665862485 51.57919149142992))",0,False,False,False
88195da4a3fffff,223,223,8,0,51.51804805,-0.191316651,531.415,"POLYGON ((-0.1900966273792566 51.522523885892255, -0.1968088823988457 51.521326573865935, -0.1980284250573174 51.51685048423379, -0.1925364968502976 51.51357197324636, -0.1858253088006302 51.51476932521506, -0.1846049820995649 51.51924514821354, -0.1900966273792566 51.522523885892255))",0,False,False,False
88195da4a9fffff,224,224,8,0,51.53147485,-0.187656044,531.415,"POLYGON ((-0.1864354848925531 51.53594997026513, -0.1931491841007988 51.534753415078455, -0.1943692619586304 51.53027803933005, -0.1888764250257401 51.52699948533778, -0.1821637933108035 51.52819608045923, -0.1809429311470381 51.532671189622874, -0.1864354848925531 51.53594997026513))",0,False,False,False
88195da6d9fffff,225,225,8,0,51.57410128,-0.067402028,531.415,"POLYGON ((-0.0661723931515708 51.57857091617864, -0.0728866912057697 51.57738351984181, -0.0741158453229928 51.572913628585425, -0.068631483506407 51.56963140088638, -0.0619182552423575 51.57081883871581, -0.0606883191168275 51.575288462736516, -0.0661723931515708 51.57857091617864))",0,False,False,False
88195da6a9fffff,226,226,8,0,51.57114798,-0.132095204,531.415,"POLYGON ((-0.1308700225005015 51.57561967311999, -0.1375863543251707 51.57442813779823, -0.1388110545873079 51.56995619649709, -0.1333202069319285 51.56667605727549, -0.1266049444126804 51.56786763316074, -0.1253794603553017 51.572339307688864, -0.1308700225005015 51.57561967311999))",0,False,False,False
88194ad245fffff,227,227,8,0,51.51918969,0.006822718,531.415,"POLYGON ((0.0080561958894828 51.52365959467061, 0.0013511038092027 51.52247464394207, 0.0001181055993731 51.51800448216617, 0.0055894209970048 51.514719539199916, 0.0122934449260148 51.515904532752565, 0.0135272214967752 51.52037442643242, 0.0080561958894828 51.52365959467061))",0,False,False,False
88194e69e5fffff,228,228,8,0,51.57200581,-0.055205135,531.415,"POLYGON ((-0.0539747182294527 51.57647518357548, -0.0606883191168275 51.575288462736516, -0.0619182552423575 51.57081883871581, -0.0564353721908579 51.56753620285665, -0.0497228410846505 51.568722965375486, -0.0484921233608539 51.57319232205845, -0.0539747182294527 51.57647518357548))",0,False,False,False
88195da6ddfffff,229,229,8,0,51.57619566,-0.079601097,531.415,"POLYGON ((-0.0783722443500405 51.580665564860915, -0.0850872391041105 51.579477492780214, -0.0863156108030622 51.57500733439031, -0.0808297702782774 51.57172551519946, -0.0741158453229928 51.572913628585425, -0.0728866912057697 51.57738351984181, -0.0783722443500405 51.580665564860915))",0,False,False,False
88194ad001fffff,230,230,8,0,51.45839585,-0.048159812,531.415,"POLYGON ((-0.0469313639856298 51.462870132500356, -0.0536313607623041 51.46167936814107, -0.0548593299474315 51.4572048372752, -0.0493880807589756 51.45392133879044, -0.0426891495552647 51.455112145447764, -0.0414604020784892 51.45958640827683, -0.0469313639856298 51.462870132500356))",0,False,False,False
88194e698bfffff,231,231,8,0,51.55020679,-0.010138872,531.415,"POLYGON ((-0.0089058717794451 51.55467580776458, -0.0156152391320838 51.55349102736236, -0.0168477589129366 51.54902175839466, -0.0113716911515171 51.54573753760854, -0.0046633930171514 51.54692236044672, -0.0034300935379872 51.55139136162003, -0.0089058717794451 51.55467580776458))",0,False,False,False
88194ad121fffff,232,232,8,0,51.47151325,-0.165709204,531.415,"POLYGON ((-0.1644884363126803 51.475990426749206, -0.1711942934754394 51.47479287360789, -0.1724145811257891 51.47031544523386, -0.1669297937564491 51.46703583707501, -0.1602250019789179 51.46823343074251, -0.1590039322967846 51.472710592027454, -0.1644884363126803 51.475990426749206))",0,False,False,False
88195da413fffff,233,233,8,0,51.55623778,-0.168120525,531.415,"POLYGON ((-0.1668981096862359 51.56071120844778, -0.1736140069945891 51.55951684454591, -0.1748359411116178 51.55504316417908, -0.1693427624560245 51.5517641142886, -0.1626279336829442 51.5529585182971, -0.1614052151419734 51.55743193207417, -0.1668981096862359 51.56071120844778))",0,False,False,False
88194ad027fffff,234,234,8,0,51.4512428,-0.088358535,531.415,"POLYGON ((-0.0871329604360968 51.45571859798069, -0.0938336022642215 51.45452505401953, -0.0950586976398822 51.450049007555684, -0.0895839305531122 51.4467667728177, -0.0828843538032109 51.44796035852346, -0.0816584791731711 51.45243613720756, -0.0871329604360968 51.45571859798069))",0,False,False,False
88195da4e9fffff,235,235,8,0,51.55056925,-0.176057696,531.415,"POLYGON ((-0.1748359411116178 51.55504316417908, -0.1815514618558159 51.553848083095765, -0.182772735556477 51.54937391212045, -0.177279273121424 51.54609508877593, -0.1705648206534243 51.54729020987606, -0.1693427624560245 51.5517641142886, -0.1748359411116178 51.55504316417908))",0,False,False,False
88194ad13dfffff,236,236,8,0,51.4616732,-0.149259258,531.415,"POLYGON ((-0.1480375854474834 51.466150332131114, -0.1547416867326952 51.46495341402605, -0.155962879728727 51.46047603019894, -0.1504807528409356 51.45719583172938, -0.1437777166706853 51.45839279064468, -0.1425557423844994 51.46286990720415, -0.1480375854474834 51.466150332131114))",0,True,True,False
88195da41bfffff,237,237,8,0,51.56190511,-0.160182318,531.415,"POLYGON ((-0.1589592413818624 51.56637804479938, -0.1656755150376128 51.5651843981111, -0.1668981096862359 51.56071120844778, -0.1614052151419734 51.55743193207417, -0.1546900102805622 51.55862561895891, -0.1534666312809123 51.56309854200555, -0.1589592413818624 51.56637804479938))",0,False,False,False
88194ada5dfffff,238,238,8,0,51.49686366,-0.190704832,531.415,"POLYGON ((-0.1894852185869074 51.5013404292189, -0.1961949635371496 51.50014232051767, -0.1974140959128289 51.49566529410617, -0.1919242668936692 51.4923866431392, -0.1852155881263028 51.49358479188784, -0.1839956723066012 51.49806155154078, -0.1894852185869074 51.5013404292189))",0,False,False,False
88194ada51fffff,239,239,8,0,51.48910779,-0.186435326,531.415,"POLYGON ((-0.1852155881263028 51.49358479188784, -0.1919242668936692 51.4923866431392, -0.1931435236957807 51.487909393600276, -0.1876548849507006 51.4846305596292, -0.1809472721022249 51.48582874852249, -0.1797272321912926 51.490305731226954, -0.1852155881263028 51.49358479188784))",0,False,False,False
88195da6c3fffff,240,240,8,0,51.57828896,-0.091802341,531.415,"POLYGON ((-0.0905742713007966 51.582759129028126, -0.0972899622873448 51.581570380957615, -0.0985175511580551 51.577099955536454, -0.0930302319825046 51.57381854520187, -0.0863156108030622 51.57500733439031, -0.0850872391041105 51.579477492780214, -0.0905742713007966 51.582759129028126))",0,False,False,False
88194ad201fffff,241,241,8,0,51.49802258,0.007360139,531.415,"POLYGON ((0.0085931953319149 51.50249342435464, 0.0018906084349847 51.501307671786385, 0.0006580307017811 51.49683657369345, 0.0061272619851657 51.49355149637447, 0.0128287815194249 51.49473729187061, 0.0140621370212063 51.49920812174288, 0.0085931953319149 51.50249342435464))",0,False,False,False
88194ad247fffff,242,242,8,0,51.5114344,0.011059848,531.415,"POLYGON ((0.0122934449260148 51.515904532752565, 0.0055894209970048 51.514719539199916, 0.0043563035443559 51.51024915458135, 0.0098264318818252 51.50696403167196, 0.0165293879261551 51.50814906814568, 0.0177632834058508 51.51261918459276, 0.0122934449260148 51.515904532752565))",0,False,False,False
88194ada4bfffff,243,243,8,0,51.50461911,-0.194975653,531.415,"POLYGON ((-0.1937561640438812 51.5090956601296, -0.2004669754410207 51.50789759137837, -0.20168598324225 51.503420788238735, -0.1961949635371496 51.50014232051767, -0.1894852185869074 51.5013404292189, -0.1882654270063017 51.505816965675926, -0.1937561640438812 51.5090956601296))",0,False,False,False
88195da4e1fffff,244,244,8,0,51.5448995,-0.183993831,531.415,"POLYGON ((-0.182772735556477 51.54937391212045, -0.1894878795198903 51.54817811388787, -0.1907084929194846 51.54370345239911, -0.1852147470367693 51.540424855663396, -0.1785006710904204 51.54162069382295, -0.177279273121424 51.54609508877593, -0.182772735556477 51.54937391212045))",0,False,False,False
88194ad237fffff,245,245,8,0,51.47328978,-0.012201985,531.415,"POLYGON ((-0.0109707847233446 51.4777623240123, -0.0176711962763401 51.47657438068824, -0.0189019179422523 51.472101588556676, -0.0134330058268767 51.46881700795171, -0.0067336606040246 51.470004994030475, -0.0055021612779921 51.474477517944536, -0.0109707847233446 51.4777623240123))",0,False,False,False
88194ad05dfffff,246,246,8,0,51.46762856,-0.02013246,531.415,"POLYGON ((-0.0189019179422523 51.472101588556676, -0.025601959733472 51.47091292935226, -0.0268320232231283 51.46643964689312, -0.0213628227679973 51.46315529181472, -0.0146638470514262 51.46434399368385, -0.0134330058268767 51.46881700795171, -0.0189019179422523 51.472101588556676))",0,False,False,False
88194ada53fffff,247,247,8,0,51.48135153,-0.182167134,531.415,"POLYGON ((-0.1809472721022249 51.48582874852249, -0.1876548849507006 51.4846305596292, -0.1888742660313541 51.48015308710729, -0.1833868171486412 51.47687407037387, -0.1766802699551435 51.47807229950911, -0.1754601061006923 51.4825495051206, -0.1809472721022249 51.48582874852249))",0,False,False,False
88195da6a5fffff,248,248,8,0,51.56757123,-0.152243073,531.415,"POLYGON ((-0.1510193363002369 51.57204367310697, -0.1577359860864419 51.57085074366425, -0.1589592413818624 51.56637804479938, -0.1534666312809123 51.56309854200555, -0.146751050548038 51.56429151173452, -0.1455270109746597 51.56876394395582, -0.1510193363002369 51.57204367310697))",0,False,False,False
88195da4a1fffff,249,249,8,0,51.52580243,-0.195589161,531.415,"POLYGON ((-0.1943692619586304 51.53027803933005, -0.2010825842124488 51.529080767148685, -0.2023020021876269 51.524604901145395, -0.1968088823988457 51.521326573865935, -0.1900966273792566 51.522523885892255, -0.1888764250257401 51.52699948533778, -0.1943692619586304 51.53027803933005))",0,False,False,False
88194ad231fffff,250,250,8,0,51.4789498,-0.004270482,531.415,"POLYGON ((-0.0030386236705328 51.4834218531338, -0.0097394047680554 51.482234625721304, -0.0109707847233446 51.4777623240123, -0.0055021612779921 51.474477517944536, 0.0011975532339428 51.47566478820171, 0.0024297107744775 51.48013682166699, -0.0030386236705328 51.4834218531338))",0,False,False,False
88195da6e3fffff,251,251,8,0,51.57681074,-0.124153797,531.415,"POLYGON ((-0.1229279543899198 51.58128194147675, -0.1296446614346492 51.58009112340621, -0.1308700225005015 51.57561967311999, -0.1253794603553017 51.572339307688864, -0.1186638228746794 51.5735301664127, -0.1174376780871046 51.57800134989913, -0.1229279543899198 51.58128194147675))",0,False,False,False
88194ad007fffff,252,252,8,0,51.45273007,-0.05608712,531.415,"POLYGON ((-0.0548593299474315 51.4572048372752, -0.0615589558387953 51.45601335707132, -0.0627862671132262 51.45153833618964, -0.0573147309734754 51.44825506350722, -0.0506161703992142 51.44944658591914, -0.0493880807589756 51.45392133879044, -0.0548593299474315 51.4572048372752))",0,False,False,False
88194ad055fffff,253,253,8,0,51.46196613,-0.028061907,531.415,"POLYGON ((-0.0268320232231283 51.46643964689312, -0.0335316950354551 51.46525027183964, -0.0347611004620511 51.460776499147975, -0.029291611997345 51.457492369659825, -0.0225930060041114 51.458681787288036, -0.0213628227679973 51.46315529181472, -0.0268320232231283 51.46643964689312))",0,False,False,False
88194ad023fffff,254,254,8,0,51.44915348,-0.076184884,531.415,"POLYGON ((-0.074958530632293 51.45362900707412, -0.0816584791731711 51.45243613720756, -0.0828843538032109 51.44796035852346, -0.0774110588508328 51.44467771757279, -0.0707121753798186 51.445870629370646, -0.0694855219026646 51.45034614017286, -0.074958530632293 51.45362900707412))",0,False,False,False
88194ad123fffff,255,255,8,0,51.46375603,-0.161445893,531.415,"POLYGON ((-0.1602250019789179 51.46823343074251, -0.1669297937564491 51.46703583707501, -0.1681502050551993 51.46255818608294, -0.162666606384923 51.45927839590817, -0.155962879728727 51.46047603019894, -0.1547416867326952 51.46495341402605, -0.1602250019789179 51.46823343074251))",0,True,False,False
88194ada49fffff,256,256,8,0,51.51237416,-0.199247789,531.415,"POLYGON ((-0.1980284250573174 51.51685048423379, -0.2047403031654327 51.515652455335136, -0.2059591862440921 51.51117587561175, -0.2004669754410207 51.50789759137837, -0.1937561640438812 51.5090956601296, -0.1925364968502976 51.51357197324636, -0.1980284250573174 51.51685048423379))",0,False,False,False
88194e699bfffff,257,257,8,0,51.5325987,0.010523691,531.415,"POLYGON ((0.0117577087703214 51.53706789283553, 0.0050511785752424 51.535883701229295, 0.0038176402588599 51.53141425351529, 0.0092898534058682 51.528129265439404, 0.0159953149270559 51.52931349986273, 0.0172296318631526 51.5337826795299, 0.0117577087703214 51.53706789283553))",0,False,False,False
88194e6999fffff,258,258,8,0,51.54035291,0.006284897,531.415,"POLYGON ((0.0075187955826142 51.54482188230381, 0.0008111964467734 51.543637733417626, -0.000422222523923 51.53916850890214, 0.0050511785752424 51.535883701229295, 0.0117577087703214 51.53706789283553, 0.01299190669499 51.54153684937958, 0.0075187955826142 51.54482188230381))",0,False,False,False
88195da4e7fffff,259,259,8,0,51.53922855,-0.191928928,531.415,"POLYGON ((-0.1907084929194846 51.54370345239911, -0.1974232598855914 51.5425069370496, -0.1986432130994792 51.53803178514254, -0.1931491841007988 51.534753415078455, -0.1864354848925531 51.53594997026513, -0.1852147470367693 51.540424855663396, -0.1907084929194846 51.54370345239911))",0,False,False,False
88194ad239fffff,260,260,8,0,51.48460862,0.003662048,531.415,"POLYGON ((0.0048945651119004 51.48908017579519, -0.0018065853127642 51.48789366432538, -0.0030386236705328 51.4834218531338, 0.0024297107744775 51.48013682166699, 0.00912979435815 51.481323376071494, 0.0103626102261209 51.48579491899315, 0.0048945651119004 51.48908017579519))",0,False,False,False
88194ad117fffff,261,261,8,0,51.44974624,-0.120637237,531.415,"POLYGON ((-0.1194138794652971 51.45422306289141, -0.1261155332641019 51.45302745399369, -0.1273384109317498 51.44855038255844, -0.1218604150538097 51.4452691875543, -0.1151598260920712 51.446464837733025, -0.1139361682824308 51.450941641619785, -0.1194138794652971 51.45422306289141))",0,False,False,False
88194ad125fffff,262,262,8,0,51.47359486,-0.177900256,531.415,"POLYGON ((-0.1766802699551435 51.47807229950911, -0.1833868171486412 51.47687407037387, -0.1846063223600129 51.47239637501353, -0.1791200629281443 51.469117175759465, -0.1724145811257891 51.47031544523386, -0.1711942934754394 51.47479287360789, -0.1766802699551435 51.47807229950911))",0,False,False,False
88195da6adfffff,263,263,8,0,51.57323614,-0.144302792,531.415,"POLYGON ((-0.14307839454323 51.577708093243764, -0.1497954202428698 51.57651588107849, -0.1510193363002369 51.57204367310697, -0.1455270109746597 51.56876394395582, -0.1388110545873079 51.56995619649709, -0.1375863543251707 51.57442813779823, -0.14307839454323 51.577708093243764))",0,False,False,False
88194ad13bfffff,264,264,8,0,51.45183138,-0.132817293,531.415,"POLYGON ((-0.1315947164076863 51.456308468011656, -0.1382970616253158 51.455112184227374, -0.1395191587439313 51.45063484534612, -0.1340396913051884 51.447354057680016, -0.1273384109317498 51.44855038255844, -0.1261155332641019 51.45302745399369, -0.1315947164076863 51.456308468011656))",0,True,True,False
88194ad113fffff,265,265,8,0,51.44766002,-0.108459343,531.415,"POLYGON ((-0.1072352063681482 51.45213657587554, -0.1139361682824308 51.450941641619785, -0.1151598260920712 51.446464837733025, -0.1096833018336885 51.44318323573779, -0.1029834047490142 51.44437821146135, -0.10175896720437 51.448854747697254, -0.1072352063681482 51.45213657587554))",0,False,False,False
88194ad24dfffff,266,266,8,0,51.52484408,0.014761178,531.415,"POLYGON ((0.0159953149270559 51.52931349986273, 0.0092898534058682 51.528129265439404, 0.0080561958894828 51.52365959467061, 0.0135272214967752 51.52037442643242, 0.020231614610923 51.52155870376981, 0.0214660504128975 51.52602810641638, 0.0159953149270559 51.52931349986273))",0,False,False,False
88194e69d7fffff,267,267,8,0,51.54810672,0.002044796,531.415,"POLYGON ((0.0032785748055914 51.55257546788325, -0.0034300935379872 51.55139136162003, -0.0046633930171514 51.54692236044672, 0.0008111964467734 51.543637733417626, 0.0075187955826142 51.54482188230381, 0.0087528743502232 51.54929061558111, 0.0032785748055914 51.55257546788325))",0,False,False,False
88194ad00bfffff,268,268,8,0,51.45630249,-0.035990327,531.415,"POLYGON ((-0.0347611004620511 51.460776499147975, -0.0414604020784892 51.45958640827683, -0.0426891495552647 51.455112145447764, -0.0372193734110353 51.45182824161353, -0.0305211373580901 51.45301837496944, -0.029291611997345 51.457492369659825, -0.0347611004620511 51.460776499147975))",0,False,False,False
88194ad209fffff,269,269,8,0,51.50367871,0.015295672,531.415,"POLYGON ((0.0165293879261551 51.50814906814568, 0.0098264318818252 51.50696403167196, 0.0085931953319149 51.50249342435464, 0.0140621370212063 51.49920812174288, 0.0207640254474068 51.500393201234424, 0.0219980396906229 51.50486354030496, 0.0165293879261551 51.50814906814568))",0,False,False,False
88194e6933fffff,270,270,8,0,51.57975785,-0.059458203,531.415,"POLYGON ((-0.0582279073618423 51.58422699538089, -0.0649425782970485 51.58304031612433, -0.0661723931515708 51.57857091617864, -0.0606883191168275 51.575288462736516, -0.0539747182294527 51.57647518357548, -0.0527441214411267 51.580944316259036, -0.0582279073618423 51.58422699538089))",0,False,False,False
88194ad131fffff,271,271,8,0,51.45391544,-0.144999513,531.415,"POLYGON ((-0.1437777166706853 51.45839279064468, -0.1504807528409356 51.45719583172938, -0.1517020690036068 51.45271822550466, -0.1462211300632049 51.44943784552358, -0.1395191587439313 51.45063484534612, -0.1382970616253158 51.455112184227374, -0.1437777166706853 51.45839279064468))",0,True,True,False
88194ad1cdfffff,272,272,8,0,51.44557272,-0.096283614,531.415,"POLYGON ((-0.0950586976398822 51.450049007555684, -0.10175896720437 51.448854747697254, -0.1029834047490142 51.44437821146135, -0.0975083521683761 51.44109620282196, -0.0908091474256851 51.44229050433497, -0.0895839305531122 51.4467667728177, -0.0950586976398822 51.450049007555684))",0,False,False,False
88194ad203fffff,273,273,8,0,51.49026622,0.011595606,531.415,"POLYGON ((0.0128287815194249 51.49473729187061, 0.0061272619851657 51.49355149637447, 0.0048945651119004 51.48908017579519, 0.0103626102261209 51.48579491899315, 0.0170630626640395 51.48698075751398, 0.0182965369723518 51.49145180979719, 0.0128287815194249 51.49473729187061))",0,False,False,False
88195da4a7fffff,274,274,8,0,51.5201288,-0.203521242,531.415,"POLYGON ((-0.2023020021876269 51.524604901145395, -0.2090149472708635 51.52340691200183, -0.2102337054787052 51.51893055583903, -0.2047403031654327 51.515652455335136, -0.1980284250573174 51.51685048423379, -0.1968088823988457 51.521326573865935, -0.2023020021876269 51.524604901145395))",0,False,False,False
88194ad241fffff,275,275,8,0,51.51708906,0.018997359,531.415,"POLYGON ((0.020231614610923 51.52155870376981, 0.0135272214967752 51.52037442643242, 0.0122934449260148 51.515904532752565, 0.0177632834058508 51.51261918459276, 0.0244666083797248 51.51380350494112, 0.0257011629021486 51.518273130423374, 0.020231614610923 51.52155870376981))",0,False,False,False
88195da4adfffff,276,276,8,0,51.5335564,-0.199862988,531.415,"POLYGON ((-0.1986432130994792 51.53803178514254, -0.2053576028519322 51.53683455270851, -0.2065768959954868 51.53235891047836, -0.2010825842124488 51.529080767148685, -0.1943692619586304 51.53027803933005, -0.1931491841007988 51.534753415078455, -0.1986432130994792 51.53803178514254))",0,False,False,False
88194ad03dfffff,277,277,8,0,51.44706308,-0.064013399,531.415,"POLYGON ((-0.0627862671132262 51.45153833618964, -0.0694855219026646 51.45034614017286, -0.0707121753798186 51.445870629370646, -0.0652403526187359 51.44258758255416, -0.0585421628904948 51.44377982068897, -0.0573147309734754 51.44825506350722, -0.0627862671132262 51.45153833618964))",0,False,False,False
88194ada55fffff,278,278,8,0,51.49118803,-0.19863305,531.415,"POLYGON ((-0.1974140959128289 51.49566529410617, -0.2041234642534316 51.494466468744925, -0.2053419375392968 51.48998895247449, -0.199851826112148 51.486710528281534, -0.1931435236957807 51.487909393600276, -0.1919242668936692 51.4923866431392, -0.1974140959128289 51.49566529410617))",0,False,False,False
88194ad127fffff,279,279,8,0,51.46583778,-0.173634691,531.415,"POLYGON ((-0.1724145811257891 51.47031544523386, -0.1791200629281443 51.469117175759465, -0.1803396921226141 51.46463925770522, -0.1748546217302413 51.4613598761723, -0.1681502050551993 51.46255818608294, -0.1669297937564491 51.46703583707501, -0.1724145811257891 51.47031544523386))",0,False,False,False
88195da417fffff,280,280,8,0,51.55832202,-0.180330009,531.415,"POLYGON ((-0.1791083783429232 51.56279571033162, -0.1858249676282636 51.561600669167454, -0.1870461169123653 51.557126722313754, -0.1815514618558159 51.553848083095765, -0.1748359411116178 51.55504316417908, -0.1736140069945891 51.55951684454591, -0.1791083783429232 51.56279571033162))",0,False,False,False
88195da411fffff,281,281,8,0,51.56399029,-0.172391894,531.415,"POLYGON ((-0.1711696023457007 51.56846349040168, -0.1778865684544588 51.567269166508765, -0.1791083783429232 51.56279571033162, -0.1736140069945891 51.55951684454591, -0.1668981096862359 51.56071120844778, -0.1656755150376128 51.5651843981111, -0.1711696023457007 51.56846349040168))",0,False,False,False
88194ada43fffff,282,282,8,0,51.49894375,-0.202904813,531.415,"POLYGON ((-0.20168598324225 51.503420788238735, -0.2083964177709122 51.50222200273762, -0.20961476629503 51.49774470967059, -0.2041234642534316 51.494466468744925, -0.1974140959128289 51.49566529410617, -0.1961949635371496 51.50014232051767, -0.20168598324225 51.503420788238735))",0,False,False,False
88194ad003fffff,283,283,8,0,51.45063765,-0.043917718,531.415,"POLYGON ((-0.0426891495552647 51.455112145447764, -0.0493880807589756 51.45392133879044, -0.0506161703992142 51.44944658591914, -0.0451461069054515 51.44616290780254, -0.0384482410095934 51.44735375685458, -0.0372193734110353 51.45182824161353, -0.0426891495552647 51.455112145447764))",0,False,False,False
88194ada57fffff,284,284,8,0,51.48343191,-0.194362602,531.415,"POLYGON ((-0.1931435236957807 51.487909393600276, -0.199851826112148 51.486710528281534, -0.2010704240117176 51.48223278895217, -0.1955815027872938 51.478954181733755, -0.1888742660313541 51.48015308710729, -0.1876548849507006 51.4846305596292, -0.1931435236957807 51.487909393600276))",0,False,False,False
88195da4edfffff,285,285,8,0,51.55265254,-0.188267088,531.415,"POLYGON ((-0.1870461169123653 51.557126722313754, -0.1937623291575788 51.55593096391057, -0.194982817952714 51.55145652647535, -0.1894878795198903 51.54817811388787, -0.182772735556477 51.54937391212045, -0.1815514618558159 51.553848083095765, -0.1870461169123653 51.557126722313754))",0,False,False,False
88194ad135fffff,286,286,8,0,51.45599841,-0.157183894,531.415,"POLYGON ((-0.155962879728727 51.46047603019894, -0.162666606384923 51.45927839590817, -0.1638871411846876 51.454800522442646, -0.1584047308023641 51.45152055049356, -0.1517020690036068 51.45271822550466, -0.1504807528409356 51.45719583172938, -0.155962879728727 51.46047603019894))",0,True,True,False
88194ad1c9fffff,287,287,8,0,51.44348434,-0.08411005,531.415,"POLYGON ((-0.0828843538032109 51.44796035852346, -0.0895839305531122 51.4467667728177, -0.0908091474256851 51.44229050433497, -0.0853355665804932 51.4390080893983, -0.0786370546442649 51.44020171694541, -0.0774110588508328 51.44467771757279, -0.0828843538032109 51.44796035852346))",0,False,False,False
88195da419fffff,288,288,8,0,51.56965735,-0.164452741,531.415,"POLYGON ((-0.1632297890221735 51.57413006239687, -0.1699471317375472 51.572936455807294, -0.1711696023457007 51.56846349040168, -0.1656755150376128 51.5651843981111, -0.1589592413818624 51.56637804479938, -0.1577359860864419 51.57085074366425, -0.1632297890221735 51.57413006239687))",0,False,False,False
88194ad059fffff,289,289,8,0,51.46553223,-0.00796498,531.415,"POLYGON ((-0.0067336606040246 51.470004994030475, -0.0134330058268767 51.46881700795171, -0.0146638470514262 51.46434399368385, -0.0091961204915409 51.46105923377277, -0.0024978413330935 51.46224726270293, -0.0012662227816711 51.466720008677854, -0.0067336606040246 51.470004994030475))",0,False,False,False
88194ada41fffff,290,290,8,0,51.50669906,-0.207177891,531.415,"POLYGON ((-0.2059591862440921 51.51117587561175, -0.2126706872247508 51.50997712987338, -0.2138889108389301 51.50550006015417, -0.2083964177709122 51.50222200273762, -0.20168598324225 51.503420788238735, -0.2004669754410207 51.50789759137837, -0.2059591862440921 51.51117587561175))",0,False,False,False
88194ad233fffff,291,291,8,0,51.47119252,-3.44e-05,531.415,"POLYGON ((0.0011975532339428 51.47566478820171, -0.0055021612779921 51.474477517944536, -0.0067336606040246 51.470004994030475, -0.0012662227816711 51.466720008677854, 0.0054324254105749 51.46790732187643, 0.0066647019885586 51.47237957747133, 0.0011975532339428 51.47566478820171))",0,False,False,False
88194ad20bfffff,292,292,8,0,51.49592262,0.019530191,531.415,"POLYGON ((0.0207640254474068 51.500393201234424, 0.0140621370212063 51.49920812174288, 0.0128287815194249 51.49473729187061, 0.0182965369723518 51.49145180979719, 0.0249973580469087 51.49263693240342, 0.0262314909084132 51.497107493953465, 0.0207640254474068 51.500393201234424))",0,False,False,False
88194ada19fffff,293,293,8,0,51.47567538,-0.190093469,531.415,"POLYGON ((-0.1888742660313541 51.48015308710729, -0.1955815027872938 51.478954181733755, -0.1968002251525713 51.47447621949, -0.1913124937192865 51.47119742948794, -0.1846063223600129 51.47239637501353, -0.1833868171486412 51.47687407037387, -0.1888742660313541 51.48015308710729))",0,False,False,False
88194ad243fffff,294,294,8,0,51.50933364,0.023232234,531.415,"POLYGON ((0.0244666083797248 51.51380350494112, 0.0177632834058508 51.51261918459276, 0.0165293879261551 51.50814906814568, 0.0219980396906229 51.50486354030496, 0.0287002967909802 51.50604790376115, 0.0299349698885312 51.510517751935296, 0.0244666083797248 51.51380350494112))",0,False,False,False
88195da4e5fffff,295,295,8,0,51.54698185,-0.196203128,531.415,"POLYGON ((-0.194982817952714 51.55145652647535, -0.2016986529412554 51.55026005086542, -0.2029184813628689 51.54578512294379, -0.1974232598855914 51.5425069370496, -0.1907084929194846 51.54370345239911, -0.1894878795198903 51.54817811388787, -0.194982817952714 51.55145652647535))",0,False,False,False
88194ad051fffff,296,296,8,0,51.45987074,-0.015894509,531.415,"POLYGON ((-0.0146638470514262 51.46434399368385, -0.0213628227679973 51.46315529181472, -0.0225930060041114 51.458681787288036, -0.0171249910367978 51.45539725288228, -0.010427081129307 51.45658599751281, -0.0091961204915409 51.46105923377277, -0.0146638470514262 51.46434399368385))",0,False,False,False
88195da453fffff,297,297,8,0,51.5753232,-0.156512552,531.415,"POLYGON ((-0.1552889384740404 51.579795426190266, -0.1620066575790481 51.578602536936074, -0.1632297890221735 51.57413006239687, -0.1577359860864419 51.57085074366425, -0.1510193363002369 51.57204367310697, -0.1497954202428698 51.57651588107849, -0.1552889384740404 51.579795426190266))",0,False,False,False
88194ad23bfffff,298,298,8,0,51.4768516,0.007897158,531.415,"POLYGON ((0.00912979435815 51.481323376071494, 0.0024297107744775 51.48013682166699, 0.0011975532339428 51.47566478820171, 0.0066647019885586 51.47237957747133, 0.0133637189973138 51.47356617490721, 0.0145966537147147 51.47803794002718, 0.00912979435815 51.481323376071494))",0,False,False,False
88194e68a5fffff,299,299,8,0,51.53825162,0.018464129,531.415,"POLYGON ((0.0196988063687779 51.54272032456002, 0.01299190669499 51.54153684937958, 0.0117577087703214 51.53706789283553, 0.0172296318631526 51.5337826795299, 0.0239354626071591 51.53496619761733, 0.0251704390760988 51.53943488608845, 0.0196988063687779 51.54272032456002))",0,False,False,False
88195da4a5fffff,300,300,8,0,51.52788303,-0.207796011,531.415,"POLYGON ((-0.2065768959954868 51.53235891047836, -0.2132909083180519 51.53116096099235, -0.2145095415067159 51.526684828534414, -0.2090149472708635 51.52340691200183, -0.2023020021876269 51.524604901145395, -0.2010825842124488 51.529080767148685, -0.2065768959954868 51.53235891047836))",0,False,False,False
88194e68a7fffff,301,301,8,0,51.53049727,0.022700666,531.415,"POLYGON ((0.0239354626071591 51.53496619761733, 0.0172296318631526 51.5337826795299, 0.0159953149270559 51.52931349986273, 0.0214660504128975 51.52602810641638, 0.0281708124941604 51.527211667507814, 0.0294059076403614 51.53168057902666, 0.0239354626071591 51.53496619761733))",0,False,False,False
88194e69d3fffff,302,302,8,0,51.54600557,0.014226285,531.415,"POLYGON ((0.0154608432208393 51.55047404795162, 0.0087528743502232 51.54929061558111, 0.0075187955826142 51.54482188230381, 0.01299190669499 51.54153684937958, 0.0196988063687779 51.54272032456002, 0.0209336640149477 51.547188789839744, 0.0154608432208393 51.55047404795162))",0,False,False,False
88194ad057fffff,303,303,8,0,51.45420805,-0.02382301,531.415,"POLYGON ((-0.0225930060041114 51.458681787288036, -0.029291611997345 51.457492369659825, -0.0305211373580901 51.45301837496944, -0.0250528343133846 51.449734066132756, -0.018355293873862 51.450923526432355, -0.0171249910367978 51.45539725288228, -0.0225930060041114 51.458681787288036))",0,False,False,False
88194ad1edfffff,304,304,8,0,51.44407307,-0.12856111,531.415,"POLYGON ((-0.1273384109317498 51.44855038255844, -0.1340396913051884 51.447354057680016, -0.1352619111093051 51.44287649662158, -0.1297836308663093 51.4395955279482, -0.123083415073046 51.44079189401762, -0.1218604150538097 51.4452691875543, -0.1273384109317498 51.44855038255844))",0,False,False,False
88194ad039fffff,305,305,8,0,51.4449716,-0.051844081,531.415,"POLYGON ((-0.0506161703992142 51.44944658591914, -0.0573147309734754 51.44825506350722, -0.0585421628904948 51.44377982068897, -0.0530718123771213 51.440496368353585, -0.0463743168550024 51.44168793307023, -0.0451461069054515 51.44616290780254, -0.0506161703992142 51.44944658591914))",0,False,False,False
88194ad1e9fffff,306,306,8,0,51.4419878,-0.116383305,531.415,"POLYGON ((-0.1151598260920712 51.446464837733025, -0.1218604150538097 51.4452691875543, -0.123083415073046 51.44079189401762, -0.117606606049971 51.43751051826879, -0.1109070816611548 51.4387062098253, -0.1096833018336885 51.44318323573779, -0.1151598260920712 51.446464837733025))",0,False,False,False
88194adac9fffff,307,307,8,0,51.4580803,-0.169370438,531.415,"POLYGON ((-0.1681502050551993 51.46255818608294, -0.1748546217302413 51.4613598761723, -0.1760743747602198 51.45688173556875, -0.1705904929961528 51.453602171998696, -0.1638871411846876 51.454800522442646, -0.162666606384923 51.45927839590817, -0.1681502050551993 51.46255818608294))",0,False,False,False
88194ada4dfffff,308,308,8,0,51.51445396,-0.211452285,531.415,"POLYGON ((-0.2102337054787052 51.51893055583903, -0.2169462731753284 51.517731849765894, -0.2181643717312506 51.513255003538916, -0.2126706872247508 51.50997712987338, -0.2059591862440921 51.51117587561175, -0.2047403031654327 51.515652455335136, -0.2102337054787052 51.51893055583903))",0,False,False,False
88194ad035fffff,309,309,8,0,51.44139488,-0.07193865,531.415,"POLYGON ((-0.0707121753798186 51.445870629370646, -0.0774110588508328 51.44467771757279, -0.0786370546442649 51.44020171694541, -0.073164945591736 51.43691889605838, -0.0664671269259229 51.438111849884294, -0.0652403526187359 51.44258758255416, -0.0707121753798186 51.445870629370646))",0,False,False,False
88194ada1bfffff,310,310,8,0,51.46791844,-0.185825649,531.415,"POLYGON ((-0.1846063223600129 51.47239637501353, -0.1913124937192865 51.47119742948794, -0.1925313404024583 51.466719244474376, -0.1870447983488853 51.463440271930445, -0.1803396921226141 51.46463925770522, -0.1791200629281443 51.469117175759465, -0.1846063223600129 51.47239637501353))",0,False,False,False
88194ad215fffff,311,311,8,0,51.48250947,0.015829768,531.415,"POLYGON ((0.0170630626640395 51.48698075751398, 0.0103626102261209 51.48579491899315, 0.00912979435815 51.481323376071494, 0.0145966537147147 51.47803794002718, 0.0212960393225531 51.47922382166939, 0.0225296322922135 51.48369509621959, 0.0170630626640395 51.48698075751398))",0,False,False,False
88195da5dbfffff,312,312,8,0,51.54130996,-0.204138131,531.415,"POLYGON ((-0.2029184813628689 51.54578512294379, -0.2096339388783573 51.544587930159516, -0.2108531070418969 51.54011251184667, -0.2053576028519322 51.53683455270851, -0.1986432130994792 51.53803178514254, -0.1974232598855914 51.5425069370496, -0.2029184813628689 51.54578512294379))",0,False,False,False
88194ad133fffff,313,313,8,0,51.44615727,-0.140741077,531.415,"POLYGON ((-0.1395191587439313 51.45063484534612, -0.1462211300632049 51.44943784552358, -0.1474425692454042 51.444960017045915, -0.1419628178414887 51.44167945579488, -0.1352619111093051 51.44287649662158, -0.1340396913051884 51.447354057680016, -0.1395191587439313 51.45063484534612))",0,True,True,False
88194ad249fffff,314,314,8,0,51.52274252,0.026935898,531.415,"POLYGON ((0.0281708124941604 51.527211667507814, 0.0214660504128975 51.52602810641638, 0.020231614610923 51.52155870376981, 0.0257011629021486 51.518273130423374, 0.0324048565876047 51.51945673461572, 0.0336400702657213 51.52392586903864, 0.0281708124941604 51.527211667507814))",0,False,False,False
88194ad1c5fffff,315,315,8,0,51.43990144,-0.104207664,531.415,"POLYGON ((-0.1029834047490142 51.44437821146135, -0.1096833018336885 51.44318323573779, -0.1109070816611548 51.4387062098253, -0.1054317439165107 51.43542442734789, -0.0987329113971981 51.436619444636044, -0.0975083521683761 51.44109620282196, -0.1029834047490142 51.44437821146135))",0,False,False,False
88194e69d1fffff,316,316,8,0,51.55375911,0.009987133,531.415,"POLYGON ((0.0112215726049435 51.55822736740784, 0.0045125342703724 51.557043977750226, 0.0032785748055914 51.55257546788325, 0.0087528743502232 51.54929061558111, 0.0154608432208393 51.55047404795162, 0.0166955818986804 51.55494228989637, 0.0112215726049435 51.55822736740784))",0,False,False,False
88194ad255fffff,317,317,8,0,51.50157782,0.027465804,531.415,"POLYGON ((0.0287002967909802 51.50604790376115, 0.0219980396906229 51.50486354030496, 0.0207640254474068 51.500393201234424, 0.0262314909084132 51.497107493953465, 0.0329326804018796 51.49829190061429, 0.0341674719293724 51.50276197133654, 0.0287002967909802 51.50604790376115))",0,False,False,False
88194ad01dfffff,318,318,8,0,51.44854414,-0.031750483,531.415,"POLYGON ((-0.0305211373580901 51.45301837496944, -0.0372193734110353 51.45182824161353, -0.0384482410095934 51.44735375685458, -0.0329796502174246 51.444069673650716, -0.0262824794627502 51.44525984958796, -0.0250528343133846 51.449734066132756, -0.0305211373580901 51.45301837496944))",0,False,False,False
88194ad137fffff,319,319,8,0,51.44824038,-0.152923207,531.415,"POLYGON ((-0.1517020690036068 51.45271822550466, -0.1584047308023641 51.45152055049356, -0.1596253889558694 51.447042454699286, -0.154144166450511 51.44376230121755, -0.1474425692454042 51.444960017045915, -0.1462211300632049 51.44943784552358, -0.1517020690036068 51.45271822550466))",0,True,False,False
88194ad1c1fffff,320,320,8,0,51.437814,-0.092034186,531.415,"POLYGON ((-0.0908091474256851 51.44229050433497, -0.0975083521683761 51.44109620282196, -0.0987329113971981 51.436619444636044, -0.09325904498902 51.433337255776884, -0.0865609048037718 51.4345315990412, -0.0853355665804932 51.4390080893983, -0.0908091474256851 51.44229050433497))",0,False,False,False
88194ada09fffff,321,321,8,0,51.49326718,-0.210832937,531.415,"POLYGON ((-0.20961476629503 51.49774470967059, -0.2163248237394346 51.49654520745232, -0.2175425131016657 51.492067424553426, -0.2120509290544875 51.48878941048595, -0.2053419375392968 51.48998895247449, -0.2041234642534316 51.494466468744925, -0.20961476629503 51.49774470967059))",0,False,False,False
88194ada0bfffff,322,322,8,0,51.4855112,-0.206560233,531.415,"POLYGON ((-0.2053419375392968 51.48998895247449, -0.2120509290544875 51.48878941048595, -0.2132687433657097 51.484311404452136, -0.2077783498613771 51.48103320709604, -0.2010704240117176 51.48223278895217, -0.199851826112148 51.486710528281534, -0.2053419375392968 51.48998895247449))",0,False,False,False
88194ad24bfffff,323,323,8,0,51.51498736,0.031169823,531.415,"POLYGON ((0.0324048565876047 51.51945673461572, 0.0257011629021486 51.518273130423374, 0.0244666083797248 51.51380350494112, 0.0299349698885312 51.510517751935296, 0.0366375954450729 51.51170139932542, 0.0378729275098298 51.51617075650868, 0.0324048565876047 51.51945673461572))",0,False,False,False
88194ad21dfffff,324,324,8,0,51.48816613,0.023763405,531.415,"POLYGON ((0.0249973580469087 51.49263693240342, 0.0182965369723518 51.49145180979719, 0.0170630626640395 51.48698075751398, 0.0225296322922135 51.48369509621959, 0.0292293862815474 51.48488026203718, 0.0304636376162042 51.48935104592286, 0.0249973580469087 51.49263693240342))",0,False,False,False
88195da59bfffff,325,325,8,0,51.52220846,-0.215727996,531.415,"POLYGON ((-0.2145095415067159 51.526684828534414, -0.2212231761833129 51.52548616202899, -0.2224411495325826 51.521009539438616, -0.2169462731753284 51.517731849765894, -0.2102337054787052 51.51893055583903, -0.2090149472708635 51.52340691200183, -0.2145095415067159 51.526684828534414))",0,False,False,False
88195da415fffff,326,326,8,0,51.56607438,-0.18460364,531.415,"POLYGON ((-0.183382132908819 51.57054784794803, -0.1900997910002979 51.56935284660531, -0.1913208157194784 51.5648791240172, -0.1858249676282636 51.561600669167454, -0.1791083783429232 51.56279571033162, -0.1778865684544588 51.567269166508765, -0.183382132908819 51.57054784794803))",0,False,False,False
88195da5d3fffff,327,327,8,0,51.53563686,-0.212072097,531.415,"POLYGON ((-0.2108531070418969 51.54011251184667, -0.2175681868680137 51.53891460192059, -0.2187866948890424 51.53443869331176, -0.2132909083180519 51.53116096099235, -0.2065768959954868 51.53235891047836, -0.2053576028519322 51.53683455270851, -0.2108531070418969 51.54011251184667))",0,False,False,False
88195da43bfffff,328,328,8,0,51.56040516,-0.192541662,531.415,"POLYGON ((-0.1913208157194784 51.5648791240172, -0.1980380965113409 51.56368340534567, -0.199258460553594 51.55920919210805, -0.1937623291575788 51.55593096391057, -0.1870461169123653 51.557126722313754, -0.1858249676282636 51.561600669167454, -0.1913208157194784 51.5648791240172))",0,False,False,False
88194ada47fffff,329,329,8,0,51.50102275,-0.215106956,531.415,"POLYGON ((-0.2138889108389301 51.50550006015417, -0.2206000344762725 51.50430059760876, -0.2218175987412864 51.49982303798925, -0.2163248237394346 51.49654520745232, -0.20961476629503 51.49774470967059, -0.2083964177709122 51.50222200273762, -0.2138889108389301 51.50550006015417))",0,False,False,False
88194ada1dfffff,330,330,8,0,51.47775481,-0.202288844,531.415,"POLYGON ((-0.2010704240117176 51.48223278895217, -0.2077783498613771 51.48103320709604, -0.2089962889734612 51.47655497807185, -0.2035070856003355 51.47327659766896, -0.1968002251525713 51.47447621949, -0.1955815027872938 51.478954181733755, -0.2010704240117176 51.48223278895217))",0,False,False,False
88194adacdfffff,331,331,8,0,51.4601611,-0.181559143,531.415,"POLYGON ((-0.1803396921226141 51.46463925770522, -0.1870447983488853 51.463440271930445, -0.1882637692022197 51.458961864291666, -0.1827784161171157 51.45568270944765, -0.1760743747602198 51.45688173556875, -0.1748546217302413 51.4613598761723, -0.1803396921226141 51.46463925770522))",0,False,False,False
88195da41dfffff,332,332,8,0,51.57174238,-0.17666458,531.415,"POLYGON ((-0.175442412222878 51.576215363773265, -0.1821604473972301 51.57502107979159, -0.183382132908819 51.57054784794803, -0.1778865684544588 51.567269166508765, -0.1711696023457007 51.56846349040168, -0.1699471317375472 51.572936455807294, -0.175442412222878 51.576215363773265))",0,False,False,False
88194ad031fffff,333,333,8,0,51.43930434,-0.059769416,531.415,"POLYGON ((-0.0585421628904948 51.44377982068897, -0.0652403526187359 51.44258758255416, -0.0664671269259229 51.438111849884294, -0.0609964897227483 51.43482862339374, -0.0542993647908839 51.43602090374326, -0.0530718123771213 51.440496368353585, -0.0585421628904948 51.44377982068897))",0,False,False,False
88195da433fffff,334,334,8,0,51.55473474,-0.200478646,531.415,"POLYGON ((-0.199258460553594 51.55920919210805, -0.2059753638292461 51.55801275614, -0.2071950673100961 51.55353805234791, -0.2016986529412554 51.55026005086542, -0.194982817952714 51.55145652647535, -0.1937623291575788 51.55593096391057, -0.199258460553594 51.55920919210805))",0,False,False,False
88194adacbfffff,335,335,8,0,51.45032241,-0.165107498,531.415,"POLYGON ((-0.1638871411846876 51.454800522442646, -0.1705904929961528 51.453602171998696, -0.1718103697142086 51.44912380899049, -0.166327676167437 51.44584406362495, -0.1596253889558694 51.447042454699286, -0.1584047308023641 51.45152055049356, -0.1638871411846876 51.454800522442646))",0,True,True,False
88194ad015fffff,336,336,8,0,51.44287903,-0.039676929,531.415,"POLYGON ((-0.0384482410095934 51.44735375685458, -0.0451461069054515 51.44616290780254, -0.0463743168550024 51.44168793307023, -0.0409054386452267 51.438404075562836, -0.0342086377921596 51.43959496710627, -0.0329796502174246 51.444069673650716, -0.0384482410095934 51.44735375685458))",0,False,False,False
88194ad2e5fffff,337,337,8,0,51.46343483,0.004200329,531.415,"POLYGON ((0.0054324254105749 51.46790732187643, -0.0012662227816711 51.466720008677854, -0.0024978413330935 51.46224726270293, 0.0029684112773658 51.45896209830622, 0.0096659934157878 51.46014945454285, 0.010898388886025 51.4646219321232, 0.0054324254105749 51.46790732187643))",0,False,False,False
88194ad1cbfffff,338,338,8,0,51.43572548,-0.079862872,531.415,"POLYGON ((-0.0786370546442649 51.44020171694541, -0.0853355665804932 51.4390080893983, -0.0865609048037718 51.4345315990412, -0.0810885097895332 51.431249004147176, -0.074391062402496 51.432442673632266, -0.073164945591736 51.43691889605838, -0.0786370546442649 51.44020171694541))",0,False,False,False
88194ad05bfffff,339,339,8,0,51.45777428,-0.00372928,531.415,"POLYGON ((-0.0024978413330935 51.46224726270293, -0.0091961204915409 51.46105923377277, -0.010427081129307 51.45658599751281, -0.0049605397138955 51.453301058536475, 0.0017366736458468 51.45448913041465, 0.0029684112773658 51.45896209830622, -0.0024978413330935 51.46224726270293))",0,False,False,False
88194ada45fffff,340,340,8,0,51.50877792,-0.219382292,531.415,"POLYGON ((-0.2181643717312506 51.513255003538916, -0.2248765618253214 51.512055580568926, -0.2260940008447847 51.50757824437327, -0.2206000344762725 51.50430059760876, -0.2138889108389301 51.50550006015417, -0.2126706872247508 51.50997712987338, -0.2181643717312506 51.513255003538916))",0,False,False,False
88194ad2edfffff,341,341,8,0,51.46909417,0.012130964,531.415,"POLYGON ((0.0133637189973138 51.47356617490721, 0.0066647019885586 51.47237957747133, 0.0054324254105749 51.46790732187643, 0.010898388886025 51.4646219321232, 0.0175963395858979 51.465808572687145, 0.0188293930075901 51.47028055986134, 0.0133637189973138 51.47356617490721))",0,False,False,False
88194ada11fffff,342,342,8,0,51.46999802,-0.198018769,531.415,"POLYGON ((-0.1968002251525713 51.47447621949, -0.2035070856003355 51.47327659766896, -0.2047251493652596 51.46879814579902, -0.1992371357118915 51.46551958259122, -0.1925313404024583 51.466719244474376, -0.1913124937192865 51.47119742948794, -0.1968002251525713 51.47447621949))",0,False,False,False
88194e68a1fffff,343,343,8,0,51.53614925,0.030641183,531.415,"POLYGON ((0.0318766388247036 51.540617687809394, 0.0251704390760988 51.53943488608845, 0.0239354626071591 51.53496619761733, 0.0294059076403614 51.53168057902666, 0.0361110384705595 51.53286342384151, 0.0373467930739552 51.537331844138215, 0.0318766388247036 51.540617687809394))",0,False,False,False
88194e68adfffff,344,344,8,0,51.54390334,0.026405596,531.415,"POLYGON ((0.0276409329491476 51.54837154856381, 0.0209336640149477 51.547188789839744, 0.0196988063687779 51.54272032456002, 0.0251704390760988 51.53943488608845, 0.0318766388247036 51.540617687809394, 0.0331122749395225 51.54508588499008, 0.0276409329491476 51.54837154856381))",0,False,False,False
88194ad25dfffff,345,345,8,0,51.5072318,0.035402444,531.415,"POLYGON ((0.0366375954450729 51.51170139932542, 0.0299349698885312 51.510517751935296, 0.0287002967909802 51.50604790376115, 0.0341674719293724 51.50276197133654, 0.040869029623832 51.50394566202122, 0.0421044799300908 51.50841524182106, 0.0366375954450729 51.51170139932542))",0,False,False,False
88194ad257fffff,346,346,8,0,51.49382159,0.031698069,531.415,"POLYGON ((0.0329326804018796 51.49829190061429, 0.0262314909084132 51.497107493953465, 0.0249973580469087 51.49263693240342, 0.0304636376162042 51.48935104592286, 0.0371637597693608 51.49053549588505, 0.0383986695817422 51.495005789011515, 0.0329326804018796 51.49829190061429))",0,False,False,False
88194ad053fffff,347,347,8,0,51.45211252,-0.011657862,531.415,"POLYGON ((-0.010427081129307 51.45658599751281, -0.0171249910367978 51.45539725288228, -0.018355293873862 51.450923526432355, -0.0128884639834781 51.4476388129402, -0.0061916196195386 51.44882760042873, -0.0049605397138955 51.453301058536475, -0.010427081129307 51.45658599751281))",0,False,False,False
88195da5d9fffff,348,348,8,0,51.54906311,-0.208414592,531.415,"POLYGON ((-0.2071950673100961 51.55353805234791, -0.2139115928530877 51.55234089911573, -0.2151306358880826 51.54786570486431, -0.2096339388783573 51.544587930159516, -0.2029184813628689 51.54578512294379, -0.2016986529412554 51.55026005086542, -0.2071950673100961 51.55353805234791))",0,False,False,False
88194e68a3fffff,349,349,8,0,51.52839477,0.034875464,531.415,"POLYGON ((0.0361110384705595 51.53286342384151, 0.0294059076403614 51.53168057902666, 0.0281708124941604 51.527211667507814, 0.0336400702657213 51.52392586903864, 0.0403441324446104 51.52510875704436, 0.0415800053912685 51.52957740031347, 0.0361110384705595 51.53286342384151))",0,False,False,False
88194e69dbfffff,350,350,8,0,51.55165702,0.022168702,531.415,"POLYGON ((0.0234039202857188 51.55612500572057, 0.0166955818986804 51.55494228989637, 0.0154608432208393 51.55047404795162, 0.0209336640149477 51.547188789839744, 0.0276409329491476 51.54837154856381, 0.0288764504299948 51.55283952248485, 0.0234039202857188 51.55612500572057))",0,False,False,False
88194ad217fffff,351,351,8,0,51.47475231,0.020062626,531.415,"POLYGON ((0.0212960393225531 51.47922382166939, 0.0145966537147147 51.47803794002718, 0.0133637189973138 51.47356617490721, 0.0188293930075901 51.47028055986134, 0.0255277120515438 51.471466484721596, 0.0267614235374502 51.47593798139476, 0.0212960393225531 51.47922382166939))",0,False,False,False
88194ad1e1fffff,352,352,8,0,51.43631436,-0.124306237,531.415,"POLYGON ((-0.123083415073046 51.44079189401762, -0.1297836308663093 51.4395955279482, -0.1310059732091257 51.43511774485723, -0.1255288797512076 51.43183659541807, -0.1188297282741416 51.43303300277531, -0.117606606049971 51.43751051826879, -0.123083415073046 51.44079189401762))",0,False,False,False
88194ad1e5fffff,353,353,8,0,51.4383987,-0.136483953,531.415,"POLYGON ((-0.1352619111093051 51.44287649662158, -0.1419628178414887 51.44167945579488, -0.1431843798962777 51.43720140520888, -0.1377058156180739 51.43392066292951, -0.1310059732091257 51.43511774485723, -0.1297836308663093 51.4395955279482, -0.1352619111093051 51.44287649662158))",0,False,False,False
88195da599fffff,354,354,8,0,51.52996255,-0.220005025,531.415,"POLYGON ((-0.2187866948890424 51.53443869331176, -0.2255013968097047 51.53324006627647, -0.2267192448037577 51.52876366746696, -0.2212231761833129 51.52548616202899, -0.2145095415067159 51.526684828534414, -0.2132909083180519 51.53116096099235, -0.2187866948890424 51.53443869331176))",0,False,False,False
88194ad1ebfffff,355,355,8,0,51.43422895,-0.112130683,531.415,"POLYGON ((-0.1109070816611548 51.4387062098253, -0.117606606049971 51.43751051826879, -0.1188297282741416 51.43303300277531, -0.1133541056953167 51.4297514465232, -0.1066556456153419 51.43094717955432, -0.1054317439165107 51.43542442734789, -0.1109070816611548 51.4387062098253))",0,False,False,False
88194adac1fffff,356,356,8,0,51.45240336,-0.17729395,531.415,"POLYGON ((-0.1760743747602198 51.45688173556875, -0.1827784161171157 51.45568270944765, -0.1839975109929982 51.45120407932831, -0.1785133464653146 51.44792474242598, -0.1718103697142086 51.44912380899049, -0.1705904929961528 51.453602171998696, -0.1760743747602198 51.45688173556875))",0,False,False,False
88194ad019fffff,357,357,8,0,51.44644956,-0.019585417,531.415,"POLYGON ((-0.018355293873862 51.450923526432355, -0.0250528343133846 51.449734066132756, -0.0262824794627502 51.44525984958796, -0.0208153614272817 51.44197536164374, -0.0141188862761163 51.44316486471132, -0.0128884639834781 51.4476388129402, -0.018355293873862 51.450923526432355))",0,False,False,False
88195da593fffff,358,358,8,0,51.51653268,-0.223658945,531.415,"POLYGON ((-0.2224411495325826 51.521009539438616, -0.2291544063472392 51.519810155946494, -0.2303717199726344 51.51533304331909, -0.2248765618253214 51.512055580568926, -0.2181643717312506 51.513255003538916, -0.2169462731753284 51.517731849765894, -0.2224411495325826 51.521009539438616))",0,False,False,False
88194adad9fffff,359,359,8,0,51.44048195,-0.14866383,531.415,"POLYGON ((-0.1474425692454042 51.444960017045915, -0.154144166450511 51.44376230121755, -0.1553649478106151 51.439283983239115, -0.1498849127714648 51.43600364846633, -0.1431843798962777 51.43720140520888, -0.1419628178414887 51.44167945579488, -0.1474425692454042 51.444960017045915))",0,True,False,False
88194ada13fffff,360,360,8,0,51.46224082,-0.193750009,531.415,"POLYGON ((-0.1925313404024583 51.466719244474376, -0.1992371357118915 51.46551958259122, -0.2004553239817508 51.46104090802009, -0.1949684996368291 51.45776216224922, -0.1882637692022197 51.458961864291666, -0.1870447983488853 51.463440271930445, -0.1925313404024583 51.466719244474376))",0,False,False,False
88194ad03bfffff,361,361,8,0,51.43721272,-0.047602348,531.415,"POLYGON ((-0.0463743168550024 51.44168793307023, -0.0530718123771213 51.440496368353585, -0.0542993647908839 51.43602090374326, -0.0488301994932652 51.432737271996025, -0.0421337687584176 51.433928879113985, -0.0409054386452267 51.438404075562836, -0.0463743168550024 51.44168793307023))",0,False,False,False
88194e68b5fffff,362,362,8,0,51.52063988,0.03910844,531.415,"POLYGON ((0.0403441324446104 51.52510875704436, 0.0336400702657213 51.52392586903864, 0.0324048565876047 51.51945673461572, 0.0378729275098298 51.51617075650868, 0.0445759213045035 51.51735368780213, 0.0458119124492368 51.52182255389997, 0.0403441324446104 51.52510875704436))",0,False,False,False
88194e69d9fffff,363,363,8,0,51.55941029,0.017930501,531.415,"POLYGON ((0.0191656002759145 51.56387805889557, 0.0124561921687343 51.56269538587412, 0.0112215726049435 51.55822736740784, 0.0166955818986804 51.55494228989637, 0.0234039202857188 51.55612500572057, 0.024639318987026 51.56059275623849, 0.0191656002759145 51.56387805889557))",0,False,False,False
88194ad037fffff,364,364,8,0,51.43363588,-0.067693722,531.415,"POLYGON ((-0.0664671269259229 51.438111849884294, -0.073164945591736 51.43691889605838, -0.074391062402496 51.432442673632266, -0.0689201388392215 51.42915967305013, -0.0622233847140259 51.430352669000705, -0.0609964897227483 51.43482862339374, -0.0664671269259229 51.438111849884294))",0,False,False,False
88194ad211fffff,365,365,8,0,51.48040924,0.027995315,531.415,"POLYGON ((0.0292293862815474 51.48488026203718, 0.0225296322922135 51.48369509621959, 0.0212960393225531 51.47922382166939, 0.0267614235374502 51.47593798139476, 0.0334601107079322 51.47712319052039, 0.0346944803707114 51.48159419659772, 0.0292293862815474 51.48488026203718))",0,False,False,False
88194ad1c7fffff,366,366,8,0,51.43214245,-0.099957292,531.415,"POLYGON ((-0.0987329113971981 51.436619444636044, -0.1054317439165107 51.43542442734789, -0.1066556456153419 51.43094717955432, -0.1011814939739017 51.427665216836104, -0.0944837257557215 51.42886027578555, -0.09325904498902 51.433337255776884, -0.0987329113971981 51.436619444636044))",0,False,False,False
88194ada01fffff,367,367,8,0,51.4875894,-0.218760024,531.415,"POLYGON ((-0.2175425131016657 51.492067424553426, -0.2242521932461453 51.49086720565081, -0.2254692235618298 51.48638893301566, -0.2199773578398798 51.48311114586914, -0.2132687433657097 51.484311404452136, -0.2120509290544875 51.48878941048595, -0.2175425131016657 51.492067424553426))",0,False,False,False
88194ada03fffff,368,368,8,0,51.47983316,-0.21448638,531.415,"POLYGON ((-0.2132687433657097 51.484311404452136, -0.2199773578398798 51.48311114586914, -0.2211945132916838 51.478632650167604, -0.2157038380408426 51.475354679711124, -0.2089962889734612 51.47655497807185, -0.2077783498613771 51.48103320709604, -0.2132687433657097 51.484311404452136))",0,False,False,False
88194ada0dfffff,369,369,8,0,51.49534524,-0.223034985,531.415,"POLYGON ((-0.2218175987412864 51.49982303798925, -0.2285283448196017 51.49862285866964, -0.229745249850885 51.49414480924542, -0.2242521932461453 51.49086720565081, -0.2175425131016657 51.492067424553426, -0.2163248237394346 51.49654520745232, -0.2218175987412864 51.49982303798925))",0,False,False,False
88194adaddfffff,370,370,8,0,51.44256412,-0.160845869,531.415,"POLYGON ((-0.1596253889558694 51.447042454699286, -0.166327676167437 51.44584406362495, -0.1675476764262402 51.44136547835678, -0.1620661706859226 51.438085551437496, -0.1553649478106151 51.439283983239115, -0.154144166450511 51.44376230121755, -0.1596253889558694 51.447042454699286))",0,True,False,False
88194ad251fffff,371,371,8,0,51.49947584,0.03963376,531.415,"POLYGON ((0.040869029623832 51.50394566202122, 0.0341674719293724 51.50276197133654, 0.0329326804018796 51.49829190061429, 0.0383986695817422 51.495005789011515, 0.0450991596808967 51.496189523087544, 0.046334728083646 51.50065932536014, 0.040869029623832 51.50394566202122))",0,False,False,False
88194ad011fffff,372,372,8,0,51.4407854,-0.027511945,531.415,"POLYGON ((-0.0262824794627502 51.44525984958796, -0.0329796502174246 51.444069673650716, -0.0342086377921596 51.43959496710627, -0.0287412319413965 51.43631070477373, -0.022045126219825 51.43750092338894, -0.0208153614272817 51.44197536164374, -0.0262824794627502 51.44525984958796))",0,False,False,False
88194ad1c3fffff,373,373,8,0,51.43005487,-0.087786064,531.415,"POLYGON ((-0.0865609048037718 51.4345315990412, -0.09325904498902 51.433337255776884, -0.0944837257557215 51.42886027578555, -0.0890110451094932 51.42557790694796, -0.0823139692173663 51.426772292060285, -0.0810885097895332 51.431249004147176, -0.0865609048037718 51.4345315990412))",0,False,False,False
88194e68b7fffff,374,374,8,0,51.51288458,0.04334011,531.415,"POLYGON ((0.0445759213045035 51.51735368780213, 0.0378729275098298 51.51617075650868, 0.0366375954450729 51.51170139932542, 0.0421044799300908 51.50841524182106, 0.0488064056075522 51.50959821649907, 0.0500425148052796 51.51406730528196, 0.0445759213045035 51.51735368780213))",0,False,False,False
88194ada15fffff,375,375,8,0,51.47207651,-0.21021405,531.415,"POLYGON ((-0.2089962889734612 51.47655497807185, -0.2157038380408426 51.475354679711124, -0.2169211184805713 51.47087596108782, -0.2114316332893114 51.4675978075633, -0.2047251493652596 51.46879814579902, -0.2035070856003355 51.47327659766896, -0.2089962889734612 51.47655497807185))",0,False,False,False
88194ada6bfffff,376,376,8,0,51.50310067,-0.227311262,531.415,"POLYGON ((-0.2260940008447847 51.50757824437327, -0.2328058131205592 51.50637810453922, -0.2340225927190165 51.50190027847043, -0.2285283448196017 51.49862285866964, -0.2218175987412864 51.49982303798925, -0.2206000344762725 51.50430059760876, -0.2260940008447847 51.50757824437327))",0,False,False,False
88194ad219fffff,377,377,8,0,51.48606497,0.03592903,531.415,"POLYGON ((0.0371637597693608 51.49053549588505, 0.0304636376162042 51.48935104592286, 0.0292293862815474 51.48488026203718, 0.0346944803707114 51.48159419659772, 0.0413935354501251 51.482778689957925, 0.0426285634023866 51.48724920534468, 0.0371637597693608 51.49053549588505))",0,False,False,False
88195da591fffff,378,378,8,0,51.52428703,-0.227936915,531.415,"POLYGON ((-0.2267192448037577 51.52876366746696, -0.2334335686029396 51.52756432335516, -0.2346507566856775 51.523087434440384, -0.2291544063472392 51.519810155946494, -0.2224411495325826 51.521009539438616, -0.2212231761833129 51.52548616202899, -0.2267192448037577 51.52876366746696))",0,False,False,False
88194adac5fffff,379,379,8,0,51.45448322,-0.189482562,531.415,"POLYGON ((-0.1882637692022197 51.458961864291666, -0.1949684996368291 51.45776216224922, -0.1961868122638365 51.45328326512161, -0.1907011768162445 51.45000433702947, -0.1839975109929982 51.45120407932831, -0.1827784161171157 51.45568270944765, -0.1882637692022197 51.458961864291666))",0,False,False,False
88194adac3fffff,380,380,8,0,51.44464521,-0.173030068,531.415,"POLYGON ((-0.1718103697142086 51.44912380899049, -0.1785133464653146 51.44792474242598, -0.1797325652162476 51.44344588997079, -0.1742495888350693 51.440166371251884, -0.1675476764262402 51.44136547835678, -0.166327676167437 51.44584406362495, -0.1718103697142086 51.44912380899049))",0,True,True,False
88194ad033fffff,381,381,8,0,51.4315452,-0.055526738,531.415,"POLYGON ((-0.0542993647908839 51.43602090374326, -0.0609964897227483 51.43482862339374, -0.0622233847140259 51.430352669000705, -0.0567539326582355 51.427069263077286, -0.0500578722580829 51.428261585738056, -0.0488301994932652 51.432737271996025, -0.0542993647908839 51.43602090374326))",0,False,False,False
88194ad2e7fffff,382,382,8,0,51.45567674,0.008433778,531.415,"POLYGON ((0.0096659934157878 51.46014945454285, 0.0029684112773658 51.45896209830622, 0.0017366736458468 51.45448913041465, 0.0072017414553406 51.45120378721472, 0.0138982578057592 51.45239118658593, 0.0151307720231297 51.45686388600757, 0.0096659934157878 51.46014945454285))",0,False,False,False
88194e68a9fffff,383,383,8,0,51.54180003,0.038582728,531.415,"POLYGON ((0.0398188434743786 51.546267970314034, 0.0331122749395225 51.54508588499008, 0.0318766388247036 51.540617687809394, 0.0373467930739552 51.537331844138215, 0.0440522924347771 51.538513972646015, 0.0452887066083064 51.542981901626256, 0.0398188434743786 51.546267970314034))",0,False,False,False
88195da437fffff,384,384,8,0,51.55681586,-0.212692371,531.415,"POLYGON ((-0.2114729715027703 51.561290572969014, -0.2181905653378305 51.560093459191165, -0.2194094830956334 51.5556184891453, -0.2139115928530877 51.55234089911573, -0.2071950673100961 51.55353805234791, -0.2059753638292461 51.55801275614, -0.2114729715027703 51.561290572969014))",0,False,False,False
88194ad2e1fffff,385,385,8,0,51.46133635,0.016363466,531.415,"POLYGON ((0.0175963395858979 51.465808572687145, 0.010898388886025 51.4646219321232, 0.0096659934157878 51.46014945454285, 0.0151307720231297 51.45686388600757, 0.0218276566800857 51.45805056979611, 0.0230608286610622 51.46252277888043, 0.0175963395858979 51.465808572687145))",0,False,False,False
88194e68e7fffff,386,386,8,0,51.54955384,0.034348091,531.415,"POLYGON ((0.0355840884062139 51.55402156472202, 0.0288764504299948 51.55283952248485, 0.0276409329491476 51.54837154856381, 0.0331122749395225 51.54508588499008, 0.0398188434743786 51.546267970314034, 0.04105513934813 51.550735676109994, 0.0355840884062139 51.55402156472202))",0,False,False,False
88194e68abfffff,387,387,8,0,51.53404581,0.042816059,531.415,"POLYGON ((0.0440522924347771 51.538513972646015, 0.0373467930739552 51.537331844138215, 0.0361110384705595 51.53286342384151, 0.0415800053912685 51.52957740031347, 0.0482844358453659 51.53075957210205, 0.0495209681734365 51.53522772412298, 0.0440522924347771 51.538513972646015))",0,False,False,False
88194ad2adfffff,388,388,8,0,51.45001593,0.000505116,531.415,"POLYGON ((0.0017366736458468 51.45448913041465, -0.0049605397138955 51.453301058536475, -0.0061916196195386 51.44882760042873, -0.0007262629377753 51.44554248262799, 0.0059698848888765 51.44673059755073, 0.0072017414553406 51.45120378721472, 0.0017366736458468 51.45448913041465))",0,False,False,False
88194ada17fffff,389,389,8,0,51.46431946,-0.205943035,531.415,"POLYGON ((-0.2047251493652596 51.46879814579902, -0.2114316332893114 51.4675978075633, -0.2126490385689025 51.46311886616286, -0.2071607430258603 51.4598405298122, -0.2004553239817508 51.46104090802009, -0.1992371357118915 51.46551958259122, -0.2047251493652596 51.46879814579902))",0,False,False,False
88194ada69fffff,390,390,8,0,51.51085569,-0.231588856,531.415,"POLYGON ((-0.2303717199726344 51.51533304331909, -0.2370845987095838 51.514132942873076, -0.2383012527266778 51.509655340304185, -0.2328058131205592 51.50637810453922, -0.2260940008447847 51.50757824437327, -0.2248765618253214 51.512055580568926, -0.2303717199726344 51.51533304331909))",0,False,False,False
88194ad2e9fffff,391,391,8,0,51.46699475,0.02429418,531.415,"POLYGON ((0.0255277120515438 51.471466484721596, 0.0188293930075901 51.47028055986134, 0.0175963395858979 51.465808572687145, 0.0230608286610622 51.46252277888043, 0.0297580814072412 51.46370874705531, 0.0309919112644281 51.46818046570737, 0.0255277120515438 51.471466484721596))",0,False,False,False
88194ad017fffff,392,392,8,0,51.43512002,-0.035437446,531.415,"POLYGON ((-0.0342086377921596 51.43959496710627, -0.0409054386452267 51.438404075562836, -0.0421337687584176 51.433928879113985, -0.0366660754220676 51.43064484245687, -0.0299703393467937 51.43183577658819, -0.0287412319413965 51.43631070477373, -0.0342086377921596 51.43959496710627))",0,False,False,False
88194ad1ddfffff,393,393,8,0,51.42796621,-0.075617,531.415,"POLYGON ((-0.074391062402496 51.432442673632266, -0.0810885097895332 51.431249004147176, -0.0823139692173663 51.426772292060285, -0.0768427596236668 51.423489517450115, -0.0701463765213668 51.42468322896985, -0.0689201388392215 51.42915967305013, -0.074391062402496 51.432442673632266))",0,False,False,False
88194ad1e7fffff,394,394,8,0,51.43063972,-0.132228137,531.415,"POLYGON ((-0.1310059732091257 51.43511774485723, -0.1377058156180739 51.43392066292951, -0.1389275003985698 51.42944239037992, -0.1334501228355591 51.42616146731369, -0.1267513444860342 51.427358590439255, -0.1255288797512076 51.43183659541807, -0.1310059732091257 51.43511774485723))",0,False,False,False
88194e68e5fffff,395,395,8,0,51.55730726,0.030112148,531.415,"POLYGON ((0.0313480266720482 51.56177475548589, 0.024639318987026 51.56059275623849, 0.0234039202857188 51.55612500572057, 0.0288764504299948 51.55283952248485, 0.0355840884062139 51.55402156472202, 0.0368202658348188 51.55848904719017, 0.0313480266720482 51.56177475548589))",0,False,False,False
88194ad1e3fffff,396,396,8,0,51.42855525,-0.120052672,531.415,"POLYGON ((-0.1188297282741416 51.43303300277531, -0.1255288797512076 51.43183659541807, -0.1267513444860342 51.427358590439255, -0.1212754374026884 51.42407726047581, -0.1145773499779149 51.425273709217635, -0.1133541056953167 51.4297514465232, -0.1188297282741416 51.43303300277531))",0,False,False,False
88194e68bdfffff,397,397,8,0,51.52629118,0.047048084,531.415,"POLYGON ((0.0482844358453659 51.53075957210205, 0.0415800053912685 51.52957740031347, 0.0403441324446104 51.52510875704436, 0.0458119124492368 51.52182255389997, 0.052515274263823 51.523004769066226, 0.0537519246013049 51.5274731439843, 0.0482844358453659 51.53075957210205))",0,False,False,False
88194ad259fffff,398,398,8,0,51.50512889,0.047570477,531.415,"POLYGON ((0.0488064056075522 51.50959821649907, 0.0421044799300908 51.50841524182106, 0.040869029623832 51.50394566202122, 0.046334728083646 51.50065932536014, 0.0530355859107763 51.501842343519456, 0.0542718130165638 51.506311654843635, 0.0488064056075522 51.50959821649907))",0,False,False,False
88194ad2a5fffff,399,399,8,0,51.44435391,-0.00742252,531.415,"POLYGON ((-0.0061916196195386 51.44882760042873, -0.0128884639834781 51.4476388129402, -0.0141188862761163 51.44316486471132, -0.00865324105193 51.43987997237364, -0.0019574619660973 51.4410688028167, -0.0007262629377753 51.44554248262799, -0.0061916196195386 51.44882760042873))",0,False,False,False
88194ad253fffff,400,400,8,0,51.49171948,0.043863771,531.415,"POLYGON ((0.0450991596808967 51.496189523087544, 0.0383986695817422 51.495005789011515, 0.0371637597693608 51.49053549588505, 0.0426285634023866 51.48724920534468, 0.0493279861729327 51.48843298290876, 0.0505636725272568 51.492903007510286, 0.0450991596808967 51.496189523087544))",0,False,False,False
88194adadbfffff,401,401,8,0,51.43272312,-0.144405764,531.415,"POLYGON ((-0.1431843798962777 51.43720140520888, -0.1498849127714648 51.43600364846633, -0.1511058171911276 51.43152510844852, -0.1456269692075463 51.42824459262634, -0.1389275003985698 51.42944239037992, -0.1377058156180739 51.43392066292951, -0.1431843798962777 51.43720140520888))",0,False,False,False
88194ad213fffff,402,402,8,0,51.47265195,0.032225921,531.415,"POLYGON ((0.0334601107079322 51.47712319052039, 0.0267614235374502 51.47593798139476, 0.0255277120515438 51.471466484721596, 0.0309919112644281 51.46818046570737, 0.0376895318823897 51.46936571823766, 0.0389240197283524 51.473836946362624, 0.0334601107079322 51.47712319052039))",0,False,False,False
88194ad18dfffff,403,403,8,0,51.42646969,-0.107879369,531.415,"POLYGON ((-0.1066556456153419 51.43094717955432, -0.1133541056953167 51.4297514465232, -0.1145773499779149 51.425273709217635, -0.109102913432874 51.42199197270371, -0.1024055173977077 51.42318774730613, -0.1011814939739017 51.427665216836104, -0.1066556456153419 51.43094717955432))",0,False,False,False
88195da59dfffff,404,404,8,0,51.53204097,-0.232216202,531.415,"POLYGON ((-0.2309986581059559 51.53651738723781, -0.2377140491536078 51.535318082408644, -0.2389311115449918 51.530841417350835, -0.2334335686029396 51.52756432335516, -0.2267192448037577 51.52876366746696, -0.2255013968097047 51.53324006627647, -0.2309986581059559 51.53651738723781))",0,False,False,False
88194adac7fffff,405,405,8,0,51.44672521,-0.185216428,531.415,"POLYGON ((-0.1839975109929982 51.45120407932831, -0.1907011768162445 51.45000433702947, -0.1919196136527295 51.445525217490115, -0.1864351666915243 51.442246107318525, -0.1797325652162476 51.44344588997079, -0.1785133464653146 51.44792474242598, -0.1839975109929982 51.45120407932831))",0,False,False,False
88194adad1fffff,406,406,8,0,51.43480543,-0.156585551,531.415,"POLYGON ((-0.1553649478106151 51.439283983239115, -0.1620661706859226 51.438085551437496, -0.1632862943382807 51.433606744054075, -0.1578059759937244 51.4303266358227, -0.1511058171911276 51.43152510844852, -0.1498849127714648 51.43600364846633, -0.1553649478106151 51.439283983239115))",0,False,False,False
88194adae9fffff,407,407,8,0,51.456562,-0.201673334,531.415,"POLYGON ((-0.2004553239817508 51.46104090802009, -0.2071607430258603 51.4598405298122, -0.2083782729973383 51.45536136577932, -0.2028911666913646 51.45208284684434, -0.1961868122638365 51.45328326512161, -0.1949684996368291 51.45776216224922, -0.2004553239817508 51.46104090802009))",0,False,False,False
88195da597fffff,408,408,8,0,51.51861031,-0.235867767,531.415,"POLYGON ((-0.2346507566856775 51.523087434440384, -0.2413647021475329 51.52188737328484, -0.2425812304346038 51.51740999436029, -0.2370845987095838 51.514132942873076, -0.2303717199726344 51.51533304331909, -0.2291544063472392 51.519810155946494, -0.2346507566856775 51.523087434440384))",0,False,False,False
88194e68b1fffff,409,409,8,0,51.51853616,0.051278804,531.415,"POLYGON ((0.052515274263823 51.523004769066226, 0.0458119124492368 51.52182255389997, 0.0445759213045035 51.51735368780213, 0.0500425148052796 51.51406730528196, 0.0567448082475435 51.51524956392272, 0.0579815764493925 51.519718161594255, 0.052515274263823 51.523004769066226))",0,False,False,False
88194ad01bfffff,410,410,8,0,51.43869068,-0.015349129,531.415,"POLYGON ((-0.0141188862761163 51.44316486471132, -0.0208153614272817 51.44197536164374, -0.022045126219825 51.43750092338894, -0.0165791927829646 51.434216256578104, -0.0098837826548721 51.43540580251016, -0.00865324105193 51.43987997237364, -0.0141188862761163 51.44316486471132))",0,False,False,False
88194ada07fffff,411,411,8,0,51.48191042,-0.226686076,531.415,"POLYGON ((-0.2254692235618298 51.48638893301566, -0.2321785261908298 51.485187997461615, -0.2333948975753004 51.480709235185884, -0.2279027505093528 51.47743167502309, -0.2211945132916838 51.478632650167604, -0.2199773578398798 51.48311114586914, -0.2254692235618298 51.48638893301566))",0,False,False,False
88194ada05fffff,412,412,8,0,51.48966652,-0.230961977,531.415,"POLYGON ((-0.229745249850885 51.49414480924542, -0.2364556181545958 51.49294391318452, -0.2376718640675707 51.4884653740512, -0.2321785261908298 51.485187997461615, -0.2254692235618298 51.48638893301566, -0.2242521932461453 51.49086720565081, -0.229745249850885 51.49414480924542))",0,False,False,False
88194ad189fffff,413,413,8,0,51.42438306,-0.095708228,531.415,"POLYGON ((-0.0944837257557215 51.42886027578555, -0.1011814939739017 51.427665216836104, -0.1024055173977077 51.42318774730613, -0.0969325514490756 51.419905604588436, -0.0902358472678975 51.42110070529588, -0.0890110451094932 51.42557790694796, -0.0944837257557215 51.42886027578555))",0,False,False,False
88194ad21bfffff,414,414,8,0,51.47830794,0.040158688,531.415,"POLYGON ((0.0413935354501251 51.482778689957925, 0.0346944803707114 51.48159419659772, 0.0334601107079322 51.47712319052039, 0.0389240197283524 51.473836946362624, 0.0456220080005148 51.475021483217496, 0.0468571539477998 51.479492220720594, 0.0413935354501251 51.482778689957925))",0,False,False,False
88194ad0edfffff,415,415,8,0,51.42945345,-0.04336192,531.415,"POLYGON ((-0.0421337687584176 51.433928879113985, -0.0488301994932652 51.432737271996025, -0.0500578722580829 51.428261585738056, -0.0445898917657767 51.42497777482009, -0.0378945255533678 51.42616942443591, -0.0366660754220676 51.43064484245687, -0.0421337687584176 51.433928879113985))",0,False,False,False
88194ad1d9fffff,416,416,8,0,51.42587648,-0.063450101,531.415,"POLYGON ((-0.0622233847140259 51.430352669000705, -0.0689201388392215 51.42915967305013, -0.0701463765213668 51.42468322896985, -0.0646766380369931 51.421400048933826, -0.0579809481878543 51.42259308710566, -0.0567539326582355 51.427069263077286, -0.0622233847140259 51.430352669000705))",0,False,False,False
88194ada39fffff,417,417,8,0,51.47415392,-0.222411491,531.415,"POLYGON ((-0.2211945132916838 51.478632650167604, -0.2279027505093528 51.47743167502309, -0.2291192472169817 51.472952689749555, -0.2236282905502426 51.46967494625547, -0.2169211184805713 51.47087596108782, -0.2157038380408426 51.475354679711124, -0.2211945132916838 51.478632650167604))",0,False,False,False
88194ada63fffff,418,418,8,0,51.49742221,-0.235239194,531.415,"POLYGON ((-0.2340225927190165 51.50190027847043, -0.2407340269608892 51.500699421805216, -0.2419501472538986 51.49622110595888, -0.2364556181545958 51.49294391318452, -0.229745249850885 51.49414480924542, -0.2285283448196017 51.49862285866964, -0.2340225927190165 51.50190027847043))",0,False,False,False
88194adad5fffff,419,419,8,0,51.43688666,-0.168767499,531.415,"POLYGON ((-0.1675476764262402 51.44136547835678, -0.1742495888350693 51.440166371251884, -0.1754689313136572 51.43568729660559, -0.1699871426682685 51.43240759631186, -0.1632862943382807 51.433606744054075, -0.1620661706859226 51.438085551437496, -0.1675476764262402 51.44136547835678))",0,False,False,False
88194ad25bfffff,420,420,8,0,51.49737279,0.051799539,531.415,"POLYGON ((0.0530355859107763 51.501842343519456, 0.046334728083646 51.50065932536014, 0.0450991596808967 51.496189523087544, 0.0505636725272568 51.492903007510286, 0.057263462771015 51.4940860692476, 0.0584998076399379 51.49855560296929, 0.0530355859107763 51.501842343519456))",0,False,False,False
88194ada3bfffff,421,421,8,0,51.46639701,-0.218138221,531.415,"POLYGON ((-0.2169211184805713 51.47087596108782, -0.2236282905502426 51.46967494625547, -0.2248449124327949 51.465195738128784, -0.2193551457538685 51.46191781154543, -0.2126490385689025 51.46311886616286, -0.2114316332893114 51.4675978075633, -0.2169211184805713 51.47087596108782))",0,False,False,False
88194ada61fffff,422,422,8,0,51.5051775,-0.239517729,531.415,"POLYGON ((-0.2383012527266778 51.509655340304185, -0.2450137531702151 51.50845452293719, -0.2462297476946404 51.50397643052238, -0.2407340269608892 51.500699421805216, -0.2340225927190165 51.50190027847043, -0.2328058131205592 51.50637810453922, -0.2383012527266778 51.509655340304185))",0,False,False,False
88194ad013fffff,423,423,8,0,51.43302625,-0.023274712,531.415,"POLYGON ((-0.022045126219825 51.43750092338894, -0.0287412319413965 51.43631070477373, -0.0299703393467937 51.43183577658819, -0.0245041180269313 51.428551335368034, -0.0178090770733537 51.42974159675768, -0.0165791927829646 51.434216256578104, -0.022045126219825 51.43750092338894))",0,False,False,False
88194e68b3fffff,424,424,8,0,51.51078073,0.05550822,531.415,"POLYGON ((0.0567448082475435 51.51524956392272, 0.0500425148052796 51.51406730528196, 0.0488064056075522 51.50959821649907, 0.0542718130165638 51.506311654843635, 0.0609730383536034 51.507493957055694, 0.0622099242749275 51.51196277733698, 0.0567448082475435 51.51524956392272))",0,False,False,False
88194ad1d5fffff,425,425,8,0,51.42229534,-0.08353925,531.415,"POLYGON ((-0.0823139692173663 51.426772292060285, -0.0890110451094932 51.42557790694796, -0.0902358472678975 51.42110070529588, -0.0847643519732986 51.417818156721175, -0.0780683401100249 51.419012583778084, -0.0768427596236668 51.423489517450115, -0.0823139692173663 51.426772292060285))",0,False,False,False
88194e68e3fffff,426,426,8,0,51.54744959,0.046525301,531.415,"POLYGON ((0.0477620764507129 51.5519170450066, 0.04105513934813 51.550735676109994, 0.0398188434743786 51.546267970314034, 0.0452887066083064 51.542981901626256, 0.0519945742813043 51.544163313796595, 0.0532316481378514 51.548630751366076, 0.0477620764507129 51.5519170450066))",0,False,False,False
88194e6885fffff,427,427,8,0,51.53969564,0.050757681,531.415,"POLYGON ((0.0519945742813043 51.544163313796595, 0.0452887066083064 51.542981901626256, 0.0440522924347771 51.538513972646015, 0.0495209681734365 51.53522772412298, 0.0562257666843299 51.53640917966406, 0.057462958506573 51.540876840342506, 0.0519945742813043 51.544163313796595))",0,False,False,False
88194e6d25fffff,428,428,8,0,51.48396272,0.04809248,531.415,"POLYGON ((0.0493279861729327 51.48843298290876, 0.0426285634023866 51.48724920534468, 0.0413935354501251 51.482778689957925, 0.0468571539477998 51.479492220720594, 0.053555509656384 51.48067604186933, 0.0547913138175092 51.485146288655876, 0.0493279861729327 51.48843298290876))",0,False,False,False
88194adaebfffff,429,429,8,0,51.44880413,-0.197404947,531.415,"POLYGON ((-0.1961868122638365 51.45328326512161, -0.2028911666913646 51.45208284684434, -0.2041088212068916 51.447603460323755, -0.1986229037269654 51.44432475904639, -0.1919196136527295 51.445525217490115, -0.1907011768162445 51.45000433702947, -0.1961868122638365 51.45328326512161))",0,False,False,False
88195da595fffff,430,430,8,0,51.52636451,-0.240147996,531.415,"POLYGON ((-0.2389311115449918 51.530841417350835, -0.2456461239955151 51.529641395388154, -0.2468625264038206 51.5251642402523, -0.2413647021475329 51.52188737328484, -0.2346507566856775 51.523087434440384, -0.2334335686029396 51.52756432335516, -0.2389311115449918 51.530841417350835))",0,False,False,False
88194ad2e3fffff,431,431,8,0,51.45357812,0.020594664,531.415,"POLYGON ((0.0218276566800857 51.45805056979611, 0.0151307720231297 51.45686388600757, 0.0138982578057592 51.45239118658593, 0.0193618519558694 51.44910543950935, 0.0260576708358141 51.45029216661903, 0.0272909612311278 51.45476459746927, 0.0218276566800857 51.45805056979611))",0,False,False,False
88194e68e1fffff,432,432,8,0,51.55520314,0.042291616,531.415,"POLYGON ((0.0435282726345173 51.55967037291004, 0.0368202658348188 51.55848904719017, 0.0355840884062139 51.55402156472202, 0.04105513934813 51.550735676109994, 0.0477620764507129 51.5519170450066, 0.0489990321963388 51.55638425932358, 0.0435282726345173 51.55967037291004))",0,False,False,False
88194ad2a9fffff,433,433,8,0,51.44791825,0.012665923,531.415,"POLYGON ((0.0138982578057592 51.45239118658593, 0.0072017414553406 51.45120378721472, 0.0059698848888765 51.44673059755073, 0.0114337683082139 51.44344507578833, 0.0181292191363082 51.44463251839065, 0.0193618519558694 51.44910543950935, 0.0138982578057592 51.45239118658593))",0,False,False,False
88194ad2ebfffff,434,434,8,0,51.45923679,0.028524431,531.415,"POLYGON ((0.0297580814072412 51.46370874705531, 0.0230608286610622 51.46252277888043, 0.0218276566800857 51.45805056979611, 0.0272909612311278 51.45476459746927, 0.0339871479456539 51.45595060905533, 0.0352210960292415 51.46042254954217, 0.0297580814072412 51.46370874705531))",0,False,False,False
88194e6887fffff,435,435,8,0,51.53194128,0.054988755,531.415,"POLYGON ((0.0562257666843299 51.53640917966406, 0.0495209681734365 51.53522772412298, 0.0482844358453659 51.53075957210205, 0.0537519246013049 51.5274731439843, 0.0604556542174679 51.528654642992976, 0.0616929638603802 51.5331225266369, 0.0562257666843299 51.53640917966406))",0,False,False,False
88194ada89fffff,436,436,8,0,51.4389668,-0.180951606,531.415,"POLYGON ((-0.1797325652162476 51.44344588997079, -0.1864351666915243 51.442246107318525, -0.1876537275899492 51.43776676551215, -0.1821704687043264 51.4344874735029, -0.1754689313136572 51.43568729660559, -0.1742495888350693 51.440166371251884, -0.1797325652162476 51.44344588997079))",0,False,False,False
88194adaedfffff,437,437,8,0,51.45863969,-0.213866266,531.415,"POLYGON ((-0.2126490385689025 51.46311886616286, -0.2193551457538685 51.46191781154543, -0.2205718926631906 51.45743838071029, -0.2150833155608245 51.45416027127958, -0.2083782729973383 51.45536136577932, -0.2071607430258603 51.4598405298122, -0.2126490385689025 51.46311886616286))",0,False,False,False
88194ad2a1fffff,438,438,8,0,51.44225717,0.004738208,531.415,"POLYGON ((0.0059698848888765 51.44673059755073, -0.0007262629377753 51.44554248262799, -0.0019574619660973 51.4410688028167, 0.0035067103926827 51.43778350643241, 0.0102017929517887 51.43897166449622, 0.0114337683082139 51.44344507578833, 0.0059698848888765 51.44673059755073))",0,False,False,False
88194ad1a9fffff,439,439,8,0,51.42288035,-0.127973631,531.415,"POLYGON ((-0.1267513444860342 51.427358590439255, -0.1334501228355591 51.42616146731369, -0.1346719301950113 51.421682972945234, -0.1291957389367778 51.41840186933375, -0.1224980243829317 51.41959903375387, -0.1212754374026884 51.42407726047581, -0.1267513444860342 51.427358590439255))",0,False,False,False
88194ad0e5fffff,440,440,8,0,51.42378566,-0.051285366,531.415,"POLYGON ((-0.0500578722580829 51.428261585738056, -0.0567539326582355 51.427069263077286, -0.0579809481878543 51.42259308710566, -0.0525126808691248 51.41930950199047, -0.0458176847360015 51.42050186705908, -0.0445898917657767 51.42497777482009, -0.0500578722580829 51.428261585738056))",0,False,False,False
88194ada6dfffff,441,441,8,0,51.51293238,-0.243797581,531.415,"POLYGON ((-0.2425812304346038 51.51740999436029, -0.2492947973433896 51.51620921619394, -0.2505106659505359 51.51173134735508, -0.2450137531702151 51.50845452293719, -0.2383012527266778 51.509655340304185, -0.2370845987095838 51.514132942873076, -0.2425812304346038 51.51740999436029))",0,False,False,False
88194ad1adfffff,442,442,8,0,51.42496388,-0.140149007,531.415,"POLYGON ((-0.1389275003985698 51.42944239037992, -0.1456269692075463 51.42824459262634, -0.146847996539829 51.42376583071386, -0.1413703352013826 51.42048513408383, -0.1346719301950113 51.421682972945234, -0.1334501228355591 51.42616146731369, -0.1389275003985698 51.42944239037992))",0,False,False,False
88194ad2c5fffff,443,443,8,0,51.46489425,0.036455224,531.415,"POLYGON ((0.0376895318823897 51.46936571823766, 0.0309919112644281 51.46818046570737, 0.0297580814072412 51.46370874705531, 0.0352210960292415 51.46042254954217, 0.0419176503609131 51.46160784557364, 0.0431522562452824 51.46607929560218, 0.0376895318823897 51.46936571823766))",0,False,False,False
88194e68edfffff,444,444,8,0,51.56295629,0.038056624,531.415,"POLYGON ((0.039293162274411 51.56742329712303, 0.0325840855100266 51.56624201448277, 0.0313480266720482 51.56177475548589, 0.0368202658348188 51.55848904719017, 0.0435282726345173 51.55967037291004, 0.0447651101239314 51.56413736383107, 0.039293162274411 51.56742329712303))",0,False,False,False
88194ad185fffff,445,445,8,0,51.42079573,-0.115800416,531.415,"POLYGON ((-0.1145773499779149 51.425273709217635, -0.1212754374026884 51.42407726047581, -0.1224980243829317 51.41959903375387, -0.1170233032638531 51.416317523507615, -0.1103262796275046 51.417514013730695, -0.109102913432874 51.42199197270371, -0.1145773499779149 51.425273709217635))",0,False,False,False
88194e68b9fffff,446,446,8,0,51.52418652,0.059218525,531.415,"POLYGON ((0.0604556542174679 51.528654642992976, 0.0537519246013049 51.5274731439843, 0.052515274263823 51.523004769066226, 0.0579815764493925 51.519718161594255, 0.0646842374381796 51.52089970416739, 0.0659216647567794 51.52536781063315, 0.0604556542174679 51.528654642992976))",0,False,False,False
88194adad3fffff,447,447,8,0,51.42704633,-0.152326543,531.415,"POLYGON ((-0.1511058171911276 51.43152510844852, -0.1578059759937244 51.4303266358227, -0.1590262228925312 51.42584760646879, -0.1535470915332634 51.42256731716698, -0.146847996539829 51.42376583071386, -0.1456269692075463 51.42824459262634, -0.1511058171911276 51.43152510844852))",0,False,False,False
88194ad0e9fffff,448,448,8,0,51.42736061,-0.031199268,531.415,"POLYGON ((-0.0299703393467937 51.43183577658819, -0.0366660754220676 51.43064484245687, -0.0378945255533678 51.42616942443591, -0.0324280166800626 51.422885208870156, -0.0257333451176382 51.42407618568588, -0.0245041180269313 51.428551335368034, -0.0299703393467937 51.43183577658819))",0,False,False,False
88194ad1d1fffff,449,449,8,0,51.42020655,-0.071372435,531.415,"POLYGON ((-0.0701463765213668 51.42468322896985, -0.0768427596236668 51.423489517450115, -0.0780683401100249 51.419012583778084, -0.0725983155265893 51.41572962969302, -0.065902996444672 51.416923383344006, -0.0646766380369931 51.421400048933826, -0.0701463765213668 51.42468322896985))",0,False,False,False
88194e6d65fffff,450,450,8,0,51.5030249,0.059736333,531.415,"POLYGON ((0.0609730383536034 51.507493957055694, 0.0542718130165638 51.506311654843635, 0.0530355859107763 51.501842343519456, 0.0584998076399379 51.49855560296929, 0.0651999651388367 51.499737948849344, 0.066436968634845 51.504206991596675, 0.0609730383536034 51.507493957055694))",0,False,False,False
88194ad2a7fffff,451,451,8,0,51.43659489,-0.003188482,531.415,"POLYGON ((-0.0019574619660973 51.4410688028167, -0.00865324105193 51.43987997237364, -0.0098837826548721 51.43540580251016, -0.004419321686342 51.43212073156787, 0.0022753923867686 51.43330960506194, 0.0035067103926827 51.43778350643241, -0.0019574619660973 51.4410688028167))",0,False,False,False
88194e6d2dfffff,452,452,8,0,51.4896163,0.056027298,531.415,"POLYGON ((0.057263462771015 51.4940860692476, 0.0505636725272568 51.492903007510286, 0.0493279861729327 51.48843298290876, 0.0547913138175092 51.485146288655876, 0.0614900367446663 51.486329394067845, 0.0627264992320335 51.49079915004318, 0.057263462771015 51.4940860692476))",0,False,False,False
88194ad2cdfffff,453,453,8,0,51.47055051,0.044387042,531.415,"POLYGON ((0.0456220080005148 51.475021483217496, 0.0389240197283524 51.473836946362624, 0.0376895318823897 51.46936571823766, 0.0431522562452824 51.46607929560218, 0.0498491779765789 51.46726387604827, 0.0510844417741525 51.471734835523726, 0.0456220080005148 51.475021483217496))",0,False,False,False
88194ad181fffff,454,454,8,0,51.41871004,-0.103629362,531.415,"POLYGON ((-0.1024055173977077 51.42318774730613, -0.109102913432874 51.42199197270371, -0.1103262796275046 51.417514013730695, -0.1048530287059768 51.41423209719638, -0.0981566964516439 51.415427913466736, -0.0969325514490756 51.419905604588436, -0.1024055173977077 51.42318774730613))",0,False,False,False
88194adad7fffff,455,455,8,0,51.4291277,-0.16450624,531.415,"POLYGON ((-0.1632862943382807 51.433606744054075, -0.1699871426682685 51.43240759631186, -0.1712066087272631 51.42792829961921, -0.1657260074071019 51.424648417992366, -0.1590262228925312 51.42584760646879, -0.1578059759937244 51.4303266358227, -0.1632862943382807 51.433606744054075))",0,False,False,False
88194ada3dfffff,456,456,8,0,51.47623024,-0.234611091,531.415,"POLYGON ((-0.2333948975753004 51.480709235185884, -0.2401038224734407 51.47950758301345, -0.2413195350421244 51.47502833119293, -0.2358271069628074 51.47175099807648, -0.2291192472169817 51.472952689749555, -0.2279027505093528 51.47743167502309, -0.2333948975753004 51.480709235185884))",0,False,False,False
88194ada8dfffff,457,457,8,0,51.44104586,-0.193137873,531.415,"POLYGON ((-0.1919196136527295 51.445525217490115, -0.1986229037269654 51.44432475904639, -0.1998406826388259 51.439845150182855, -0.1943559535740896 51.436566266804945, -0.1876537275899492 51.43776676551215, -0.1864351666915243 51.442246107318525, -0.1919196136527295 51.445525217490115))",0,False,False,False
88194ada29fffff,458,458,8,0,51.49174255,-0.24316609,531.415,"POLYGON ((-0.2419501472538986 51.49622110595888, -0.2486612032463672 51.49501953249557, -0.2498766643494787 51.49054072696736, -0.2443818543812382 51.48726376128205, -0.2376718640675707 51.4884653740512, -0.2364556181545958 51.49294391318452, -0.2419501472538986 51.49622110595888))",0,False,False,False
88195da583fffff,459,459,8,0,51.53411831,-0.244429544,531.415,"POLYGON ((-0.2432127851119262 51.5385949916642, -0.2499288648149867 51.53739500879664, -0.2511451411956621 51.53291807759383, -0.2456461239955151 51.529641395388154, -0.2389311115449918 51.530841417350835, -0.2377140491536078 51.535318082408644, -0.2432127851119262 51.5385949916642))",0,False,False,False
88194adae1fffff,460,460,8,0,51.45088196,-0.209595625,531.415,"POLYGON ((-0.2083782729973383 51.45536136577932, -0.2150833155608245 51.45416027127958, -0.2163001873489314 51.44968061788076, -0.210812799412057 51.446402325844616, -0.2041088212068916 51.447603460323755, -0.2028911666913646 51.45208284684434, -0.2083782729973383 51.45536136577932))",0,False,False,False
88194e68bbfffff,461,461,8,0,51.51643136,0.063446991,531.415,"POLYGON ((0.0646842374381796 51.52089970416739, 0.0579815764493925 51.519718161594255, 0.0567448082475435 51.51524956392272, 0.0622099242749275 51.51196277733698, 0.0689115169036329 51.51314436357137, 0.070149061753065 51.517612692715375, 0.0646842374381796 51.52089970416739))",0,False,False,False
88195da5bbfffff,462,462,8,0,51.52068685,-0.248078751,531.415,"POLYGON ((-0.2468625264038206 51.5251642402523, -0.2535771600414496 51.523963501188966, -0.2547929025825194 51.51948585607056, -0.2492947973433896 51.51620921619394, -0.2425812304346038 51.51740999436029, -0.2413647021475329 51.52188737328484, -0.2468625264038206 51.5251642402523))",0,False,False,False
88194ada31fffff,463,463,8,0,51.46847347,-0.230335566,531.415,"POLYGON ((-0.2291192472169817 51.472952689749555, -0.2358271069628074 51.47175099807648, -0.2370429450415885 51.46727152332675, -0.2315517072894674 51.46399400685782, -0.2248449124327949 51.465195738128784, -0.2236282905502426 51.46967494625547, -0.2291192472169817 51.472952689749555))",0,False,False,False
88194ad0cdfffff,464,464,8,0,51.4309314,-0.011114145,531.415,"POLYGON ((-0.0098837826548721 51.43540580251016, -0.0165791927829646 51.434216256578104, -0.0178090770733537 51.42974159675768, -0.012344327824684 51.4264567513212, -0.0056499824544497 51.42764634021422, -0.004419321686342 51.43212073156787, -0.0098837826548721 51.43540580251016))",0,False,False,False
88194ada67fffff,465,465,8,0,51.4994981,-0.247445564,531.415,"POLYGON ((-0.2462297476946404 51.50397643052238, -0.2529418696292708 51.50277489626739, -0.254157204776688 51.49829631410227, -0.2486612032463672 51.49501953249557, -0.2419501472538986 51.49622110595888, -0.2407340269608892 51.500699421805216, -0.2462297476946404 51.50397643052238))",0,False,False,False
88194e6d27fffff,466,466,8,0,51.47620556,0.052319886,531.415,"POLYGON ((0.053555509656384 51.48067604186933, 0.0468571539477998 51.479492220720594, 0.0456220080005148 51.475021483217496, 0.0510844417741525 51.471734835523726, 0.0577817306873866 51.47291870035369, 0.0590176525106044 51.477389169181315, 0.053555509656384 51.48067604186933))",0,False,False,False
88194ada8bfffff,467,467,8,0,51.43120798,-0.176688096,531.415,"POLYGON ((-0.1754689313136572 51.43568729660559, -0.1821704687043264 51.4344874735029, -0.1833891535172348 51.430007909574314, -0.177907082296579 51.4267284359692, -0.1712066087272631 51.42792829961921, -0.1699871426682685 51.43240759631186, -0.1754689313136572 51.43568729660559))",0,False,False,False
88194ad0e1fffff,468,468,8,0,51.42169377,-0.039122797,531.415,"POLYGON ((-0.0378945255533678 51.42616942443591, -0.0445898917657767 51.42497777482009, -0.0458176847360015 51.42050186705908, -0.0403508886387458 51.417217877211456, -0.0336565866839867 51.418409569421655, -0.0324280166800626 51.422885208870156, -0.0378945255533678 51.42616942443591))",0,False,False,False
88194e688dfffff,469,469,8,0,51.54534426,0.058700331,531.415,"POLYGON ((0.0599378839044357 51.54981144716868, 0.0532316481378514 51.548630751366076, 0.0519945742813043 51.544163313796595, 0.057462958506573 51.540876840342506, 0.0641681248557036 51.54205757960575, 0.0654059762849114 51.54652474884753, 0.0599378839044357 51.54981144716868))",0,False,False,False
88194ada33fffff,470,470,8,0,51.46071629,-0.226061357,531.415,"POLYGON ((-0.2248449124327949 51.465195738128784, -0.2315517072894674 51.46399400685782, -0.2327676707300554 51.4595143093236, -0.2272776228938101 51.456236609744145, -0.2205718926631906 51.45743838071029, -0.2193551457538685 51.46191781154543, -0.2248449124327949 51.465195738128784))",0,False,False,False
88194e6d67fffff,471,471,8,0,51.49526867,0.063963142,531.415,"POLYGON ((0.0651999651388367 51.499737948849344, 0.0584998076399379 51.49855560296929, 0.057263462771015 51.4940860692476, 0.0627264992320335 51.49079915004318, 0.0694255891597532 51.49198153968786, 0.0706627100857711 51.49645080475747, 0.0651999651388367 51.499737948849344))",0,False,False,False
88194e68ebfffff,472,472,8,0,51.55309795,0.054468903,531.415,"POLYGON ((0.0557063376480282 51.55756491176253, 0.0489990321963388 51.55638425932358, 0.0477620764507129 51.5519170450066, 0.0532316481378514 51.548630751366076, 0.0599378839044357 51.54981144716868, 0.0611756175568202 51.55427839323323, 0.0557063376480282 51.55756491176253))",0,False,False,False
88194e6881fffff,473,473,8,0,51.53759017,0.062930454,531.415,"POLYGON ((0.0641681248557036 51.54205757960575, 0.057462958506573 51.540876840342506, 0.0562257666843299 51.53640917966406, 0.0616929638603802 51.5331225266369, 0.0683970610596226 51.53430330945767, 0.0696350301206128 51.53877070173317, 0.0641681248557036 51.54205757960575))",0,False,False,False
88194ada65fffff,474,474,8,0,51.50725324,-0.251726357,531.415,"POLYGON ((-0.2505106659505359 51.51173134735508, -0.2572238540906787 51.51052985221093, -0.2584390631336561 51.506051493553414, -0.2529418696292708 51.50277489626739, -0.2462297476946404 51.50397643052238, -0.2450137531702151 51.50845452293719, -0.2505106659505359 51.51173134735508))",0,False,False,False
88194e6d6dfffff,475,475,8,0,51.5086758,0.067674153,531.415,"POLYGON ((0.0689115169036329 51.51314436357137, 0.0622099242749275 51.51196277733698, 0.0609730383536034 51.507493957055694, 0.066436968634845 51.504206991596675, 0.0731374931706969 51.50538862158902, 0.0743751554062124 51.50985717326755, 0.0689115169036329 51.51314436357137))",0,False,False,False
88194adae3fffff,476,476,8,0,51.44312384,-0.205326298,531.415,"POLYGON ((-0.2041088212068916 51.447603460323755, -0.210812799412057 51.446402325844616, -0.2120297959310247 51.44192245002687, -0.2065435967487728 51.43864397562722, -0.1998406826388259 51.439845150182855, -0.1986229037269654 51.44432475904639, -0.2041088212068916 51.447603460323755))",0,False,False,False
88194ad0c5fffff,477,477,8,0,51.4252667,-0.019038782,531.415,"POLYGON ((-0.0178090770733537 51.42974159675768, -0.0245041180269313 51.428551335368034, -0.0257333451176382 51.42407618568588, -0.0202683079183726 51.420791565819016, -0.0135743314677239 51.4219818700796, -0.012344327824684 51.4264567513212, -0.0178090770733537 51.42974159675768))",0,False,False,False
88194ad285fffff,478,478,8,0,51.4458195,0.02482456,531.415,"POLYGON ((0.0260576708358141 51.45029216661903, 0.0193618519558694 51.44910543950935, 0.0181292191363082 51.44463251839065, 0.0235916292399282 51.441346593013506, 0.030286382608702 51.44253336354078, 0.0315197912735631 51.44700601601275, 0.0260576708358141 51.45029216661903))",0,False,False,False
88194e68e9fffff,479,479,8,0,51.56085124,0.050236169,531.415,"POLYGON ((0.0514734855284173 51.56531797300342, 0.0447651101239314 51.56413736383107, 0.0435282726345173 51.55967037291004, 0.0489990321963388 51.55638425932358, 0.0557063376480282 51.55756491176253, 0.0569439533784676 51.5620316345064, 0.0514734855284173 51.56531797300342))",0,False,False,False
88194ad28dfffff,480,480,8,0,51.45147843,0.03275338,531.415,"POLYGON ((0.0339871479456539 51.45595060905533, 0.0272909612311278 51.45476459746927, 0.0260576708358141 51.45029216661903, 0.0315197912735631 51.44700601601275, 0.0382149122224109 51.44819207110643, 0.0394489783876714 51.452664233283905, 0.0339871479456539 51.45595060905533))",0,False,False,False
88194e6d21fffff,481,481,8,0,51.4818594,0.060253755,531.415,"POLYGON ((0.0614900367446663 51.486329394067845, 0.0547913138175092 51.485146288655876, 0.053555509656384 51.48067604186933, 0.0590176525106044 51.477389169181315, 0.0657153083879321 51.47857231836451, 0.0669518883491128 51.48304229644964, 0.0614900367446663 51.486329394067845))",0,False,False,False
88194e6883fffff,482,482,8,0,51.52983568,0.067159273,531.415,"POLYGON ((0.0683970610596226 51.53430330945767, 0.0616929638603802 51.5331225266369, 0.0604556542174679 51.528654642992976, 0.0659216647567794 51.52536781063315, 0.0726246930736638 51.526548637108334, 0.073862779621553 51.53101625227406, 0.0683970610596226 51.53430330945767))",0,False,False,False
88195da5b9fffff,483,483,8,0,51.52844091,-0.25236124,531.415,"POLYGON ((-0.2511451411956621 51.53291807759383, -0.2578608418258204 51.53171737753588, -0.2590764581518371 51.52723995628229, -0.2535771600414496 51.523963501188966, -0.2468625264038206 51.5251642402523, -0.2456461239955151 51.529641395388154, -0.2511451411956621 51.53291807759383))",0,False,False,False
88194ad2abfffff,484,484,8,0,51.44015936,0.016896766,531.415,"POLYGON ((0.0181292191363082 51.44463251839065, 0.0114337683082139 51.44344507578833, 0.0102017929517887 51.43897166449622, 0.0156644923915621 51.43568596441215, 0.0223588779630435 51.436873450342034, 0.0235916292399282 51.441346593013506, 0.0181292191363082 51.44463251839065))",0,False,False,False
88194ad2c7fffff,485,485,8,0,51.45713616,0.040683224,531.415,"POLYGON ((0.0419176503609131 51.46160784557364, 0.0352210960292415 51.46042254954217, 0.0339871479456539 51.45595060905533, 0.0394489783876714 51.452664233283905, 0.0461444666992542 51.453849572913036, 0.0473791904773286 51.458321244701075, 0.0419176503609131 51.46160784557364))",0,False,False,False
88194ad1a1fffff,486,486,8,0,51.41720424,-0.135893559,531.415,"POLYGON ((-0.1346719301950113 51.421682972945234, -0.1413703352013826 51.42048513408383, -0.142591485299484 51.41600615042151, -0.1371150101958971 51.41272527322527, -0.130417668728542 51.41392315329122, -0.1291957389367778 51.41840186933375, -0.1346719301950113 51.421682972945234))",0,False,False,False
88194ada81fffff,487,487,8,0,51.43328719,-0.188872111,531.415,"POLYGON ((-0.1876537275899492 51.43776676551215, -0.1943559535740896 51.436566266804945, -0.1955738567346647 51.43208643574328, -0.1900903156744602 51.428807370506654, -0.1833891535172348 51.430007909574314, -0.1821704687043264 51.4344874735029, -0.1876537275899492 51.43776676551215))",0,False,False,False
88194ad1abfffff,488,488,8,0,51.41512057,-0.123720433,531.415,"POLYGON ((-0.1224980243829317 51.41959903375387, -0.1291957389367778 51.41840186933375, -0.130417668728542 51.41392315329122, -0.1249426633649056 51.41064186937598, -0.1182460123430212 51.411839075187345, -0.1170233032638531 51.416317523507615, -0.1224980243829317 51.41959903375387))",0,False,False,False
88194ad1a5fffff,489,489,8,0,51.41928683,-0.148068846,531.415,"POLYGON ((-0.146847996539829 51.42376583071386, -0.1535470915332634 51.42256731716698, -0.1547674615315247 51.41808806598744, -0.1492895167472058 51.41480759585684, -0.142591485299484 51.41600615042151, -0.1413703352013826 51.42048513408383, -0.146847996539829 51.42376583071386))",0,False,False,False
88194adae5fffff,490,490,8,0,51.45295871,-0.221788462,531.415,"POLYGON ((-0.2205718926631906 51.45743838071029, -0.2272776228938101 51.456236609744145, -0.2284937115480166 51.45175668957022, -0.2230048532165568 51.44847880712226, -0.2163001873489314 51.44968061788076, -0.2150833155608245 51.45416027127958, -0.2205718926631906 51.45743838071029))",0,False,False,False
88195da5b3fffff,491,491,8,0,51.51500797,-0.256008467,531.415,"POLYGON ((-0.2547929025825194 51.51948585607056, -0.2615071571916321 51.51828439993962, -0.2627222399812759 51.513806264934196, -0.2572238540906787 51.51052985221093, -0.2505106659505359 51.51173134735508, -0.2492947973433896 51.51620921619394, -0.2547929025825194 51.51948585607056))",0,False,False,False
88194ad2a3fffff,492,492,8,0,51.43449802,0.008969997,531.415,"POLYGON ((0.0102017929517887 51.43897166449622, 0.0035067103926827 51.43778350643241, 0.0022753923867686 51.43330960506194, 0.0077383808330546 51.430024130334935, 0.0144323983901357 51.431212331636246, 0.0156644923915621 51.43568596441215, 0.0102017929517887 51.43897166449622))",0,False,False,False
88194ad2c1fffff,493,493,8,0,51.46279268,0.048614094,531.415,"POLYGON ((0.0498491779765789 51.46726387604827, 0.0431522562452824 51.46607929560218, 0.0419176503609131 51.46160784557364, 0.0473791904773286 51.458321244701075, 0.0540750459341304 51.459505868834874, 0.0553104274373839 51.46397705013864, 0.0498491779765789 51.46726387604827))",0,False,False,False
88194ada99fffff,494,494,8,0,51.42136834,-0.160246292,531.415,"POLYGON ((-0.1590262228925312 51.42584760646879, -0.1657260074071019 51.424648417992366, -0.1669455968993313 51.42016889939826, -0.1614661824940096 51.41688883668, -0.1547674615315247 51.41808806598744, -0.1535470915332634 51.42256731716698, -0.1590262228925312 51.42584760646879))",0,False,False,False
88194e6895fffff,495,495,8,0,51.52208078,0.071386787,531.415,"POLYGON ((0.0726246930736638 51.526548637108334, 0.0659216647567794 51.52536781063315, 0.0646842374381796 51.52089970416739, 0.070149061753065 51.517612692715375, 0.0768510214550614 51.51879356294174, 0.0780892253450416 51.52326140085409, 0.0726246930736638 51.526548637108334))",0,False,False,False
88194e6d61fffff,496,496,8,0,51.50091983,0.071900011,531.415,"POLYGON ((0.0731374931706969 51.50538862158902, 0.066436968634845 51.504206991596675, 0.0651999651388367 51.499737948849344, 0.0706627100857711 51.49645080475747, 0.0773621667959221 51.497632478604466, 0.0785999462729244 51.5021012526738, 0.0731374931706969 51.50538862158902))",0,False,False,False
88194ad0ebfffff,497,497,8,0,51.4196008,-0.026962393,531.415,"POLYGON ((-0.0257333451176382 51.42407618568588, -0.0324280166800626 51.422885208870156, -0.0336565866839867 51.418409569421655, -0.0281912618635411 51.4151251751882, -0.0214976545490865 51.4163161947848, -0.0202683079183726 51.420791565819016, -0.0257333451176382 51.42407618568588))",0,False,False,False
88194ad0c9fffff,498,498,8,0,51.42883547,0.001044254,531.415,"POLYGON ((0.0022753923867686 51.43330960506194, -0.004419321686342 51.43212073156787, -0.0056499824544497 51.42764634021422, -0.0001867053312051 51.424361090908135, 0.0065069439945241 51.42555000754966, 0.0077383808330546 51.430024130334935, 0.0022753923867686 51.43330960506194))",0,False,False,False
88194ad2c9fffff,499,499,8,0,51.46844799,0.056545989,531.415,"POLYGON ((0.0577817306873866 51.47291870035369, 0.0510844417741525 51.471734835523726, 0.0498491779765789 51.46726387604827, 0.0553104274373839 51.46397705013864, 0.0620066498217939 51.465160958746345, 0.0632426891625271 51.46963164947107, 0.0577817306873866 51.47291870035369))",0,False,False,False
88194e6d29fffff,500,500,8,0,51.48751204,0.068188649,531.415,"POLYGON ((0.0694255891597532 51.49198153968786, 0.0627264992320335 51.49079915004318, 0.0614900367446663 51.486329394067845, 0.0669518883491128 51.48304229644964, 0.0736499109726107 51.48422472995559, 0.0748871491840544 51.48869421720361, 0.0694255891597532 51.49198153968786))",0,False,False,False
88194ada9dfffff,501,501,8,0,51.42344877,-0.172425897,531.415,"POLYGON ((-0.1712066087272631 51.42792829961921, -0.177907082296579 51.4267284359692, -0.1791258908766517 51.42224865006323, -0.1736450069105519 51.418968995104, -0.1669455968993313 51.42016889939826, -0.1657260074071019 51.424648417992366, -0.1712066087272631 51.42792829961921))",0,False,False,False
88194ada85fffff,502,502,8,0,51.4353653,-0.201058284,531.415,"POLYGON ((-0.1998406826388259 51.439845150182855, -0.2065435967487728 51.43864397562722, -0.2077607178508249 51.43416387753538, -0.2022757070124589 51.4308852210141, -0.1955738567346647 51.43208643574328, -0.1943559535740896 51.436566266804945, -0.1998406826388259 51.439845150182855))",0,False,False,False
88194adae7fffff,503,503,8,0,51.44520073,-0.217516881,531.415,"POLYGON ((-0.2163001873489314 51.44968061788076, -0.2230048532165568 51.44847880712226, -0.2242210669363054 51.44399866445338, -0.2187333976986738 51.44072059937888, -0.2120297959310247 51.44192245002687, -0.210812799412057 51.446402325844616, -0.2163001873489314 51.44968061788076))",0,False,False,False
88194ada37fffff,504,504,8,0,51.46279181,-0.238258605,531.415,"POLYGON ((-0.2370429450415885 51.46727152332675, -0.2437504271003673 51.466069115158305, -0.244965606665656 51.46158915102823, -0.2394740881585586 51.458311861647125, -0.2327676707300554 51.4595143093236, -0.2315517072894674 51.46399400685782, -0.2370429450415885 51.46727152332675))",0,False,False,False
88194e6897fffff,505,505,8,0,51.51432549,0.075612998,531.415,"POLYGON ((0.0768510214550614 51.51879356294174, 0.070149061753065 51.517612692715375, 0.0689115169036329 51.51314436357137, 0.0743751554062124 51.50985717326755, 0.081076046760689 51.51103808734189, 0.0823143678480994 51.51550614785723, 0.0768510214550614 51.51879356294174))",0,False,False,False
88194adb5bfffff,506,506,8,0,51.5015729,-0.259654094,531.415,"POLYGON ((-0.2584390631336561 51.506051493553414, -0.2651518722897109 51.50484928146453, -0.2663664218843286 51.50037043308404, -0.2608689479869691 51.4970940629924, -0.254157204776688 51.49829631410227, -0.2529418696292708 51.50277489626739, -0.2584390631336561 51.506051493553414))",0,False,False,False
88194e68c7fffff,507,507,8,0,51.55099168,0.066644008,531.415,"POLYGON ((0.067882221198285 51.55545837263787, 0.0611756175568202 51.55427839323323, 0.0599378839044357 51.54981144716868, 0.0654059762849114 51.54652474884753, 0.072111510253635 51.54770477180272, 0.0733500214024531 51.55217144951365, 0.067882221198285 51.55545837263787))",0,False,False,False
88194e6889fffff,508,508,8,0,51.54323786,0.07087318,531.415,"POLYGON ((0.072111510253635 51.54770477180272, 0.0654059762849114 51.54652474884753, 0.0641681248557036 51.54205757960575, 0.0696350301206128 51.53877070173317, 0.0763394946843416 51.53995076833587, 0.0775781232760179 51.54441766914876, 0.072111510253635 51.54770477180272))",0,False,False,False
88194ad0c1fffff,509,509,8,0,51.42317171,-0.006880464,531.415,"POLYGON ((-0.0056499824544497 51.42764634021422, -0.012344327824684 51.4264567513212, -0.0135743314677239 51.4219818700796, -0.0081107659969722 51.41869684625836, -0.0014174851194102 51.41988647820875, -0.0001867053312051 51.424361090908135, -0.0056499824544497 51.42764634021422))",0,False,False,False
88194e6d23fffff,510,510,8,0,51.4741021,0.064478909,531.415,"POLYGON ((0.0657153083879321 51.47857231836451, 0.0590176525106044 51.477389169181315, 0.0577817306873866 51.47291870035369, 0.0632426891625271 51.46963164947107, 0.0699392782567318 51.47081484252205, 0.0711759755472113 51.47528504257303, 0.0657153083879321 51.47857231836451))",0,False,False,False
88194ada83fffff,511,511,8,0,51.42552811,-0.18460766,531.415,"POLYGON ((-0.1833891535172348 51.430007909574314, -0.1900903156744602 51.428807370506654, -0.1913083429362632 51.42432731739171, -0.1858259894700858 51.421048070538234, -0.1791258908766517 51.42224865006323, -0.177907082296579 51.4267284359692, -0.1833891535172348 51.430007909574314))",0,False,False,False
88194e68c5fffff,512,512,8,0,51.5587451,0.062413532,531.415,"POLYGON ((0.0636516269604706 51.5632115704575, 0.0569439533784676 51.5620316345064, 0.0557063376480282 51.55756491176253, 0.0611756175568202 51.55427839323323, 0.067882221198285 51.55545837263787, 0.0691206147592971 51.559924827103366, 0.0636516269604706 51.5632115704575))",0,False,False,False
88194ad859fffff,513,513,8,0,51.45503437,-0.233983456,531.415,"POLYGON ((-0.2327676707300554 51.4595143093236, -0.2394740881585586 51.458311861647125, -0.2406893932724482 51.45383167480127, -0.2351990646091978 51.4505542022885, -0.2284937115480166 51.45175668957022, -0.2272776228938101 51.456236609744145, -0.2327676707300554 51.4595143093236))",0,False,False,False
88194e688bfffff,514,514,8,0,51.53548363,0.075101047,531.415,"POLYGON ((0.0763394946843416 51.53995076833587, 0.0696350301206128 51.53877070173317, 0.0683970610596226 51.53430330945767, 0.073862779621553 51.53101625227406, 0.0805661750479676 51.53219636262109, 0.0818049209376608 51.536663486392506, 0.0763394946843416 51.53995076833587))",0,False,False,False
88194e6d63fffff,515,515,8,0,51.49316347,0.076124568,531.415,"POLYGON ((0.0773621667959221 51.497632478604466, 0.0706627100857711 51.49645080475747, 0.0694255891597532 51.49198153968786, 0.0748871491840544 51.48869421720361, 0.0815855383356169 51.48987593500184, 0.0828234349095997 51.49434493131826, 0.0773621667959221 51.497632478604466))",0,False,False,False
88194ad281fffff,516,516,8,0,51.44371967,0.036981026,531.415,"POLYGON ((0.0382149122224109 51.44819207110643, 0.0315197912735631 51.44700601601275, 0.030286382608702 51.44253336354078, 0.0357473193438006 51.43924703489573, 0.042441374792977 51.440433133593466, 0.0436755588952577 51.44490551731735, 0.0382149122224109 51.44819207110643))",0,False,False,False
88194ad289fffff,517,517,8,0,51.44937766,0.044909923,531.415,"POLYGON ((0.0461444666992542 51.453849572913036, 0.0394489783876714 51.452664233283905, 0.0382149122224109 51.44819207110643, 0.0436755588952577 51.44490551731735, 0.0503699814528773 51.44609090064063, 0.0516048229800765 51.45056279404399, 0.0461444666992542 51.453849572913036))",0,False,False,False
88194ad287fffff,518,518,8,0,51.43806047,0.029053154,531.415,"POLYGON ((0.030286382608702 51.44253336354078, 0.0235916292399282 51.441346593013506, 0.0223588779630435 51.436873450342034, 0.0278201044306926 51.433587346905036, 0.034513792554117 51.434774160946304, 0.0357473193438006 51.43924703489573, 0.030286382608702 51.44253336354078))",0,False,False,False
88194e6d69fffff,519,519,8,0,51.50656979,0.079837906,531.415,"POLYGON ((0.081076046760689 51.51103808734189, 0.0743751554062124 51.50985717326755, 0.0731374931706969 51.50538862158902, 0.0785999462729244 51.5021012526738, 0.085299769547209 51.50328221069277, 0.086538207687495 51.507750493667444, 0.081076046760689 51.51103808734189))",0,False,False,False
88194adaa9fffff,520,520,8,0,51.43744234,-0.213246615,531.415,"POLYGON ((-0.2120297959310247 51.44192245002687, -0.2187333976986738 51.44072059937888, -0.2199497363360056 51.43624023435995, -0.2144632557814029 51.43296198690084, -0.2077607178508249 51.43416387753538, -0.2065435967487728 51.43864397562722, -0.2120297959310247 51.44192245002687))",0,False,False,False
88194e689dfffff,521,521,8,0,51.527729,0.07932761,531.415,"POLYGON ((0.0805661750479676 51.53219636262109, 0.073862779621553 51.53101625227406, 0.0726246930736638 51.526548637108334, 0.0780892253450416 51.52326140085409, 0.0847915519017773 51.524441555042266, 0.0860304149447524 51.52890890162869, 0.0805661750479676 51.53219636262109))",0,False,False,False
88194ad1a7fffff,522,522,8,0,51.41152693,-0.143812457,531.415,"POLYGON ((-0.142591485299484 51.41600615042151, -0.1492895167472058 51.41480759585684, -0.150510009698044 51.41032812299652, -0.145033251078519 51.40704747227875, -0.1383362829131171 51.408246067957954, -0.1371150101958971 51.41272527322527, -0.142591485299484 51.41600615042151))",0,False,False,False
88194ad1a3fffff,523,523,8,0,51.4094442,-0.13163942,531.415,"POLYGON ((-0.130417668728542 51.41392315329122, -0.1371150101958971 51.41272527322527, -0.1383362829131171 51.408246067957954, -0.1328609936342887 51.40496501043702, -0.126164715442434 51.40616293180421, -0.1249426633649056 51.41064186937598, -0.130417668728542 51.41392315329122))",0,False,False,False
88194ad2c3fffff,524,524,8,0,51.45503445,0.052839844,531.415,"POLYGON ((0.0540750459341304 51.459505868834874, 0.0473791904773286 51.458321244701075, 0.0461444666992542 51.453849572913036, 0.0516048229800765 51.45056279404399, 0.0582996124286946 51.45174746196195, 0.0595351114931049 51.456218864949946, 0.0540750459341304 51.459505868834874))",0,False,False,False
88194ad0c7fffff,525,525,8,0,51.41750675,-0.014804156,531.415,"POLYGON ((-0.0135743314677239 51.4219818700796, -0.0202683079183726 51.420791565819016, -0.0214976545490865 51.4163161947848, -0.016033801060228 51.41303139651222, -0.0093408888475279 51.41422174374012, -0.0081107659969722 51.41869684625836, -0.0135743314677239 51.4219818700796))",0,False,False,False
88194ad2bdfffff,526,526,8,0,51.43240007,0.021126306,531.415,"POLYGON ((0.0223588779630435 51.436873450342034, 0.0156644923915621 51.43568596441215, 0.0144323983901357 51.431212331636246, 0.0198939142607769 51.427926453471294, 0.0265872348412509 51.429113982825086, 0.0278201044306926 51.433587346905036, 0.0223588779630435 51.436873450342034))",0,False,False,False
88194e6d2bfffff,527,527,8,0,51.47975501,0.072412853,531.415,"POLYGON ((0.0736499109726107 51.48422472995559, 0.0669518883491128 51.48304229644964, 0.0657153083879321 51.47857231836451, 0.0711759755472113 51.47528504257303, 0.0778729311333281 51.47646752003673, 0.0791102864857759 51.48093722931934, 0.0736499109726107 51.48422472995559))",0,False,False,False
88194ad85bfffff,528,528,8,0,51.44727653,-0.229709623,531.415,"POLYGON ((-0.2284937115480166 51.45175668957022, -0.2351990646091978 51.4505542022885, -0.2364144951234497 51.44607379287167, -0.2309253558930366 51.44279613746925, -0.2242210669363054 51.44399866445338, -0.2230048532165568 51.44847880712226, -0.2284937115480166 51.45175668957022))",0,False,False,False
88194ad2cbfffff,529,529,8,0,51.46069003,0.060770791,531.415,"POLYGON ((0.0620066498217939 51.465160958746345, 0.0553104274373839 51.46397705013864, 0.0540750459341304 51.459505868834874, 0.0595351114931049 51.456218864949946, 0.0662302676151358 51.45740281743182, 0.0674664243289236 51.46187372990962, 0.0620066498217939 51.465160958746345))",0,False,False,False
88194ad2b5fffff,530,530,8,0,51.42673846,0.013200484,531.415,"POLYGON ((0.0144323983901357 51.431212331636246, 0.0077383808330546 51.430024130334935, 0.0065069439945241 51.42555000754966, 0.0119687489386348 51.42226435472073, 0.0186617017591418 51.42345259935593, 0.0198939142607769 51.427926453471294, 0.0144323983901357 51.431212331636246))",0,False,False,False
88194e6891fffff,531,531,8,0,51.51997397,0.08355287,531.415,"POLYGON ((0.0847915519017773 51.524441555042266, 0.0780892253450416 51.52326140085409, 0.0768510214550614 51.51879356294174, 0.0823143678480994 51.51550614785723, 0.0890156258027308 51.51668634598333, 0.0902546058543844 51.521153915241186, 0.0847915519017773 51.524441555042266))",0,False,False,False
88194ad84bfffff,532,532,8,0,51.46486624,-0.250458012,531.415,"POLYGON ((-0.2492431358624793 51.46934622116565, -0.2559513046532776 51.46814313585588, -0.2571656999367354 51.46366290523326, -0.2516727108223072 51.460386026397615, -0.244965606665656 51.46158915102823, -0.2437504271003673 51.466069115158305, -0.2492431358624793 51.46934622116565))",0,False,False,False
88194e6d6bfffff,533,533,8,0,51.49881369,0.084061512,531.415,"POLYGON ((0.085299769547209 51.50328221069277, 0.0785999462729244 51.5021012526738, 0.0773621667959221 51.497632478604466, 0.0828234349095997 51.49434493131826, 0.0895221903709905 51.495525933378445, 0.090760745419693 51.49999443866878, 0.085299769547209 51.50328221069277))",0,False,False,False
88194e6d35fffff,534,534,8,0,51.4663444,0.068702761,531.415,"POLYGON ((0.0699392782567318 51.47081484252205, 0.0632426891625271 51.46963164947107, 0.0620066498217939 51.465160958746345, 0.0674664243289236 51.46187372990962, 0.0741619469066868 51.46305696692483, 0.075398761382046 51.4675273887977, 0.0699392782567318 51.47081484252205))",0,False,False,False
88194ad08dfffff,535,535,8,0,51.41184059,-0.022726822,531.415,"POLYGON ((-0.0214976545490865 51.4163161947848, -0.0281912618635411 51.4151251751882, -0.0294199515948063 51.410649314456734, -0.023955810417144 51.40736474179665, -0.0172632670858337 51.408555804270485, -0.016033801060228 51.41303139651222, -0.0214976545490865 51.4163161947848))",0,False,False,False
88194e6d05fffff,536,536,8,0,51.4854067,0.080347822,531.415,"POLYGON ((0.0815855383356169 51.48987593500184, 0.0748871491840544 51.48869421720361, 0.0736499109726107 51.48422472995559, 0.0791102864857759 51.48093722931934, 0.0858076083457861 51.48211899116535, 0.0870456218723392 51.486588209585, 0.0815855383356169 51.48987593500184))",0,False,False,False
88194ad0cbfffff,537,537,8,0,51.42107565,0.005275687,531.415,"POLYGON ((0.0065069439945241 51.42555000754966, -0.0001867053312051 51.424361090908135, -0.0014174851194102 51.41988647820875, 0.0040446085687544 51.416601050779796, 0.0107371934123985 51.41779001066512, 0.0119687489386348 51.42226435472073, 0.0065069439945241 51.42555000754966))",0,False,False,False
88194ad85dfffff,538,538,8,0,51.45710895,-0.246180609,531.415,"POLYGON ((-0.244965606665656 51.46158915102823, -0.2516727108223072 51.460386026397615, -0.2528872319894972 51.45590557298309, -0.2473954330577904 51.45262851075253, -0.2406893932724482 51.45383167480127, -0.2394740881585586 51.458311861647125, -0.244965606665656 51.46158915102823))",0,False,False,False
88194adaadfffff,539,539,8,0,51.43951828,-0.225437103,531.415,"POLYGON ((-0.2242210669363054 51.44399866445338, -0.2309253558930366 51.44279613746925, -0.2321409116595243 51.43831550562633, -0.2266529614511126 51.43503766757625, -0.2199497363360056 51.43624023435995, -0.2187333976986738 51.44072059937888, -0.2242210669363054 51.44399866445338))",0,False,False,False
88194e6893fffff,540,540,8,0,51.51221854,0.087776826,531.415,"POLYGON ((0.0890156258027308 51.51668634598333, 0.0823143678480994 51.51550614785723, 0.081076046760689 51.51103808734189, 0.086538207687495 51.507750493667444, 0.0932383973075205 51.50893073582816, 0.09447749422334 51.513398527613845, 0.0890156258027308 51.51668634598333))",0,False,False,False
88194e6d3dfffff,541,541,8,0,51.47199757,0.076635756,531.415,"POLYGON ((0.0778729311333281 51.47646752003673, 0.0711759755472113 51.47528504257303, 0.0699392782567318 51.47081484252205, 0.075398761382046 51.4675273887977, 0.0820946501976281 51.46870991031566, 0.083332122546708 51.473179841488914, 0.0778729311333281 51.47646752003673))",0,False,False,False
88194ad851fffff,542,542,8,0,51.44935125,-0.241904521,531.415,"POLYGON ((-0.2406893932724482 51.45383167480127, -0.2473954330577904 51.45262851075253, -0.2486100799602808 51.44814783469101, -0.2431194708002186 51.4448705893076, -0.2364144951234497 51.44607379287167, -0.2351990646091978 51.4505542022885, -0.2406893932724482 51.45383167480127))",0,False,False,False
88194ad0c3fffff,543,543,8,0,51.41541163,-0.002648086,531.415,"POLYGON ((-0.0014174851194102 51.41988647820875, -0.0081107659969722 51.41869684625836, -0.0093408888475279 51.41422174374012, -0.0038785067446327 51.41093654177501, 0.002813709905363 51.41212621687915, 0.0040446085687544 51.416601050779796, -0.0014174851194102 51.41988647820875))",0,False,False,False
88194ad28bfffff,544,544,8,0,51.44161877,0.04913532,531.415,"POLYGON ((0.0503699814528773 51.44609090064063, 0.0436755588952577 51.44490551731735, 0.042441374792977 51.440433133593466, 0.0479008381072123 51.43714640202736, 0.0545941951769442 51.43833182914109, 0.0558291543088093 51.44280394401563, 0.0503699814528773 51.44609090064063))",0,False,False,False
88194ad283fffff,545,545,8,0,51.43596051,0.041207371,531.415,"POLYGON ((0.042441374792977 51.440433133593466, 0.0357473193438006 51.43924703489573, 0.034513792554117 51.434774160946304, 0.0399735459970371 51.43148765450316, 0.0466665362124274 51.43267379690132, 0.0479008381072123 51.43714640202736, 0.042441374792977 51.440433133593466))",0,False,False,False
88194ad2d5fffff,546,546,8,0,51.44727582,0.057064293,531.415,"POLYGON ((0.0582996124286946 51.45174746196195, 0.0516048229800765 51.45056279404399, 0.0503699814528773 51.44609090064063, 0.0558291543088093 51.44280394401563, 0.0625228780154839 51.443988655814096, 0.0637584944966183 51.44846028034221, 0.0582996124286946 51.45174746196195))",0,False,False,False
88194e6d0dfffff,547,547,8,0,51.49105719,0.088283816,531.415,"POLYGON ((0.0895221903709905 51.495525933378445, 0.0828234349095997 51.49434493131826, 0.0815855383356169 51.48987593500184, 0.0870456218723392 51.486588209585, 0.0937433097880527 51.487769255783, 0.0949819816008394 51.49223798324521, 0.0895221903709905 51.495525933378445))",0,False,False,False
88194ad2b9fffff,548,548,8,0,51.43030105,0.033280445,531.415,"POLYGON ((0.034513792554117 51.434774160946304, 0.0278201044306926 51.433587346905036, 0.0265872348412509 51.429113982825086, 0.0320472780833186 51.425827701568956, 0.038739901227099 51.42701455922057, 0.0399735459970371 51.43148765450316, 0.034513792554117 51.434774160946304))",0,False,False,False
88194e6899fffff,549,549,8,0,51.52562125,0.091493767,531.415,"POLYGON ((0.092733108137606 51.53008833974855, 0.0860304149447524 51.52890890162869, 0.0847915519017773 51.524441555042266, 0.0902546058543844 51.521153915241186, 0.0969562301905648 51.5223333973889, 0.0981958693187245 51.526800475295026, 0.092733108137606 51.53008833974855))",0,False,False,False
88194e6d45fffff,550,550,8,0,51.50446271,0.091999481,531.415,"POLYGON ((0.0932383973075205 51.50893073582816, 0.086538207687495 51.507750493667444, 0.085299769547209 51.50328221069277, 0.090760745419693 51.49999443866878, 0.097459866972545 51.50117472496068, 0.0986990806081443 51.505642739130565, 0.0932383973075205 51.50893073582816))",0,False,False,False
88194ad2ddfffff,551,551,8,0,51.45293167,0.064994291,531.415,"POLYGON ((0.0662302676151358 51.45740281743182, 0.0595351114931049 51.456218864949946, 0.0582996124286946 51.45174746196195, 0.0637584944966183 51.44846028034221, 0.0704525846227059 51.44964427679468, 0.0716888585652444 51.45411541088149, 0.0662302676151358 51.45740281743182))",0,False,False,False
88194ad2b1fffff,552,552,8,0,51.42464038,0.025354545,531.415,"POLYGON ((0.0265872348412509 51.429113982825086, 0.0198939142607769 51.427926453471294, 0.0186617017591418 51.42345259935593, 0.0241220344709017 51.42016654335084, 0.0308142903259498 51.42135411622492, 0.0320472780833186 51.425827701568956, 0.0265872348412509 51.429113982825086))",0,False,False,False
88194ad853fffff,553,553,8,0,51.44159315,-0.237629748,531.415,"POLYGON ((-0.2364144951234497 51.44607379287167, -0.2431194708002186 51.4448705893076, -0.2443342432897358 51.44038969074391, -0.2388448234904253 51.437112262449766, -0.2321409116595243 51.43831550562633, -0.2309253558930366 51.44279613746925, -0.2364144951234497 51.44607379287167))",0,False,False,False
88194e6d07fffff,554,554,8,0,51.47764954,0.084569775,531.415,"POLYGON ((0.0858076083457861 51.48211899116535, 0.0791102864857759 51.48093722931934, 0.0778729311333281 51.47646752003673, 0.083332122546708 51.473179841488914, 0.0900283773821569 51.47436164747922, 0.0912665077170014 51.47883108785826, 0.0858076083457861 51.48211899116535))",0,False,False,False
88194ad089fffff,555,555,8,0,51.4097464,-0.010570832,531.415,"POLYGON ((-0.0093408888475279 51.41422174374012, -0.016033801060228 51.41303139651222, -0.0172632670858337 51.408555804270485, -0.0118005968974444 51.40527082783312, -0.0051087486577313 51.406461218124676, -0.0038785067446327 51.41093654177501, -0.0093408888475279 51.41422174374012))",0,False,False,False
88194e6d37fffff,556,556,8,0,51.45858631,0.072925313,531.415,"POLYGON ((0.0741619469066868 51.46305696692483, 0.0674664243289236 51.46187372990962, 0.0662302676151358 51.45740281743182, 0.0716888585652444 51.45411541088149, 0.0783833148930746 51.4552986919573, 0.079620246409077 51.459769335508035, 0.0741619469066868 51.46305696692483))",0,False,False,False
88194e689bfffff,557,557,8,0,51.51786608,0.095716772,531.415,"POLYGON ((0.0969562301905648 51.5223333973889, 0.0902546058543844 51.521153915241186, 0.0890156258027308 51.51668634598333, 0.09447749422334 51.513398527613845, 0.1011780499705364 51.51457805388614, 0.1024178057740745 51.519045354388524, 0.0969562301905648 51.5223333973889))",0,False,False,False
88194ad843fffff,558,558,8,0,51.45918244,-0.258379918,531.415,"POLYGON ((-0.2571656999367354 51.46366290523326, -0.2638734903513387 51.462459103404704, -0.265087227165475 51.457978383524946, -0.2595939580291146 51.45470173192363, -0.2528872319894972 51.45590557298309, -0.2516727108223072 51.460386026397615, -0.2571656999367354 51.46366290523326))",0,False,False,False
88194e6d47fffff,559,559,8,0,51.49670647,0.096220834,531.415,"POLYGON ((0.097459866972545 51.50117472496068, 0.090760745419693 51.49999443866878, 0.0895221903709905 51.495525933378445, 0.0949819816008394 51.49223798324521, 0.1016800353539199 51.49341831376495, 0.1029193655650139 51.497886550175274, 0.097459866972545 51.50117472496068))",0,False,False,False
88194ad855fffff,560,560,8,0,51.45142488,-0.254101576,531.415,"POLYGON ((-0.2528872319894972 51.45590557298309, -0.2595939580291146 51.45470173192363, -0.2608078209136686 51.45022078932071, -0.2553157418875577 51.446943954303336, -0.2486100799602808 51.44814783469101, -0.2473954330577904 51.45262851075253, -0.2528872319894972 51.45590557298309))",0,False,False,False
88194e6d31fffff,561,561,8,0,51.46423974,0.080857358,531.415,"POLYGON ((0.0820946501976281 51.46870991031566, 0.075398761382046 51.4675273887977, 0.0741619469066868 51.46305696692483, 0.079620246409077 51.459769335508035, 0.0863150687208591 51.46095190117669, 0.0875526579223561 51.46542205409663, 0.0820946501976281 51.46870991031566))",0,False,False,False
88194adaa5fffff,562,562,8,0,51.43383464,-0.23335629,531.415,"POLYGON ((-0.2321409116595243 51.43831550562633, -0.2388448234904253 51.437112262449766, -0.2400597214187875 51.43263114152884, -0.2345714905695139 51.42935353056599, -0.2278686423218012 51.43055681345216, -0.2266529614511126 51.43503766757625, -0.2321409116595243 51.43831550562633))",0,False,False,False
88194e6d01fffff,563,563,8,0,51.48330029,0.092504819,531.415,"POLYGON ((0.0937433097880527 51.487769255783, 0.0870456218723392 51.486588209585, 0.0858076083457861 51.48211899116535, 0.0912665077170014 51.47883108785826, 0.0979631283541832 51.48001217829054, 0.0992019167868326 51.484481127780846, 0.0937433097880527 51.487769255783))",0,False,False,False
88194e6d4dfffff,564,564,8,0,51.51011052,0.099938475,531.415,"POLYGON ((0.1011780499705364 51.51457805388614, 0.09447749422334 51.513398527613845, 0.0932383973075205 51.50893073582816, 0.0986990806081443 51.505642739130565, 0.10539856803398 51.50682230962407, 0.1066384403685524 51.511289832579166, 0.1011780499705364 51.51457805388614))",0,False,False,False
88194ad857fffff,565,565,8,0,51.44366692,-0.249824549,531.415,"POLYGON ((-0.2486100799602808 51.44814783469101, -0.2553157418875577 51.446943954303336, -0.2565297306940425 51.44246278912219, -0.2510388413672468 51.439185770930834, -0.2443342432897358 51.44038969074391, -0.2431194708002186 51.4448705893076, -0.2486100799602808 51.44814783469101))",0,False,False,False
88194e6d39fffff,566,566,8,0,51.46989197,0.088790427,531.415,"POLYGON ((0.0900283773821569 51.47436164747922, 0.083332122546708 51.473179841488914, 0.0820946501976281 51.46870991031566, 0.0875526579223561 51.46542205409663, 0.0942478460001533 51.466603904327656, 0.0954860929991316 51.47107356652217, 0.0900283773821569 51.47436164747922))",0,False,False,False
88194ad29dfffff,567,567,8,0,51.43385948,0.053359416,531.415,"POLYGON ((0.0545941951769442 51.43833182914109, 0.0479008381072123 51.43714640202736, 0.0466665362124274 51.43267379690132, 0.05212481657848 51.42938688779875, 0.0588171084263244 51.43057235879925, 0.0600521850185326 51.43504469500073, 0.0545941951769442 51.43833182914109))",0,False,False,False
88194ad2d7fffff,568,568,8,0,51.43951679,0.061287442,531.415,"POLYGON ((0.0625228780154839 51.443988655814096, 0.0558291543088093 51.44280394401563, 0.0545941951769442 51.43833182914109, 0.0600521850185326 51.43504469500073, 0.0667448432494489 51.436229450776054, 0.0679805770030163 51.44070129670007, 0.0625228780154839 51.443988655814096))",0,False,False,False
88194ad2d1fffff,569,569,8,0,51.44517291,0.069216491,531.415,"POLYGON ((0.0704525846227059 51.44964427679468, 0.0637584944966183 51.44846028034221, 0.0625228780154839 51.443988655814096, 0.0679805770030163 51.44070129670007, 0.0746736013995207 51.441885337219475, 0.0759099924265094 51.44635669277116, 0.0704525846227059 51.44964427679468))",0,False,False,False
88194ad2bbfffff,570,570,8,0,51.42254123,0.037506436,531.415,"POLYGON ((0.038739901227099 51.42701455922057, 0.0320472780833186 51.425827701568956, 0.0308142903259498 51.42135411622492, 0.0362731507526139 51.41806765739031, 0.042964709182421 51.41925455874857, 0.0441984717881565 51.423727875219974, 0.038739901227099 51.42701455922057))",0,False,False,False
88194e6d09fffff,571,571,8,0,51.48894984,0.100440886,531.415,"POLYGON ((0.1016800353539199 51.49341831376495, 0.0949819816008394 51.49223798324521, 0.0937433097880527 51.487769255783, 0.0992019167868326 51.484481127780846, 0.1058989030074626 51.485661502624886, 0.1071383496498974 51.490129961132, 0.1016800353539199 51.49341831376495))",0,False,False,False
88194e6d41fffff,572,572,8,0,51.50235455,0.104158876,531.415,"POLYGON ((0.10539856803398 51.50682230962407, 0.0986990806081443 51.505642739130565, 0.097459866972545 51.50117472496068, 0.1029193655650139 51.497886550175274, 0.1096177849370509 51.49906616498661, 0.1108577736584454 51.503533910250745, 0.10539856803398 51.50682230962407))",0,False,False,False
88194ad2d9fffff,573,573,8,0,51.45082781,0.077146564,531.415,"POLYGON ((0.0783833148930746 51.4552986919573, 0.0716888585652444 51.45411541088149, 0.0704525846227059 51.44964427679468, 0.0759099924265094 51.44635669277116, 0.0826033827709977 51.44754001800396, 0.0838404311834206 51.45201088308852, 0.0783833148930746 51.4552986919573))",0,False,False,False
88194ad819fffff,574,574,8,0,51.43590856,-0.245548838,531.415,"POLYGON ((-0.2443342432897358 51.44038969074391, -0.2510388413672468 51.439185770930834, -0.2522529559473179 51.43470438331636, -0.246763255909081 51.43142718219322, -0.2400597214187875 51.43263114152884, -0.2388448234904253 51.437112262449766, -0.2443342432897358 51.44038969074391))",0,False,False,False
88194e6d03fffff,575,575,8,0,51.47554299,0.09672452,531.415,"POLYGON ((0.0979631283541832 51.48001217829054, 0.0912665077170014 51.47883108785826, 0.0900283773821569 51.47436164747922, 0.0954860929991316 51.47107356652217, 0.1021816466248715 51.472254701285216, 0.1034205515332629 51.476723872659754, 0.0979631283541832 51.48001217829054))",0,False,False,False
88194e6f27fffff,576,576,8,0,51.51575712,0.107878493,531.415,"POLYGON ((0.109118727429767 51.520224164742416, 0.1024178057740745 51.519045354388524, 0.1011780499705364 51.51457805388614, 0.1066384403685524 51.511289832579166, 0.1133382934487178 51.51246868724426, 0.1145788245943514 51.51693571889031, 0.109118727429767 51.520224164742416))",0,False,False,False
88194e6d33fffff,577,577,8,0,51.45648151,0.08507766,531.415,"POLYGON ((0.0863150687208591 51.46095190117669, 0.079620246409077 51.459769335508035, 0.0783833148930746 51.4552986919573, 0.0838404311834206 51.45201088308852, 0.0905341872581174 51.45319349300419, 0.0917718931679019 51.45766386752684, 0.0863150687208591 51.46095190117669))",0,False,False,False
88194e6d43fffff,578,578,8,0,51.49459818,0.108377977,531.415,"POLYGON ((0.1096177849370509 51.49906616498661, 0.1029193655650139 51.497886550175274, 0.1016800353539199 51.49341831376495, 0.1071383496498974 51.490129961132, 0.1138357012356111 51.49130962035765, 0.1150758061997418 51.495777587787146, 0.1096177849370509 51.49906616498661))",0,False,False,False
88194e6d0bfffff,579,579,8,0,51.48119281,0.104659637,531.415,"POLYGON ((0.1058989030074626 51.485661502624886, 0.0992019167868326 51.484481127780846, 0.0979631283541832 51.48001217829054, 0.1034205515332629 51.476723872659754, 0.1101164704887173 51.477904291924574, 0.1113560334184399 51.48237297238465, 0.1058989030074626 51.485661502624886))",0,False,False,False
88194e6d49fffff,580,580,8,0,51.50800142,0.112097943,531.415,"POLYGON ((0.1133382934487178 51.51246868724426, 0.1066384403685524 51.511289832579166, 0.10539856803398 51.50682230962407, 0.1108577736584454 51.503533910250745, 0.117556558430826 51.504712809323635, 0.1187972057745213 51.50918006334728, 0.1133382934487178 51.51246868724426))",0,False,False,False
88194ad81dfffff,581,581,8,0,51.43798139,-0.257743542,531.415,"POLYGON ((-0.2565297306940425 51.44246278912219, -0.2632350145484986 51.44125819242898, -0.2644483453743786 51.43677653822431, -0.2589571762108986 51.43349974728769, -0.2522529559473179 51.43470438331636, -0.2510388413672468 51.439185770930834, -0.2565297306940425 51.44246278912219))",0,False,False,False
88194ad299fffff,582,582,8,0,51.43175737,0.065509289,531.415,"POLYGON ((0.0667448432494489 51.436229450776054, 0.0600521850185326 51.43504469500073, 0.0588171084263244 51.43057235879925, 0.0642739156639296 51.42728504738407, 0.0709655086852021 51.42846984723251, 0.0722013595670527 51.43294191440823, 0.0667448432494489 51.436229450776054))",0,False,False,False
88194ad291fffff,583,583,8,0,51.42609979,0.057582212,531.415,"POLYGON ((0.0588171084263244 51.43057235879925, 0.05212481657848 51.42938688779875, 0.0508903970356013 51.42491406141481, 0.0563474948637343 51.42162697501639, 0.0630387217556514 51.422812489999956, 0.0642739156639296 51.42728504738407, 0.0588171084263244 51.43057235879925))",0,False,False,False
88194ad2d3fffff,584,584,8,0,51.43741374,0.07343739,531.415,"POLYGON ((0.0746736013995207 51.441885337219475, 0.0679805770030163 51.44070129670007, 0.0667448432494489 51.436229450776054, 0.0722013595670527 51.43294191440823, 0.0788933185002478 51.434125999090824, 0.0801298264676147 51.43859757596324, 0.0746736013995207 51.441885337219475))",0,False,False,False
88194ad2dbfffff,585,585,8,0,51.44306892,0.081366515,531.415,"POLYGON ((0.0826033827709977 51.44754001800396, 0.0759099924265094 51.44635669277116, 0.0746736013995207 51.441885337219475, 0.0801298264676147 51.43859757596324, 0.0868221510951893 51.439780945449314, 0.088059316259982 51.44425203192355, 0.0826033827709977 51.44754001800396))",0,False,False,False
88194e6d55fffff,586,586,8,0,51.48684142,0.112595777,531.415,"POLYGON ((0.1138357012356111 51.49130962035765, 0.1071383496498974 51.490129961132, 0.1058989030074626 51.485661502624886, 0.1113560334184399 51.48237297238465, 0.1180523174852856 51.4835526761211, 0.1192925385481416 51.48802086557225, 0.1138357012356111 51.49130962035765))",0,False,False,False
88194e6d4bfffff,587,587,8,0,51.50024532,0.116316092,531.415,"POLYGON ((0.117556558430826 51.504712809323635, 0.1108577736584454 51.503533910250745, 0.1096177849370509 51.49906616498661, 0.1150758061997418 51.495777587787146, 0.1217735229319934 51.49695653136436, 0.1230142863297116 51.50142400762197, 0.117556558430826 51.504712809323635))",0,False,False,False
88194e6de5fffff,588,588,8,0,51.44872288,0.089296662,531.415,"POLYGON ((0.0905341872581174 51.45319349300419, 0.0838404311834206 51.45201088308852, 0.0826033827709977 51.44754001800396, 0.088059316259982 51.44425203192355, 0.0947520063642171 51.44543468618258, 0.0959898288382854 51.44990528216389, 0.0905341872581174 51.45319349300419))",0,False,False,False
88194ad811fffff,589,589,8,0,51.43022276,-0.253466893,531.415,"POLYGON ((-0.2522529559473179 51.43470438331636, -0.2589571762108986 51.43349974728769, -0.2601706329968099 51.42901787071857, -0.2546806530495126 51.4257408968291, -0.2479774961144812 51.42694557229038, -0.246763255909081 51.43142718219322, -0.2522529559473179 51.43470438331636))",0,False,False,False
88194e6d1dfffff,590,590,8,0,51.47343537,0.108877088,531.415,"POLYGON ((0.1101164704887173 51.477904291924574, 0.1034205515332629 51.476723872659754, 0.1021816466248715 51.472254701285216, 0.1076378863954682 51.46896621826609, 0.114332738352961 51.47014668204808, 0.1155724174260191 51.47461558431729, 0.1101164704887173 51.477904291924574))",0,False,False,False
88194e6f23fffff,591,591,8,0,51.51364708,0.120038034,531.415,"POLYGON ((0.1212790431100973 51.518113857697045, 0.1145788245943514 51.51693571889031, 0.1133382934487178 51.51246868724426, 0.1187972057745213 51.50918006334728, 0.1254963557285225 51.510358246651776, 0.126737661806433 51.514825009340704, 0.1212790431100973 51.518113857697045))",0,False,False,False
88194e6d5dfffff,592,592,8,0,51.49248882,0.12053294,531.415,"POLYGON ((0.1217735229319934 51.49695653136436, 0.1150758061997418 51.495777587787146, 0.1138357012356111 51.49130962035765, 0.1192925385481416 51.48802086557225, 0.1259891875078792 51.48919985375029, 0.1272300668156722 51.49366755209816, 0.1217735229319934 51.49695653136436))",0,False,False,False
88194e6d57fffff,593,593,8,0,51.47908425,0.116812277,531.415,"POLYGON ((0.1180523174852856 51.4835526761211, 0.1113560334184399 51.48237297238465, 0.1101164704887173 51.477904291924574, 0.1155724174260191 51.47461558431729, 0.1222676342413652 51.47579533266095, 0.1235079712590721 51.48026374398995, 0.1180523174852856 51.4835526761211))",0,False,False,False
88194e6f35fffff,594,594,8,0,51.50589125,0.124255231,531.415,"POLYGON ((0.1254963557285225 51.510358246651776, 0.1187972057745213 51.50918006334728, 0.117556558430826 51.504712809323635, 0.1230142863297116 51.50142400762197, 0.1297123679898297 51.50260223552081, 0.1309537899329416 51.50706922051225, 0.1254963557285225 51.510358246651776))",0,False,False,False
88194ad29bfffff,595,595,8,0,51.42399754,0.069729838,531.415,"POLYGON ((0.0709655086852021 51.42846984723251, 0.0642739156639296 51.42728504738407, 0.0630387217556514 51.422812489999956, 0.0684943467994369 51.41952500155044, 0.0751848748771401 51.42070984556817, 0.0764208427431892 51.42518213385136, 0.0709655086852021 51.42846984723251))",0,False,False,False
88194e6da5fffff,596,596,8,0,51.42965419,0.077656991,531.415,"POLYGON ((0.0788933185002478 51.434125999090824, 0.0722013595670527 51.43294191440823, 0.0709655086852021 51.42846984723251, 0.0764208427431892 51.42518213385136, 0.083111736479329 51.42636626279334, 0.0843483612430566 51.43083806084229, 0.0788933185002478 51.434125999090824))",0,False,False,False
88194e6d51fffff,597,597,8,0,51.48473192,0.124748489,531.415,"POLYGON ((0.1259891875078792 51.48919985375029, 0.1192925385481416 51.48802086557225, 0.1180523174852856 51.4835526761211, 0.1235079712590721 51.48026374398995, 0.1302035527138339 51.48144277686522, 0.1314445477879004 51.48591069715969, 0.1259891875078792 51.48919985375029))",0,False,False,False
88194e6d53fffff,598,598,8,0,51.47697462,0.128962738,531.415,"POLYGON ((0.1302035527138339 51.48144277686522, 0.1235079712590721 51.48026374398995, 0.1222676342413652 51.47579533266095, 0.1277221048876468 51.47250622342423, 0.1344166191049405 51.473685301093106, 0.1356577298015539 51.478153443190365, 0.1302035527138339 51.48144277686522))",0,False,False,False
