tile_id,seed_index,tile_path_id,h3_res,level,center_lat,center_lon,tile_size_m,geometry,children,checked,fetch_success,current,result_count
88194ad305fffff,0,0,8,0,51.51478336057267,-0.0900785103840407,531.415,"POLYGON ((-0.0888516893393572 51.519256348128906, -0.0955598473124525 51.51806520210215, -0.096786188182265 51.5135919619082, -0.0913051522289163 51.51031013513138, -0.0845980616945608 51.511501322590696, -0.0833709397865044 51.51597429537912, -0.0888516893393572 51.519256348128906))",7,True,True,True,66
89194ad3047ffff,0,0-1,9,1,51.512268917908386,-0.08712198674341333,200.821,"POLYGON ((-0.0875543703038792 51.51401580879784, -0.0896460344278425 51.513036470491755, -0.0892135865325642 51.51128955819048, -0.0866896312374461 51.51052200480118, -0.0845980616945608 51.511501322590696, -0.0850303528661254 51.513248214284644, -0.0875543703038792 51.51401580879784))",0,True,True,,15
89194ad3043ffff,0,0-0,9,1,51.51478336057267,-0.09007851038400494,200.821,"POLYGON ((-0.0905110144038384 51.516530228430085, -0.0926027731057166 51.51555086960223, -0.0921702047470167 51.51380398033399, -0.0896460344278425 51.513036470491755, -0.0875543703038792 51.51401580879784, -0.0879867819215945 51.515762677466505, -0.0905110144038384 51.516530228430085))",0,True,True,,7
89194ad304fffff,0,0-3,9,1,51.512057068842665,-0.09173766445566368,200.821,"POLYGON ((-0.0921702047470167 51.51380398033399, -0.0942618650058352 51.512824536750884, -0.0938292603825897 51.511077603851014, -0.0913051522289112 51.51031013513138, -0.0892135865325642 51.51128955819048, -0.0896460344278425 51.513036470491755, -0.0921702047470167 51.51380398033399))",0,True,True,,10
89194ad305bffff,0,0-6,9,1,51.51729773664426,-0.09303536953439723,200.821,"POLYGON ((-0.0934679940357799 51.51904458145701, -0.0955598473124525 51.51806520210215, -0.0951271584680785 51.516318335879575, -0.0926027731057166 51.51555086960223, -0.0905110144038384 51.516530228430085, -0.0909435464899103 51.51827707406086, -0.0934679940357799 51.51904458145701))",0,True,True,,1
89194ad304bffff,0,0-2,9,1,51.51457144742812,-0.0946944977000979,200.821,"POLYGON ((-0.0951271584680785 51.516318335879575, -0.0972189132862157 51.51533887176723, -0.0967861881822599 51.51359196190818, -0.0942618650058352 51.512824536750884, -0.0921702047470167 51.51380398033399, -0.0926027731057166 51.51555086960223, -0.0951271584680785 51.516318335879575))",0,True,True,,9
89194ad3057ffff,0,0-5,9,1,51.514995083760475,-0.08546267208853855,200.821,"POLYGON ((-0.0858950193644176 51.51674193101502, -0.0879867819215945 51.515762677466505, -0.0875543703038792 51.51401580879784, -0.0850303528661254 51.513248214284644, -0.0829386849055016 51.51422744731882, -0.0833709397865044 51.51597429537912, -0.0858950193644176 51.51674193101502))",0,True,True,,16
89194ad3053ffff,0,0-4,9,1,51.51750952391123,-0.08841922159917179,200.821,"POLYGON ((-0.0888516893393572 51.519256348128906, -0.0909435464899103 51.51827707406086, -0.0905110144038384 51.516530228430085, -0.0879867819215945 51.515762677466505, -0.0858950193644176 51.51674193101502, -0.0863273946965081 51.518488756045215, -0.0888516893393572 51.519256348128906))",0,True,True,,6
89194ad32a3ffff,1,1-0,9,1,51.50911848384186,-0.09801234991483124,200.821,"POLYGON ((-0.0984450831919035 51.510865459553294, -0.1005366411096826 51.509885825939755, -0.1001038435106619 51.5081388288253, -0.097579644713492 51.50737148591179, -0.095488181324113 51.50835109899158, -0.0959208222038991 51.510098075517234, -0.0984450831919035 51.510865459553294))",0,True,True,,1
88194ad32bfffff,1,1,8,0,51.50911848384184,-0.098012349914826,531.415,"POLYGON ((-0.096786188182265 51.5135919619082, -0.1034939729998741 51.51240009934899, -0.1047196545710628 51.50792636868545, -0.0992383325482904 51.50464476794492, -0.0925316149121113 51.50583667184678, -0.0913051522289163 51.51031013513138, -0.096786188182265 51.5135919619082))",7,True,True,True,29
89194ad32a7ffff,1,1-1,9,1,51.50660410024996,-0.09505556851369483,200.821,"POLYGON ((-0.095488181324113 51.50835109899158, -0.097579644713492 51.50737148591179, -0.097146967585231 51.505624465766175, -0.0946229837699648 51.50485707929551, -0.0925316149121113 51.50583667184678, -0.0929641353384099 51.50758367139583, -0.095488181324113 51.50835109899158))",0,True,True,,5
89194ad32abffff,1,1-2,9,1,51.50890612898362,-0.1026281649042961,200.821,"POLYGON ((-0.1030610549078349 51.51065312527831, -0.1051526088936022 51.50967338637986, -0.1047196545710628 51.50792636868545, -0.1021953029866582 51.507159110468045, -0.1001038435106619 51.5081388288253, -0.1005366411096826 51.509885825939755, -0.1030610549078349 51.51065312527831))",0,True,True,,3
89194ad32b7ffff,1,1-5,9,1,51.509330648731606,-0.0933966838276813,200.821,"POLYGON ((-0.0938292603825897 51.511077603851014, -0.0959208222038991 51.510098075517234, -0.095488181324113 51.50835109899158, -0.0929641353384099 51.50758367139583, -0.0908726680641104 51.508563179203286, -0.0913051522289112 51.51031013513138, -0.0938292603825897 51.511077603851014))",0,True,True,,0
89194ad32bbffff,1,1-6,9,1,51.51163280083285,-0.10096946679086319,200.821,"POLYGON ((-0.1014023205568438 51.51337975350149, -0.1034939729998639 51.512400099348994, -0.1030610549078349 51.51065312527831, -0.1005366411096826 51.509885825939755, -0.0984450831919035 51.510865459553294, -0.0988778445474148 51.51261241304295, -0.1014023205568438 51.51337975350149))",0,True,True,,3
89194ad32afffff,1,1-3,9,1,51.50639180949266,-0.09967107399109476,200.821,"POLYGON ((-0.1001038435106619 51.5081388288253, -0.1021953029866582 51.507159110468045, -0.1017624691521584 51.50541206973466, -0.0992383325482904 51.50464476794492, -0.097146967585231 51.505624465766175, -0.097579644713492 51.50737148591179, -0.1001038435106619 51.5081388288253))",0,True,True,,11
89194ad32b3ffff,1,1-4,9,1,51.51184502982381,-0.09635349115569745,200.821,"POLYGON ((-0.0967861881822599 51.51359196190818, -0.0988778445474148 51.51261241304295, -0.0984450831919035 51.510865459553294, -0.0959208222038991 51.510098075517234, -0.0938292603825897 51.511077603851014, -0.0942618650058352 51.512824536750884, -0.0967861881822599 51.51359196190818))",0,True,True,,3
89194ad3283ffff,2,2-0,9,1,51.51687359215286,-0.10226811235404815,200.821,"POLYGON ((-0.102701050390584 51.51862047812936, -0.1047928958340051 51.51764088818553, -0.1043598934602671 51.51589398080572, -0.1018352024103518 51.51512668394252, -0.0997434515044833 51.51610625334443, -0.1001762971113976 51.51785314015003, -0.102701050390584 51.51862047812936))",0,True,True,,5
89194ad3287ffff,2,2-1,9,1,51.51435934430769,-0.09931063398404093,200.821,"POLYGON ((-0.0997434515044833 51.51610625334443, -0.1018352024103518 51.51512668394252, -0.1014023205568438 51.51337975350149, -0.0988778445474148 51.51261241304295, -0.0967861881822599 51.51359196190818, -0.0972189132862157 51.51533887176723, -0.0997434515044833 51.51610625334443))",0,True,True,,10
88194ad329fffff,2,2,8,0,51.51687359215286,-0.1022681123540328,531.415,"POLYGON ((-0.1010420725954044 51.52134684705529, -0.1077509248597647 51.52015502574154, -0.1089764842827582 51.51568151824434, -0.1034939729998741 51.51240009934899, -0.096786188182265 51.5135919619082, -0.0955598473124525 51.51806520210215, -0.1010420725954044 51.52134684705529))",7,True,True,True,56
89194ad329bffff,2,2-6,9,1,51.51938777332881,-0.10522592630702225,200.821,"POLYGON ((-0.1056589848819552 51.52113463623247, -0.1077509248597647 51.52015502574154, -0.1073178019435295 51.51840814143557, -0.1047928958340051 51.51764088818553, -0.102701050390584 51.51862047812936, -0.1031340165227233 51.520367341868884, -0.1056589848819552 51.52113463623247))",0,True,True,,7
89194ad3297ffff,2,2-5,9,1,51.5170857593978,-0.09765166647025092,200.821,"POLYGON ((-0.0980844477370925 51.51883262479683, -0.1001762971113976 51.51785314015003, -0.0997434515044833 51.51610625334443, -0.0972189132862157 51.51533887176723, -0.0951271584680785 51.516318335879575, -0.0955598473124525 51.51806520210215, -0.0980844477370925 51.51883262479683))",0,True,True,,4
89194ad3293ffff,2,2-4,9,1,51.51960000472135,-0.10060917080745523,200.821,"POLYGON ((-0.1010420725954044 51.52134684705529, -0.1031340165227233 51.520367341868884, -0.102701050390584 51.51862047812936, -0.1001762971113976 51.51785314015003, -0.0980844477370925 51.51883262479683, -0.098517257089386 51.52057946796111, -0.1010420725954044 51.52134684705529))",0,True,True,,10
89194ad328bffff,2,2-2,9,1,51.5166612348904,-0.10688470713298817,200.821,"POLYGON ((-0.1073178019435295 51.51840814143557, -0.1094096434275666 51.517428446189584, -0.108976484282753 51.515681518244335, -0.1064516404253913 51.51491430610909, -0.1043598934602671 51.51589398080572, -0.1047928958340051 51.51764088818553, -0.1073178019435295 51.51840814143557))",0,True,True,,6
89194ad328fffff,2,2-3,9,1,51.51414705119249,-0.1039269191831362,200.821,"POLYGON ((-0.1043598934602671 51.51589398080572, -0.1064516404253913 51.51491430610909, -0.1060186018180871 51.51316735509481, -0.1034939729998639 51.512400099348994, -0.1014023205568438 51.51337975350149, -0.1018352024103518 51.51512668394252, -0.1043598934602671 51.51589398080572))",0,True,True,,11
89194ad362bffff,3,3-2,9,1,51.52232628888759,-0.09895009452982315,200.821,"POLYGON ((-0.0993829600610805 51.52407308757311, -0.101475002477881 51.52309366714869, -0.1010420725954044 51.52134684705529, -0.098517257089386 51.52057946796111, -0.0964253092410578 51.52155886784814, -0.0968580823306975 51.52330566736531, -0.0993829600610805 51.52407308757311))",0,True,True,,5
89194ad3627ffff,3,3-1,9,1,51.5200238974619,-0.09137610664497202,200.821,"POLYGON ((-0.0918086948716784 51.521770698630036, -0.0939006466124888 51.520791404037276, -0.0934679940357799 51.51904458145701, -0.0909435464899103 51.51827707406086, -0.0888516893393572 51.519256348128906, -0.0892841851447998 51.52100315011635, -0.0918086948716784 51.521770698630036))",0,True,True,,3
89194ad363bffff,3,3-6,9,1,51.525052444641105,-0.09729088350746022,200.821,"POLYGON ((-0.0977237127739817 51.526799199672354, -0.0998158536858556 51.52581986401453, -0.0993829600610805 51.52407308757311, -0.0968580823306975 51.52330566736531, -0.0947660360027722 51.52428498248799, -0.0951987728216784 51.526031738352174, -0.0977237127739817 51.526799199672354))",0,True,True,,3
89194ad3637ffff,3,3-5,9,1,51.52274992987053,-0.08971670901817445,200.821,"POLYGON ((-0.0901492609621921 51.524496687388236, -0.0922413111727201 51.52351747756218, -0.0918086948716784 51.521770698630036, -0.0892841851447998 51.52100315011635, -0.0871922295399894 51.521982339419964, -0.0876246890567497 51.52372909775828, -0.0901492609621921 51.524496687388236))",0,True,True,,1
89194ad362fffff,3,3-3,9,1,51.51981204609273,-0.09599256423588534,200.821,"POLYGON ((-0.0964253092410578 51.52155886784814, -0.098517257089386 51.52057946796111, -0.0980844477370925 51.51883262479683, -0.0955598473124525 51.51806520210215, -0.0934679940357799 51.51904458145701, -0.0939006466124888 51.520791404037276, -0.0964253092410578 51.52155886784814))",0,True,True,,1
89194ad3633ffff,3,3-4,9,1,51.52526423425518,-0.09267395555081367,200.821,"POLYGON ((-0.0931066280085686 51.52701096870593, -0.0951987728216784 51.526031738352174, -0.0947660360027722 51.52428498248799, -0.0922413111727201 51.52351747756218, -0.0901492609621921 51.524496687388236, -0.0905818409795127 51.526243422666404, -0.0931066280085686 51.52701096870593))",0,True,True,,3
89194ad3623ffff,3,3-0,9,1,51.52253820438197,-0.0943333272672558,200.821,"POLYGON ((-0.0947660360027722 51.52428498248799, -0.0968580823306975 51.52330566736531, -0.0964253092410578 51.52155886784814, -0.0939006466124888 51.520791404037276, -0.0918086948716784 51.521770698630036, -0.0922413111727201 51.52351747756218, -0.0947660360027722 51.52428498248799))",0,True,True,,2
88194ad363fffff,3,3,8,0,51.52253820438197,-0.094333327267266,531.415,"POLYGON ((-0.0931066280085635 51.52701096870593, -0.0998158536858658 51.525819864014544, -0.1010420725954044 51.52134684705529, -0.0955598473124525 51.51806520210215, -0.0888516893393572 51.519256348128906, -0.0876246890567497 51.52372909775828, -0.0931066280085635 51.52701096870593))",7,True,True,True,22
89194ad3067ffff,4,4-1,9,1,51.50451353369613,-0.0828691774629507,200.821,"POLYGON ((-0.0833013564580059 51.506260514231315, -0.0853927330199856 51.50528113220473, -0.0849604897053662 51.50353413025803, -0.082437026505308 51.5027665309584, -0.0803457445152023 51.50374589247656, -0.0807778311536964 51.50549287380136, -0.0833013564580059 51.506260514231315))",0,True,True,,5
89194ad3063ffff,4,4-0,9,1,51.507028111946234,-0.08582500437843614,200.821,"POLYGON ((-0.08625730378335 51.508775069479455, -0.0883487749140659 51.50779566693921, -0.0879164111854882 51.506048687995495, -0.0853927330199856 51.50528113220473, -0.0833013564580059 51.506260514231315, -0.083733563493192 51.508007472560905, -0.08625730378335 51.508775069479455))",0,True,True,,7
88194ad307fffff,4,4,8,0,51.50702811194624,-0.0858250043784361,531.415,"POLYGON ((-0.0845980616945608 51.511501322590696, -0.0913051522289163 51.51031013513138, -0.0925316149121113 51.50583667184678, -0.0870517678762369 51.502554663487544, -0.0803457445152228 51.50374589247654, -0.0791185011283994 51.50821908827997, -0.0845980616945608 51.511501322590696))",7,True,True,True,62
89194ad307bffff,4,4-6,9,1,51.50954262367188,-0.0887811666955265,200.821,"POLYGON ((-0.0892135865325642 51.51128955819048, -0.0913051522289112 51.51031013513138, -0.0908726680641104 51.508563179203286, -0.0883487749140659 51.50779566693921, -0.08625730378335 51.508775069479455, -0.0866896312374461 51.51052200480118, -0.0892135865325642 51.51128955819048))",0,True,True,,3
89194ad306fffff,4,4-3,9,1,51.5043016868439,-0.08748407550711483,200.821,"POLYGON ((-0.0879164111854882 51.506048687995495, -0.0900077839096318 51.50506920070912, -0.0895753839145963 51.503322178149304, -0.0870517678762267 51.50255466348756, -0.0849604897053662 51.50353413025803, -0.0853927330199856 51.50528113220473, -0.0879164111854882 51.506048687995495))",0,True,True,,15
89194ad306bffff,4,4-2,9,1,51.5068162010615,-0.09044021195858207,200.821,"POLYGON ((-0.0908726680641104 51.508563179203286, -0.0929641353384099 51.50758367139583, -0.0925316149121113 51.50583667184678, -0.0900077839096318 51.50506920070912, -0.0879164111854882 51.506048687995495, -0.0883487749140659 51.50779566693921, -0.0908726680641104 51.508563179203286))",0,True,True,,18
89194ad3073ffff,4,4-4,9,1,51.50975440868176,-0.08416579857115102,200.821,"POLYGON ((-0.0845980616945608 51.511501322590696, -0.0866896312374461 51.51052200480118, -0.08625730378335 51.508775069479455, -0.083733563493192 51.508007472560905, -0.0816420885345089 51.508986769839034, -0.082074259282187 51.510733684545635, -0.0845980616945608 51.511501322590696))",0,True,True,,11
89194ad3077ffff,4,4-5,9,1,51.50723983292322,-0.08120994582589768,200.821,"POLYGON ((-0.0816420885345089 51.508986769839034, -0.083733563493192 51.508007472560905, -0.0833013564580059 51.506260514231315, -0.0807778311536964 51.50549287380136, -0.0786864507823566 51.5064721505733, -0.0791185011283994 51.50821908827997, -0.0816420885345089 51.508986769839034))",0,True,True,,2
89194ad30cbffff,5,5-2,9,1,51.52023555884791,-0.08675979808748924,200.821,"POLYGON ((-0.0871922295399894 51.521982339419964, -0.0892841851447998 51.52100315011635, -0.0888516893393572 51.519256348128906, -0.0863273946965081 51.518488756045215, -0.0842355337005682 51.519467924831524, -0.0846678727390022 51.52121470621742, -0.0871922295399894 51.521982339419964))",0,True,True,,14
89194ad30d3ffff,5,5-4,9,1,51.52317281090613,-0.0804839197712836,200.821,"POLYGON ((-0.080916158145192 51.52491952722091, -0.0830082160354461 51.52394052797269, -0.0825759132987009 51.52219379023698, -0.0800517094478369 51.521426072359446, -0.0779597462005397 51.52240505110009, -0.0783918921615473 51.524151768224435, -0.080916158145192 51.52491952722091))",0,True,True,,11
89194ad30cfffff,5,5-3,9,1,51.517721121217754,-0.0838032227173072,200.821,"POLYGON ((-0.0842355337005682 51.519467924831524, -0.0863273946965081 51.518488756045215, -0.0858950193644176 51.51674193101502, -0.0833709397865044 51.51597429537912, -0.0812791734025591 51.516953443653385, -0.0817113919849541 51.518700248074204, -0.0842355337005682 51.519467924831524))",0,True,True,,13
89194ad30c3ffff,5,5-0,9,1,51.52044703026975,-0.08214363861608454,200.821,"POLYGON ((-0.0825759132987009 51.52219379023698, -0.0846678727390022 51.52121470621742, -0.0842355337005682 51.519467924831524, -0.0817113919849541 51.518700248074204, -0.0796195271721068 51.51967931158396, -0.0800517094478369 51.521426072359446, -0.0825759132987009 51.52219379023698))",0,True,True,,10
89194ad30c7ffff,5,5-1,9,1,51.51793252858279,-0.07918737294147103,200.821,"POLYGON ((-0.0796195271721068 51.51967931158396, -0.0817113919849541 51.518700248074204, -0.0812791734025591 51.516953443653385, -0.0787552467531745 51.51618572335905, -0.0766634765709466 51.51716476636419, -0.0770955384079174 51.51891155016686, -0.0796195271721068 51.51967931158396))",0,True,True,,13
88194ad30dfffff,5,5,8,0,51.52044703026977,-0.0821436386160947,531.415,"POLYGON ((-0.080916158145192 51.52491952722091, -0.0876246890567497 51.52372909775828, -0.0888516893393572 51.519256348128906, -0.0833709397865044 51.51597429537912, -0.0766634765709619 51.51716476636419, -0.0754356953239905 51.521637248561476, -0.080916158145192 51.52491952722091))",7,True,True,True,65
89194ad30d7ffff,5,5-5,9,1,51.520658311746544,-0.07752762828356094,200.821,"POLYGON ((-0.0779597462005397 51.52240505110009, -0.0800517094478369 51.521426072359446, -0.0796195271721068 51.51967931158396, -0.0770955384079174 51.51891155016686, -0.0750036698066895 51.51989050840515, -0.0754356953239905 51.521637248561476, -0.0779597462005397 51.52240505110009))",0,True,True,,11
89194ad30dbffff,5,5-6,9,1,51.52296146537223,-0.08510023983526806,200.821,"POLYGON ((-0.0855326349920759 51.52470820229288, -0.0876246890567497 51.52372909775828, -0.0871922295399894 51.521982339419964, -0.0846678727390022 51.52121470621742, -0.0825759132987009 51.52219379023698, -0.0830082160354461 51.52394052797269, -0.0855326349920759 51.52470820229288))",0,True,True,,8
89194ad300bffff,6,6-2,9,1,51.51248057703994,-0.0825064580716201,200.821,"POLYGON ((-0.0829386849055016 51.51422744731882, -0.0850303528661254 51.513248214284644, -0.0845980616945608 51.511501322590696, -0.082074259282187 51.510733684545635, -0.0799826859212386 51.511712897070694, -0.0804148203733897 51.5134597681485, -0.0829386849055016 51.51422744731882))",0,True,True,,13
89194ad300fffff,6,6-3,9,1,51.50996600378012,-0.07955057950712575,200.821,"POLYGON ((-0.0799826859212386 51.511712897070694, -0.082074259282187 51.510733684545635, -0.0816420885345089 51.508986769839034, -0.0791185011283994 51.50821908827997, -0.0770270223702558 51.509198280301085, -0.0774590364158086 51.5109451743838, -0.0799826859212386 51.511712897070694))",0,True,True,,13
89194ad3003ffff,6,6-0,9,1,51.51269204625642,-0.07789107849303116,200.821,"POLYGON ((-0.0783231486045957 51.51443889591589, -0.0804148203733897 51.5134597681485, -0.0799826859212386 51.511712897070694, -0.0774590364158086 51.5109451743838, -0.0753674592652885 51.51192428164953, -0.0757994370023171 51.513671132102395, -0.0783231486045957 51.51443889591589))",0,True,True,,14
89194ad301bffff,6,6-6,9,1,51.515206617010435,-0.08084698286627226,200.821,"POLYGON ((-0.0812791734025591 51.516953443653385, -0.0833709397865044 51.51597429537912, -0.0829386849055016 51.51422744731882, -0.0804148203733897 51.5134597681485, -0.0783231486045957 51.51443889591589, -0.0787552467531745 51.51618572335905, -0.0812791734025591 51.516953443653385))",0,True,True,,13
89194ad3017ffff,6,6-5,9,1,51.512903325576865,-0.07327584806029297,200.821,"POLYGON ((-0.0737077614538091 51.51465015460813, -0.0757994370023171 51.513671132102395, -0.0753674592652885 51.51192428164953, -0.072843962690982 51.51115647433466, -0.0707523817793423 51.51213547634616, -0.0711842028055351 51.51388230616536, -0.0737077614538091 51.51465015460813))",0,True,True,,6
89194ad3013ffff,6,6-4,9,1,51.515417960341665,-0.07623144276997058,200.821,"POLYGON ((-0.0766634765709466 51.51716476636419, -0.0787552467531745 51.51618572335905, -0.0783231486045957 51.51443889591589, -0.0757994370023171 51.513671132102395, -0.0737077614538091 51.51465015460813, -0.0741397028742634 51.51639696142535, -0.0766634765709466 51.51716476636419))",0,True,True,,12
88194ad301fffff,6,6,8,0,51.51269204625642,-0.0778910784930413,531.415,"POLYGON ((-0.0766634765709619 51.51716476636419, -0.0833709397865044 51.51597429537912, -0.0845980616945608 51.511501322590696, -0.0791185011283994 51.50821908827997, -0.0724121053432612 51.50940960088464, -0.0711842028055504 51.51388230616536, -0.0766634765709619 51.51716476636419))",7,True,True,True,73
89194ad3007ffff,6,6-1,9,1,51.510177408986145,-0.07493550955620777,200.821,"POLYGON ((-0.0753674592652885 51.51192428164953, -0.0774590364158086 51.5109451743838, -0.0770270223702558 51.509198280301085, -0.0745035878723879 51.508430514115396, -0.0724121053432612 51.50940960088464, -0.072843962690982 51.51115647433466, -0.0753674592652885 51.51192428164953))",0,True,True,,6
89194ad320bffff,7,7-2,9,1,51.51099497383694,-0.11481828677964907,200.821,"POLYGON ((-0.1152516107895486 51.512741988205654, -0.1173432512951748 51.51176201816077, -0.1169098629679986 51.51001498239986, -0.114384990884874 51.509247937237014, -0.1122934448486052 51.5102278867206, -0.112726676426493 51.511974901926905, -0.1152516107895486 51.512741988205654))",0,True,True,,5
89194ad3207ffff,7,7-1,9,1,51.50869358413795,-0.10724412874344359,200.821,"POLYGON ((-0.1076771754776382 51.5104406010071, -0.1097687255029238 51.50946075681862, -0.1093356144525824 51.50771371855299, -0.1068111101051595 51.506946545045615, -0.1047196545710628 51.50792636868545, -0.1051526088936022 51.50967338637986, -0.1076771754776382 51.5104406010071))",0,True,True,,5
89194ad3213ffff,7,7-4,9,1,51.51393456806341,-0.108543353244631,200.821,"POLYGON ((-0.108976484282753 51.515681518244335, -0.1110682272785925 51.51470173824791, -0.1106350319132334 51.512954766669225, -0.1081102503104767 51.512187595649955, -0.1060186018180871 51.51316735509481, -0.1064516404253913 51.51491430610909, -0.108976484282753 51.515681518244335))",0,True,True,,6
89194ad320fffff,7,7-3,9,1,51.50848084928575,-0.11186024137943329,200.821,"POLYGON ((-0.1122934448486052 51.5102278867206, -0.114384990884874 51.509247937237014, -0.1139517231025095 51.50750087840897, -0.111427066016315 51.50673378962552, -0.1093356144525824 51.50771371855299, -0.1097687255029238 51.50946075681862, -0.1122934448486052 51.5102278867206))",0,True,True,,1
89194ad3203ffff,7,7-0,9,1,51.51120777285842,-0.11020186465557319,200.821,"POLYGON ((-0.1106350319132334 51.512954766669225, -0.112726676426493 51.511974901926905, -0.1122934448486052 51.5102278867206, -0.1097687255029238 51.50946075681862, -0.1076771754776382 51.5104406010071, -0.1081102503104767 51.512187595649955, -0.1106350319132334 51.512954766669225))",0,True,True,,0
88194ad321fffff,7,7,8,0,51.51120777285839,-0.110201864655568,531.415,"POLYGON ((-0.1089764842827582 51.51568151824434, -0.1156849629172356 51.514488980339976, -0.1169098629679935 51.51001498239984, -0.111427066016315 51.50673378962552, -0.1047196545710628 51.50792636868545, -0.1034939729998741 51.51240009934899, -0.1089764842827582 51.51568151824434))",7,True,True,True,31
89194ad3217ffff,7,7-5,9,1,51.511420381850684,-0.10558559130837791,200.821,"POLYGON ((-0.1060186018180871 51.51316735509481, -0.1081102503104767 51.512187595649955, -0.1076771754776382 51.5104406010071, -0.1051526088936022 51.50967338637986, -0.1030610549078349 51.51065312527831, -0.1034939729998639 51.512400099348994, -0.1060186018180871 51.51316735509481))",0,True,True,,3
89194ad321bffff,7,7-6,9,1,51.513721894901536,-0.11315993611576956,200.821,"POLYGON ((-0.1135932239191488 51.51546886564135, -0.1156849629172356 51.514488980339976, -0.1152516107895486 51.512741988205654, -0.112726676426493 51.511974901926905, -0.1106350319132334 51.512954766669225, -0.1110682272785925 51.51470173824791, -0.1135932239191488 51.51546886564135))",0,True,True,,9
89194ad33dbffff,8,8-6,9,1,51.50387742340818,-0.09671431852736312,200.821,"POLYGON ((-0.097146967585231 51.505624465766175, -0.0992383325482904 51.50464476794492, -0.0988056191795788 51.50289770418521, -0.0962816975371779 51.50213035884092, -0.0941904270902231 51.503110036131375, -0.0946229837699648 51.50485707929551, -0.097146967585231 51.505624465766175))",0,True,True,,1
88194ad33dfffff,8,8,8,0,51.501362970760624,-0.0937578984717953,531.415,"POLYGON ((-0.0925316149121113 51.50583667184678, -0.0992383325482904 51.50464476794492, -0.1004641361207624 51.500170814259164, -0.0949840029460471 51.49688903191476, -0.0882783522260914 51.4980809772564, -0.0870517678762369 51.502554663487544, -0.0925316149121113 51.50583667184678))",7,True,True,True,36
89194ad33c3ffff,8,8-0,9,1,51.50136297076062,-0.09375789847178512,200.821,"POLYGON ((-0.0941904270902231 51.503110036131375, -0.0962816975371779 51.50213035884092, -0.0958491046120266 51.50038327206749, -0.0933253979120027 51.49961588318644, -0.091234221984276 51.50059553995129, -0.091666658237736 51.50234260612139, -0.0941904270902231 51.503110036131375))",0,True,True,,3
89194ad33c7ffff,8,8-1,9,1,51.49884845158046,-0.09080181378309357,200.821,"POLYGON ((-0.091234221984276 51.50059553995129, -0.0933253979120027 51.49961588318644, -0.0928929254081662 51.49786877341195, -0.0903694336314287 51.49710134101195, -0.0882783522260914 51.4980809772564, -0.088710668075494 51.49982806641982, -0.091234221984276 51.50059553995129))",0,True,True,,2
89194ad33d3ffff,8,8-4,9,1,51.50408965008757,-0.09209912254612154,200.821,"POLYGON ((-0.0925316149121113 51.50583667184678, -0.0946229837699648 51.50485707929551, -0.0941904270902231 51.503110036131375, -0.091666658237736 51.50234260612139, -0.0895753839145963 51.503322178149304, -0.0900077839096318 51.50506920070912, -0.0925316149121113 51.50583667184678))",0,True,True,,14
89194ad33d7ffff,8,8-5,9,1,51.50157513338516,-0.0891430119707713,200.821,"POLYGON ((-0.0895753839145963 51.503322178149304, -0.091666658237736 51.50234260612139, -0.091234221984276 51.50059553995129, -0.088710668075494 51.49982806641982, -0.0866194882901816 51.500807617929574, -0.0870517678762267 51.50255466348756, -0.0895753839145963 51.503322178149304))",0,True,True,,1
89194ad33cbffff,8,8-2,9,1,51.5011506182167,-0.09837293388227984,200.821,"POLYGON ((-0.0988056191795788 51.50289770418521, -0.1008968857218756 51.50191792162712, -0.1004641361207624 51.500170814259164, -0.0979402766536984 51.49940351004245, -0.0958491046120266 51.50038327206749, -0.0962816975371779 51.50213035884092, -0.0988056191795788 51.50289770418521))",0,True,True,,3
89194ad33cfffff,8,8-3,9,1,51.49863616309108,-0.09541653974920417,200.821,"POLYGON ((-0.0958491046120266 51.50038327206749, -0.0979402766536984 51.49940351004245, -0.0975076474911704 51.497656379665614, -0.0949840029460471 51.49688903191476, -0.0928929254081662 51.49786877341195, -0.0933253979120027 51.49961588318644, -0.0958491046120266 51.50038327206749))",0,True,True,,2
88194ad367fffff,9,9,8,0,51.524628295308254,-0.1065251863484836,531.415,"POLYGON ((-0.105299268710771 51.52910132690273, -0.112009188687221 51.52790954673722, -0.1132346258149748 51.52343626255041, -0.1077509248597647 51.52015502574154, -0.1010420725954044 51.52134684705529, -0.0998158536858658 51.525819864014544, -0.105299268710771 51.52910132690273))",7,True,True,True,26
89194ad366bffff,9,9-2,9,1,51.52441593555147,-0.1111425611273538,200.821,"POLYGON ((-0.1115758608458856 51.526162752271546, -0.1136679898829615 51.52518310067085, -0.1132346258149748 51.52343626255041, -0.110709289528962 51.522669096580145, -0.1086172550199416 51.52364872762334, -0.1090504622692807 51.525395545192886, -0.1115758608458856 51.526162752271546))",0,True,True,,5
89194ad3667ffff,9,9-1,9,1,51.5221141833683,-0.10356701075308174,200.821,"POLYGON ((-0.1040000330843931 51.52386100262456, -0.106092071561553 51.522881476893296, -0.1056589848819552 51.52113463623247, -0.1031340165227233 51.520367341868884, -0.1010420725954044 51.52134684705529, -0.101475002477881 51.52309366714869, -0.1040000330843931 51.52386100262456))",0,True,True,,6
89194ad367bffff,9,9-6,9,1,51.527142340510736,-0.10948369763499623,200.821,"POLYGON ((-0.1099169611198438 51.52888911357374, -0.1120091886872159 51.52790954673722, -0.1115758608458856 51.526162752271546, -0.1090504622692807 51.525395545192886, -0.106958329245425 51.52637509147418, -0.1073915002550506 51.52812186538795, -0.1099169611198438 51.52888911357374))",0,True,True,,7
89194ad3677ffff,9,9-5,9,1,51.52484046499845,-0.10190796045759305,200.821,"POLYGON ((-0.1023409465371872 51.526587240601444, -0.1044330835193093 51.52560779963444, -0.1040000330843931 51.52386100262456, -0.101475002477881 51.52309366714869, -0.0993829600610805 51.52407308757311, -0.0998158536858556 51.52581986401453, -0.1023409465371872 51.526587240601444))",0,True,True,,1
89194ad3663ffff,9,9-0,9,1,51.524628295308275,-0.10652518634848876,200.821,"POLYGON ((-0.106958329245425 51.52637509147418, -0.1090504622692807 51.525395545192886, -0.1086172550199416 51.52364872762334, -0.106092071561553 51.522881476893296, -0.1040000330843931 51.52386100262456, -0.1044330835193093 51.52560779963444, -0.106958329245425 51.52637509147418))",0,True,True,,1
89194ad366fffff,9,9-3,9,1,51.52190188780518,-0.10818407588433586,200.821,"POLYGON ((-0.1086172550199416 51.52364872762334, -0.110709289528962 51.522669096580145, -0.1102760460479902 51.52092223536061, -0.1077509248597647 51.52015502574154, -0.1056589848819552 51.52113463623247, -0.106092071561553 51.522881476893296, -0.1086172550199416 51.52364872762334))",0,True,True,,7
89194ad3673ffff,9,9-4,9,1,51.527354574394884,-0.10486616206054943,200.821,"POLYGON ((-0.105299268710771 51.52910132690273, -0.1073915002550506 51.52812186538795, -0.106958329245425 51.52637509147418, -0.1044330835193093 51.52560779963444, -0.1023409465371872 51.526587240601444, -0.1027739607194025 51.52833399395453, -0.105299268710771 51.52910132690273))",0,True,True,,0
89194ad322fffff,10,10-3,9,1,51.50072534329448,-0.10760345122084763,200.821,"POLYGON ((-0.1080364498887218 51.50247247043225, -0.1101277085362679 51.501492477323495, -0.1096946455704231 51.49974532879283, -0.1071704806418928 51.49897819394648, -0.1050793164577735 51.499958166507255, -0.1055122227391334 51.501705294460976, -0.1080364498887218 51.50247247043225))",0,True,True,,1
89194ad322bffff,10,10-2,9,1,51.50323960364127,-0.11056079959741193,200.821,"POLYGON ((-0.110993918756537 51.50498670774296, -0.1130852718643206 51.50400669408108, -0.1126520884031156 51.50225956858746, -0.1101277085362679 51.501492477323495, -0.1080364498887218 51.50247247043225, -0.1084694766481761 51.50421957535667, -0.110993918756537 51.50498670774296))",0,True,True,,9
89194ad3233ffff,10,10-4,9,1,51.50617932877054,-0.1042867283380475,200.821,"POLYGON ((-0.1047196545710628 51.50792636868545, -0.1068111101051595 51.506946545045615, -0.1063781195601555 51.50519948373325, -0.103853830191921 51.50443226663829, -0.1017624691521584 51.50541206973466, -0.1021953029866582 51.507159110468045, -0.1047196545710628 51.50792636868545))",0,True,True,,4
89194ad3237ffff,10,10-5,9,1,51.50366500678665,-0.10132966339810556,200.821,"POLYGON ((-0.1017624691521584 51.50541206973466, -0.103853830191921 51.50443226663829, -0.1034209601299818 51.50268518229184, -0.1008968857218756 51.50191792162712, -0.0988056191795788 51.50289770418521, -0.0992383325482904 51.50464476794492, -0.1017624691521584 51.50541206973466))",0,True,True,,3
89194ad323bffff,10,10-6,9,1,51.50596665806466,-0.10890253150192795,200.821,"POLYGON ((-0.1093356144525824 51.50771371855299, -0.111427066016315 51.50673378962552, -0.110993918756537 51.50498670774296, -0.1084694766481761 51.50421957535667, -0.1063781195601555 51.50519948373325, -0.1068111101051595 51.506946545045615, -0.1093356144525824 51.50771371855299))",0,True,True,,2
88194ad323fffff,10,10,8,0,51.503452400204,-0.1059451571057037,531.415,"POLYGON ((-0.1047196545710628 51.50792636868545, -0.111427066016315 51.50673378962552, -0.1126520884031156 51.50225956858746, -0.1071704806419031 51.49897819394648, -0.1004641361207624 51.500170814259164, -0.0992383325482904 51.50464476794492, -0.1047196545710628 51.50792636868545))",7,True,True,True,31
89194ad3223ffff,10,10-0,9,1,51.50345240020402,-0.10594515710572423,200.821,"POLYGON ((-0.1063781195601555 51.50519948373325, -0.1084694766481761 51.50421957535667, -0.1080364498887218 51.50247247043225, -0.1055122227391334 51.501705294460976, -0.1034209601299818 51.50268518229184, -0.103853830191921 51.50443226663829, -0.1063781195601555 51.50519948373325))",0,True,True,,6
89194ad3227ffff,10,10-1,9,1,51.50093807573426,-0.10298811814950816,200.821,"POLYGON ((-0.1034209601299818 51.50268518229184, -0.1055122227391334 51.501705294460976, -0.1050793164577735 51.499958166507255, -0.1025553042478861 51.49919094696877, -0.1004641361207624 51.500170814259164, -0.1008968857218756 51.50191792162712, -0.1034209601299818 51.50268518229184))",0,True,True,,0
89194ad36b3ffff,11,11-4,9,1,51.530927256538206,-0.08473770757734184,200.821,"POLYGON ((-0.0851701506250077 51.53267388306965, -0.0872624962782289 51.53169492757116, -0.0868299888524786 51.529948279618466, -0.0843052925972651 51.529180607759706, -0.0822130415962028 51.530159542742474, -0.0826453921986126 51.53190617009833, -0.0851701506250077 51.53267388306965))",0,True,True,,0
89194ad36afffff,11,11-3,9,1,51.52547583385973,-0.08805717664038887,200.821,"POLYGON ((-0.0884896922936791 51.5272225477212, -0.0905818409795127 51.526243422666404, -0.0901492609621921 51.524496687388236, -0.0876246890567497 51.52372909775828, -0.0855326349920759 51.52470820229288, -0.0859650582121004 51.52645491697621, -0.0884896922936791 51.5272225477212))",0,True,True,,7
88194ad36bfffff,11,11,8,0,51.52820160941911,-0.0863975094980112,531.415,"POLYGON ((-0.0851701506250179 51.53267388306964, -0.0918797494981939 51.53148349503227, -0.0931066280085635 51.52701096870593, -0.0876246890567497 51.52372909775828, -0.080916158145192 51.52491952722091, -0.0796884983356162 51.52939178619079, -0.0851701506250179 51.53267388306964))",7,True,True,True,39
89194ad36a3ffff,11,11-0,9,1,51.52820160941914,-0.08639750949801132,200.821,"POLYGON ((-0.0868299888524786 51.529948279618466, -0.0889222360192191 51.52896923933953, -0.0884896922936791 51.5272225477212, -0.0859650582121004 51.52645491697621, -0.0838729056820461 51.52743393673717, -0.0843052925972651 51.529180607759706, -0.0868299888524786 51.529948279618466))",0,True,True,,8
89194ad36bbffff,11,11-6,9,1,51.53071590871162,-0.0893548078197357,200.821,"POLYGON ((-0.089787407697915 51.532462555834385, -0.0918797494981837 51.531483495032276, -0.0914470852448172 51.52973682649155, -0.0889222360192191 51.52896923933953, -0.0868299888524786 51.529948279618466, -0.0872624962782289 51.53169492757116, -0.089787407697915 51.532462555834385))",0,True,True,,1
89194ad36b7ffff,11,11-5,9,1,51.5284128931422,-0.08178071905495693,200.821,"POLYGON ((-0.0822130415962028 51.530159542742474, -0.0843052925972651 51.529180607759706, -0.0838729056820461 51.52743393673717, -0.0813484245721798 51.52666622130065, -0.0792562682264041 51.52764513577292, -0.0796884983356162 51.52939178619079, -0.0822130415962028 51.530159542742474))",0,True,True,,9
89194ad36a7ffff,11,11-1,9,1,51.5256872434738,-0.08344054682898432,200.821,"POLYGON ((-0.0838729056820461 51.52743393673717, -0.0859650582121004 51.52645491697621, -0.0855326349920759 51.52470820229288, -0.0830082160354461 51.52394052797269, -0.080916158145192 51.52491952722091, -0.0813484245721798 51.52666622130065, -0.0838729056820461 51.52743393673717))",0,True,True,,11
89194ad36abffff,11,11-2,9,1,51.527990135701884,-0.09101444907284278,200.821,"POLYGON ((-0.0914470852448172 51.52973682649155, -0.0935393285487224 51.528757680911305, -0.0931066280085686 51.52701096870593, -0.0905818409795127 51.526243422666404, -0.0884896922936791 51.5272225477212, -0.0889222360192191 51.52896923933953, -0.0914470852448172 51.52973682649155))",0,True,True,,7
89194ad32d3ffff,12,12-4,9,1,51.52168940217912,-0.1128012898707788,200.821,"POLYGON ((-0.1132346258149748 51.52343626255041, -0.1153266563273221 51.52245652619016, -0.1148932560407092 51.52070964442079, -0.1123679820477608 51.51994251956011, -0.1102760460479902 51.52092223536061, -0.110709289528962 51.522669096580145, -0.1132346258149748 51.52343626255041))",0,True,True,,5
89194ad32cfffff,12,12-3,9,1,51.51623595023684,-0.11611834316542476,200.821,"POLYGON ((-0.1165517515367386 51.51798289789307, -0.118643585016467 51.51700299202748, -0.1182101123167248 51.51525602297771, -0.1156849629172356 51.514488980339976, -0.1135932239191488 51.51546886564135, -0.1140265398393041 51.51721581414324, -0.1165517515367386 51.51798289789307))",0,True,True,,3
89194ad32d7ffff,12,12-5,9,1,51.51917535189607,-0.10984283068176484,200.821,"POLYGON ((-0.1102760460479902 51.52092223536061, -0.1123679820477608 51.51994251956011, -0.1119347023431753 51.518195614696474, -0.1094096434275666 51.517428446189584, -0.1073178019435295 51.51840814143557, -0.1077509248597647 51.52015502574154, -0.1102760460479902 51.52092223536061))",0,True,True,,4
89194ad32dbffff,12,12-6,9,1,51.52147672647119,-0.11741865265970812,200.821,"POLYGON ((-0.1178521454166872 51.523223607386804, -0.1199441719038596 51.52224376570438, -0.1195106148073494 51.52049686339393, -0.1169851880339484 51.51972982330556, -0.1148932560407092 51.52070964442079, -0.1153266563273221 51.52245652619016, -0.1178521454166872 51.523223607386804))",0,True,True,,8
89194ad32cbffff,12,12-2,9,1,51.51874993883389,-0.11907708584576485,200.821,"POLYGON ((-0.1195106148073494 51.52049686339393, -0.1216025427655304 51.519516936958915, -0.1211689494714793 51.51776999100632, -0.118643585016467 51.51700299202748, -0.1165517515367386 51.51798289789307, -0.1169851880339484 51.51972982330556, -0.1195106148073494 51.52049686339393))",0,True,True,,16
88194ad32dfffff,12,12,8,0,51.518962740404085,-0.1144598838789397,531.415,"POLYGON ((-0.1132346258149748 51.52343626255041, -0.1199441719038596 51.52224376570438, -0.1211689494714793 51.51776999100632, -0.1156849629172356 51.514488980339976, -0.1089764842827582 51.51568151824434, -0.1077509248597647 51.52015502574154, -0.1132346258149748 51.52343626255041))",7,True,True,True,43
89194ad32c3ffff,12,12-0,9,1,51.518962740404106,-0.11445988387895005,200.821,"POLYGON ((-0.1148932560407092 51.52070964442079, -0.1169851880339484 51.51972982330556, -0.1165517515367386 51.51798289789307, -0.1140265398393041 51.51721581414324, -0.1119347023431753 51.518195614696474, -0.1123679820477608 51.51994251956011, -0.1148932560407092 51.52070964442079))",0,True,True,,2
89194ad32c7ffff,12,12-1,9,1,51.5164486875914,-0.11150145075437434,200.821,"POLYGON ((-0.1119347023431753 51.518195614696474, -0.1140265398393041 51.51721581414324, -0.1135932239191488 51.51546886564135, -0.1110682272785925 51.51470173824791, -0.108976484282753 51.515681518244335, -0.1094096434275666 51.517428446189584, -0.1119347023431753 51.518195614696474))",0,True,True,,6
89194ad3083ffff,13,13-0,9,1,51.51835477356462,-0.06995612091860459,200.821,"POLYGON ((-0.0703879616569524 51.520101515314174, -0.0724798340180841 51.519122662342205, -0.0720479289222549 51.517375899166495, -0.0695243082024718 51.51660800959705, -0.06743253050912 51.51758684207931, -0.0678642788681673 51.51933358461932, -0.0703879616569524 51.520101515314174))",0,True,True,,7
89194ad308fffff,13,13-3,9,1,51.515629113773166,-0.07161605185228728,200.821,"POLYGON ((-0.0720479289222549 51.517375899166495, -0.0741397028742634 51.51639696142535, -0.0737077614538091 51.51465015460813, -0.0711842028055351 51.51388230616536, -0.0690925235058316 51.514861223414535, -0.0695243082024718 51.51660800959705, -0.0720479289222549 51.517375899166495))",0,True,True,,7
89194ad3093ffff,13,13-4,9,1,51.521080304940845,-0.06829605524567055,200.821,"POLYGON ((-0.0687278596443162 51.52282700304079, -0.0708198304201408 51.52184823484257, -0.0703879616569524 51.520101515314174, -0.0678642788681673 51.51933358461932, -0.0657724027756203 51.52031233233007, -0.0662041147889878 51.52205903122174, -0.0687278596443162 51.52282700304079))",0,True,True,,0
88194ad309fffff,13,13,8,0,51.51835477356464,-0.0699561209186352,531.415,"POLYGON ((-0.0687278596443315 51.522827003040774, -0.0754356953239905 51.521637248561476, -0.0766634765709619 51.51716476636419, -0.0711842028055504 51.51388230616536, -0.0644774348133139 51.51507210235415, -0.0632488730108005 51.51954431701719, -0.0687278596443315 51.522827003040774))",7,True,True,True,51
89194ad308bffff,13,13-2,9,1,51.5181437460254,-0.07457167232433792,200.821,"POLYGON ((-0.0750036698066895 51.51989050840515, -0.0770955384079174 51.51891155016686, -0.0766634765709466 51.51716476636419, -0.0741397028742634 51.51639696142535, -0.0720479289222549 51.517375899166495, -0.0724798340180841 51.519122662342205, -0.0750036698066895 51.51989050840515))",0,True,True,,12
89194ad3087ffff,13,13-1,9,1,51.51584007732397,-0.06700081016590324,200.821,"POLYGON ((-0.06743253050912 51.51758684207931, -0.0695243082024718 51.51660800959705, -0.0690925235058316 51.514861223414535, -0.0665691178357645 51.51409329035639, -0.0644774348133088 51.51507210235415, -0.0649090627904515 51.516818867893164, -0.06743253050912 51.51758684207931))",0,True,True,,5
89194ad3097ffff,13,13-5,9,1,51.51856561121951,-0.0653407187769797,200.821,"POLYGON ((-0.0657724027756203 51.52031233233007, -0.0678642788681673 51.51933358461932, -0.06743253050912 51.51758684207931, -0.0649090627904515 51.516818867893164, -0.062817281384266 51.5177975951217, -0.0632488730107902 51.5195443170172, -0.0657724027756203 51.52031233233007))",0,True,True,,4
89194ad309bffff,13,13-6,9,1,51.52086940329721,-0.07291176714248751,200.821,"POLYGON ((-0.0733437282981782 51.522616122028346, -0.0754356953239905 51.521637248561476, -0.0750036698066895 51.51989050840515, -0.0724798340180841 51.519122662342205, -0.0703879616569524 51.520101515314174, -0.0708198304201408 51.52184823484257, -0.0733437282981782 51.522616122028346))",0,True,True,,8
88194ad303fffff,14,14,8,0,51.5049366577643,-0.0736398285699221,531.415,"POLYGON ((-0.0724121053432612 51.50940960088464, -0.0791185011283994 51.50821908827997, -0.0803457445152228 51.50374589247654, -0.0748673725236587 51.500463476846086, -0.0681620439033927 51.501654031167476, -0.0669340202214461 51.50612695938754, -0.0724121053432612 51.50940960088464))",0,True,True,True,12
89194ad346bffff,15,15-2,9,1,51.52589846311641,-0.07882406616928268,200.821,"POLYGON ((-0.0792562682264041 51.52764513577292, -0.0813484245721798 51.52666622130065, -0.080916158145192 51.52491952722091, -0.0783918921615473 51.524151768224435, -0.0762998304741979 51.5251306621914, -0.0767319401124656 51.526877335658725, -0.0792562682264041 51.52764513577292))",0,True,True,,12
89194ad3477ffff,15,15-5,9,1,51.52632033256336,-0.06959155251580339,200.821,"POLYGON ((-0.0700234409939684 51.52806696397976, -0.0721156048856687 51.52708826006952, -0.071683652031819 51.52534160722337, -0.0691596920668015 51.52457367891599, -0.067067622870742 51.52555236233584, -0.0674994189444663 51.52729899455204, -0.0700234409939684 51.52806696397976))",0,True,True,,2
89194ad3473ffff,15,15-4,9,1,51.52883489068203,-0.07254758577507352,200.821,"POLYGON ((-0.0729795947027676 51.53058149905776, -0.0750718532869583 51.52960277465191, -0.0746397799794945 51.527856144847426, -0.0721156048856687 51.52708826006952, -0.0700234409939684 51.52806696397976, -0.070455357504015 51.52981357316208, -0.0729795947027676 51.53058149905776))",0,True,True,,1
89194ad346fffff,15,15-3,9,1,51.52338396649126,-0.07586774887891347,200.821,"POLYGON ((-0.0762998304741979 51.5251306621914, -0.0783918921615473 51.524151768224435, -0.0779597462005397 51.52240505110009, -0.0754356953239905 51.521637248561476, -0.0733437282981782 51.522616122028346, -0.0737757174877724 51.524362818532516, -0.0762998304741979 51.5251306621914))",0,True,True,,9
88194ad347fffff,15,15,8,0,51.52610949280658,-0.0742077347139783,531.415,"POLYGON ((-0.0729795947027676 51.53058149905776, -0.0796884983356162 51.52939178619079, -0.080916158145192 51.52491952722091, -0.0754356953239905 51.521637248561476, -0.0687278596443315 51.522827003040774, -0.0674994189444663 51.52729899455204, -0.0729795947027676 51.53058149905776))",7,True,True,True,42
89194ad3467ffff,15,15-1,9,1,51.523594932146665,-0.07125172721087737,200.821,"POLYGON ((-0.071683652031819 51.52534160722337, -0.0737757174877724 51.524362818532516, -0.0733437282981782 51.522616122028346, -0.0708198304201408 51.52184823484257, -0.0687278596443162 51.52282700304079, -0.0691596920668015 51.52457367891599, -0.071683652031819 51.52534160722337))",0,True,True,,6
89194ad347bffff,15,15-6,9,1,51.52862398689016,-0.07716407779642578,200.821,"POLYGON ((-0.0775962435287368 51.53037061588256, -0.0796884983356162 51.52939178619079, -0.0792562682264041 51.52764513577292, -0.0767319401124656 51.526877335658725, -0.0746397799794945 51.527856144847426, -0.0750718532869583 51.52960277465191, -0.0775962435287368 51.53037061588256))",0,True,True,,9
89194ad3463ffff,15,15-0,9,1,51.526109492806576,-0.07420773471397323,200.821,"POLYGON ((-0.0746397799794945 51.527856144847426, -0.0767319401124656 51.526877335658725, -0.0762998304741979 51.5251306621914, -0.0737757174877724 51.524362818532516, -0.071683652031819 51.52534160722337, -0.0721156048856687 51.52708826006952, -0.0746397799794945 51.527856144847426))",0,True,True,,1
88194ad361fffff,16,16,8,0,51.53029264298886,-0.0985894555872544,531.415,"POLYGON ((-0.0973628782614289 51.53476518393656, -0.1040731719084791 51.53357412048326, -0.105299268710771 51.52910132690273, -0.0998158536858658 51.525819864014544, -0.0931066280085635 51.52701096870593, -0.0918797494981939 51.53148349503227, -0.0973628782614289 51.53476518393656))",0,True,True,True,17
89194ad338bffff,17,17-2,9,1,51.49906055017309,-0.08618723674632726,200.821,"POLYGON ((-0.0866194882901816 51.500807617929574, -0.088710668075494 51.49982806641982, -0.0882783522260914 51.4980809772564, -0.0857550132419095 51.49731346022121, -0.0836639279975756 51.498292991218, -0.0840960871968437 51.50004005976154, -0.0866194882901816 51.500807617929574))",0,True,True,,0
89194ad3397ffff,17,17-5,9,1,51.499484177744115,-0.07695852967154668,200.821,"POLYGON ((-0.077390467913602 51.501231204245514, -0.0794816553286737 51.50025186323063, -0.0790496527752604 51.49850481531576, -0.0765266194487668 51.497737129051814, -0.0744355266118297 51.49871644956867, -0.0748673725236434 51.500463476846086, -0.077390467913602 51.501231204245514))",0,True,True,,12
89194ad3383ffff,17,17-0,9,1,51.49927245888796,-0.08157280869160757,200.821,"POLYGON ((-0.082004903582421 51.501019506021294, -0.0840960871968437 51.50004005976154, -0.0836639279975756 51.498292991218, -0.0811407418301552 51.497525389561496, -0.0790496527752604 51.49850481531576, -0.0794816553286737 51.50025186323063, -0.082004903582421 51.501019506021294))",0,True,True,,10
89194ad3387ffff,17,17-1,9,1,51.49675774521044,-0.07861767824485787,200.821,"POLYGON ((-0.0790496527752604 51.49850481531576, -0.0811407418301552 51.497525389561496, -0.080708702995418 51.49577829804502, -0.0781857317348209 51.49501065291782, -0.0760947372426226 51.495990058171785, -0.0765266194487668 51.497737129051814, -0.0790496527752604 51.49850481531576))",0,True,True,,1
89194ad339bffff,17,17-6,9,1,51.501787106109255,-0.08452827443188486,200.821,"POLYGON ((-0.0849604897053662 51.50353413025803, -0.0870517678762267 51.50255466348756, -0.0866194882901816 51.500807617929574, -0.0840960871968437 51.50004005976154, -0.082004903582421 51.501019506021294, -0.082437026505308 51.5027665309584, -0.0849604897053662 51.50353413025803))",0,True,True,,7
88194ad339fffff,17,17,8,0,51.49927245888795,-0.0815728086915922,531.415,"POLYGON ((-0.0803457445152228 51.50374589247654, -0.0870517678762369 51.502554663487544, -0.0882783522260914 51.4980809772564, -0.0827996936956561 51.49479878755601, -0.0760947372426226 51.495990058171785, -0.0748673725236587 51.500463476846086, -0.0803457445152228 51.50374589247654))",7,True,True,True,35
89194ad338fffff,17,17-3,9,1,51.49654590048178,-0.08323179683140364,200.821,"POLYGON ((-0.0836639279975756 51.498292991218, -0.0857550132419095 51.49731346022121, -0.0853228177743227 51.4955663480771, -0.0827996936956561 51.49479878755601, -0.080708702995418 51.49577829804502, -0.0811407418301552 51.497525389561496, -0.0836639279975756 51.498292991218))",0,True,True,,5
89194ad3393ffff,17,17-4,9,1,51.501998888951924,-0.07991368590775876,200.821,"POLYGON ((-0.0803457445152023 51.50374589247656, -0.082437026505308 51.5027665309584, -0.082004903582421 51.501019506021294, -0.0794816553286737 51.50025186323063, -0.077390467913602 51.501231204245514, -0.0778224341776448 51.502978208552946, -0.0803457445152023 51.50374589247656))",0,True,True,,7
88194ad30bfffff,18,18,8,0,51.510599649797015,-0.0657058172041464,531.415,"POLYGON ((-0.0644774348133139 51.51507210235415, -0.0711842028055504 51.51388230616536, -0.0724121053432612 51.50940960088464, -0.0669340202214461 51.50612695938754, -0.0602283196509644 51.507316797382956, -0.0589996368922343 51.511789235053804, -0.0644774348133139 51.51507210235415))",0,True,True,True,16
89194ad3267ffff,19,19-1,9,1,51.50302661707939,-0.11517659082051661,200.821,"POLYGON ((-0.1156098666885786 51.50477374174479, -0.1177012157876314 51.503793622792465, -0.1172678756204256 51.50204647673843, -0.1147433430605512 51.50127947019572, -0.1126520884031156 51.50225956858746, -0.1130852718643206 51.50400669408108, -0.1156098666885786 51.50477374174479))",0,True,True,,13
89194ad327bffff,19,19-6,9,1,51.508054809486026,-0.12109291283122098,200.821,"POLYGON ((-0.121526429783032 51.50980188802585, -0.1236179677558104 51.50882172793671, -0.1231843864966271 51.50707462801025, -0.1206594240056224 51.50630770871627, -0.1185679804681141 51.50728784823438, -0.1190014049867579 51.509034927616064, -0.121526429783032 51.50980188802585))",0,True,True,,3
89194ad326bffff,19,19-2,9,1,51.505327505854254,-0.12275083336739612,200.821,"POLYGON ((-0.1231843864966271 51.50707462801025, -0.1252758259782678 51.50609438318915, -0.1248422085487067 51.50434723964876, -0.122317308365382 51.50358036147186, -0.1202259633035574 51.50456058571969, -0.1206594240056224 51.50630770871627, -0.1231843864966271 51.50707462801025))",0,True,True,,3
88194ad327fffff,19,19,8,0,51.50554074662547,-0.1181345840693048,531.415,"POLYGON ((-0.1169098629679935 51.51001498239984, -0.1236179677558104 51.50882172793671, -0.1248422085487067 51.50434723964876, -0.1193591262592725 51.50106627305865, -0.1126520884031156 51.50225956858746, -0.111427066016315 51.50673378962552, -0.1169098629679935 51.51001498239984))",7,True,True,True,31
89194ad3263ffff,19,19-0,9,1,51.505540746625485,-0.11813458406929978,200.821,"POLYGON ((-0.1185679804681141 51.50728784823438, -0.1206594240056224 51.50630770871627, -0.1202259633035574 51.50456058571969, -0.1177012157876314 51.503793622792465, -0.1156098666885786 51.50477374174479, -0.1160431706673737 51.506520844188735, -0.1185679804681141 51.50728784823438))",0,True,True,,1
89194ad326fffff,19,19-3,9,1,51.50281344049948,-0.11979253072233705,200.821,"POLYGON ((-0.1202259633035574 51.50456058571969, -0.122317308365382 51.50358036147186, -0.1218838114879262 51.50183319486626, -0.1193591262592572 51.50106627305865, -0.1172678756204256 51.50204647673843, -0.1177012157876314 51.503793622792465, -0.1202259633035574 51.50456058571969))",0,True,True,,3
89194ad3277ffff,19,19-5,9,1,51.505753797355936,-0.11351848342989784,200.821,"POLYGON ((-0.1139517231025095 51.50750087840897, -0.1160431706673737 51.506520844188735, -0.1156098666885786 51.50477374174479, -0.1130852718643206 51.50400669408108, -0.110993918756537 51.50498670774296, -0.111427066016315 51.50673378962552, -0.1139517231025095 51.50750087840897))",0,True,True,,2
89194ad3273ffff,19,19-4,9,1,51.50826792440813,-0.11647650275961594,200.821,"POLYGON ((-0.1169098629679986 51.51001498239986, -0.1190014049867579 51.509034927616064, -0.1185679804681141 51.50728784823438, -0.1160431706673737 51.506520844188735, -0.1139517231025095 51.50750087840897, -0.114384990884874 51.509247937237014, -0.1169098629679986 51.51001498239986))",0,True,True,,3
89194ad324bffff,20,20-2,9,1,51.51308273502882,-0.12701057705972368,200.821,"POLYGON ((-0.1274443351843037 51.51482976739256, -0.1295360620180222 51.51384956614588, -0.129102239577905 51.512102512397384, -0.1265768470794996 51.511335680423414, -0.12448521467465 51.51231586108872, -0.1249188803397323 51.51406289430795, -0.1274443351843037 51.51482976739256))",7,True,True,,21
89194ad3257ffff,20,20-5,9,1,51.513509031687775,-0.11777666774385379,200.821,"POLYGON ((-0.1182101123167248 51.51525602297771, -0.1203018472885261 51.51427603236634, -0.1198683383942746 51.512529019685154, -0.1173432512951748 51.51176201816077, -0.1152516107895486 51.512741988205654, -0.1156849629172356 51.514488980339976, -0.1182101123167248 51.51525602297771))",0,True,True,,4
89194ad325bffff,20,20-6,9,1,51.515809905285174,-0.12535257414546075,200.821,"POLYGON ((-0.1257862960945721 51.51755689401729, -0.1278781214559564 51.51657677751168, -0.1274443351843037 51.51482976739256, -0.1249188803397323 51.51406289430795, -0.1228271494227021 51.515042990234434, -0.1232607789062804 51.51678997982327, -0.1257862960945721 51.51755689401729))",0,True,True,,17
89194ad3243ffff,20,20-0,9,1,51.513295978403185,-0.12239354807609557,200.821,"POLYGON ((-0.1228271494227021 51.515042990234434, -0.1249188803397323 51.51406289430795, -0.12448521467465 51.51231586108872, -0.1219599748637756 51.5115489443326, -0.1198683383942746 51.512529019685154, -0.1203018472885261 51.51427603236634, -0.1228271494227021 51.515042990234434))",7,True,True,,23
89194ad3247ffff,20,20-1,9,1,51.51078198476735,-0.11943485762791499,200.821,"POLYGON ((-0.1198683383942746 51.512529019685154, -0.1219599748637756 51.5115489443326, -0.121526429783032 51.50980188802585, -0.1190014049867579 51.509034927616064, -0.1169098629679986 51.51001498239986, -0.1173432512951748 51.51176201816077, -0.1198683383942746 51.512529019685154))",0,True,True,,12
8a194ad324d7fff,20,20-3-2,10,2,51.510866996629126,-0.1257933735229767,75.864,"POLYGON ((-0.1256184821880779 51.511506185873124, -0.1265768470794996 51.511335680423414, -0.1267517286097479 51.51069648602633, -0.1259682612072586 51.51022780253124, -0.1250099180931049 51.51039830881626, -0.1248350206044891 51.511037497761045, -0.1256184821880779 51.511506185873124))",0,True,True,,7
8a194ad324effff,20,20-3-5,10,2,51.51027059250881,-0.12230982501409315,75.864,"POLYGON ((-0.1221349017645583 51.51090977084767, -0.1230932383712199 51.51073929297438, -0.1232681518170208 51.510100109482195, -0.1224847446124588 51.50963140931616, -0.121526429783032 51.50980188802585, -0.1213515003812592 51.510441066065106, -0.1221349017645583 51.51090977084767))",0,True,True,,2
8a194ad324f7fff,20,20-3-6,10,2,51.51167668185191,-0.1246601194650457,75.864,"POLYGON ((-0.12448521467465 51.51231586108872, -0.1254435872024067 51.51214537026315, -0.1256184821880779 51.511506185873124, -0.1248350206044891 51.511037497761045, -0.1238766698547562 51.51120798942218, -0.1237017589109354 51.51184716835983, -0.12448521467465 51.51231586108872))",0,True,True,,1
8a194ad32417fff,20,20-0-2,10,2,51.51359420499979,-0.12413539414061037,75.864,"POLYGON ((-0.1239604783967528 51.51423336967376, -0.1249188803397323 51.51406289430795, -0.1250937862783357 51.51342372448067, -0.1243103062332182 51.512955035471386, -0.1233519260697982 51.51312551167275, -0.1231770041722578 51.51376467604778, -0.1239604783967528 51.51423336967376))",0,True,True,,2
8a194ad3240ffff,20,20-0-1,10,2,51.51218811296354,-0.12178504431157958,75.864,"POLYGON ((-0.121610110107917 51.51282727674032, -0.1225684761268753 51.51265681432722, -0.1227434005262693 51.512017645396995, -0.1219599748637756 51.5115489443326, -0.1210016306235519 51.511719407582106, -0.1208266902674141 51.512358571059565, -0.121610110107917 51.51282727674032))",0,True,True,,5
88194ad325fffff,20,20,8,0,51.51329597840317,-0.1223935480760955,531.415,"POLYGON ((-0.1211689494714793 51.51776999100632, -0.1278781214559564 51.51657677751168, -0.129102239577905 51.512102512397384, -0.1236179677558104 51.50882172793671, -0.1169098629679935 51.51001498239984, -0.1156849629172356 51.514488980339976, -0.1211689494714793 51.51776999100632))",7,True,True,True,109
89194ad324fffff,20,20-3,9,1,51.51056880563061,-0.12405157714757449,200.821,"POLYGON ((-0.12448521467465 51.51231586108872, -0.1265768470794996 51.511335680423414, -0.1261431452409716 51.509588603579616, -0.1236179677558104 51.50882172793671, -0.121526429783032 51.50980188802585, -0.1219599748637756 51.5115489443326, -0.12448521467465 51.51231586108872))",7,True,True,,25
89194ad3253ffff,20,20-4,9,1,51.51602302280775,-0.12073538431335411,200.821,"POLYGON ((-0.1211689494714793 51.51776999100632, -0.1232607789062804 51.51678997982327, -0.1228271494227021 51.515042990234434, -0.1203018472885261 51.51427603236634, -0.1182101123167248 51.51525602297771, -0.118643585016467 51.51700299202748, -0.1211689494714793 51.51776999100632))",0,True,True,,13
8a194ad3242ffff,20,20-0-5,10,2,51.51299772968283,-0.12065174625960427,75.864,"POLYGON ((-0.1204767986000029 51.5136368834518, -0.1214351722526581 51.51346643566284, -0.121610110107917 51.51282727674032, -0.1208266902674141 51.512358571059565, -0.1198683383942746 51.512529019685154, -0.1196933845824747 51.51316817315484, -0.1204767986000029 51.5136368834518))",0,True,True,,2
8a194ad32437fff,20,20-0-6,10,2,51.51440383556839,-0.12300207862325714,75.864,"POLYGON ((-0.1228271494227021 51.515042990234434, -0.1237855590014851 51.51487252949324, -0.1239604783967528 51.51423336967376, -0.1231770041722578 51.51376467604778, -0.1222186163737696 51.513935137624806, -0.1220436810197932 51.514574291991956, -0.1228271494227021 51.515042990234434))",0,True,True,,6
8a194ad3241ffff,20,20-0-3,10,2,51.512486342443374,-0.12352684431597227,75.864,"POLYGON ((-0.1233519260697982 51.51312551167275, -0.1243103062332182 51.512955035471386, -0.12448521467465 51.51231586108872, -0.1237017589109354 51.51184716835983, -0.1227434005262693 51.512017645396995, -0.1225684761268753 51.51265681432722, -0.1233519260697982 51.51312551167275))",0,True,True,,1
8a194ad32427fff,20,20-0-4,10,2,51.51410558973096,-0.12126023074568325,75.864,"POLYGON ((-0.121085285586878 51.514744738944565, -0.1220436810197932 51.514574291991956, -0.1222186163737696 51.513935137624806, -0.1214351722526581 51.51346643566284, -0.1204767986000029 51.5136368834518, -0.1203018472885261 51.51427603236634, -0.121085285586878 51.514744738944565))",0,True,True,,2
8a194ad32487fff,20,20-2-0,10,2,51.51308273502878,-0.12701057705970317,75.864,"POLYGON ((-0.1268356907320489 51.5137219151624, -0.1277940991803211 51.51355141138246, -0.1279689757022959 51.512912226095786, -0.1271854597366273 51.51244355004088, -0.1262270730671678 51.51261405465557, -0.1260521805848706 51.513253234490385, -0.1268356907320489 51.5137219151624))",0,True,True,,1
8a194ad3248ffff,20,20-2-1,10,2,51.51197486996654,-0.12640196189868963,75.864,"POLYGON ((-0.1262270730671678 51.51261405465557, -0.1271854597366273 51.51244355004088, -0.1273603387629612 51.51180436019877, -0.1265768470794996 51.511335680423414, -0.1256184821880779 51.511506185873124, -0.1254435872024067 51.51214537026315, -0.1262270730671678 51.51261405465557))",0,True,True,,5
8a194ad3249ffff,20,20-2-3,10,2,51.51227303595484,-0.12814384857372055,75.864,"POLYGON ((-0.1279689757022959 51.512912226095786, -0.1289273765121367 51.512741707691234, -0.129102239577905 51.512102512397384, -0.1283187177947248 51.51163384095978, -0.1273603387629612 51.51180436019877, -0.1271854597366273 51.51244355004088, -0.1279689757022959 51.512912226095786))",0,True,True,,3
8a194ad32497fff,20,20-2-2,10,2,51.51338089813091,-0.1287525097959677,75.864,"POLYGON ((-0.1285776394293702 51.51402008371622, -0.1295360620180222 51.51384956614588, -0.1297109225784922 51.51321037540763, -0.1289273765121367 51.512741707691234, -0.1279689757022959 51.512912226095786, -0.1277940991803211 51.51355141138246, -0.1285776394293702 51.51402008371622))",0,True,True,,3
8a194ad324affff,20,20-2-5,10,2,51.51278454979905,-0.12526868856585396,75.864,"POLYGON ((-0.1250937862783357 51.51342372448067, -0.1260521805848706 51.513253234490385, -0.1262270730671678 51.51261405465557, -0.1254435872024067 51.51214537026315, -0.12448521467465 51.51231586108872, -0.1243103062332182 51.512955035471386, -0.1250937862783357 51.51342372448067))",0,True,True,,3
8a194ad324cffff,20,20-3-1,10,2,51.50946092113627,-0.12344306161185299,75.864,"POLYGON ((-0.1232681518170208 51.510100109482195, -0.1242264807894895 51.509929616985204, -0.124401380780626 51.50929042348608, -0.1236179677558104 51.50882172793671, -0.1226596605598057 51.50899222126988, -0.1224847446124588 51.50963140931616, -0.1232681518170208 51.510100109482195))",0,True,True,,1
8a194ad324c7fff,20,20-3-0,10,2,51.51056880563061,-0.12405157714757449,75.864,"POLYGON ((-0.1238766698547562 51.51120798942218, -0.1248350206044891 51.511037497761045, -0.1250099180931049 51.51039830881626, -0.1242264807894895 51.509929616985204, -0.1232681518170208 51.510100109482195, -0.1230932383712199 51.51073929297438, -0.1238766698547562 51.51120798942218))",0,True,True,,3
8a194ad324b7fff,20,20-2-6,10,2,51.514190591814746,-0.12761921900767642,75.864,"POLYGON ((-0.1274443351843037 51.51482976739256, -0.1284027654121634 51.51465926444708, -0.1285776394293702 51.51402008371622, -0.1277940991803211 51.51355141138246, -0.1268356907320489 51.5137219151624, -0.1266608007535244 51.51436109044164, -0.1274443351843037 51.51482976739256))",0,True,True,,3
8a194ad324a7fff,20,20-2-4,10,2,51.51389240947087,-0.12587728445167348,75.864,"POLYGON ((-0.1257023846674364 51.514531579596934, -0.1266608007535244 51.51436109044164, -0.1268356907320489 51.5137219151624, -0.1260521805848706 51.513253234490385, -0.1250937862783357 51.51342372448067, -0.1249188803397323 51.51406289430795, -0.1257023846674364 51.514531579596934))",0,True,True,,6
8a194ad32407fff,20,20-0-0,10,2,51.513295978403185,-0.12239354807607512,75.864,"POLYGON ((-0.1222186163737696 51.513935137624806, -0.1231770041722578 51.51376467604778, -0.1233519260697982 51.51312551167275, -0.1225684761268753 51.51265681432722, -0.121610110107917 51.51282727674032, -0.1214351722526581 51.51346643566284, -0.1222186163737696 51.513935137624806))",0,True,True,,3
8a194ad324e7fff,20,20-3-4,10,2,51.51137847161269,-0.12291832127434087,75.864,"POLYGON ((-0.1227434005262693 51.512017645396995, -0.1237017589109354 51.51184716835983, -0.1238766698547562 51.51120798942218, -0.1230932383712199 51.51073929297438, -0.1221349017645583 51.51090977084767, -0.1219599748637756 51.5115489443326, -0.1227434005262693 51.512017645396995))",0,True,True,,8
8a194ad324dffff,20,20-3-3,10,2,51.509759115017694,-0.12518481193097195,75.864,"POLYGON ((-0.1250099180931049 51.51039830881626, -0.1259682612072586 51.51022780253124, -0.1261431452409716 51.509588603579616, -0.125359702118271 51.50911991636547, -0.124401380780626 51.50929042348608, -0.1242264807894895 51.509929616985204, -0.1250099180931049 51.51039830881626))",0,True,True,,4
88194ad335fffff,21,21,8,0,51.495696622826365,-0.1016897606703223,531.415,"POLYGON ((-0.1004641361207624 51.500170814259164, -0.1071704806419031 51.49897819394648, -0.1083956252177884 51.49450374995465, -0.1029152062350974 51.49122219368838, -0.0962099283729871 51.49241485535092, -0.0949840029460471 51.49688903191476, -0.1004641361207624 51.500170814259164))",0,True,True,True,19
89195da4dafffff,22,22-3,9,1,51.52399064576218,-0.12037775713801152,200.821,"POLYGON ((-0.1208113705124497 51.52573750356417, -0.12290349149038 51.52475764130935, -0.1224698137723154 51.523010762113515, -0.1199441719038596 51.52224376570438, -0.1178521454166872 51.523223607386804, -0.1182856663075911 51.52497046604935, -0.1208113705124497 51.52573750356417))",0,True,True,,2
89195da4db7ffff,22,22-5,9,1,51.52692991653733,-0.11410138207746943,200.821,"POLYGON ((-0.1145348024011629 51.5286767101467, -0.1166270259631102 51.527697037983295, -0.1161935412858326 51.52595022297454, -0.1136679898829615 51.52518310067085, -0.1115758608458856 51.526162752271546, -0.1120091886872159 51.52790954673722, -0.1145348024011629 51.5286767101467))",0,True,True,,2
88195da4dbfffff,22,22,8,0,51.52671730245562,-0.1187192153351205,531.415,"POLYGON ((-0.117494079727152 51.53119060121826, -0.1242046935356741 51.52999814533331, -0.1254293484729426 51.52552459402137, -0.1199441719038596 51.52224376570438, -0.1132346258149748 51.52343626255041, -0.112009188687221 51.52790954673722, -0.117494079727152 51.53119060121826))",7,True,True,True,20
89195da4dbbffff,22,22-6,9,1,51.52923115238818,-0.12167868169308689,200.821,"POLYGON ((-0.1221123795046635 51.53097794340399, -0.1242046935356741 51.52999814533331, -0.1237709313693601 51.52825133292235, -0.1212450120299111 51.52748433910721, -0.1191527925019508 51.52846411660254, -0.119586397810778 51.530210908486985, -0.1221123795046635 51.53097794340399))",0,True,True,,9
89195da4dabffff,22,22-2,9,1,51.52650449824668,-0.12333719735517461,200.821,"POLYGON ((-0.1237709313693601 51.52825133292235, -0.125863146834844 51.52727145008993, -0.1254293484729426 51.52552459402137, -0.12290349149038 51.52475764130935, -0.1208113705124497 51.52573750356417, -0.1212450120299111 51.52748433910721, -0.1237709313693601 51.52825133292235))",0,True,True,,2
89195da4da3ffff,22,22-0,9,1,51.52671730245562,-0.11871921533511538,200.821,"POLYGON ((-0.1191527925019508 51.52846411660254, -0.1212450120299111 51.52748433910721, -0.1208113705124497 51.52573750356417, -0.1182856663075911 51.52497046604935, -0.1161935412858326 51.52595022297454, -0.1166270259631102 51.527697037983295, -0.1191527925019508 51.52846411660254))",0,True,True,,3
89195da4da7ffff,22,22-1,9,1,51.52420338570915,-0.11576008474148365,200.821,"POLYGON ((-0.1161935412858326 51.52595022297454, -0.1182856663075911 51.52497046604935, -0.1178521454166872 51.523223607386804, -0.1153266563273221 51.52245652619016, -0.1132346258149748 51.52343626255041, -0.1136679898829615 51.52518310067085, -0.1161935412858326 51.52595022297454))",0,True,True,,0
89195da4db3ffff,22,22-4,9,1,51.529443830732276,-0.11706053877600184,200.821,"POLYGON ((-0.1174940797271367 51.53119060121828, -0.119586397810778 51.530210908486985, -0.1191527925019508 51.52846411660254, -0.1166270259631102 51.527697037983295, -0.1145348024011629 51.5286767101467, -0.1149682508567731 51.530423481495816, -0.1174940797271367 51.53119060121828))",0,True,True,,1
88194ad331fffff,23,23,8,0,51.49360705329459,-0.0895047574661392,531.415,"POLYGON ((-0.0882783522260914 51.4980809772564, -0.0949840029460471 51.49688903191476, -0.0962099283729871 51.49241485535092, -0.0907309836344751 51.48913289164394, -0.0840263995655383 51.490324878522436, -0.0827996936956561 51.49479878755601, -0.0882783522260914 51.4980809772564))",0,True,True,True,6
88194ad343fffff,24,24,8,0,51.5240162937444,-0.062020131758408,531.415,"POLYGON ((-0.0607912110179501 51.528488032494096, -0.0674994189444663 51.52729899455204, -0.0687278596443315 51.522827003040774, -0.0632488730108005 51.51954431701719, -0.0565417330286851 51.520733396758665, -0.0553125118474823 51.525205120709224, -0.0607912110179501 51.528488032494096))",0,True,True,True,12
88194ad149fffff,25,25,8,0,51.49778510978601,-0.1138769318540569,531.415,"POLYGON ((-0.1126520884031156 51.50225956858746, -0.1193591262592725 51.50106627305865, -0.1205834895759697 51.4965915617412, -0.115101596407207 51.493310413263046, -0.1083956252177884 51.49450374995465, -0.1071704806419031 51.49897819394648, -0.1126520884031156 51.50225956858746))",7,True,True,True,22
89194ad1493ffff,25,25-4,9,1,51.50051242087821,-0.1122189330435954,200.821,"POLYGON ((-0.1126520884031156 51.50225956858746, -0.1147433430605512 51.50127947019572, -0.1143101234059588 51.4995323010969, -0.1117858057830626 51.498765250956524, -0.1096946455704231 51.49974532879283, -0.1101277085362679 51.501492477323495, -0.1126520884031156 51.50225956858746))",0,True,True,,4
89194ad148bffff,25,25-2,9,1,51.4975718715279,-0.11849240167686285,200.821,"POLYGON ((-0.1189257499116704 51.49931908340045, -0.1210169020958984 51.49833879499781, -0.1205834895759697 51.4965915617412, -0.1180590815521569 51.495824637444215, -0.1159680237786675 51.496804905281756, -0.1164012796186238 51.49855211797996, -0.1189257499116704 51.49931908340045))",0,True,True,,1
89194ad148fffff,25,25-3,9,1,51.495057670375076,-0.11553479604242262,200.821,"POLYGON ((-0.1159680237786675 51.496804905281756, -0.1180590815521569 51.495824637444215, -0.1176257895348853 51.494077381152486, -0.115101596407207 51.493310413263046, -0.1130106330476026 51.49429066054064, -0.1134437684021638 51.496037896266216, -0.1159680237786675 51.496804905281756))",0,True,True,,2
89194ad1483ffff,25,25-0,9,1,51.49778510978604,-0.11387693185406722,200.821,"POLYGON ((-0.1143101234059588 51.4995323010969, -0.1164012796186238 51.49855211797996, -0.1159680237786675 51.496804905281756, -0.1134437684021638 51.496037896266216, -0.1113527066188406 51.49701805882548, -0.1117858057830626 51.498765250956524, -0.1143101234059588 51.4995323010969))",0,True,True,,6
89194ad1487ffff,25,25-1,9,1,51.49527084448821,-0.11091963554823239,200.821,"POLYGON ((-0.1113527066188406 51.49701805882548, -0.1134437684021638 51.496037896266216, -0.1130106330476026 51.49429066054064, -0.1104865925685721 51.49352360794788, -0.108395625217773 51.49450374995466, -0.1088286039138492 51.49625096510528, -0.1113527066188406 51.49701805882548))",0,True,True,,1
89194ad149bffff,25,25-6,9,1,51.500299308466566,-0.11683456356498398,200.821,"POLYGON ((-0.1172678756204256 51.50204647673843, -0.1193591262592572 51.50106627305865, -0.1189257499116704 51.49931908340045, -0.1164012796186238 51.49855211797996, -0.1143101234059588 51.4995323010969, -0.1147433430605512 51.50127947019572, -0.1172678756204256 51.50204647673843))",0,True,True,,6
89194ad1497ffff,25,25-5,9,1,51.4979981580524,-0.1092616106971654,200.821,"POLYGON ((-0.1096946455704231 51.49974532879283, -0.1117858057830626 51.498765250956524, -0.1113527066188406 51.49701805882548, -0.1088286039138492 51.49625096510528, -0.1067375381491661 51.49723102239138, -0.1071704806418928 51.49897819394648, -0.1096946455704231 51.49974532879283))",0,True,True,,0
89194ad364fffff,26,26-3,9,1,51.529656318945335,-0.1124425446540294,200.821,"POLYGON ((-0.1128759287490365 51.5314030688928, -0.1149682508567731 51.530423481495816, -0.1145348024011629 51.5286767101467, -0.1120091886872159 51.52790954673722, -0.1099169611198438 51.52888911357374, -0.1103502527264615 51.53063586437878, -0.1128759287490365 51.5314030688928))",0,True,True,,1
89194ad3653ffff,26,26-4,9,1,51.53510873845906,-0.10912446547436569,200.821,"POLYGON ((-0.1095577770878121 51.53685540106524, -0.111650296303911 51.53587598321486, -0.1112169203158077 51.53412929920245, -0.1086911819870505 51.53336205358514, -0.1065987573422536 51.53434145087956, -0.107031976455326 51.536088114345844, -0.1095577770878121 51.53685540106524))",0,True,True,,4
89194ad3657ffff,26,26-5,9,1,51.532594765148204,-0.10616556634892893,200.821,"POLYGON ((-0.1065987573422536 51.53434145087956, -0.1086911819870505 51.53336205358514, -0.1082579266231868 51.53161534644654, -0.1057324034726628 51.530848057154884, -0.1036400734023523 51.53182743389857, -0.1040731719084638 51.533574120483266, -0.1065987573422536 51.53434145087956))",0,True,True,,9
89194ad3643ffff,26,26-0,9,1,51.53238259292273,-0.11078357245757507,200.821,"POLYGON ((-0.1112169203158077 51.53412929920245, -0.113309340974917 51.53314979657646, -0.1128759287490365 51.5314030688928, -0.1103502527264615 51.53063586437878, -0.1082579266231868 51.53161534644654, -0.1086911819870505 51.53336205358514, -0.1112169203158077 51.53412929920245))",0,True,True,,12
89194ad365bffff,26,26-6,9,1,51.534896501993266,-0.11374278133434604,200.821,"POLYGON ((-0.1141762498300296 51.536643185139994, -0.1162687650417739 51.53566366195063, -0.1158352321743775 51.533916957400905, -0.113309340974917 51.53314979657646, -0.1112169203158077 51.53412929920245, -0.111650296303911 51.53587598321486, -0.1141762498300296 51.536643185139994))",0,True,True,,0
89194ad364bffff,26,26-2,9,1,51.5321702305816,-0.11540172744694946,200.821,"POLYGON ((-0.1158352321743775 51.533916957400905, -0.1179276488192621 51.53293734943828, -0.1174940797271367 51.53119060121828, -0.1149682508567731 51.530423481495816, -0.1128759287490365 51.5314030688928, -0.113309340974917 51.53314979657646, -0.1158352321743775 51.533916957400905))",0,True,True,,0
88194ad365fffff,26,26,8,0,51.53238259292271,-0.1107835724575545,531.415,"POLYGON ((-0.1095577770878223 51.536855401065246, -0.1162687650417892 51.5356636619506, -0.117494079727152 51.53119060121826, -0.112009188687221 51.52790954673722, -0.105299268710771 51.52910132690273, -0.1040731719084791 51.53357412048326, -0.1095577770878223 51.536855401065246))",7,True,True,True,28
89194ad3647ffff,26,26-1,9,1,51.52986861704644,-0.1078246993800646,200.821,"POLYGON ((-0.1082579266231868 51.53161534644654, -0.1103502527264615 51.53063586437878, -0.1099169611198438 51.52888911357374, -0.1073915002550506 51.52812186538795, -0.105299268710771 51.52910132690273, -0.1057324034726628 51.530848057154884, -0.1082579266231868 51.53161534644654))",0,True,True,,1
88194ad345fffff,27,27,8,0,51.53386380713774,-0.0784606591491936,531.415,"POLYGON ((-0.0772326405477215 51.53833559002005, -0.0839426123995701 51.537145918668216, -0.0851701506250179 51.53267388306964, -0.0796884983356162 51.52939178619079, -0.0729795947027676 51.53058149905776, -0.0717512752521504 51.53505326727331, -0.0772326405477215 51.53833559002005))",0,True,True,True,17
88194ad369fffff,28,28,8,0,51.535955783319295,-0.0906526916979714,531.415,"POLYGON ((-0.0894254545697169 51.540427833525314, -0.096136121670239 51.539237486815885, -0.0973628782614289 51.53476518393656, -0.0918797494981939 51.53148349503227, -0.0851701506250179 51.53267388306964, -0.0839426123995701 51.537145918668216, -0.0894254545697169 51.540427833525314))",0,True,True,True,1
88194ad355fffff,29,29,8,0,51.51626143485962,-0.0577707746975403,531.415,"POLYGON ((-0.0565417330286851 51.520733396758665, -0.0632488730108005 51.51954431701719, -0.0644774348133139 51.51507210235415, -0.0589996368922343 51.511789235053804, -0.0522935645886553 51.512978356691825, -0.0510642226393848 51.51745030371856, -0.0565417330286851 51.520733396758665))",0,True,True,True,19
89195da4d27ffff,30,30-1,9,1,51.51853694716654,-0.12369443652954654,200.821,"POLYGON ((-0.1241281222951245 51.5202838922611, -0.1262200461897469 51.51930386050114, -0.1257862960945721 51.51755689401729, -0.1232607789062804 51.51678997982327, -0.1211689494714793 51.51776999100632, -0.1216025427655304 51.519516936958915, -0.1241281222951245 51.5202838922611))",0,True,True,,10
89195da4d2fffff,30,30-3,9,1,51.518323765382924,-0.1283119358773779,200.821,"POLYGON ((-0.1287457784512444 51.520070731003244, -0.1308376982537789 51.51909059391329, -0.1304037913532599 51.517343606906955, -0.1278781214559564 51.51657677751168, -0.1257862960945721 51.51755689401729, -0.1262200461897469 51.51930386050114, -0.1287457784512444 51.520070731003244))",0,True,True,,12
88195da4d3fffff,30,30,8,0,51.521050804733605,-0.1266538244336612,531.415,"POLYGON ((-0.1254293484729426 51.52552459402137, -0.1321395879191482 51.524331421397896, -0.1333635832229108 51.51985737960141, -0.1278781214559564 51.51657677751168, -0.1211689494714793 51.51776999100632, -0.1199441719038596 51.52224376570438, -0.1254293484729426 51.52552459402137))",7,True,True,True,51
89195da4d33ffff,30,30-4,9,1,51.52377771569164,-0.12499557826413894,200.821,"POLYGON ((-0.1254293484729426 51.52552459402137, -0.1275214653784995 51.524544626431855, -0.1270876308290216 51.52279772671153, -0.1245618362057668 51.522030815103854, -0.1224698137723154 51.523010762113515, -0.12290349149038 51.52475764130935, -0.1254293484729426 51.52552459402137))",0,True,True,,12
89195da4d3bffff,30,30-6,9,1,51.52356459547855,-0.12961354806711023,200.821,"POLYGON ((-0.1300474751144833 51.52531149432724, -0.1321395879191482 51.524331421397896, -0.1317055965340409 51.52258450116187, -0.1291796491802681 51.521817674369494, -0.1270876308290216 51.52279772671153, -0.1275214653784995 51.524544626431855, -0.1300474751144833 51.52531149432724))",0,True,True,,6
89195da4d37ffff,30,30-5,9,1,51.521263860662344,-0.12203616419826427,200.821,"POLYGON ((-0.1224698137723154 51.523010762113515, -0.1245618362057668 51.522030815103854, -0.1241281222951245 51.5202838922611, -0.1216025427655304 51.519516936958915, -0.1195106148073494 51.52049686339393, -0.1199441719038596 51.52224376570438, -0.1224698137723154 51.523010762113515))",0,True,True,,10
89195da4d23ffff,30,30-0,9,1,51.52105080473359,-0.12665382443367654,200.821,"POLYGON ((-0.1270876308290216 51.52279772671153, -0.1291796491802681 51.521817674369494, -0.1287457784512444 51.520070731003244, -0.1262200461897469 51.51930386050114, -0.1241281222951245 51.5202838922611, -0.1245618362057668 51.522030815103854, -0.1270876308290216 51.52279772671153))",0,True,True,,2
89195da4d2bffff,30,30-2,9,1,51.520837558665974,-0.13127163331311964,200.821,"POLYGON ((-0.1317055965340409 51.52258450116187, -0.1337976107745285 51.52160434348236, -0.1333635832228955 51.51985737960142, -0.1308376982537789 51.51909059391329, -0.1287457784512444 51.520070731003244, -0.1291796491802681 51.521817674369494, -0.1317055965340409 51.52258450116187))",0,True,True,,2
88194ad315fffff,31,31,8,0,51.49718086517861,-0.069389888288111,531.415,"POLYGON ((-0.0681620439033927 51.501654031167476, -0.0748673725236587 51.500463476846086, -0.0760947372426226 51.495990058171785, -0.0706175534137373 51.492707461462736, -0.0639132916928855 51.49389805759787, -0.0626851470131253 51.49837120861323, -0.0681620439033927 51.501654031167476))",0,True,True,True,12
88194ad31dfffff,32,32,8,0,51.50284412188886,-0.0614568230118683,531.415,"POLYGON ((-0.0602283196509644 51.507316797382956, -0.0669340202214461 51.50612695938754, -0.0681620439033927 51.501654031167476, -0.0626851470131253 51.49837120861323, -0.0559805135987334 51.49956108851232, -0.0547517100301574 51.50403374904696, -0.0602283196509644 51.507316797382956))",0,True,True,True,4
88194ad341fffff,33,33,8,0,51.53177074805671,-0.0662707987808629,531.415,"POLYGON ((-0.0650419991153047 51.53624226351312, -0.0717512752521504 51.53505326727331, -0.0729795947027676 51.53058149905776, -0.0674994189444663 51.52729899455204, -0.0607912110179501 51.528488032494096, -0.0595621107512461 51.53295953322452, -0.0650419991153047 51.53624226351312))",0,True,True,True,15
89194ad36d7ffff,34,34-5,9,1,51.5382584063683,-0.0982287171152315,200.821,"POLYGON ((-0.0986616786981284 51.54000498418551, -0.100754304380092 51.53902586178265, -0.1003212784096624 51.53727926255037, -0.0977957836372244 51.53651180628427, -0.0957032525793358 51.53749090814832, -0.0961361216702186 51.53923748681591, -0.0986616786981284 51.54000498418551))",0,True,True,,7
89194ad36c3ffff,34,34-0,9,1,51.5380466760081,-0.10284689590343059,200.821,"POLYGON ((-0.1032800143730681 51.539793274384486, -0.105372636117648 51.538814046650515, -0.1049394532634249 51.53706742686235, -0.1024138055488271 51.53630005536265, -0.1003212784096624 51.53727926255037, -0.100754304380092 51.53902586178265, -0.1032800143730681 51.539793274384486))",0,True,True,,8
89194ad36dbffff,34,34-6,9,1,51.540560644166966,-0.10580584709328905,200.821,"POLYGON ((-0.1062390861930122 51.54230721940847, -0.1083318025398466 51.54132797112306, -0.1078984990514274 51.53958137447072, -0.105372636117648 51.538814046650515, -0.1032800143730681 51.539793274384486, -0.1037131609603933 51.54153985048872, -0.1062390861930122 51.54230721940847))",0,True,True,,1
89194ad36d3ffff,34,34-4,9,1,51.540772438745435,-0.10118735846181509,200.821,"POLYGON ((-0.1016204406575005 51.54251899343557, -0.1037131609603933 51.54153985048872, -0.1032800143730681 51.539793274384486, -0.100754304380092 51.53902586178265, -0.0986616786981284 51.54000498418551, -0.0990946683886038 51.541751539732815, -0.1016204406575005 51.54251899343557))",0,True,True,,3
89194ad36cfffff,34,34-3,9,1,51.535320784805556,-0.10450629852793514,200.821,"POLYGON ((-0.1049394532634249 51.53706742686235, -0.107031976455326 51.536088114345844, -0.1065987573422536 51.53434145087956, -0.1040731719084638 51.533574120483266, -0.1019807433065328 51.534553412451245, -0.1024138055488271 51.53630005536265, -0.1049394532634249 51.53706742686235))",0,True,True,,9
89194ad36cbffff,34,34-2,9,1,51.53783475554393,-0.10746522369079506,200.821,"POLYGON ((-0.1078984990514274 51.53958137447072, -0.1099911168301003 51.53860204140051, -0.1095577770878121 51.53685540106524, -0.107031976455326 51.536088114345844, -0.1049394532634249 51.53706742686235, -0.105372636117648 51.538814046650515, -0.1078984990514274 51.53958137447072))",0,True,True,,2
89194ad36c7ffff,34,34-1,9,1,51.535532641051724,-0.09988828054787337,200.821,"POLYGON ((-0.1003212784096624 51.53727926255037, -0.1024138055488271 51.53630005536265, -0.1019807433065328 51.534553412451245, -0.0994553107919953 51.53378599728986, -0.0973628782614289 51.53476518393656, -0.0977957836372244 51.53651180628427, -0.1003212784096624 51.53727926255037))",0,True,True,,1
88194ad36dfffff,34,34,8,0,51.5380466760081,-0.1028468959034459,531.415,"POLYGON ((-0.1016204406575158 51.54251899343557, -0.1083318025398466 51.54132797112306, -0.1095577770878223 51.536855401065246, -0.1040731719084791 51.53357412048326, -0.0973628782614289 51.53476518393656, -0.096136121670239 51.539237486815885, -0.1016204406575158 51.54251899343557))",7,True,True,True,28
88195da49bfffff,35,35,8,0,51.5076280094325,-0.1303261788376308,531.415,"POLYGON ((-0.129102239577905 51.512102512397384, -0.1358110372412646 51.51090858228601, -0.137034496032085 51.506433826850625, -0.1315499392731926 51.50315326865882, -0.1248422085487067 51.50434723964876, -0.1236179677558104 51.50882172793671, -0.129102239577905 51.512102512397384))",7,True,True,True,82
89195da49afffff,35,35-3,9,1,51.50490045411352,-0.1319837777285872,200.821,"POLYGON ((-0.1324176443313875 51.506647617337336, -0.1345090756158034 51.505667161895026, -0.1340751447185338 51.50391997729338, -0.1315499392731773 51.50315326865884, -0.1294586023712815 51.50413370351299, -0.1298923765325897 51.505880867588395, -0.1324176443313875 51.506647617337336))",0,True,True,,2
89195da49a7ffff,35,35-1,9,1,51.50511407502324,-0.12736723127139474,200.821,"POLYGON ((-0.1278009411353171 51.50686121771754, -0.1298923765325897 51.505880867588395, -0.1294586023712815 51.50413370351299, -0.1269335495448168 51.50336691010032, -0.1248422085487067 51.50434723964876, -0.1252758259782678 51.50609438318915, -0.1278009411353171 51.50686121771754))",0,True,True,,2
89195da49b3ffff,35,35-4,9,1,51.51035543640773,-0.1286684452858585,200.821,"POLYGON ((-0.129102239577905 51.512102512397384, -0.1311938678895985 51.511122226414194, -0.1307600092890752 51.509375129042134, -0.1282346791392534 51.50860833818008, -0.1261431452409716 51.509588603579616, -0.1265768470794996 51.511335680423414, -0.129102239577905 51.512102512397384))",7,True,True,,34
89195da49abffff,35,35-2,9,1,51.507414324263095,-0.13494303466689833,200.821,"POLYGON ((-0.1353770218744848 51.50916146439447, -0.1374685475382309 51.508180988358845, -0.137034496032085 51.506433826850625, -0.1345090756158034 51.505667161895026, -0.1324176443313875 51.506647617337336, -0.1328515390843151 51.508394758327114, -0.1353770218744848 51.50916146439447))",0,True,True,,6
89195da49bbffff,35,35-6,9,1,51.51014187707977,-0.13328546199004085,200.821,"POLYGON ((-0.1337194130512457 51.51188897359213, -0.1358110372412646 51.51090858228601, -0.1353770218744848 51.50916146439447, -0.1328515390843151 51.508394758327114, -0.1307600092890752 51.509375129042134, -0.1311938678895985 51.511122226414194, -0.1337194130512457 51.51188897359213))",0,True,True,,17
89195da49b7ffff,35,35-5,9,1,51.507841504500504,-0.12570947154148504,200.821,"POLYGON ((-0.1261431452409716 51.509588603579616, -0.1282346791392534 51.50860833818008, -0.1278009411353171 51.50686121771754, -0.1252758259782678 51.50609438318915, -0.1231843864966271 51.50707462801025, -0.1236179677558104 51.50882172793671, -0.1261431452409716 51.509588603579616))",0,True,True,,11
8a195da49b27fff,35,35-4-4,10,2,51.511165165502646,-0.12753521413879385,75.864,"POLYGON ((-0.1273603387629612 51.51180436019877, -0.1283187177947248 51.51163384095978, -0.128493583365418 51.510994641110685, -0.1277100858642142 51.510525965952574, -0.1267517286097479 51.51069648602633, -0.1265768470794996 51.511335680423414, -0.1273603387629612 51.51180436019877))",0,True,True,,8
8a195da49b2ffff,35,35-4-5,10,2,51.51005728677542,-0.1269266064895184,75.864,"POLYGON ((-0.1267517286097479 51.51069648602633, -0.1277100858642142 51.510525965952574, -0.127884953939352 51.509886761548714, -0.127101480718951 51.509418082670784, -0.1261431452409716 51.509588603579616, -0.1259682612072586 51.51022780253124, -0.1267517286097479 51.51069648602633))",0,True,True,,4
8a195da49b37fff,35,35-4-6,10,2,51.51146331224941,-0.129277098993443,75.864,"POLYGON ((-0.129102239577905 51.512102512397384, -0.1300606327486532 51.51193197936837, -0.1302354823585784 51.511292774067606, -0.1294519547588501 51.51082410724747, -0.128493583365418 51.510994641110685, -0.1283187177947248 51.51163384095978, -0.129102239577905 51.512102512397384))",0,True,True,,5
89195da49a3ffff,35,35-0,9,1,51.50762800943247,-0.13032617883761546,200.821,"POLYGON ((-0.1307600092890752 51.509375129042134, -0.1328515390843151 51.508394758327114, -0.1324176443313875 51.506647617337336, -0.1298923765325897 51.505880867588395, -0.1278009411353171 51.50686121771754, -0.1282346791392534 51.50860833818008, -0.1307600092890752 51.509375129042134))",0,True,True,,6
8a195da49b07fff,35,35-4-0,10,2,51.51035543640774,-0.1286684452858739,75.864,"POLYGON ((-0.128493583365418 51.510994641110685, -0.1294519547588501 51.51082410724747, -0.1296268068741998 51.510184897391696, -0.1288433035562579 51.509716226851, -0.127884953939352 51.509886761548714, -0.1277100858642142 51.510525965952574, -0.128493583365418 51.510994641110685))",0,True,True,,6
8a195da49b0ffff,35,35-4-1,10,2,51.50924755229117,-0.12805981836433716,75.864,"POLYGON ((-0.127884953939352 51.509886761548714, -0.1288433035562579 51.509716226851, -0.1290181581766232 51.50907701244066, -0.1282346791392534 51.50860833818008, -0.1272763512981195 51.508778873712565, -0.127101480718951 51.509418082670784, -0.127884953939352 51.509886761548714))",0,True,True,,1
8a195da49b17fff,35,35-4-2,10,2,51.510653563912896,-0.13041032831854232,75.864,"POLYGON ((-0.1302354823585784 51.511292774067606, -0.1311938678895985 51.511122226414194, -0.1313687040440032 51.51048301110679, -0.13058517062868 51.51001434890436, -0.1296268068741998 51.510184897391696, -0.1294519547588501 51.51082410724747, -0.1302354823585784 51.511292774067606))",0,True,True,,8
8a195da49b1ffff,35,35-4-3,10,2,51.50954568268219,-0.12980165533965762,75.864,"POLYGON ((-0.1296268068741998 51.510184897391696, -0.13058517062868 51.51001434890436, -0.1307600092890752 51.509375129042134, -0.1299765001553075 51.50890646311906, -0.1290181581766232 51.50907701244066, -0.1288433035562579 51.509716226851, -0.1296268068741998 51.510184897391696))",0,True,True,,2
88194ad33bfffff,36,36,8,0,51.49151640178316,-0.0773219227649566,531.415,"POLYGON ((-0.0760947372426226 51.495990058171785, -0.0827996936956561 51.49479878755601, -0.0840263995655383 51.490324878522436, -0.0785489291287639 51.487042507722066, -0.071845039318414 51.48823382006167, -0.0706175534137373 51.492707461462736, -0.0760947372426226 51.495990058171785))",0,True,True,True,7
88194ad357fffff,37,37,8,0,51.508506171787374,-0.0535227270395223,531.415,"POLYGON ((-0.0522935645886553 51.512978356691825, -0.0589996368922343 51.511789235053804, -0.0602283196509644 51.507316797382956, -0.0547517100301574 51.50403374904696, -0.0480467051393039 51.505222912678555, -0.0468172425682391 51.50969508263754, -0.0522935645886553 51.512978356691825))",0,True,True,True,4
88194ad14dfffff,38,38,8,0,51.499872513581074,-0.1260662704928833,531.415,"POLYGON ((-0.1248422085487067 51.50434723964876, -0.1315499392731926 51.50315326865882, -0.1327735209226602 51.4986782901182, -0.1272901536264001 51.4953975497755, -0.1205834895759697 51.4965915617412, -0.1193591262592725 51.50106627305865, -0.1248422085487067 51.50434723964876))",0,True,True,True,16
8a195da49877fff,39,39-1-6,10,2,51.5139771579453,-0.132236507989675,75.864,"POLYGON ((-0.1320616695487234 51.5146163544331, -0.1330201204140423 51.51444580927988, -0.1331949490479141 51.51380660763939, -0.1324113427806638 51.51333795660307, -0.1314529136941989 51.51350850258941, -0.131278069096447 51.514147698778935, -0.1320616695487234 51.5146163544331))",0,True,True,,3
8a195da4986ffff,39,39-1-5,10,2,51.5125711798151,-0.12988577948865757,75.864,"POLYGON ((-0.1297109225784922 51.51321037540763, -0.1306693375273111 51.51303984321257, -0.1308441846313567 51.51240064246722, -0.1300606327486532 51.51193197936837, -0.129102239577905 51.512102512397384, -0.1289273765121367 51.512741707691234, -0.1297109225784922 51.51321037540763))",0,True,True,,1
8a195da49867fff,39,39-1-4,10,2,51.51367903910366,-0.13049448677315112,75.864,"POLYGON ((-0.1303196323687776 51.51431823014033, -0.131278069096447 51.514147698778935, -0.1314529136941989 51.51350850258941, -0.1306693375273111 51.51303984321257, -0.1297109225784922 51.51321037540763, -0.1295360620180222 51.51384956614588, -0.1303196323687776 51.51431823014033))",0,True,True,,1
8a195da4985ffff,39,39-1-3,10,2,51.51205953935583,-0.13276100141318053,75.864,"POLYGON ((-0.1325861739217942 51.51269875040655, -0.1335445953663988 51.5125281897954, -0.1337194130512457 51.51188897359213, -0.1329358252549578 51.511420323451034, -0.1319774255877018 51.51159088489531, -0.1318025919397119 51.512230095647496, -0.1325861739217942 51.51269875040655))",0,True,True,,2
8a195da49857fff,39,39-1-2,10,2,51.513167401144536,-0.1333697740319778,75.864,"POLYGON ((-0.1331949490479141 51.51380660763939, -0.1341533922706421 51.51363604786109, -0.1343282074476747 51.512996836213674, -0.1335445953663988 51.5125281897954, -0.1325861739217942 51.51269875040655, -0.1324113427806638 51.51333795660307, -0.1331949490479141 51.51380660763939))",0,True,True,,5
8a195da4984ffff,39,39-1-1,10,2,51.51176143686771,-0.13101902808542792,75.864,"POLYGON ((-0.1308441846313567 51.51240064246722, -0.1318025919397119 51.512230095647496, -0.1319774255877018 51.51159088489531, -0.1311938678895985 51.511122226414194, -0.1302354823585784 51.511292774067606, -0.1300606327486532 51.51193197936837, -0.1308441846313567 51.51240064246722))",0,True,True,,3
8a195da49847fff,39,39-1-0,10,2,51.51286930154556,-0.1316277546419174,75.864,"POLYGON ((-0.1314529136941989 51.51350850258941, -0.1324113427806638 51.51333795660307, -0.1325861739217942 51.51269875040655, -0.1318025919397119 51.512230095647496, -0.1308441846313567 51.51240064246722, -0.1306693375273111 51.51303984321257, -0.1314529136941989 51.51350850258941))",0,True,True,,9
89195da499bffff,39,39-6,9,1,51.5178968313912,-0.1375473803541602,200.821,"POLYGON ((-0.1379815365572553 51.51964383803662, -0.1400734480900254 51.51866349027135, -0.1396392275661555 51.51691646224644, -0.13711325232369 51.51614980249029, -0.135021435194726 51.517130129656316, -0.1354554989048188 51.51887713717636, -0.1379815365572553 51.51964383803662))",0,True,True,,14
89195da4997ffff,39,39-5,9,1,51.51559659765011,-0.1299699126089015,200.821,"POLYGON ((-0.1304037913532599 51.517343606906955, -0.1324956126126929 51.51636338507367, -0.1320616695487234 51.5146163544331, -0.1295360620180222 51.51384956614588, -0.1274443351843037 51.51482976739256, -0.1278781214559564 51.51657677751168, -0.1304037913532599 51.517343606906955))",0,True,True,,11
89195da4983ffff,39,39-0,9,1,51.515383099883536,-0.13458739965092695,200.821,"POLYGON ((-0.135021435194726 51.517130129656316, -0.13711325232369 51.51614980249029, -0.1366791524631927 51.51440275133702, -0.1341533922706421 51.51363604786109, -0.1320616695487234 51.5146163544331, -0.1324956126126929 51.51636338507367, -0.135021435194726 51.517130129656316))",0,True,True,,12
89195da4987ffff,39,39-1,9,1,51.51286930154555,-0.13162775464191226,200.821,"POLYGON ((-0.1320616695487234 51.5146163544331, -0.1341533922706421 51.51363604786109, -0.1337194130512457 51.51188897359213, -0.1311938678895985 51.511122226414194, -0.129102239577905 51.512102512397384, -0.1295360620180222 51.51384956614588, -0.1320616695487234 51.5146163544331))",7,True,True,,24
89195da498bffff,39,39-2,9,1,51.51516941196648,-0.13920503521863595,200.821,"POLYGON ((-0.1396392275661555 51.51691646224644, -0.1417310405361084 51.515936029742555, -0.1412967838748477 51.51418895808541, -0.1387708710447684 51.513422339434634, -0.1366791524631927 51.51440275133702, -0.13711325232369 51.51614980249029, -0.1396392275661555 51.51691646224644))",0,True,True,,9
89195da498fffff,39,39-3,9,1,51.512655677934575,-0.13624508076992972,200.821,"POLYGON ((-0.1366791524631927 51.51440275133702, -0.1387708710447684 51.513422339434634, -0.1383367350418803 51.511675244653986, -0.1358110372412646 51.51090858228601, -0.1337194130512457 51.51188897359213, -0.1341533922706421 51.51363604786109, -0.1366791524631927 51.51440275133702))",0,True,True,,18
89195da4993ffff,39,39-4,9,1,51.51811039346416,-0.13292958383651274,200.821,"POLYGON ((-0.1333635832228955 51.51985737960142, -0.1354554989048188 51.51887713717636, -0.135021435194726 51.517130129656316, -0.1324956126126929 51.51636338507367, -0.1304037913532599 51.517343606906955, -0.1308376982537789 51.51909059391329, -0.1333635832228955 51.51985737960142))",0,True,True,,16
88195da499fffff,39,39,8,0,51.51538309988355,-0.1345873996509167,531.415,"POLYGON ((-0.1333635832229108 51.51985737960141, -0.1400734480900305 51.51866349027133, -0.1412967838748579 51.514188958085406, -0.1358110372412646 51.51090858228601, -0.129102239577905 51.512102512397384, -0.1278781214559564 51.51657677751168, -0.1333635832229108 51.51985737960141))",7,True,True,True,104
88194ad14bfffff,40,40,8,0,51.49002906827037,-0.1096205908713709,531.415,"POLYGON ((-0.1083956252177884 51.49450374995465, -0.115101596407207 51.493310413263046, -0.1163260821006756 51.48883547906034, -0.110845377640786 51.4855541489355, -0.1041404728531652 51.48674752688704, -0.1029152062350974 51.49122219368838, -0.1083956252177884 51.49450374995465))",0,True,True,True,6
88194ad337fffff,41,41,8,0,51.48794044111101,-0.0974356747907015,531.415,"POLYGON ((-0.0962099283729871 51.49241485535092, -0.1029152062350974 51.49122219368838, -0.1041404728531652 51.48674752688704, -0.0986612422372624 51.48346578923682, -0.09195703076919 51.484658492346284, -0.0907309836344751 51.48913289164394, -0.0962099283729871 51.49241485535092))",0,True,True,True,7
88194ad35dfffff,42,42,8,0,51.52192201282585,-0.0498347011535044,531.415,"POLYGON ((-0.0486050000928295 51.52639348397196, -0.0553125118474823 51.525205120709224, -0.0565417330286851 51.520733396758665, -0.0510642226393848 51.51745030371856, -0.0443577788199999 51.51863870896778, -0.0431277775664507 51.52311016525556, -0.0486050000928295 51.52639348397196))",0,True,True,True,9
89195da4d97ffff,43,43-5,9,1,51.5346840753891,-0.11836124605505384,200.821,"POLYGON ((-0.1187948714372289 51.53643077906763, -0.120887382616108 51.535451150534136, -0.1204536928651574 51.53370442545591, -0.1179276488192621 51.53293734943828, -0.1158352321743775 51.533916957400905, -0.1162687650417739 51.53566366195063, -0.1187948714372289 51.53643077906763))",0,True,True,,2
89195da4d8fffff,43,43-3,9,1,51.531744935476375,-0.12463848385676256,200.821,"POLYGON ((-0.125072302335333 51.533491703348446, -0.1271647108661878 51.53251188469717, -0.1267308280287692 51.53076509543098, -0.1242046935356741 51.52999814533331, -0.1221123795046635 51.53097794340399, -0.1225461054672969 51.532724712151506, -0.125072302335333 51.533491703348446))",0,True,True,,13
89195da4d8bffff,43,43-2,9,1,51.53425865168973,-0.12759862186746318,200.821,"POLYGON ((-0.128032561035324 51.53600539640544, -0.1301250640628293 51.535025557168424, -0.1296910605320407 51.53327879105953, -0.1271647108661878 51.53251188469717, -0.125072302335333 51.533491703348446, -0.125506148974083 51.53523844894641, -0.128032561035324 51.53600539640544))",0,True,True,,3
89195da4d9bffff,43,43-6,9,1,51.536985172267116,-0.12594002377567462,200.821,"POLYGON ((-0.126373926742857 51.53873187330748, -0.1284665283724482 51.537752118841254, -0.128032561035324 51.53600539640544, -0.125506148974083 51.53523844894641, -0.1234136418566139 51.53621818282912, -0.1238474522886516 51.537964884752974, -0.126373926742857 51.53873187330748))",0,True,True,,7
89195da4d83ffff,43,43-0,9,1,51.53447145862761,-0.12297985958372482,200.821,"POLYGON ((-0.1234136418566139 51.53621818282912, -0.125506148974083 51.53523844894641, -0.125072302335333 51.533491703348446, -0.1225461054672969 51.532724712151506, -0.1204536928651574 51.53370442545591, -0.120887382616108 51.535451150534136, -0.1234136418566139 51.53621818282912))",0,True,True,,6
89195da4d87ffff,43,43-1,9,1,51.531957678105805,-0.12002003126428305,200.821,"POLYGON ((-0.1204536928651574 51.53370442545591, -0.1225461054672969 51.532724712151506, -0.1221123795046635 51.53097794340399, -0.119586397810778 51.530210908486985, -0.1174940797271367 51.53119060121828, -0.1179276488192621 51.53293734943828, -0.1204536928651574 51.53370442545591))",0,True,True,,7
89195da4d93ffff,43,43-4,9,1,51.53719785333739,-0.1213211005198269,200.821,"POLYGON ((-0.1217548465789755 51.53894453386253, -0.1238474522886516 51.537964884752974, -0.1234136418566139 51.53621818282912, -0.120887382616108 51.535451150534136, -0.1187948714372289 51.53643077906763, -0.1192285249684329 51.53817746047076, -0.1217548465789755 51.53894453386253))",0,True,True,,2
88195da4d9fffff,43,43,8,0,51.53447145862759,-0.1229798595837196,531.415,"POLYGON ((-0.1217548465789755 51.53894453386253, -0.1284665283724533 51.53775211884124, -0.1296910605320407 51.53327879105953, -0.1242046935356741 51.52999814533331, -0.117494079727152 51.53119060121826, -0.1162687650417892 51.5356636619506, -0.1217548465789755 51.53894453386253))",7,True,True,True,34
88195da693fffff,44,44,8,0,51.5416177161731,-0.0827148947834847,531.415,"POLYGON ((-0.0814869977385648 51.54608927554262, -0.0881980380752671 51.54489964560862, -0.0894254545697169 51.540427833525314, -0.0839426123995701 51.537145918668216, -0.0772326405477215 51.53833559002005, -0.0760044424930434 51.54280713479599, -0.0814869977385648 51.54608927554262))",0,True,True,True,11
89195da4d1bffff,45,45-6,9,1,51.531318879680484,-0.13387583515578622,200.821,"POLYGON ((-0.1343099674024698 51.53306568857016, -0.1364023677051264 51.53208565920986, -0.1359681711054871 51.53033882893259, -0.1334417310868315 51.52957204851532, -0.1313494252466585 51.53055205728015, -0.1317834649630727 51.5322988670563, -0.1343099674024698 51.53306568857016))",0,True,True,,1
89195da4d13ffff,45,45-4,9,1,51.531532002674275,-0.12925708517155576,200.821,"POLYGON ((-0.1296910605320407 51.53327879105953, -0.1317834649630727 51.5322988670563, -0.1313494252466585 51.53055205728015, -0.1288231379786402 51.52978519201574, -0.1267308280287692 51.53076509543098, -0.1271647108661878 51.53251188469717, -0.1296910605320407 51.53327879105953))",0,True,True,,3
89195da4d17ffff,45,45-5,9,1,51.52901828389416,-0.1262969733525657,200.821,"POLYGON ((-0.1267308280287692 51.53076509543098, -0.1288231379786402 51.52978519201574, -0.1283892189506165 51.5280383590871, -0.125863146834844 51.52727145008993, -0.1237709313693601 51.52825133292235, -0.1242046935356741 51.52999814533331, -0.1267308280287692 51.53076509543098))",0,True,True,,10
89195da4d0fffff,45,45-3,9,1,51.52607831937088,-0.13257360747119046,200.821,"POLYGON ((-0.1330076551928709 51.52782519507772, -0.1350998624477607 51.52684510155589, -0.1346657503842604 51.52509820446271, -0.1321395879191482 51.524331421397896, -0.1300474751144833 51.52531149432724, -0.1304814303250697 51.52705837091249, -0.1330076551928709 51.52782519507772))",0,True,True,,3
89195da4d0bffff,45,45-2,9,1,51.52859197638022,-0.13553400268728874,200.821,"POLYGON ((-0.1359681711054871 51.53033882893259, -0.1380604728074151 51.52935871481302, -0.1376262400432606 51.52761184087534, -0.1350998624477607 51.52684510155589, -0.1330076551928709 51.52782519507772, -0.1334417310868315 51.52957204851532, -0.1359681711054871 51.53033882893259))",0,True,True,,2
89195da4d07ffff,45,45-1,9,1,51.526291503891386,-0.12795532808479693,200.821,"POLYGON ((-0.1283892189506165 51.5280383590871, -0.1304814303250697 51.52705837091249, -0.1300474751144833 51.52531149432724, -0.1275214653784995 51.524544626431855, -0.1254293484729426 51.52552459402137, -0.125863146834844 51.52727145008993, -0.1283892189506165 51.5280383590871))",0,True,True,,6
89195da4d03ffff,45,45-0,9,1,51.528805225231174,-0.13091541370156717,200.821,"POLYGON ((-0.1313494252466585 51.53055205728015, -0.1334417310868315 51.52957204851532, -0.1330076551928709 51.52782519507772, -0.1304814303250697 51.52705837091249, -0.1283892189506165 51.5280383590871, -0.1288231379786402 51.52978519201574, -0.1313494252466585 51.53055205728015))",0,True,True,,7
88195da4d1fffff,45,45,8,0,51.52880522523117,-0.1309154137015774,531.415,"POLYGON ((-0.1296910605320407 51.53327879105953, -0.1364023677051265 51.53208565920987, -0.1376262400432606 51.52761184087534, -0.1321395879191482 51.524331421397896, -0.1254293484729426 51.52552459402137, -0.1242046935356741 51.52999814533331, -0.1296910605320407 51.53327879105953))",7,True,True,True,36
88194ad34bfffff,46,46,8,0,51.52967660666955,-0.0540831111157314,531.415,"POLYGON ((-0.0528535307952435 51.53414785459797, -0.0595621107512461 51.53295953322452, -0.0607912110179501 51.528488032494096, -0.0553125118474823 51.525205120709224, -0.0486050000928295 51.52639348397196, -0.0473751194191357 51.53086471711523, -0.0528535307952435 51.53414785459797))",0,True,True,True,13
88194ad34dfffff,47,47,8,0,51.539524797411545,-0.0705227763239097,531.415,"POLYGON ((-0.0692940978798607 51.54399608943081, -0.0760044424930434 51.54280713479599, -0.0772326405477215 51.53833559002005, -0.0717512752521504 51.53505326727331, -0.0650419991153047 51.53624226351312, -0.0638130199095814 51.54071354087955, -0.0692940978798607 51.54399608943081))",0,True,True,True,5
88194ad141fffff,48,48,8,0,51.49211661271493,-0.1218076740574709,531.415,"POLYGON ((-0.1205834895759697 51.4965915617412, -0.1272901536264001 51.4953975497755, -0.1285138579873327 51.49092234827387, -0.1230316797418314 51.48764142602171, -0.1163260821006756 51.48883547906034, -0.115101596407207 51.493310413263046, -0.1205834895759697 51.4965915617412))",0,True,True,True,10
88194ad333fffff,49,49,8,0,51.48585073182917,-0.0852529263393332,531.415,"POLYGON ((-0.0840263995655383 51.490324878522436, -0.0907309836344751 51.48913289164394, -0.09195703076919 51.484658492346284, -0.086479274055162 51.48137634751797, -0.0797757563721386 51.482568376030336, -0.0785489291287639 51.487042507722066, -0.0840263995655383 51.490324878522436))",0,True,True,True,2
88194ad351fffff,50,50,8,0,51.51416701474786,-0.0455876004745328,531.415,"POLYGON ((-0.0443577788199999 51.51863870896778, -0.0510642226393848 51.51745030371856, -0.0522935645886553 51.512978356691825, -0.0468172425682391 51.50969508263754, -0.0401118664181755 51.51088352997026, -0.0388817447309673 51.51535520925872, -0.0443577788199999 51.51863870896778))",0,True,True,True,4
88194ad311fffff,51,51,8,0,51.49508819022529,-0.0572091377833935,531.415,"POLYGON ((-0.0559805135987334 51.49956108851232, -0.0626851470131253 51.49837120861323, -0.0639132916928855 51.49389805759787, -0.0584375826223029 51.490615054227604, -0.0517340160984147 51.49180497612737, -0.0505050918662366 51.4962778593817, -0.0559805135987334 51.49956108851232))",0,True,True,True,2
88195da6b3fffff,52,52,8,0,51.540136484610926,-0.1150432712408887,531.415,"POLYGON ((-0.113817598286339 51.544609069157524, -0.1205296544832724 51.543417370996444, -0.1217548465789755 51.53894453386253, -0.1162687650417892 51.5356636619506, -0.1095577770878223 51.536855401065246, -0.1083318025398466 51.54132797112306, -0.113817598286339 51.544609069157524))",0,True,True,True,11
88195da697fffff,53,53,8,0,51.5437095515852,-0.0949091857754487,531.415,"POLYGON ((-0.0936820705389102 51.54818137820278, -0.1003938061324982 51.546991072724, -0.1016204406575158 51.54251899343557, -0.096136121670239 51.539237486815885, -0.0894254545697169 51.540427833525314, -0.0881980380752671 51.54489964560862, -0.0936820705389102 51.54818137820278))",0,True,True,True,10
88194ad319fffff,54,54,8,0,51.50075050491269,-0.0492759882259089,531.415,"POLYGON ((-0.0480467051393039 51.505222912678555, -0.0547517100301574 51.50403374904696, -0.0559805135987334 51.49956108851232, -0.0505050918662366 51.4962778593817, -0.0438011541223464 51.49746706510393, -0.0425715710756642 51.50193945785111, -0.0480467051393039 51.505222912678555))",0,True,True,True,5
88194ad317fffff,55,55,8,0,51.48942466888462,-0.0651412570892692,531.415,"POLYGON ((-0.0639132916928855 51.49389805759787, -0.0706175534137373 51.492707461462736, -0.071845039318414 51.48823382006167, -0.066369043240439 51.48495104251523, -0.0596658481535865 51.48614168056108, -0.0584375826223029 51.490615054227604, -0.0639132916928855 51.49389805759787))",0,True,True,True,1
89195da4d67ffff,56,56-1,9,1,51.52062412244045,-0.13588959078384166,200.821,"POLYGON ((-0.1363237108344927 51.522371085445535, -0.1384157209357096 51.52139082242347, -0.1379815365572553 51.51964383803662, -0.1354554989048188 51.51887713717636, -0.1333635832228955 51.51985737960142, -0.1337976107745285 51.52160434348236, -0.1363237108344927 51.522371085445535))",0,True,True,,14
89195da4d73ffff,56,56-4,9,1,51.5258649446661,-0.13719203546153413,200.821,"POLYGON ((-0.1376262400432606 51.52761184087534, -0.1397184431500606 51.526631642001114, -0.1392841742294184 51.52488472440884, -0.136757859059506 51.52411802618845, -0.1346657503842604 51.52509820446271, -0.1350998624477607 51.52684510155589, -0.1376262400432606 51.52761184087534))",0,True,True,,9
89195da4d63ffff,56,56-0,9,1,51.52313778454856,-0.13884993349219593,200.821,"POLYGON ((-0.1392841742294184 51.52488472440884, -0.1413762787467237 51.52390444078456, -0.1409419736776258 51.52215747954352, -0.1384157209357096 51.52139082242347, -0.1363237108344927 51.522371085445535, -0.136757859059506 51.52411802618845, -0.1392841742294184 51.52488472440884))",0,True,True,,7
89195da4d7bffff,56,56-6,9,1,51.525651379758045,-0.14181061200292683,200.821,"POLYGON ((-0.1422449734489603 51.52739829646087, -0.14433717237912 51.52641799222921, -0.1439027465971139 51.524671054146616, -0.1413762787467237 51.52390444078456, -0.1392841742294184 51.52488472440884, -0.1397184431500606 51.526631642001114, -0.1422449734489603 51.52739829646087))",0,True,True,,6
89195da4d77ffff,56,56-5,9,1,51.52335128510383,-0.1342316664940688,200.821,"POLYGON ((-0.1346657503842604 51.52509820446271, -0.136757859059506 51.52411802618845, -0.1363237108344927 51.522371085445535, -0.1337976107745285 51.52160434348236, -0.1317055965340409 51.52258450116187, -0.1321395879191482 51.524331421397896, -0.1346657503842604 51.52509820446271))",0,True,True,,6
89195da4d6bffff,56,56-2,9,1,51.52292409379376,-0.1434683490086593,200.821,"POLYGON ((-0.1439027465971139 51.524671054146616, -0.1459948469279082 51.52369066516725, -0.1455603850105172 51.52194368343691, -0.1430339796110002 51.5211771111738, -0.1409419736776258 51.52215747954352, -0.1413762787467237 51.52390444078456, -0.1439027465971139 51.524671054146616))",0,True,True,,7
88195da4d7fffff,56,56,8,0,51.52313778454856,-0.1388499334922011,531.415,"POLYGON ((-0.1376262400432606 51.52761184087534, -0.14433717237912 51.52641799222921, -0.1455603850105172 51.52194368343691, -0.1400734480900305 51.51866349027133, -0.1333635832229108 51.51985737960141, -0.1321395879191482 51.524331421397896, -0.1376262400432606 51.52761184087534))",7,True,True,True,57
89195da4d6fffff,56,56-3,9,1,51.52041049603805,-0.140507696792944,200.821,"POLYGON ((-0.1409419736776258 51.52215747954352, -0.1430339796110002 51.5211771111738, -0.1425996384014934 51.51943010628988, -0.1400734480900254 51.51866349027135, -0.1379815365572553 51.51964383803662, -0.1384157209357096 51.52139082242347, -0.1409419736776258 51.52215747954352))",0,True,True,,15
89195da493bffff,57,57-6,9,1,51.504472641982,-0.1412173160912833,200.821,"POLYGON ((-0.1416514961845909 51.50621984623843, -0.1437429191577603 51.50523918015458, -0.1433086747758774 51.50349195452682, -0.1407831641656173 51.50272541549016, -0.1386918355376558 51.50370606097097, -0.1391259231751156 51.5054532660901, -0.1416514961845909 51.50621984623843))",0,True,True,,3
88195da493fffff,57,57,8,0,51.50195883361918,-0.138257776061402,531.415,"POLYGON ((-0.137034496032085 51.506433826850625, -0.1437429191577654 51.505239180154575, -0.1449657187319727 51.50076393449329, -0.1394808773672925 51.497483602633494, -0.1327735209226602 51.4986782901182, -0.1315499392731926 51.50315326865882, -0.137034496032085 51.506433826850625))",7,True,True,True,26
89195da492fffff,57,57-3,9,1,51.499230895812765,-0.1399149448062882,200.821,"POLYGON ((-0.1403490404048445 51.50097816676606, -0.1424402705233494 51.49999743656955, -0.1420061106472992 51.498250144246256, -0.1394808773672925 51.497483602633494, -0.137389741581766 51.498464312229906, -0.1378237447436726 51.500211584037764, -0.1403490404048445 51.50097816676606))",0,True,True,,2
89195da492bffff,57,57-2,9,1,51.501744706664105,-0.142874458565313,200.821,"POLYGON ((-0.1433086747758774 51.50349195452682, -0.1453999992241318 51.50251120372504, -0.1449657187319727 51.50076393449329, -0.1424402705233494 51.49999743656955, -0.1403490404048445 51.50097816676606, -0.1407831641656173 51.50272541549016, -0.1433086747758774 51.50349195452682))",0,True,True,,0
89195da4937ffff,57,57-5,9,1,51.502172770461264,-0.1336412419723629,200.821,"POLYGON ((-0.1340751447185338 51.50391997729338, -0.1361664774977163 51.502939437128425, -0.1357325104641053 51.50119220892075, -0.1332073673746403 51.50042554140182, -0.1311161289625231 51.50140606097638, -0.1315499392731773 51.50315326865884, -0.1340751447185338 51.50391997729338))",0,True,True,,1
89195da4923ffff,57,57-0,9,1,51.50195883361917,-0.13825777606139694,200.821,"POLYGON ((-0.1386918355376558 51.50370606097097, -0.1407831641656173 51.50272541549016, -0.1403490404048445 51.50097816676606, -0.1378237447436726 51.500211584037764, -0.1357325104641053 51.50119220892075, -0.1361664774977163 51.502939437128425, -0.1386918355376558 51.50370606097097))",0,True,True,,0
89195da4927ffff,57,57-1,9,1,51.499444958486166,-0.1352985715826198,200.821,"POLYGON ((-0.1357325104641053 51.50119220892075, -0.1378237447436726 51.500211584037764, -0.137389741581766 51.498464312229906, -0.1348646608505995 51.49769768582785, -0.1327735209226602 51.4986782901182, -0.1332073673746403 51.50042554140182, -0.1357325104641053 51.50119220892075))",0,True,True,,6
89195da4933ffff,57,57-4,9,1,51.50468664310609,-0.1366004726861184,200.821,"POLYGON ((-0.137034496032085 51.506433826850625, -0.1391259231751156 51.5054532660901, -0.1386918355376558 51.50370606097097, -0.1361664774977163 51.502939437128425, -0.1340751447185338 51.50391997729338, -0.1345090756158034 51.505667161895026, -0.137034496032085 51.506433826850625))",0,True,True,,7
89194ad3487ffff,58,58-1,9,1,51.5349161174376,-0.055377340376798964,200.821,"POLYGON ((-0.0558088061386314 51.536662576556886, -0.0579012727434231 51.5356843375714, -0.0574697425790613 51.53393785700899, -0.054945902620804 51.53316963608118, -0.0528535307952435 51.53414785459797, -0.0532849041491222 51.535894314509825, -0.0558088061386314 51.536662576556886))",0,True,True,,2
89194ad3483ffff,58,58-0,9,1,51.53743079589399,-0.05833283092004537,200.821,"POLYGON ((-0.0587644171115996 51.539177231973696, -0.060856978492548 51.53819897251432, -0.0604253278943409 51.536452514992504, -0.0579012727434231 51.5356843375714, -0.0558088061386314 51.536662576556886, -0.0562402999090233 51.538409013435924, -0.0587644171115996 51.539177231973696))",0,True,True,,4
89194ad349bffff,58,58-6,9,1,51.53994540779056,-0.061288657112085504,200.821,"POLYGON ((-0.0617203637556254 51.54169182081802, -0.0638130199095762 51.54071354087955, -0.0633812488552604 51.53896710641092, -0.060856978492548 51.53819897251432, -0.0587644171115996 51.539177231973696, -0.059196031320793 51.540923645807354, -0.0617203637556254 51.54169182081802))",0,True,True,,0
89194ad348fffff,58,58-3,9,1,51.53470603522821,-0.05999370531481284,200.821,"POLYGON ((-0.0604253278943409 51.536452514992504, -0.0625177908271497 51.535474170731874, -0.0620861038479848 51.5337276695277, -0.0595621107512308 51.53295953322452, -0.0574697425790613 51.53393785700899, -0.0579012727434231 51.5356843375714, -0.0604253278943409 51.536452514992504))",0,True,True,,6
89194ad348bffff,58,58-2,9,1,51.537220649693985,-0.0629495058286586,200.821,"POLYGON ((-0.0633812488552604 51.53896710641092, -0.0654738065456138 51.53798874166892, -0.0650419991152945 51.53624226351313, -0.0625177908271497 51.535474170731874, -0.0604253278943409 51.536452514992504, -0.060856978492548 51.53819897251432, -0.0633812488552604 51.53896710641092))",0,True,True,,6
89194ad3493ffff,58,58-4,9,1,51.54015542807166,-0.0566718216906303,200.821,"POLYGON ((-0.0571033714861545 51.54190182046088, -0.059196031320793 51.540923645807354, -0.0587644171115996 51.539177231973696, -0.0562402999090233 51.538409013435924, -0.0541477348660258 51.53938716761782, -0.0545791922343921 51.541133560807715, -0.0571033714861545 51.54190182046088))",0,True,True,,7
89194ad3497ffff,58,58-5,9,1,51.53764075218417,-0.053716305505162855,200.821,"POLYGON ((-0.0541477348660258 51.53938716761782, -0.0562402999090233 51.538409013435924, -0.0558088061386314 51.536662576556886, -0.0532849041491222 51.535894314509825, -0.0511924339008538 51.53687244822529, -0.051623770847759 51.538618864452815, -0.0541477348660258 51.53938716761782))",0,True,True,,0
88194ad349fffff,58,58,8,0,51.53743079589401,-0.0583328309200556,531.415,"POLYGON ((-0.0571033714861545 51.54190182046088, -0.0638130199095814 51.54071354087955, -0.0650419991153047 51.53624226351312, -0.0595621107512461 51.53295953322452, -0.0528535307952435 51.53414785459797, -0.0516237708477641 51.538618864452815, -0.0571033714861545 51.54190182046088))",7,True,True,True,22
89195da4903ffff,59,59-0,9,1,51.50971418803255,-0.14251994088473235,200.821,"POLYGON ((-0.1429542054969775 51.51146132556401, -0.145045821358122 51.51048072359669, -0.144611492446187 51.50873356469264, -0.142085704448161 51.50796702825632, -0.1399941829444566 51.50894760961763, -0.1404283550817123 51.51069474801983, -0.1429542054969775 51.51146132556401))",0,True,True,,8
88195da491fffff,59,59,8,0,51.50971418803256,-0.1425199408847323,531.415,"POLYGON ((-0.1412967838748579 51.514188958085406, -0.1480062739463062 51.512994352080774, -0.1492289503268438 51.50851932960054, -0.1437429191577654 51.505239180154575, -0.137034496032085 51.506433826850625, -0.1358110372412646 51.51090858228601, -0.1412967838748579 51.514188958085406))",7,True,True,True,82
89195da491bffff,59,59-6,9,1,51.51222786025328,-0.1454801784521327,200.821,"POLYGON ((-0.145914563730918 51.51397497465926, -0.1480062739462858 51.512994352080796, -0.1475718243637387 51.51124721630318, -0.145045821358122 51.51048072359669, -0.1429542054969775 51.51146132556401, -0.1433884982875999 51.51320844084753, -0.145914563730918 51.51397497465926))",0,True,True,,8
89195da4917ffff,59,59-5,9,1,51.509928127627695,-0.1379026272072687,200.821,"POLYGON ((-0.1383367350418803 51.511675244653986, -0.1404283550817123 51.51069474801983, -0.1399941829444566 51.50894760961763, -0.1374685475382309 51.508180988358845, -0.1353770218744848 51.50916146439447, -0.1358110372412646 51.51090858228601, -0.1383367350418803 51.511675244653986))",0,True,True,,17
89195da4913ffff,59,59-4,9,1,51.51244186417679,-0.14086255539095863,200.821,"POLYGON ((-0.1412967838748477 51.51418895808541, -0.1433884982875999 51.51320844084753, -0.1429542054969775 51.51146132556401, -0.1404283550817123 51.51069474801983, -0.1383367350418803 51.511675244653986, -0.1387708710447684 51.513422339434634, -0.1412967838748477 51.51418895808541))",0,True,True,,12
89195da490fffff,59,59-3,9,1,51.50698638354422,-0.14417719171362403,200.821,"POLYGON ((-0.144611492446187 51.50873356469264, -0.1467030097613341 51.50775287800057, -0.1462686447361144 51.50600567548181, -0.1437429191577603 51.50523918015458, -0.1416514961845909 51.50621984623843, -0.142085704448161 51.50796702825632, -0.144611492446187 51.50873356469264))",0,True,True,,13
89195da490bffff,59,59-2,9,1,51.50950005827539,-0.1471374029696494,200.821,"POLYGON ((-0.1475718243637387 51.51124721630318, -0.1496634360176655 51.510266508997674, -0.1492289503268387 51.50851932960054, -0.1467030097613341 51.50775287800057, -0.144611492446187 51.50873356469264, -0.145045821358122 51.51048072359669, -0.1475718243637387 51.51124721630318))",0,True,True,,6
89195da4907ffff,59,59-1,9,1,51.50720044897334,-0.13956003897649358,200.821,"POLYGON ((-0.1399941829444566 51.50894760961763, -0.142085704448161 51.50796702825632, -0.1416514961845909 51.50621984623843, -0.1391259231751156 51.5054532660901, -0.137034496032085 51.506433826850625, -0.1374685475382309 51.508180988358845, -0.1399941829444566 51.50894760961763))",0,True,True,,14
89195da6bb3ffff,60,60-4,9,1,51.54852593212133,-0.10544602854044359,200.821,"POLYGON ((-0.1058793157566078 51.55027239681782, -0.1079723238866974 51.549293297563516, -0.1075389722636749 51.54754681145268, -0.1050127694554485 51.54677944513706, -0.1029198559554146 51.547758523839185, -0.1033530506339631 51.54950498940771, -0.1058793157566078 51.55027239681782))",0,True,True,,2
89195da6bbbffff,60,60-6,9,1,51.54831413492552,-0.11006529782548001,200.821,"POLYGON ((-0.1104987419932867 51.55006062015884, -0.1125917461399172 51.5490814155487, -0.1121582375681525 51.54733490890432, -0.1096318817988994 51.54656762740217, -0.1075389722636749 51.54754681145268, -0.1079723238866974 51.549293297563516, -0.1104987419932867 51.55006062015884))",0,True,True,,1
89195da6bb7ffff,60,60-5,9,1,51.54601203598558,-0.1024866894016283,200.821,"POLYGON ((-0.1029198559554146 51.547758523839185, -0.1050127694554485 51.54677944513706, -0.1045795384988806 51.54503293586811, -0.1020535509698835 51.54426552585001, -0.0999607321030969 51.54524458400518, -0.1003938061324983 51.54699107272398, -0.1029198559554146 51.547758523839185))",0,True,True,,7
89195da6ba3ffff,60,60-0,9,1,51.54580030305449,-0.10710564877553252,200.821,"POLYGON ((-0.1075389722636749 51.54754681145268, -0.1096318817988994 51.54656762740217, -0.1091984939109096 51.5448210975919, -0.1066723534195231 51.54405377237203, -0.1045795384988806 51.54503293586811, -0.1050127694554485 51.54677944513706, -0.1075389722636749 51.54754681145268))",0,True,True,,1
89195da6bafffff,60,60-3,9,1,51.54307454549782,-0.10876513415877874,200.821,"POLYGON ((-0.1091984939109096 51.5448210975919, -0.1112913048568649 51.543841828749805, -0.1108578807119385 51.54209525524593, -0.1083318025398466 51.54132797112306, -0.1062390861930122 51.54230721940847, -0.1066723534195231 51.54405377237203, -0.1091984939109096 51.5448210975919))",0,True,True,,0
89195da6babffff,60,60-2,9,1,51.54558837997028,-0.11172475714135027,200.821,"POLYGON ((-0.1121582375681525 51.54733490890432, -0.1142511431100358 51.54635561950032, -0.113817598286339 51.54460906915752, -0.1112913048568649 51.543841828749805, -0.1091984939109096 51.5448210975919, -0.1096318817988994 51.54656762740217, -0.1121582375681525 51.54733490890432))",0,True,True,,0
89195da6ba7ffff,60,60-1,9,1,51.543286404317634,-0.1041463356681008,200.821,"POLYGON ((-0.1045795384988806 51.54503293586811, -0.1066723534195231 51.54405377237203, -0.1062390861930122 51.54230721940847, -0.1037131609603933 51.54153985048872, -0.1016204406575005 51.54251899343557, -0.1020535509698835 51.54426552585001, -0.1045795384988806 51.54503293586811))",0,True,True,,10
88195da6bbfffff,60,60,8,0,51.54580030305446,-0.1071056487755273,531.415,"POLYGON ((-0.1058793157566078 51.55027239681782, -0.1125917461399325 51.5490814155487, -0.113817598286339 51.544609069157524, -0.1083318025398466 51.54132797112306, -0.1016204406575158 51.54251899343557, -0.1003938061324982 51.546991072724, -0.1058793157566078 51.55027239681782))",7,True,True,True,21
88194ad353fffff,61,61,8,0,51.50641161282048,-0.0413418085203393,531.415,"POLYGON ((-0.0401118664181755 51.51088352997026, -0.0468172425682391 51.50969508263754, -0.0480467051393039 51.505222912678555, -0.0425715710756642 51.50193945785111, -0.0358672623289836 51.50312794736438, -0.0346370203542621 51.50759984950953, -0.0401118664181755 51.51088352997026))",0,True,True,True,2
89194ad144fffff,62,62-3,9,1,51.491475002796506,-0.13565401043864808,200.821,"POLYGON ((-0.1360879010041327 51.49322236347889, -0.1381788439805307 51.4922415897708, -0.1377448891527476 51.490494207718704, -0.1352201480155736 51.489727619903306, -0.1331292993631144 51.490708373019466, -0.1335630975242654 51.49245573454154, -0.1360879010041327 51.49322236347889))",0,True,True,,1
89194ad144bffff,62,62-2,9,1,51.49398894960935,-0.13861282695707927,200.821,"POLYGON ((-0.1390468380851098 51.49573628723131, -0.141137875382223 51.49475549292607, -0.1407037999878035 51.493008133935426, -0.1381788439805307 51.4922415897708, -0.1360879010041327 51.49322236347889, -0.1365218197146817 51.49496970194734, -0.1390468380851098 51.49573628723131))",0,True,True,,7
89194ad1447ffff,62,62-1,9,1,51.49168906280424,-0.13103841651836884,200.821,"POLYGON ((-0.1314721504142609 51.49343640295339, -0.1335630975242654 51.49245573454154, -0.1331292993631144 51.490708373019466, -0.1306047107547694 51.489941700446536, -0.1285138579873378 51.49092234827387, -0.1289474994860753 51.49266968925719, -0.1314721504142609 51.49343640295339))",0,True,True,,0
88194ad145fffff,62,62,8,0,51.4942030738524,-0.1339969238240998,531.415,"POLYGON ((-0.1327735209226602 51.4986782901182, -0.1394808773672925 51.497483602633494, -0.1407037999878035 51.493008133935426, -0.1352201480155889 51.489727619903285, -0.1285138579873327 51.49092234827387, -0.1272901536264001 51.4953975497755, -0.1327735209226602 51.4986782901182))",7,True,True,True,24
89194ad1453ffff,62,62-4,9,1,51.496931016613495,-0.13233970261373207,200.821,"POLYGON ((-0.1327735209226602 51.4986782901182, -0.1348646608505995 51.49769768582785, -0.1344307782653128 51.49595039094887, -0.1319059124451657 51.49518372089082, -0.1298148668720392 51.496164304593734, -0.1302485927646288 51.497911578940695, -0.1327735209226602 51.4986782901182))",0,True,True,,3
89194ad1457ffff,62,62-5,9,1,51.494417008031526,-0.12938116911341446,200.821,"POLYGON ((-0.1298148668720392 51.496164304593734, -0.1319059124451657 51.49518372089082, -0.1314721504142609 51.49343640295339, -0.1289474994860753 51.49266968925719, -0.1268565482709431 51.493650252377826, -0.1272901536264001 51.4953975497755, -0.1298148668720392 51.496164304593734))",0,True,True,,3
89194ad145bffff,62,62-6,9,1,51.49671701819872,-0.1369557665729959,200.821,"POLYGON ((-0.137389741581766 51.498464312229906, -0.1394808773672925 51.497483602633494, -0.1390468380851098 51.49573628723131, -0.1365218197146817 51.49496970194734, -0.1344307782653128 51.49595039094887, -0.1348646608505995 51.49769768582785, -0.137389741581766 51.498464312229906))",0,True,True,,6
89194ad1443ffff,62,62-0,9,1,51.49420307385239,-0.1339969238240845,200.821,"POLYGON ((-0.1344307782653128 51.49595039094887, -0.1365218197146817 51.49496970194734, -0.1360879010041327 51.49322236347889, -0.1335630975242654 51.49245573454154, -0.1314721504142609 51.49343640295339, -0.1319059124451657 51.49518372089082, -0.1344307782653128 51.49595039094887))",0,True,True,,3
88194ad06dfffff,63,63,8,0,51.48375994101721,-0.073072346040254,531.415,"POLYGON ((-0.071845039318414 51.48823382006167, -0.0785489291287639 51.487042507722066, -0.0797757563721386 51.482568376030336, -0.0742994736173714 51.479285824371196, -0.0675966501844614 51.480477178531565, -0.066369043240439 51.48495104251523, -0.071845039318414 51.48823382006167))",0,True,True,True,2
88194ad15dfffff,64,64,8,0,51.48227262246419,-0.1053655605625786,531.415,"POLYGON ((-0.1041404728531652 51.48674752688704, -0.110845377640786 51.4855541489355, -0.1120699855640625 51.48107899199183, -0.1065904694014123 51.47779748046167, -0.0998866307507632 51.478990899770224, -0.0986612422372624 51.48346578923682, -0.1041404728531652 51.48674752688704))",0,True,True,True,1
88194ad143fffff,65,65,8,0,51.48436030721975,-0.1175503889724819,531.415,"POLYGON ((-0.1163260821006756 51.48883547906034, -0.1230316797418314 51.48764142602171, -0.124255506667133 51.48316600170335, -0.1187745170606921 51.47988489778317, -0.1120699855640625 51.48107899199183, -0.110845377640786 51.4855541489355, -0.1163260821006756 51.48883547906034))",0,True,True,True,9
89195da49dbffff,66,66-6,9,1,51.519982672626845,-0.14974435421502685,200.821,"POLYGON ((-0.1501789447803374 51.52172969710666, -0.152270942292485 51.520749118026366, -0.1518362874082281 51.51900207217463, -0.1493097918516835 51.51823562588124, -0.1472178887027651 51.519216184342206, -0.1476523867475501 51.52096320971445, -0.1501789447803374 51.52172969710666))",0,True,True,,3
89195da49d3ffff,66,66-4,9,1,51.520196679439884,-0.1451259512876273,200.821,"POLYGON ((-0.1455603850105172 51.52194368343691, -0.1476523867475501 51.52096320971445, -0.1472178887027651 51.519216184342206, -0.14469154575661 51.51844965317931, -0.1425996384014934 51.51943010628988, -0.1430339796110002 51.5211771111738, -0.1455603850105172 51.52194368343691))",0,True,True,,6
89195da49d7ffff,66,66-5,9,1,51.517683079145094,-0.1421653253774547,200.821,"POLYGON ((-0.1425996384014934 51.51943010628988, -0.14469154575661 51.51844965317931, -0.1442571684147145 51.51670260465829, -0.1417310405361084 51.515936029742555, -0.1396392275661555 51.51691646224644, -0.1400734480900254 51.51866349027135, -0.1425996384014934 51.51943010628988))",0,True,True,,17
89195da49cfffff,66,66-3,9,1,51.51474146560509,-0.14844075172000526,200.821,"POLYGON ((-0.1488752576875712 51.516488556872936, -0.1509670622539321 51.515507913678114, -0.1505324919785279 51.5137608010396, -0.1480062739462858 51.512994352080796, -0.145914563730918 51.51397497465926, -0.1463489771971462 51.51572206681148, -0.1488752576875712 51.516488556872936))",0,True,True,,14
89195da49cbffff,66,66-2,9,1,51.517255004057475,-0.1514016607296021,200.821,"POLYGON ((-0.1518362874082281 51.51900207217463, -0.1539281863223997 51.51802140835821, -0.1534934953318697 51.516274318871396, -0.1509670622539321 51.515507913678114, -0.1488752576875712 51.516488556872936, -0.1493097918516835 51.51823562588124, -0.1518362874082281 51.51900207217463))",0,True,True,,9
89195da49c7ffff,66,66-1,9,1,51.51495553388001,-0.1438228192592878,200.821,"POLYGON ((-0.1442571684147145 51.51670260465829, -0.1463489771971462 51.51572206681148, -0.145914563730918 51.51397497465926, -0.1433884982875999 51.51320844084753, -0.1412967838748477 51.51418895808541, -0.1417310405361084 51.515936029742555, -0.1442571684147145 51.51670260465829))",0,True,True,,15
89195da49c3ffff,66,66-0,9,1,51.51746913670682,-0.14678341885353213,200.821,"POLYGON ((-0.1472178887027651 51.519216184342206, -0.1493097918516835 51.51823562588124, -0.1488752576875712 51.516488556872936, -0.1463489771971462 51.51572206681148, -0.1442571684147145 51.51670260465829, -0.14469154575661 51.51844965317931, -0.1472178887027651 51.519216184342206))",0,True,True,,1
88195da49dfffff,66,66,8,0,51.51746913670684,-0.1467834188535475,531.415,"POLYGON ((-0.1455603850105172 51.52194368343691, -0.1522709422925054 51.520749118026366, -0.1534934953318697 51.516274318871396, -0.1480062739463062 51.512994352080774, -0.1412967838748579 51.514188958085406, -0.1400734480900305 51.51866349027133, -0.1455603850105172 51.52194368343691))",7,True,True,True,64
88194e69b7fffff,67,67,8,0,51.52758138356957,-0.0418975966756408,531.415,"POLYGON ((-0.0406672361093833 51.53205236386801, -0.0473751194191357 51.53086471711523, -0.0486050000928295 51.52639348397196, -0.0431277775664507 51.52311016525556, -0.0364209624486832 51.52429785408472, -0.0351903017771664 51.52876881953884, -0.0406672361093833 51.53205236386801))",0,True,True,True,4
88194ad159fffff,68,68,8,0,51.48018385544346,-0.0931828989083554,531.415,"POLYGON ((-0.09195703076919 51.484658492346284, -0.0986612422372624 51.48346578923682, -0.0998866307507632 51.478990899770224, -0.0944085880900646 51.47570898097732, -0.0877054427510653 51.476901725630704, -0.086479274055162 51.48137634751797, -0.09195703076919 51.484658492346284))",0,True,True,True,5
88194ad359fffff,69,69,8,0,51.5198266506441,-0.0376514434205512,531.415,"POLYGON ((-0.0364209624486832 51.52429785408472, -0.0431277775664507 51.52311016525556, -0.0443577788199999 51.51863870896778, -0.0388817447309673 51.51535520925872, -0.0321759975390466 51.516542940261296, -0.0309452166221357 51.52101412878446, -0.0364209624486832 51.52429785408472))",0,True,True,True,8
88195da4ddfffff,70,70,8,0,51.53655923951044,-0.135178316439656,531.415,"POLYGON ((-0.1339540862087436 51.54103258173532, -0.1406664613738423 51.53983949056208, -0.1418902105989005 51.535365895833536, -0.1364023677051265 51.53208565920987, -0.1296910605320407 51.53327879105953, -0.1284665283724533 51.53775211884124, -0.1339540862087436 51.54103258173532))",0,True,True,True,18
89195da69afffff,71,71-3,9,1,51.544553565165174,-0.07643667582332524,200.821,"POLYGON ((-0.0768689372160093 51.54629997326948, -0.0789617753853832 51.54532144174202, -0.0785294495794824 51.543575012205054, -0.0760044424930434 51.54280713479599, -0.0739116990532234 51.543785645819014, -0.0743438679707204 51.54553205475414, -0.0768689372160093 51.54629997326948))",0,True,True,,5
89195da69abffff,71,71-2,9,1,51.54706784901143,-0.07939412926006854,200.821,"POLYGON ((-0.0798265112062449 51.54881423401016, -0.0819194441020601 51.547835681973034, -0.0814869977385494 51.54608927554262, -0.0789617753853832 51.54532144174202, -0.0768689372160093 51.54629997326948, -0.0773012266737659 51.54804635910581, -0.0798265112062449 51.54881423401016))",0,True,True,,2
89195da69a7ffff,71,71-1,9,1,51.54476409347229,-0.07181892152507449,200.821,"POLYGON ((-0.0722510260264309 51.54651048097147, -0.0743438679707204 51.54553205475414, -0.0739116990532234 51.543785645819014, -0.0713868450759603 51.54301768371048, -0.0692940978798607 51.54399608943081, -0.0697261099132577 51.54574247775527, -0.0722510260264309 51.54651048097147))",0,True,True,,2
89195da69a3ffff,71,71-0,9,1,51.54727844142394,-0.07477606494686173,200.821,"POLYGON ((-0.0752082899844196 51.549024805825354, -0.0773012266737659 51.54804635910581, -0.0768689372160093 51.54629997326948, -0.0743438679707204 51.54553205475414, -0.0722510260264309 51.54651048097147, -0.0726831585827603 51.54825684620492, -0.0752082899844196 51.549024805825354))",0,True,True,,12
89195da69b7ffff,71,71-5,9,1,51.54748884381671,-0.07015814999521032,200.821,"POLYGON ((-0.0705902181283878 51.549235187612005, -0.0726831585827603 51.54825684620492, -0.0722510260264309 51.54651048097147, -0.0697261099132577 51.54574247775527, -0.0676332642225634 51.5467207986676, -0.0680652398817731 51.54846714328944, -0.0705902181283878 51.549235187612005))",0,True,True,,3
89195da69b3ffff,71,71-4,9,1,51.55000318916956,-0.07311531919674787,200.821,"POLYGON ((-0.0735475078710636 51.55174950986226, -0.0756405430860081 51.550771147955224, -0.0752082899844196 51.549024805825354, -0.0726831585827603 51.54825684620492, -0.0705902181283878 51.549235187612005, -0.0710223143155312 51.550981509138026, -0.0735475078710636 51.55174950986226))",0,True,True,,3
89195da69bbffff,71,71-6,9,1,51.54979272267104,-0.07773354419930636,200.821,"POLYGON ((-0.0781658897953118 51.551539063962075, -0.0802589212265883 51.550560596735124, -0.0798265112062449 51.54881423401016, -0.0773012266737659 51.54804635910581, -0.0752082899844196 51.549024805825354, -0.0756405430860081 51.550771147955224, -0.0781658897953118 51.551539063962075))",0,True,True,,6
88195da69bfffff,71,71,8,0,51.54727844142394,-0.0747760649468771,531.415,"POLYGON ((-0.073547507871084 51.55174950986224, -0.0802589212265935 51.55056059673514, -0.0814869977385648 51.54608927554262, -0.0760044424930434 51.54280713479599, -0.0692940978798607 51.54399608943081, -0.0680652398817884 51.548467143289415, -0.073547507871084 51.55174950986224))",7,True,True,True,24
88195da691fffff,72,72,8,0,51.54937121952756,-0.0869704421764041,531.415,"POLYGON ((-0.0857426668349162 51.55384255524049, -0.0924547759224355 51.552652966626994, -0.0936820705389102 51.54818137820278, -0.0881980380752671 51.54489964560862, -0.0814869977385648 51.54608927554262, -0.0802589212265935 51.55056059673514, -0.0857426668349162 51.55384255524049))",0,True,True,True,6
88195da6b7fffff,73,73,8,0,51.542225208534575,-0.1272418171846339,531.415,"POLYGON ((-0.1260169269304747 51.54669806009786, -0.1327296769742539 51.54550568584282, -0.1339540862087436 51.54103258173532, -0.1284665283724533 51.53775211884124, -0.1217548465789755 51.53894453386253, -0.1205296544832724 51.543417370996444, -0.1260169269304747 51.54669806009786))",0,True,True,True,6
88194e69b5fffff,74,74,8,0,51.53533571221392,-0.0461450590942097,531.415,"POLYGON ((-0.0449148190798143 51.53980646922639, -0.0516237708477641 51.538618864452815, -0.0528535307952435 51.53414785459797, -0.0473751194191357 51.53086471711523, -0.0406672361093833 51.53205236386801, -0.0394366958294409 51.53652310610928, -0.0449148190798143 51.53980646922639))",0,True,True,True,9
88195da4d5fffff,75,75,8,0,51.53089206304201,-0.1431137809212822,531.415,"POLYGON ((-0.1418902105989005 51.535365895833536, -0.1486022106684861 51.534172087773996, -0.149825299998878 51.52969800251943, -0.14433717237912 51.52641799222921, -0.1376262400432606 51.52761184087534, -0.1364023677051265 51.53208565920987, -0.1418902105989005 51.535365895833536))",0,True,True,True,3
88194e69a7fffff,76,76,8,0,51.54518458011435,-0.0625838611254889,531.415,"POLYGON ((-0.0613545227247835 51.549655381175874, -0.0680652398817884 51.548467143289415, -0.0692940978798607 51.54399608943081, -0.0638130199095814 51.54071354087955, -0.0571033714861545 51.54190182046088, -0.0558737324113658 51.54637260688349, -0.0613545227247835 51.549655381175874))",0,True,True,True,11
88194ad147fffff,77,77,8,0,51.48644690911801,-0.1297373836137072,531.415,"POLYGON ((-0.1285138579873327 51.49092234827387, -0.1352201480155889 51.489727619903285, -0.1364431935351191 51.48525192831275, -0.1309607305435918 51.4819712323498, -0.124255506667133 51.48316600170335, -0.1230316797418314 51.48764142602171, -0.1285138579873327 51.49092234827387))",0,True,True,True,8
88194ad31bfffff,78,78,8,0,51.49299443462068,-0.0450305576985479,531.415,"POLYGON ((-0.0438011541223464 51.49746706510393, -0.0505050918662366 51.4962778593817, -0.0517340160984147 51.49180497612737, -0.0462597818424264 51.488521566443175, -0.0395569109798166 51.489710814352954, -0.0383272076035719 51.494183429744325, -0.0438011541223464 51.49746706510393))",0,True,True,True,6
88194ad313fffff,79,79,8,0,51.487331855191485,-0.0529627609606228,531.415,"POLYGON ((-0.0517340160984147 51.49180497612737, -0.0584375826223029 51.490615054227604, -0.0596658481535865 51.48614168056108, -0.0541913264909809 51.482858496615876, -0.0474888265921051 51.48404846061325, -0.0462597818424264 51.488521566443175, -0.0517340160984147 51.49180497612737))",0,True,True,True,7
88194ad35bfffff,80,80,8,0,51.51207151382242,-0.0334065987703595,531.415,"POLYGON ((-0.0321759975390466 51.516542940261296, -0.0388817447309673 51.51535520925872, -0.0401118664181755 51.51088352997026, -0.0346370203542621 51.50759984950953, -0.0279323408220886 51.508787622782584, -0.0267014398058319 51.51325903423088, -0.0321759975390466 51.516542940261296))",0,True,True,True,8
88194ad065fffff,81,81,8,0,51.47809400674981,-0.0810024045331861,531.415,"POLYGON ((-0.0797757563721386 51.482568376030336, -0.086479274055162 51.48137634751797, -0.0877054427510653 51.476901725630704, -0.0822288736500027 51.47361939992232, -0.0755264220878305 51.47481147016551, -0.0742994736173714 51.479285824371196, -0.0797757563721386 51.482568376030336))",0,True,True,True,1
88195da695fffff,82,82,8,0,51.55146291383167,-0.0991669922902143,531.415,"POLYGON ((-0.0979399990924709 51.55593451671699, -0.1046528034449543 51.55474425237145, -0.1058793157566078 51.55027239681782, -0.1003938061324982 51.546991072724, -0.0936820705389102 51.54818137820278, -0.0924547759224355 51.552652966626994, -0.0979399990924709 51.55593451671699))",0,True,True,True,2
88195da6b1fffff,83,83,8,0,51.54788996998759,-0.1193042832584574,531.415,"POLYGON ((-0.1180787328663792 51.55236233079434, -0.1247918575718019 51.551170673489366, -0.1260169269304747 51.54669806009786, -0.1205296544832724 51.543417370996444, -0.113817598286339 51.544609069157524, -0.1125917461399325 51.5490814155487, -0.1180787328663792 51.55236233079434))",0,True,True,True,4
89195da496bffff,84,84-2,9,1,51.50382949772002,-0.15506873646436975,200.821,"POLYGON ((-0.1555033868249457 51.50557676345942, -0.1575947971174025 51.50459578137511, -0.1571600824770642 51.50284849427422, -0.1546341143016688 51.502082209738454, -0.1525427982983934 51.50306317119739, -0.1529773561817216 51.50481043781605, -0.1555033868249457 51.50557676345942))",0,True,True,,1
89195da4967ffff,84,84-1,9,1,51.50153038957712,-0.14749128943129752,200.821,"POLYGON ((-0.1479256623804043 51.50327765794195, -0.1500169826204109 51.50229680181411, -0.1495825453926876 51.50054951208351, -0.1470569446609139 51.49978309897817, -0.1449657187319727 51.50076393449329, -0.1453999992241318 51.50251120372504, -0.1479256623804043 51.50327765794195))",0,True,True,,0
88195da497fffff,84,84,8,0,51.50404406930792,-0.1504514480332374,531.415,"POLYGON ((-0.1492289503268438 51.50851932960054, -0.1559380653860966 51.50732400695352, -0.1571600824770642 51.50284849427422, -0.151673767103535 51.499568571244744, -0.1449657187319727 51.50076393449329, -0.1437429191577654 51.505239180154575, -0.1492289503268438 51.50851932960054))",7,True,True,True,25
89195da4973ffff,84,84-4,9,1,51.50677212795678,-0.148794492825448,200.821,"POLYGON ((-0.1492289503268387 51.50851932960054, -0.1513204634249241 51.50753853757262, -0.1508859416338506 51.50579131456179, -0.1483600635108917 51.50502490406954, -0.1462686447361144 51.50600567548181, -0.1467030097613341 51.50775287800057, -0.1492289503268387 51.50851932960054))",0,True,True,,10
89195da4963ffff,84,84-0,9,1,51.50404406930792,-0.15045144803323746,200.821,"POLYGON ((-0.1508859416338506 51.50579131456179, -0.1529773561817216 51.50481043781605, -0.1525427982983934 51.50306317119739, -0.1500169826204109 51.50229680181411, -0.1479256623804043 51.50327765794195, -0.1483600635108917 51.50502490406954, -0.1508859416338506 51.50579131456179))",0,True,True,,5
89195da496fffff,84,84-3,9,1,51.501315882339235,-0.15210826860657436,200.821,"POLYGON ((-0.1525427982983934 51.50306317119739, -0.1546341143016688 51.502082209738454, -0.1541995203341534 51.50033489951778, -0.1516737671035298 51.499568571244744, -0.1495825453926876 51.50054951208351, -0.1500169826204109 51.50229680181411, -0.1525427982983934 51.50306317119739))",0,True,True,,5
89195da497bffff,84,84-6,9,1,51.50655768219209,-0.15341194225919205,200.821,"POLYGON ((-0.1538465565335708 51.50830490432239, -0.1559380653860864 51.50732400695351, -0.1555033868249457 51.50557676345942, -0.1529773561817216 51.50481043781605, -0.1508859416338506 51.50579131456179, -0.1513204634249241 51.50753853757262, -0.1538465565335708 51.50830490432239))",0,True,True,,0
89195da4977ffff,84,84-5,9,1,51.504258450722254,-0.14583430789128143,200.821,"POLYGON ((-0.1462686447361144 51.50600567548181, -0.1483600635108917 51.50502490406954, -0.1479256623804043 51.50327765794195, -0.1453999992241318 51.50251120372504, -0.1433086747758774 51.50349195452682, -0.1437429191577603 51.50523918015458, -0.1462686447361144 51.50600567548181))",0,True,True,,2
88194ad225fffff,85,85,8,0,51.498655807428726,-0.0370973247326932,531.415,"POLYGON ((-0.0358672623289836 51.50312794736438, -0.0425715710756642 51.50193945785111, -0.0438011541223464 51.49746706510393, -0.0383272076035719 51.494183429744325, -0.0316239659944101 51.495371961535085, -0.0303936038781737 51.49984408639295, -0.0358672623289836 51.50312794736438))",0,True,True,True,3
89194ad1683ffff,86,86-0,9,1,51.4962884510905,-0.1461883396454372,200.821,"POLYGON ((-0.1466226280665094 51.49803578614827, -0.1487137554817258 51.49705486592445, -0.1482794027931318 51.49530750950223, -0.1457540793949998 51.49454109380805, -0.143663046278639 51.49552199342209, -0.1440972422619314 51.497269329338685, -0.1466226280665094 51.49803578614827))",0,True,True,,12
89194ad1693ffff,86,86-4,9,1,51.49901664303011,-0.14453146641212639,200.821,"POLYGON ((-0.1449657187319727 51.50076393449329, -0.1470569446609139 51.49978309897817, -0.1466226280665094 51.49803578614827, -0.1440972422619314 51.497269329338685, -0.1420061106472992 51.498250144246256, -0.1424402705233494 51.49999743656955, -0.1449657187319727 51.50076393449329))",0,True,True,,7
89194ad1697ffff,86,86-5,9,1,51.496502829697384,-0.14157197893449616,200.821,"POLYGON ((-0.1420061106472992 51.498250144246256, -0.1440972422619314 51.497269329338685, -0.143663046278639 51.49552199342209, -0.141137875382223 51.49475549292607, -0.1390468380851098 51.49573628723131, -0.1394808773672925 51.497483602633494, -0.1420061106472992 51.498250144246256))",0,True,True,,7
88194ad169fffff,86,86,8,0,51.49628845109052,-0.1461883396454525,531.415,"POLYGON ((-0.1449657187319727 51.50076393449329, -0.151673767103535 51.499568571244744, -0.1528959075757902 51.49509283545281, -0.1474107819362128 51.4918127299881, -0.1407037999878035 51.493008133935426, -0.1394808773672925 51.497483602633494, -0.1449657187319727 51.50076393449329))",7,True,True,True,36
89194ad1687ffff,86,86-1,9,1,51.49377463528345,-0.14322887845958296,200.821,"POLYGON ((-0.143663046278639 51.49552199342209, -0.1457540793949998 51.49454109380805, -0.1453198473124946 51.49279371430398, -0.1427947388021022 51.49202725492596, -0.1407037999878035 51.493008133935426, -0.141137875382223 51.49475549292607, -0.143663046278639 51.49552199342209))",0,True,True,,5
89194ad168fffff,86,86-3,9,1,51.49356013085571,-0.14784507827882754,200.821,"POLYGON ((-0.1482794027931318 51.49530750950223, -0.1503704317002547 51.494326504574325, -0.1499360429254445 51.49257910456565, -0.1474107819362128 51.4918127299881, -0.1453198473124946 51.49279371430398, -0.1457540793949998 51.49454109380805, -0.1482794027931318 51.49530750950223))",0,True,True,,10
89194ad168bffff,86,86-2,9,1,51.49607388235912,-0.15080484865303517,200.821,"POLYGON ((-0.1512392937866068 51.497821237916995, -0.1533304169739028 51.496840212371836, -0.1528959075757697 51.49509283545281, -0.1503704317002547 51.494326504574325, -0.1482794027931318 51.49530750950223, -0.1487137554817258 51.49705486592445, -0.1512392937866068 51.497821237916995))",0,True,True,,0
89194ad169bffff,86,86-6,9,1,51.49880220011926,-0.14914813634734855,200.821,"POLYGON ((-0.1495825453926876 51.50054951208351, -0.1516737671035298 51.499568571244744, -0.1512392937866068 51.497821237916995, -0.1487137554817258 51.49705486592445, -0.1466226280665094 51.49803578614827, -0.1470569446609139 51.49978309897817, -0.1495825453926876 51.50054951208351))",0,True,True,,1
88195da48bfffff,87,87,8,0,51.5252236792563,-0.1510482105275247,531.415,"POLYGON ((-0.149825299998878 51.52969800251943, -0.1565369247562613 51.5285034776056, -0.1577593543068416 51.5240289019201, -0.1522709422925054 51.520749118026366, -0.1455603850105172 51.52194368343691, -0.14433717237912 51.52641799222921, -0.149825299998878 51.52969800251943))",0,True,True,True,5
88194ad069fffff,88,88,8,0,51.48166806926756,-0.060893934415386,531.415,"POLYGON ((-0.0596658481535865 51.48614168056108, -0.066369043240439 51.48495104251523, -0.0675966501844614 51.480477178531565, -0.0621218414458187 51.47719422038887, -0.055419712727635 51.47838490044238, -0.0541913264909809 51.482858496615876, -0.0596658481535865 51.48614168056108))",0,True,True,True,6
88194e69a3fffff,89,89,8,0,51.54308963619241,-0.0503938312350707,531.415,"POLYGON ((-0.0491637119189418 51.547560169775075, -0.0558737324113658 51.54637260688349, -0.0571033714861545 51.54190182046088, -0.0516237708477641 51.538618864452815, -0.0449148190798143 51.53980646922639, -0.0436843993377232 51.54427698811097, -0.0491637119189418 51.547560169775075))",0,True,True,True,14
89195da4943ffff,90,90-0,9,1,51.51179928183318,-0.15471586968369397,200.821,"POLYGON ((-0.1551505685648749 51.51354643720746, -0.1572422702999188 51.512565603932586, -0.1568075071208878 51.510818427193236, -0.1542811990075064 51.5100521042038, -0.1521895915893157 51.51103291685258, -0.152624197968013 51.51278007311547, -0.1551505685648749 51.51354643720746))",0,True,True,,8
89195da4947ffff,90,90-1,9,1,51.509285738337255,-0.1517550134091929,200.821,"POLYGON ((-0.1521895915893157 51.51103291685258, -0.1542811990075064 51.5100521042038, -0.1538465565335708 51.50830490432239, -0.1513204634249241 51.50753853757262, -0.1492289503268387 51.50851932960054, -0.1496634360176655 51.510266508997674, -0.1521895915893157 51.51103291685258))",0,True,True,,4
89195da494bffff,90,90-2,9,1,51.51158470729867,-0.1593339377484184,200.821,"POLYGON ((-0.1597687934370457 51.513331883143906, -0.1618604908891427 51.51235094451323, -0.1614255709055847 51.51060374730617, -0.1588991102748098 51.509837509196046, -0.1568075071208878 51.510818427193236, -0.1572422702999188 51.512565603932586, -0.1597687934370457 51.513331883143906))",0,True,True,,0
89195da494fffff,90,90-3,9,1,51.50907122819916,-0.15637277215049686,200.821,"POLYGON ((-0.1568075071208878 51.510818427193236, -0.1588991102748098 51.509837509196046, -0.1584643110135799 51.508090288839185, -0.1559380653860864 51.50732400695351, -0.1538465565335708 51.50830490432239, -0.1542811990075064 51.5100521042038, -0.1568075071208878 51.510818427193236))",0,True,True,,2
88195da495fffff,90,90,8,0,51.5117992818332,-0.1547158696837042,531.415,"POLYGON ((-0.1534934953318697 51.516274318871396, -0.1602036773434338 51.51507903672859, -0.1614255709055847 51.51060374730617, -0.1559380653860966 51.50732400695352, -0.1492289503268438 51.50851932960054, -0.1480062739463062 51.512994352080774, -0.1534934953318697 51.516274318871396))",7,True,True,True,50
89195da495bffff,90,90-6,9,1,51.514312758414135,-0.15767706169032153,200.821,"POLYGON ((-0.1581118812947357 51.51605989063471, -0.1602036773434287 51.51507903672861, -0.1597687934370457 51.513331883143906, -0.1572422702999188 51.512565603932586, -0.1551505685648749 51.51354643720746, -0.1555852956536728 51.515293570323465, -0.1581118812947357 51.51605989063471))",0,True,True,,10
89195da4953ffff,90,90-4,9,1,51.51452720712279,-0.15305883254798974,200.821,"POLYGON ((-0.1534934953318697 51.516274318871396, -0.1555852956536728 51.515293570323465, -0.1551505685648749 51.51354643720746, -0.152624197968013 51.51278007311547, -0.1505324919785279 51.5137608010396, -0.1509670622539321 51.515507913678114, -0.1534934953318697 51.516274318871396))",0,True,True,,19
89195da4957ffff,90,90-5,9,1,51.512013666145066,-0.15009794990068423,200.821,"POLYGON ((-0.1505324919785279 51.5137608010396, -0.152624197968013 51.51278007311547, -0.1521895915893157 51.51103291685258, -0.1496634360176655 51.510266508997674, -0.1475718243637387 51.51124721630318, -0.1480062739462858 51.512994352080796, -0.1505324919785279 51.5137608010396))",0,True,True,,4
88194ad155fffff,91,91,8,0,51.47660359748126,-0.1132944146792765,531.415,"POLYGON ((-0.1120699855640625 51.48107899199183, -0.1187745170606921 51.47988489778317, -0.1199984664033532 51.47540925079247, -0.1145186650244543 51.47212796544567, -0.1078151994077165 51.47332210092135, -0.1065904694014123 51.47779748046167, -0.1120699855640625 51.48107899199183))",0,True,True,True,4
88194ad16bfffff,92,92,8,0,51.4885324275668,-0.1419265439609729,531.415,"POLYGON ((-0.1407037999878035 51.493008133935426, -0.1474107819362128 51.4918127299881, -0.1486330456422775 51.48733677122789, -0.1431491093248555 51.484056483569475, -0.1364431935351191 51.48525192831275, -0.1352201480155889 51.489727619903285, -0.1407037999878035 51.493008133935426))",0,True,True,True,10
88194ad151fffff,93,93,8,0,51.47451577275307,-0.1011118403692577,531.415,"POLYGON ((-0.0998866307507632 51.478990899770224, -0.1065904694014123 51.47779748046167, -0.1078151994077165 51.47332210092135, -0.1023368711308112 51.47004040822724, -0.0956340983523607 51.47123386898976, -0.0944085880900646 51.47570898097732, -0.0998866307507632 51.478990899770224))",0,True,True,True,3
88194e69b3fffff,94,94,8,0,51.52548507935017,-0.0297142559813947,531.415,"POLYGON ((-0.0284831155785873 51.52995579191675, -0.0351903017771664 51.52876881953884, -0.0364209624486832 51.52429785408472, -0.0309452166221357 51.52101412878446, -0.0242390986058733 51.522201143425725, -0.0230076583456987 51.52667184108886, -0.0284831155785873 51.52995579191675))",0,True,True,True,14
88194ad22dfffff,95,95,8,0,51.50431597348938,-0.0291630621667877,531.415,"POLYGON ((-0.0279323408220886 51.508787622782584, -0.0346370203542621 51.50759984950953, -0.0358672623289836 51.50312794736438, -0.0303936038781737 51.49984408639295, -0.023689991739702 51.50103190203343, -0.0224589707700614 51.505503536262914, -0.0279323408220886 51.508787622782584))",0,True,True,True,12
88195da6b9fffff,96,96,8,0,51.55355352374281,-0.1113657147634833,531.415,"POLYGON ((-0.1101395041188681 51.55802539369816, -0.116853003268841 51.55683445337499, -0.1180787328663792 51.55236233079434, -0.1125917461399325 51.5490814155487, -0.1058793157566078 51.55027239681782, -0.1046528034449543 51.55474425237145, -0.1101395041188681 51.55802539369816))",0,True,True,True,8
88194e69b1fffff,97,97,8,0,51.53323954696482,-0.0339594613677487,531.415,"POLYGON ((-0.0327284411822152 51.53771003632092, -0.0394366958294409 51.53652310610928, -0.0406672361093833 51.53205236386801, -0.0351903017771664 51.52876881953884, -0.0284831155785873 51.52995579191675, -0.0272517953754835 51.53442626644252, -0.0327284411822152 51.53771003632092))",0,True,True,True,11
88194ad061fffff,98,98,8,0,51.47600307697548,-0.0688240779594911,531.415,"POLYGON ((-0.0675966501844614 51.480477178531565, -0.0742994736173714 51.479285824371196, -0.0755264220878305 51.47481147016551, -0.0700513266035816 51.47152873788882, -0.0633495692829674 51.472720133966845, -0.0621218414458187 51.47719422038887, -0.0675966501844614 51.480477178531565))",0,True,True,True,12
88194ad109fffff,99,99,8,0,51.47869033980178,-0.1254791548713669,531.415,"POLYGON ((-0.124255506667133 51.48316600170335, -0.1309607305435918 51.4819712323498, -0.1321838988150199 51.477495318011115, -0.126702624392607 51.474214440358836, -0.1199984664033532 51.47540925079247, -0.1187745170606921 51.47988489778317, -0.124255506667133 51.48316600170335))",0,True,True,True,5
88195da699fffff,100,100,8,0,51.55503167970897,-0.0790306652093657,531.415,"POLYGON ((-0.0778022296486263 51.559502524422555, -0.0845147120126078 51.55831365270576, -0.0857426668349162 51.55384255524049, -0.0802589212265935 51.55056059673514, -0.073547507871084 51.55174950986224, -0.0723187712273736 51.55622034006927, -0.0778022296486263 51.559502524422555))",0,True,True,True,8
88194e69a5fffff,101,101,8,0,51.55293795894576,-0.0668362022914385,531.415,"POLYGON ((-0.0656069850705629 51.55740853635816, -0.0723187712273736 51.55622034006927, -0.073547507871084 51.55174950986224, -0.0680652398817884 51.548467143289415, -0.0613545227247835 51.549655381175874, -0.0601250046692225 51.55412594402251, -0.0656069850705629 51.55740853635816))",0,True,True,True,4
89195da4827ffff,102,102-1,9,1,51.51704068117809,-0.15602005095282964,200.821,"POLYGON ((-0.156454834465026 51.51878776976817, -0.1585467291159189 51.517807000591226, -0.1581118812947357 51.51605989063471, -0.1555852956536728 51.515293570323465, -0.1534934953318697 51.516274318871396, -0.1539281863223997 51.51802140835821, -0.156454834465026 51.51878776976817))",0,True,True,,7
89195da4823ffff,102,102-0,9,1,51.51955408828051,-0.1589816051565266,200.821,"POLYGON ((-0.1594165094192864 51.52130115369944, -0.1615084983960427 51.52032036388825, -0.161073529820238 51.51857327710392, -0.1585467291159189 51.517807000591226, -0.156454834465026 51.51878776976817, -0.156889646192953 51.520534836090626, -0.1594165094192864 51.52130115369944))",0,True,True,,7
89195da4833ffff,102,102-4,9,1,51.522281880142316,-0.15732448613931233,200.821,"POLYGON ((-0.1577593543068365 51.5240289019201, -0.1598514419068749 51.523048196844925, -0.1594165094192864 51.52130115369944, -0.156889646192953 51.520534836090626, -0.1547976529342229 51.52151552053383, -0.1552324285608881 51.5232625432164, -0.1577593543068365 51.5240289019201))",0,True,True,,10
89195da4837ffff,102,102-5,9,1,51.51976847558006,-0.15436290552230075,200.821,"POLYGON ((-0.1547976529342229 51.52151552053383, -0.156889646192953 51.520534836090626, -0.156454834465026 51.51878776976817, -0.1539281863223997 51.51802140835821, -0.1518362874082281 51.51900207217463, -0.152270942292485 51.520749118026366, -0.1547976529342229 51.52151552053383))",0,True,True,,9
89195da483bffff,102,102-6,9,1,51.52206742839959,-0.16194349520040088,200.821,"POLYGON ((-0.1623785202359947 51.523814470634754, -0.1644706035353745 51.52283366018414, -0.1640355141826629 51.52108659658455, -0.1615084983960427 51.52032036388825, -0.1594165094192864 51.52130115369944, -0.1598514419068749 51.523048196844925, -0.1623785202359947 51.523814470634754))",0,True,True,,7
88195da483fffff,102,102,8,0,51.51955408828049,-0.1589816051565317,531.415,"POLYGON ((-0.1577593543068416 51.5240289019201, -0.1644706035353745 51.52283366018414, -0.1656923734210318 51.51835859416285, -0.1602036773434338 51.51507903672859, -0.1534934953318697 51.516274318871396, -0.1522709422925054 51.520749118026366, -0.1577593543068416 51.5240289019201))",7,True,True,True,40
89195da482fffff,102,102-3,9,1,51.516826168049626,-0.16063858947027415,200.821,"POLYGON ((-0.161073529820238 51.51857327710392, -0.1631654201793265 51.51759240256131, -0.1627304155233371 51.51584527214391, -0.1602036773434287 51.51507903672861, -0.1581118812947357 51.51605989063471, -0.1585467291159189 51.517807000591226, -0.161073529820238 51.51857327710392))",0,True,True,,2
89195da482bffff,102,102-2,9,1,51.519339510709244,-0.16360045306487103,200.821,"POLYGON ((-0.1640355141826629 51.52108659658455, -0.1661274988489055 51.52010570140031, -0.1656923734210164 51.51835859416284, -0.1631654201793265 51.51759240256131, -0.161073529820238 51.51857327710392, -0.1615084983960427 51.52032036388825, -0.1640355141826629 51.52108659658455))",0,True,True,,4
88194ad265fffff,103,103,8,0,51.5177302077925,-0.0254703590798305,531.415,"POLYGON ((-0.0242390986058733 51.522201143425725, -0.0309452166221357 51.52101412878446, -0.0321759975390466 51.516542940261296, -0.0267014398058319 51.51325903423088, -0.0199963897056205 51.51444609123252, -0.0187648295343767 51.5189170118892, -0.0242390986058733 51.522201143425725))",0,True,True,True,3
88195da4cbfffff,104,104,8,0,51.54431284718591,-0.1394425332080013,531.415,"POLYGON ((-0.138218426063232 51.548785965663335, -0.144931869485621 51.54759291506906, -0.1461554954499671 51.54311954409054, -0.1406664613738423 51.53983949056208, -0.1339540862087436 51.54103258173532, -0.1327296769742539 51.54550568584282, -0.138218426063232 51.548785965663335))",0,True,True,True,19
89195da4c3bffff,105,105-6,9,1,51.541159257115694,-0.1503410173943448,200.821,"POLYGON ((-0.1507757896295478 51.542905993706285, -0.1528685635183636 51.541925776520124, -0.1524337269168024 51.540179018549125, -0.1499062733833166 51.53941249822403, -0.1478135939254542 51.54039269478647, -0.1482482735704834 51.54213943229631, -0.1507757896295478 51.542905993706285))",0,True,True,,2
89195da4c37ffff,105,105-5,9,1,51.53885944138131,-0.1427591149567022,200.821,"POLYGON ((-0.1431936094417361 51.54060618071729, -0.1452862931126135 51.53962608953937, -0.1448517342623625 51.537879328818754, -0.1423246486766591 51.537112679752354, -0.1402320594586444 51.53809275031919, -0.1406664613738423 51.53983949056208, -0.1431936094417361 51.54060618071729))",0,True,True,,14
89195da4c23ffff,105,105-0,9,1,51.5386459349783,-0.14737894249823538,200.821,"POLYGON ((-0.1478135939254542 51.54039269478647, -0.1499062733833166 51.53941249822403, -0.1494715575938066 51.53766571703446, -0.1469443192860735 51.53689915287483, -0.1448517342623625 51.537879328818754, -0.1452862931126135 51.53962608953937, -0.1478135939254542 51.54039269478647))",0,True,True,,0
89195da4c27ffff,105,105-1,9,1,51.536132545805565,-0.1444172036208,200.821,"POLYGON ((-0.1448517342623625 51.537879328818754, -0.1469443192860735 51.53689915287483, -0.1465097242863232 51.53515234847928, -0.1439827011852246 51.53438574050295, -0.1418902105988852 51.535365895833536, -0.1423246486766591 51.537112679752354, -0.1448517342623625 51.537879328818754))",0,True,True,,2
89195da4c2bffff,105,105-2,9,1,51.53843223827749,-0.15199891854312392,200.821,"POLYGON ((-0.1524337269168024 51.540179018549125, -0.154526402133093 51.5391987165971, -0.1540915294000934 51.537451914947354, -0.1515641383946664 51.5366854357084, -0.1494715575938066 51.53766571703446, -0.1499062733833166 51.53941249822403, -0.1524337269168024 51.540179018549125))",0,True,True,,1
89195da4c2fffff,105,105-3,9,1,51.53591891355008,-0.1490368700231125,200.821,"POLYGON ((-0.1494715575938066 51.53766571703446, -0.1515641383946664 51.5366854357084, -0.1511293864687014 51.53493861084491, -0.1486022106684861 51.534172087773996, -0.1465097242863232 51.53515234847928, -0.1469443192860735 51.53689915287483, -0.1494715575938066 51.53766571703446))",0,True,True,,0
89195da4c33ffff,105,105-4,9,1,51.54137282796433,-0.14572088017425452,200.821,"POLYGON ((-0.1461554954499671 51.54311954409054, -0.1482482735704834 51.54213943229631, -0.1478135939254542 51.54039269478647, -0.1452862931126135 51.53962608953937, -0.1431936094417361 51.54060618071729, -0.1436281321344417 51.54235289775718, -0.1461554954499671 51.54311954409054))",0,True,True,,15
88195da4c3fffff,105,105,8,0,51.53864593497829,-0.14737894249822,531.415,"POLYGON ((-0.1461554954499671 51.54311954409054, -0.1528685635183636 51.541925776520124, -0.1540915294001036 51.537451914947354, -0.1486022106684861 51.534172087773996, -0.1418902105989005 51.535365895833536, -0.1406664613738423 51.53983949056208, -0.1461554954499671 51.54311954409054))",7,True,True,True,41
88194ad15bfffff,106,106,8,0,51.47242686620928,-0.0889314324651256,531.415,"POLYGON ((-0.0877054427510653 51.476901725630704, -0.0944085880900646 51.47570898097732, -0.0956340983523607 51.47123386898976, -0.0901572432354421 51.46795176929554, -0.0834551637606299 51.469144555589764, -0.0822288736500027 51.47361939992232, -0.0877054427510653 51.476901725630704))",0,True,True,True,6
88195da69dfffff,107,107,8,0,51.55712431681616,-0.0912273018877972,531.415,"POLYGON ((-0.0899996483967639 51.5615954287287, -0.0967128265010503 51.560405881338276, -0.0979399990924709 51.55593451671699, -0.0924547759224355 51.552652966626994, -0.0857426668349162 51.55384255524049, -0.0845147120126078 51.55831365270576, -0.0899996483967639 51.5615954287287))",0,True,True,True,4
88194e69bdfffff,108,108,8,0,51.54099361025165,-0.0382059757975572,531.415,"POLYGON ((-0.0369750759754668 51.54546387625353, -0.0436843993377232 51.54427698811097, -0.0449148190798143 51.53980646922639, -0.0394366958294409 51.53652310610928, -0.0327284411822152 51.53771003632092, -0.0314972411822801 51.54218028756553, -0.0369750759754668 51.54546387625353))",0,True,True,True,1
88195da6b5fffff,109,109,8,0,51.549978551791256,-0.1315050886980324,531.415,"POLYGON ((-0.130280321341936 51.55445117953889, -0.136994139901405 51.55325884595269, -0.138218426063232 51.548785965663335, -0.1327296769742539 51.54550568584282, -0.1260169269304747 51.54669806009786, -0.1247918575718019 51.551170673489366, -0.130280321341936 51.55445117953889))",0,True,True,True,5
88195da489fffff,110,110,8,0,51.53297781529529,-0.1553143164666999,531.415,"POLYGON ((-0.1540915294001036 51.537451914947354, -0.1608042218977334 51.53625743043282, -0.1620265278117914 51.53178307836091, -0.1565369247562613 51.5285034776056, -0.149825299998878 51.52969800251943, -0.1486022106684861 51.534172087773996, -0.1540915294001036 51.537451914947354))",0,True,True,True,0
88194e69a1fffff,111,111,8,0,51.5508431551202,-0.0546439136574011,531.415,"POLYGON ((-0.0534139151860093 51.555313465129345, -0.0601250046692225 51.55412594402251, -0.0613545227247835 51.549655381175874, -0.0558737324113658 51.54637260688349, -0.0491637119189418 51.547560169775075, -0.0479334128611061 51.55203046515922, -0.0534139151860093 51.555313465129345))",0,True,True,True,10
88194ad04dfffff,112,112,8,0,51.485237961296434,-0.0407864348995539,531.415,"POLYGON ((-0.0395569109798166 51.489710814352954, -0.0462597818424264 51.488521566443175, -0.0474888265921051 51.48404846061325, -0.0420157794009529 51.480764870616554, -0.0353139751539996 51.48195416081074, -0.0340841515941615 51.486426998702186, -0.0395569109798166 51.489710814352954))",0,True,True,True,2
88194ad10dfffff,113,113,8,0,51.48077599912259,-0.1376660604207651,531.415,"POLYGON ((-0.1364431935351191 51.48525192831275, -0.1431491093248555 51.484056483569475, -0.1443714961174301 51.479580301985344, -0.1388887487105007 51.476299832374764, -0.1321838988150199 51.477495318011115, -0.1309607305435918 51.4819712323498, -0.1364431935351191 51.48525192831275))",0,True,True,True,9
88194ad227fffff,114,114,8,0,51.49089959895758,-0.0328541485536823,531.415,"POLYGON ((-0.0316239659944101 51.495371961535085, -0.0383272076035719 51.494183429744325, -0.0395569109798166 51.489710814352954, -0.0340841515941615 51.486426998702186, -0.027381976856693 51.48761557286736, -0.0261514947448436 51.49208792029387, -0.0316239659944101 51.495371961535085))",0,True,True,True,2
89194ad16c3ffff,115,115-0,9,1,51.498372743837066,-0.15838192099466633,200.821,"POLYGON ((-0.1588166435035764 51.500120096777145, -0.1609078566927517 51.49913894527578, -0.1604730699181343 51.497391570978756, -0.1579472266856348 51.496625368661945, -0.1558561077547421 51.497606499533454, -0.1562907377984286 51.49935385335024, -0.1588166435035764 51.500120096777145))",0,True,True,,4
88194ad16dfffff,115,115,8,0,51.498372743837066,-0.1583819209946663,531.415,"POLYGON ((-0.1571600824770642 51.50284849427422, -0.163868822307812 51.50165245501701, -0.1650901802239579 51.49717645223391, -0.159603580976933 51.49389675568397, -0.1528959075757902 51.49509283545281, -0.151673767103535 51.499568571244744, -0.1571600824770642 51.50284849427422))",7,True,True,True,25
89194ad16c7ffff,115,115-1,9,1,51.49585912348432,-0.15542150590453377,200.821,"POLYGON ((-0.1558561077547421 51.497606499533454, -0.1579472266856348 51.496625368661945, -0.1575125605737926 51.494877971254866, -0.1549869322451504 51.49411172520594, -0.1528959075757697 51.49509283545281, -0.1533304169739028 51.496840212371836, -0.1558561077547421 51.497606499533454))",0,True,True,,1
89194ad16cfffff,115,115-3,9,1,51.49564417444713,-0.16003831134709126,200.821,"POLYGON ((-0.1604730699181343 51.497391570978756, -0.1625641845641063 51.49641033477576, -0.1621293617343551 51.49466291688947, -0.1596035809769075 51.493896755683984, -0.1575125605737926 51.494877971254866, -0.1579472266856348 51.496625368661945, -0.1604730699181343 51.497391570978756))",0,True,True,,0
89194ad16dbffff,115,115-6,9,1,51.50088629733506,-0.1613426716736999,200.821,"POLYGON ((-0.1617775148635615 51.50263362715342, -0.163868822307812 51.50165245501701, -0.1634339148481292 51.49990510384268, -0.1609078566927517 51.49913894527578, -0.1588166435035764 51.500120096777145, -0.1592513942150752 51.50186742747905, -0.1617775148635615 51.50263362715342))",0,True,True,,11
89194ad16d3ffff,115,115-4,9,1,51.50110118493153,-0.15672539603828226,200.821,"POLYGON ((-0.1571600824770642 51.50284849427422, -0.1592513942150752 51.50186742747905, -0.1588166435035764 51.500120096777145, -0.1562907377984286 51.49935385335024, -0.1541995203341534 51.50033489951778, -0.1546341143016688 51.502082209738454, -0.1571600824770642 51.50284849427422))",0,True,True,,5
89194ad16cbffff,115,115-2,9,1,51.49815773042785,-0.1629990356011274,200.821,"POLYGON ((-0.1634339148481292 51.49990510384268, -0.1655251237337138 51.498923847002374, -0.1650901802239579 51.49717645223391, -0.1625641845641063 51.49641033477576, -0.1604730699181343 51.497391570978756, -0.1609078566927517 51.49913894527578, -0.1634339148481292 51.49990510384268))",0,True,True,,5
89194ad16d7ffff,115,115-5,9,1,51.49858756706125,-0.15376495455914482,200.821,"POLYGON ((-0.1541995203341534 51.50033489951778, -0.1562907377984286 51.49935385335024, -0.1558561077547421 51.497606499533454, -0.1533304169739028 51.496840212371836, -0.1512392937866068 51.497821237916995, -0.1516737671035298 51.499568571244744, -0.1541995203341534 51.50033489951778))",0,True,True,,0
88194ad045fffff,116,116,8,0,51.47957511717267,-0.0487176919857441,531.415,"POLYGON ((-0.0474888265921051 51.48404846061325, -0.0541913264909809 51.482858496615876, -0.055419712727635 51.47838490044238, -0.0499463780614742 51.475101536163315, -0.0432449445221373 51.47629154235516, -0.0420157794009529 51.480764870616554, -0.0474888265921051 51.48404846061325))",0,True,True,True,3
88195da4bbfffff,117,117,8,0,51.50612822005502,-0.1626472858810225,531.415,"POLYGON ((-0.1614255709055847 51.51060374730617, -0.1681353774303506 51.50940774846331, -0.1693566116301104 51.504931968868675, -0.163868822307812 51.50165245501701, -0.1571600824770642 51.50284849427422, -0.1559380653860966 51.50732400695352, -0.1614255709055847 51.51060374730617))",0,True,True,True,4
88194ad267fffff,118,118,8,0,51.50997493267653,-0.0212277701047665,531.415,"POLYGON ((-0.0199963897056205 51.51444609123252, -0.0267014398058319 51.51325903423088, -0.0279323408220886 51.508787622782584, -0.0224589707700614 51.505503536262914, -0.0157549883196692 51.50669063572196, -0.0145233083832716 51.51116177922828, -0.0199963897056205 51.51444609123252))",0,True,True,True,12
88194ad067fffff,119,119,8,0,51.470336878442,-0.0767531914897322,531.415,"POLYGON ((-0.0755264220878305 51.47481147016551, -0.0822288736500027 51.47361939992232, -0.0834551637606299 51.469144555589764, -0.0779797818611638 51.46586204924253, -0.0712783961548439 51.46705416131344, -0.0700513266035816 51.47152873788882, -0.0755264220878305 51.47481147016551))",0,True,True,True,4
88194ad161fffff,120,120,8,0,51.49061686197401,-0.154117869487997,531.415,"POLYGON ((-0.1528959075757902 51.49509283545281, -0.159603580976933 51.49389675568397, -0.160825062461839 51.489420529856766, -0.1553396528781964 51.486140650850174, -0.1486330456422775 51.48733677122789, -0.1474107819362128 51.4918127299881, -0.1528959075757902 51.49509283545281))",0,True,True,True,12
88195da683fffff,121,121,8,0,51.559215869673686,-0.1034261118023375,531.415,"POLYGON ((-0.1021992407905756 51.56368724868291, -0.1089131141678161 51.562497025373155, -0.1101395041188681 51.55802539369816, -0.1046528034449543 51.55474425237145, -0.0979399990924709 51.55593451671699, -0.0967128265010503 51.560405881338276, -0.1021992407905756 51.56368724868291))",0,True,True,True,8
88195da6bdfffff,122,122,8,0,51.555643048667456,-0.1235666090704738,531.415,"POLYGON ((-0.1223411813882732 51.56011518559047, -0.129055374867802 51.55892356904413, -0.130280321341936 51.55445117953889, -0.1247918575718019 51.551170673489366, -0.1180787328663792 51.55236233079434, -0.116853003268841 51.55683445337499, -0.1223411813882732 51.56011518559047))",0,True,True,True,7
88194ad221fffff,123,123,8,0,51.49656003002984,-0.0249208330519014,531.415,"POLYGON ((-0.023689991739702 51.50103190203343, -0.0303936038781737 51.49984408639295, -0.0316239659944101 51.495371961535085, -0.0261514947448436 51.49208792029387, -0.0194489497340671 51.49327577839875, -0.0182178089568675 51.497747635265426, -0.023689991739702 51.50103190203343))",0,True,True,True,5
88195da481fffff,124,124,8,0,51.52730848826409,-0.1632486550116652,531.415,"POLYGON ((-0.1620265278117914 51.53178307836091, -0.1687388445220491 51.53058787693439, -0.1699604905834132 51.526113034458405, -0.1644706035353745 51.52283366018414, -0.1577593543068416 51.5240289019201, -0.1565369247562613 51.5285034776056, -0.1620265278117914 51.53178307836091))",0,True,True,True,4
88194ad06bfffff,125,125,8,0,51.47391106671278,-0.0566479197086766,531.415,"POLYGON ((-0.055419712727635 51.47838490044238, -0.0621218414458187 51.47719422038887, -0.0633495692829674 51.472720133966845, -0.0578759474722341 51.469436995469025, -0.0511748848574116 51.470627717627025, -0.0499463780614742 51.475101536163315, -0.055419712727635 51.47838490044238))",0,True,True,True,5
88194e69abfffff,126,126,8,0,51.54874726882602,-0.0424537998296602,531.415,"POLYGON ((-0.0412230205173965 51.55321731132991, -0.0479334128611061 51.55203046515922, -0.0491637119189418 51.547560169775075, -0.0436843993377232 51.54427698811097, -0.0369750759754668 51.54546387625353, -0.0357439963249462 51.549933904073235, -0.0412230205173965 51.55321731132991))",0,True,True,True,3
88195da4b9fffff,127,127,8,0,51.51388329024197,-0.1669139647066641,531.415,"POLYGON ((-0.1656923734210318 51.51835859416285, -0.1724032469043167 51.51716263563697, -0.1736243572399628 51.51268707937511, -0.1681353774303506 51.50940774846331, -0.1614255709055847 51.51060374730617, -0.1602036773434338 51.51507903672859, -0.1656923734210318 51.51835859416285))",0,True,True,True,16
88194ad157fffff,128,128,8,0,51.468846483885166,-0.1090397506195272,531.415,"POLYGON ((-0.1078151994077165 51.47332210092135, -0.1145186650244543 51.47212796544567, -0.1157427366376335 51.46765209592697, -0.1102641230749074 51.46437062939497, -0.1035617230734389 51.46556480623466, -0.1023368711308112 51.47004040822724, -0.1078151994077165 51.47332210092135))",0,True,True,True,1
88194ad10bfffff,129,129,8,0,51.47093336628952,-0.121222237038498,531.415,"POLYGON ((-0.1199984664033532 51.47540925079247, -0.126702624392607 51.474214440358836, -0.1279259152688419 51.46973830341643, -0.1224458290041504 51.466457244316224, -0.1157427366376335 51.46765209592697, -0.1145186650244543 51.47212796544567, -0.1199984664033532 51.47540925079247))",0,True,True,True,2
88194e69bbfffff,130,130,8,0,51.53114230074021,-0.0217760382610771,531.415,"POLYGON ((-0.0205442383137701 51.53561252233811, -0.0272517953754835 51.53442626644252, -0.0284831155785873 51.52995579191675, -0.0230076583456987 51.52667184108886, -0.0163011697227419 51.52785813933771, -0.0150690700058071 51.5323283460462, -0.0205442383137701 51.53561252233811))",0,True,True,True,4
88194ad163fffff,132,132,8,0,51.48286057485178,-0.1498551308016875,531.415,"POLYGON ((-0.1486330456422775 51.48733677122789, -0.1553396528781964 51.486140650850174, -0.1565612577844051 51.48166420212321, -0.1510770374524541 51.47838414090162, -0.1443714961174301 51.479580301985344, -0.1431491093248555 51.484056483569475, -0.1486330456422775 51.48733677122789))",0,True,True,True,11
88194ad153fffff,133,133,8,0,51.46675851952269,-0.096859429733329,531.415,"POLYGON ((-0.0956340983523607 51.47123386898976, -0.1023368711308112 51.47004040822724, -0.1035617230734389 51.46556480623466, -0.0980845822709796 51.462282932617946, -0.0913828751000382 51.463476434931366, -0.0901572432354421 51.46795176929554, -0.0956340983523607 51.47123386898976))",0,True,True,True,4
88194e69b9fffff,134,134,8,0,51.53889650288581,-0.0260202953338032,531.415,"POLYGON ((-0.0247886154153292 51.54336650120498, -0.0314972411822801 51.54218028756553, -0.0327284411822152 51.53771003632092, -0.0272517953754835 51.53442626644252, -0.0205442383137701 51.53561252233811, -0.0193122584654888 51.54008250584092, -0.0247886154153292 51.54336650120498))",0,True,True,True,7
88195da6d3fffff,135,135,8,0,51.56069093200335,-0.071089854977528,531.415,"POLYGON ((-0.0698607590832897 51.56516128562293, -0.0765736145061775 51.56397313083419, -0.0778022296486263 51.559502524422555, -0.0723187712273736 51.55622034006927, -0.0656069850705629 51.55740853635816, -0.0643775881809604 51.56187887548502, -0.0698607590832897 51.56516128562293))",0,True,True,True,17
89194ad2287ffff,136,136-1,9,1,51.4997036472841,-0.01403569268704277,200.821,"POLYGON ((-0.0144654747699236 51.50145042763506, -0.0165566141851695 51.5004724747378, -0.0161267677576543 51.498725672930014, -0.0136059384832537 51.49795684477735, -0.0115148938901782 51.49893477727878, -0.011944583749783 51.50068155832729, -0.0144654747699236 51.50145042763506))",0,True,True,,0
89194ad2283ffff,136,136-0,9,1,51.50221925438711,-0.016986488498144287,200.821,"POLYGON ((-0.0174163906992291 51.50396601187478, -0.0195076249336474 51.50298803857644, -0.0190776583837612 51.5012412596329, -0.0165566141851695 51.5004724747378, -0.0144654747699236 51.50145042763506, -0.0148952847345411 51.50319718582712, -0.0174163906992291 51.50396601187478))",0,True,True,,6
89194ad228bffff,136,136-2,9,1,51.50201000196252,-0.02159882528204972,200.821,"POLYGON ((-0.0220288840756084 51.503756780196206, -0.0241201148791789 51.502778701719734, -0.023689991739702 51.50103190203343, -0.0211687943866979 51.50026320156495, -0.0190776583837612 51.5012412596329, -0.0195076249336474 51.50298803857644, -0.0220288840756084 51.503756780196206))",0,True,True,,3
89194ad228fffff,136,136-3,9,1,51.49949445852818,-0.018647719725728363,200.821,"POLYGON ((-0.0190776583837612 51.5012412596329, -0.0211687943866979 51.50026320156495, -0.0207387913868763 51.49851637900668, -0.0182178089568726 51.49774763526544, -0.0161267677576543 51.498725672930014, -0.0165566141851695 51.5004724747378, -0.0190776583837612 51.5012412596329))",0,True,True,,1
89194ad2293ffff,136,136-4,9,1,51.504943921857105,-0.01532512258356088,200.821,"POLYGON ((-0.0157549883196692 51.50669063572196, -0.0178463207911157 51.50571274719776, -0.0174163906992291 51.50396601187478, -0.0148952847345411 51.50319718582712, -0.0128040470977233 51.504175053952494, -0.0132338205913996 51.50592176852295, -0.0157549883196692 51.50669063572196))",0,True,True,,11
89194ad2297ffff,136,136-5,9,1,51.50242831721957,-0.01237430148472084,200.821,"POLYGON ((-0.0128040470977233 51.504175053952494, -0.0148952847345411 51.50319718582712, -0.0144654747699236 51.50145042763506, -0.011944583749783 51.50068155832729, -0.009853440950616 51.50165940605906, -0.0102830943343693 51.503406143490814, -0.0128040470977233 51.504175053952494))",0,True,True,,3
89194ad229bffff,136,136-6,9,1,51.504734795355695,-0.01993761937800744,200.821,"POLYGON ((-0.0203676417195335 51.506481529967566, -0.0224589707700512 51.50550353626292, -0.0220288840756084 51.503756780196206, -0.0195076249336474 51.50298803857644, -0.0174163906992291 51.50396601187478, -0.0178463207911157 51.50571274719776, -0.0203676417195335 51.506481529967566))",0,True,True,,11
88194ad229fffff,136,136,8,0,51.50221925438709,-0.0169864884981391,531.415,"POLYGON ((-0.0157549883196692 51.50669063572196, -0.0224589707700614 51.505503536262914, -0.023689991739702 51.50103190203343, -0.0182178089568675 51.497747635265426, -0.0115148938901782 51.49893477727878, -0.0102830943343693 51.503406143490814, -0.0157549883196692 51.50669063572196))",7,True,True,True,36
88194ad101fffff,137,137,8,0,51.47301916614386,-0.1334068884659699,531.415,"POLYGON ((-0.1321838988150199 51.477495318011115, -0.1388887487105007 51.476299832374764, -0.1401112584423824 51.47182342811114, -0.1346296995344931 51.46854277678993, -0.1279259152688419 51.46973830341643, -0.126702624392607 51.474214440358836, -0.1321838988150199 51.477495318011115))",0,True,True,True,6
88195da6d7fffff,138,138,8,0,51.56278451188175,-0.0832865776712235,531.415,"POLYGON ((-0.0820582637725346 51.56725513272685, -0.0887718154111256 51.56606630232299, -0.0899996483967639 51.5615954287287, -0.0845147120126078 51.55831365270576, -0.0778022296486263 51.559502524422555, -0.0765736145061775 51.56397313083419, -0.0820582637725346 51.56725513272685))",0,True,True,True,5
88195da4c1fffff,139,139,8,0,51.54639939997183,-0.1516454187833464,531.415,"POLYGON ((-0.1504220951569505 51.55087278526081, -0.1571362314892493 51.549679058082006, -0.1583590737745634 51.54520542033511, -0.1528685635183636 51.541925776520124, -0.1461554954499671 51.54311954409054, -0.144931869485621 51.54759291506906, -0.1504220951569505 51.55087278526081))",0,True,True,True,6
88194e69adfffff,140,140,8,0,51.55859626861255,-0.0588953069205694,531.415,"POLYGON ((-0.0576654294405328 51.563066354904485, -0.0643775881809604 51.56187887548502, -0.0656069850705629 51.55740853635816, -0.0601250046692225 51.55412594402251, -0.0534139151860093 51.555313465129345, -0.0521837369589348 51.559783536869354, -0.0576654294405328 51.563066354904485))",0,True,True,True,3
88195da687fffff,141,141,8,0,51.5613063376879,-0.1156270944276527,531.415,"POLYGON ((-0.114401006304661 51.56577798369147, -0.1211155744870402 51.56458708421677, -0.1223411813882732 51.56011518559047, -0.116853003268841 51.55683445337499, -0.1101395041188681 51.55802539369816, -0.1089131141678161 51.562497025373155, -0.114401006304661 51.56577798369147))",0,True,True,True,13
88194ad261fffff,142,142,8,0,51.51563268486432,-0.0132914486506846,531.415,"POLYGON ((-0.0120594090837091 51.52010335258839, -0.0187648295343767 51.5189170118892, -0.0199963897056205 51.51444609123252, -0.0145233083832716 51.51116177922828, -0.0078189558385312 51.51234816247478, -0.0065866168220422 51.516818815163205, -0.0120594090837091 51.52010335258839))",0,True,True,True,4
88194ad063fffff,143,143,8,0,51.46824581004339,-0.0645771179649361,531.415,"POLYGON ((-0.0633495692829674 51.472720133966845, -0.0700513266035816 51.47152873788882, -0.0712783961548439 51.46705416131344, -0.0658044875298357 51.46377124866034, -0.0591037960563805 51.464962686752905, -0.0578759474722341 51.469436995469025, -0.0633495692829674 51.472720133966845))",0,True,True,True,17
88195da4c9fffff,144,144,8,0,51.552066047872174,-0.1437080645670254,531.415,"POLYGON ((-0.1424840806560662 51.556538942458204, -0.1491985926010245 51.55534593234537, -0.1504220951569505 51.55087278526081, -0.144931869485621 51.54759291506906, -0.138218426063232 51.548785965663335, -0.136994139901405 51.55325884595269, -0.1424840806560662 51.556538942458204))",0,True,True,True,15
88195da4c7fffff,145,145,8,0,51.54073154443815,-0.1595817372313451,531.415,"POLYGON ((-0.1583590737745634 51.54520542033511, -0.1650728342774046 51.544010976122365, -0.1662950164071202 51.53953684780812, -0.1608042218977334 51.53625743043282, -0.1540915294001036 51.537451914947354, -0.1528685635183636 51.541925776520124, -0.1583590737745634 51.54520542033511))",0,True,True,True,8
88195da487fffff,146,146,8,0,51.521637954012,-0.1711819580314814,531.415,"POLYGON ((-0.1699604905834132 51.526113034458405, -0.1766724312897499 51.52491711615212, -0.1778934176134472 51.520441783367275, -0.1724032469043167 51.51716263563697, -0.1656923734210318 51.51835859416285, -0.1644706035353745 51.52283366018414, -0.1699604905834132 51.526113034458405))",0,True,True,True,17
88194ad02dfffff,147,147,8,0,51.464669473794046,-0.0846812749031509,531.415,"POLYGON ((-0.0834551637606299 51.469144555589764, -0.0901572432354421 51.46795176929554, -0.0913828751000382 51.463476434931366, -0.0859072071156301 51.46019415457707, -0.0792061932401875 51.461386982609035, -0.0779797818611638 51.46586204924253, -0.0834551637606299 51.469144555589764))",0,True,True,True,6
88194e6987fffff,148,148,8,0,51.546650300657,-0.0302658613296899,531.415,"POLYGON ((-0.0290343015862023 51.551120075553705, -0.0357439963249462 51.549933904073235, -0.0369750759754668 51.54546387625353, -0.0314972411822801 51.54218028756553, -0.0247886154153292 51.54336650120498, -0.0235567555817529 51.547836261358384, -0.0290343015862023 51.551120075553705))",0,True,True,True,1
88194ad049fffff,149,149,8,0,51.48314298779205,-0.028612279425661,531.415,"POLYGON ((-0.027381976856693 51.48761557286736, -0.0340841515941615 51.486426998702186, -0.0353139751539996 51.48195416081074, -0.0298424024898737 51.47867016510981, -0.023141294358378 51.479858781746195, -0.0219106923966705 51.48433135159731, -0.027381976856693 51.48761557286736))",0,True,True,True,4
88195da68bfffff,150,150,8,0,51.564877007653934,-0.0954854744777308,531.415,"POLYGON ((-0.0942579429843075 51.56934789562232, -0.1009721903714257 51.56815838935752, -0.1021992407905756 51.56368724868291, -0.0967128265010503 51.560405881338276, -0.0899996483967639 51.5615954287287, -0.0887718154111256 51.56606630232299, -0.0942579429843075 51.56934789562232))",0,True,True,True,6
88195da4b3fffff,151,151,8,0,51.50045595149993,-0.1705776673439741,531.415,"POLYGON ((-0.1693566116301104 51.504931968868675, -0.1760660424518169 51.503735253358116, -0.1772866174040774 51.499258983686616, -0.1717985446099629 51.49597969639887, -0.1650901802239579 51.49717645223391, -0.163868822307812 51.50165245501701, -0.1693566116301104 51.504931968868675))",0,True,True,True,14
88194ad041fffff,152,152,8,0,51.47748108532507,-0.0365436192713547,531.415,"POLYGON ((-0.0353139751539996 51.48195416081074, -0.0420157794009529 51.480764870616554, -0.0432449445221373 51.47629154235516, -0.0377730839843554 51.47300777228697, -0.0310723460874938 51.47419710486243, -0.0298424024898737 51.47867016510981, -0.0353139751539996 51.48195416081074))",0,True,True,True,9
88194e69a9fffff,153,153,8,0,51.55650052230322,-0.046702934023288,531.415,"POLYGON ((-0.0454722753672339 51.56097034116542, -0.0521837369589348 51.559783536869354, -0.0534139151860093 51.555313465129345, -0.0479334128611061 51.55203046515922, -0.0412230205173965 51.55321731132991, -0.0399920613626172 51.557687115581025, -0.0454722753672339 51.56097034116542))",0,True,True,True,1
88194ad165fffff,154,154,8,0,51.49270021174763,-0.1663113596674811,531.415,"POLYGON ((-0.1650901802239579 51.49717645223391, -0.1717985446099629 51.49597969639887, -0.1730192434660841 51.49150320360738, -0.1675323606764143 51.488223733599966, -0.160825062461839 51.489420529856766, -0.159603580976933 51.49389675568397, -0.1650901802239579 51.49717645223391))",0,True,True,True,18
88195da6a3fffff,155,155,8,0,51.55773148801224,-0.1357696746843562,531.415,"POLYGON ((-0.134545030373918 51.5622038918004, -0.1412599177145841 51.56101159878544, -0.1424840806560662 51.556538942458204, -0.136994139901405 51.55325884595269, -0.130280321341936 51.55445117953889, -0.129055374867802 51.55892356904413, -0.134545030373918 51.5622038918004))",0,True,True,True,7
88195da48dfffff,156,156,8,0,51.53506248139819,-0.1675170198093066,531.415,"POLYGON ((-0.1662950164071202 51.53953684780812, -0.173008400863829 51.538341686593554, -0.174229922953024 51.53386706780702, -0.1687388445220491 51.53058787693439, -0.1620265278117914 51.53178307836091, -0.1608042218977334 51.53625743043282, -0.1662950164071202 51.53953684780812))",0,True,True,True,2
88194ad105fffff,157,157,8,0,51.475103882856295,-0.1455937043767385,531.415,"POLYGON ((-0.1443714961174301 51.479580301985344, -0.1510770374524541 51.47838414090162, -0.1522987656325332 51.47390746941933, -0.1468157341407519 51.470627226224245, -0.1401112584423824 51.47182342811114, -0.1388887487105007 51.476299832374764, -0.1443714961174301 51.479580301985344))",0,True,True,True,10
88194ad223fffff,158,158,8,0,51.48880368382877,-0.0206799108679569,531.415,"POLYGON ((-0.0194489497340671 51.49327577839875, -0.0261514947448436 51.49208792029387, -0.027381976856693 51.48761557286736, -0.0219106923966705 51.48433135159731, -0.0152092142477081 51.485519252263366, -0.0139779538086577 51.489991331623266, -0.0194489497340671 51.49327577839875))",0,True,True,True,2
88195da4b1fffff,159,159,8,0,51.50821128526821,-0.1748452890764441,531.415,"POLYGON ((-0.1736243572399628 51.51268707937511, -0.1803348547616844 51.511490404091674, -0.1815553056623055 51.50701435768453, -0.1760660424518169 51.503735253358116, -0.1693566116301104 51.504931968868675, -0.1681353774303506 51.50940774846331, -0.1736243572399628 51.51268707937511))",0,True,True,True,5
88194ad047fffff,160,160,8,0,51.47181797655409,-0.0444739303012272,531.415,"POLYGON ((-0.0432449445221373 51.47629154235516, -0.0499463780614742 51.475101536163315, -0.0511748848574116 51.470627717627025, -0.045702736776349 51.46734417325519, -0.0390023693311469 51.46853422173831, -0.0377730839843554 51.47300777228697, -0.0432449445221373 51.47629154235516))",0,True,True,True,5
88194ad263fffff,161,161,8,0,51.50787727190341,-0.0090511149965654,531.415,"POLYGON ((-0.0078189558385312 51.51234816247478, -0.0145233083832716 51.51116177922828, -0.0157549883196692 51.50669063572196, -0.0102830943343693 51.503406143490814, -0.0035798094292431 51.50459256938155, -0.0023473509815945 51.5090634448442, -0.0078189558385312 51.51234816247478))",0,True,True,True,11
88194ad167fffff,162,162,8,0,51.4849440663973,-0.1620463654874471,531.415,"POLYGON ((-0.160825062461839 51.489420529856766, -0.1675323606764143 51.488223733599966, -0.1687531832887198 51.4837470178329, -0.1632674900917246 51.4804673653475, -0.1565612577844051 51.48166420212321, -0.1553396528781964 51.486140650850174, -0.160825062461839 51.489420529856766))",0,True,True,True,6
88194ad029fffff,163,163,8,0,51.46257934729129,-0.072505286651339,531.415,"POLYGON ((-0.0712783961548439 51.46705416131344, -0.0779797818611638 51.46586204924253, -0.0792061932401875 51.461386982609035, -0.0737319981311343 51.458104295864196, -0.0670316780157011 51.45929644985964, -0.0658044875298357 51.46377124866034, -0.0712783961548439 51.46705416131344))",0,True,True,True,8
88195da681fffff,164,164,8,0,51.56696841872615,-0.1076865448721499,531.415,"POLYGON ((-0.1064597961936576 51.571439573715544, -0.1131747388616011 51.570249391344056, -0.114401006304661 51.56577798369147, -0.1089131141678161 51.562497025373155, -0.1021992407905756 51.56368724868291, -0.1009721903714257 51.56815838935752, -0.1064597961936576 51.571439573715544))",0,True,True,True,19
88194ad22bfffff,165,165,8,0,51.494463173308986,-0.012746513702224,531.415,"POLYGON ((-0.0115148938901782 51.49893477727878, -0.0182178089568675 51.497747635265426, -0.0194489497340671 51.49327577839875, -0.0139779538086577 51.489991331623266, -0.0072761058595633 51.49117851628776, -0.0060441868300148 51.49565010506158, -0.0115148938901782 51.49893477727878))",0,True,True,True,1
88194ad11dfffff,166,166,8,0,51.46317598896707,-0.1169666295568272,531.415,"POLYGON ((-0.1157427366376335 51.46765209592697, -0.1224458290041504 51.466457244316224, -0.1236692423382996 51.46198088491453, -0.1181903438200501 51.458699644607925, -0.1114883168118341 51.459894537492715, -0.1102641230749074 51.46437062939497, -0.1157427366376335 51.46765209592697))",0,True,True,True,15
88195da6abfffff,168,168,8,0,51.56339572026528,-0.1278302492374386,531.415,"POLYGON ((-0.1266049444126804 51.56786763316074, -0.1333202069319285 51.56667605727549, -0.134545030373918 51.5622038918004, -0.129055374867802 51.55892356904413, -0.1223411813882732 51.56011518559047, -0.1211155744870402 51.56458708421677, -0.1266049444126804 51.56786763316074))",0,True,True,True,13
88194e6995fffff,169,169,8,0,51.5367983146886,-0.0138367903638141,531.415,"POLYGON ((-0.0126043307584811 51.54126804522325, -0.0193122584654888 51.54008250584092, -0.0205442383137701 51.53561252233811, -0.0150690700058071 51.5323283460462, -0.0083622109939252 51.53351392787167, -0.0071294517068136 51.537983643530914, -0.0126043307584811 51.54126804522325))",0,True,True,True,2
88195da485fffff,170,170,8,0,51.52939221097928,-0.1754512664156316,531.415,"POLYGON ((-0.174229922953024 51.53386706780702, -0.1809429311470381 51.532671189622874, -0.1821637933108035 51.52819608045923, -0.1766724312897499 51.52491711615212, -0.1699604905834132 51.526113034458405, -0.1687388445220491 51.53058787693439, -0.174229922953024 51.53386706780702))",0,True,True,True,6
88194e6985fffff,171,171,8,0,51.55440369366919,-0.0345127368076964,531.415,"POLYGON ((-0.0332812973854349 51.55887324499974, -0.0399920613626172 51.557687115581025, -0.0412230205173965 51.55321731132991, -0.0357439963249462 51.549933904073235, -0.0290343015862023 51.551120075553705, -0.027802561913489 51.555589612214035, -0.0332812973854349 51.55887324499974))",0,True,True,True,0
88194ad119fffff,172,172,8,0,51.46108896681724,-0.1047863962351881,531.415,"POLYGON ((-0.1035617230734389 51.46556480623466, -0.1102641230749074 51.46437062939497, -0.1114883168118341 51.459894537492715, -0.1060108906540815 51.45661289001688, -0.0993095560033641 51.457807108317525, -0.0980845822709796 51.462282932617946, -0.1035617230734389 51.46556480623466))",0,True,True,True,7
89195da4bdbffff,173,173-6,9,1,51.51847929732803,-0.1820773263811723,200.821,"POLYGON ((-0.1825130149608512 51.5202264649408, -0.1846049820995445 51.519245148213564, -0.1841692292216061 51.517497959251735, -0.1816416660741048 51.5167321074336, -0.1795497931676876 51.51771340348941, -0.1799853891768616 51.51946057203336, -0.1825130149608512 51.5202264649408))",0,True,True,,2
89195da4bc3ffff,173,173-0,9,1,51.51596621266651,-0.17911422542473684,200.821,"POLYGON ((-0.1795497931676876 51.51771340348941, -0.1816416660741048 51.5167321074336, -0.1812060340369533 51.514984895260646, -0.1786786859453195 51.514218999567795, -0.1765869072744752 51.515200274957365, -0.1770223824600637 51.51694746670465, -0.1795497931676876 51.51771340348941))",0,True,True,,4
89195da4bcbffff,173,173-2,9,1,51.51575074800865,-0.1837335046199668,200.821,"POLYGON ((-0.1841692292216061 51.517497959251735, -0.1862610976934781 51.516516557804906, -0.18582530880062 51.51476932521509, -0.1832978082919924 51.51400351448751, -0.1812060340369533 51.514984895260646, -0.1816416660741048 51.5167321074336, -0.1841692292216061 51.517497959251735))",0,True,True,,0
89195da4bc7ffff,173,173-1,9,1,51.51345306093694,-0.1761514603460022,200.821,"POLYGON ((-0.1765869072744752 51.515200274957365, -0.1786786859453195 51.514218999567795, -0.1782431747267409 51.512471764196334, -0.1757160416719764 51.51170582464656, -0.1736243572399475 51.51268707937513, -0.17405971162422 51.51443429431307, -0.1765869072744752 51.515200274957365))",0,True,True,,10
88195da4bdfffff,173,173,8,0,51.515966212666505,-0.1791142254247419,531.415,"POLYGON ((-0.1778934176134472 51.520441783367275, -0.1846049820995649 51.51924514821354, -0.1858253088006302 51.51476932521506, -0.1803348547616844 51.511490404091674, -0.1736243572399628 51.51268707937511, -0.1724032469043167 51.51716263563697, -0.1778934176134472 51.520441783367275))",7,True,True,True,40
89195da4bd7ffff,173,173-5,9,1,51.516181486980585,-0.17449509425922655,200.821,"POLYGON ((-0.1749305051476561 51.51792865737456, -0.1770223824600637 51.51694746670465, -0.1765869072744752 51.515200274957365, -0.17405971162422 51.51443429431307, -0.1719679285660956 51.5154154643242, -0.1724032469043167 51.51716263563697, -0.1749305051476561 51.51792865737456))",0,True,True,,18
89195da4bd3ffff,173,173-4,9,1,51.51869463617564,-0.17745788590547237,200.821,"POLYGON ((-0.1778934176134472 51.520441783367275, -0.1799853891768616 51.51946057203336, -0.1795497931676876 51.51771340348941, -0.1770223824600637 51.51694746670465, -0.1749305051476561 51.51792865737456, -0.1753659442922332 51.51967580549182, -0.1778934176134472 51.520441783367275))",0,True,True,,4
89195da4bcfffff,173,173-3,9,1,51.5132376608123,-0.18077043026705847,200.821,"POLYGON ((-0.1812060340369533 51.514984895260646, -0.1832978082919924 51.51400351448751, -0.182862140234936 51.51225625869139, -0.1803348547616844 51.511490404091674, -0.1782431747267409 51.512471764196334, -0.1786786859453195 51.514218999567795, -0.1812060340369533 51.514984895260646))",0,True,True,,5
88194ad103fffff,174,174,8,0,51.46526192901647,-0.1291490275381119,531.415,"POLYGON ((-0.1279259152688419 51.46973830341643, -0.1346296995344931 51.46854277678993, -0.135852332058555 51.46406614999123, -0.1303719612383927 51.460785317200894, -0.1236692423382996 51.46198088491453, -0.1224458290041504 51.466457244316224, -0.1279259152688419 51.46973830341643))",0,True,True,True,9
88194ad00dfffff,175,175,8,0,51.46615366160563,-0.0524032124116588,531.415,"POLYGON ((-0.0511748848574116 51.470627717627025, -0.0578759474722341 51.469436995469025, -0.0591037960563805 51.464962686752905, -0.0536313607623041 51.46167936814107, -0.0469313639856298 51.462870132500356, -0.045702736776349 51.46734417325519, -0.0511748848574116 51.470627717627025))",0,True,True,True,4
88195da6dbfffff,177,177,8,0,51.56634897628478,-0.0631480115843035,531.415,"POLYGON ((-0.0619182552423575 51.57081883871581, -0.068631483506407 51.56963140088638, -0.0698607590832897 51.56516128562293, -0.0643775881809604 51.56187887548502, -0.0576654294405328 51.563066354904485, -0.0564353721908579 51.56753620285665, -0.0619182552423575 51.57081883871581))",0,True,True,True,4
88195da6d1fffff,178,178,8,0,51.56844349890235,-0.0753448197437101,531.415,"POLYGON ((-0.0741158453229928 51.572913628585425, -0.0808297702782774 51.57172551519946, -0.0820582637725346 51.56725513272685, -0.0765736145061775 51.56397313083419, -0.0698607590832897 51.56516128562293, -0.068631483506407 51.56963140088638, -0.0741158453229928 51.572913628585425))",0,True,True,True,3
88194ad129fffff,179,179,8,0,51.47718751583503,-0.1577826842445999,531.415,"POLYGON ((-0.1565612577844051 51.48166420212321, -0.1632674900917246 51.4804673653475, -0.1644884363126803 51.475990426749206, -0.1590039322967846 51.472710592027454, -0.1522987656325332 51.47390746941933, -0.1510770374524541 51.47838414090162, -0.1565612577844051 51.48166420212321))",0,True,True,True,7
88194e6983fffff,180,180,8,0,51.54455225120697,-0.0180800986779764,531.415,"POLYGON ((-0.0168477589129366 51.54902175839466, -0.0235567555817529 51.547836261358384, -0.0247886154153292 51.54336650120498, -0.0193122584654888 51.54008250584092, -0.0126043307584811 51.54126804522325, -0.0113716911515171 51.54573753760854, -0.0168477589129366 51.54902175839466))",0,True,True,True,9
88194ad025fffff,181,181,8,0,51.45900086315873,-0.0926083280969441,531.415,"POLYGON ((-0.0913828751000382 51.463476434931366, -0.0980845822709796 51.462282932617946, -0.0993095560033641 51.457807108317525, -0.0938336022642215 51.45452505401953, -0.0871329604360968 51.45571859798069, -0.0859072071156301 51.46019415457707, -0.0913828751000382 51.463476434931366))",0,True,True,True,0
88195da4c5fffff,182,182,8,0,51.548484866299255,-0.1638504733820453,531.415,"POLYGON ((-0.1626279336829442 51.5529585182971, -0.1693427624560245 51.5517641142886, -0.1705648206534243 51.54729020987606, -0.1650728342774046 51.544010976122365, -0.1583590737745634 51.54520542033511, -0.1571362314892493 51.549679058082006, -0.1626279336829442 51.5529585182971))",0,True,True,True,9
88194ad107fffff,183,183,8,0,51.467346786373625,-0.141333589654386,531.415,"POLYGON ((-0.1401112584423824 51.47182342811114, -0.1468157341407519 51.470627226224245, -0.1480375854474834 51.466150332131114, -0.1425557423844994 51.46286990720415, -0.135852332058555 51.46406614999123, -0.1346296995344931 51.46854277678993, -0.1401112584423824 51.47182342811114))",0,True,True,True,12
88195da4cdfffff,184,184,8,0,51.55415245763718,-0.1559132103373012,531.415,"POLYGON ((-0.1546900102805622 51.55862561895891, -0.1614052151419734 51.55743193207417, -0.1626279336829442 51.5529585182971, -0.1571362314892493 51.549679058082006, -0.1504220951569505 51.55087278526081, -0.1491985926010245 51.55534593234537, -0.1546900102805622 51.55862561895891))",0,True,True,True,2
88194e69e7fffff,185,185,8,0,51.56425337029858,-0.0509533789379132,531.415,"POLYGON ((-0.0497228410846505 51.568722965375486, -0.0564353721908579 51.56753620285665, -0.0576654294405328 51.563066354904485, -0.0521837369589348 51.559783536869354, -0.0454722753672339 51.56097034116542, -0.0442414368546654 51.565439921704275, -0.0497228410846505 51.568722965375486))",0,True,True,True,3
88195da6d5fffff,186,186,8,0,51.57053693755736,-0.0875438028926582,531.415,"POLYGON ((-0.0863156108030622 51.57500733439031, -0.0930302319825046 51.57381854520187, -0.0942579429843075 51.56934789562232, -0.0887718154111256 51.56606630232299, -0.0820582637725346 51.56725513272685, -0.0808297702782774 51.57172551519946, -0.0863156108030622 51.57500733439031))",0,True,True,True,1
88194ad205fffff,187,187,8,0,51.50012145610678,-0.0048120880326347,531.415,"POLYGON ((-0.0035798094292431 51.50459256938155, -0.0102830943343693 51.503406143490814, -0.0115148938901782 51.49893477727878, -0.0060441868300148 51.49565010506158, 0.0006580307017811 51.49683657369345, 0.0018906084349847 51.501307671786385, -0.0035798094292431 51.50459256938155))",0,True,True,True,3
88195da4ebfffff,189,189,8,0,51.542816067297146,-0.1717867001099909,531.415,"POLYGON ((-0.1705648206534243 51.54729020987606, -0.177279273121424 51.54609508877593, -0.1785006710904204 51.54162069382295, -0.173008400863829 51.538341686593554, -0.1662950164071202 51.53953684780812, -0.1650728342774046 51.544010976122365, -0.1705648206534243 51.54729020987606))",0,True,True,True,3
89194ada587ffff,190,190-1,9,1,51.49226911109011,-0.17554538888938398,200.821,"POLYGON ((-0.1759806536630929 51.49401661259911, -0.178071656716175 51.49303497568144, -0.177636327699633 51.491287452829894, -0.175110152347815 51.49052158734637, -0.1730192434660689 51.4915032036074, -0.1734544157652012 51.49325070600714, -0.1759806536630929 51.49401661259911))",0,True,True,,9
89194ada593ffff,190,190-4,9,1,51.49751154890052,-0.17685126791776526,200.821,"POLYGON ((-0.1772866174040672 51.499258983686616, -0.1793778132077439 51.49827741079922, -0.1789423994675201 51.496529954669256, -0.1764159466716492 51.495764091870306, -0.1743248450514998 51.49674564409811, -0.1747601020440802 51.49849307978303, -0.1772866174040672 51.499258983686616))",0,True,True,,1
89194ada583ffff,190,190-0,9,1,51.49478247629564,-0.17850701397125354,200.821,"POLYGON ((-0.1789423994675201 51.496529954669256, -0.1810334966886923 51.495548297089755, -0.1805980469455231 51.49380079737453, -0.178071656716175 51.49303497568144, -0.1759806536630929 51.49401661259911, -0.1764159466716492 51.495764091870306, -0.1789423994675201 51.496529954669256))",0,True,True,,3
89194ada58bffff,190,190-2,9,1,51.49456657616243,-0.18312455957651846,200.821,"POLYGON ((-0.1835601018145502 51.49631407497455, -0.1856511946082243 51.495332312038265, -0.1852155881262977 51.49358479188781, -0.1826890455898177 51.492819055107496, -0.1805980469455231 51.49380079737453, -0.1810334966886923 51.495548297089755, -0.1835601018145502 51.49631407497455))",0,True,True,,9
89194ada58fffff,190,190-3,9,1,51.492053275419224,-0.18016262544729258,200.821,"POLYGON ((-0.1805980469455231 51.49380079737453, -0.1826890455898177 51.492819055107496, -0.1822535598517344 51.491071511812926, -0.1797272321912773 51.49030573122696, -0.177636327699633 51.491287452829894, -0.178071656716175 51.49303497568144, -0.1805980469455231 51.49380079737453))",0,True,True,,4
89194ada597ffff,190,190-5,9,1,51.49499818617176,-0.17388961629279465,200.821,"POLYGON ((-0.1743248450514998 51.49674564409811, -0.1764159466716492 51.495764091870306, -0.1759806536630929 51.49401661259911, -0.1734544157652012 51.49325070600714, -0.1713634083318488 51.494232237580526, -0.1717985446099578 51.495979696398884, -0.1743248450514998 51.49674564409811))",0,True,True,,10
89194ada59bffff,190,190-6,9,1,51.4972957745617,-0.18146897467947762,200.821,"POLYGON ((-0.1819044809205979 51.49904322978733, -0.183995672306586 51.49806155154078, -0.1835601018145502 51.49631407497455, -0.1810334966886923 51.495548297089755, -0.1789423994675201 51.496529954669256, -0.1793778132077439 51.49827741079922, -0.1819044809205979 51.49904322978733))",0,True,True,,5
88194ada59fffff,190,190,8,0,51.494782476295626,-0.1785070139712433,531.415,"POLYGON ((-0.1772866174040774 51.499258983686616, -0.1839956723066012 51.49806155154078, -0.1852155881263028 51.49358479188784, -0.1797272321912926 51.490305731226954, -0.1730192434660841 51.49150320360738, -0.1717985446099629 51.49597969639887, -0.1772866174040774 51.499258983686616))",7,True,True,True,37
88195da6a7fffff,191,191,8,0,51.55981884118381,-0.1479749110774281,531.415,"POLYGON ((-0.146751050548038 51.56429151173452, -0.1534666312809123 51.56309854200555, -0.1546900102805622 51.55862561895891, -0.1491985926010245 51.55534593234537, -0.1424840806560662 51.556538942458204, -0.1412599177145841 51.56101159878544, -0.146751050548038 51.56429151173452))",0,True,True,True,5
88195da685fffff,192,192,8,0,51.56905874450471,-0.1198897883285802,531.415,"POLYGON ((-0.1186638228746794 51.5735301664127, -0.1253794603553017 51.572339307688864, -0.1266049444126804 51.56786763316074, -0.1211155744870402 51.56458708421677, -0.114401006304661 51.56577798369147, -0.1131747388616011 51.570249391344056, -0.1186638228746794 51.5735301664127))",0,True,True,True,6
88195da4abfffff,193,193,8,0,51.52372073330888,-0.1833844769489541,531.415,"POLYGON ((-0.1821637933108035 51.52819608045923, -0.1888764250257401 51.52699948533778, -0.1900966273792566 51.522523885892255, -0.1846049820995649 51.51924514821354, -0.1778934176134472 51.520441783367275, -0.1766724312897499 51.52491711615212, -0.1821637933108035 51.52819608045923))",0,True,True,True,14
88194ad005fffff,194,194,8,0,51.46048814060638,-0.0603314654992005,531.415,"POLYGON ((-0.0591037960563805 51.464962686752905, -0.0658044875298357 51.46377124866034, -0.0670316780157011 51.45929644985964, -0.0615589558387953 51.45601335707132, -0.0548593299474315 51.4572048372752, -0.0536313607623041 51.46167936814107, -0.0591037960563805 51.464962686752905))",0,True,True,True,1
88195da4b7fffff,195,195,8,0,51.50253807348697,-0.1827755781646017,531.415,"POLYGON ((-0.1815553056623055 51.50701435768453, -0.1882654270063017 51.505816965675926, -0.1894852185869074 51.5013404292189, -0.1839956723066012 51.49806155154078, -0.1772866174040774 51.499258983686616, -0.1760660424518169 51.503735253358116, -0.1815553056623055 51.50701435768453))",0,True,True,True,19
88194ad04bfffff,196,196,8,0,51.475385974317234,-0.0243717167912611,531.415,"POLYGON ((-0.023141294358378 51.479858781746195, -0.0298424024898737 51.47867016510981, -0.0310723460874938 51.47419710486243, -0.025601959733472 51.47091292935226, -0.0189019179422523 51.472101588556676, -0.0176711962763401 51.47657438068824, -0.023141294358378 51.479858781746195))",0,True,True,True,17
88194e6981fffff,197,197,8,0,51.55230578330442,-0.0223247157948028,531.415,"POLYGON ((-0.0210924960161422 51.55677506700144, -0.027802561913489 51.555589612214035, -0.0290343015862023 51.551120075553705, -0.0235567555817529 51.547836261358384, -0.0168477589129366 51.54902175839466, -0.0156152391320838 51.55349102736236, -0.0210924960161422 51.55677506700144))",0,True,True,True,0
88194ada5bfffff,198,198,8,0,51.48702647316735,-0.1742397639503309,531.415,"POLYGON ((-0.1730192434660841 51.49150320360738, -0.1797272321912926 51.490305731226954, -0.1809472721022249 51.48582874852249, -0.1754601061006923 51.4825495051206, -0.1687531832887198 51.4837470178329, -0.1675323606764143 51.488223733599966, -0.1730192434660841 51.49150320360738))",0,True,True,True,16
88194ad235fffff,199,199,8,0,51.48104693527108,-0.0164402950575439,531.415,"POLYGON ((-0.0152092142477081 51.485519252263366, -0.0219106923966705 51.48433135159731, -0.023141294358378 51.479858781746195, -0.0176711962763401 51.47657438068824, -0.0109707847233446 51.4777623240123, -0.0097394047680554 51.482234625721304, -0.0152092142477081 51.485519252263366))",0,True,True,True,10
88194ad021fffff,200,200,8,0,51.45691167858341,-0.0804324256648264,531.415,"POLYGON ((-0.0792061932401875 51.461386982609035, -0.0859072071156301 51.46019415457707, -0.0871329604360968 51.45571859798069, -0.0816584791731711 51.45243613720756, -0.074958530632293 51.45362900707412, -0.0737319981311343 51.458104295864196, -0.0792061932401875 51.461386982609035))",0,True,True,True,17
88194ad043fffff,201,201,8,0,51.46972380709175,-0.0323021102566444,531.415,"POLYGON ((-0.0310723460874938 51.47419710486243, -0.0377730839843554 51.47300777228697, -0.0390023693311469 51.46853422173831, -0.0335316950354551 51.46525027183964, -0.0268320232231283 51.46643964689312, -0.025601959733472 51.47091292935226, -0.0310723460874938 51.47419710486243))",0,True,True,True,2
88194e69e3fffff,202,202,8,0,51.56215668153776,-0.0387609223270495,531.415,"POLYGON ((-0.0375296033724118 51.56662600915855, -0.0442414368546654 51.565439921704275, -0.0454722753672339 51.56097034116542, -0.0399920613626172 51.557687115581025, -0.0332812973854349 51.55887324499974, -0.032049678019875 51.563342558023336, -0.0375296033724118 51.56662600915855))",0,True,True,True,2
88195da689fffff,203,203,8,0,51.57262929165589,-0.0997449605066468,531.415,"POLYGON ((-0.0985175511580551 51.577099955536454, -0.1052328680940975 51.575910490299734, -0.1064597961936576 51.571439573715544, -0.1009721903714257 51.56815838935752, -0.0942579429843075 51.56934789562232, -0.0930302319825046 51.57381854520187, -0.0985175511580551 51.577099955536454))",0,True,True,True,4
88194ad12bfffff,204,204,8,0,51.46943056044684,-0.1535203153799794,531.415,"POLYGON ((-0.1522987656325332 51.47390746941933, -0.1590039322967846 51.472710592027454, -0.1602250019789179 51.46823343074251, -0.1547416867326952 51.46495341402605, -0.1480375854474834 51.466150332131114, -0.1468157341407519 51.470627226224245, -0.1522987656325332 51.47390746941933))",0,True,True,True,3
88195da4e3fffff,205,205,8,0,51.53714606075803,-0.1797218904196047,531.415,"POLYGON ((-0.1785006710904204 51.54162069382295, -0.1852147470367693 51.540424855663396, -0.1864354848925531 51.53594997026513, -0.1809429311470381 51.532671189622874, -0.174229922953024 51.53386706780702, -0.173008400863829 51.538341686593554, -0.1785006710904204 51.54162069382295))",0,True,True,True,6
89195da4b53ffff,206,206-4,9,1,51.51302207034759,-0.18538954818511896,200.821,"POLYGON ((-0.18582530880062 51.51476932521509, -0.1879170786112992 51.513787839053336, -0.1874812537115841 51.51204056284135, -0.1849538158442231 51.51127479320556, -0.182862140234936 51.51225625869139, -0.1832978082919924 51.51400351448751, -0.18582530880062 51.51476932521509))",0,True,True,,5
89195da4b4fffff,206,206-3,9,1,51.50756433004214,-0.1887012313488969,200.821,"POLYGON ((-0.1891370639681402 51.509311672140996, -0.1912286364733178 51.50833001656322, -0.1907927395839616 51.506582653124475, -0.1882654270063017 51.505816965675926, -0.1861739486715809 51.50679860057331, -0.1866096887444359 51.50854594359821, -0.1891370639681402 51.509311672140996))",0,True,True,,0
89195da4b4bffff,206,206-2,9,1,51.5100773577319,-0.1916645616457139,200.821,"POLYGON ((-0.1921005151037946 51.51182467662729, -0.1941921817761585 51.51084300036395, -0.1937561640438812 51.5090956601296, -0.1912286364733178 51.50833001656322, -0.1891370639681402 51.509311672140996, -0.1895729248666963 51.5110589919693, -0.1921005151037946 51.51182467662729))",0,True,True,,3
89195da4b5bffff,206,206-6,9,1,51.51280628952391,-0.19000881404724076,200.821,"POLYGON ((-0.1904447315125569 51.51455356480177, -0.1925364968502976 51.51357197324636, -0.1921005151037946 51.51182467662729, -0.1895729248666963 51.5110589919693, -0.1874812537115841 51.51204056284135, -0.1879170786112992 51.513787839053336, -0.1904447315125569 51.51455356480177))",0,True,True,,9
89195da4b57ffff,206,206-5,9,1,51.51050898062343,-0.18242650044609254,200.821,"POLYGON ((-0.182862140234936 51.51225625869139, -0.1849538158442231 51.51127479320556, -0.1845181117752522 51.50952749379213, -0.1819908889227874 51.50876168028676, -0.1798993075181313 51.50974312510189, -0.1803348547616844 51.511490404091674, -0.182862140234936 51.51225625869139))",0,True,True,,4
89195da4b47ffff,206,206-1,9,1,51.50778017211044,-0.18408243597551635,200.821,"POLYGON ((-0.1845181117752522 51.50952749379213, -0.1866096887444359 51.50854594359821, -0.1861739486715809 51.50679860057331, -0.1836467884422795 51.50603282816357, -0.1815553056622953 51.50701435768453, -0.1819908889227874 51.50876168028676, -0.1845181117752522 51.50952749379213))",0,True,True,,0
88195da4b5fffff,206,206,8,0,51.51029326435527,-0.187045457090217,531.415,"POLYGON ((-0.1858253088006302 51.51476932521506, -0.1925364968502976 51.51357197324636, -0.1937561640438812 51.5090956601296, -0.1882654270063017 51.505816965675926, -0.1815553056623055 51.50701435768453, -0.1803348547616844 51.511490404091674, -0.1858253088006302 51.51476932521506))",7,True,True,True,20
89195da4b43ffff,206,206-0,9,1,51.51029326435527,-0.1870454570902017,200.821,"POLYGON ((-0.1874812537115841 51.51204056284135, -0.1895729248666963 51.5110589919693, -0.1891370639681402 51.509311672140996, -0.1866096887444359 51.50854594359821, -0.1845181117752522 51.50952749379213, -0.1849538158442231 51.51127479320556, -0.1874812537115841 51.51204056284135))",0,True,True,,4
88195da6a1fffff,207,207,8,0,51.56548401681229,-0.1400355757043699,531.415,"POLYGON ((-0.1388110545873079 51.56995619649709, -0.1455270109746597 51.56876394395582, -0.146751050548038 51.56429151173452, -0.1412599177145841 51.56101159878544, -0.134545030373918 51.5622038918004, -0.1333202069319285 51.56667605727549, -0.1388110545873079 51.56995619649709))",0,True,True,True,11
88194ad23dfffff,208,208,8,0,51.48670668982707,-0.0085078451595177,531.415,"POLYGON ((-0.0072761058595633 51.49117851628776, -0.0139779538086577 51.489991331623266, -0.0152092142477081 51.485519252263366, -0.0097394047680554 51.482234625721304, -0.0030386236705328 51.4834218531338, -0.0018065853127642 51.48789366432538, -0.0072761058595633 51.49117851628776))",0,True,True,True,9
88194ad12dfffff,209,209,8,0,51.47927006448822,-0.1699738275424014,531.415,"POLYGON ((-0.1687531832887198 51.4837470178329, -0.1754601061006923 51.4825495051206, -0.1766802699551435 51.47807229950911, -0.1711942934754394 51.47479287360789, -0.1644884363126803 51.475990426749206, -0.1632674900917246 51.4804673653475, -0.1687531832887198 51.4837470178329))",0,True,True,True,7
88194ad009fffff,210,210,8,0,51.464060433720974,-0.0402314753498141,531.415,"POLYGON ((-0.0390023693311469 51.46853422173831, -0.045702736776349 51.46734417325519, -0.0469313639856298 51.462870132500356, -0.0414604020784892 51.45958640827683, -0.0347611004620511 51.460776499147975, -0.0335316950354551 51.46525027183964, -0.0390023693311469 51.46853422173831))",0,True,True,True,3
88194ad20dfffff,212,212,8,0,51.50577853209627,0.0031233660364318,531.415,"POLYGON ((0.0043563035443559 51.51024915458135, -0.0023473509815945 51.5090634448442, -0.0035798094292431 51.50459256938155, 0.0018906084349847 51.501307671786385, 0.0085931953319149 51.50249342435464, 0.0098264318818252 51.50696403167196, 0.0043563035443559 51.51024915458135))",0,True,True,True,11
88194ad111fffff,213,213,8,0,51.45541820822035,-0.1127123318683368,531.415,"POLYGON ((-0.1114883168118341 51.459894537492715, -0.1181903438200501 51.458699644607925, -0.1194138794652971 51.45422306289141, -0.1139361682824308 51.450941641619785, -0.1072352063681482 51.45213657587554, -0.1060108906540815 51.45661289001688, -0.1114883168118341 51.459894537492715))",0,True,True,True,4
88194ad115fffff,214,214,8,0,51.45750428812637,-0.1248924770789614,531.415,"POLYGON ((-0.1236692423382996 51.46198088491453, -0.1303719612383927 51.460785317200894, -0.1315947164076863 51.456308468011656, -0.1261155332641019 51.45302745399369, -0.1194138794652971 51.45422306289141, -0.1181903438200501 51.458699644607925, -0.1236692423382996 51.46198088491453))",0,True,True,True,9
88194ad207fffff,216,216,8,0,51.49236523785918,-0.0005743672013933,531.415,"POLYGON ((0.0006580307017811 51.49683657369345, -0.0060441868300148 51.49565010506158, -0.0072761058595633 51.49117851628776, -0.0018065853127642 51.48789366432538, 0.0048945651119004 51.48908017579519, 0.0061272619851657 51.49355149637447, 0.0006580307017811 51.49683657369345))",0,True,True,True,2
88194ad11bfffff,217,217,8,0,51.4533310466633,-0.1005343509684745,531.415,"POLYGON ((-0.0993095560033641 51.457807108317525, -0.1060108906540815 51.45661289001688, -0.1072352063681482 51.45213657587554, -0.10175896720437 51.448854747697254, -0.0950586976398822 51.450049007555684, -0.0938336022642215 51.45452505401953, -0.0993095560033641 51.457807108317525))",0,True,True,True,10
88194e698dfffff,218,218,8,0,51.56005891059638,-0.0265706422732639,531.415,"POLYGON ((-0.0253385426272268 51.56452797065913, -0.032049678019875 51.563342558023336, -0.0332812973854349 51.55887324499974, -0.027802561913489 51.555589612214035, -0.0210924960161422 51.55677506700144, -0.0198600962075428 51.56124411240789, -0.0253385426272268 51.56452797065913))",0,True,True,True,0
88194ad02bfffff,219,219,8,0,51.45482141368316,-0.0682586894606349,531.415,"POLYGON ((-0.0670316780157011 51.45929644985964, -0.0737319981311343 51.458104295864196, -0.074958530632293 51.45362900707412, -0.0694855219026646 51.45034614017286, -0.0627862671132262 51.45153833618964, -0.0615589558387953 51.45601335707132, -0.0670316780157011 51.45929644985964))",0,True,True,True,4
88194ad139fffff,220,220,8,0,51.45958928578974,-0.1370747860761834,531.415,"POLYGON ((-0.135852332058555 51.46406614999123, -0.1425557423844994 51.46286990720415, -0.1437777166706853 51.45839279064468, -0.1382970616253158 51.455112184227374, -0.1315947164076863 51.456308468011656, -0.1303719612383927 51.460785317200894, -0.135852332058555 51.46406614999123))",0,True,True,True,12
88195da68dfffff,221,221,8,0,51.574720560604064,-0.1119482920602863,531.415,"POLYGON ((-0.110721665862485 51.57919149142992, -0.1174376780871046 51.57800134989913, -0.1186638228746794 51.5735301664127, -0.1131747388616011 51.570249391344056, -0.1064597961936576 51.571439573715544, -0.1052328680940975 51.575910490299734, -0.110721665862485 51.57919149142992))",0,True,True,True,3
88195da4a3fffff,222,222,8,0,51.51804804851451,-0.1913166513081054,531.415,"POLYGON ((-0.1900966273792566 51.522523885892255, -0.1968088823988457 51.521326573865935, -0.1980284250573174 51.51685048423379, -0.1925364968502976 51.51357197324636, -0.1858253088006302 51.51476932521506, -0.1846049820995649 51.51924514821354, -0.1900966273792566 51.522523885892255))",0,True,True,True,18
88195da4a9fffff,223,223,8,0,51.53147484680933,-0.1876560442095306,531.415,"POLYGON ((-0.1864354848925531 51.53594997026513, -0.1931491841007988 51.534753415078455, -0.1943692619586304 51.53027803933005, -0.1888764250257401 51.52699948533778, -0.1821637933108035 51.52819608045923, -0.1809429311470381 51.532671189622874, -0.1864354848925531 51.53594997026513))",0,True,True,True,6
88195da6d9fffff,224,224,8,0,51.57410127775216,-0.0674020282085991,531.415,"POLYGON ((-0.0661723931515708 51.57857091617864, -0.0728866912057697 51.57738351984181, -0.0741158453229928 51.572913628585425, -0.068631483506407 51.56963140088638, -0.0619182552423575 51.57081883871581, -0.0606883191168275 51.575288462736516, -0.0661723931515708 51.57857091617864))",0,True,True,True,4
88195da6a9fffff,225,225,8,0,51.5711479843959,-0.132095204320171,531.415,"POLYGON ((-0.1308700225005015 51.57561967311999, -0.1375863543251707 51.57442813779823, -0.1388110545873079 51.56995619649709, -0.1333202069319285 51.56667605727549, -0.1266049444126804 51.56786763316074, -0.1253794603553017 51.572339307688864, -0.1308700225005015 51.57561967311999))",0,True,True,True,0
88194e69e5fffff,226,226,8,0,51.57200581242752,-0.0552051351332605,531.415,"POLYGON ((-0.0539747182294527 51.57647518357548, -0.0606883191168275 51.575288462736516, -0.0619182552423575 51.57081883871581, -0.0564353721908579 51.56753620285665, -0.0497228410846505 51.568722965375486, -0.0484921233608539 51.57319232205845, -0.0539747182294527 51.57647518357548))",0,True,True,True,0
88195da6ddfffff,227,227,8,0,51.576195659258005,-0.07960109715021,531.415,"POLYGON ((-0.0783722443500405 51.580665564860915, -0.0850872391041105 51.579477492780214, -0.0863156108030622 51.57500733439031, -0.0808297702782774 51.57172551519946, -0.0741158453229928 51.572913628585425, -0.0728866912057697 51.57738351984181, -0.0783722443500405 51.580665564860915))",0,True,True,True,0
88194ad001fffff,228,228,8,0,51.458395854331485,-0.0481598119671373,531.415,"POLYGON ((-0.0469313639856298 51.462870132500356, -0.0536313607623041 51.46167936814107, -0.0548593299474315 51.4572048372752, -0.0493880807589756 51.45392133879044, -0.0426891495552647 51.455112145447764, -0.0414604020784892 51.45958640827683, -0.0469313639856298 51.462870132500356))",0,True,True,True,1
88194e698bfffff,229,229,8,0,51.550206791802864,-0.0101388715045961,531.415,"POLYGON ((-0.0089058717794451 51.55467580776458, -0.0156152391320838 51.55349102736236, -0.0168477589129366 51.54902175839466, -0.0113716911515171 51.54573753760854, -0.0046633930171514 51.54692236044672, -0.0034300935379872 51.55139136162003, -0.0089058717794451 51.55467580776458))",0,True,True,True,1
88194ad121fffff,230,230,8,0,51.47151325064442,-0.1657092041882633,531.415,"POLYGON ((-0.1644884363126803 51.475990426749206, -0.1711942934754394 51.47479287360789, -0.1724145811257891 51.47031544523386, -0.1669297937564491 51.46703583707501, -0.1602250019789179 51.46823343074251, -0.1590039322967846 51.472710592027454, -0.1644884363126803 51.475990426749206))",0,True,True,True,11
88195da413fffff,231,231,8,0,51.55623778049307,-0.1681205254796574,531.415,"POLYGON ((-0.1668981096862359 51.56071120844778, -0.1736140069945891 51.55951684454591, -0.1748359411116178 51.55504316417908, -0.1693427624560245 51.5517641142886, -0.1626279336829442 51.5529585182971, -0.1614052151419734 51.55743193207417, -0.1668981096862359 51.56071120844778))",0,True,True,True,12
88194ad027fffff,232,232,8,0,51.45124280404693,-0.0883585349025768,531.415,"POLYGON ((-0.0871329604360968 51.45571859798069, -0.0938336022642215 51.45452505401953, -0.0950586976398822 51.450049007555684, -0.0895839305531122 51.4467667728177, -0.0828843538032109 51.44796035852346, -0.0816584791731711 51.45243613720756, -0.0871329604360968 51.45571859798069))",0,True,True,True,3
88195da4e9fffff,233,233,8,0,51.55056924557519,-0.1760576964745146,531.415,"POLYGON ((-0.1748359411116178 51.55504316417908, -0.1815514618558159 51.553848083095765, -0.182772735556477 51.54937391212045, -0.177279273121424 51.54609508877593, -0.1705648206534243 51.54729020987606, -0.1693427624560245 51.5517641142886, -0.1748359411116178 51.55504316417908))",0,True,True,True,7
88194e69e1fffff,234,234,8,0,51.5699092638782,-0.0430104184472848,531.415,"POLYGON ((-0.0417792201067602 51.574378367645615, -0.0484921233608539 51.57319232205845, -0.0497228410846505 51.568722965375486, -0.0442414368546654 51.565439921704275, -0.0375296033724118 51.56662600915855, -0.0362981044604129 51.57109509840181, -0.0417792201067602 51.574378367645615))",0,True,True,True,2
88194ad13dfffff,235,235,8,0,51.46167320061884,-0.1492592583348762,531.415,"POLYGON ((-0.1480375854474834 51.466150332131114, -0.1547416867326952 51.46495341402605, -0.155962879728727 51.46047603019894, -0.1504807528409356 51.45719583172938, -0.1437777166706853 51.45839279064468, -0.1425557423844994 51.46286990720415, -0.1480375854474834 51.466150332131114))",0,True,True,True,1
88195da41bfffff,236,236,8,0,51.561905107588814,-0.1601823177209914,531.415,"POLYGON ((-0.1589592413818624 51.56637804479938, -0.1656755150376128 51.5651843981111, -0.1668981096862359 51.56071120844778, -0.1614052151419734 51.55743193207417, -0.1546900102805622 51.55862561895891, -0.1534666312809123 51.56309854200555, -0.1589592413818624 51.56637804479938))",0,True,True,True,0
89194ada5c7ffff,237,237-1,9,1,51.49435048575327,-0.18774225305579959,200.821,"POLYGON ((-0.1881779520397023 51.4960980049951, -0.1902690403773636 51.49511613669695, -0.1898332771525105 51.493368596120106, -0.1873065823332739 51.492602944266395, -0.1852155881262977 51.49358479188781, -0.1856511946082243 51.495332312038265, -0.1881779520397023 51.4960980049951))",0,True,True,,0
89194ada5c3ffff,237,237-0,9,1,51.496863655026026,-0.19070483187002812,200.821,"POLYGON ((-0.1911406516332039 51.49861115110424, -0.193231834098266 51.497629262124185, -0.1927959500901104 51.49588174471194, -0.1902690403773636 51.49511613669695, -0.1881779520397023 51.4960980049951, -0.1886136792877376 51.497845501988735, -0.1911406516332039 51.49861115110424))",0,True,True,,2
89194ada5cbffff,237,237-2,9,1,51.49664730979132,-0.19532298219304683,200.821,"POLYGON ((-0.195758958723448 51.49839482628263, -0.1978501366852756 51.49741283192824, -0.1974140959128289 51.49566529410617, -0.1948870339432252 51.494899771046896, -0.1927959500901104 51.49588174471194, -0.193231834098266 51.497629262124185, -0.195758958723448 51.49839482628263))",0,True,True,,4
89194ada5cfffff,237,237-3,9,1,51.494134205049235,-0.1923600943561602,200.821,"POLYGON ((-0.1927959500901104 51.49588174471194, -0.1948870339432252 51.494899771046896, -0.1944511139713078 51.493152210052436, -0.1919242668936692 51.49238664313921, -0.1898332771525105 51.493368596120106, -0.1902690403773636 51.49511613669695, -0.1927959500901104 51.49588174471194))",0,True,True,,8
89194ada5d7ffff,237,237-5,9,1,51.497079809943216,-0.18608682934790552,200.821,"POLYGON ((-0.1865224923479532 51.49882728559952, -0.1886136792877376 51.497845501988735, -0.1881779520397023 51.4960980049951, -0.1856511946082243 51.495332312038265, -0.1835601018145502 51.49631407497455, -0.183995672306586 51.49806155154078, -0.1865224923479532 51.49882728559952))",0,True,True,,5
89194ada5dbffff,237,237-6,9,1,51.49937675728288,-0.1936677463833171,200.821,"POLYGON ((-0.1941036869479538 51.50112423018483, -0.1961949635371496 51.50014232051767, -0.195758958723448 51.49839482628263, -0.193231834098266 51.497629262124185, -0.1911406516332039 51.49861115110424, -0.1915764996695501 51.50035862492846, -0.1941036869479538 51.50112423018483))",0,True,True,,2
88194ada5dfffff,237,237,8,0,51.49686365502605,-0.1907048318700384,531.415,"POLYGON ((-0.1894852185869074 51.5013404292189, -0.1961949635371496 51.50014232051767, -0.1974140959128289 51.49566529410617, -0.1919242668936692 51.4923866431392, -0.1852155881263028 51.49358479188784, -0.1839956723066012 51.49806155154078, -0.1894852185869074 51.5013404292189))",7,True,True,True,25
89194ada5d3ffff,237,237-4,9,1,51.49959297673105,-0.18904943480258982,200.821,"POLYGON ((-0.1894852185869074 51.5013404292189, -0.1915764996695501 51.50035862492846, -0.1911406516332039 51.49861115110424, -0.1886136792877376 51.497845501988735, -0.1865224923479532 51.49882728559952, -0.1869581836111182 51.50057473900409, -0.1894852185869074 51.5013404292189))",0,True,True,,2
88194ada51fffff,238,238,8,0,51.48910779456999,-0.1864353256616808,531.415,"POLYGON ((-0.1852155881263028 51.49358479188784, -0.1919242668936692 51.4923866431392, -0.1931435236957807 51.487909393600276, -0.1876548849507006 51.4846305596292, -0.1809472721022249 51.48582874852249, -0.1797272321912926 51.490305731226954, -0.1852155881263028 51.49358479188784))",0,True,True,True,11
88195da6c3fffff,239,239,8,0,51.578288956351,-0.0918023414340835,531.415,"POLYGON ((-0.0905742713007966 51.582759129028126, -0.0972899622873448 51.581570380957615, -0.0985175511580551 51.577099955536454, -0.0930302319825046 51.57381854520187, -0.0863156108030622 51.57500733439031, -0.0850872391041105 51.579477492780214, -0.0905742713007966 51.582759129028126))",0,True,True,True,4
88194ad201fffff,240,240,8,0,51.49802257924154,0.0073601387124377,531.415,"POLYGON ((0.0085931953319149 51.50249342435464, 0.0018906084349847 51.501307671786385, 0.0006580307017811 51.49683657369345, 0.0061272619851657 51.49355149637447, 0.0128287815194249 51.49473729187061, 0.0140621370212063 51.49920812174288, 0.0085931953319149 51.50249342435464))",0,True,True,True,5
88194ada4bfffff,242,242,8,0,51.50461910920609,-0.1949756529268389,531.415,"POLYGON ((-0.1937561640438812 51.5090956601296, -0.2004669754410207 51.50789759137837, -0.20168598324225 51.503420788238735, -0.1961949635371496 51.50014232051767, -0.1894852185869074 51.5013404292189, -0.1882654270063017 51.505816965675926, -0.1937561640438812 51.5090956601296))",0,True,True,True,18
88195da4e1fffff,243,243,8,0,51.5448995029624,-0.1839938306041062,531.415,"POLYGON ((-0.182772735556477 51.54937391212045, -0.1894878795198903 51.54817811388787, -0.1907084929194846 51.54370345239911, -0.1852147470367693 51.540424855663396, -0.1785006710904204 51.54162069382295, -0.177279273121424 51.54609508877593, -0.182772735556477 51.54937391212045))",0,True,True,True,11
88194ad237fffff,244,244,8,0,51.473289784741816,-0.0122019850635598,531.415,"POLYGON ((-0.0109707847233446 51.4777623240123, -0.0176711962763401 51.47657438068824, -0.0189019179422523 51.472101588556676, -0.0134330058268767 51.46881700795171, -0.0067336606040246 51.470004994030475, -0.0055021612779921 51.474477517944536, -0.0109707847233446 51.4777623240123))",0,True,True,True,5
88194ad05dfffff,245,245,8,0,51.46762855891822,-0.020132460093417,531.415,"POLYGON ((-0.0189019179422523 51.472101588556676, -0.025601959733472 51.47091292935226, -0.0268320232231283 51.46643964689312, -0.0213628227679973 51.46315529181472, -0.0146638470514262 51.46434399368385, -0.0134330058268767 51.46881700795171, -0.0189019179422523 51.472101588556676))",0,True,True,True,4
88194ada53fffff,246,246,8,0,51.48135152822417,-0.1821671337420156,531.415,"POLYGON ((-0.1809472721022249 51.48582874852249, -0.1876548849507006 51.4846305596292, -0.1888742660313541 51.48015308710729, -0.1833868171486412 51.47687407037387, -0.1766802699551435 51.47807229950911, -0.1754601061006923 51.4825495051206, -0.1809472721022249 51.48582874852249))",0,True,True,True,12
88195da6a5fffff,247,247,8,0,51.567571226735446,-0.1522430733001917,531.415,"POLYGON ((-0.1510193363002369 51.57204367310697, -0.1577359860864419 51.57085074366425, -0.1589592413818624 51.56637804479938, -0.1534666312809123 51.56309854200555, -0.146751050548038 51.56429151173452, -0.1455270109746597 51.56876394395582, -0.1510193363002369 51.57204367310697))",0,True,True,True,2
88195da4a1fffff,248,248,8,0,51.52580242557861,-0.1955891613786358,531.415,"POLYGON ((-0.1943692619586304 51.53027803933005, -0.2010825842124488 51.529080767148685, -0.2023020021876269 51.524604901145395, -0.1968088823988457 51.521326573865935, -0.1900966273792566 51.522523885892255, -0.1888764250257401 51.52699948533778, -0.1943692619586304 51.53027803933005))",0,True,True,True,14
88194e6989fffff,249,249,8,0,51.55796005806846,-0.0143825392971084,531.415,"POLYGON ((-0.013149659369702 51.56242885047141, -0.0198600962075428 51.56124411240789, -0.0210924960161422 51.55677506700144, -0.0156152391320838 51.55349102736236, -0.0089058717794451 51.55467580776458, -0.0076726919377557 51.55914458545213, -0.013149659369702 51.56242885047141))",0,True,True,True,5
88194ad231fffff,250,250,8,0,51.47894980432624,-0.004270482312881,531.415,"POLYGON ((-0.0030386236705328 51.4834218531338, -0.0097394047680554 51.482234625721304, -0.0109707847233446 51.4777623240123, -0.0055021612779921 51.474477517944536, 0.0011975532339428 51.47566478820171, 0.0024297107744775 51.48013682166699, -0.0030386236705328 51.4834218531338))",0,True,True,True,19
88195da6e3fffff,251,251,8,0,51.57681074380808,-0.1241537970271294,531.415,"POLYGON ((-0.1229279543899198 51.58128194147675, -0.1296446614346492 51.58009112340621, -0.1308700225005015 51.57561967311999, -0.1253794603553017 51.572339307688864, -0.1186638228746794 51.5735301664127, -0.1174376780871046 51.57800134989913, -0.1229279543899198 51.58128194147675))",0,True,True,True,14
88194ad007fffff,252,252,8,0,51.45273006904994,-0.0560871200051518,531.415,"POLYGON ((-0.0548593299474315 51.4572048372752, -0.0615589558387953 51.45601335707132, -0.0627862671132262 51.45153833618964, -0.0573147309734754 51.44825506350722, -0.0506161703992142 51.44944658591914, -0.0493880807589756 51.45392133879044, -0.0548593299474315 51.4572048372752))",0,True,True,True,1
88194e69ebfffff,253,253,8,0,51.56781163269836,-0.030817878672711,531.415,"POLYGON ((-0.0295858993056074 51.5722804689833, -0.0362981044604129 51.57109509840181, -0.0375296033724118 51.56662600915855, -0.032049678019875 51.563342558023336, -0.0253385426272268 51.56452797065913, -0.0241062629370835 51.56899679236077, -0.0295858993056074 51.5722804689833))",0,True,True,True,7
88194ad055fffff,254,254,8,0,51.461966126981686,-0.0280619072983741,531.415,"POLYGON ((-0.0268320232231283 51.46643964689312, -0.0335316950354551 51.46525027183964, -0.0347611004620511 51.460776499147975, -0.029291611997345 51.457492369659825, -0.0225930060041114 51.458681787288036, -0.0213628227679973 51.46315529181472, -0.0268320232231283 51.46643964689312))",0,True,True,True,1
88194ad023fffff,255,255,8,0,51.44915348096299,-0.0761848841928441,531.415,"POLYGON ((-0.074958530632293 51.45362900707412, -0.0816584791731711 51.45243613720756, -0.0828843538032109 51.44796035852346, -0.0774110588508328 51.44467771757279, -0.0707121753798186 51.445870629370646, -0.0694855219026646 51.45034614017286, -0.074958530632293 51.45362900707412))",0,True,True,True,2
88195da6c7fffff,256,256,8,0,51.58038116843717,-0.1040057605352189,531.415,"POLYGON ((-0.1027784734788182 51.58485160808622, -0.1094948602299509 51.58366218377999, -0.110721665862485 51.57919149142992, -0.1052328680940975 51.575910490299734, -0.0985175511580551 51.577099955536454, -0.0972899622873448 51.581570380957615, -0.1027784734788182 51.58485160808622))",0,True,True,True,12
88194ad123fffff,257,257,8,0,51.4637560320221,-0.1614458933289752,531.415,"POLYGON ((-0.1602250019789179 51.46823343074251, -0.1669297937564491 51.46703583707501, -0.1681502050551993 51.46255818608294, -0.162666606384923 51.45927839590817, -0.155962879728727 51.46047603019894, -0.1547416867326952 51.46495341402605, -0.1602250019789179 51.46823343074251))",0,True,True,True,16
89194ada493ffff,258,258-4,9,1,51.51510321178312,-0.1975922298547003,200.821,"POLYGON ((-0.1980284250573072 51.51685048423379, -0.2001202800542126 51.51586876658368, -0.1996840205693158 51.51412147279608, -0.1971560629560414 51.51335591704759, -0.1950643021197604 51.51433761400172, -0.1955004047364844 51.516084887398904, -0.1980284250573072 51.51685048423379))",0,True,True,,6
89194ada48bffff,258,258-2,9,1,51.5121578047099,-0.20386749876874374,200.821,"POLYGON ((-0.2043038868082177 51.51390514116588, -0.2063956385558726 51.51292323339913, -0.2059591862440921 51.51117587561175, -0.2034311390442506 51.51041044597031, -0.2013394814229911 51.511392333031424, -0.2017757768755558 51.513139670438186, -0.2043038868082177 51.51390514116588))",0,True,True,,4
88194ada49fffff,258,258,8,0,51.51237415672399,-0.1992477893920276,531.415,"POLYGON ((-0.1980284250573174 51.51685048423379, -0.2047403031654327 51.515652455335136, -0.2059591862440921 51.51117587561175, -0.2004669754410207 51.50789759137837, -0.1937561640438812 51.5090956601296, -0.1925364968502976 51.51357197324636, -0.1980284250573174 51.51685048423379))",7,True,True,True,25
89194ada48fffff,258,258-3,9,1,51.50964497334376,-0.20090321427907437,200.821,"POLYGON ((-0.2013394814229911 51.511392333031424, -0.2034311390442506 51.51041044597031, -0.2029948076320554 51.508663064950284, -0.2004669754410207 51.50789759137837, -0.1983754119495017 51.508879457739, -0.1988115865196504 51.5106268183706, -0.2013394814229911 51.511392333031424))",0,True,True,,1
89194ada497ffff,258,258-5,9,1,51.51259031832237,-0.19462822780053893,200.821,"POLYGON ((-0.1950643021197604 51.51433761400172, -0.1971560629560414 51.51335591704759, -0.1967199243585764 51.51160860003028, -0.1941921817761585 51.51084300036395, -0.1921005151037946 51.51182467662729, -0.1925364968502976 51.51357197324636, -0.1950643021197604 51.51433761400172))",0,True,True,,1
89194ada487ffff,258,258-1,9,1,51.509861260734375,-0.19628381405965398,200.821,"POLYGON ((-0.1967199243585764 51.51160860003028, -0.1988115865196504 51.5106268183706, -0.1983754119495017 51.508879457739, -0.1958477320565001 51.50811389916292, -0.1937561640438812 51.5090956601296, -0.1941921817761585 51.51084300036395, -0.1967199243585764 51.51160860003028))",0,True,True,,6
89194ada483ffff,258,258-0,9,1,51.512374156723986,-0.19924778939202767,200.821,"POLYGON ((-0.1996840205693158 51.51412147279608, -0.2017757768755558 51.513139670438186, -0.2013394814229911 51.511392333031424, -0.1988115865196504 51.5106268183706, -0.1967199243585764 51.51160860003028, -0.1971560629560414 51.51335591704759, -0.1996840205693158 51.51412147279608))",0,True,True,,2
89194ada49bffff,258,258-6,9,1,51.514886985560885,-0.2022121006394306,200.821,"POLYGON ((-0.2026484527173092 51.51663427839646, -0.2047403031654327 51.515652455335136, -0.2043038868082177 51.51390514116588, -0.2017757768755558 51.513139670438186, -0.1996840205693158 51.51412147279608, -0.2001202800542126 51.51586876658368, -0.2026484527173092 51.51663427839646))",0,True,True,,6
88195da4e7fffff,259,259,8,0,51.539228552782056,-0.1919289277671066,531.415,"POLYGON ((-0.1907084929194846 51.54370345239911, -0.1974232598855914 51.5425069370496, -0.1986432130994792 51.53803178514254, -0.1931491841007988 51.534753415078455, -0.1864354848925531 51.53594997026513, -0.1852147470367693 51.540424855663396, -0.1907084929194846 51.54370345239911))",0,True,True,True,7
88194ad239fffff,260,260,8,0,51.48460861754543,0.0036620480544011,531.415,"POLYGON ((0.0048945651119004 51.48908017579519, -0.0018065853127642 51.48789366432538, -0.0030386236705328 51.4834218531338, 0.0024297107744775 51.48013682166699, 0.00912979435815 51.481323376071494, 0.0103626102261209 51.48579491899315, 0.0048945651119004 51.48908017579519))",0,True,True,True,8
88194ad117fffff,261,261,8,0,51.44974624385955,-0.1206372365305596,531.415,"POLYGON ((-0.1194138794652971 51.45422306289141, -0.1261155332641019 51.45302745399369, -0.1273384109317498 51.44855038255844, -0.1218604150538097 51.4452691875543, -0.1151598260920712 51.446464837733025, -0.1139361682824308 51.450941641619785, -0.1194138794652971 51.45422306289141))",0,True,True,True,2
88194ad125fffff,262,262,8,0,51.47359485637475,-0.1779002555516401,531.415,"POLYGON ((-0.1766802699551435 51.47807229950911, -0.1833868171486412 51.47687407037387, -0.1846063223600129 51.47239637501353, -0.1791200629281443 51.469117175759465, -0.1724145811257891 51.47031544523386, -0.1711942934754394 51.47479287360789, -0.1766802699551435 51.47807229950911))",0,True,True,True,9
88195da6adfffff,263,263,8,0,51.57323613780611,-0.1443027923191057,531.415,"POLYGON ((-0.14307839454323 51.577708093243764, -0.1497954202428698 51.57651588107849, -0.1510193363002369 51.57204367310697, -0.1455270109746597 51.56876394395582, -0.1388110545873079 51.56995619649709, -0.1375863543251707 51.57442813779823, -0.14307839454323 51.577708093243764))",0,True,True,True,6
88194ad13bfffff,264,264,8,0,51.45183138149071,-0.1328172930839603,531.415,"POLYGON ((-0.1315947164076863 51.456308468011656, -0.1382970616253158 51.455112184227374, -0.1395191587439313 51.45063484534612, -0.1340396913051884 51.447354057680016, -0.1273384109317498 51.44855038255844, -0.1261155332641019 51.45302745399369, -0.1315947164076863 51.456308468011656))",0,True,True,True,1
88194ad113fffff,265,265,8,0,51.4476600244352,-0.1084593434153468,531.415,"POLYGON ((-0.1072352063681482 51.45213657587554, -0.1139361682824308 51.450941641619785, -0.1151598260920712 51.446464837733025, -0.1096833018336885 51.44318323573779, -0.1029834047490142 51.44437821146135, -0.10175896720437 51.448854747697254, -0.1072352063681482 51.45213657587554))",0,True,True,True,1
88194ad00bfffff,267,267,8,0,51.45630248905865,-0.035990326574559,531.415,"POLYGON ((-0.0347611004620511 51.460776499147975, -0.0414604020784892 51.45958640827683, -0.0426891495552647 51.455112145447764, -0.0372193734110353 51.45182824161353, -0.0305211373580901 51.45301837496944, -0.029291611997345 51.457492369659825, -0.0347611004620511 51.460776499147975))",0,True,True,True,3
88194e6933fffff,269,269,8,0,51.5797578483054,-0.0594582031694302,531.415,"POLYGON ((-0.0582279073618423 51.58422699538089, -0.0649425782970485 51.58304031612433, -0.0661723931515708 51.57857091617864, -0.0606883191168275 51.575288462736516, -0.0539747182294527 51.57647518357548, -0.0527441214411267 51.580944316259036, -0.0582279073618423 51.58422699538089))",0,True,True,True,0
88194e6937fffff,270,270,8,0,51.58185317263,-0.0716573573537351,531.415,"POLYGON ((-0.0704278437285844 51.58632258690841, -0.0771432118394831 51.58513523196664, -0.0783722443500405 51.580665564860915, -0.0728866912057697 51.57738351984181, -0.0661723931515708 51.57857091617864, -0.0649425782970485 51.58304031612433, -0.0704278437285844 51.58632258690841))",0,True,True,True,5
88194ad131fffff,271,271,8,0,51.45391543673716,-0.1449995125509388,531.415,"POLYGON ((-0.1437777166706853 51.45839279064468, -0.1504807528409356 51.45719583172938, -0.1517020690036068 51.45271822550466, -0.1462211300632049 51.44943784552358, -0.1395191587439313 51.45063484534612, -0.1382970616253158 51.455112184227374, -0.1437777166706853 51.45839279064468))",0,True,True,True,5
88194ad1cdfffff,272,272,8,0,51.44557272380918,-0.0962836142619238,531.415,"POLYGON ((-0.0950586976398822 51.450049007555684, -0.10175896720437 51.448854747697254, -0.1029834047490142 51.44437821146135, -0.0975083521683761 51.44109620282196, -0.0908091474256851 51.44229050433497, -0.0895839305531122 51.4467667728177, -0.0950586976398822 51.450049007555684))",0,True,True,True,1
88194e69c7fffff,273,273,8,0,51.5657129194822,-0.0186275163306136,531.415,"POLYGON ((-0.0173947563470776 51.5701814881828, -0.0241062629370835 51.56899679236077, -0.0253385426272268 51.56452797065913, -0.0198600962075428 51.56124411240789, -0.013149659369702 51.56242885047141, -0.0119165993115109 51.56689740452962, -0.0173947563470776 51.5701814881828))",0,True,True,True,2
88194ad203fffff,274,274,8,0,51.49026622427346,0.011595605933806,531.415,"POLYGON ((0.0128287815194249 51.49473729187061, 0.0061272619851657 51.49355149637447, 0.0048945651119004 51.48908017579519, 0.0103626102261209 51.48579491899315, 0.0170630626640395 51.48698075751398, 0.0182965369723518 51.49145180979719, 0.0128287815194249 51.49473729187061))",0,True,True,True,1
88194e69edfffff,275,275,8,0,51.57766144030598,-0.0472612257282059,531.415,"POLYGON ((-0.0460301481484211 51.582130320076494, -0.0527441214411267 51.580944316259036, -0.0539747182294527 51.57647518357548, -0.0484921233608539 51.57319232205845, -0.0417792201067602 51.574378367645615, -0.0405478417948009 51.578847232964996, -0.0460301481484211 51.582130320076494))",0,True,True,True,0
89195da4a63ffff,276,276-0,9,1,51.52012879719363,-0.20352124182593878,200.821,"POLYGON ((-0.203957678862088 51.52187602314896, -0.2060497221703762 51.52089426409129, -0.2056132208437897 51.51914701680097, -0.2030848331119054 51.51838154894175, -0.2009928839576717 51.51936328729305, -0.2014292283816413 51.52111051420851, -0.203957678862088 51.52187602314896))",0,True,True,,1
89195da4a67ffff,276,276-1,9,1,51.51761603808372,-0.20055656784942155,200.821,"POLYGON ((-0.2009928839576717 51.51936328729305, -0.2030848331119054 51.51838154894175, -0.2026484527173092 51.51663427839646, -0.2001202800542126 51.51586876658368, -0.1980284250573072 51.51685048423379, -0.1984646485665344 51.51859773439642, -0.2009928839576717 51.51936328729305))",0,True,True,,1
89195da4a6bffff,276,276-2,9,1,51.51991244165449,-0.20814173104413933,200.821,"POLYGON ((-0.2085783249900336 51.521659687979124, -0.2106703637120284 51.52067782349539, -0.2102337054787052 51.51893055583903, -0.207705165430501 51.518165173031036, -0.2056132208437897 51.51914701680097, -0.2060497221703762 51.52089426409129, -0.2085783249900336 51.521659687979124))",0,True,True,,6
88195da4a7fffff,276,276,8,0,51.520128797193614,-0.2035212418259438,531.415,"POLYGON ((-0.2023020021876269 51.524604901145395, -0.2090149472708635 51.52340691200183, -0.2102337054787052 51.51893055583903, -0.2047403031654327 51.515652455335136, -0.1980284250573174 51.51685048423379, -0.1968088823988457 51.521326573865935, -0.2023020021876269 51.524604901145395))",7,True,True,True,31
89195da4a7bffff,276,276-6,9,1,51.522641489082375,-0.20648625182549094,200.821,"POLYGON ((-0.2069228098118438 51.5243886917711, -0.2090149472708482 51.52340691200185, -0.2085783249900336 51.521659687979124, -0.2060497221703762 51.52089426409129, -0.203957678862088 51.52187602314896, -0.2043941442231137 51.52362322680462, -0.2069228098118438 51.5243886917711))",0,True,True,,5
89195da4a73ffff,276,276-4,9,1,51.52285771882703,-0.20186560112406515,200.821,"POLYGON ((-0.2023020021876014 51.524604901145416, -0.2043941442231137 51.52362322680462, -0.203957678862088 51.52187602314896, -0.2014292283816413 51.52111051420851, -0.199337180515658 51.52209216784515, -0.1997734889609924 51.52383935112495, -0.2023020021876014 51.524604901145416))",0,True,True,,4
89195da4a6fffff,276,276-3,9,1,51.51739974721456,-0.20517674784304168,200.821,"POLYGON ((-0.2056132208437897 51.51914701680097, -0.207705165430501 51.518165173031036, -0.2072686281463777 51.51641788211192, -0.2047403031654327 51.515652455335136, -0.2026484527173092 51.51663427839646, -0.2030848331119054 51.51838154894175, -0.2056132208437897 51.51914701680097))",0,True,True,,10
89195da4a77ffff,276,276-5,9,1,51.520344962267934,-0.19890090038508004,200.821,"POLYGON ((-0.199337180515658 51.52209216784515, -0.2014292283816413 51.52111051420851, -0.2009928839576717 51.51936328729305, -0.1984646485665344 51.51859773439642, -0.1963726948733369 51.51957936733412, -0.1968088823988355 51.521326573865935, -0.199337180515658 51.52209216784515))",0,True,True,,0
88195da4adfffff,277,277,8,0,51.53355639516163,-0.1998629878624234,531.415,"POLYGON ((-0.1986432130994792 51.53803178514254, -0.2053576028519322 51.53683455270851, -0.2065768959954868 51.53235891047836, -0.2010825842124488 51.529080767148685, -0.1943692619586304 51.53027803933005, -0.1931491841007988 51.534753415078455, -0.1986432130994792 51.53803178514254))",0,True,True,True,9
88194ad03dfffff,278,278,8,0,51.44706307800327,-0.0640133993605304,531.415,"POLYGON ((-0.0627862671132262 51.45153833618964, -0.0694855219026646 51.45034614017286, -0.0707121753798186 51.445870629370646, -0.0652403526187359 51.44258758255416, -0.0585421628904948 51.44377982068897, -0.0573147309734754 51.44825506350722, -0.0627862671132262 51.45153833618964))",0,True,True,True,0
88195da6ebfffff,279,279,8,0,51.58247229492243,-0.1162113539276646,531.415,"POLYGON ((-0.1149848503580825 51.58694300144106, -0.1217019324054608 51.58575290065334, -0.1229279543899198 51.58128194147675, -0.1174376780871046 51.57800134989913, -0.110721665862485 51.57919149142992, -0.1094948602299509 51.58366218377999, -0.1149848503580825 51.58694300144106))",0,True,True,True,8
88195da6cbfffff,280,280,8,0,51.583947412685525,-0.083858687757526,531.415,"POLYGON ((-0.0826299567250281 51.58841709406473, -0.0893460215443458 51.587229063191735, -0.0905742713007966 51.582759129028126, -0.0850872391041105 51.579477492780214, -0.0783722443500405 51.580665564860915, -0.0771432118394831 51.58513523196664, -0.0826299567250281 51.58841709406473))",0,True,True,True,8
88194e69d5fffff,281,281,8,0,51.555860124548175,-0.0021966139181972,531.415,"POLYGON ((-0.0009629541194186 51.56032864918955, -0.0076726919377557 51.55914458545213, -0.0089058717794451 51.55467580776458, -0.0034300935379872 51.55139136162003, 0.0032785748055914 51.55257546788325, 0.0045125342703724 51.557043977750226, -0.0009629541194186 51.56032864918955))",0,True,True,True,7
88195da6e7fffff,282,282,8,0,51.5788998406741,-0.1363614748797883,531.415,"POLYGON ((-0.1351364162129409 51.583371305083126, -0.141853817608801 51.58217981022717, -0.14307839454323 51.577708093243764, -0.1375863543251707 51.57442813779823, -0.1308700225005015 51.57561967311999, -0.1296446614346492 51.58009112340621, -0.1351364162129409 51.583371305083126))",0,True,True,True,0
88194ada55fffff,283,283,8,0,51.491188030013504,-0.198633050091858,531.415,"POLYGON ((-0.1974140959128289 51.49566529410617, -0.2041234642534316 51.494466468744925, -0.2053419375392968 51.48998895247449, -0.199851826112148 51.486710528281534, -0.1931435236957807 51.487909393600276, -0.1919242668936692 51.4923866431392, -0.1974140959128289 51.49566529410617))",0,True,True,True,15
88194ad127fffff,284,284,8,0,51.46583777940801,-0.173634690531402,531.415,"POLYGON ((-0.1724145811257891 51.47031544523386, -0.1791200629281443 51.469117175759465, -0.1803396921226141 51.46463925770522, -0.1748546217302413 51.4613598761723, -0.1681502050551993 51.46255818608294, -0.1669297937564491 51.46703583707501, -0.1724145811257891 51.47031544523386))",0,True,True,True,11
88195da417fffff,285,285,8,0,51.55832201584673,-0.1803300094639925,531.415,"POLYGON ((-0.1791083783429232 51.56279571033162, -0.1858249676282636 51.561600669167454, -0.1870461169123653 51.557126722313754, -0.1815514618558159 51.553848083095765, -0.1748359411116178 51.55504316417908, -0.1736140069945891 51.55951684454591, -0.1791083783429232 51.56279571033162))",0,True,True,True,11
88195da411fffff,286,286,8,0,51.56399028663399,-0.172391894085341,531.415,"POLYGON ((-0.1711696023457007 51.56846349040168, -0.1778865684544588 51.567269166508765, -0.1791083783429232 51.56279571033162, -0.1736140069945891 51.55951684454591, -0.1668981096862359 51.56071120844778, -0.1656755150376128 51.5651843981111, -0.1711696023457007 51.56846349040168))",0,True,True,True,0
88194ada43fffff,287,287,8,0,51.49894374734696,-0.2029048128337316,531.415,"POLYGON ((-0.20168598324225 51.503420788238735, -0.2083964177709122 51.50222200273762, -0.20961476629503 51.49774470967059, -0.2041234642534316 51.494466468744925, -0.1974140959128289 51.49566529410617, -0.1961949635371496 51.50014232051767, -0.20168598324225 51.503420788238735))",0,True,True,True,9
88194ad003fffff,288,288,8,0,51.45063764527568,-0.0439177178182341,531.415,"POLYGON ((-0.0426891495552647 51.455112145447764, -0.0493880807589756 51.45392133879044, -0.0506161703992142 51.44944658591914, -0.0451461069054515 51.44616290780254, -0.0384482410095934 51.44735375685458, -0.0372193734110353 51.45182824161353, -0.0426891495552647 51.455112145447764))",0,True,True,True,4
89194ada57bffff,289,289-6,9,1,51.48594508559272,-0.19732507446278136,200.821,"POLYGON ((-0.197761038061076 51.487692755973775, -0.199851826112148 51.486710528281534, -0.1994157982969593 51.48496283657559, -0.1968891391389713 51.484197392975055, -0.1947984451535511 51.485179599976426, -0.1952343162608143 51.48692727126778, -0.197761038061076 51.487692755973775))",0,True,True,,4
89194ada56bffff,289,289-2,9,1,51.48321512263348,-0.19897979875992178,200.821,"POLYGON ((-0.1994157982969593 51.48496283657559, -0.2015064877586268 51.483980524216896, -0.2010704240117075 51.48223278895219, -0.1985438274983406 51.481467386458334, -0.1964532320869053 51.48244967812394, -0.1968891391389713 51.484197392975055, -0.1994157982969593 51.48496283657559))",0,True,True,,4
89194ada573ffff,289,289-4,9,1,51.48616174363712,-0.19270771680839857,200.821,"POLYGON ((-0.1931435236957807 51.487909393600276, -0.1952343162608143 51.48692727126778, -0.1947984451535511 51.485179599976426, -0.1922719381853604 51.48441407143954, -0.1901812397046947 51.48539617308859, -0.1906169541081956 51.48714382395656, -0.1931435236957807 51.487909393600276))",0,True,True,,0
89194ada56fffff,289,289-3,9,1,51.48070194104246,-0.19601735330391423,200.821,"POLYGON ((-0.1964532320869053 51.48244967812394, -0.1985438274983406 51.481467386458334, -0.1981078845095211 51.47971962805328, -0.1955815027872836 51.47895418173376, -0.1934910014293521 51.47993645271143, -0.1939267877405064 51.48168419069511, -0.1964532320869053 51.48244967812394))",0,True,True,,6
89194ada577ffff,289,289-5,9,1,51.48364849998895,-0.18974555355917702,200.821,"POLYGON ((-0.1901812397046947 51.48539617308859, -0.1922719381853604 51.48441407143954, -0.1918361878240285 51.48266637701077, -0.1893098956689647 51.48190080466083, -0.1872192912759526 51.48288288563162, -0.1876548849507006 51.4846305596292, -0.1901812397046947 51.48539617308859))",0,True,True,,0
88194ada57fffff,289,289,8,0,51.48343190645116,-0.1943626023143448,531.415,"POLYGON ((-0.1931435236957807 51.487909393600276, -0.199851826112148 51.486710528281534, -0.2010704240117176 51.48223278895217, -0.1955815027872938 51.478954181733755, -0.1888742660313541 51.48015308710729, -0.1876548849507006 51.4846305596292, -0.1931435236957807 51.487909393600276))",7,True,True,True,20
89194ada567ffff,289,289-1,9,1,51.48091866035394,-0.19140046572166355,200.821,"POLYGON ((-0.1918361878240285 51.48266637701077, -0.1939267877405064 51.48168419069511, -0.1934910014293521 51.47993645271143, -0.1909647718755973 51.479170921472154, -0.1888742660313541 51.48015308710729, -0.1893098956689647 51.48190080466083, -0.1918361878240285 51.48266637701077))",0,True,True,,3
89194ada563ffff,289,289-0,9,1,51.48343190645119,-0.19436260231433983,200.821,"POLYGON ((-0.1947984451535511 51.485179599976426, -0.1968891391389713 51.484197392975055, -0.1964532320869053 51.48244967812394, -0.1939267877405064 51.48168419069511, -0.1918361878240285 51.48266637701077, -0.1922719381853604 51.48441407143954, -0.1947984451535511 51.485179599976426))",0,True,True,,0
88195da4edfffff,290,290,8,0,51.55265253720668,-0.1882670875302007,531.415,"POLYGON ((-0.1870461169123653 51.557126722313754, -0.1937623291575788 51.55593096391057, -0.194982817952714 51.55145652647535, -0.1894878795198903 51.54817811388787, -0.182772735556477 51.54937391212045, -0.1815514618558159 51.553848083095765, -0.1870461169123653 51.557126722313754))",0,True,True,True,9
88194ad135fffff,291,291,8,0,51.45599840900744,-0.157183894405954,531.415,"POLYGON ((-0.155962879728727 51.46047603019894, -0.162666606384923 51.45927839590817, -0.1638871411846876 51.454800522442646, -0.1584047308023641 51.45152055049356, -0.1517020690036068 51.45271822550466, -0.1504807528409356 51.45719583172938, -0.155962879728727 51.46047603019894))",0,True,True,True,1
88194ad1c9fffff,292,292,8,0,51.44348434257307,-0.0841100495929723,531.415,"POLYGON ((-0.0828843538032109 51.44796035852346, -0.0895839305531122 51.4467667728177, -0.0908091474256851 51.44229050433497, -0.0853355665804932 51.4390080893983, -0.0786370546442649 51.44020171694541, -0.0774110588508328 51.44467771757279, -0.0828843538032109 51.44796035852346))",0,True,True,True,0
88195da419fffff,293,293,8,0,51.56965734944133,-0.1644527414956369,531.415,"POLYGON ((-0.1632297890221735 51.57413006239687, -0.1699471317375472 51.572936455807294, -0.1711696023457007 51.56846349040168, -0.1656755150376128 51.5651843981111, -0.1589592413818624 51.56637804479938, -0.1577359860864419 51.57085074366425, -0.1632297890221735 51.57413006239687))",0,True,True,True,1
88195da6c1fffff,294,294,8,0,51.58604056787784,-0.0960621938562782,531.415,"POLYGON ((-0.0948342458265725 51.590510516255584, -0.1015510068865804 51.58932180920537, -0.1027784734788182 51.58485160808622, -0.0972899622873448 51.581570380957615, -0.0905742713007966 51.582759129028126, -0.0893460215443458 51.587229063191735, -0.0948342458265725 51.590510516255584))",0,True,True,True,7
88194ad059fffff,295,295,8,0,51.46553223262595,-0.007964980329164,531.415,"POLYGON ((-0.0067336606040246 51.470004994030475, -0.0134330058268767 51.46881700795171, -0.0146638470514262 51.46434399368385, -0.0091961204915409 51.46105923377277, -0.0024978413330935 51.46224726270293, -0.0012662227816711 51.466720008677854, -0.0067336606040246 51.470004994030475))",0,True,True,True,8
88194ada41fffff,296,296,8,0,51.50669905806529,-0.2071778910999268,531.415,"POLYGON ((-0.2059591862440921 51.51117587561175, -0.2126706872247508 51.50997712987338, -0.2138889108389301 51.50550006015417, -0.2083964177709122 51.50222200273762, -0.20168598324225 51.503420788238735, -0.2004669754410207 51.50789759137837, -0.2059591862440921 51.51117587561175))",0,True,True,True,4
88194ad233fffff,297,297,8,0,51.471192517191376,-3.4424605375402044e-05,531.415,"POLYGON ((0.0011975532339428 51.47566478820171, -0.0055021612779921 51.474477517944536, -0.0067336606040246 51.470004994030475, -0.0012662227816711 51.466720008677854, 0.0054324254105749 51.46790732187643, 0.0066647019885586 51.47237957747133, 0.0011975532339428 51.47566478820171))",0,True,True,True,1
88194ada19fffff,299,299,8,0,51.47567537704625,-0.190093468941553,531.415,"POLYGON ((-0.1888742660313541 51.48015308710729, -0.1955815027872938 51.478954181733755, -0.1968002251525713 51.47447621949, -0.1913124937192865 51.47119742948794, -0.1846063223600129 51.47239637501353, -0.1833868171486412 51.47687407037387, -0.1888742660313541 51.48015308710729))",0,True,True,True,8
88195da4e5fffff,300,300,8,0,51.54698185084112,-0.1962031281826907,531.415,"POLYGON ((-0.194982817952714 51.55145652647535, -0.2016986529412554 51.55026005086542, -0.2029184813628689 51.54578512294379, -0.1974232598855914 51.5425069370496, -0.1907084929194846 51.54370345239911, -0.1894878795198903 51.54817811388787, -0.194982817952714 51.55145652647535))",0,True,True,True,15
88194ad051fffff,301,301,8,0,51.45987074198008,-0.0158945087753605,531.415,"POLYGON ((-0.0146638470514262 51.46434399368385, -0.0213628227679973 51.46315529181472, -0.0225930060041114 51.458681787288036, -0.0171249910367978 51.45539725288228, -0.010427081129307 51.45658599751281, -0.0091961204915409 51.46105923377277, -0.0146638470514262 51.46434399368385))",0,True,True,True,6
88195da453fffff,302,302,8,0,51.57532320414175,-0.1565125517965555,531.415,"POLYGON ((-0.1552889384740404 51.579795426190266, -0.1620066575790481 51.578602536936074, -0.1632297890221735 51.57413006239687, -0.1577359860864419 51.57085074366425, -0.1510193363002369 51.57204367310697, -0.1497954202428698 51.57651588107849, -0.1552889384740404 51.579795426190266))",0,True,True,True,2
88194ad23bfffff,303,303,8,0,51.47685159555028,0.0078971582916981,531.415,"POLYGON ((0.00912979435815 51.481323376071494, 0.0024297107744775 51.48013682166699, 0.0011975532339428 51.47566478820171, 0.0066647019885586 51.47237957747133, 0.0133637189973138 51.47356617490721, 0.0145966537147147 51.47803794002718, 0.00912979435815 51.481323376071494))",0,True,True,True,0
88195da4a5fffff,304,304,8,0,51.52788303022888,-0.2077960107891215,531.415,"POLYGON ((-0.2065768959954868 51.53235891047836, -0.2132909083180519 51.53116096099235, -0.2145095415067159 51.526684828534414, -0.2090149472708635 51.52340691200183, -0.2023020021876269 51.524604901145395, -0.2010825842124488 51.529080767148685, -0.2065768959954868 51.53235891047836))",0,True,True,True,4
88195da6e1fffff,305,305,8,0,51.584562335212944,-0.1284191210844313,531.415,"POLYGON ((-0.1271934014116358 51.58903330849863, -0.1339111782863993 51.58784253098369, -0.1351364162129409 51.583371305083126, -0.1296446614346492 51.58009112340621, -0.1229279543899198 51.58128194147675, -0.1217019324054608 51.58575290065334, -0.1271934014116358 51.58903330849863))",0,True,True,True,4
88194ad057fffff,306,306,8,0,51.45420804538008,-0.0238230098398686,531.415,"POLYGON ((-0.0225930060041114 51.458681787288036, -0.029291611997345 51.457492369659825, -0.0305211373580901 51.45301837496944, -0.0250528343133846 51.449734066132756, -0.018355293873862 51.450923526432355, -0.0171249910367978 51.45539725288228, -0.0225930060041114 51.458681787288036))",0,True,True,True,2
88194ad1edfffff,307,307,8,0,51.44407307386261,-0.1285611101198273,531.415,"POLYGON ((-0.1273384109317498 51.44855038255844, -0.1340396913051884 51.447354057680016, -0.1352619111093051 51.44287649662158, -0.1297836308663093 51.4395955279482, -0.123083415073046 51.44079189401762, -0.1218604150538097 51.4452691875543, -0.1273384109317498 51.44855038255844))",0,True,True,True,4
88194ad039fffff,308,308,8,0,51.44497159575954,-0.0518440809259139,531.415,"POLYGON ((-0.0506161703992142 51.44944658591914, -0.0573147309734754 51.44825506350722, -0.0585421628904948 51.44377982068897, -0.0530718123771213 51.440496368353585, -0.0463743168550024 51.44168793307023, -0.0451461069054515 51.44616290780254, -0.0506161703992142 51.44944658591914))",0,True,True,True,2
88194ad1e9fffff,309,309,8,0,51.44198779660201,-0.1163833053352653,531.415,"POLYGON ((-0.1151598260920712 51.446464837733025, -0.1218604150538097 51.4452691875543, -0.123083415073046 51.44079189401762, -0.117606606049971 51.43751051826879, -0.1109070816611548 51.4387062098253, -0.1096833018336885 51.44318323573779, -0.1151598260920712 51.446464837733025))",0,True,True,True,0
88194adac9fffff,310,310,8,0,51.45808029771017,-0.169370438122456,531.415,"POLYGON ((-0.1681502050551993 51.46255818608294, -0.1748546217302413 51.4613598761723, -0.1760743747602198 51.45688173556875, -0.1705904929961528 51.453602171998696, -0.1638871411846876 51.454800522442646, -0.162666606384923 51.45927839590817, -0.1681502050551993 51.46255818608294))",0,True,True,True,14
88194ada4dfffff,311,311,8,0,51.514453961782266,-0.211452285450671,531.415,"POLYGON ((-0.2102337054787052 51.51893055583903, -0.2169462731753284 51.517731849765894, -0.2181643717312506 51.513255003538916, -0.2126706872247508 51.50997712987338, -0.2059591862440921 51.51117587561175, -0.2047403031654327 51.515652455335136, -0.2102337054787052 51.51893055583903))",0,True,True,True,14
88194ad035fffff,312,312,8,0,51.44139488131849,-0.0719386499301773,531.415,"POLYGON ((-0.0707121753798186 51.445870629370646, -0.0774110588508328 51.44467771757279, -0.0786370546442649 51.44020171694541, -0.073164945591736 51.43691889605838, -0.0664671269259229 51.438111849884294, -0.0652403526187359 51.44258758255416, -0.0707121753798186 51.445870629370646))",0,True,True,True,0
88194ada1bfffff,313,313,8,0,51.46791844218505,-0.1858256494141196,531.415,"POLYGON ((-0.1846063223600129 51.47239637501353, -0.1913124937192865 51.47119742948794, -0.1925313404024583 51.466719244474376, -0.1870447983488853 51.463440271930445, -0.1803396921226141 51.46463925770522, -0.1791200629281443 51.469117175759465, -0.1846063223600129 51.47239637501353))",0,True,True,True,7
88195da5dbfffff,315,315,8,0,51.5413099568776,-0.2041381313204114,531.415,"POLYGON ((-0.2029184813628689 51.54578512294379, -0.2096339388783573 51.544587930159516, -0.2108531070418969 51.54011251184667, -0.2053576028519322 51.53683455270851, -0.1986432130994792 51.53803178514254, -0.1974232598855914 51.5425069370496, -0.2029184813628689 51.54578512294379))",0,True,True,True,8
88194ad133fffff,316,316,8,0,51.44615726918798,-0.1407410774700053,531.415,"POLYGON ((-0.1395191587439313 51.45063484534612, -0.1462211300632049 51.44943784552358, -0.1474425692454042 51.444960017045915, -0.1419628178414887 51.44167945579488, -0.1352619111093051 51.44287649662158, -0.1340396913051884 51.447354057680016, -0.1395191587439313 51.45063484534612))",0,True,True,True,1
88194ad1c5fffff,317,317,8,0,51.43990143799756,-0.1042076636404023,531.415,"POLYGON ((-0.1029834047490142 51.44437821146135, -0.1096833018336885 51.44318323573779, -0.1109070816611548 51.4387062098253, -0.1054317439165107 51.43542442734789, -0.0987329113971981 51.436619444636044, -0.0975083521683761 51.44109620282196, -0.1029834047490142 51.44437821146135))",0,True,True,True,6
88195da45bfffff,318,318,8,0,51.580987850608416,-0.1485713250898881,531.415,"POLYGON ((-0.1473470508031214 51.58545958165518, -0.1540651460806889 51.58426740976824, -0.1552889384740404 51.579795426190266, -0.1497954202428698 51.57651588107849, -0.14307839454323 51.577708093243764, -0.141853817608801 51.58217981022717, -0.1473470508031214 51.58545958165518))",0,True,True,True,1
88194e6931fffff,319,319,8,0,51.587509477547705,-0.0637125836067187,531.415,"POLYGON ((-0.0624824090422692 51.591978400407186, -0.0691981502920394 51.59079176263554, -0.0704278437285844 51.58632258690841, -0.0649425782970485 51.58304031612433, -0.0582279073618423 51.58422699538089, -0.0569974316557775 51.58869590392148, -0.0624824090422692 51.591978400407186))",0,True,True,True,7
88194e693bfffff,320,320,8,0,51.58541321043661,-0.0515133447299506,531.415,"POLYGON ((-0.0502823880576141 51.58988186606671, -0.0569974316557775 51.58869590392148, -0.0582279073618423 51.58422699538089, -0.0527441214411267 51.580944316259036, -0.0460301481484211 51.582130320076494, -0.0447988905831485 51.58659896132846, -0.0502823880576141 51.58988186606671))",0,True,True,True,1
88194ad01dfffff,321,321,8,0,51.44854414295243,-0.0317504834187575,531.415,"POLYGON ((-0.0305211373580901 51.45301837496944, -0.0372193734110353 51.45182824161353, -0.0384482410095934 51.44735375685458, -0.0329796502174246 51.444069673650716, -0.0262824794627502 51.44525984958796, -0.0250528343133846 51.449734066132756, -0.0305211373580901 51.45301837496944))",0,True,True,True,0
88194ad137fffff,322,322,8,0,51.44824038198672,-0.1529232068608109,531.415,"POLYGON ((-0.1517020690036068 51.45271822550466, -0.1584047308023641 51.45152055049356, -0.1596253889558694 51.447042454699286, -0.154144166450511 51.44376230121755, -0.1474425692454042 51.444960017045915, -0.1462211300632049 51.44943784552358, -0.1517020690036068 51.45271822550466))",0,True,True,True,11
88194ad1c1fffff,323,323,8,0,51.4378139986407,-0.0920341855583245,531.415,"POLYGON ((-0.0908091474256851 51.44229050433497, -0.0975083521683761 51.44109620282196, -0.0987329113971981 51.436619444636044, -0.09325904498902 51.433337255776884, -0.0865609048037718 51.4345315990412, -0.0853355665804932 51.4390080893983, -0.0908091474256851 51.44229050433497))",0,True,True,True,2
88194ada09fffff,324,324,8,0,51.49326717890607,-0.2108329367102372,531.415,"POLYGON ((-0.20961476629503 51.49774470967059, -0.2163248237394346 51.49654520745232, -0.2175425131016657 51.492067424553426, -0.2120509290544875 51.48878941048595, -0.2053419375392968 51.48998895247449, -0.2041234642534316 51.494466468744925, -0.20961476629503 51.49774470967059))",0,True,True,True,16
88194ada0bfffff,325,325,8,0,51.48551119857755,-0.2065602327292955,531.415,"POLYGON ((-0.2053419375392968 51.48998895247449, -0.2120509290544875 51.48878941048595, -0.2132687433657097 51.484311404452136, -0.2077783498613771 51.48103320709604, -0.2010704240117176 51.48223278895217, -0.199851826112148 51.486710528281534, -0.2053419375392968 51.48998895247449))",0,True,True,True,10
88195da59bfffff,326,326,8,0,51.52220845811166,-0.2157279964464784,531.415,"POLYGON ((-0.2145095415067159 51.526684828534414, -0.2212231761833129 51.52548616202899, -0.2224411495325826 51.521009539438616, -0.2169462731753284 51.517731849765894, -0.2102337054787052 51.51893055583903, -0.2090149472708635 51.52340691200183, -0.2145095415067159 51.526684828534414))",0,True,True,True,10
88195da415fffff,327,327,8,0,51.5660743777261,-0.1846036396397807,531.415,"POLYGON ((-0.183382132908819 51.57054784794803, -0.1900997910002979 51.56935284660531, -0.1913208157194784 51.5648791240172, -0.1858249676282636 51.561600669167454, -0.1791083783429232 51.56279571033162, -0.1778865684544588 51.567269166508765, -0.183382132908819 51.57054784794803))",0,True,True,True,1
88195da5d3fffff,328,328,8,0,51.53563685544369,-0.212072096842453,531.415,"POLYGON ((-0.2108531070418969 51.54011251184667, -0.2175681868680137 51.53891460192059, -0.2187866948890424 51.53443869331176, -0.2132909083180519 51.53116096099235, -0.2065768959954868 51.53235891047836, -0.2053576028519322 51.53683455270851, -0.2108531070418969 51.54011251184667))",0,True,True,True,12
88195da43bfffff,329,329,8,0,51.56040516310509,-0.1925416617591885,531.415,"POLYGON ((-0.1913208157194784 51.5648791240172, -0.1980380965113409 51.56368340534567, -0.199258460553594 51.55920919210805, -0.1937623291575788 51.55593096391057, -0.1870461169123653 51.557126722313754, -0.1858249676282636 51.561600669167454, -0.1913208157194784 51.5648791240172))",0,True,True,True,0
88194ada47fffff,330,330,8,0,51.50102275266653,-0.2151069563311755,531.415,"POLYGON ((-0.2138889108389301 51.50550006015417, -0.2206000344762725 51.50430059760876, -0.2218175987412864 51.49982303798925, -0.2163248237394346 51.49654520745232, -0.20961476629503 51.49774470967059, -0.2083964177709122 51.50222200273762, -0.2138889108389301 51.50550006015417))",0,True,True,True,14
89194ada1d7ffff,331,331-5,9,1,51.47797184742144,-0.19767196979073282,200.821,"POLYGON ((-0.1981078845095211 51.47971962805328, -0.2001983813526074 51.47873725172809, -0.1997624024350268 51.476989449774955, -0.1972360833393278 51.476224044565996, -0.1951456805343196 51.477206400201, -0.1955815027872836 51.47895418173376, -0.1981078845095211 51.47971962805328))",0,True,True,,0
89194ada1cfffff,331,331-3,9,1,51.47502446448139,-0.20394316462712625,200.821,"POLYGON ((-0.2043792719323672 51.476772309071556, -0.2064696656595873 51.47578974274119, -0.2060334941655461 51.474041876835344, -0.2035070856003254 51.473276597668985, -0.2014167858770574 51.47425914329948, -0.2018528007153866 51.47600698879481, -0.2043792719323672 51.476772309071556))",0,True,True,,7
89194ada1dbffff,331,331-6,9,1,51.48026793157228,-0.20525157138887157,200.821,"POLYGON ((-0.2056877635455463 51.482015709476606, -0.2077783498613771 51.48103320709604, -0.2073420935047995 51.47928540787468, -0.2048154075187019 51.47852013143621, -0.2027249152189675 51.479502613113986, -0.2031610148896036 51.481250391931596, -0.2056877635455463 51.482015709476606))",0,True,True,,1
89194ada1c7ffff,331,331-1,9,1,51.47524162559864,-0.19932645178849484,200.821,"POLYGON ((-0.1997624024350268 51.476989449774955, -0.2018528007153866 51.47600698879481, -0.2014167858770574 51.47425914329948, -0.1988905294102865 51.47349377920226, -0.1968002251525713 51.47447621949, -0.1972360833393278 51.476224044565996, -0.1997624024350268 51.476989449774955))",0,True,True,,2
89194ada1c3ffff,331,331-0,9,1,51.47775481206735,-0.20228884382846524,200.821,"POLYGON ((-0.2027249152189675 51.479502613113986, -0.2048154075187019 51.47852013143621, -0.2043792719323672 51.476772309071556, -0.2018528007153866 51.47600698879481, -0.1997624024350268 51.476989449774955, -0.2001983813526074 51.47873725172809, -0.2027249152189675 51.479502613113986))",0,True,True,,2
88194ada1dfffff,331,331,8,0,51.47775481206735,-0.2022888438284601,531.415,"POLYGON ((-0.2010704240117176 51.48223278895217, -0.2077783498613771 51.48103320709604, -0.2089962889734612 51.47655497807185, -0.2035070856003355 51.47327659766896, -0.1968002251525713 51.47447621949, -0.1955815027872938 51.478954181733755, -0.2010704240117176 51.48223278895217))",7,True,True,True,21
89194ada1d3ffff,331,331-4,9,1,51.48048503145487,-0.20063438854392582,200.821,"POLYGON ((-0.2010704240117075 51.48223278895219, -0.2031610148896036 51.481250391931596, -0.2027249152189675 51.479502613113986, -0.2001983813526074 51.47873725172809, -0.1981078845095211 51.47971962805328, -0.1985438274983406 51.481467386458334, -0.2010704240117075 51.48223278895219))",0,True,True,,9
89194ada1cbffff,331,331-2,9,1,51.477537586421995,-0.2069058654384382,200.821,"POLYGON ((-0.2073420935047995 51.47928540787468, -0.2094325812326869 51.47830282083926, -0.2089962889734459 51.47655497807187, -0.2064696656595873 51.47578974274119, -0.2043792719323672 51.476772309071556, -0.2048154075187019 51.47852013143621, -0.2073420935047995 51.47928540787468))",0,True,True,,0
88194adacdfffff,332,332,8,0,51.46016110225395,-0.181559143172963,531.415,"POLYGON ((-0.1803396921226141 51.46463925770522, -0.1870447983488853 51.463440271930445, -0.1882637692022197 51.458961864291666, -0.1827784161171157 51.45568270944765, -0.1760743747602198 51.45688173556875, -0.1748546217302413 51.4613598761723, -0.1803396921226141 51.46463925770522))",0,True,True,True,10
88195da41dfffff,333,333,8,0,51.57174238433652,-0.1766645797604926,531.415,"POLYGON ((-0.175442412222878 51.576215363773265, -0.1821604473972301 51.57502107979159, -0.183382132908819 51.57054784794803, -0.1778865684544588 51.567269166508765, -0.1711696023457007 51.56846349040168, -0.1699471317375472 51.572936455807294, -0.175442412222878 51.576215363773265))",0,True,True,True,0
88194ad031fffff,334,334,8,0,51.43930434063716,-0.0597694157942427,531.415,"POLYGON ((-0.0585421628904948 51.44377982068897, -0.0652403526187359 51.44258758255416, -0.0664671269259229 51.438111849884294, -0.0609964897227483 51.43482862339374, -0.0542993647908839 51.43602090374326, -0.0530718123771213 51.440496368353585, -0.0585421628904948 51.44377982068897))",0,True,True,True,4
88195da433fffff,335,335,8,0,51.55473474060073,-0.2004786460175331,531.415,"POLYGON ((-0.199258460553594 51.55920919210805, -0.2059753638292461 51.55801275614, -0.2071950673100961 51.55353805234791, -0.2016986529412554 51.55026005086542, -0.194982817952714 51.55145652647535, -0.1937623291575788 51.55593096391057, -0.199258460553594 51.55920919210805))",0,True,True,True,4
88194adacbfffff,336,336,8,0,51.45032241166759,-0.1651074977662228,531.415,"POLYGON ((-0.1638871411846876 51.454800522442646, -0.1705904929961528 51.453602171998696, -0.1718103697142086 51.44912380899049, -0.166327676167437 51.44584406362495, -0.1596253889558694 51.447042454699286, -0.1584047308023641 51.45152055049356, -0.1638871411846876 51.454800522442646))",0,True,True,True,3
88194ad015fffff,337,337,8,0,51.4428790348237,-0.0396769294083022,531.415,"POLYGON ((-0.0384482410095934 51.44735375685458, -0.0451461069054515 51.44616290780254, -0.0463743168550024 51.44168793307023, -0.0409054386452267 51.438404075562836, -0.0342086377921596 51.43959496710627, -0.0329796502174246 51.444069673650716, -0.0384482410095934 51.44735375685458))",0,True,True,True,3
88194ad2e5fffff,338,338,8,0,51.46343482880745,0.0042003285195738,531.415,"POLYGON ((0.0054324254105749 51.46790732187643, -0.0012662227816711 51.466720008677854, -0.0024978413330935 51.46224726270293, 0.0029684112773658 51.45896209830622, 0.0096659934157878 51.46014945454285, 0.010898388886025 51.4646219321232, 0.0054324254105749 51.46790732187643))",0,True,True,True,8
88195da457fffff,339,339,8,0,51.57740918280924,-0.1687244822227454,531.415,"POLYGON ((-0.1675016537631106 51.58188167136591, -0.1742200658034593 51.58068810477737, -0.175442412222878 51.576215363773265, -0.1699471317375472 51.572936455807294, -0.1632297890221735 51.57413006239687, -0.1620066575790481 51.578602536936074, -0.1675016537631106 51.58188167136591))",0,True,True,True,0
88194ad1cbfffff,340,340,8,0,51.43572547912288,-0.0798628716111674,531.415,"POLYGON ((-0.0786370546442649 51.44020171694541, -0.0853355665804932 51.4390080893983, -0.0865609048037718 51.4345315990412, -0.0810885097895332 51.431249004147176, -0.074391062402496 51.432442673632266, -0.073164945591736 51.43691889605838, -0.0786370546442649 51.44020171694541))",0,True,True,True,0
88194ad05bfffff,341,341,8,0,51.45777427930852,-0.0037292802977776,531.415,"POLYGON ((-0.0024978413330935 51.46224726270293, -0.0091961204915409 51.46105923377277, -0.010427081129307 51.45658599751281, -0.0049605397138955 51.453301058536475, 0.0017366736458468 51.45448913041465, 0.0029684112773658 51.45896209830622, -0.0024978413330935 51.46224726270293))",0,True,True,True,3
89194ada44fffff,342,342-3,9,1,51.506048104664096,-0.22103693660061902,200.821,"POLYGON ((-0.2214738670722076 51.507795589436135, -0.2235654075299105 51.50681319602996, -0.2231284128090368 51.505065689940885, -0.2206000344762623 51.504300597608754, -0.2185085880578081 51.505282970282515, -0.2189454259332355 51.50703045601941, -0.2214738670722076 51.507795589436135))",0,True,True,,4
89194ada45bffff,342,342-6,9,1,51.51129049211796,-0.22234781306802265,200.821,"POLYGON ((-0.2227848285976722 51.51303791002146, -0.2248765618253214 51.512055580568926, -0.2244394820353435 51.510308141347096, -0.2219108258937955 51.50954305192182, -0.2198191867175058 51.51052536063898, -0.2202561096317452 51.51227277951539, -0.2227848285976722 51.51303791002146))",0,True,True,,4
89194ada453ffff,342,342-4,9,1,51.51150760598409,-0.21772751308033236,200.821,"POLYGON ((-0.2181643717312353 51.51325500353894, -0.2202561096317452 51.51227277951539, -0.2198191867175058 51.51052536063898, -0.2172906827746938 51.509760186138855, -0.21519903894433 51.510742389434455, -0.2156358049869692 51.51248978795665, -0.2181643717312353 51.51325500353894))",0,True,True,,2
89194ada447ffff,342,342-1,9,1,51.50626527958978,-0.21641710718850446,200.821,"POLYGON ((-0.2168538808116496 51.50801274400639, -0.2189454259332355 51.50703045601941, -0.2185085880578081 51.505282970282515, -0.2159803619024814 51.50451779289218, -0.2138889108389199 51.50550006015416, -0.214325591873008 51.507247525530055, -0.2168538808116496 51.50801274400639))",0,True,True,,1
89194ada44bffff,342,342-2,9,1,51.50856067983309,-0.2240024306044575,200.821,"POLYGON ((-0.2244394820353435 51.510308141347096, -0.2265311165289798 51.50932572720334, -0.2260940008447694 51.507578244373285, -0.2235654075299105 51.50681319602996, -0.2214738670722076 51.507795589436135, -0.2219108258937955 51.50954305192182, -0.2244394820353435 51.510308141347096))",0,True,True,,7
89194ada443ffff,342,342-0,9,1,51.5087779194726,-0.2193822921522311,200.821,"POLYGON ((-0.2198191867175058 51.51052536063898, -0.2219108258937955 51.50954305192182, -0.2214738670722076 51.507795589436135, -0.2189454259332355 51.50703045601941, -0.2168538808116496 51.50801274400639, -0.2172906827746938 51.509760186138855, -0.2198191867175058 51.51052536063898))",0,True,True,,4
89194ada457ffff,342,342-5,9,1,51.508994968624535,-0.21476230124059006,200.821,"POLYGON ((-0.21519903894433 51.510742389434455, -0.2172906827746938 51.509760186138855, -0.2168538808116496 51.50801274400639, -0.214325591873008 51.507247525530055, -0.2122340421161196 51.508229708102874, -0.2126706872247457 51.50997712987338, -0.21519903894433 51.510742389434455))",0,True,True,,0
88194ada45fffff,342,342,8,0,51.5087779194726,-0.2193822921522362,531.415,"POLYGON ((-0.2181643717312506 51.513255003538916, -0.2248765618253214 51.512055580568926, -0.2260940008447847 51.50757824437327, -0.2206000344762725 51.50430059760876, -0.2138889108389301 51.50550006015417, -0.2126706872247508 51.50997712987338, -0.2181643717312506 51.513255003538916))",7,True,True,True,21
88194ad2edfffff,343,343,8,0,51.46909417225861,0.0121309640671444,531.415,"POLYGON ((0.0133637189973138 51.47356617490721, 0.0066647019885586 51.47237957747133, 0.0054324254105749 51.46790732187643, 0.010898388886025 51.4646219321232, 0.0175963395858979 51.465808572687145, 0.0188293930075901 51.47028055986134, 0.0133637189973138 51.47356617490721))",0,True,True,True,6
88194ada11fffff,344,344,8,0,51.46999801976183,-0.1980187694481422,531.415,"POLYGON ((-0.1968002251525713 51.47447621949, -0.2035070856003355 51.47327659766896, -0.2047251493652596 51.46879814579902, -0.1992371357118915 51.46551958259122, -0.1925313404024583 51.466719244474376, -0.1913124937192865 51.47119742948794, -0.1968002251525713 51.47447621949))",0,True,True,True,8
88194ad053fffff,345,345,8,0,51.452112523888,-0.0116578622805697,531.415,"POLYGON ((-0.010427081129307 51.45658599751281, -0.0171249910367978 51.45539725288228, -0.018355293873862 51.450923526432355, -0.0128884639834781 51.4476388129402, -0.0061916196195386 51.44882760042873, -0.0049605397138955 51.453301058536475, -0.010427081129307 51.45658599751281))",0,True,True,True,2
88195da5d9fffff,346,346,8,0,51.54906311034051,-0.2084145923137582,531.415,"POLYGON ((-0.2071950673100961 51.55353805234791, -0.2139115928530877 51.55234089911573, -0.2151306358880826 51.54786570486431, -0.2096339388783573 51.544587930159516, -0.2029184813628689 51.54578512294379, -0.2016986529412554 51.55026005086542, -0.2071950673100961 51.55353805234791))",0,True,True,True,0
88194ad1e1fffff,348,348,8,0,51.43631436329154,-0.1243062366261918,531.415,"POLYGON ((-0.123083415073046 51.44079189401762, -0.1297836308663093 51.4395955279482, -0.1310059732091257 51.43511774485723, -0.1255288797512076 51.43183659541807, -0.1188297282741416 51.43303300277531, -0.117606606049971 51.43751051826879, -0.123083415073046 51.44079189401762))",0,True,True,True,8
88195da451fffff,349,349,8,0,51.583074773017366,-0.1607833471280872,531.415,"POLYGON ((-0.1595598576311189 51.587546770599126, -0.1662786463204639 51.5863539214357, -0.1675016537631106 51.58188167136591, -0.1620066575790481 51.578602536936074, -0.1552889384740404 51.579795426190266, -0.1540651460806889 51.58426740976824, -0.1595598576311189 51.587546770599126))",0,True,True,True,1
88194ad1e5fffff,350,350,8,0,51.43839869835741,-0.1364839525342914,531.415,"POLYGON ((-0.1352619111093051 51.44287649662158, -0.1419628178414887 51.44167945579488, -0.1431843798962777 51.43720140520888, -0.1377058156180739 51.43392066292951, -0.1310059732091257 51.43511774485723, -0.1297836308663093 51.4395955279482, -0.1352619111093051 51.44287649662158))",0,True,True,True,0
88195da599fffff,351,351,8,0,51.5299625466673,-0.2200050246481291,531.415,"POLYGON ((-0.2187866948890424 51.53443869331176, -0.2255013968097047 51.53324006627647, -0.2267192448037577 51.52876366746696, -0.2212231761833129 51.52548616202899, -0.2145095415067159 51.526684828534414, -0.2132909083180519 51.53116096099235, -0.2187866948890424 51.53443869331176))",0,True,True,True,8
88194ad1ebfffff,352,352,8,0,51.43422894673977,-0.1121306829357028,531.415,"POLYGON ((-0.1109070816611548 51.4387062098253, -0.117606606049971 51.43751051826879, -0.1188297282741416 51.43303300277531, -0.1133541056953167 51.4297514465232, -0.1066556456153419 51.43094717955432, -0.1054317439165107 51.43542442734789, -0.1109070816611548 51.4387062098253))",0,True,True,True,0
88194adac1fffff,353,353,8,0,51.452403357639305,-0.1772939496592673,531.415,"POLYGON ((-0.1760743747602198 51.45688173556875, -0.1827784161171157 51.45568270944765, -0.1839975109929982 51.45120407932831, -0.1785133464653146 51.44792474242598, -0.1718103697142086 51.44912380899049, -0.1705904929961528 51.453602171998696, -0.1760743747602198 51.45688173556875))",0,True,True,True,3
88194ad019fffff,354,354,8,0,51.44644956267221,-0.0195854173246529,531.415,"POLYGON ((-0.018355293873862 51.450923526432355, -0.0250528343133846 51.449734066132756, -0.0262824794627502 51.44525984958796, -0.0208153614272817 51.44197536164374, -0.0141188862761163 51.44316486471132, -0.0128884639834781 51.4476388129402, -0.018355293873862 51.450923526432355))",0,True,True,True,6
88195da593fffff,355,355,8,0,51.51653267893797,-0.2236589447339233,531.415,"POLYGON ((-0.2224411495325826 51.521009539438616, -0.2291544063472392 51.519810155946494, -0.2303717199726344 51.51533304331909, -0.2248765618253214 51.512055580568926, -0.2181643717312506 51.513255003538916, -0.2169462731753284 51.517731849765894, -0.2224411495325826 51.521009539438616))",0,True,True,True,3
88194adad9fffff,356,356,8,0,51.44048195134614,-0.1486638301355249,531.415,"POLYGON ((-0.1474425692454042 51.444960017045915, -0.154144166450511 51.44376230121755, -0.1553649478106151 51.439283983239115, -0.1498849127714648 51.43600364846633, -0.1431843798962777 51.43720140520888, -0.1419628178414887 51.44167945579488, -0.1474425692454042 51.444960017045915))",0,True,True,True,11
88194ada13fffff,357,357,8,0,51.46224082204747,-0.1937500090289936,531.415,"POLYGON ((-0.1925313404024583 51.466719244474376, -0.1992371357118915 51.46551958259122, -0.2004553239817508 51.46104090802009, -0.1949684996368291 51.45776216224922, -0.1882637692022197 51.458961864291666, -0.1870447983488853 51.463440271930445, -0.1925313404024583 51.466719244474376))",0,True,True,True,14
88194ad03bfffff,358,358,8,0,51.43721272112074,-0.0476023477049228,531.415,"POLYGON ((-0.0463743168550024 51.44168793307023, -0.0530718123771213 51.440496368353585, -0.0542993647908839 51.43602090374326, -0.0488301994932652 51.432737271996025, -0.0421337687584176 51.433928879113985, -0.0409054386452267 51.438404075562836, -0.0463743168550024 51.44168793307023))",0,True,True,True,4
88194ad037fffff,359,359,8,0,51.4336358800356,-0.067693722320081,531.415,"POLYGON ((-0.0664671269259229 51.438111849884294, -0.073164945591736 51.43691889605838, -0.074391062402496 51.432442673632266, -0.0689201388392215 51.42915967305013, -0.0622233847140259 51.430352669000705, -0.0609964897227483 51.43482862339374, -0.0664671269259229 51.438111849884294))",0,True,True,True,1
88194ad1c7fffff,360,360,8,0,51.432142449293416,-0.0999572919863861,531.415,"POLYGON ((-0.0987329113971981 51.436619444636044, -0.1054317439165107 51.43542442734789, -0.1066556456153419 51.43094717955432, -0.1011814939739017 51.427665216836104, -0.0944837257557215 51.42886027578555, -0.09325904498902 51.433337255776884, -0.0987329113971981 51.436619444636044))",0,True,True,True,7
88195da5d1fffff,361,361,8,0,51.54339027245205,-0.2163495005470462,531.415,"POLYGON ((-0.2151306358880826 51.54786570486431, -0.2218467834821025 51.5466678344005, -0.223065166186885 51.54219214978498, -0.2175681868680137 51.53891460192059, -0.2108531070418969 51.54011251184667, -0.2096339388783573 51.544587930159516, -0.2151306358880826 51.54786570486431))",0,True,True,True,0
88194ada01fffff,362,362,8,0,51.48758940401171,-0.2187600244558492,531.415,"POLYGON ((-0.2175425131016657 51.492067424553426, -0.2242521932461453 51.49086720565081, -0.2254692235618298 51.48638893301566, -0.2199773578398798 51.48311114586914, -0.2132687433657097 51.484311404452136, -0.2120509290544875 51.48878941048595, -0.2175425131016657 51.492067424553426))",0,True,True,True,10
88194ada03fffff,363,363,8,0,51.47983316084655,-0.2144863796818594,531.415,"POLYGON ((-0.2132687433657097 51.484311404452136, -0.2199773578398798 51.48311114586914, -0.2211945132916838 51.478632650167604, -0.2157038380408426 51.475354679711124, -0.2089962889734612 51.47655497807185, -0.2077783498613771 51.48103320709604, -0.2132687433657097 51.484311404452136))",0,True,True,True,3
88194ada0dfffff,364,364,8,0,51.49534524065597,-0.2230349849852675,531.415,"POLYGON ((-0.2218175987412864 51.49982303798925, -0.2285283448196017 51.49862285866964, -0.229745249850885 51.49414480924542, -0.2242521932461453 51.49086720565081, -0.2175425131016657 51.492067424553426, -0.2163248237394346 51.49654520745232, -0.2218175987412864 51.49982303798925))",7,True,True,True,22
89194ada0c3ffff,364,364-0,9,1,51.495345240655965,-0.22303498498526236,200.821,"POLYGON ((-0.2234719022059299 51.497092879440835, -0.2255630525488924 51.49611025273451, -0.2251260711040797 51.494362592638545, -0.2225980961056859 51.493597579604405, -0.2205070397589788 51.49458018557677, -0.2209438644147593 51.49632782531581, -0.2234719022059299 51.497092879440835))",0,True,True,,2
89194ada0cbffff,364,364-2,9,1,51.4951275626692,-0.2276541684320986,200.821,"POLYGON ((-0.228091242448909 51.49687522180551, -0.2301823880888179 51.49589248968955, -0.229745249850885 51.49414480924542, -0.2272171227665107 51.49337988126395, -0.2251260711040797 51.494362592638545, -0.2255630525488924 51.49611025273451, -0.228091242448909 51.49687522180551))",0,True,True,,1
89194ada0c7ffff,364,364-1,9,1,51.49283252357373,-0.22007024343789694,200.821,"POLYGON ((-0.2205070397589788 51.49458018557677, -0.2225980961056859 51.493597579604405, -0.2221612355645208 51.49184989628921, -0.2196334754488193 51.491084839309785, -0.2175425131016708 51.492067424553426, -0.2179792168709998 51.493815087503826, -0.2205070397589788 51.49458018557677))",0,True,True,,2
89194ada0d3ffff,364,364-4,9,1,51.4980754427877,-0.22138071740796866,200.821,"POLYGON ((-0.2218175987412864 51.49982303798925, -0.2239088477704244 51.49884049595585, -0.2234719022059299 51.497092879440835, -0.2209438644147593 51.49632782531581, -0.2188527093973127 51.497310346617546, -0.2192894981596953 51.49905794277458, -0.2218175987412864 51.49982303798925))",0,True,True,,4
89194ada0d7ffff,364,364-5,9,1,51.495562728192894,-0.21841594896864558,200.821,"POLYGON ((-0.2188527093973127 51.497310346617546, -0.2209438644147593 51.49632782531581, -0.2205070397589788 51.49458018557677, -0.2179792168709998 51.493815087503826, -0.2158881558685514 51.49479758807905, -0.2163248237394193 51.496545207452336, -0.2188527093973127 51.497310346617546))",0,True,True,,1
89194ada0dbffff,364,364-6,9,1,51.497857890561086,-0.22600006234121442,200.821,"POLYGON ((-0.2264371004837211 51.499605506115095, -0.2285283448196017 51.49862285866964, -0.228091242448909 51.49687522180551, -0.2255630525488924 51.49611025273451, -0.2234719022059299 51.497092879440835, -0.2239088477704244 51.49884049595585, -0.2264371004837211 51.499605506115095))",0,True,True,,1
89194ada0cfffff,364,364-3,9,1,51.49261491027623,-0.2246891180040453,200.821,"POLYGON ((-0.2251260711040797 51.494362592638545, -0.2272171227665107 51.49337988126395, -0.226780105449383 51.49163217759283, -0.2242521932461453 51.49086720565081, -0.2221612355645208 51.49184989628921, -0.2225980961056859 51.493597579604405, -0.2251260711040797 51.494362592638545))",0,True,True,,8
88194adaddfffff,365,365,8,0,51.44256412166656,-0.160845868904419,531.415,"POLYGON ((-0.1596253889558694 51.447042454699286, -0.166327676167437 51.44584406362495, -0.1675476764262402 51.44136547835678, -0.1620661706859226 51.438085551437496, -0.1553649478106151 51.439283983239115, -0.154144166450511 51.44376230121755, -0.1596253889558694 51.447042454699286))",0,True,True,True,7
88194ad011fffff,366,366,8,0,51.44078539578764,-0.0275119453260631,531.415,"POLYGON ((-0.0262824794627502 51.44525984958796, -0.0329796502174246 51.444069673650716, -0.0342086377921596 51.43959496710627, -0.0287412319413965 51.43631070477373, -0.022045126219825 51.43750092338894, -0.0208153614272817 51.44197536164374, -0.0262824794627502 51.44525984958796))",0,True,True,True,4
88195da439fffff,367,367,8,0,51.56815738027193,-0.1968175538526987,531.415,"POLYGON ((-0.195596832539573 51.57263111684517, -0.2023151821429699 51.57143543780751, -0.2035354212837897 51.56696144891147, -0.1980380965113409 51.56368340534567, -0.1913208157194784 51.5648791240172, -0.1900997910002979 51.56935284660531, -0.195596832539573 51.57263111684517))",0,True,True,True,5
88194ad1c3fffff,368,368,8,0,51.43005487154375,-0.0877860643007766,531.415,"POLYGON ((-0.0865609048037718 51.4345315990412, -0.09325904498902 51.433337255776884, -0.0944837257557215 51.42886027578555, -0.0890110451094932 51.42557790694796, -0.0823139692173663 51.426772292060285, -0.0810885097895332 51.431249004147176, -0.0865609048037718 51.4345315990412))",0,True,True,True,2
88195da403fffff,369,369,8,0,51.57382633082771,-0.1888785875635434,531.415,"POLYGON ((-0.1876572053710976 51.578299576642756, -0.1943759325337781 51.577104615023735, -0.195596832539573 51.57263111684517, -0.1900997910002979 51.56935284660531, -0.183382132908819 51.57054784794803, -0.1821604473972301 51.57502107979159, -0.1876572053710976 51.578299576642756))",0,True,True,True,2
88194ada15fffff,370,370,8,0,51.47207651154695,-0.2102140501034737,531.415,"POLYGON ((-0.2089962889734612 51.47655497807185, -0.2157038380408426 51.475354679711124, -0.2169211184805713 51.47087596108782, -0.2114316332893114 51.4675978075633, -0.2047251493652596 51.46879814579902, -0.2035070856003355 51.47327659766896, -0.2089962889734612 51.47655497807185))",0,True,True,True,10
88194ada6bfffff,371,371,8,0,51.5031006703929,-0.2273112618302097,531.415,"POLYGON ((-0.2260940008447847 51.50757824437327, -0.2328058131205592 51.50637810453922, -0.2340225927190165 51.50190027847043, -0.2285283448196017 51.49862285866964, -0.2218175987412864 51.49982303798925, -0.2206000344762725 51.50430059760876, -0.2260940008447847 51.50757824437327))",0,True,True,True,15
88195da431fffff,372,372,8,0,51.56248722167507,-0.2047554818331711,531.415,"POLYGON ((-0.2035354212837897 51.56696144891147, -0.2102533931112805 51.56576505248752, -0.2114729715027703 51.561290572969014, -0.2059753638292461 51.55801275614, -0.199258460553594 51.55920919210805, -0.1980380965113409 51.56368340534567, -0.2035354212837897 51.56696144891147))",0,True,True,True,0
88195da591fffff,373,373,8,0,51.524287030676376,-0.2279369146369509,531.415,"POLYGON ((-0.2267192448037577 51.52876366746696, -0.2334335686029396 51.52756432335516, -0.2346507566856775 51.523087434440384, -0.2291544063472392 51.519810155946494, -0.2224411495325826 51.521009539438616, -0.2212231761833129 51.52548616202899, -0.2267192448037577 51.52876366746696))",0,True,True,True,1
88194adac5fffff,374,374,8,0,51.45448321931068,-0.1894825620120286,531.415,"POLYGON ((-0.1882637692022197 51.458961864291666, -0.1949684996368291 51.45776216224922, -0.1961868122638365 51.45328326512161, -0.1907011768162445 51.45000433702947, -0.1839975109929982 51.45120407932831, -0.1827784161171157 51.45568270944765, -0.1882637692022197 51.458961864291666))",0,True,True,True,15
88195da40bfffff,375,375,8,0,51.57949407321515,-0.1809385830668877,531.415,"POLYGON ((-0.1797165398796308 51.58396682817712, -0.1864356443847978 51.58277258400888, -0.1876572053710976 51.578299576642756, -0.1821604473972301 51.57502107979159, -0.175442412222878 51.576215363773265, -0.1742200658034593 51.58068810477737, -0.1797165398796308 51.58396682817712))",0,True,True,True,0
88195da5d7fffff,376,376,8,0,51.537716227063065,-0.2242833706167312,531.415,"POLYGON ((-0.223065166186885 51.54219214978498, -0.2297809356157351 51.54099356212215, -0.2309986581059559 51.53651738723781, -0.2255013968097047 51.53324006627647, -0.2187866948890424 51.53443869331176, -0.2175681868680137 51.53891460192059, -0.223065166186885 51.54219214978498))",0,True,True,True,5
88194adac3fffff,377,377,8,0,51.44464520872753,-0.1730300683145487,531.415,"POLYGON ((-0.1718103697142086 51.44912380899049, -0.1785133464653146 51.44792474242598, -0.1797325652162476 51.44344588997079, -0.1742495888350693 51.440166371251884, -0.1675476764262402 51.44136547835678, -0.166327676167437 51.44584406362495, -0.1718103697142086 51.44912380899049))",0,True,True,True,1
88194ad033fffff,378,378,8,0,51.43154520197048,-0.0555267382052556,531.415,"POLYGON ((-0.0542993647908839 51.43602090374326, -0.0609964897227483 51.43482862339374, -0.0622233847140259 51.430352669000705, -0.0567539326582355 51.427069263077286, -0.0500578722580829 51.428261585738056, -0.0488301994932652 51.432737271996025, -0.0542993647908839 51.43602090374326))",0,True,True,True,2
88195da437fffff,379,379,8,0,51.55681585516454,-0.2126923714039912,531.415,"POLYGON ((-0.2114729715027703 51.561290572969014, -0.2181905653378305 51.560093459191165, -0.2194094830956334 51.5556184891453, -0.2139115928530877 51.55234089911573, -0.2071950673100961 51.55353805234791, -0.2059753638292461 51.55801275614, -0.2114729715027703 51.561290572969014))",0,True,True,True,8
88194ada17fffff,381,381,8,0,51.46431945649942,-0.2059430351611285,531.415,"POLYGON ((-0.2047251493652596 51.46879814579902, -0.2114316332893114 51.4675978075633, -0.2126490385689025 51.46311886616286, -0.2071607430258603 51.4598405298122, -0.2004553239817508 51.46104090802009, -0.1992371357118915 51.46551958259122, -0.2047251493652596 51.46879814579902))",0,True,True,True,4
88194ada69fffff,382,382,8,0,51.51085569283607,-0.231588855551078,531.415,"POLYGON ((-0.2303717199726344 51.51533304331909, -0.2370845987095838 51.514132942873076, -0.2383012527266778 51.509655340304185, -0.2328058131205592 51.50637810453922, -0.2260940008447847 51.50757824437327, -0.2248765618253214 51.512055580568926, -0.2303717199726344 51.51533304331909))",0,True,True,True,4
88194ad017fffff,383,383,8,0,51.43512002336098,-0.0354374461810221,531.415,"POLYGON ((-0.0342086377921596 51.43959496710627, -0.0409054386452267 51.438404075562836, -0.0421337687584176 51.433928879113985, -0.0366660754220676 51.43064484245687, -0.0299703393467937 51.43183577658819, -0.0287412319413965 51.43631070477373, -0.0342086377921596 51.43959496710627))",0,True,True,True,3
88194ad1ddfffff,384,384,8,0,51.42796621408216,-0.075617000400475,531.415,"POLYGON ((-0.074391062402496 51.432442673632266, -0.0810885097895332 51.431249004147176, -0.0823139692173663 51.426772292060285, -0.0768427596236668 51.423489517450115, -0.0701463765213668 51.42468322896985, -0.0689201388392215 51.42915967305013, -0.074391062402496 51.432442673632266))",0,True,True,True,0
88194ad1e7fffff,385,385,8,0,51.43063972463172,-0.1322281371862281,531.415,"POLYGON ((-0.1310059732091257 51.43511774485723, -0.1377058156180739 51.43392066292951, -0.1389275003985698 51.42944239037992, -0.1334501228355591 51.42616146731369, -0.1267513444860342 51.427358590439255, -0.1255288797512076 51.43183659541807, -0.1310059732091257 51.43511774485723))",0,True,True,True,10
88194ad1e3fffff,386,386,8,0,51.42855525016364,-0.1200526720457474,531.415,"POLYGON ((-0.1188297282741416 51.43303300277531, -0.1255288797512076 51.43183659541807, -0.1267513444860342 51.427358590439255, -0.1212754374026884 51.42407726047581, -0.1145773499779149 51.425273709217635, -0.1133541056953167 51.4297514465232, -0.1188297282741416 51.43303300277531))",0,True,True,True,0
88194ad2a5fffff,387,387,8,0,51.44435390502713,-0.0074225200528453,531.415,"POLYGON ((-0.0061916196195386 51.44882760042873, -0.0128884639834781 51.4476388129402, -0.0141188862761163 51.44316486471132, -0.00865324105193 51.43987997237364, -0.0019574619660973 51.4410688028167, -0.0007262629377753 51.44554248262799, -0.0061916196195386 51.44882760042873))",0,True,True,True,1
88195da5ddfffff,388,388,8,0,51.55114328086786,-0.2206282224643672,531.415,"POLYGON ((-0.2194094830956334 51.5556184891453, -0.2261266987218976 51.554420658046034, -0.227344955961736 51.54994519756802, -0.2218467834821025 51.5466678344005, -0.2151306358880826 51.54786570486431, -0.2139115928530877 51.55234089911573, -0.2194094830956334 51.5556184891453))",0,True,True,True,4
88194adadbfffff,389,389,8,0,51.43272311747203,-0.1444057636723307,531.415,"POLYGON ((-0.1431843798962777 51.43720140520888, -0.1498849127714648 51.43600364846633, -0.1511058171911276 51.43152510844852, -0.1456269692075463 51.42824459262634, -0.1389275003985698 51.42944239037992, -0.1377058156180739 51.43392066292951, -0.1431843798962777 51.43720140520888))",0,True,True,True,0
88194ad18dfffff,390,390,8,0,51.42646969465892,-0.1078793687748184,531.415,"POLYGON ((-0.1066556456153419 51.43094717955432, -0.1133541056953167 51.4297514465232, -0.1145773499779149 51.425273709217635, -0.109102913432874 51.42199197270371, -0.1024055173977077 51.42318774730613, -0.1011814939739017 51.427665216836104, -0.1066556456153419 51.43094717955432))",0,True,True,True,1
88195da59dfffff,391,391,8,0,51.532040974301545,-0.2322162024223711,531.415,"POLYGON ((-0.2309986581059559 51.53651738723781, -0.2377140491536078 51.535318082408644, -0.2389311115449918 51.530841417350835, -0.2334335686029396 51.52756432335516, -0.2267192448037577 51.52876366746696, -0.2255013968097047 51.53324006627647, -0.2309986581059559 51.53651738723781))",0,True,True,True,4
88194adac7fffff,392,392,8,0,51.44672521193791,-0.1852164278385068,531.415,"POLYGON ((-0.1839975109929982 51.45120407932831, -0.1907011768162445 51.45000433702947, -0.1919196136527295 51.445525217490115, -0.1864351666915243 51.442246107318525, -0.1797325652162476 51.44344588997079, -0.1785133464653146 51.44792474242598, -0.1839975109929982 51.45120407932831))",0,True,True,True,5
88194adad1fffff,393,393,8,0,51.4348054280935,-0.1565855509790681,531.415,"POLYGON ((-0.1553649478106151 51.439283983239115, -0.1620661706859226 51.438085551437496, -0.1632862943382807 51.433606744054075, -0.1578059759937244 51.4303266358227, -0.1511058171911276 51.43152510844852, -0.1498849127714648 51.43600364846633, -0.1553649478106151 51.439283983239115))",0,True,True,True,8
88194adae9fffff,394,394,8,0,51.45656199609049,-0.2016733342955971,531.415,"POLYGON ((-0.2004553239817508 51.46104090802009, -0.2071607430258603 51.4598405298122, -0.2083782729973383 51.45536136577932, -0.2028911666913646 51.45208284684434, -0.1961868122638365 51.45328326512161, -0.1949684996368291 51.45776216224922, -0.2004553239817508 51.46104090802009))",0,True,True,True,6
88195da597fffff,395,395,8,0,51.51861030759908,-0.2358677667085714,531.415,"POLYGON ((-0.2346507566856775 51.523087434440384, -0.2413647021475329 51.52188737328484, -0.2425812304346038 51.51740999436029, -0.2370845987095838 51.514132942873076, -0.2303717199726344 51.51533304331909, -0.2291544063472392 51.519810155946494, -0.2346507566856775 51.523087434440384))",0,True,True,True,0
88194ad01bfffff,396,396,8,0,51.43869067924331,-0.0153491291965795,531.415,"POLYGON ((-0.0141188862761163 51.44316486471132, -0.0208153614272817 51.44197536164374, -0.022045126219825 51.43750092338894, -0.0165791927829646 51.434216256578104, -0.0098837826548721 51.43540580251016, -0.00865324105193 51.43987997237364, -0.0141188862761163 51.44316486471132))",0,True,True,True,1
88194ada07fffff,397,397,8,0,51.48191042279244,-0.2266860759702581,531.415,"POLYGON ((-0.2254692235618298 51.48638893301566, -0.2321785261908298 51.485187997461615, -0.2333948975753004 51.480709235185884, -0.2279027505093528 51.47743167502309, -0.2211945132916838 51.478632650167604, -0.2199773578398798 51.48311114586914, -0.2254692235618298 51.48638893301566))",0,True,True,True,1
88194ada05fffff,398,398,8,0,51.48966652216211,-0.2309619769619854,531.415,"POLYGON ((-0.229745249850885 51.49414480924542, -0.2364556181545958 51.49294391318452, -0.2376718640675707 51.4884653740512, -0.2321785261908298 51.485187997461615, -0.2254692235618298 51.48638893301566, -0.2242521932461453 51.49086720565081, -0.229745249850885 51.49414480924542))",0,True,True,True,14
88194ad189fffff,399,399,8,0,51.42438305870873,-0.0957082278964209,531.415,"POLYGON ((-0.0944837257557215 51.42886027578555, -0.1011814939739017 51.427665216836104, -0.1024055173977077 51.42318774730613, -0.0969325514490756 51.419905604588436, -0.0902358472678975 51.42110070529588, -0.0890110451094932 51.42557790694796, -0.0944837257557215 51.42886027578555))",0,True,True,True,0
88194ad0edfffff,400,400,8,0,51.42945344551905,-0.0433619197859216,531.415,"POLYGON ((-0.0421337687584176 51.433928879113985, -0.0488301994932652 51.432737271996025, -0.0500578722580829 51.428261585738056, -0.0445898917657767 51.42497777482009, -0.0378945255533678 51.42616942443591, -0.0366660754220676 51.43064484245687, -0.0421337687584176 51.433928879113985))",0,True,True,True,2
88194ad1d9fffff,401,401,8,0,51.42587647750008,-0.0634501008061171,531.415,"POLYGON ((-0.0622233847140259 51.430352669000705, -0.0689201388392215 51.42915967305013, -0.0701463765213668 51.42468322896985, -0.0646766380369931 51.421400048933826, -0.0579809481878543 51.42259308710566, -0.0567539326582355 51.427069263077286, -0.0622233847140259 51.430352669000705))",0,True,True,True,1
88194ada39fffff,402,402,8,0,51.47415391694906,-0.2224114908491687,531.415,"POLYGON ((-0.2211945132916838 51.478632650167604, -0.2279027505093528 51.47743167502309, -0.2291192472169817 51.472952689749555, -0.2236282905502426 51.46967494625547, -0.2169211184805713 51.47087596108782, -0.2157038380408426 51.475354679711124, -0.2211945132916838 51.478632650167604))",0,True,True,True,1
88194ada63fffff,403,403,8,0,51.49742221467155,-0.235239194384385,531.415,"POLYGON ((-0.2340225927190165 51.50190027847043, -0.2407340269608892 51.500699421805216, -0.2419501472538986 51.49622110595888, -0.2364556181545958 51.49294391318452, -0.229745249850885 51.49414480924542, -0.2285283448196017 51.49862285866964, -0.2340225927190165 51.50190027847043))",0,True,True,True,9
88194adad5fffff,404,404,8,0,51.436886655905056,-0.1687674985805584,531.415,"POLYGON ((-0.1675476764262402 51.44136547835678, -0.1742495888350693 51.440166371251884, -0.1754689313136572 51.43568729660559, -0.1699871426682685 51.43240759631186, -0.1632862943382807 51.433606744054075, -0.1620661706859226 51.438085551437496, -0.1675476764262402 51.44136547835678))",0,True,True,True,3
88194ada3bfffff,405,405,8,0,51.46639700501859,-0.2181382210389434,531.415,"POLYGON ((-0.2169211184805713 51.47087596108782, -0.2236282905502426 51.46967494625547, -0.2248449124327949 51.465195738128784, -0.2193551457538685 51.46191781154543, -0.2126490385689025 51.46311886616286, -0.2114316332893114 51.4675978075633, -0.2169211184805713 51.47087596108782))",0,True,True,True,12
88194ada61fffff,406,406,8,0,51.50517749993428,-0.2395177287977978,531.415,"POLYGON ((-0.2383012527266778 51.509655340304185, -0.2450137531702151 51.50845452293719, -0.2462297476946404 51.50397643052238, -0.2407340269608892 51.500699421805216, -0.2340225927190165 51.50190027847043, -0.2328058131205592 51.50637810453922, -0.2383012527266778 51.509655340304185))",0,True,True,True,8
88194ad013fffff,407,407,8,0,51.4330262479497,-0.0232747117403451,531.415,"POLYGON ((-0.022045126219825 51.43750092338894, -0.0287412319413965 51.43631070477373, -0.0299703393467937 51.43183577658819, -0.0245041180269313 51.428551335368034, -0.0178090770733537 51.42974159675768, -0.0165791927829646 51.434216256578104, -0.022045126219825 51.43750092338894))",0,True,True,True,1
88194ad1d5fffff,408,408,8,0,51.42229534290428,-0.0835392499326209,531.415,"POLYGON ((-0.0823139692173663 51.426772292060285, -0.0890110451094932 51.42557790694796, -0.0902358472678975 51.42110070529588, -0.0847643519732986 51.417818156721175, -0.0780683401100249 51.419012583778084, -0.0768427596236668 51.423489517450115, -0.0823139692173663 51.426772292060285))",0,True,True,True,10
88195da435fffff,409,409,8,0,51.56456819096373,-0.21697146915291,531.415,"POLYGON ((-0.2157521945027782 51.56904268442131, -0.2224708568944982 51.56784560999999, -0.2236896492263436 51.56337086430374, -0.2181905653378305 51.560093459191165, -0.2114729715027703 51.561290572969014, -0.2102533931112805 51.56576505248752, -0.2157521945027782 51.56904268442131))",0,True,True,True,0
88194adaebfffff,410,410,8,0,51.44880413070669,-0.1974049469479188,531.415,"POLYGON ((-0.1961868122638365 51.45328326512161, -0.2028911666913646 51.45208284684434, -0.2041088212068916 51.447603460323755, -0.1986229037269654 51.44432475904639, -0.1919196136527295 51.445525217490115, -0.1907011768162445 51.45000433702947, -0.1961868122638365 51.45328326512161))",0,True,True,True,3
88195da595fffff,411,411,8,0,51.52636451429565,-0.2401479958636293,531.415,"POLYGON ((-0.2389311115449918 51.530841417350835, -0.2456461239955151 51.529641395388154, -0.2468625264038206 51.5251642402523, -0.2413647021475329 51.52188737328484, -0.2346507566856775 51.523087434440384, -0.2334335686029396 51.52756432335516, -0.2389311115449918 51.530841417350835))",0,True,True,True,2
88195da58bfffff,412,412,8,0,51.53979450942729,-0.2364968086514611,531.415,"POLYGON ((-0.2352793900006029 51.544270698364954, -0.2419958485607157 51.54307143272076, -0.2432127851119262 51.5385949916642, -0.2377140491536078 51.535318082408644, -0.2309986581059559 51.53651738723781, -0.2297809356157351 51.54099356212215, -0.2352793900006029 51.544270698364954))",0,True,True,True,1
88194ada89fffff,413,413,8,0,51.43896680031574,-0.1809516059499486,531.415,"POLYGON ((-0.1797325652162476 51.44344588997079, -0.1864351666915243 51.442246107318525, -0.1876537275899492 51.43776676551215, -0.1821704687043264 51.4344874735029, -0.1754689313136572 51.43568729660559, -0.1742495888350693 51.440166371251884, -0.1797325652162476 51.44344588997079))",0,True,True,True,5
88195da5cbfffff,414,414,8,0,51.5588958803052,-0.2249082631561186,531.415,"POLYGON ((-0.2236896492263436 51.56337086430374, -0.2304079331492811 51.56217307247124, -0.2316260647753439 51.557697836274805, -0.2261266987218976 51.554420658046034, -0.2194094830956334 51.5556184891453, -0.2181905653378305 51.560093459191165, -0.2236896492263436 51.56337086430374))",0,True,True,True,1
88194adaedfffff,415,415,8,0,51.45863968738762,-0.2138662659801051,531.415,"POLYGON ((-0.2126490385689025 51.46311886616286, -0.2193551457538685 51.46191781154543, -0.2205718926631906 51.45743838071029, -0.2150833155608245 51.45416027127958, -0.2083782729973383 51.45536136577932, -0.2071607430258603 51.4598405298122, -0.2126490385689025 51.46311886616286))",0,True,True,True,7
88194ad1a9fffff,416,416,8,0,51.42288034839713,-0.1279736308685831,531.415,"POLYGON ((-0.1267513444860342 51.427358590439255, -0.1334501228355591 51.42616146731369, -0.1346719301950113 51.421682972945234, -0.1291957389367778 51.41840186933375, -0.1224980243829317 51.41959903375387, -0.1212754374026884 51.42407726047581, -0.1267513444860342 51.427358590439255))",0,True,True,True,3
88194ad0e5fffff,417,417,8,0,51.42378566238888,-0.0512853660373491,531.415,"POLYGON ((-0.0500578722580829 51.428261585738056, -0.0567539326582355 51.427069263077286, -0.0579809481878543 51.42259308710566, -0.0525126808691248 51.41930950199047, -0.0458176847360015 51.42050186705908, -0.0445898917657767 51.42497777482009, -0.0500578722580829 51.428261585738056))",0,True,True,True,4
88194ada6dfffff,418,418,8,0,51.5129323775638,-0.2437975807628513,531.415,"POLYGON ((-0.2425812304346038 51.51740999436029, -0.2492947973433896 51.51620921619394, -0.2505106659505359 51.51173134735508, -0.2450137531702151 51.50845452293719, -0.2383012527266778 51.509655340304185, -0.2370845987095838 51.514132942873076, -0.2425812304346038 51.51740999436029))",0,True,True,True,3
88194ad1adfffff,419,419,8,0,51.42496388075065,-0.1401490069137028,531.415,"POLYGON ((-0.1389275003985698 51.42944239037992, -0.1456269692075463 51.42824459262634, -0.146847996539829 51.42376583071386, -0.1413703352013826 51.42048513408383, -0.1346719301950113 51.421682972945234, -0.1334501228355591 51.42616146731369, -0.1389275003985698 51.42944239037992))",0,True,True,True,1
88194ad185fffff,420,420,8,0,51.42079573486509,-0.1158004158214533,531.415,"POLYGON ((-0.1145773499779149 51.425273709217635, -0.1212754374026884 51.42407726047581, -0.1224980243829317 51.41959903375387, -0.1170233032638531 51.416317523507615, -0.1103262796275046 51.417514013730695, -0.109102913432874 51.42199197270371, -0.1145773499779149 51.425273709217635))",0,True,True,True,0
88194adad3fffff,421,421,8,0,51.42704633133472,-0.1523265434324233,531.415,"POLYGON ((-0.1511058171911276 51.43152510844852, -0.1578059759937244 51.4303266358227, -0.1590262228925312 51.42584760646879, -0.1535470915332634 51.42256731716698, -0.146847996539829 51.42376583071386, -0.1456269692075463 51.42824459262634, -0.1511058171911276 51.43152510844852))",0,True,True,True,0
88194ad0e9fffff,422,422,8,0,51.427360611273,-0.0311992675803354,531.415,"POLYGON ((-0.0299703393467937 51.43183577658819, -0.0366660754220676 51.43064484245687, -0.0378945255533678 51.42616942443591, -0.0324280166800626 51.422885208870156, -0.0257333451176382 51.42407618568588, -0.0245041180269313 51.428551335368034, -0.0299703393467937 51.43183577658819))",0,True,True,True,1
88194ad1d1fffff,423,423,8,0,51.42020654783682,-0.0713724354045049,531.415,"POLYGON ((-0.0701463765213668 51.42468322896985, -0.0768427596236668 51.423489517450115, -0.0780683401100249 51.419012583778084, -0.0725983155265893 51.41572962969302, -0.065902996444672 51.416923383344006, -0.0646766380369931 51.421400048933826, -0.0701463765213668 51.42468322896985))",0,True,True,True,5
88194ad181fffff,425,425,8,0,51.41871004074552,-0.103629362295763,531.415,"POLYGON ((-0.1024055173977077 51.42318774730613, -0.109102913432874 51.42199197270371, -0.1103262796275046 51.417514013730695, -0.1048530287059768 51.41423209719638, -0.0981566964516439 51.415427913466736, -0.0969325514490756 51.419905604588436, -0.1024055173977077 51.42318774730613))",0,True,True,True,0
88194ada2bfffff,426,426,8,0,51.48398659731354,-0.2388879321612075,531.415,"POLYGON ((-0.2376718640675707 51.4884653740512, -0.2443818543812382 51.48726376128205, -0.2455974412914062 51.48278473253534, -0.2401038224734407 51.47950758301345, -0.2333948975753004 51.480709235185884, -0.2321785261908298 51.485187997461615, -0.2376718640675707 51.4884653740512))",0,True,True,True,1
88194adad7fffff,427,427,8,0,51.42912769955836,-0.1645062398993745,531.415,"POLYGON ((-0.1632862943382807 51.433606744054075, -0.1699871426682685 51.43240759631186, -0.1712066087272631 51.42792829961921, -0.1657260074071019 51.424648417992366, -0.1590262228925312 51.42584760646879, -0.1578059759937244 51.4303266358227, -0.1632862943382807 51.433606744054075))",0,True,True,True,13
88194ada3dfffff,428,428,8,0,51.47623023537687,-0.2346110911533314,531.415,"POLYGON ((-0.2333948975753004 51.480709235185884, -0.2401038224734407 51.47950758301345, -0.2413195350421244 51.47502833119293, -0.2358271069628074 51.47175099807648, -0.2291192472169817 51.472952689749555, -0.2279027505093528 51.47743167502309, -0.2333948975753004 51.480709235185884))",0,True,True,True,3
88194ada8dfffff,429,429,8,0,51.44104586073458,-0.1931378725593879,531.415,"POLYGON ((-0.1919196136527295 51.445525217490115, -0.1986229037269654 51.44432475904639, -0.1998406826388259 51.439845150182855, -0.1943559535740896 51.436566266804945, -0.1876537275899492 51.43776676551215, -0.1864351666915243 51.442246107318525, -0.1919196136527295 51.445525217490115))",0,True,True,True,10
88194ada29fffff,430,430,8,0,51.4917425524372,-0.2431660897146968,531.415,"POLYGON ((-0.2419501472538986 51.49622110595888, -0.2486612032463672 51.49501953249557, -0.2498766643494787 51.49054072696736, -0.2443818543812382 51.48726376128205, -0.2376718640675707 51.4884653740512, -0.2364556181545958 51.49294391318452, -0.2419501472538986 51.49622110595888))",0,True,True,True,11
88195da583fffff,431,431,8,0,51.53411831253938,-0.2444295435775341,531.415,"POLYGON ((-0.2432127851119262 51.5385949916642, -0.2499288648149867 51.53739500879664, -0.2511451411956621 51.53291807759383, -0.2456461239955151 51.529641395388154, -0.2389311115449918 51.530841417350835, -0.2377140491536078 51.535318082408644, -0.2432127851119262 51.5385949916642))",0,True,True,True,7
88194adae1fffff,432,432,8,0,51.450881964442765,-0.209595625113447,531.415,"POLYGON ((-0.2083782729973383 51.45536136577932, -0.2150833155608245 51.45416027127958, -0.2163001873489314 51.44968061788076, -0.210812799412057 51.446402325844616, -0.2041088212068916 51.447603460323755, -0.2028911666913646 51.45208284684434, -0.2083782729973383 51.45536136577932))",0,True,True,True,0
88195da5bbfffff,433,433,8,0,51.52068684717361,-0.2480787508404745,531.415,"POLYGON ((-0.2468625264038206 51.5251642402523, -0.2535771600414496 51.523963501188966, -0.2547929025825194 51.51948585607056, -0.2492947973433896 51.51620921619394, -0.2425812304346038 51.51740999436029, -0.2413647021475329 51.52188737328484, -0.2468625264038206 51.5251642402523))",0,True,True,True,0
88194ada31fffff,434,434,8,0,51.4684734670138,-0.2303355661310649,531.415,"POLYGON ((-0.2291192472169817 51.472952689749555, -0.2358271069628074 51.47175099807648, -0.2370429450415885 51.46727152332675, -0.2315517072894674 51.46399400685782, -0.2248449124327949 51.465195738128784, -0.2236282905502426 51.46967494625547, -0.2291192472169817 51.472952689749555))",0,True,True,True,1
88194ad0cdfffff,435,435,8,0,51.4309313954787,-0.0111141448997679,531.415,"POLYGON ((-0.0098837826548721 51.43540580251016, -0.0165791927829646 51.434216256578104, -0.0178090770733537 51.42974159675768, -0.012344327824684 51.4264567513212, -0.0056499824544497 51.42764634021422, -0.004419321686342 51.43212073156787, -0.0098837826548721 51.43540580251016))",0,True,True,True,1
88194ada67fffff,436,436,8,0,51.4994981003612,-0.2474455643740536,531.415,"POLYGON ((-0.2462297476946404 51.50397643052238, -0.2529418696292708 51.50277489626739, -0.254157204776688 51.49829631410227, -0.2486612032463672 51.49501953249557, -0.2419501472538986 51.49622110595888, -0.2407340269608892 51.500699421805216, -0.2462297476946404 51.50397643052238))",0,True,True,True,4
88194ad18bfffff,437,437,8,0,51.416623266629536,-0.0914604708139619,531.415,"POLYGON ((-0.0902358472678975 51.42110070529588, -0.0969325514490756 51.419905604588436, -0.0981566964516439 51.415427913466736, -0.0926849157856191 51.41214559099099, -0.0859892753773455 51.413340733552985, -0.0847643519732986 51.417818156721175, -0.0902358472678975 51.42110070529588))",0,True,True,True,0
88194ada8bfffff,438,438,8,0,51.43120798483065,-0.1766880957882058,531.415,"POLYGON ((-0.1754689313136572 51.43568729660559, -0.1821704687043264 51.4344874735029, -0.1833891535172348 51.430007909574314, -0.177907082296579 51.4267284359692, -0.1712066087272631 51.42792829961921, -0.1699871426682685 51.43240759631186, -0.1754689313136572 51.43568729660559))",0,True,True,True,0
88194ad0e1fffff,439,439,8,0,51.42169376934011,-0.0391227966129041,531.415,"POLYGON ((-0.0378945255533678 51.42616942443591, -0.0445898917657767 51.42497777482009, -0.0458176847360015 51.42050186705908, -0.0403508886387458 51.417217877211456, -0.0336565866839867 51.418409569421655, -0.0324280166800626 51.422885208870156, -0.0378945255533678 51.42616942443591))",0,True,True,True,0
88194ad1dbfffff,440,440,8,0,51.41811667409764,-0.0592077848320981,531.415,"POLYGON ((-0.0579809481878543 51.42259308710566, -0.0646766380369931 51.421400048933826, -0.065902996444672 51.416923383344006, -0.0604344426289746 51.41364002409525, -0.0537398167914109 51.41483310458485, -0.0525126808691248 51.41930950199047, -0.0579809481878543 51.42259308710566))",0,True,True,True,5
88194ada33fffff,441,441,8,0,51.46071629261102,-0.2260613565346902,531.415,"POLYGON ((-0.2248449124327949 51.465195738128784, -0.2315517072894674 51.46399400685782, -0.2327676707300554 51.4595143093236, -0.2272776228938101 51.456236609744145, -0.2205718926631906 51.45743838071029, -0.2193551457538685 51.46191781154543, -0.2248449124327949 51.465195738128784))",0,True,True,True,3
88194ada65fffff,442,442,8,0,51.50725324069897,-0.251726356699849,531.415,"POLYGON ((-0.2505106659505359 51.51173134735508, -0.2572238540906787 51.51052985221093, -0.2584390631336561 51.506051493553414, -0.2529418696292708 51.50277489626739, -0.2462297476946404 51.50397643052238, -0.2450137531702151 51.50845452293719, -0.2505106659505359 51.51173134735508))",0,True,True,True,6
88194adae3fffff,443,443,8,0,51.44312383657068,-0.205326297880084,531.415,"POLYGON ((-0.2041088212068916 51.447603460323755, -0.210812799412057 51.446402325844616, -0.2120297959310247 51.44192245002687, -0.2065435967487728 51.43864397562722, -0.1998406826388259 51.439845150182855, -0.1986229037269654 51.44432475904639, -0.2041088212068916 51.447603460323755))",0,True,True,True,5
88194ad0c5fffff,444,444,8,0,51.42526669982398,-0.0190387821058101,531.415,"POLYGON ((-0.0178090770733537 51.42974159675768, -0.0245041180269313 51.428551335368034, -0.0257333451176382 51.42407618568588, -0.0202683079183726 51.420791565819016, -0.0135743314677239 51.4219818700796, -0.012344327824684 51.4264567513212, -0.0178090770733537 51.42974159675768))",0,True,True,True,0
88194ad1d7fffff,445,445,8,0,51.41453541310821,-0.0792937418975658,531.415,"POLYGON ((-0.0780683401100249 51.419012583778084, -0.0847643519732986 51.417818156721175, -0.0859892753773455 51.413340733552985, -0.080518965024205 51.410058005482455, -0.0738240169255902 51.41125247458056, -0.0725983155265893 51.41572962969302, -0.0780683401100249 51.419012583778084))",0,True,True,True,8
88195da5b9fffff,446,446,8,0,51.52844090837734,-0.252361239591827,531.415,"POLYGON ((-0.2511451411956621 51.53291807759383, -0.2578608418258204 51.53171737753588, -0.2590764581518371 51.52723995628229, -0.2535771600414496 51.523963501188966, -0.2468625264038206 51.5251642402523, -0.2456461239955151 51.529641395388154, -0.2511451411956621 51.53291807759383))",0,True,True,True,2
88194ad1a1fffff,447,447,8,0,51.4172042415684,-0.1358935593024888,531.415,"POLYGON ((-0.1346719301950113 51.421682972945234, -0.1413703352013826 51.42048513408383, -0.142591485299484 51.41600615042151, -0.1371150101958971 51.41272527322527, -0.130417668728542 51.41392315329122, -0.1291957389367778 51.41840186933375, -0.1346719301950113 51.421682972945234))",0,True,True,True,1
88194ada81fffff,448,448,8,0,51.433287186560825,-0.188872110571641,531.415,"POLYGON ((-0.1876537275899492 51.43776676551215, -0.1943559535740896 51.436566266804945, -0.1955738567346647 51.43208643574328, -0.1900903156744602 51.428807370506654, -0.1833891535172348 51.430007909574314, -0.1821704687043264 51.4344874735029, -0.1876537275899492 51.43776676551215))",0,True,True,True,3
88195da581fffff,449,449,8,0,51.54187170194401,-0.2487124104118189,531.415,"POLYGON ((-0.2474957779481728 51.54634815699414, -0.2542129251676551 51.54514821312406, -0.2554290753716968 51.54067150599855, -0.2499288648149867 51.53739500879664, -0.2432127851119262 51.5385949916642, -0.2419958485607157 51.54307143272076, -0.2474957779481728 51.54634815699414))",0,True,True,True,2
88194ad1abfffff,450,450,8,0,51.41512057003991,-0.1237204330243645,531.415,"POLYGON ((-0.1224980243829317 51.41959903375387, -0.1291957389367778 51.41840186933375, -0.130417668728542 51.41392315329122, -0.1249426633649056 51.41064186937598, -0.1182460123430212 51.411839075187345, -0.1170233032638531 51.416317523507615, -0.1224980243829317 51.41959903375387))",0,True,True,True,3
88194ad1a5fffff,451,451,8,0,51.41928683177666,-0.14806884570709,531.415,"POLYGON ((-0.146847996539829 51.42376583071386, -0.1535470915332634 51.42256731716698, -0.1547674615315247 51.41808806598744, -0.1492895167472058 51.41480759585684, -0.142591485299484 51.41600615042151, -0.1413703352013826 51.42048513408383, -0.146847996539829 51.42376583071386))",0,True,True,True,1
88194adae5fffff,452,452,8,0,51.45295871255523,-0.2217884618048113,531.415,"POLYGON ((-0.2205718926631906 51.45743838071029, -0.2272776228938101 51.456236609744145, -0.2284937115480166 51.45175668957022, -0.2230048532165568 51.44847880712226, -0.2163001873489314 51.44968061788076, -0.2150833155608245 51.45416027127958, -0.2205718926631906 51.45743838071029))",0,True,True,True,1
88195da5b3fffff,453,453,8,0,51.51500797306394,-0.2560084672529403,531.415,"POLYGON ((-0.2547929025825194 51.51948585607056, -0.2615071571916321 51.51828439993962, -0.2627222399812759 51.513806264934196, -0.2572238540906787 51.51052985221093, -0.2505106659505359 51.51173134735508, -0.2492947973433896 51.51620921619394, -0.2547929025825194 51.51948585607056))",0,True,True,True,4
88194ad187fffff,454,454,8,0,51.41303581778203,-0.1115494673965853,531.415,"POLYGON ((-0.1103262796275046 51.417514013730695, -0.1170233032638531 51.416317523507615, -0.1182460123430212 51.411839075187345, -0.1127724767780381 51.40855738489975, -0.1060765166663101 51.409753916700744, -0.1048530287059768 51.41423209719638, -0.1103262796275046 51.417514013730695))",0,True,True,True,0
88194ada99fffff,455,455,8,0,51.42136834007386,-0.160246291713325,531.415,"POLYGON ((-0.1590262228925312 51.42584760646879, -0.1657260074071019 51.424648417992366, -0.1669455968993313 51.42016889939826, -0.1614661824940096 51.41688883668, -0.1547674615315247 51.41808806598744, -0.1535470915332634 51.42256731716698, -0.1590262228925312 51.42584760646879))",0,True,True,True,6
88194ad0e7fffff,456,456,8,0,51.41602572227807,-0.0470452987346003,531.415,"POLYGON ((-0.0458176847360015 51.42050186705908, -0.0525126808691248 51.41930950199047, -0.0537398167914109 51.41483310458485, -0.0482727337996044 51.41154934051904, -0.0415788016688967 51.412741748091975, -0.0403508886387458 51.417217877211456, -0.0458176847360015 51.42050186705908))",0,True,True,True,6
88194ada23fffff,457,457,8,0,51.478305466239085,-0.2468128504830858,531.415,"POLYGON ((-0.2455974412914062 51.48278473253534, -0.2523070533997352 51.48158240309103, -0.2535219814226106 51.47710288482676, -0.2480280819941478 51.47382596243519, -0.2413195350421244 51.47502833119293, -0.2401038224734407 51.47950758301345, -0.2455974412914062 51.48278473253534))",0,True,True,True,2
88194ada21fffff,458,458,8,0,51.48606168381853,-0.251091947721303,531.415,"POLYGON ((-0.2498766643494787 51.49054072696736, -0.2565873418771947 51.48933843673902, -0.2578021439060739 51.48485914162469, -0.2523070533997352 51.48158240309103, -0.2455974412914062 51.48278473253534, -0.2443818543812382 51.48726376128205, -0.2498766643494787 51.49054072696736))",0,True,True,True,2
88194ad1d3fffff,459,459,8,0,51.41244648077266,-0.0671291760670966,531.415,"POLYGON ((-0.065902996444672 51.416923383344006, -0.0725983155265893 51.41572962969302, -0.0738240169255902 51.41125247458056, -0.0683551769422929 51.407969341261825, -0.0616609216164568 51.409163137140546, -0.0604344426289746 51.41364002409525, -0.065902996444672 51.416923383344006))",0,True,True,True,0
88194ad0ebfffff,460,460,8,0,51.41960079894526,-0.0269623930504959,531.415,"POLYGON ((-0.0257333451176382 51.42407618568588, -0.0324280166800626 51.422885208870156, -0.0336565866839867 51.418409569421655, -0.0281912618635411 51.4151251751882, -0.0214976545490865 51.4163161947848, -0.0202683079183726 51.420791565819016, -0.0257333451176382 51.42407618568588))",0,True,True,True,0
88194ada35fffff,461,461,8,0,51.47054884189387,-0.2425350699051442,531.415,"POLYGON ((-0.2413195350421244 51.47502833119293, -0.2480280819941478 51.47382596243519, -0.2492431358624793 51.46934622116565, -0.2437504271003673 51.466069115158305, -0.2370429450415885 51.46727152332675, -0.2358271069628074 51.47175099807648, -0.2413195350421244 51.47502833119293))",0,True,True,True,2
88194ada2dfffff,463,463,8,0,51.49381749424551,-0.2553723621800294,531.415,"POLYGON ((-0.254157204776688 51.49829631410227, -0.2608689479869691 51.4970940629924, -0.262083623873123 51.49261499117271, -0.2565873418771947 51.48933843673902, -0.2498766643494787 51.49054072696736, -0.2486612032463672 51.49501953249557, -0.254157204776688 51.49829631410227))",7,True,True,True,24
89194ada2d3ffff,463,463-4,9,1,51.49654857661879,-0.25371922569299743,200.821,"POLYGON ((-0.254157204776688 51.49829631410227, -0.2562484203532926 51.497313034079134, -0.2558103770594561 51.49556527530518, -0.2532812750200819 51.49480081684919, -0.2511901533237076 51.49578407608865, -0.2516280397868204 51.49753181456634, -0.254157204776688 51.49829631410227))",0,True,True,,3
89194ada2d7ffff,463,463-5,9,1,51.494036315327506,-0.25075229526493753,200.821,"POLYGON ((-0.2511901533237076 51.49578407608865, -0.2532812750200819 51.49480081684919, -0.252843352755149 51.49305303479654, -0.2503144656077388 51.49228853228601, -0.2482234377949871 51.49327177074697, -0.2486612032463672 51.49501953249557, -0.2511901533237076 51.49578407608865))",0,True,True,,4
89194ada2c7ffff,463,463-1,9,1,51.49130523046402,-0.252405458895494,200.821,"POLYGON ((-0.252843352755149 51.49305303479654, -0.2549343757123176 51.49206969090325, -0.254496417653564 51.49032186528156, -0.2519675934384631 51.48955740385478, -0.2498766643494685 51.490540726967374, -0.2503144656077388 51.49228853228601, -0.252843352755149 51.49305303479654))",0,True,True,,3
88194ad183fffff,464,464,8,0,51.410949985385706,-0.0993806629420399,531.415,"POLYGON ((-0.0981566964516439 51.415427913466736, -0.1048530287059768 51.41423209719638, -0.1060765166663101 51.409753916700744, -0.1006044509582041 51.4064718203874, -0.0939091822207979 51.40766767842231, -0.0926849157856191 51.41214559099099, -0.0981566964516439 51.415427913466736))",0,True,True,True,0
88194ada9dfffff,465,465,8,0,51.42344876586925,-0.172425896795401,531.415,"POLYGON ((-0.1712066087272631 51.42792829961921, -0.177907082296579 51.4267284359692, -0.1791258908766517 51.42224865006323, -0.1736450069105519 51.418968995104, -0.1669455968993313 51.42016889939826, -0.1657260074071019 51.424648417992366, -0.1712066087272631 51.42792829961921))",0,True,True,True,7
88194ada85fffff,466,466,8,0,51.43536530415806,-0.2010582837213815,531.415,"POLYGON ((-0.1998406826388259 51.439845150182855, -0.2065435967487728 51.43864397562722, -0.2077607178508249 51.43416387753538, -0.2022757070124589 51.4308852210141, -0.1955738567346647 51.43208643574328, -0.1943559535740896 51.436566266804945, -0.1998406826388259 51.439845150182855))",0,True,True,True,4
88194adae7fffff,467,467,8,0,51.44520072723317,-0.2175168813822516,531.415,"POLYGON ((-0.2163001873489314 51.44968061788076, -0.2230048532165568 51.44847880712226, -0.2242210669363054 51.44399866445338, -0.2187333976986738 51.44072059937888, -0.2120297959310247 51.44192245002687, -0.210812799412057 51.446402325844616, -0.2163001873489314 51.44968061788076))",0,True,True,True,0
88194ada37fffff,468,468,8,0,51.46279181116964,-0.2382586054275565,531.415,"POLYGON ((-0.2370429450415885 51.46727152332675, -0.2437504271003673 51.466069115158305, -0.244965606665656 51.46158915102823, -0.2394740881585586 51.458311861647125, -0.2327676707300554 51.4595143093236, -0.2315517072894674 51.46399400685782, -0.2370429450415885 51.46727152332675))",0,True,True,True,1
88195da587fffff,469,469,8,0,51.53619456078856,-0.2566450475784211,531.415,"POLYGON ((-0.2554290753716968 51.54067150599855, -0.2621458432580963 51.53947084484821, -0.2633613332200472 51.53499364760378, -0.2578608418258204 51.53171737753588, -0.2511451411956621 51.53291807759383, -0.2499288648149867 51.53739500879664, -0.2554290753716968 51.54067150599855))",0,True,True,True,2
88195da5b1fffff,470,470,8,0,51.52276229706959,-0.260291896594456,531.415,"POLYGON ((-0.2590764581518371 51.52723995628229, -0.2657917794934129 51.526038539066874, -0.2670067358807525 51.52156062785803, -0.2615071571916321 51.51828439993962, -0.2547929025825194 51.51948585607056, -0.2535771600414496 51.523963501188966, -0.2590764581518371 51.52723995628229))",0,True,True,True,4
88194ada83fffff,473,473,8,0,51.42552810857208,-0.184607660426524,531.415,"POLYGON ((-0.1833891535172348 51.430007909574314, -0.1900903156744602 51.428807370506654, -0.1913083429362632 51.42432731739171, -0.1858259894700858 51.421048070538234, -0.1791258908766517 51.42224865006323, -0.177907082296579 51.4267284359692, -0.1833891535172348 51.430007909574314))",0,True,True,True,0
88194ad859fffff,474,474,8,0,51.45503437445315,-0.2339834564906709,531.415,"POLYGON ((-0.2327676707300554 51.4595143093236, -0.2394740881585586 51.458311861647125, -0.2406893932724482 51.45383167480127, -0.2351990646091978 51.4505542022885, -0.2284937115480166 51.45175668957022, -0.2272776228938101 51.456236609744145, -0.2327676707300554 51.4595143093236))",0,True,True,True,0
88194ad0e3fffff,475,475,8,0,51.41393369296949,-0.0348849776301712,531.415,"POLYGON ((-0.0336565866839867 51.418409569421655, -0.0403508886387458 51.417217877211456, -0.0415788016688967 51.412741748091975, -0.0361131895566046 51.40945757955574, -0.0294199515948063 51.410649314456734, -0.0281912618635411 51.4151251751882, -0.0336565866839867 51.418409569421655))",0,True,True,True,0
88194adb59fffff,476,476,8,0,51.509327892095214,-0.2639371450013449,531.415,"POLYGON ((-0.2627222399812759 51.513806264934196, -0.2694361153463743 51.51260409176872, -0.2706505385005272 51.508125466971954, -0.2651518722897109 51.50484928146453, -0.2584390631336561 51.506051493553414, -0.2572238540906787 51.51052985221093, -0.2627222399812759 51.513806264934196))",0,True,True,True,4
88194adaa9fffff,477,477,8,0,51.43744233703157,-0.2132466147081921,531.415,"POLYGON ((-0.2120297959310247 51.44192245002687, -0.2187333976986738 51.44072059937888, -0.2199497363360056 51.43624023435995, -0.2144632557814029 51.43296198690084, -0.2077607178508249 51.43416387753538, -0.2065435967487728 51.43864397562722, -0.2120297959310247 51.44192245002687))",0,True,True,True,2
88194ad1a7fffff,478,478,8,0,51.41152692980578,-0.1438124572459087,531.415,"POLYGON ((-0.142591485299484 51.41600615042151, -0.1492895167472058 51.41480759585684, -0.150510009698044 51.41032812299652, -0.145033251078519 51.40704747227875, -0.1383362829131171 51.408246067957954, -0.1371150101958971 51.41272527322527, -0.142591485299484 51.41600615042151))",0,True,True,True,0
88194ad1a3fffff,479,479,8,0,51.40944420031161,-0.1316394202817453,531.415,"POLYGON ((-0.130417668728542 51.41392315329122, -0.1371150101958971 51.41272527322527, -0.1383362829131171 51.408246067957954, -0.1328609936342887 51.40496501043702, -0.126164715442434 51.40616293180421, -0.1249426633649056 51.41064186937598, -0.130417668728542 51.41392315329122))",0,True,True,True,0
88194ada9bfffff,481,481,8,0,51.413608577838176,-0.1559876534650444,531.415,"POLYGON ((-0.1547674615315247 51.41808806598744, -0.1614661824940096 51.41688883668, -0.1626858952724389 51.41240909632926, -0.1572076673717478 51.40912885276125, -0.150510009698044 51.41032812299652, -0.1492895167472058 51.41480759585684, -0.1547674615315247 51.41808806598744))",0,True,True,True,1
88195da5bdfffff,482,482,8,0,51.53051621232941,-0.2645766452858313,531.415,"POLYGON ((-0.2633613332200472 51.53499364760378, -0.2700777215576607 51.533792269206224, -0.2712925513935667 51.52931458193835, -0.2657917794934129 51.526038539066874, -0.2590764581518371 51.52723995628229, -0.2578608418258204 51.53171737753588, -0.2633613332200472 51.53499364760378))",0,True,True,True,11
88194ad1bdfffff,483,483,8,0,51.40736038994635,-0.1194685430968812,531.415,"POLYGON ((-0.1182460123430212 51.411839075187345, -0.1249426633649056 51.41064186937598, -0.126164715442434 51.40616293180421, -0.1206908955633274 51.4028814678267, -0.1139953078098014 51.40407871512596, -0.1127724767780381 51.40855738489975, -0.1182460123430212 51.411839075187345))",0,True,True,True,7
88194ada87fffff,484,484,8,0,51.42760636759164,-0.1967915820789851,531.415,"POLYGON ((-0.1955738567346647 51.43208643574328, -0.2022757070124589 51.4308852210141, -0.2034929525499213 51.42640490079309, -0.198009129644904 51.42312606239208, -0.1913083429362632 51.42432731739171, -0.1900903156744602 51.428807370506654, -0.1955738567346647 51.43208643574328))",0,True,True,True,2
88194ad85bfffff,485,485,8,0,51.44727653213122,-0.2297096225351525,531.415,"POLYGON ((-0.2284937115480166 51.45175668957022, -0.2351990646091978 51.4505542022885, -0.2364144951234497 51.44607379287167, -0.2309253558930366 51.44279613746925, -0.2242210669363054 51.44399866445338, -0.2230048532165568 51.44847880712226, -0.2284937115480166 51.45175668957022))",0,True,True,True,0
88194ad849fffff,486,486,8,0,51.47262312906773,-0.2547367318278523,531.415,"POLYGON ((-0.2535219814226106 51.47710288482676, -0.2602312151104499 51.47589983874048, -0.2614454843616414 51.4714198310545, -0.2559513046532776 51.46814313585588, -0.2492431358624793 51.46934622116565, -0.2480280819941478 51.47382596243519, -0.2535219814226106 51.47710288482676))",0,True,True,True,7
88194ada91fffff,487,487,8,0,51.4156891438181,-0.1681650084139272,531.415,"POLYGON ((-0.1669455968993313 51.42016889939826, -0.1736450069105519 51.418968995104, -0.1748639391105665 51.41448898736557, -0.1693842419887348 51.41120915129395, -0.1626858952724389 51.41240909632926, -0.1614661824940096 51.41688883668, -0.1669455968993313 51.42016889939826))",0,True,True,True,0
88195da5b7fffff,488,488,8,0,51.51708247874469,-0.2682215144857758,531.415,"POLYGON ((-0.2670067358807525 51.52156062785803, -0.2737216777182249 51.52035849351828, -0.2749359742828408 51.5158800924498, -0.2694361153463743 51.51260409176872, -0.2627222399812759 51.513806264934196, -0.2615071571916321 51.51828439993962, -0.2670067358807525 51.52156062785803))",0,True,True,True,1
88194ad84bfffff,489,489,8,0,51.46486624247248,-0.2504580121259026,531.415,"POLYGON ((-0.2492431358624793 51.46934622116565, -0.2559513046532776 51.46814313585588, -0.2571656999367354 51.46366290523326, -0.2516727108223072 51.460386026397615, -0.244965606665656 51.46158915102823, -0.2437504271003673 51.466069115158305, -0.2492431358624793 51.46934622116565))",0,True,True,True,0
88194ada95fffff,490,490,8,0,51.41776862715491,-0.1803445215662599,531.415,"POLYGON ((-0.1791258908766517 51.42224865006323, -0.1858259894700858 51.421048070538234, -0.1870441406857065 51.416567795514915, -0.1815629744032557 51.41328836728635, -0.1748639391105665 51.41448898736557, -0.1736450069105519 51.418968995104, -0.1791258908766517 51.42224865006323))",0,True,True,True,12
88194adaabfffff,491,491,8,0,51.42968354233727,-0.2089776612240686,531.415,"POLYGON ((-0.2077607178508249 51.43416387753538, -0.2144632557814029 51.43296198690084, -0.2156797191884914 51.42848139967672, -0.210194426906328 51.42520297007499, -0.2034929525499213 51.42640490079309, -0.2022757070124589 51.4308852210141, -0.2077607178508249 51.43416387753538))",0,True,True,True,0
88194ad85dfffff,492,492,8,0,51.45710894954564,-0.2461806086388487,531.415,"POLYGON ((-0.244965606665656 51.46158915102823, -0.2516727108223072 51.460386026397615, -0.2528872319894972 51.45590557298309, -0.2473954330577904 51.45262851075253, -0.2406893932724482 51.45383167480127, -0.2394740881585586 51.458311861647125, -0.244965606665656 51.46158915102823))",0,True,True,True,0
88194adaadfffff,493,493,8,0,51.439518284590704,-0.2254371030018756,531.415,"POLYGON ((-0.2242210669363054 51.44399866445338, -0.2309253558930366 51.44279613746925, -0.2321409116595243 51.43831550562633, -0.2266529614511126 51.43503766757625, -0.2199497363360056 51.43624023435995, -0.2187333976986738 51.44072059937888, -0.2242210669363054 51.44399866445338))",0,True,True,True,0
88194ad851fffff,494,494,8,0,51.44935125067409,-0.2419045208070547,531.415,"POLYGON ((-0.2406893932724482 51.45383167480127, -0.2473954330577904 51.45262851075253, -0.2486100799602808 51.44814783469101, -0.2431194708002186 51.4448705893076, -0.2364144951234497 51.44607379287167, -0.2351990646091978 51.4505542022885, -0.2406893932724482 51.45383167480127))",0,True,True,True,3
88194ac349fffff,495,495,8,0,51.40376662580857,-0.1395573774920208,531.415,"POLYGON ((-0.1383362829131171 51.408246067957954, -0.145033251078519 51.40704747227875, -0.1462538668351833 51.40256777788255, -0.1407782939704763 51.3992869468192, -0.1340823888240439 51.400485583709596, -0.1328609936342887 51.40496501043702, -0.1383362829131171 51.408246067957954))",0,True,True,True,0
88194ac34dfffff,496,496,8,0,51.40584841323777,-0.1517303245974731,531.415,"POLYGON ((-0.150510009698044 51.41032812299652, -0.1572076673717478 51.40912885276125, -0.1584275032894487 51.404648890798846, -0.1529504614833379 51.40136846662278, -0.1462538668351833 51.40256777788255, -0.145033251078519 51.40704747227875, -0.150510009698044 51.41032812299652))",0,True,True,True,0
88194ad1b5fffff,497,497,8,0,51.40168375736668,-0.1273865892948608,531.415,"POLYGON ((-0.126164715442434 51.40616293180421, -0.1328609936342887 51.40496501043702, -0.1340823888240439 51.400485583709596, -0.1286082849600471 51.397204346105546, -0.1219130697802243 51.39840230887055, -0.1206908955633274 51.4028814678267, -0.126164715442434 51.40616293180421))",0,True,True,True,0
88194adaa1fffff,498,498,8,0,51.43175963221843,-0.2211658973321023,531.415,"POLYGON ((-0.2199497363360056 51.43624023435995, -0.2266529614511126 51.43503766757625, -0.2278686423218012 51.43055681345216, -0.2223818807247385 51.427278792996454, -0.2156797191884914 51.42848139967672, -0.2144632557814029 51.43296198690084, -0.2199497363360056 51.43624023435995))",0,True,True,True,0
88194ad853fffff,499,499,8,0,51.44159314624476,-0.2376297480712416,531.415,"POLYGON ((-0.2364144951234497 51.44607379287167, -0.2431194708002186 51.4448705893076, -0.2443342432897358 51.44038969074391, -0.2388448234904253 51.437112262449766, -0.2321409116595243 51.43831550562633, -0.2309253558930366 51.44279613746925, -0.2364144951234497 51.44607379287167))",0,True,True,True,0
88194ad841fffff,500,500,8,0,51.46693958592856,-0.2626595760959978,531.415,"POLYGON ((-0.2614454843616414 51.4714198310545, -0.2681543394139272 51.470216068359576, -0.269367950009087 51.465735571347786, -0.2638734903513387 51.462459103404704, -0.2571656999367354 51.46366290523326, -0.2559513046532776 51.46814313585588, -0.2614454843616414 51.4714198310545))",0,True,True,True,9
88194ad843fffff,501,501,8,0,51.45918243724183,-0.2583799177160758,531.415,"POLYGON ((-0.2571656999367354 51.46366290523326, -0.2638734903513387 51.462459103404704, -0.265087227165475 51.457978383524946, -0.2595939580291146 51.45470173192363, -0.2528872319894972 51.45590557298309, -0.2516727108223072 51.460386026397615, -0.2571656999367354 51.46366290523326))",0,True,True,True,0
88194ad855fffff,502,502,8,0,51.451424882271,-0.2541015756653085,531.415,"POLYGON ((-0.2528872319894972 51.45590557298309, -0.2595939580291146 51.45470173192363, -0.2608078209136686 51.45022078932071, -0.2553157418875577 51.446943954303336, -0.2486100799602808 51.44814783469101, -0.2473954330577904 51.45262851075253, -0.2528872319894972 51.45590557298309))",0,True,True,True,0
88194adaa5fffff,503,503,8,0,51.43383463664456,-0.2333562898724059,531.415,"POLYGON ((-0.2321409116595243 51.43831550562633, -0.2388448234904253 51.437112262449766, -0.2400597214187875 51.43263114152884, -0.2345714905695139 51.42935353056599, -0.2278686423218012 51.43055681345216, -0.2266529614511126 51.43503766757625, -0.2321409116595243 51.43831550562633))",0,True,True,True,0
88194ad857fffff,504,504,8,0,51.443666921403086,-0.2498245493841722,531.415,"POLYGON ((-0.2486100799602808 51.44814783469101, -0.2553157418875577 51.446943954303336, -0.2565297306940425 51.44246278912219, -0.2510388413672468 51.439185770930834, -0.2443342432897358 51.44038969074391, -0.2431194708002186 51.4448705893076, -0.2486100799602808 51.44814783469101))",0,True,True,True,0
88194adaa7fffff,505,505,8,0,51.426075722260464,-0.2290841456517992,531.415,"POLYGON ((-0.2278686423218012 51.43055681345216, -0.2345714905695139 51.42935353056599, -0.2357865137886309 51.42487218743278, -0.2302994714788634 51.421594394043304, -0.2235976865517665 51.422797716736085, -0.2223818807247385 51.427278792996454, -0.2278686423218012 51.43055681345216))",0,True,True,True,2
88194ad847fffff,506,506,8,0,51.46125483695096,-0.2705813831881846,531.415,"POLYGON ((-0.269367950009087 51.465735571347786, -0.2760764262109555 51.464531092077664, -0.2772893782657384 51.460050105836075, -0.271794638989037 51.456773865211076, -0.265087227165475 51.457978383524946, -0.2638734903513387 51.462459103404704, -0.269367950009087 51.465735571347786))",0,True,True,True,5
88194ad819fffff,507,507,8,0,51.43590855502508,-0.2455488383134341,531.415,"POLYGON ((-0.2443342432897358 51.44038969074391, -0.2510388413672468 51.439185770930834, -0.2522529559473179 51.43470438331636, -0.246763255909081 51.43142718219322, -0.2400597214187875 51.43263114152884, -0.2388448234904253 51.437112262449766, -0.2443342432897358 51.44038969074391))",0,True,True,True,0
88194ad809fffff,508,508,8,0,51.453497426331296,-0.2663007865762388,531.415,"POLYGON ((-0.265087227165475 51.457978383524946, -0.271794638989037 51.456773865211076, -0.2730077174494524 51.45229265617022, -0.2675141686214332 51.44901623186583, -0.2608078209136686 51.45022078932071, -0.2595939580291146 51.45470173192363, -0.265087227165475 51.457978383524946))",0,True,True,True,0
88194ad80bfffff,509,509,8,0,51.44573960947517,-0.262021506407515,531.415,"POLYGON ((-0.2608078209136686 51.45022078932071, -0.2675141686214332 51.44901623186583, -0.2687273733388266 51.444534800170594, -0.2632350145484986 51.44125819242898, -0.2565297306940425 51.44246278912219, -0.2553157418875577 51.446943954303336, -0.2608078209136686 51.45022078932071))",0,True,True,True,0
88194ad81bfffff,510,510,8,0,51.42814978352406,-0.2412744418941007,531.415,"POLYGON ((-0.2400597214187875 51.43263114152884, -0.246763255909081 51.43142718219322, -0.2479774961144812 51.42694557229038, -0.2424889849541846 51.42366818847751, -0.2357865137886309 51.42487218743278, -0.2345714905695139 51.42935353056599, -0.2400597214187875 51.43263114152884))",0,True,True,True,0
88194ad81dfffff,511,511,8,0,51.43798138676959,-0.257743542122556,531.415,"POLYGON ((-0.2565297306940425 51.44246278912219, -0.2632350145484986 51.44125819242898, -0.2644483453743786 51.43677653822431, -0.2589571762108986 51.43349974728769, -0.2522529559473179 51.43470438331636, -0.2510388413672468 51.439185770930834, -0.2565297306940425 51.44246278912219))",0,True,True,True,0
88194ad811fffff,512,512,8,0,51.43022275860176,-0.2534668931621446,531.415,"POLYGON ((-0.2522529559473179 51.43470438331636, -0.2589571762108986 51.43349974728769, -0.2601706329968099 51.42901787071857, -0.2546806530495126 51.4257408968291, -0.2479774961144812 51.42694557229038, -0.246763255909081 51.43142718219322, -0.2522529559473179 51.43470438331636))",0,True,True,True,0
88194ad803fffff,513,513,8,0,51.44005313128764,-0.2699404007662496,531.415,"POLYGON ((-0.2687273733388266 51.444534800170594, -0.2754333425001142 51.44332952635377, -0.276645889165942 51.43884760566233, -0.2711532509414071 51.435571225259125, -0.2644483453743786 51.43677653822431, -0.2632350145484986 51.44125819242898, -0.2687273733388266 51.444534800170594))",0,True,True,True,0
88194ad813fffff,514,514,8,0,51.42246372535874,-0.2491915589673995,531.415,"POLYGON ((-0.2479774961144812 51.42694557229038, -0.2546806530495126 51.4257408968291, -0.2558942356471934 51.42125879804058, -0.2504054445056127 51.4179816414404, -0.2437033506367938 51.419186356431375, -0.2424889849541846 51.42366818847751, -0.2479774961144812 51.42694557229038))",0,True,True,True,0
88194ad815fffff,515,515,8,0,51.43229464690322,-0.2656614989229053,531.415,"POLYGON ((-0.2644483453743786 51.43677653822431, -0.2711532509414071 51.435571225259125, -0.2723659239021219 51.43108908212713, -0.266874475231876 51.42781251850785, -0.2601706329968099 51.42901787071857, -0.2589571762108986 51.43349974728769, -0.2644483453743786 51.43677653822431))",0,True,True,True,0
88194ad817fffff,516,516,8,0,51.42453575710436,-0.2613839125180666,531.415,"POLYGON ((-0.2601706329968099 51.42901787071857, -0.266874475231876 51.42781251850785, -0.2680872743390129 51.42333015308031, -0.2625970148124417 51.420053406487206, -0.2558942356471934 51.42125879804058, -0.2546806530495126 51.4257408968291, -0.2601706329968099 51.42901787071857))",0,True,True,True,0
